municipio,region,year,p05,p10,p25,p50,p75,p90,p95,scenario,baseline_p50,abs_impact_vs_baseline,pct_impact_vs_baseline
Adjuntas,Central Mountains,2030,14625.117395854344,14844.451770284733,15319.061834836712,15952.865950878464,16460.598258238017,16917.107130235632,17141.417046135677,baseline,15952.865950878464,0.0,0.0
Aguada,West,2030,30745.96809678845,31506.444728679246,32341.50913280094,33314.010737823926,34593.95427488126,35519.19353322008,36201.81299524095,baseline,33314.010737823926,0.0,0.0
Aguadilla,West,2030,41001.495932470934,42363.34055362464,44718.11738639607,47699.875745195975,50832.16244558774,53501.82109383858,56373.67241153099,baseline,47699.875745195975,0.0,0.0
Aguas Buenas,Central Mountains,2030,19839.323990865032,20045.816538619725,20502.790313126556,20980.210019320573,21397.19420753859,21827.48918307458,22122.564599604288,baseline,20980.210019320573,0.0,0.0
Aibonito,Central Mountains,2030,17953.841755895657,18670.20358994601,19985.425324198764,22048.661472905784,23455.369754704217,24995.429817142496,26100.01697731175,baseline,22048.661472905784,0.0,0.0
Arecibo,North,2030,67784.43616308621,69241.37201245718,73235.9063532706,76900.55443330629,80736.17059441988,84232.26738951176,87336.87661237124,baseline,76900.55443330629,0.0,0.0
Arroyo,South,2030,11763.258042238036,12136.637732820396,12752.115495526725,13460.42742016408,14122.0814940538,14618.715887306806,15203.400034428621,baseline,13460.42742016408,0.0,0.0
Añasco,West,2030,21104.79968712389,21323.624037120186,21747.573234855743,22195.246827106355,22754.57459954589,23269.963390566387,23567.344863660535,baseline,22195.246827106355,0.0,0.0
Barceloneta,North,2030,18206.739801162046,18594.571931509272,19220.214209219048,19846.25882618445,20633.418092000204,21396.011991051702,21849.55567314152,baseline,19846.25882618445,0.0,0.0
Barranquitas,Central Mountains,2030,23340.921843950862,23825.3841291166,24843.152212703488,25887.01254667347,26760.389699922613,27637.24202042049,28023.681246580945,baseline,25887.01254667347,0.0,0.0
Bayamón,Metro,2030,138639.40447976676,141446.96714441123,150275.80210347712,160532.46994954243,170964.12820684043,180847.27512982726,187879.10857530858,baseline,160532.46994954243,0.0,0.0
Cabo Rojo,West,2030,39794.329129205544,40094.65940853741,40728.47450384999,41459.86937764862,42309.193142310556,43059.726917221815,43593.099461965685,baseline,41459.86937764862,0.0,0.0
Caguas,East,2030,105178.371346489,106360.99458360055,108740.00321124111,111077.45194095813,113519.6901509538,116657.61002614477,119623.25851302559,baseline,111077.45194095813,0.0,0.0
Camuy,North,2030,25218.929749050538,26152.30554293524,27472.947599675463,28891.288087283578,30491.956209655084,31953.65447169101,32733.034167419384,baseline,28891.288087283578,0.0,0.0
Canóvanas,East,2030,33608.73938557396,34028.76299101286,35523.13087162722,37081.33596547195,38472.628563911436,39744.36157729234,40370.48753327569,baseline,37081.33596547195,0.0,0.0
Carolina,Metro,2030,120597.74574288308,123005.18326241063,128104.01308661938,134149.2318856066,140161.80491134635,145253.1810085013,147693.51369029348,baseline,134149.2318856066,0.0,0.0
Cataño,Metro,2030,18808.353248999814,19083.194592678363,19485.547882653635,19918.13075189707,20290.764482956336,20687.125522726725,20831.858017941013,baseline,19918.13075189707,0.0,0.0
Cayey,Central Mountains,2030,34493.48751540465,34862.8266517076,35476.91078131699,36302.94982756075,37057.09480876758,37855.67514687723,38233.879896509665,baseline,36302.94982756075,0.0,0.0
Ceiba,East,2030,8877.556502990308,9164.685402323319,9542.759848864274,9810.202552540542,10156.181805179043,10481.936433009836,10752.941355732786,baseline,9810.202552540542,0.0,0.0
Ciales,Central Mountains,2030,13081.128906492047,13541.1147873365,14141.302286155,14889.190356690244,15815.9621563923,16627.91278314102,17036.391815733343,baseline,14889.190356690244,0.0,0.0
Cidra,Central Mountains,2030,32283.6355259787,33122.96741942482,33924.79665076164,35228.96885608391,36646.83566915885,37676.1071272564,38520.69173562124,baseline,35228.96885608391,0.0,0.0
Coamo,South,2030,25897.01604648485,26714.09423775698,28291.447541899215,30199.381265419473,32323.53266672685,34338.68020439887,35273.72129883828,baseline,30199.381265419473,0.0,0.0
Comerío,Central Mountains,2030,15835.065299423331,15973.45046030545,16316.8412959915,16675.24541673903,16936.40284928798,17290.33848795907,17472.537126168547,baseline,16675.24541673903,0.0,0.0
Corozal,Central Mountains,2030,27230.234683606366,27829.089531979433,29392.041899902528,30862.680844151786,32260.349978267917,33253.78560325217,34246.49820105665,baseline,30862.680844151786,0.0,0.0
Culebra,East,2030,856.0042271050769,957.4487218651434,1068.241168990402,1276.1573030473644,1481.0676744193447,1652.6977781585783,1808.6285274158286,baseline,1276.1573030473644,0.0,0.0
Dorado,North,2030,29959.515660491765,30450.2639986509,31141.733871255306,31960.122702545574,32656.445494907603,33288.1078569029,33684.13702893389,baseline,31960.122702545574,0.0,0.0
Fajardo,East,2030,23679.3554589293,24454.58621426655,25634.255543219355,27966.732988514363,29970.383295356336,31564.831935856662,33035.99601418462,baseline,27966.732988514363,0.0,0.0
Florida,North,2030,9471.536906709724,9649.303507373115,9869.329600952851,10180.446517300632,10532.628281521029,10733.163439836815,10888.749409324091,baseline,10180.446517300632,0.0,0.0
Guayama,South,2030,27892.443528057443,28667.64469742069,29876.05948629881,31310.15611630006,32498.254902447963,34165.40603068001,34970.48096908315,baseline,31310.15611630006,0.0,0.0
Guayanilla,South,2030,14310.311721837354,14580.008536603278,14873.114028038457,15169.329192088775,15564.635115938816,15935.975918297887,16249.50776286032,baseline,15169.329192088775,0.0,0.0
Guaynabo,Metro,2030,70225.58858991595,72126.90300240474,75949.32945021443,79481.20251783336,83453.65636295994,86860.18108713596,90362.367758638,baseline,79481.20251783336,0.0,0.0
Gurabo,East,2030,27827.326640740586,28931.73487573315,32228.148042145873,35300.660645860924,38186.63788969568,41829.00425589319,43006.47696290439,baseline,35300.660645860924,0.0,0.0
Guánica,West,2030,9828.80691099524,10204.302977951234,10781.770009564469,11336.093861326377,11940.648965704773,12541.697341672558,12902.265948133343,baseline,11336.093861326377,0.0,0.0
Hatillo,North,2030,31637.424711308653,32380.396824743068,33082.653671826396,34038.84591007031,34601.86917445093,35485.41281039597,35912.568778801695,baseline,34038.84591007031,0.0,0.0
Hormigueros,West,2030,13070.12205211203,13220.33254772396,13452.670345240816,13699.09259573791,13972.864488886513,14221.312800783695,14337.02081140106,baseline,13699.09259573791,0.0,0.0
Humacao,East,2030,42468.94858601877,42962.56175317779,43698.40713046487,44514.99323492833,45423.063994945725,46166.916182955625,46805.615097551985,baseline,44514.99323492833,0.0,0.0
Isabela,West,2030,34300.960977614704,34888.55403078961,36212.72735427444,38080.5358018956,39738.42635892467,42040.6046187985,43449.00660067043,baseline,38080.5358018956,0.0,0.0
Jayuya,Central Mountains,2030,11632.256500367283,11959.506704895983,12379.54964822885,12977.014377113084,13589.618636213982,14181.51804491702,14659.173197176839,baseline,12977.014377113084,0.0,0.0
Juana Díaz,South,2030,37465.708230901386,38014.73115114702,39363.5875558941,40903.98531922763,42217.654781700665,43765.1627759319,44720.37622070166,baseline,40903.98531922763,0.0,0.0
Juncos,East,2030,30728.387565303892,31105.238427866563,31825.94572748568,32788.599270624254,33553.88877615271,34353.821211957475,34771.382851184906,baseline,32788.599270624254,0.0,0.0
Lajas,West,2030,18475.67268227587,18783.37573103623,19482.014201054408,20490.376772484007,21409.222690929568,22437.21238389396,23075.67333267411,baseline,20490.376772484007,0.0,0.0
Lares,Central Mountains,2030,18111.462579469222,19210.86433573089,22005.446461611653,24792.896464895806,27465.44456954208,29553.297592415747,31396.604651512014,baseline,24792.896464895806,0.0,0.0
Las Marías,West,2030,6375.565442328667,6480.158703319448,7010.226939828148,7712.702077042254,8460.341555628609,8932.497788766814,9260.738744981816,baseline,7712.702077042254,0.0,0.0
Las Piedras,East,2030,28205.023869597586,28738.356817590615,29735.64618837777,30859.9129568021,32177.67849486418,33271.89996396449,33818.02287528957,baseline,30859.9129568021,0.0,0.0
Loíza,East,2030,19084.274116343822,19287.279855928784,19741.632508017265,20185.110055016186,20562.142442231558,20908.36661505351,21130.06984731673,baseline,20185.110055016186,0.0,0.0
Luquillo,East,2030,14829.90940802946,14992.241224776872,15214.1991416579,15540.505668430615,15916.885139540283,16191.106707685552,16454.824728492058,baseline,15540.505668430615,0.0,0.0
Manatí,North,2030,31163.82327999951,31673.62419156272,33118.88104804818,34581.415510394836,36010.6437503686,37752.592298792966,38610.691852989876,baseline,34581.415510394836,0.0,0.0
Maricao,West,2030,3563.3325671742123,3784.5798982621495,4099.431373286696,4366.886260047407,4748.557035743004,5095.969236923693,5210.723295306436,baseline,4366.886260047407,0.0,0.0
Maunabo,East,2030,8662.136882852823,8809.766587936063,9017.910592345548,9230.55705359378,9510.162516232473,9753.497862071074,9922.712933688037,baseline,9230.55705359378,0.0,0.0
Mayagüez,West,2030,57911.77959161142,59031.980315551475,60277.023089064234,62990.02948100968,64758.390566403905,66840.49049722897,67913.53969469073,baseline,62990.02948100968,0.0,0.0
Moca,West,2030,28439.908543609272,29394.244129945662,30926.890995831192,32923.3049999769,35002.39581604413,36638.762557335394,38483.6565219299,baseline,32923.3049999769,0.0,0.0
Morovis,Central Mountains,2030,22909.85681484849,23340.76417348697,24272.509069834756,25322.345539370246,26177.806352053864,27167.013918659668,27968.764710888983,baseline,25322.345539370246,0.0,0.0
Naguabo,East,2030,17355.3578010553,18048.266640745693,19494.477316232198,20721.265928300436,22118.03505499452,23324.447997374762,23930.553162349053,baseline,20721.265928300436,0.0,0.0
Naranjito,Central Mountains,2030,22695.711466239303,23335.86712997582,24581.1856150744,25783.999348472258,26849.50748925069,27901.5702270955,28656.94740887292,baseline,25783.999348472258,0.0,0.0
Orocovis,Central Mountains,2030,16711.295016275904,17308.87751890702,17892.17769833761,18787.657094377566,19498.01699651727,20311.92558393574,20593.502626151305,baseline,18787.657094377566,0.0,0.0
Patillas,South,2030,13203.318930111252,13347.7376759128,13515.689725602624,13777.058781837808,14066.625490698903,14252.605433878309,14462.591598990275,baseline,13777.058781837808,0.0,0.0
Peñuelas,South,2030,15333.604314650112,15841.591204541823,16417.317443189953,17461.66375473891,18415.513258162355,19458.20302199474,20154.210024064258,baseline,17461.66375473891,0.0,0.0
Ponce,South,2030,106058.44075613453,108755.89377775003,112993.54585837417,117262.51793884183,122368.04288169707,126198.09718213436,128451.33062385894,baseline,117262.51793884183,0.0,0.0
Quebradillas,North,2030,19311.540772562763,19484.80814292571,20118.62327113735,20567.50313735594,21222.111217249447,21598.563880632577,22127.435020411718,baseline,20567.50313735594,0.0,0.0
Rincón,West,2030,11346.200539796228,11743.204240084391,12644.774567358088,13624.697137000683,14631.358955967162,15534.105322093817,16060.557842114938,baseline,13624.697137000683,0.0,0.0
Río Grande,East,2030,38627.63950071525,39021.31693551358,39750.587945853986,40704.07036185092,41859.89825373368,42727.40249794077,42940.369592314666,baseline,40704.07036185092,0.0,0.0
Sabana Grande,West,2030,18100.978102043748,18611.921952340505,19294.986018489977,19896.572091258742,20708.915753785743,21680.602813098856,22079.521738162664,baseline,19896.572091258742,0.0,0.0
Salinas,South,2030,20611.045606368705,20827.54565632368,21496.410715247814,22202.839895178047,23081.269378869834,23732.919620791,24173.180556877953,baseline,22202.839895178047,0.0,0.0
San Germán,West,2030,24613.11658910389,25230.65091351195,26263.109675775668,27549.965657259745,28979.489170230878,29976.378945632023,30821.59218355098,baseline,27549.965657259745,0.0,0.0
San Juan,Metro,2030,261685.71664479325,266557.6623648811,282763.0998654546,296166.01102510456,310216.5719475637,328608.0497234635,337470.71755148197,baseline,296166.01102510456,0.0,0.0
San Lorenzo,East,2030,30423.2123202287,30971.242954098605,31973.91526549116,33400.113573816074,34433.958587695764,35614.49624545095,36201.64214500643,baseline,33400.113573816074,0.0,0.0
San Sebastián,West,2030,29038.977210054833,30062.00683884409,32243.045588778623,35023.33914702061,37137.82210283204,39875.65358359466,41098.51628838942,baseline,35023.33914702061,0.0,0.0
Santa Isabel,South,2030,16134.923207650954,16478.03167665988,17081.655822856257,17741.19365802906,18400.296582392406,18898.864036044673,19245.04076372347,baseline,17741.19365802906,0.0,0.0
Toa Alta,Metro,2030,51168.2048837875,52884.92249427949,55577.59431036558,58924.65510417106,61693.510480817065,64263.35706898904,65809.25393437715,baseline,58924.65510417106,0.0,0.0
Toa Baja,Metro,2030,61054.22471313713,61493.540645503184,62930.89606806741,64497.27837963238,65936.30178362149,67448.42827392848,68689.37908399617,baseline,64497.27837963238,0.0,0.0
Trujillo Alto,Metro,2030,53069.53841272292,54299.80950074627,56728.1201255741,59216.32284574344,61947.73014514303,65040.595171542525,66633.03471859869,baseline,59216.32284574344,0.0,0.0
Utuado,Central Mountains,2030,22544.01494139396,22861.019656625762,23556.324511512717,24429.631811870342,25385.70127998753,26024.197960209352,26467.167822854102,baseline,24429.631811870342,0.0,0.0
Vega Alta,North,2030,29391.89898520978,29709.93449227683,30312.582106843325,31166.141954517374,31821.028998236947,32418.503069509396,33010.94490555972,baseline,31166.141954517374,0.0,0.0
Vega Baja,North,2030,40677.96089945437,41790.08690905126,44306.393677286695,47350.44177620197,50212.03081016903,52772.237652550575,54454.76465497967,baseline,47350.44177620197,0.0,0.0
Vieques,East,2030,6841.963081266884,6876.89920534382,7021.605787455684,7161.343235478324,7278.33354683554,7457.219250317645,7576.685971884781,baseline,7161.343235478324,0.0,0.0
Villalba,South,2030,17711.339449026385,18052.182256296343,18502.072469469244,19128.337337927198,19757.801964225975,20596.878303839338,20809.92109803786,baseline,19128.337337927198,0.0,0.0
Yabucoa,East,2030,24047.27868403144,24503.06532138227,25023.52898341043,25977.28211264608,26913.50821779759,27863.411099182504,28503.341383910883,baseline,25977.28211264608,0.0,0.0
Yauco,South,2030,27314.155959031166,27793.104335996024,28540.25178609239,29244.812164870047,30017.997310363047,30944.91872624946,31482.72319197367,baseline,29244.812164870047,0.0,0.0
Adjuntas,Central Mountains,2030,14289.658198287714,14505.630918333822,14971.449540814032,15593.268320256164,16092.023559061054,16539.904575695946,16760.5025641256,hurricane_cat1,15952.865950878464,-359.59763062230013,-2.2541255704746797
Aguada,West,2030,30075.123921729235,30821.51595218462,31643.86156533067,32598.72281814875,33856.54625995965,34764.56915470485,35435.68902472191,hurricane_cat1,33314.010737823926,-715.2879196751746,-2.1471083902337043
Aguadilla,West,2030,40098.14529823967,41433.516980437686,43746.84263889964,46676.56023856309,49754.15356140134,52370.99545890215,55202.823028342726,hurricane_cat1,47699.875745195975,-1023.3155066328836,-2.1453211159275303
Aguas Buenas,Central Mountains,2030,19388.25015736695,19590.41994609944,20039.20582594836,20507.717080370305,20917.07289070527,21338.990584313506,21629.064503445265,hurricane_cat1,20980.210019320573,-472.4929389502686,-2.25208869937504
Aibonito,Central Mountains,2030,17533.993696471465,18236.805167543826,19526.725940537894,21552.044139904167,22935.06646758822,24448.84853353038,25530.421676165508,hurricane_cat1,22048.661472905784,-496.6173330016172,-2.252369530966218
Arecibo,North,2030,66364.92529847709,67801.7563177355,71730.82064971747,75334.57972331322,79103.85127081408,82543.66691033854,85596.29641499912,hurricane_cat1,76900.55443330629,-1565.9747099930682,-2.0363633546377025
Arroyo,South,2030,11478.314227676547,11843.95164941686,12447.57815633311,13142.3280701344,13791.054552383457,14278.596813567785,14851.400779624131,hurricane_cat1,13460.42742016408,-318.09935002968086,-2.3632187901638213
Añasco,West,2030,20646.54375490237,20862.240718916528,21278.16040666555,21718.703805457542,22268.023267502525,22774.461858404135,23067.15201198273,hurricane_cat1,22195.246827106355,-476.543021648813,-2.1470498857747597
Barceloneta,North,2030,17828.775588458015,18209.81095858833,18826.129876018054,19440.9687105584,20214.77354610691,20965.38887767471,21411.648112010396,hurricane_cat1,19846.25882618445,-405.29011562604865,-2.042148695004034
Barranquitas,Central Mountains,2030,22805.06251667603,23280.18394309354,24279.88288673612,25304.34103080466,26160.940909444413,27023.35512303359,27402.592903969555,hurricane_cat1,25887.01254667347,-582.671515868813,-2.250825640147833
Bayamón,Metro,2030,135583.53631932093,138331.94761058604,147003.72212660516,157079.70102504524,167329.5641832448,177015.34870896355,183940.7866554747,hurricane_cat1,160532.46994954243,-3452.7689244971843,-2.1508227747211746
Cabo Rojo,West,2030,38933.33030290329,39229.24131370163,39851.27380417586,40568.98853774996,41404.13385547855,42140.80523204025,42666.117687976934,hurricane_cat1,41459.86937764862,-890.8808398986585,-2.1487786943654488
Caguas,East,2030,102446.1613721496,103600.37605853209,105931.40168124663,108215.17960208119,110611.75951221642,113687.26807754893,116584.2819396642,hurricane_cat1,111077.45194095813,-2862.2723388769373,-2.5768257093242863
Camuy,North,2030,24691.579163766666,25609.337864712594,26907.12644407086,28301.22007587216,29875.3812123951,31313.89364480486,32080.40926310098,hurricane_cat1,28891.288087283578,-590.0680114114184,-2.0423734989895976
Canóvanas,East,2030,32731.301311280924,33140.38593108735,34603.43946902362,36126.55490118319,37490.682359794235,38735.99278015054,39348.6707509429,hurricane_cat1,37081.33596547195,-954.7810642887634,-2.5748291948752917
Carolina,Metro,2030,117962.21758798817,120320.13327529463,125326.50688672323,131268.38420180453,137177.7231286385,142168.35300973483,144572.90294083543,hurricane_cat1,134149.2318856066,-2880.8476838020724,-2.1474947290482174
Cataño,Metro,2030,18400.393499416845,18670.0262454326,19065.461996650953,19490.64698401324,19856.736266499,20246.314156661967,20388.05341396854,hurricane_cat1,19918.13075189707,-427.4837678838303,-2.1462042458131534
Cayey,Central Mountains,2030,33709.67932330908,34071.40839926909,34674.49938052804,35484.94322397445,36225.33079933797,37009.471074017136,37380.106305979265,hurricane_cat1,36302.94982756075,-818.0066035862983,-2.253278610889294
Ceiba,East,2030,8645.14503916403,8926.751315663803,9295.75159181471,9558.049872655527,9897.350183257304,10215.826325220294,10480.781565852689,hurricane_cat1,9810.202552540542,-252.15267988501546,-2.570310638690285
Ciales,Central Mountains,2030,12779.736260243537,13230.924769082918,13819.442949886698,14554.084199218822,15462.703202232588,16260.40599331604,16662.589406405124,hurricane_cat1,14889.190356690244,-335.1061574714222,-2.2506674267942786
Cidra,Central Mountains,2030,31544.566593715364,32368.911666912096,33153.14862290713,34435.50358632751,35828.973347000036,36839.16419399796,37668.59294186687,hurricane_cat1,35228.96885608391,-793.4652697564015,-2.252309095386347
Coamo,South,2030,25268.25679266206,26068.331603935825,27617.672229169748,29485.276645062433,31570.133104921835,33547.69903877309,34463.98756606382,hurricane_cat1,30199.381265419473,-714.1046203570404,-2.3646332819895983
Comerío,Central Mountains,2030,15475.409706745337,15610.670549879742,15948.219798163233,16300.10807215063,16556.287060210787,16903.493025023177,17082.386385016525,hurricane_cat1,16675.24541673903,-375.1373445884019,-2.249666108133135
Corozal,Central Mountains,2030,26602.564783205562,27190.16280962722,28724.52887855318,30166.46199124096,31540.655315928612,32513.813484361446,33490.79548300388,hurricane_cat1,30862.680844151786,-696.2188529108244,-2.2558599378535575
Culebra,East,2030,832.5881521687105,931.5085172226819,1039.938050922192,1243.5942574004748,1444.355489303475,1612.1879881872514,1765.4823987387215,hurricane_cat1,1276.1573030473644,-32.56304564688958,-2.551648262258231
Dorado,North,2030,29341.81560390259,29823.907304696517,30504.506739960514,31308.027416628487,31994.282996254133,32614.600132419753,33005.09385018057,hurricane_cat1,31960.122702545574,-652.0952859170866,-2.0403403703614322
Fajardo,East,2030,23054.452852548293,23808.150615941693,24961.47958471094,27248.4066467028,29205.426532428613,30768.978305638848,32212.129399305344,hurricane_cat1,27966.732988514363,-718.3263418115639,-2.568502878425495
Florida,North,2030,9275.296334718401,9450.226170151938,9666.899940450112,9972.733693282862,10318.90561447323,10516.448859046242,10669.03405975231,hurricane_cat1,10180.446517300632,-207.7128240177699,-2.0403115292122314
Guayama,South,2030,27219.513321393468,27978.980782016417,29164.412374160227,30571.585694099143,31736.70072098152,33373.23213013348,34163.64930516297,hurricane_cat1,31310.15611630006,-738.5704222009153,-2.3588845084563976
Guayanilla,South,2030,13968.806550116753,14233.809188753212,14520.653679419658,14811.116345376824,15199.327684327181,15562.908800141076,15870.442846677202,hurricane_cat1,15169.329192088775,-358.212846711951,-2.361428393938269
Guaynabo,Metro,2030,68680.57968803143,70556.07654629956,74309.21581994407,77777.4169956458,81680.3255292984,85027.92413099158,88469.22379259045,hurricane_cat1,79481.20251783336,-1703.7855221875507,-2.14363329720039
Gurabo,East,2030,27079.531202307335,28158.099968152306,31384.67399089433,34392.197627261456,37218.51682488491,40786.3320241734,41934.6890022322,hurricane_cat1,35300.660645860924,-908.4630185994683,-2.573501464216896
Guánica,West,2030,9611.338176493273,9980.042118002404,10547.819440594176,11092.151069147003,11686.605396029681,12277.029784870816,12630.634333789227,hurricane_cat1,11336.093861326377,-243.942792179374,-2.1519122474064583
Hatillo,North,2030,30984.5974120643,31714.05641861827,32403.917255667435,33345.255280215744,33898.24534580835,34768.30212671298,35188.503382292154,hurricane_cat1,34038.84591007031,-693.5906298545669,-2.037644377506259
Hormigueros,West,2030,12786.797225014345,12934.913382156585,13162.866600233876,13404.85059831915,13673.974915424713,13918.218154767153,14032.026176488951,hurricane_cat1,13699.09259573791,-294.24199741875964,-2.1478940693510227
Humacao,East,2030,41367.149898418866,41851.890403246216,42569.739861149756,43371.31059258111,44259.547293367745,44988.57361856692,45614.52867064463,hurricane_cat1,44514.99323492833,-1143.682642347223,-2.569207719096858
Isabela,West,2030,33551.94952069265,34127.79671126842,35428.95173146745,37263.77994263941,38892.83630629674,41153.057845264964,42537.40979856882,hurricane_cat1,38080.5358018956,-816.7558592561909,-2.1448118889533423
Jayuya,Central Mountains,2030,11365.377443047513,11685.780323592831,12098.33918855933,12684.509988938767,13286.233745795322,13867.326750085671,14336.966159673953,hurricane_cat1,12977.014377113084,-292.5043881743168,-2.2540191424168583
Juana Díaz,South,2030,36566.35376155472,37104.478699721054,38429.28693369024,39939.68131907889,41229.17771994461,42744.0305062391,43683.940673397,hurricane_cat1,40903.98531922763,-964.3040001487389,-2.3574817774429695
Juncos,East,2030,29929.144019229116,30296.751334027933,31002.829063494082,31946.078508219853,32695.866557171663,33478.49423489015,33888.32588514515,hurricane_cat1,32788.599270624254,-842.5207624044015,-2.5695539948216912
Lajas,West,2030,18071.53191225095,18374.10403780681,19061.52374023261,20050.428141942037,20953.10840531252,21964.482372725015,22592.334548842617,hurricane_cat1,20490.376772484007,-439.9486305419705,-2.1470987841119937
Lares,Central Mountains,2030,17680.325698962828,18757.07438582809,21499.77758239981,24236.127317885577,26861.789586649844,28907.031559615785,30716.224900406567,hurricane_cat1,24792.896464895806,-556.7691470102291,-2.2456801197010483
Las Marías,West,2030,6232.96444599986,6336.564054894654,6857.194108541817,7547.266225594189,8282.334138406715,8745.14665723465,9068.471976510045,hurricane_cat1,7712.702077042254,-165.43585144806548,-2.1449791499208084
Las Piedras,East,2030,27466.377806002638,27988.315316295237,28965.19630077956,30065.89486737478,31356.83168122084,32428.272503171655,32965.04128452461,hurricane_cat1,30859.9129568021,-794.0180894273217,-2.5729757907573916
Loíza,East,2030,18588.46412827036,18787.163549223682,19231.1820111353,19666.53750899497,20035.056663242347,20374.540005400904,20591.24020593273,hurricane_cat1,20185.110055016186,-518.5725460212161,-2.5690845608857407
Luquillo,East,2030,14445.534054695703,14603.765641212642,14821.363486953795,15140.724024610869,15509.045643176069,15777.433147286594,16036.61750757507,hurricane_cat1,15540.505668430615,-399.781643819746,-2.5725137415050323
Manatí,North,2030,30514.594540099493,31017.107903656946,32437.79902429767,33875.92115126576,35281.38143549547,36995.74871577642,37837.99744725057,hurricane_cat1,34581.415510394836,-705.4943591290794,-2.040096822864335
Maricao,West,2030,3484.049504041221,3700.604370601126,4010.2376480623348,4273.269974780418,4648.027039857225,4989.365604907925,5102.526744490642,hurricane_cat1,4366.886260047407,-93.6162852669886,-2.14377658798863
Maunabo,East,2030,8436.543036556084,8581.74388476768,8784.558454883208,8993.046884728456,9267.12591443116,9505.985135977839,9671.34284663993,hurricane_cat1,9230.55705359378,-237.51016886532489,-2.5730859739700525
Mayagüez,West,2030,56648.55768788802,57749.0020447665,58973.0699595998,61639.46663312278,63375.806657478264,65423.12003320064,66476.16399108323,hurricane_cat1,62990.02948100968,-1350.562847886904,-2.1440898805962196
Moca,West,2030,27811.46723209253,28745.39854070026,30256.03761160521,32213.57970054042,34258.56941961323,35864.99700109881,37678.668749535835,hurricane_cat1,32923.3049999769,-709.725299436479,-2.155692751493135
Morovis,Central Mountains,2030,22384.00279556704,22807.17949220173,23722.264998299514,24753.165978517558,25591.861637981783,26564.128898036404,27350.86430225882,hurricane_cat1,25322.345539370246,-569.1795608526882,-2.2477363321961974
Naguabo,East,2030,16893.75181625541,17574.10226039335,18987.031159872833,20187.606228834506,21557.365280932605,22737.421039339475,23332.922338589487,hurricane_cat1,20721.265928300436,-533.6596994659303,-2.5754203498593933
Naranjito,Central Mountains,2030,22170.737435972253,22799.256573279585,24022.190107338116,25203.148885875817,26248.9773632289,27282.724673842167,28021.265251724373,hurricane_cat1,25783.999348472258,-580.8504625964415,-2.2527554967179975
Orocovis,Central Mountains,2030,16326.222032798181,16913.217590129,17484.855158897793,18365.256496177928,19060.30109991687,19858.85894939668,20136.525388303704,hurricane_cat1,18787.657094377566,-422.4005981996379,-2.248287777862661
Patillas,South,2030,12889.039372950658,13031.362802931579,13195.66960675259,13452.208171779585,13736.206492593588,13918.960501553764,14124.650634955902,hurricane_cat1,13777.058781837808,-324.85061005822354,-2.3579097338720194
Peñuelas,South,2030,14963.385524970323,15460.154243587967,16024.938425924864,17049.37277360511,17985.18617132835,19007.69842256558,19689.04347185711,hurricane_cat1,17461.66375473891,-412.2909811337995,-2.3611208354754174
Ponce,South,2030,103512.63228903958,106155.2878373648,110305.73395110318,114501.81608835378,119503.16753330683,123252.05214987246,125465.17421689488,hurricane_cat1,117262.51793884183,-2760.7018504880543,-2.3542918052705435
Quebradillas,North,2030,18912.077824954085,19082.420529962495,19705.603837058658,20147.937675539582,20791.26223138063,21160.966875014612,21679.9219432135,hurricane_cat1,20567.50313735594,-419.56546181635713,-2.0399435897219678
Rincón,West,2030,11094.08559519655,11484.195185750601,12369.603106863055,13331.488514054545,14322.290754301535,15208.521061517355,15725.402692971831,hurricane_cat1,13624.697137000683,-293.20862294613835,-2.152037729703875
Río Grande,East,2030,37624.934422264865,38008.75445789322,38723.866897048225,39656.24042601889,40787.4362671456,41636.178110788314,41844.84921266347,hurricane_cat1,40704.07036185092,-1047.8299358320292,-2.5742632776452914
Sabana Grande,West,2030,17705.559867760327,18207.722328816184,18878.25123572539,19469.220941277643,20267.072221934475,21223.06643987497,21614.200561011927,hurricane_cat1,19896.572091258742,-427.3511499810993,-2.1478631998566704
Salinas,South,2030,20117.323205359215,20329.81071623634,20985.437178476688,21678.28783685706,22541.120029164886,23180.28166294805,23610.725039787107,hurricane_cat1,22202.839895178047,-524.5520583209873,-2.362544885237442
San Germán,West,2030,24073.570308643564,24678.264759780493,25692.2385748882,26956.916693925683,28362.231844773396,29342.511081064844,30171.77375440374,hurricane_cat1,27549.965657259745,-593.0489633340621,-2.1526304994786325
San Juan,Metro,2030,255936.37922765745,260714.57854300234,276630.96694991936,289799.7305393645,303593.3755096167,321693.7454520053,330393.4455341062,hurricane_cat1,296166.01102510456,-6366.280485740048,-2.149564855097572
San Lorenzo,East,2030,29630.267499000678,30165.16935514938,31147.507879963945,32543.638706369922,33553.71528886495,34711.56946301268,35283.32640860614,hurricane_cat1,33400.113573816074,-856.4748674461516,-2.564287290680301
San Sebastián,West,2030,28396.80583526653,29399.442450019655,31540.879080263476,34275.89793098236,36349.07940812118,39042.31946975581,40240.709783211285,hurricane_cat1,35023.33914702061,-747.441216038249,-2.134123228229747
Santa Isabel,South,2030,15748.39170162341,16084.399040020075,16675.80619848035,17323.531007970538,17970.422184788782,18458.715435416358,18797.370778083085,hurricane_cat1,17741.19365802906,-417.66265005852256,-2.354197006747078
Toa Alta,Metro,2030,50040.101093676385,51733.69136377437,54371.24288084577,57659.209029390615,60381.6779005915,62905.95892838573,64420.661460682364,hurricane_cat1,58924.65510417106,-1265.4460747804478,-2.1475663668175997
Toa Baja,Metro,2030,59731.00306251175,60162.39871541189,61572.31782420318,63112.111627538616,64526.600780736364,66012.62059618413,67230.93561204978,hurricane_cat1,64497.27837963238,-1385.1667520937626,-2.147635973010584
Trujillo Alto,Metro,2030,51903.91066244543,53112.41064104567,55501.49659009402,57943.063833885855,60626.138852038275,63669.838624096024,65225.060496696904,hurricane_cat1,59216.32284574344,-1273.2590118575827,-2.1501825014943603
Utuado,Central Mountains,2030,22028.151014132756,22339.066562401073,23021.47645128531,23879.25493882475,24817.678038369722,25443.50922300148,25879.66333576382,hurricane_cat1,24429.631811870342,-550.3768730455922,-2.252906950395235
Vega Alta,North,2030,28787.677512310867,29098.305864738304,29691.867177745353,30531.088970062272,31175.40525870944,31762.046129451697,32345.791222585216,hurricane_cat1,31166.141954517374,-635.052984455102,-2.0376374636997836
Vega Baja,North,2030,39822.87952266485,40915.21294317827,43388.74466719372,46384.16043713888,49192.7228736993,51714.490545263594,53366.30743832083,hurricane_cat1,47350.44177620197,-966.2813390630909,-2.040701845254457
Vieques,East,2030,6664.323369166149,6698.636806093165,6840.382734033797,6977.1707123249735,7091.702360327301,7267.221958354591,7383.921753371801,hurricane_cat1,7161.343235478324,-184.17252315335008,-2.5717594744088363
Villalba,South,2030,17287.787223827912,17621.693517362608,18063.16978735847,18677.586409857446,19294.545903669274,20117.680403433274,20325.43996739345,hurricane_cat1,19128.337337927198,-450.75092806975226,-2.3564563929767925
Yabucoa,East,2030,23418.977599107006,23865.532302543033,24374.622761949126,25309.006776961978,26225.10645224013,27155.710404307978,27782.48226081297,hurricane_cat1,25977.28211264608,-668.2753356841022,-2.5725375456379136
Yauco,South,2030,26661.800578605467,27131.34707969844,27863.901783442074,28553.57246477998,29313.43202994529,30222.486602181925,30750.76790152195,hurricane_cat1,29244.812164870047,-691.2397000900673,-2.363631868083633
Adjuntas,Central Mountains,2030,13960.339941572725,14172.980711046925,14630.132546246477,15240.13864235336,15730.353706349799,16169.41519339378,16386.343802089512,hurricane_cat2,15952.865950878464,-712.7273085251036,-4.467706998351957
Aguada,West,2030,29415.95618645383,30148.467663091003,30958.22323126474,31895.693397508345,33131.68432253424,34022.738617391704,34682.50402809053,hurricane_cat2,33314.010737823926,-1418.3173403155815,-4.2574199530567425
Aguadilla,West,2030,39210.675557122144,40519.990610293855,42792.39227850241,45670.75471958757,48694.39276869168,51259.244091357825,54051.38827347968,hurricane_cat2,47699.875745195975,-2029.1210256084087,-4.25393356671955
Aguas Buenas,Central Mountains,2030,18945.362450766752,19143.281405167574,19583.987266973905,20043.717221889765,20445.549930610185,20859.21436155454,21144.34923163542,hurricane_cat2,20980.210019320573,-936.4927974308084,-4.463696009565189
Aibonito,Central Mountains,2030,17121.982550419307,17811.434147689986,19076.429940610047,21064.355318441158,22423.976837121052,23911.809507256057,24970.74085620712,hurricane_cat2,22048.661472905784,-984.3061544646262,-4.464244487921311
Arecibo,North,2030,64969.12369314081,66386.01455682243,70250.40699068355,73794.05063168934,77497.87104394118,80882.06633087844,83883.3959690754,hurricane_cat2,76900.55443330629,-3106.503801616942,-4.0396377171911375
Arroyo,South,2030,11198.877583400423,11556.89713317898,12148.844615513639,12830.230752281357,13466.22169895254,13944.79210339011,14505.906900617409,hurricane_cat2,13460.42742016408,-630.196667882723,-4.681847375356532
Añasco,West,2030,20196.226828494706,20408.822974368486,20816.832171702146,21250.323897227747,21789.773759936197,22287.379850350284,22575.431905379897,hurricane_cat2,22195.246827106355,-944.9229298786086,-4.257321115819284
Barceloneta,North,2030,17457.07005037681,17831.4022114504,18438.491862123567,19042.28129320169,19802.907241319324,20541.68008075915,20980.741823453565,hurricane_cat2,19846.25882618445,-803.9775329827607,-4.0510281561077965
Barranquitas,Central Mountains,2030,22279.022377470552,22744.942913270825,23726.805491968567,24732.1367384095,25572.21135341182,26420.351556430596,26792.490494269674,hurricane_cat2,25887.01254667347,-1154.8758082639724,-4.461217014446018
Bayamón,Metro,2030,132581.4328474127,135271.6733168484,143788.51955965452,153686.20586362772,163761.49970264093,173248.20047122688,180068.32347428455,hurricane_cat2,160532.46994954243,-6846.264085914707,-4.264722325686873
Cabo Rojo,West,2030,38087.19553961743,38378.72715125676,38989.15015459136,39693.382139312846,40514.52530188431,41237.53251334899,41754.86494368299,hurricane_cat2,41459.86937764862,-1766.4872383357724,-4.260715879843319
Caguas,East,2030,99770.6444018453,100896.9785940529,103181.66629263302,105411.79633887927,107763.31480015855,110777.34479387218,113606.94081678009,hurricane_cat2,111077.45194095813,-5665.655602078856,-5.100635190200768
Camuy,North,2030,24173.02473550443,25075.363263778134,26350.601756905122,27720.762430030078,29268.745285798534,30684.35334353692,31438.171852041934,hurricane_cat2,28891.288087283578,-1170.5256572535,-4.0514831104699125
Canóvanas,East,2030,31872.16746228798,32269.270272352336,33703.196784609274,35191.40456458791,36528.75153299548,37748.05392636304,38347.50492770636,hurricane_cat2,37081.33596547195,-1889.9314008840447,-5.096718744556135
Carolina,Metro,2030,115372.63676579078,117681.83953226483,122597.06622493845,128436.9114317035,134244.35084157615,139135.7581526455,141504.86827095473,hurricane_cat2,134149.2318856066,-5712.320453903099,-4.258183497296638
Cataño,Metro,2030,17999.494169167432,18263.99544085189,18652.602371175723,19070.484818456323,19430.116512677116,19812.999191393224,19951.793379043746,hurricane_cat2,19918.13075189707,-847.6459334407482,-4.255650010531312
Cayey,Central Mountains,2030,32940.08655930931,33294.32914217588,33886.57193739616,34681.64804129707,35408.46588438509,36178.363001928774,36541.5480911048,hurricane_cat2,36302.94982756075,-1621.301786263677,-4.466033184534235
Ceiba,East,2030,8417.591269256796,8693.7520044718,9053.84848423178,9311.071895464313,9643.787627522594,9955.112711801321,10214.120185877659,hurricane_cat2,9810.202552540542,-499.1306570762299,-5.087873103567778
Ciales,Central Mountains,2030,12483.884718368046,12926.406814723932,13503.431519494472,14224.998289255087,15115.740509857651,15899.808311298517,16295.330826797592,hurricane_cat2,14889.190356690244,-664.1920674351568,-4.460901174097164
Cidra,Central Mountains,2030,30819.00133865701,31628.557014832855,32395.508990509188,33656.302641319184,35025.68218783241,36017.057708229506,36831.543026900625,hurricane_cat2,35228.96885608391,-1572.6662147647294,-4.464127863603751
Coamo,South,2030,24651.695469056747,25435.026807314305,26956.702030528788,28784.64984304215,30830.751862767876,32771.26606948606,33669.086599426795,hurricane_cat2,30199.381265419473,-1414.7314223773246,-4.684637112076521
Comerío,Central Mountains,2030,15122.274127622388,15254.466311668148,15586.244278065911,15931.705665185147,16182.979298568862,16523.555078434223,16699.187992378414,hurricane_cat2,16675.24541673903,-743.5397515538843,-4.458943379672844
Corozal,Central Mountains,2030,25986.439156939217,26562.943307580892,28069.110686806955,29482.77817014262,30833.779088780797,31786.978274795267,32748.40002689448,hurricane_cat2,30862.680844151786,-1379.902674009165,-4.471104376762671
Culebra,East,2030,809.6836426803692,906.1304345339196,1012.2334913392247,1211.6950243321508,1408.3699318187196,1572.4706733946514,1723.1586068840343,hurricane_cat2,1276.1573030473644,-64.46227871521364,-5.051280007666981
Dorado,North,2030,28734.272752669473,29207.82864036797,29877.682020223765,30666.544254782828,31342.831454412502,31951.961776934484,32336.973643154102,hurricane_cat2,31960.122702545574,-1293.5784477627458,-4.047476474987733
Fajardo,East,2030,22442.721275053438,23176.1057529804,24302.785840590426,26544.81282758259,28456.058299689455,29989.149262304632,31404.670722042218,hurricane_cat2,27966.732988514363,-1421.9201609317715,-5.084327016372412
Florida,North,2030,9082.297982722564,9254.42559245783,9467.782870801737,9768.401555957113,10108.642130401679,10303.224183068094,10452.855226112573,hurricane_cat2,10180.446517300632,-412.0449613435194,-4.047415411920204
Guayama,South,2030,26559.545598159366,27303.519663099032,28466.300147766087,29846.920972252334,30989.39179541283,32595.71797387565,33371.67950508619,hurricane_cat2,31310.15611630006,-1463.235144047725,-4.673356270127203
Guayanilla,South,2030,13633.806333046416,13894.174790154304,14174.859907514956,14459.65589876493,14840.863562043403,15196.811271628081,15498.43676295228,hurricane_cat2,15169.329192088775,-709.6732933238454,-4.678343282931454
Guaynabo,Metro,2030,67162.68518548326,69012.5594156133,72697.3698695075,76102.77717890442,79937.0526247423,83226.51604915773,86607.72350108734,hurricane_cat2,79481.20251783336,-3378.425338928937,-4.250596659217521
Gurabo,East,2030,26347.77729999068,27401.006169814,30558.83903691875,33502.418026947096,36270.01249253313,39764.41171601409,40884.225748476376,hurricane_cat2,35300.660645860924,-1798.2426189138278,-5.094076388410809
Guánica,West,2030,9397.707351401748,9759.71379337133,10317.91819680733,10852.39662121938,11437.198352547262,12016.819546774808,12363.561639927344,hurricane_cat2,11336.093861326377,-483.6972401069961,-4.266877515518394
Hatillo,North,2030,30342.513383710346,31058.655722468484,31736.288202082957,32662.939871530274,33206.03351600707,34062.75254871275,34476.084688951516,hurricane_cat2,34038.84591007031,-1375.9060385400371,-4.0421641855165795
Hormigueros,West,2030,12508.37282764811,12654.411953349292,12878.043821878435,13115.652601845992,13380.18668986942,13620.279073853373,13732.209361944857,hurricane_cat2,13699.09259573791,-583.4399938919178,-4.258968174822315
Humacao,East,2030,40288.18376075218,40764.15433520672,41465.13788565487,42251.09366599923,43119.832089961346,43834.254351547934,44447.651438108536,hurricane_cat2,44514.99323492833,-2263.899568929104,-5.08570125346611
Isabela,West,2030,32815.989608254065,33380.27170525968,34658.70994692176,36460.915697046206,38061.60529688678,40280.45993302303,41641.06441792036,hurricane_cat2,38080.5358018956,-1619.6201048493967,-4.253144213293275
Jayuya,Central Mountains,2030,11103.384505086618,11417.052774638914,11822.226069418228,12397.26812629505,12988.252274248203,13558.69180816979,14020.41505201877,hurricane_cat2,12977.014377113084,-579.7462508180342,-4.467485617034561
Juana Díaz,South,2030,35684.23095284186,36211.61841797838,37512.68742926318,38993.529549890845,40259.18054842106,41741.91131303536,42666.67881691008,hurricane_cat2,40903.98531922763,-1910.4557693367824,-4.67058589628121
Juncos,East,2030,29146.504958591388,29505.04375941942,30196.70980109441,31119.62221387554,31854.882292779876,32620.97742025159,33023.18001141569,hurricane_cat2,32788.599270624254,-1668.977056748714,-5.090113923359858
Lajas,West,2030,17674.444762380863,17971.94484038759,18648.27553723217,19618.014613657873,20504.747666447132,21499.697831688703,22117.07560519127,hurricane_cat2,20490.376772484007,-872.362158826134,-4.257423709248755
Lares,Central Mountains,2030,17257.38349890497,18311.836729395793,21003.38101909429,23689.337677876196,26268.730876580878,28272.04133226784,30047.61284493907,hurricane_cat2,24792.896464895806,-1103.5587870196105,-4.45110876247209
Las Marías,West,2030,6092.90508387181,6195.508983022333,6706.8275974639055,7384.661491772642,8107.314562374678,8560.932404350198,8879.389933334485,hurricane_cat2,7712.702077042254,-328.04058526961217,-4.253251091417919
Las Piedras,East,2030,26743.178598050803,27253.908032890733,28210.69003359476,29288.19052722331,30552.72427028223,31601.72721308858,32129.24339350238,hurricane_cat2,30859.9129568021,-1571.7224295787928,-5.093087695285789
Loíza,East,2030,18102.93916942626,18297.402860065013,18731.272788324077,19158.605142607972,19518.762582553245,19851.598977251913,20063.382504387188,hurricane_cat2,20185.110055016186,-1026.5049124082143,-5.08545610903478
Luquillo,East,2030,14069.114493961946,14223.328435999725,14436.629259615887,14749.156420543346,15109.550193629122,15372.200687893708,15626.899576769063,hurricane_cat2,15540.505668430615,-791.3492478872686,-5.092171804260114
Manatí,North,2030,29876.15497097402,30371.446711903434,31767.891672710022,33181.905773013,34563.89785030871,36251.0062317393,37077.63154979626,hurricane_cat2,34581.415510394836,-1399.5097373818353,-4.046999571087992
Maricao,West,2030,3406.1743059550745,3618.114122734474,3922.591446725789,4181.254595409146,4549.168905940733,4884.541563978352,4996.123805927446,hurricane_cat2,4366.886260047407,-185.6316646382611,-4.25089305248463
Maunabo,East,2030,8215.640380986653,8358.435498838398,8556.028521386808,8760.355732148411,9029.049624337662,9263.490994393529,9425.058812467398,hurricane_cat2,9230.55705359378,-470.2013214453691,-5.093964738155247
Mayagüez,West,2030,55407.321130725104,56488.27374676253,57691.6198998347,60312.01094866851,62016.77894712216,64029.66940381213,65063.06852056163,hurricane_cat2,62990.02948100968,-2678.0185323411715,-4.251495918331875
Moca,West,2030,27194.104935874075,28107.98076012898,29595.1004461462,31516.056300663106,33527.35750247377,35104.269775562185,36887.10864258153,hurricane_cat2,32923.3049999769,-1407.2486993137936,-4.274323915277585
Morovis,Central Mountains,2030,21867.783612109924,22283.32970239709,23181.97550503398,24194.198526625318,25016.319951759797,25971.925848808492,26743.858316374324,hurricane_cat2,25322.345539370246,-1128.1470127449284,-4.4551442163638715
Naguabo,East,2030,16441.9494630868,17109.883971479838,18490.130183881134,19664.92351289935,21008.04538437918,22162.192232619873,22747.21888790379,hurricane_cat2,20721.265928300436,-1056.3424154010863,-5.0978662165537285
Naranjito,Central Mountains,2030,21655.450390259226,22272.492342124646,23473.338478583442,24632.746440133298,25659.172373638325,26674.838975905193,27396.831102728087,hurricane_cat2,25783.999348472258,-1151.25290833896,-4.464989673555718
Orocovis,Central Mountains,2030,15948.235240789247,16524.778309842266,17084.934185717306,17950.43723650786,18630.428380484416,19413.85403924318,19687.642330553983,hurricane_cat2,18787.657094377566,-837.2198578697062,-4.456222793848278
Patillas,South,2030,12580.731353475216,12720.975899050343,12881.69859188339,13133.47267928546,13411.984573707578,13591.549969272692,13793.013824612332,hurricane_cat2,13777.058781837808,-643.5861025523482,-4.671433233636071
Peñuelas,South,2030,14600.300807481299,15086.04980788499,15639.972265912926,16644.971500236257,17562.887036795455,18565.51810423454,19232.441632879745,hurricane_cat2,17461.66375473891,-816.6922545026537,-4.6770586467226645
Ponce,South,2030,101015.6082452714,103604.34185183454,107668.95038064485,111793.03336204229,116691.39495215882,120360.91421304915,122534.44052699396,hurricane_cat2,117262.51793884183,-5469.484576799543,-4.664307634646008
Quebradillas,North,2030,18519.20658703158,18686.6631995011,19299.386542141587,19735.20148381166,20367.025191314686,20730.442158553313,21239.627120684647,hurricane_cat2,20567.50313735594,-832.3016535442803,-4.046683002724836
Rincón,West,2030,10846.439717535863,11230.097551517705,12099.206792794012,13043.312646868391,14018.434645891408,14888.383069059482,15395.826125221913,hurricane_cat2,13624.697137000683,-581.3844901322918,-4.2671369813676225
Río Grande,East,2030,36643.02361101249,37017.172928845335,37718.3279595778,38629.94983369317,39736.91178975925,40567.21147901066,40771.64978580459,hurricane_cat2,40704.07036185092,-2074.1205281577495,-5.095609627536605
Sabana Grande,West,2030,17317.032915271997,17810.0311992954,18468.697345259567,19049.10104514324,19832.673501969624,20773.234446700117,21156.70434465661,hurricane_cat2,19896.572091258742,-847.4710461155009,-4.2593821801486325
Salinas,South,2030,19633.044363058307,19841.56663037302,20484.157959002787,21164.02160786144,22011.063177422122,22637.276313681126,23058.719562493443,hurricane_cat2,22202.839895178047,-1038.818287316608,-4.678763132198307
San Germán,West,2030,23543.463155398782,24135.524270374037,25131.269097578785,26374.052206872202,27755.462514730454,28719.339463656226,29532.890751865038,hurricane_cat2,27549.965657259745,-1175.913450387543,-4.268293706847782
San Juan,Metro,2030,250287.9754934842,254973.76223889826,270604.9312287515,283542.6899971538,297082.95581031113,314895.5460623773,323434.6747137393,hurricane_cat2,296166.01102510456,-12623.321027950733,-4.2622450105797975
San Lorenzo,East,2030,28853.823291201115,29375.06692570984,30338.158860889293,31704.70628568717,32691.441299688493,33826.92546780592,34383.61370960213,hurricane_cat2,33400.113573816074,-1695.407288128903,-5.076052464258723
San Sebastián,West,2030,27765.965305853126,28748.53522888206,30850.91685392088,33541.0046747857,35573.6948417056,38222.88001803985,39395.79671197259,hurricane_cat2,35023.33914702061,-1482.3344722349138,-4.232419033526146
Santa Isabel,South,2030,15369.253411780632,15698.303593282524,16277.651304388106,16913.643348505146,17548.45440728729,18026.7480282705,18358.011786861578,hurricane_cat2,17741.19365802906,-827.5503095239146,-4.664569506851606
Toa Alta,Metro,2030,48931.836681947,50602.46991056297,53185.78979851586,56415.44194818156,59092.1039274897,61571.43697943139,63055.436344963935,hurricane_cat2,58924.65510417106,-2509.213155989506,-4.258341693393956
Toa Baja,Metro,2030,58430.66248120788,58854.25122934954,60237.14777584021,61750.68647948855,63140.95173908908,64601.20469651893,65797.20271848036,hurricane_cat2,64497.27837963238,-2746.5919001438306,-4.2584617043487185
Trujillo Alto,Metro,2030,50758.69624641016,51945.741178913326,54296.03659731693,56691.6475094344,59327.04228427484,62322.131958190934,63840.827665735065,hurricane_cat2,59216.32284574344,-2524.6753363090393,-4.2634787419775035
Utuado,Central Mountains,2030,21521.70725396404,21826.626672690494,22496.32481011886,23338.774599808563,24259.79800277893,24873.16056915977,25302.5680109019,hurricane_cat2,24429.631811870342,-1090.8572120617791,-4.465303531638706
Vega Alta,North,2030,28193.367872266936,28496.719570117984,29081.293039896824,29906.359187648322,30540.23325888825,31116.19558082767,31691.330561963143,hurricane_cat2,31166.141954517374,-1259.7827668690516,-4.04215179635493
Vega Baja,North,2030,38982.14340020075,40054.95110314154,42486.261405167126,45433.610392718765,48189.914117668,50673.662725050715,52295.197351488874,hurricane_cat2,47350.44177620197,-1916.831383483208,-4.048180569344963
Vieques,East,2030,6490.366669567206,6524.064084739321,6662.894915675392,6796.7235867871605,6908.892562052195,7081.091401622622,7195.07485849428,hurricane_cat2,7161.343235478324,-364.6196486911631,-5.091498015131923
Villalba,South,2030,16872.32069656733,17199.39851790973,17632.580425048516,18235.316088788604,18839.96257452568,19647.383014384937,19849.931508192858,hurricane_cat2,19128.337337927198,-893.0212491385937,-4.66857747938151
Yabucoa,East,2030,22803.791762198867,23241.24651943596,23739.158192160052,24654.460101592922,25550.765649273068,26462.361936485948,27076.185383557833,hurricane_cat2,25977.28211264608,-1322.8220110531583,-5.0922263742487175
Yauco,South,2030,26021.883026589494,26482.169738741224,27200.351460664693,27875.374459993305,28622.069218540324,29513.516918743004,30032.400338471714,hurricane_cat2,29244.812164870047,-1369.437704876742,-4.682668834241176
Adjuntas,Central Mountains,2030,13500.371382441192,13708.303842000176,14153.288336840553,14746.71525493429,15225.541419040628,15651.612897962224,15863.372859275072,hurricane_cat3,15952.865950878464,-1206.150695944174,-7.560714793555674
Aguada,West,2030,28494.242043202525,29207.273856010266,29999.26596413026,30912.319074076535,32117.614549659327,32984.85273984147,33628.64683447455,hurricane_cat3,33314.010737823926,-2401.6916637473914,-7.209254036232174
Aguadilla,West,2030,37969.99657398683,39242.800091694015,41457.645425860646,44263.82048444075,47211.64586750003,49705.925969872,52439.68270944583,hurricane_cat3,47699.875745195975,-3436.0552607552236,-7.203488912864267
Aguas Buenas,Central Mountains,2030,18326.646005285605,18518.615339220996,18947.963668960267,19395.366966465197,19786.633054371217,20188.719731778394,20466.906149285976,hurricane_cat3,20980.210019320573,-1584.8430528553763,-7.5539904099906625
Aibonito,Central Mountains,2030,16546.773080947634,17217.466122584938,18447.499109562363,20382.907372670197,21709.589854042606,23160.916872091155,24188.13987041733,hurricane_cat3,22048.661472905784,-1665.7541002355865,-7.554898977802019
Arecibo,North,2030,63015.663321415675,64404.35398609471,68177.72983616704,71636.82256753481,75248.67405741019,78554.54844282004,81483.75905156616,hurricane_cat3,76900.55443330629,-5263.731865771479,-6.844855546960414
Arroyo,South,2030,10809.077982799728,11156.427809346858,11731.986374739417,12394.621272093107,13012.747859714278,13478.708066555866,14023.450892708555,hurricane_cat3,13460.42742016408,-1065.806148070973,-7.918070613971492
Añasco,West,2030,19566.484946441906,19774.69744966164,20171.609863690508,20595.163116286363,21120.606623369527,21605.941753742707,21887.459563713768,hurricane_cat3,22195.246827106355,-1600.0837108199921,-7.209127806886384
Barceloneta,North,2030,16936.765539064734,17301.68210027125,17895.749467486243,18484.022182326393,19226.122374623083,19948.21157065072,20377.140677477433,hurricane_cat3,19846.25882618445,-1362.2366438580575,-6.8639467810465655
Barranquitas,Central Mountains,2030,21544.30313667005,21997.3193507956,22954.10158376895,23932.580845058983,24749.47964852316,25577.511237329756,25939.684922917946,hurricane_cat3,25887.01254667347,-1954.4317016144887,-7.549854190748005
Bayamón,Metro,2030,128384.57702345823,130993.39372456638,139292.57249216113,148939.6696177927,158770.85994029688,167977.30840558428,174648.84678722633,hurricane_cat3,160532.46994954243,-11592.80033174972,-7.221467616734171
Cabo Rojo,West,2030,36903.836055650885,37189.18047048035,37783.315064541566,38468.62438074072,39270.067416588456,39973.89425390919,40479.96496269292,hurricane_cat3,41459.86937764862,-2991.2449969078953,-7.214795998659131
Caguas,East,2030,96045.07806549728,97132.48509019508,99353.75917624358,101510.13166887044,103792.76384007119,106723.296987545,109458.66246363184,hurricane_cat3,111077.45194095813,-9567.320272087687,-8.61319746258951
Camuy,North,2030,23447.27406148403,24327.92201781721,25571.466782339277,26907.976521459612,28419.126636250352,29802.497636713142,30538.463891332914,hurricane_cat3,28891.288087283578,-1983.3115658239658,-6.864739155388905
Canóvanas,East,2030,30676.01927247061,31056.208913694656,32446.696808514804,33888.93056622427,35188.68038111778,36371.538834626124,36952.47253482741,hurricane_cat3,37081.33596547195,-3192.405399247684,-8.609197366082688
Carolina,Metro,2030,111751.7537425316,113992.75040117024,118780.01168368493,124476.34677441316,130140.50746603956,134892.77917930952,137211.8536374031,hurricane_cat3,134149.2318856066,-9672.885111193435,-7.210540809836181
Cataño,Metro,2030,17438.847498208932,17696.15023507484,18075.154117743594,18482.768098875444,18833.3237912973,19206.79287689182,19341.462267415056,hurricane_cat3,19918.13075189707,-1435.362653021628,-7.206312032492904
Cayey,Central Mountains,2030,31864.945727805847,32208.704746584073,32785.69918308672,33559.211265722355,34266.96596199737,35016.85367920408,35369.600041633064,hurricane_cat3,36302.94982756075,-2743.7385618383923,-7.557894261681679
Ceiba,East,2030,8100.790608829873,8369.30440765683,8716.972102420656,8967.466973662846,9290.536574464384,9591.863691240604,9842.548827795974,hurricane_cat3,9810.202552540542,-842.7355788776968,-8.590399376203033
Ciales,Central Mountains,2030,12070.700869915832,12501.06675546801,13061.973483591039,13765.15857272471,14630.835358120963,15395.709659482462,15781.85756642093,hurricane_cat3,14889.190356690244,-1124.0317839655345,-7.549314348449221
Cidra,Central Mountains,2030,29805.53871485464,30594.305854306807,31337.0901544355,32567.52268669755,33903.01514119162,34867.96691622507,35661.46866723944,hurricane_cat3,35228.96885608391,-2661.446169386363,-7.554709251521964
Coamo,South,2030,23791.702239893875,24551.56014872475,26034.311327983727,27806.75738291125,29798.423886888086,31686.9161348669,32558.84157161846,hurricane_cat3,30199.381265419473,-2392.623882508222,-7.922757958117352
Comerío,Central Mountains,2030,14628.929813264393,14756.833295401178,15080.487603585652,15416.92042582769,15661.311689199763,15992.586262170245,16163.63836328561,hurricane_cat3,16675.24541673903,-1258.324990911342,-7.546065796718072
Corozal,Central Mountains,2030,25125.970971210438,25686.906063900777,27153.455241227683,28527.497037706806,29845.29894486157,30771.085332394956,31710.57195067261,hurricane_cat3,30862.680844151786,-2335.1838064449803,-7.566367349087491
Culebra,East,2030,777.8337560464989,870.8330575638573,973.6751119642536,1167.2561352539751,1358.2011529947224,1517.0833845791024,1664.0993020745232,hurricane_cat3,1276.1573030473644,-108.90116779338928,-8.533522280783236
Dorado,North,2030,27883.726721877498,28345.29569710995,29000.01160109147,29768.292774426387,30430.50999977054,31023.93079746768,31401.20389930394,hurricane_cat3,31960.122702545574,-2191.8299281191867,-6.858014747060438
Fajardo,East,2030,21591.255197573264,22296.376305046608,23385.904837071572,25564.787352971965,27412.10281070776,28902.427200996914,30279.13664558089,hurricane_cat3,27966.732988514363,-2401.945635542397,-8.588581428259248
Florida,North,2030,8812.13100470319,8980.31476555983,9188.323963476412,9482.281464512718,9814.183432030433,10004.588195429735,10150.078784633726,hurricane_cat3,10180.446517300632,-698.1650527879137,-6.857902073366363
Guayama,South,2030,25638.850421035586,26361.10302181812,27492.094292147638,28835.419849124708,29946.123902374286,31510.01167241269,32265.669102567514,hurricane_cat3,31310.15611630006,-2474.736267175351,-7.90394100234781
Guayanilla,South,2030,13166.335110590415,13420.186406483543,13692.246443012014,13969.094272750419,14340.453053417405,14685.70000082223,14979.049616005075,hurricane_cat3,15169.329192088775,-1200.2349193383561,-7.91224782678137
Guaynabo,Metro,2030,65040.59497268006,66854.2045921735,70437.73249074514,73760.25476923955,77498.04953080355,80705.8196230028,84002.54596325975,hurricane_cat3,79481.20251783336,-5720.947748593811,-7.1978625981535584
Gurabo,East,2030,25327.766621167535,26347.574365632212,29409.126134635553,32263.126483733526,34948.44561463613,38339.91163932588,39419.92705498952,hurricane_cat3,35300.660645860924,-3037.5341621273983,-8.604751601110772
Guánica,West,2030,9099.07775886519,9451.678639203286,9996.408395243634,10517.049240903136,11088.257164430353,11652.711492739802,11989.824301970919,hurricane_cat3,11336.093861326377,-819.0446204232412,-7.225104435818505
Hatillo,North,2030,29443.62498809696,30141.080024521212,30801.53109123915,31707.4911255171,32236.681703309103,33074.60347941796,33478.269661406026,hurricane_cat3,34038.84591007031,-2331.354784553212,-6.84910055620742
Hormigueros,West,2030,12118.998876991804,12262.100848017793,12479.667780872252,12711.134284733693,12969.209519736854,13203.465199181917,13312.321325510336,hurricane_cat3,13699.09259573791,-987.9583110042167,-7.211852201886659
Humacao,East,2030,38785.7094997839,39249.32913348945,39927.3229176042,40690.53902603875,41532.2340395465,42226.173698554674,42821.9499648421,hurricane_cat3,44514.99323492833,-3824.4542088895832,-8.591384454909354
Isabela,West,2030,31786.921811665718,32334.992015754753,33582.748870476324,35335.70897711365,36898.679710447585,39059.450244974,40386.64979091085,hurricane_cat3,38080.5358018956,-2744.8268247819506,-7.207952217535018
Jayuya,Central Mountains,2030,10737.45227514292,11041.692500930347,11436.484205661345,11995.509652929059,12571.79520139446,13127.277701029589,13577.863283242878,hurricane_cat3,12977.014377113084,-981.5047241840257,-7.563409391878742
Juana Díaz,South,2030,34453.45797313088,34965.781571380656,36233.46863970442,37672.866221240416,38905.01513752959,40342.76986520155,41246.18244825034,hurricane_cat3,40903.98531922763,-3231.1190979872117,-7.899276984309811
Juncos,East,2030,28056.74140175877,28402.624121259545,29074.075947381138,29968.519659560327,30682.774547852146,31426.311407699923,31817.789014692502,hurricane_cat3,32788.599270624254,-2820.0796110639276,-8.600793183594382
Lajas,West,2030,17119.2309125422,17409.58667990259,18070.299258378516,19013.160969138335,19877.48710496562,20849.305083777603,21451.950158553555,hurricane_cat3,20490.376772484007,-1477.2158033456726,-7.209314985995705
Lares,Central Mountains,2030,16667.16474136051,17690.379835749223,20310.07584438966,22925.255965429158,25439.60962579366,27384.18111047699,29112.564535752044,hurricane_cat3,24792.896464895806,-1867.6404994666482,-7.532966154684812
Las Marías,West,2030,5897.1622251583285,5998.340576983855,6496.574711171165,7157.208370634709,7862.39531003083,8303.13287194256,8614.719112556873,hurricane_cat3,7712.702077042254,-555.4937064075448,-7.202322880602841
Las Piedras,East,2030,25736.353635514846,26231.392230137706,27159.992093013076,28204.986865670195,29432.50804214412,30450.067825982645,30964.541604918788,hurricane_cat3,30859.9129568021,-2654.926091131907,-8.603154826937745
Loíza,East,2030,17426.857257870914,17615.390715015004,18035.07992212004,18451.121272613324,18799.59231754586,19123.094428816254,19328.00187282431,hurricane_cat3,20185.110055016186,-1733.9887824028629,-8.590435116165992
Luquillo,East,2030,13544.929041534137,13693.544289189182,13900.814730887269,14203.772767077924,14553.063757367738,14807.684552751516,15056.059076928805,hurricane_cat3,15540.505668430615,-1336.7329013526905,-8.60160492761934
Manatí,North,2030,28982.548807116873,29467.638032211627,30829.9942152114,32210.09117950633,33559.072079262325,35207.79358164999,36012.489556188186,hurricane_cat3,34581.415510394836,-2371.3243308885067,-6.857221706774003
Maricao,West,2030,3297.329195276038,3502.808545825418,3800.027318075824,4052.540590359782,4410.849672427199,4737.83596548607,4847.186902292704,hurricane_cat3,4366.886260047407,-314.34566968762465,-7.198393797511276
Maunabo,East,2030,7908.0583556075835,8047.456900132166,8237.774519427443,8436.260894573239,8697.395176703045,8925.625576072907,9081.894649913254,hurricane_cat3,9230.55705359378,-794.2961590205414,-8.605072851061507
Mayagüez,West,2030,53671.69708703864,54725.25858313767,55899.43771859792,58455.14383757054,60115.57894731575,62079.68864325541,63085.87171168844,hurricane_cat3,62990.02948100968,-4534.885643439142,-7.199370568331493
Moca,West,2030,26331.08820454534,27216.909537181025,28670.84649219679,30540.450244006453,32504.33434416201,34039.80864411474,35779.26973570095,hurricane_cat3,32923.3049999769,-2382.8547559704457,-7.2375928114510915
Morovis,Central Mountains,2030,21146.779523480338,21551.596778391202,22427.1347021023,23413.116965884445,24212.003345319004,25144.17089978579,25895.32080533015,hurricane_cat3,25322.345539370246,-1909.2285734858015,-7.53969876336062
Naguabo,East,2030,15813.215256297282,16463.659226171458,17798.23957840838,18936.94089571374,20242.65064510912,21360.55149118558,21930.83688535777,hurricane_cat3,20721.265928300436,-1784.3250325866975,-8.611081189541244
Naranjito,Central Mountains,2030,20935.865277525452,21536.784741484782,22706.588541349378,23835.73133259505,24834.91469157637,25825.155082115863,26523.999424160073,hurricane_cat3,25783.999348472258,-1948.268015877209,-7.5561125702271905
Orocovis,Central Mountains,2030,15420.353153176144,15982.195361446666,16526.258661683503,17370.787930165647,18029.721760330205,18791.904922719543,19060.20928806989,hurricane_cat3,18787.657094377566,-1416.8691642119193,-7.541489378342629
Patillas,South,2030,12150.481980479124,12287.785325300922,12443.49246026659,12688.573511545119,12959.388162193965,13134.462787131182,13330.008431313798,hurricane_cat3,13777.058781837808,-1088.4852702926892,-7.900708616614389
Peñuelas,South,2030,14093.780107691959,14564.125684787385,15102.35887601787,16080.507263127976,16973.306641137253,17948.04413024159,18594.77689902897,hurricane_cat3,17461.66375473891,-1381.1564916109346,-7.909650025394077
Ponce,South,2030,97531.67168587926,100044.87235971577,103989.19991635384,108011.95956550876,112766.0095843109,116324.44749247275,118442.29501066945,hurricane_cat3,117262.51793884183,-9250.558373333071,-7.888759798043645
Quebradillas,North,2030,17969.235450737928,18132.63525172235,18730.64473934701,19157.260362152072,19772.88188185622,20127.50581890261,20622.983581195207,hurricane_cat3,20567.50313735594,-1410.2427752038675,-6.856655208878998
Rincón,West,2030,10500.295031366682,10875.12048663616,11721.087083720256,12640.23521207381,13593.26559312237,14440.355694359267,14934.542083951479,hurricane_cat3,13624.697137000683,-984.4619249268726,-7.225569236716188
Río Grande,East,2030,35275.72606888278,35636.3790500427,36317.94031546401,37200.52829817774,38273.55234510375,39078.05364056303,39276.55357876289,hurricane_cat3,40704.07036185092,-3503.5420636731797,-8.607350647066502
Sabana Grande,West,2030,16773.77078766952,17253.34073805184,17895.893728984203,18461.55293294365,19224.91398888511,20143.789864459293,20516.517292123863,hurricane_cat3,19896.572091258742,-1435.0191583150918,-7.21239393264906
Salinas,South,2030,18957.33139187627,19160.270751520755,19784.588952103903,20446.46935572981,21271.066993570683,21878.613285214273,22287.980121788114,hurricane_cat3,22202.839895178047,-1756.3705394482386,-7.910567061422094
San Germán,West,2030,22802.296538979877,23376.878212225736,24346.805999061868,25558.79655583475,26906.578712699014,27847.38158042057,28638.897655908397,hurricane_cat3,27549.965657259745,-1991.1691014249955,-7.227483061853831
San Juan,Metro,2030,242391.03184776678,246947.34556602946,262181.13953430403,274790.780471717,287975.1460689921,305382.35031560477,313696.19563327206,hurricane_cat3,296166.01102510456,-21375.230553387548,-7.217313856982621
San Lorenzo,East,2030,27772.73193737032,28271.577983662395,29211.015052264418,30536.12943655272,31490.248808483044,32594.314537364415,33130.02178709851,hurricane_cat3,33400.113573816074,-2863.9841372633527,-8.574773648400301
San Sebastián,West,2030,26884.12393742778,27838.58542744508,29886.11291964211,32512.928381759062,34494.96045382724,37076.012027578974,38213.26156473628,hurricane_cat3,35023.33914702061,-2510.4107652615494,-7.167822447549542
Santa Isabel,South,2030,14840.242655989156,15159.660241627376,15721.99048709822,16341.03964772723,16959.26395925167,17423.61829060928,17744.544515303427,hurricane_cat3,17741.19365802906,-1400.1540103018306,-7.892107133773204
Toa Alta,Metro,2030,47382.500342252744,49020.63433436945,51528.00118696713,54675.68823184946,57287.90771995417,59704.0891428126,61145.067701811415,hurricane_cat3,58924.65510417106,-4248.966872321602,-7.2108472502893495
Toa Baja,Metro,2030,56612.13864436286,57024.7689285415,58369.77041810064,59846.37487484251,61202.56788673023,62626.594587338586,63791.25787306773,hurricane_cat3,64497.27837963238,-4650.903504789865,-7.21100738145034
Trujillo Alto,Metro,2030,49157.55735208358,50314.49331108969,52607.649866948384,54941.2452122134,57509.64436417383,60436.24702638594,61903.94311667992,hurricane_cat3,59216.32284574344,-4275.07763353004,-7.219424354778793
Utuado,Central Mountains,2030,20814.302427164945,21110.815223938953,21762.66791610485,22583.563607521522,23480.15352290503,24076.04087603168,24495.929536330692,hurricane_cat3,24429.631811870342,-1846.0682043488196,-7.556676328833643
Vega Alta,North,2030,27361.307199075738,27654.486791428048,28226.390030991402,29031.547105005622,29650.724597089185,30211.696905303255,30774.68123178292,hurricane_cat3,31166.141954517374,-2134.594849511752,-6.84908274058077
Vega Baja,North,2030,37805.61982794846,38850.991690136536,41222.93620284362,44102.591393098555,46785.55585211191,49215.714610035,50794.722757935895,hurricane_cat3,47350.44177620197,-3247.8503831034177,-6.859176517199395
Vieques,East,2030,6248.1328105404855,6280.961756623323,6415.7062551063955,6545.294378707591,6654.248669832989,6821.781525839751,6931.970902515001,hurricane_cat3,7161.343235478324,-616.0488567707325,-8.60242047495696
Villalba,South,2030,16292.594547913499,16610.102500038192,17031.640424534104,17617.97609973784,18205.36168429926,18990.72425119975,19186.00699608253,hurricane_cat3,19128.337337927198,-1510.3612381893581,-7.895935812438079
Yabucoa,East,2030,21947.299798336473,22371.98153563761,22854.936826612993,23742.79039299814,24611.387392357323,25498.160895732475,26092.01470225322,hurricane_cat3,25977.28211264608,-2234.49171964794,-8.60171479817806
Yauco,South,2030,25128.93949453239,25576.241390375475,26274.25554350546,26928.77889813269,27656.94364387963,28523.684546705903,29029.01035658203,hurricane_cat3,29244.812164870047,-2316.0332667373586,-7.919467061988737
Adjuntas,Central Mountains,2030,12876.720889707,13078.163943432599,13506.530486175823,14077.323101496198,14540.509533665536,14948.909779338192,15153.577316258015,hurricane_cat4,15952.865950878464,-1875.5428493822656,-11.756776839706264
Aguada,West,2030,27242.521418563872,27929.232066808236,28696.522130654845,29576.22324208539,30739.508503566303,31574.230896428253,32196.15181767371,hurricane_cat4,33314.010737823926,-3737.7874957385357,-11.219866395416453
Aguadilla,West,2030,36285.63412497919,37508.70406084522,39644.74186163215,42353.26758742634,45196.30503712807,47600.14272536471,50247.71152622285,hurricane_cat4,47699.875745195975,-5346.608157769639,-11.208851331878185
Aguas Buenas,Central Mountains,2030,17487.519452835204,17671.397962531915,18085.20755819284,18515.778149596998,18892.603095320825,19278.894791581657,19547.562980823925,hurricane_cat4,20980.210019320573,-2464.431869723576,-11.746459484695778
Aibonito,Central Mountains,2030,15767.374398880209,16412.43759365638,17594.78145469244,19458.42227138472,20739.949864204358,22141.272513346437,23125.34117076066,hurricane_cat4,22048.661472905784,-2590.2392015210644,-11.747829702515261
Arecibo,North,2030,60359.46855435254,61709.24377157702,65357.87571603634,68701.1879208467,72182.65722583098,75385.71625692106,78216.23325720706,hurricane_cat4,76900.55443330629,-8199.366512459586,-10.66229830575626
Arroyo,South,2030,10281.531455153134,10614.357381968055,11167.546792854679,11804.591559149865,12398.348956362488,12847.05866562111,13369.5153429075,hurricane_cat4,13460.42742016408,-1655.835861014215,-12.30151026655906
Añasco,West,2030,18711.14904902491,18913.315569318253,19295.089086241678,19704.993773879294,20210.688573234584,20679.841534668118,20952.39065187148,hurricane_cat4,22195.246827106355,-2490.253053227061,-11.219758323145989
Barceloneta,North,2030,16229.10671519786,16581.15375765348,17157.308711543923,17724.380099827817,18441.13127513037,19140.321561565906,19555.357028599523,hurricane_cat4,19846.25882618445,-2121.8787263566337,-10.691580438108074
Barranquitas,Central Mountains,2030,20548.16280194263,20983.579365278416,21906.159121496697,22847.836861032563,23633.128994351435,24433.562839594044,24782.127792860065,hurricane_cat4,25887.01254667347,-3039.1756856409083,-11.740156111723474
Bayamón,Metro,2030,122687.00786479953,125185.08714383696,133191.85192581904,142490.9581208009,151983.99475877348,160860.1522129986,167280.03947048527,hurricane_cat4,160532.46994954243,-18041.511828741524,-11.238543725398495
Cabo Rojo,West,2030,35296.38478658583,35573.20346169019,36145.111009779284,36804.58727409057,37579.041645437326,38256.67752988145,38747.25372278738,hurricane_cat4,41459.86937764862,-4655.282103558049,-11.228405138361946
Caguas,East,2030,91015.82324644575,92050.4801243463,94183.11467979697,96246.00996842745,98426.62967059416,101246.58918017101,103854.05785482538,hurricane_cat4,111077.45194095813,-14831.44197253068,-13.352342634231611
Camuy,North,2030,22460.40348369921,23311.344674831627,24511.533113159967,25801.982906554244,27262.669794700836,28601.85242664159,29313.383726762793,hurricane_cat4,28891.288087283578,-3089.305180729334,-10.6928606692655
Canóvanas,East,2030,29061.624322505664,29419.063441192702,30751.007539779686,32130.083806227878,33378.486747474904,34511.70554835031,35067.45015077244,hurricane_cat4,37081.33596547195,-4951.252159244075,-13.352410398197092
Carolina,Metro,2030,106834.71309617966,108982.90712424112,113595.3852896623,119095.19917749864,124563.24124252044,129125.80223873473,131375.9922630702,hurricane_cat4,134149.2318856066,-15054.03270810796,-11.221855314792277
Cataño,Metro,2030,16677.334842445292,16924.816652411602,17290.673727122765,17684.231273595637,18022.37136776024,18382.955926353123,18512.010741333095,hurricane_cat4,19918.13075189707,-2233.899478301435,-11.215407239400067
Cayey,Central Mountains,2030,30406.76881172372,30736.26132877121,31292.394165348924,32036.475367799554,32718.16989410275,33440.70329062485,33779.232361698305,hurricane_cat4,36302.94982756075,-4266.474459761193,-11.75241813689239
Ceiba,East,2030,7673.248566052681,7931.315036147221,8262.145774768947,8503.595168517895,8813.33566402105,9101.088030416728,9340.46085997881,hurricane_cat4,9810.202552540542,-1306.6073840226472,-13.318862449830618
Ciales,Central Mountains,2030,11510.56280372177,11924.346399270868,12463.27391575459,13141.302829293421,13972.807418461234,14711.36869119429,15084.667515557341,hurricane_cat4,14889.190356690244,-1747.8875273968224,-11.739305398909313
Cidra,Central Mountains,2030,28431.34501882334,29191.670199087082,29901.63774615975,31090.427667838412,32379.508647071933,33308.35463633572,34073.18828417617,hurricane_cat4,35228.96885608391,-4138.541188245501,-11.74755129834233
Coamo,South,2030,22627.955065618644,23355.818522333317,24785.246469446924,26482.222639677562,28399.489070930325,30216.921761300422,31053.54321681198,hurricane_cat4,30199.381265419473,-3717.1586257419112,-12.308724450584466
Comerío,Central Mountains,2030,13959.814278551996,14081.897865947125,14394.415893972075,14718.506437372385,14953.41692429466,15272.090713624319,15436.879763400004,hurricane_cat4,16675.24541673903,-1956.7389793666462,-11.734393890253767
Corozal,Central Mountains,2030,23959.48132944868,24499.163423165508,25911.545612641377,27231.576427700777,28501.523941367966,29392.321937606324,30301.67561599265,hurricane_cat4,30862.680844151786,-3631.1044164510095,-11.765356466559426
Culebra,East,2030,734.9234333173994,823.2627788426565,921.973008708724,1107.2274302007143,1290.360335254587,1442.1549735014662,1584.1311824568074,hurricane_cat4,1276.1573030473644,-168.92987284665014,-13.237386366340477
Dorado,North,2030,26726.673790733505,27171.864138641282,27805.806193425135,28545.973889325815,29188.82802212459,29760.784372824688,30127.404571540126,hurricane_cat4,31960.122702545574,-3414.148813219759,-10.682527238694949
Fajardo,East,2030,20442.511482289083,21109.521948379745,22149.682802053594,24242.215963526985,26001.895733672813,27433.80783857684,28755.572997501735,hurricane_cat4,27966.732988514363,-3724.517024987377,-13.317669341345649
Florida,North,2030,8444.65646255707,8607.434617717427,8808.103216035797,9092.937421832046,9413.428057847786,9598.088549393002,9737.937429710206,hurricane_cat4,10180.446517300632,-1087.5090954685857,-10.682331994185862
Guayama,South,2030,24392.65599410496,25085.300323300355,26172.89568938392,27465.250406915584,28532.613917664625,30038.47699410402,30766.38453697319,hurricane_cat4,31310.15611630006,-3844.905709384475,-12.28005920859276
Guayanilla,South,2030,12533.3525744099,12778.281140094205,13038.604276310758,13304.610866448038,13662.48687381608,13993.088492716985,14275.656209347986,hurricane_cat4,15169.329192088775,-1864.718325640737,-12.292688107877831
Guaynabo,Metro,2030,62159.46182968772,63922.97367855292,67367.4424674544,70577.32745122112,74183.10535711702,77279.1483972689,80460.26377647548,hurricane_cat4,79481.20251783336,-8903.875066612236,-11.202491638968919
Gurabo,East,2030,23952.375644951622,24928.48469760956,27857.546610128025,30586.87787232804,33162.85892902873,36414.00927247789,37440.19588962965,hurricane_cat4,35300.660645860924,-4713.782773532883,-13.353242367959998
Guánica,West,2030,8693.703631873872,9033.452807038355,9559.711043421223,10061.443615122236,10614.002858251122,11157.741890485031,11481.712925587986,hurricane_cat4,11336.093861326377,-1274.6502462041408,-11.244175125901794
Hatillo,North,2030,28220.83698629717,28892.784149853338,29529.74181096082,30407.298620311027,30917.48217813832,31729.590039083425,32120.01093923476,hurricane_cat4,34038.84591007031,-3631.5472897592845,-10.668832014321907
Hormigueros,West,2030,11590.111858251064,11729.161186620977,11938.304325808003,12161.525833865262,12410.751394160547,12637.017237322974,12741.424142132933,hurricane_cat4,13699.09259573791,-1537.5667618726475,-11.223858449945935
Humacao,East,2030,36757.3760357416,37204.05344446132,37850.9949528396,38581.90260243295,39387.958092709756,40053.96267447632,40625.69204354801,hurricane_cat4,44514.99323492833,-5933.090632495383,-13.328297279937653
Isabela,West,2030,30389.459074182276,30915.434789683328,32121.336404071888,33806.94306834623,35318.189161436625,37399.6115309765,38681.05967648407,hurricane_cat4,38080.5358018956,-4273.592733549376,-11.222512088017002
Jayuya,Central Mountains,2030,10241.303476799112,10532.808430965692,10913.306495587429,11451.084583389698,12006.640080070454,12541.693173671125,12977.020259082303,hurricane_cat4,12977.014377113084,-1525.929793723386,-11.75871236156286
Juana Díaz,South,2030,32787.256159433506,33279.02687578759,34501.01722361391,35883.89603364804,37070.24009475601,38446.800812946865,39320.86186136026,hurricane_cat4,40903.98531922763,-5020.08928557959,-12.27286105840599
Juncos,East,2030,26585.70382232959,26914.447030951516,27558.327688663594,28414.049932766102,29099.39315492359,29812.42817733691,30189.23045535222,hurricane_cat4,32788.599270624254,-4374.549337858152,-13.341678007506012
Lajas,West,2030,16365.2948377258,16645.847433513063,17285.131495975562,18191.34043577895,19025.027251968553,19965.106693985508,20547.576053472883,hurricane_cat4,20490.376772484007,-2299.036336705056,-11.220078392079017
Lares,Central Mountains,2030,15867.916356976491,16848.58885933798,19365.892283425193,21888.564704928223,24313.929039450057,26178.52559933994,27842.48629321132,hurricane_cat4,24792.896464895806,-2904.331759967583,-11.71437054190025
Las Marías,West,2030,5631.534918391077,5730.712529828694,6210.050353902236,6848.1577432293125,7529.418100355655,7952.6182229977185,8254.747322278377,hurricane_cat4,7712.702077042254,-864.5443338129417,-11.209357306648178
Las Piedras,East,2030,24377.607901023788,24851.30224245298,25741.480733593977,26742.20187797687,27919.27952098386,28894.007623995145,29390.567710822077,hurricane_cat4,30859.9129568021,-4117.711078825232,-13.343236206107353
Loíza,East,2030,16514.200801539093,16694.650385892422,17095.101193126608,17495.66994118654,17828.281852386357,18139.03105056189,18334.598742740214,hurricane_cat4,20185.110055016186,-2689.4401138296453,-13.323881348674117
Luquillo,East,2030,12837.249547959906,12978.298702895545,13177.337585468522,13467.27365177943,13801.453805883362,14045.155289886976,14284.840240886637,hurricane_cat4,15540.505668430615,-2073.2320166511854,-13.34082726061355
Manatí,North,2030,27767.296450011774,28238.326918272247,29554.028460278994,30887.66229044286,32191.432056108584,33787.49547527906,34562.24902510749,hurricane_cat4,34581.415510394836,-3693.7532199519774,-10.681324536416595
Maricao,West,2030,3149.606357978175,3346.2982419826403,3633.5644766301907,3877.6473525910233,4222.84015943355,4538.3514887205065,4644.269604281967,hurricane_cat4,4366.886260047407,-489.23890745638346,-11.203381043660897
Maunabo,East,2030,7492.877908674352,7627.600816368433,7808.0883830795165,7998.600069913511,8249.411222126177,8469.142251197834,8618.216976990696,hurricane_cat4,9230.55705359378,-1231.9569836802693,-13.34650743749669
Mayagüez,West,2030,51314.651430231126,52330.750895289086,53464.9479183434,55932.11880699035,57531.98715266358,59426.3982091792,60398.30755622116,hurricane_cat4,62990.02948100968,-7057.910674019331,-11.204806113239174
Moca,West,2030,25159.548421939096,26007.24950789238,27415.549275910922,29215.03911950609,31113.925156136873,32592.80118592366,34272.840342515556,hurricane_cat4,32923.3049999769,-3708.265880470808,-11.26334637568558
Morovis,Central Mountains,2030,20169.230872034856,20559.36386179933,21403.28735459939,22353.39432607979,23120.611676466124,24020.506947197533,24743.44020646571,hurricane_cat4,25322.345539370246,-2968.9512132904565,-11.724629571436978
Naguabo,East,2030,14965.213455104371,15591.656217193986,16865.91273218706,17956.426814774695,19208.48107743729,20277.12541869203,20827.20863675144,hurricane_cat4,20721.265928300436,-2764.8391135257407,-13.34300289901503
Naranjito,Central Mountains,2030,19960.468041423883,20539.349172916962,21666.690963129775,22754.47878074876,23716.448431203517,24671.879735238308,25339.27362433856,hurricane_cat4,25783.999348472258,-3029.520567723499,-11.749614661322905
Orocovis,Central Mountains,2030,14704.744211319941,15246.548978984958,15768.593254368941,16584.364872631475,17214.686577492714,17948.133693057818,18208.59868489368,hurricane_cat4,18787.657094377566,-2203.292221746091,-11.727338915534352
Patillas,South,2030,11567.850652424766,11701.093222697704,11849.981653124833,12085.913579523578,12346.225570130382,12515.139480993019,12702.631256992112,hurricane_cat4,13777.058781837808,-1691.1452023142301,-12.27508156199242
Peñuelas,South,2030,13408.195023609862,13857.632717259645,14374.466131290554,15315.903103761502,16174.420293085426,17111.096027400443,17730.360567068186,hurricane_cat4,17461.66375473891,-2145.7606509774087,-12.288408946112433
Ponce,South,2030,92815.19210197082,95225.55678252345,99006.35510257732,102889.95318452167,107447.44316711015,110854.82606794176,112896.45547673586,hurricane_cat4,117262.51793884183,-14372.564754320163,-12.256742398978814
Quebradillas,North,2030,17221.150852824983,17379.000057660553,17956.856976159914,18370.816127098922,18964.290747672116,19306.880728422682,19783.654847902424,hurricane_cat4,20567.50313735594,-2196.6870102570174,-10.680377659781474
Rincón,West,2030,10030.487155409886,10393.17508637968,11207.539424065255,12092.606362070608,13015.312629226164,13830.472781969987,14307.252115430694,hurricane_cat4,13624.697137000683,-1532.090774930075,-11.244952893443521
Río Grande,East,2030,33429.93046596384,33772.306740538836,34427.11032482826,35270.58080990595,36300.300603135256,37066.52015808316,37256.917876327374,hurricane_cat4,40704.07036185092,-5433.489551944971,-13.348762184327887
Sabana Grande,West,2030,16036.030666641878,16497.272567171658,17117.764154033553,17664.164298379786,18398.98532958424,19288.11753003114,19646.206532301494,hurricane_cat4,19896.572091258742,-2232.4077928789557,-11.220062343602043
Salinas,South,2030,18042.507282856674,18237.791261879876,18837.204599888108,19474.497658903725,20268.41819671628,20850.561486301092,21243.47923193507,hurricane_cat4,22202.839895178047,-2728.342236274322,-12.288257939773086
San Germán,West,2030,21795.92511636836,22346.793356118233,23281.36132295482,24451.191174719803,25752.91247861003,26662.109862100417,27423.572902593198,hurricane_cat4,27549.965657259745,-3098.7744825399423,-11.247834284408185
San Juan,Metro,2030,231669.0664457255,236049.0556040498,250740.52598615194,262900.14332656446,275598.0803630932,292448.94930101576,300455.37767038925,hurricane_cat4,296166.01102510456,-33265.867698540096,-11.23216927675077
San Lorenzo,East,2030,26313.491003082585,26782.27596505042,27689.15391583486,28956.34893962164,29867.744614993113,30928.876348083842,31436.26412985347,hurricane_cat4,33400.113573816074,-4443.764634194435,-13.304639292239148
San Sebastián,West,2030,25687.062198303647,26603.25559136373,28575.816458469515,31115.840548638676,33028.79712046245,35516.49109416455,36605.21217053014,hurricane_cat4,35023.33914702061,-3907.498598381935,-11.156841961810317
Santa Isabel,South,2030,14124.033338050458,14430.330288136938,14969.475464701625,15565.368854757744,16160.906649361274,16606.27316400586,16913.15705372633,hurricane_cat4,17741.19365802906,-2175.8248032713163,-12.264252593210447
Toa Alta,Metro,2030,45279.12541695179,46872.349251488355,49276.33484031523,52311.885960356136,54835.67022367779,57165.664652083935,58547.8855614954,hurricane_cat4,58924.65510417106,-6612.769143814927,-11.222414678752752
Toa Baja,Metro,2030,54142.0174733747,54539.68375128349,55833.0096202907,57259.02519752921,58568.55829005769,59943.006519446935,61064.86563506307,hurricane_cat4,64497.27837963238,-7238.253182103166,-11.222571500612244
Trujillo Alto,Metro,2030,46985.67648454156,48099.40522562841,50312.73363736002,52563.07347449736,55039.859839887635,57872.45219666035,59271.03453060093,hurricane_cat4,59216.32284574344,-6653.249371246078,-11.235499017015245
Utuado,Central Mountains,2030,19855.087090891837,20140.140083621885,20767.620987712053,21559.013046277476,22422.052557116243,22994.297844955025,23401.094717599488,hurricane_cat4,24429.631811870342,-2870.618765592866,-11.750560907749884
Vega Alta,North,2030,26229.321363632647,26508.6927518423,27063.189587435023,27841.08514625587,28440.118652080066,28980.62067875305,29526.887593754487,hurricane_cat4,31166.141954517374,-3325.0568082615027,-10.668811087089182
Vega Baja,North,2030,36206.06569897672,37213.92027146302,39504.60643050163,42291.393077738205,44874.243170181515,47234.31679585387,48751.69158667018,hurricane_cat4,47350.44177620197,-5059.048698463768,-10.684269266958378
Vieques,East,2030,5921.124252578841,5952.760184944383,6081.93579254588,6205.761252530996,6310.327912056017,6471.480671255482,6576.525696825308,hurricane_cat4,7161.343235478324,-955.5819829473276,-13.34361378202398
Villalba,South,2030,15507.671758399338,15813.581713240555,16217.777667476086,16781.71293788698,17345.448861987687,18100.816099941734,18286.27223791765,hurricane_cat4,19128.337337927198,-2346.6244000402185,-12.267790757680697
Yabucoa,East,2030,20791.35332139787,21198.596047257113,21661.31547691465,22511.643766382207,23342.553583732886,24195.420426085977,24762.143003275236,hurricane_cat4,25977.28211264608,-3465.6383462638732,-13.341035183110074
Yauco,South,2030,23919.882326450832,24349.479007974616,25019.970146619362,25646.61983975896,26349.384543436176,27182.40428186266,27667.44497611016,hurricane_cat4,29244.812164870047,-3598.1923251110857,-12.303694429035751
Adjuntas,Central Mountains,2030,12108.734162123214,12302.009319698345,12709.709339066392,13252.369174837117,13695.83690291363,14082.504890090915,14278.297011528311,hurricane_cat5_maria_like,15952.865950878464,-2700.4967760413474,-16.927972593492775
Aguada,West,2030,25697.736492810345,26352.6679899201,27088.02011844325,27926.23684514532,29037.131321375637,29830.770509312108,30426.054059318016,hurricane_cat5_maria_like,33314.010737823926,-5387.773892678608,-16.17269663229549
Aguadilla,West,2030,34207.790475275106,35369.229873843025,37406.93316382029,39996.065763823615,42706.23154876764,44997.44867909454,47537.13402250515,hurricane_cat5_maria_like,47699.875745195975,-7703.80998137236,-16.150587105351608
Aguas Buenas,Central Mountains,2030,16453.790375787652,16627.66528955003,17022.106299000552,17431.74811343654,17790.59811322768,18157.276838874026,18414.060784285084,hurricane_cat5_maria_like,20980.210019320573,-3548.4619058840326,-16.91337647533686
Aibonito,Central Mountains,2030,14808.43270439037,15418.74285125655,16544.74793721763,18319.07065575233,19544.16392363021,20883.057011549976,21813.712722372584,hurricane_cat5_maria_like,22048.661472905784,-3729.590817153454,-16.915270896315015
Arecibo,North,2030,57075.8014634739,58376.510648791744,61869.27662939346,65068.08991188976,68385.43608218731,71461.56492424593,74169.01207947153,hurricane_cat5_maria_like,76900.55443330629,-11832.464521416528,-15.386708988786935
Arroyo,South,2030,9633.503911984682,9948.349012558445,10473.060022148116,11078.80744919161,11642.500384103983,12069.711880252335,12564.576769106208,hurricane_cat5_maria_like,13460.42742016408,-2381.6199709724697,-17.69349439383135
Añasco,West,2030,17655.346041054047,17849.895309413652,18212.869645725754,18605.675815534756,19085.978829552158,19535.768397515923,19797.089422314475,hurricane_cat5_maria_like,22195.246827106355,-3589.5710115715992,-16.17270147763245
Barceloneta,North,2030,15353.974164475338,15689.99922880766,16243.665349218169,16784.354718535913,17469.501525978496,18139.983093386603,18537.689915258223,hurricane_cat5_maria_like,19846.25882618445,-3061.9041076485373,-15.428117382046683
Barranquitas,Central Mountains,2030,19321.531680669286,19735.10228302732,20615.01568754232,21510.93266633092,22256.995095722814,23022.88543175718,23354.528972175092,hurricane_cat5_maria_like,25887.01254667347,-4376.079880342553,-16.904538028297466
Bayamón,Metro,2030,115658.66727398658,118019.81505223189,125675.08903156857,134527.80613705193,143598.431233324,152068.33865974424,158170.93828889495,hurricane_cat5_maria_like,160532.46994954243,-26004.6638124905,-16.1990056096839
Cabo Rojo,West,2030,33311.899600680146,33577.98975377074,34122.28669846569,34749.65488309719,35490.40681305235,36137.24803276251,36606.52842089129,hurricane_cat5_maria_like,41459.86937764862,-6710.21449455143,-16.184842343398614
Caguas,East,2030,84859.40609857129,85829.15738314342,87851.66367492106,89792.29413327946,91853.51590357085,94535.71308727203,96984.94654244925,hurricane_cat5_maria_like,111077.45194095813,-21285.157807678668,-19.162446955474397
Camuy,North,2030,21240.338089228113,22050.884633068472,23200.348497422663,24433.348528681574,25831.012720743634,27114.97140638119,27796.024859270157,hurricane_cat5_maria_like,28891.288087283578,-4457.939558602004,-15.430047788572478
Canóvanas,East,2030,27085.94494931974,27415.671373655518,28675.41727505885,29976.046081477863,31160.602966174338,32232.317248068048,32756.906902152325,hurricane_cat5_maria_like,37081.33596547195,-7105.28988399409,-19.16136433328652
Carolina,Metro,2030,100766.86425276156,102800.23265808317,107195.32309358414,112449.87263759275,117673.29289946116,122000.46046519588,124164.0688498493,hurricane_cat5_maria_like,134149.2318856066,-21699.359248013847,-16.175537454077705
Cataño,Metro,2030,15737.304175888798,15972.59015541463,16322.045412127558,16698.068306315825,17020.73494724945,17364.899322315912,17487.353653064478,hurricane_cat5_maria_like,19918.13075189707,-3220.0624455812467,-16.166489143438106
Cayey,Central Mountains,2030,28610.374140539527,28922.2107782843,29452.340707267453,30159.85568093334,30809.101541299435,31497.573487884456,31818.487736137035,hurricane_cat5_maria_like,36302.94982756075,-6143.094146627409,-16.921749267778917
Ceiba,East,2030,7150.080570853429,7395.150028962697,7705.272321220014,7935.40730788031,8228.621966703698,8499.62659443225,8725.022624845511,hurricane_cat5_maria_like,9810.202552540542,-1874.7952446602321,-19.11066804807937
Ciales,Central Mountains,2030,10820.920335181378,11214.115738175738,11725.766945602394,12372.426855519534,13161.537221430144,13867.210945040531,14224.454119086235,hurricane_cat5_maria_like,14889.190356690244,-2516.76350117071,-16.90329320049185
Cidra,Central Mountains,2030,26738.967495078814,27463.83995592763,28133.31400883899,29270.023735821673,30501.17126569563,31385.08829542722,32114.253140069406,hurricane_cat5_maria_like,35228.96885608391,-5958.94512026224,-16.91490075853626
Coamo,South,2030,21198.678224058527,21886.86505521494,23249.714398320302,24853.39029530305,26678.045361410826,28407.093204916575,29199.91670603312,hurricane_cat5_maria_like,30199.381265419473,-5345.990970116425,-17.70231953804292
Comerío,Central Mountains,2030,13135.484495420473,13250.392893933044,13548.993350654142,13857.71617226965,14080.784266076078,14383.875404271183,14540.864558184021,hurricane_cat5_maria_like,16675.24541673903,-2817.5292444693823,-16.896478426884652
Corozal,Central Mountains,2030,22523.32396354848,23036.593467491974,24381.518876819937,25634.561423725405,26844.471586048934,27695.341040175594,28563.771263489798,hurricane_cat5_maria_like,30862.680844151786,-5228.119420426381,-16.9399393618039
Culebra,East,2030,682.5372564189839,765.1620129494411,858.338590086294,1033.6793952061262,1207.1204087115905,1350.1671350433,1485.8353597743635,hurricane_cat5_maria_like,1276.1573030473644,-242.47790784123822,-19.000628469720766
Dorado,North,2030,25295.195214392286,25720.204725885236,26328.144970234847,27033.34227124502,27651.869786797164,28197.117291584946,28550.348643464782,hurricane_cat5_maria_like,31960.122702545574,-4926.7804313005545,-15.415398986901085
Fajardo,East,2030,19037.437958342773,19657.86799915517,20641.45845062507,22624.711916638895,24274.06378249633,25633.334430244657,26885.940475789615,hurricane_cat5_maria_like,27966.732988514363,-5342.021071875468,-19.101341132943123
Florida,North,2030,7990.175281501044,8146.198444364628,8337.721254159938,8611.122389828193,8917.38339990755,9094.834725539415,9227.68929447448,hurricane_cat5_maria_like,10180.446517300632,-1569.3241274724387,-15.415081497707712
Guayama,South,2030,22861.611803851854,23517.534206265955,24551.19774500546,25781.74684331313,26792.503309183572,28227.252529598605,28920.618113972174,hurricane_cat5_maria_like,31310.15611630006,-5528.40927298693,-17.65692017775932
Guayanilla,South,2030,11755.279215900258,11989.13504779803,12234.874516645747,12487.42257382832,12828.479706188351,13140.963866258415,13410.38479132681,hurricane_cat5_maria_like,15169.329192088775,-2681.9066182604547,-17.67979707144297
Guaynabo,Metro,2030,58605.01327036027,60305.271818976726,63577.17860688507,66646.3345355996,70087.52287328038,73044.36073949527,76081.31705716843,hurricane_cat5_maria_like,79481.20251783336,-12834.867982233758,-16.14830623549508
Gurabo,East,2030,22271.90627543639,23193.798683067977,25958.97944560113,28534.120025105236,30974.47194473579,34048.17231206768,35011.70528167555,hurricane_cat5_maria_like,35300.660645860924,-6766.540620755688,-19.1683115753503
Guánica,West,2030,8193.71369413541,8517.470323827862,9021.231315250192,9498.845516710811,10028.074648484704,10546.049998057008,10853.694207613837,hurricane_cat5_maria_like,11336.093861326377,-1837.2483446155657,-16.207067152852588
Hatillo,North,2030,26708.29215585948,27348.540581660825,27956.235027567,28797.979328912646,29284.74324826404,30064.511077204956,30438.38612041873,hurricane_cat5_maria_like,34038.84591007031,-5240.866581157665,-15.396722306637214
Hormigueros,West,2030,10937.223605438749,11071.164172083701,11269.790720423209,11482.80480391367,11721.038964174197,11937.27632844772,12036.165748249117,hurricane_cat5_maria_like,13699.09259573791,-2216.2877918242393,-16.178354707331312
Humacao,East,2030,34274.286822458336,34699.77546112056,35308.42029907374,35999.297211094454,36761.22055534448,37392.15429094635,37934.41144355787,hurricane_cat5_maria_like,44514.99323492833,-8515.69602383388,-19.129950169580408
Isabela,West,2030,28664.88933286082,29164.940933996397,30317.06300961633,31919.082278201655,33364.908253782254,35348.36459039661,36572.702034139285,hurricane_cat5_maria_like,38080.5358018956,-6161.453523693948,-16.180059954375007
Jayuya,Central Mountains,2030,9628.669584392144,9906.373761897372,10268.764864189969,10779.227335432184,11309.84968383558,11819.493513854959,12235.766180714252,hurricane_cat5_maria_like,12977.014377113084,-2197.7870416809,-16.93599912748057
Juana Díaz,South,2030,30739.690707164747,31205.93820029114,32370.927346628327,33683.66119127143,34812.962781460184,36113.81238334733,36951.06342141568,hurricane_cat5_maria_like,40903.98531922763,-7220.324127956199,-17.651884215209126
Juncos,East,2030,24785.087989989817,25092.76016711505,25703.204893696973,26507.698408089473,27159.985154668342,27834.891548614563,28193.39940377334,hurricane_cat5_maria_like,32788.599270624254,-6280.9008625347815,-19.1557462113422
Lajas,West,2030,15434.947557348647,15703.233030055655,16315.704533138432,17176.424137038153,17971.94558599803,18872.311640798245,19429.598581487313,hurricane_cat5_maria_like,20490.376772484007,-3313.952635445854,-16.173214735104697
Lares,Central Mountains,2030,14885.367310291827,15813.338054569045,18198.49052547941,20610.758806709426,22923.374072956474,24690.742129000195,26274.6269011236,hurricane_cat5_maria_like,24792.896464895806,-4182.137658186381,-16.868289931786943
Las Marías,West,2030,5304.049370821311,5400.648704850787,5855.573737343713,6466.776221546019,7117.863625230606,7519.343512897216,7809.590400083803,hurricane_cat5_maria_like,7712.702077042254,-1245.9258554962353,-16.154206956922103
Las Piedras,East,2030,22715.002938936068,23162.29748083699,24005.97214351612,24950.68297748088,26063.251824087074,26986.864061915363,27457.604327599973,hurricane_cat5_maria_like,30859.9129568021,-5909.229979321222,-19.14856334038595
Loíza,East,2030,15397.05983941572,15567.43397053217,15944.175185680342,16325.41874716032,16638.314241266897,16933.361787131038,17117.400826332967,hurricane_cat5_maria_like,20185.110055016186,-3859.6913078558664,-19.12147765028756
Luquillo,East,2030,11970.786330730381,12102.628545091911,12291.438928319963,12565.260421613419,12880.738374907436,13110.939719424563,13339.73337300667,hurricane_cat5_maria_like,15540.505668430615,-2975.245246817196,-19.14509933136337
Manatí,North,2030,26264.659868616076,26717.998327741927,27975.985950009814,29251.131751528217,30498.46491870012,32028.654383961893,32766.18397373969,hurricane_cat5_maria_like,34581.415510394836,-5330.283758866619,-15.41372347023906
Maricao,West,2030,2967.4524710315245,3153.2764839179627,3428.1004487836167,3661.647164084161,3990.5317088775314,4291.737217631236,4392.027025344873,hurricane_cat5_maria_like,4366.886260047407,-705.2390959632457,-16.14970150277259
Maunabo,East,2030,6984.703563056989,7113.55158464511,7281.991563539736,7462.591165886044,7700.568080235456,7909.702348159906,8049.901463840728,hurricane_cat5_maria_like,9230.55705359378,-1767.9658877077363,-19.153404040977193
Mayagüez,West,2030,48405.74126839349,49375.16519135815,50459.39577162988,52816.143299310585,54340.65833954297,56148.20948407596,57077.377416881536,hurricane_cat5_maria_like,62990.02948100968,-10173.886181699098,-16.15158187021699
Moca,West,2030,23714.500374612024,24520.870771133214,25866.13681486104,27578.467153601006,29396.122788800825,30804.605724922538,32410.449496071076,hurricane_cat5_maria_like,32923.3049999769,-5344.837846375893,-16.234208097818986
Morovis,Central Mountains,2030,18965.48730710691,19337.307655374192,20141.825199140727,21047.256686199136,21775.19798881883,22634.801165569355,23322.646741550197,hurricane_cat5_maria_like,25322.345539370246,-4275.08885317111,-16.882673236270154
Naguabo,East,2030,13928.400254575581,14524.812442244607,15726.553931244114,16756.973008607074,17940.963155885584,18948.76534734818,19473.61126676493,hurricane_cat5_maria_like,20721.265928300436,-3964.292919693362,-19.1315189593656
Naranjito,Central Mountains,2030,18759.755507610513,19311.19857893565,20385.62621359264,21421.951302979192,22337.63071032908,23249.63539777594,23878.192113088833,hurricane_cat5_maria_like,25783.999348472258,-4362.048045493066,-16.917654963218588
Orocovis,Central Mountains,2030,13823.720553070556,14340.707778432692,14835.648275591046,15615.091307750521,16210.076176135968,16913.572800703747,17158.380772776534,hurricane_cat5_maria_like,18787.657094377566,-3172.565786627045,-16.886436508235366
Patillas,South,2030,10851.587361586753,10979.524669713763,11120.168408133508,11344.70949198299,11591.754130852503,11753.184654028973,11930.708863311895,hurricane_cat5_maria_like,13777.058781837808,-2432.3492898548175,-17.65506940466397
Peñuelas,South,2030,12565.917549389547,12989.569683048823,13479.838060722239,14375.557199475046,15191.475901467496,16080.876432091167,16666.161315461417,hurricane_cat5_maria_like,17461.66375473891,-3086.1065552638647,-17.67361116678431
Ponce,South,2030,87019.22870274114,89302.24653469677,92886.36486940863,96584.8662544929,100904.12269181325,104124.746892862,106071.30463105786,hurricane_cat5_maria_like,117262.51793884183,-20677.651684348937,-17.63364120761363
Quebradillas,North,2030,16295.896741428925,16446.826235125696,16997.781917851604,17397.5900873762,17963.49135394965,18291.073841102112,18744.61626067073,hurricane_cat5_maria_like,20567.50313735594,-3169.9130499797393,-15.412240507805501
Rincón,West,2030,9451.13406344165,9798.603696412534,10573.675727769021,11416.628387525216,12300.661953468465,13075.710899939582,13531.66944746374,hurricane_cat5_maria_like,13624.697137000683,-2208.0687494754675,-16.206369413372133
Río Grande,East,2030,31170.387016363926,31490.296247632486,32111.514616353532,32907.254460117416,33883.001529868416,34602.03307988322,34782.39536141134,hurricane_cat5_maria_like,40704.07036185092,-7796.815901733506,-19.15488016903812
Sabana Grande,West,2030,15125.612897153267,15564.081995148323,16157.046157883651,16679.401421576735,17378.72789047406,18230.65746347188,18570.597192021796,hurricane_cat5_maria_like,19896.572091258742,-3217.1706696820074,-16.16947208255749
Salinas,South,2030,16918.205297060278,17106.109567612384,17672.448486927446,18279.12156546494,19034.853011639294,19585.557911425225,19958.093502654276,hurricane_cat5_maria_like,22202.839895178047,-3923.7183297131087,-17.672146212995262
San Germán,West,2030,20554.19897132951,21075.688785058785,21966.2704257582,23083.493149957718,24327.710801360427,25197.449091943527,25921.6069414674,hurricane_cat5_maria_like,27549.965657259745,-4466.472507302027,-16.21226161537903
San Juan,Metro,2030,218440.73722337256,222602.27688612585,236617.4587182725,248216.77765804436,260309.20861407986,276463.7299348382,284088.2835882418,hurricane_cat5_maria_like,296166.01102510456,-47949.233367060195,-16.18998520495175
San Lorenzo,East,2030,24527.46680775355,24959.742263003598,25825.090352436735,27021.24163187979,27879.97114188529,28887.675196496824,29360.402631271514,hurricane_cat5_maria_like,33400.113573816074,-6378.871941936282,-19.098354045529298
San Sebastián,West,2030,24210.587854083456,25079.39210556732,26958.642709438645,29390.10414518643,31216.961284695422,33588.42875049485,34617.1086147697,hurricane_cat5_maria_like,35023.33914702061,-5633.235001834182,-16.084231655317176
Santa Isabel,South,2030,13243.303335182274,13533.864237468411,14044.272286550775,14611.343635833555,15178.614390076862,15600.451403658291,15889.999352473083,hurricane_cat5_maria_like,17741.19365802906,-3129.8500221955055,-17.64171048760883
Toa Alta,Metro,2030,42684.42685767026,44220.92405971195,46496.93245374107,49392.71265106229,51809.9676002433,54028.72746645216,55337.50673261269,hurricane_cat5_maria_like,58924.65510417106,-9531.942453108772,-16.17649256708851
Toa Baja,Metro,2030,51092.72842496826,51471.78901029164,52700.98324630769,54063.8431487666,55315.140220873465,56627.491991147544,57696.37447349026,hurricane_cat5_maria_like,64497.27837963238,-10433.435230865776,-16.176551155312865
Trujillo Alto,Metro,2030,44314.731621735,45366.0409741945,47479.71341417589,49626.319380087465,51988.98646266003,54703.87502783919,56017.406051858175,hurricane_cat5_maria_like,59216.32284574344,-9590.003465655973,-16.194864869670504
Utuado,Central Mountains,2030,18673.744006257086,18944.581244654288,19541.754774182216,20296.347529222166,21116.029256262427,21660.58287818734,22050.946317329202,hurricane_cat5_maria_like,24429.631811870342,-4133.284282648176,-16.919142762683045
Vega Alta,North,2030,24828.91713964163,25091.258108304493,25624.33975574637,26367.811291569364,26941.672352639358,27456.72089405309,27981.99248487701,hurricane_cat5_maria_like,31166.141954517374,-4798.33066294801,-15.395972558780302
Vega Baja,North,2030,34229.00007156157,35190.1202145119,37379.45180742152,40050.050742754276,42512.89429852201,44783.92079807126,46221.369683594996,hurricane_cat5_maria_like,47350.44177620197,-7300.391033447697,-15.417788640605306
Vieques,East,2030,5520.810118087065,5550.951291359046,5673.2219685267155,5789.929471725104,5888.86824295852,6042.16664163483,6140.961597228528,hurricane_cat5_maria_like,7161.343235478324,-1371.4137637532194,-19.150230880696217
Villalba,South,2030,14542.929637484318,14835.170574199352,15216.692634216983,15753.177720902073,16287.56832581263,17005.661423129666,17179.05811823811,hurricane_cat5_maria_like,19128.337337927198,-3375.159617025125,-17.644814378785245
Yabucoa,East,2030,19376.764692840825,19762.333424823304,20199.96945088313,21005.254993486295,21788.11506065762,22598.73398453787,23132.03169563949,hurricane_cat5_maria_like,25977.28211264608,-4972.027119159786,-19.139905004686145
Yauco,South,2030,22433.75267612864,22841.379710924615,23477.680136528397,24069.87279099562,24740.897249609963,25532.020104624677,25991.928691184017,hurricane_cat5_maria_like,29244.812164870047,-5174.939373874426,-17.695238884422565
Adjuntas,Central Mountains,2030,14244.615799344054,14460.042455144589,14924.720080081028,15544.857178770722,16042.377188875838,16489.077247910915,16709.049290379968,earthquake_m6_0,15952.865950878464,-408.0087721077416,-2.5575891715260988
Aguada,West,2030,29871.736124356503,30614.45037043728,31432.41015253643,32382.08568607873,33632.965866044535,34535.79147673233,35203.16722219062,earthquake_m6_0,33314.010737823926,-931.9250517451947,-2.7973967442086143
Aguadilla,West,2030,39825.484320283314,41152.04483379334,43452.12821163692,46365.69367012204,49427.577182783156,52028.45634379606,54846.78312980274,earthquake_m6_0,47699.875745195975,-1334.1820750739353,-2.797034697115129
Aguas Buenas,Central Mountains,2030,19327.529407670037,19529.141044186872,19976.880950930645,20444.095351875752,20852.403673773602,21273.335111455588,21562.535739937266,earthquake_m6_0,20980.210019320573,-536.114667444821,-2.555335084592173
Aibonito,Central Mountains,2030,17477.57139114967,18178.795479195524,19465.0134970817,21485.264643568804,22864.9812499084,24374.75436968658,25453.23585094439,earthquake_m6_0,22048.661472905784,-563.3968293369799,-2.555242775300908
Arecibo,North,2030,66258.14497301521,67692.17023149795,71616.97324130079,75216.53194868167,78980.9155342701,82415.22348939831,85463.56922514856,earthquake_m6_0,76900.55443330629,-1684.0224846246128,-2.1898704073520285
Arroyo,South,2030,11396.409511120992,11759.630491845,12360.202855271189,13050.965131872752,13696.062302135948,14180.60585581082,14750.04965093592,earthquake_m6_0,13460.42742016408,-409.46228829132815,-3.0419709234339964
Añasco,West,2030,20507.86842040351,20722.42569393574,21135.95822403924,21574.148129520938,22120.411246345568,22624.340731639702,22915.5241389217,earthquake_m6_0,22195.246827106355,-621.0986975854175,-2.798341025101326
Barceloneta,North,2030,17800.115369942843,18180.71306685071,18796.191151164574,19410.421521832905,20183.14892908759,20932.696317058406,21378.38031415017,earthquake_m6_0,19846.25882618445,-435.83730435154575,-2.19606782400982
Barranquitas,Central Mountains,2030,22732.983194327015,23207.043868498506,24203.961234322916,25225.706336386116,26080.24730702623,26940.445748653052,27318.863666334495,earthquake_m6_0,25887.01254667347,-661.3062102873555,-2.5545868187572482
Bayamón,Metro,2030,135343.17779645792,138087.14767966917,146747.62611597683,156809.43640530872,167041.12521778521,176716.8111423883,183629.66321497134,earthquake_m6_0,160532.46994954243,-3723.033544233709,-2.319177886818729
Cabo Rojo,West,2030,38672.285323070835,38967.09042650808,39585.638681242,40299.02801263384,41129.695483254574,41862.33282655332,42385.05418910822,earthquake_m6_0,41459.86937764862,-1160.8413650147777,-2.7999156351433117
Caguas,East,2030,102719.05911367731,103876.04609482105,106211.58709283237,108501.24600983065,110901.73774912875,113982.4083890706,116886.54492650818,earthquake_m6_0,111077.45194095813,-2576.205931127479,-2.319287925777078
Camuy,North,2030,24652.06772623279,25568.015252131303,26864.19764167694,28256.19934539275,29828.391039122496,31265.47191733463,32030.992718630594,earthquake_m6_0,28891.288087283578,-635.0887418908278,-2.19820154771971
Canóvanas,East,2030,32818.81294988888,33228.88998525276,34694.896450313165,36221.89941242359,37588.33234830619,38836.330409206676,39450.39014035062,earthquake_m6_0,37081.33596547195,-859.4365530483628,-2.3177065514808355
Carolina,Metro,2030,117754.46197751482,120108.50583795685,125108.08744370159,131042.05962650738,136943.1550714037,141925.82482099865,144327.57291431664,earthquake_m6_0,134149.2318856066,-3107.172259099214,-2.316205777271092
Cataño,Metro,2030,18368.4250684487,18637.586290714713,19032.479378462398,19457.029837738897,19822.65362628232,20211.61680892091,20353.308829992544,earthquake_m6_0,19918.13075189707,-461.1009141581744,-2.314980857901325
Cayey,Central Mountains,2030,33604.13310438276,33964.93374120788,34566.34860691278,35374.84333239154,36113.31778020226,36895.388495157116,37265.08516327195,earthquake_m6_0,36302.94982756075,-928.1064951692097,-2.556559451994181
Ceiba,East,2030,8668.340082346735,8950.48507622783,9320.460336032134,9583.168689762304,9923.065572425428,10242.35851874006,10507.851360874816,earthquake_m6_0,9810.202552540542,-227.03386277823847,-2.314262743937368
Ciales,Central Mountains,2030,12739.110532452847,13189.189458400353,13776.212169986935,14508.995795813407,15415.084246109654,16210.663908965304,16612.146160497152,earthquake_m6_0,14889.190356690244,-380.1945608768365,-2.553493855399609
Cidra,Central Mountains,2030,31445.01150453143,32267.37364860887,33049.74604906883,34328.637679949665,35718.708438784655,36726.26014016381,37553.3509987889,earthquake_m6_0,35228.96885608391,-900.3311761342484,-2.5556557724191364
Coamo,South,2030,25088.146969394747,25882.80835215009,27423.693622772334,29280.163015630715,31353.75678177762,33320.292131379865,34231.0891017616,earthquake_m6_0,30199.381265419473,-919.2182497887588,-3.043831400749034
Comerío,Central Mountains,2030,15426.97071085527,15561.747175721232,15898.505096214394,16249.57170534748,16505.05581442169,16851.440520639917,17029.831740826987,earthquake_m6_0,16675.24541673903,-425.6737113915515,-2.552728315256155
Corozal,Central Mountains,2030,26518.36048125406,27104.22194014861,28634.68193780873,30072.805623106207,31443.59041371331,32413.946370677168,33388.816111064945,earthquake_m6_0,30862.680844151786,-789.8752210455787,-2.5593214829075785
Culebra,East,2030,834.9201814175613,934.1087659998057,1042.7648058918187,1246.8393493386407,1448.0264941499363,1616.243221721417,1769.7202271170186,earthquake_m6_0,1276.1573030473644,-29.317953708723735,-2.297362060203295
Dorado,North,2030,29295.082548898194,29776.500445591286,30456.3513460646,31258.76143563023,31944.18093574562,32563.6936434758,32953.64674337808,earthquake_m6_0,31960.122702545574,-701.3612669153445,-2.1944886552625222
Fajardo,East,2030,23116.377673023326,23872.562284392145,25028.509862274313,27319.545939839136,29281.914966996923,30848.2033531387,32294.34210844071,earthquake_m6_0,27966.732988514363,-647.1870486752268,-2.314131754113073
Florida,North,2030,9260.489150184489,9435.221612325757,9651.585862153239,9957.05548250838,10302.75077143603,10499.965966202222,10652.305489393219,earthquake_m6_0,10180.446517300632,-223.39103479225196,-2.1943147033150425
Guayama,South,2030,27026.613371532312,27780.876659214202,28959.852594279902,30359.328580500707,31517.708903565355,33145.16392458096,33931.20016769646,earthquake_m6_0,31310.15611630006,-950.8275357993516,-3.0368022831555
Guayanilla,South,2030,13870.666439057888,14134.289368530253,14419.370695462421,14708.28742144579,15094.126485233339,15455.569308166834,15761.409844682968,earthquake_m6_0,15169.329192088775,-461.0417706429853,-3.0393022974505115
Guaynabo,Metro,2030,68559.62610356914,70432.45092244707,74180.5023195054,77643.83725141131,81540.17069516184,84884.08807080348,88319.63508299034,earthquake_m6_0,79481.20251783336,-1837.3652664220426,-2.311697870964885
Gurabo,East,2030,27154.22882923553,28236.036256063926,31468.75171672017,34483.04967611241,37315.85479342341,40889.230593185144,42040.96241595655,earthquake_m6_0,35300.660645860924,-817.6109697485153,-2.316135037672112
Guánica,West,2030,9545.72399998606,9912.292337312805,10476.942765619093,11018.258774542403,11609.70726520188,12196.676737112939,12548.186505835987,earthquake_m6_0,11336.093861326377,-317.8350867839745,-2.803744311506488
Hatillo,North,2030,30935.232326438465,31663.737673235333,32352.691516385195,33292.92586112473,33844.907079955694,34713.85227580179,35133.50535260028,earthquake_m6_0,34038.84591007031,-745.9200489455834,-2.1913787879773703
Hormigueros,West,2030,12700.984014119364,12848.40713653016,13075.035961580008,13315.711829054375,13583.36391533185,13826.354571665855,13939.488680469625,earthquake_m6_0,13699.09259573791,-383.3807666835346,-2.7985851179866676
Humacao,East,2030,41477.00974417613,41962.46970183223,42682.24827257803,43485.15508568682,44375.496813466525,45105.92024858837,45733.05343641467,earthquake_m6_0,44514.99323492833,-1029.8381492415137,-2.3134635645265234
Isabela,West,2030,33325.24664546294,33897.010977626465,35191.303939140234,37016.19880968415,38636.13666776745,40884.37008372049,42260.764196472686,earthquake_m6_0,38080.5358018956,-1064.3369922114507,-2.794963279267907
Jayuya,Central Mountains,2030,11329.330018996858,11648.976527820754,12060.411484325832,12645.111371097073,13245.33399621497,13824.926767269932,14293.486382335479,earthquake_m6_0,12977.014377113084,-331.9030060160112,-2.557622241687364
Juana Díaz,South,2030,36308.28753510168,36843.18017488394,38161.06716226428,39662.7158409761,40945.066506743846,42450.40407526012,43384.93286243364,earthquake_m6_0,40903.98531922763,-1241.2694782515246,-3.034593007415452
Juncos,East,2030,30008.781610502687,30377.552675149196,31085.04322912731,32030.251842901045,32781.525032483834,33565.660430028365,33976.26189768888,earthquake_m6_0,32788.599270624254,-758.347427723209,-2.3128387445407665
Lajas,West,2030,17949.31881897294,18249.697542677404,18933.84023958679,19917.129506760983,20814.722293196875,21821.04502475947,22445.896211391242,earthquake_m6_0,20490.376772484007,-573.2472657230246,-2.7976414103464577
Lares,Central Mountains,2030,17622.30371674896,18696.18741068383,21431.570196034452,24161.36218604643,26780.325757891937,28820.393411212102,30624.432090806116,earthquake_m6_0,24792.896464895806,-631.5342788493763,-2.5472388018219814
Las Marías,West,2030,6189.791706700138,6293.1401763702415,6810.900116381434,7497.12702091959,8228.328956596664,8688.645290905157,9010.084953229487,earthquake_m6_0,7712.702077042254,-215.57505612266414,-2.795065256887701
Las Piedras,East,2030,27540.01111053108,28063.20547877824,29041.965948880228,30144.777985731693,31438.740150852384,32512.421662615445,33049.750873468125,earthquake_m6_0,30859.9129568021,-715.1349710704089,-2.3173590025074255
Loíza,East,2030,18637.81347536262,18837.003105107637,19282.07868078545,19718.215364053536,20087.613731182697,20427.652742175538,20644.887639548957,earthquake_m6_0,20185.110055016186,-466.8946909626502,-2.3130648764861332
Luquillo,East,2030,14483.800896827941,14642.50222652534,14860.571772864816,15180.614065201706,15549.652774858132,15818.657518810178,16078.158774687268,earthquake_m6_0,15540.505668430615,-359.89160322890893,-2.3158294260656014
Manatí,North,2030,30465.58522522924,30967.387573291973,32386.1964830801,33822.5630021168,35226.328638297266,36938.3297214804,37779.29203706567,earthquake_m6_0,34581.415510394836,-758.8525082780325,-2.194394003478339
Maricao,West,2030,3460.035947294633,3675.2067369094425,3983.217255638015,4244.843085812929,4617.544353456806,4957.13231556857,5069.7365106234065,earthquake_m6_0,4366.886260047407,-122.0431742344781,-2.7947413091806337
Maunabo,East,2030,8459.025524817844,8604.460004970178,8807.917006509973,9016.755053744575,9291.349098660794,9530.588529834926,9696.364003609344,earthquake_m6_0,9230.55705359378,-213.80199984920546,-2.316241572505798
Mayagüez,West,2030,56265.72194821222,57360.90210401297,58578.04755346436,61230.20077467231,62956.527193628164,64993.26013277886,66040.302261198,earthquake_m6_0,62990.02948100968,-1759.8287063373718,-2.793821055232126
Moca,West,2030,27621.383634815684,28549.520373150695,30052.490614461003,31998.585392597684,34033.228568317805,35630.53943472614,37433.878254272604,earthquake_m6_0,32923.3049999769,-924.7196073792147,-2.8087083219010474
Morovis,Central Mountains,2030,22313.246531566267,22735.494441520044,23647.99693517921,24676.535261664078,25512.956950119085,26482.71505017901,27267.573639561444,earthquake_m6_0,25322.345539370246,-645.8102777061686,-2.5503572593703323
Naguabo,East,2030,16940.100061251043,17621.28038160745,19037.832769283745,20240.7201794938,21613.446920757164,22796.248489202408,23392.666362587224,earthquake_m6_0,20721.265928300436,-480.54574880663495,-2.3190945498668643
Naranjito,Central Mountains,2030,22099.94224378468,22726.841645464036,23946.964967723194,25125.227543216064,26168.087586716552,27199.19083620488,27935.484932915857,earthquake_m6_0,25783.999348472258,-658.771805256194,-2.554963628228711
Orocovis,Central Mountains,2030,16274.490387081343,16859.93157776224,17430.10976959979,18308.224549370112,19001.48525936504,19797.87349476983,20074.925522220656,earthquake_m6_0,18787.657094377566,-479.4325450074539,-2.551848496058244
Patillas,South,2030,12798.779020639717,12940.390552703197,13103.660152749335,13358.779954478781,13641.22847906074,13822.956682799735,14027.338321653435,earthquake_m6_0,13777.058781837808,-418.27882735902676,-3.0360531517107305
Peñuelas,South,2030,14856.793861430831,15350.789189713982,15912.177141426626,16930.785882091586,17861.517772001134,18878.268170916213,19555.30665074373,earthquake_m6_0,17461.66375473891,-530.8778726473247,-3.040247940310098
Ponce,South,2030,102782.97391333261,105408.02088381583,109534.00282969247,113706.84301037616,118678.1025955133,122404.53558473208,124606.75223971475,earthquake_m6_0,117262.51793884183,-3555.674928465669,-3.0322348444880984
Quebradillas,North,2030,18881.897412840783,19052.111578671607,19674.299645370666,20116.13018188121,20758.570073904808,21127.8903385715,21646.214444869893,earthquake_m6_0,20567.50313735594,-451.3729554747297,-2.194592860690605
Rincón,West,2030,11017.956019997442,11405.613481181219,12286.335736187251,13242.633808740546,14228.277922510657,15109.772414919862,15623.810544756027,earthquake_m6_0,13624.697137000683,-382.0633282601375,-2.8041968523657346
Río Grande,East,2030,37725.106885272195,38109.981356662414,38826.19832432318,39760.5102680034,40894.144170585234,41745.118146261455,41953.75690185082,earthquake_m6_0,40704.07036185092,-943.5600938475181,-2.3180976385394887
Sabana Grande,West,2030,17585.750429671523,18085.32090387399,18752.149939719056,19339.728243871097,20132.959851338506,21084.35058261484,21473.080318609056,earthquake_m6_0,19896.572091258742,-556.8438473876449,-2.798692381951994
Salinas,South,2030,19975.707136353656,20186.671336463634,20838.73430766267,21527.59580014443,22385.71623289715,23021.290809112044,23449.261992541768,earthquake_m6_0,22202.839895178047,-675.2440950336168,-3.0412510211374557
San Germán,West,2030,23910.314875254146,24511.11764283294,25519.579288190267,26777.354532506786,28175.17076568407,29150.216110198307,29975.273358798688,earthquake_m6_0,27549.965657259745,-772.6111247529589,-2.8043995929605328
San Juan,Metro,2030,255487.88459968416,260255.51869644818,276144.94562212727,289301.7999208999,303071.4956497962,321147.55052753474,329838.7097713385,earthquake_m6_0,296166.01102510456,-6864.211104204645,-2.317690365766786
San Lorenzo,East,2030,29709.054359258993,30245.632439998775,31229.806231819202,32628.572149135336,33641.422185218726,34801.38825273397,35375.00482862289,earthquake_m6_0,33400.113573816074,-771.5414246807377,-2.3099964105678534
San Sebastián,West,2030,28202.139372979822,29199.0912663976,31328.19746757445,34049.11082753911,36110.03559466944,38788.86044715925,39979.89835957553,earthquake_m6_0,35023.33914702061,-974.2283194815027,-2.7816545857946244
Santa Isabel,South,2030,15637.334637798333,15971.588546914183,16559.217180480395,17203.4209604544,17846.59178751533,18331.996836781054,18668.714970277008,earthquake_m6_0,17741.19365802906,-537.7726975746591,-3.031209218164875
Toa Alta,Metro,2030,49951.527662579305,51643.02941562258,54276.68366353378,57559.98318360032,60278.107401543886,62799.74270325125,64312.01206869339,earthquake_m6_0,58924.65510417106,-1364.6719205707413,-2.3159608115790924
Toa Baja,Metro,2030,59626.78250776278,60057.4176612514,61465.57945919092,63003.07468680411,64416.08081551225,65899.61278766973,67116.38073665704,earthquake_m6_0,64497.27837963238,-1494.2036928282687,-2.3166926269870696
Trujillo Alto,Metro,2030,51812.710911165785,53019.56973244456,55405.0948865939,57842.69352273357,60522.38639705679,63561.59881782232,65115.003404806994,earthquake_m6_0,59216.32284574344,-1373.6293230098672,-2.31968021146488
Utuado,Central Mountains,2030,21958.75263046782,22268.884460241024,22949.545969160623,23805.178690832483,24740.901339373202,25365.286244596526,25800.33260300745,earthquake_m6_0,24429.631811870342,-624.4531210378591,-2.5561298911367043
Vega Alta,North,2030,28741.96324728312,29052.106994842383,29645.043183232036,30483.14520388624,31126.59433969538,31712.275357261078,32295.357806937343,earthquake_m6_0,31166.141954517374,-682.9967506311332,-2.1914703193865686
Vega Baja,North,2030,39758.25612196462,40849.70931129594,43319.19870023696,46311.00019699571,49116.26247236535,51634.12462898527,53283.38368635354,earthquake_m6_0,47350.44177620197,-1039.4415792062646,-2.1952098865710714
Vieques,East,2030,6682.051756950196,6716.425722655467,6858.453938569445,6995.511849213336,7110.293540976057,7286.137428425565,7403.149876316808,earthquake_m6_0,7161.343235478324,-165.8313862649875,-2.3156463921940644
Villalba,South,2030,17165.939033170784,17497.90170347263,17937.058807650228,18547.912011940134,19161.440127275288,19979.86402391654,20186.037912567663,earthquake_m6_0,19128.337337927198,-580.4253259870638,-3.034374162966118
Yabucoa,East,2030,23481.599476309926,23928.988849096462,24439.405680553657,25375.616805150774,26293.73885994185,27226.226756672957,27854.303511819013,earthquake_m6_0,25977.28211264608,-601.6653074953065,-2.3161210818217506
Yauco,South,2030,26474.291591009285,26941.10980702606,27669.43908010627,28355.025991070863,29110.947795286258,30014.646009936292,30540.205877335477,earthquake_m6_0,29244.812164870047,-889.7861737991843,-3.042543644263951
Adjuntas,Central Mountains,2030,13995.353477080753,14208.198066130613,14666.342683884057,15277.493570073979,15768.291377817726,16208.54297064281,16425.65579831645,earthquake_m6_5,15952.865950878464,-675.3723808044851,-4.233548898887945
Aguada,West,2030,29299.97973600738,30031.03328851682,30837.722739326346,31772.413496959816,33004.19527877946,33892.312632158835,34549.66846617923,earthquake_m6_5,33314.010737823926,-1541.59724086411,-4.62747416693907
Aguadilla,West,2030,39056.50033024611,40359.94851629154,42624.083690989915,45492.84380409159,48508.47219913673,51064.281048204,53847.272960279464,earthquake_m6_5,47699.875745195975,-2207.031941104382,-4.626913396785231
Aguas Buenas,Central Mountains,2030,18992.20839786974,19190.61727979925,19632.27763409032,20092.7814912522,20495.38179505057,20910.157321983395,21195.489867459575,earthquake_m6_5,20980.210019320573,-887.4285280683725,-4.229836246878101
Aibonito,Central Mountains,2030,17165.681043010987,17856.945431517153,19124.102966704188,21116.07350584303,22478.002281280787,23967.82797639088,25029.173052942766,earthquake_m6_5,22048.661472905784,-932.5879670627546,-4.22968064618686
Arecibo,North,2030,65255.89355237271,66674.77153815048,70553.58994641367,74110.24786208579,77827.71661593895,81221.27756088077,84232.5575445957,earthquake_m6_5,76900.55443330629,-2790.306571220499,-3.6284609282504645
Arroyo,South,2030,11156.938789611953,11513.506718825314,12104.293317860476,12783.54104402232,13417.775890615638,13894.378380614426,14453.837417116667,earthquake_m6_5,13460.42742016408,-676.8863761417597,-5.0287138365886195
Añasco,West,2030,20117.43214293244,20329.17352245111,20735.873471648636,21167.81907772646,21705.504229096492,22201.901604740884,22489.004840813584,earthquake_m6_5,22195.246827106355,-1027.4277493798945,-4.6290440353433215
Barceloneta,North,2030,17533.068458483496,17908.902198235053,18517.666957789876,19124.11814036811,19887.338486249806,20628.278432680872,21068.77899572722,earthquake_m6_5,19846.25882618445,-722.1406858163391,-3.6386741306808528
Barranquitas,Central Mountains,2030,22334.737263596282,22801.960273209403,23785.150638404004,24792.351553511937,25634.51226822999,26483.730678157648,26856.871995099173,earthquake_m6_5,25887.01254667347,-1094.6609931615349,-4.228610741343349
Bayamón,Metro,2030,133180.55176670756,135882.75879780305,144432.36553592747,154365.82097724767,164471.91032518438,174005.11879423718,180839.41818169306,earthquake_m6_5,160532.46994954243,-6166.648972294759,-3.8413717637516087
Cabo Rojo,West,2030,37938.34144523452,38229.49618393557,38838.02850864925,39539.60485886503,40358.00515275267,41078.89586487748,41594.59513901359,earthquake_m6_5,41459.86937764862,-1920.2645187835878,-4.631622211088826
Caguas,East,2030,101105.09466594108,102245.23015934331,104552.74599855108,106810.34016106171,109183.28084681039,112226.22274801663,115089.89626409956,earthquake_m6_5,111077.45194095813,-4267.1117798964115,-3.841564336715739
Camuy,North,2030,24279.824559900295,25184.29009849631,26464.35985116503,27839.00848997975,29392.427243554954,30813.272689028323,31569.66196599862,earthquake_m6_5,28891.288087283578,-1052.2795973038264,-3.6422038163365396
Canóvanas,East,2030,32300.455407471803,32703.7280119797,34151.61581250842,35657.798464514606,37007.83832660304,38240.19924151704,38846.31382614259,earthquake_m6_5,37081.33596547195,-1423.5375009573472,-3.8389595840960666
Carolina,Metro,2030,115888.73808720936,118207.70943896912,123141.96607176925,129002.61837417216,134830.26293948045,139741.45016534824,142117.697745148,earthquake_m6_5,134149.2318856066,-5146.613511434436,-3.836483771910912
Cataño,Metro,2030,18079.715228930767,18345.140720941417,18735.117854918157,19154.375970982957,19515.381958071117,19899.471511338455,20039.164659930022,earthquake_m6_5,19918.13075189707,-763.7547809141142,-3.8344701640306864
Cayey,Central Mountains,2030,33021.43365461834,33376.62891197914,33969.705046648014,34766.663922461594,35494.827159260094,36266.03497092123,36630.14374517152,earthquake_m6_5,36302.94982756075,-1536.2859050991538,-4.231848685565558
Ceiba,East,2030,8531.054396623187,8809.911727767252,9174.563297345268,9434.148452241061,9770.034040941022,10085.075189597197,10346.940469236066,earthquake_m6_5,9810.202552540542,-376.05410029948143,-3.833295982274035
Ciales,Central Mountains,2030,12515.076444370976,12958.64329703611,13537.014277106784,14259.85312238654,15152.352368969026,15937.439801605484,16334.014188008561,earthquake_m6_5,14889.190356690244,-629.3372343037045,-4.2268062885025905
Cidra,Central Mountains,2030,30895.622041291594,31706.811969804414,32476.42435961769,33738.6555266895,35110.41764197125,36103.681358809365,36919.26705128885,earthquake_m6_5,35228.96885608391,-1490.313329394412,-4.2303631862816795
Coamo,South,2030,24560.171418128764,25340.14056689755,26857.04427421388,28679.81570689761,30720.203502419325,32654.82487592274,33549.724570965634,earthquake_m6_5,30199.381265419473,-1519.5655585218628,-5.0317771253872605
Comerío,Central Mountains,2030,15159.587713710454,15291.999447829854,15624.385973081799,15970.623658950186,16222.37847783255,16563.79900129648,16739.685170919805,earthquake_m6_5,16675.24541673903,-704.6217577888456,-4.22555554763547
Corozal,Central Mountains,2030,26052.058238014153,26629.3786242241,28138.456063219564,29555.217551690323,30908.286887219554,31863.48673061687,32826.58294789281,earthquake_m6_5,30862.680844151786,-1307.4632924614634,-4.2363892464941735
Culebra,East,2030,821.0950821579703,918.8022450628572,1026.0506097921946,1227.5936313928482,1426.326783612993,1592.2975590892186,1744.153386777287,earthquake_m6_5,1276.1573030473644,-48.563671654516156,-3.8054612498435643
Dorado,North,2030,28858.67551228868,29333.951181606004,30006.13513323003,30798.027673777277,31476.243098584142,32087.757304466373,32473.69605629031,earthquake_m6_5,31960.122702545574,-1162.0950287682972,-3.6360781201748584
Fajardo,East,2030,22747.0098567532,23491.207304843552,24631.035940678492,26894.744450329745,28829.96736022889,30377.68444823994,31807.309454223367,earthquake_m6_5,27966.732988514363,-1071.988538184618,-3.8330846102934943
Florida,North,2030,9121.880314058482,9294.611958655356,9508.558945388542,9810.30705339802,10151.72894766626,10346.752187535254,10496.957765336207,earthquake_m6_5,10180.446517300632,-370.13946390261117,-3.635788108837828
Guayama,South,2030,26461.373447105507,27201.91550812491,28361.56892008578,29738.30679498121,30877.19120657738,32478.571427350584,33252.10479836889,earthquake_m6_5,31310.15611630006,-1571.8493213188485,-5.020253861016503
Guayanilla,South,2030,13583.586860047728,13843.216416944444,14123.041717187027,14407.169737259432,14786.788793055475,15141.747868721186,15442.542571390008,earthquake_m6_5,15169.329192088775,-762.1594548293433,-5.024345145247626
Guaynabo,Metro,2030,67466.55534114332,69320.52310630745,73019.60659726354,76437.81623027739,80284.01231179069,83586.68736838551,86978.33924341093,earthquake_m6_5,79481.20251783336,-3043.3862875559716,-3.8290642204024543
Gurabo,East,2030,26712.734425582777,27779.694453371536,30970.448297362724,33946.402627252886,36744.172068677704,40272.09646935049,41406.91863202562,earthquake_m6_5,35300.660645860924,-1354.2580186080377,-3.836353183851326
Guánica,West,2030,9360.632487001032,9721.340194832825,10277.560773789428,10810.336248367836,11393.37851088018,11970.88862041081,12316.455384524448,earthquake_m6_5,11336.093861326377,-525.7576129585414,-4.63790807830366
Hatillo,North,2030,30474.029971251715,31193.0161573533,31873.20897714723,32802.912517288896,33347.62443612179,34206.934817030975,34621.6414319392,earthquake_m6_5,34038.84591007031,-1235.933392781415,-3.6309497567770563
Hormigueros,West,2030,12459.533958488611,12605.116289384508,12827.998915968732,13064.90281021544,13328.530622308297,13567.933699656027,13679.37493639153,earthquake_m6_5,13699.09259573791,-634.1897855224688,-4.629429147152266
Humacao,East,2030,40826.021218208254,41306.094788360155,42015.763313014075,42809.18923647898,43687.86100068338,44409.43320427733,45028.941158078844,earthquake_m6_5,44514.99323492833,-1705.8039984493516,-3.831976317388062
Isabela,West,2030,32687.13066671941,33248.52420027103,34523.18008213848,36319.81772055928,37914.88954170076,40127.703990036505,41483.05929086967,earthquake_m6_5,38080.5358018956,-1760.718081336323,-4.623669400283692
Jayuya,Central Mountains,2030,11130.888320272987,11445.543450591036,11851.31256646808,12427.620113755047,13019.69012030906,13591.188891677753,14053.756085274106,earthquake_m6_5,12977.014377113084,-549.3942633580373,-4.233595243039698
Juana Díaz,South,2030,35552.604961654484,36078.22831303508,37375.75449297786,38851.99009601435,40113.76867265692,41591.48874846562,42512.39658252568,earthquake_m6_5,40903.98531922763,-2051.995223213278,-5.0166144134828405
Juncos,East,2030,29536.538697949098,29899.99803976337,30598.776619356573,31531.919509857384,32274.0509545323,33048.25916530992,33454.26597680267,earthquake_m6_5,32788.599270624254,-1256.6797607668705,-3.832672906807418
Lajas,West,2030,17605.09384543327,17900.658656241234,18575.25762374165,19542.103109195967,20425.737680232054,21417.79785573143,22033.69858488154,earthquake_m6_5,20490.376772484007,-948.2736632880406,-4.627897641010938
Lares,Central Mountains,2030,17302.080072123863,18359.204200216605,21055.643597751616,23747.49870895753,26331.188137354846,28339.876982096343,30118.098955833404,earthquake_m6_5,24792.896464895806,-1045.3977559382765,-4.216521282289273
Las Marías,West,2030,6068.3500100331075,6170.865503329093,6680.540145177112,7356.092745066888,8076.4856710653585,8529.04332123911,8846.001795572278,earthquake_m6_5,7712.702077042254,-356.60933197536633,-4.6236627373026
Las Piedras,East,2030,27103.640802216887,27620.158502312952,28586.708469769186,29675.38821710982,30953.67050467648,32013.81098763899,32545.32933786623,earthquake_m6_5,30859.9129568021,-1184.5247396922823,-3.838393003085872
Loíza,East,2030,18344.816101716387,18541.492442422277,18980.466638606697,19411.754442700105,19776.13125368091,20112.09116868091,20326.38554388498,earthquake_m6_5,20185.110055016186,-773.3556123160815,-3.8313172938281577
Luquillo,East,2030,14256.653248169625,14412.970470179445,14628.475606195196,14944.392710906435,15308.59765574829,15574.167710510632,15830.881697100991,earthquake_m6_5,15540.505668430615,-596.1129575241794,-3.835865899364772
Manatí,North,2030,30007.04718539624,30503.56223290062,31904.945518563818,33324.061383794695,34711.0435947997,36403.29188280198,37232.977207971286,earthquake_m6_5,34581.415510394836,-1257.3541266001412,-3.6359244063395635
Maricao,West,2030,3392.505221550319,3603.697611216454,3907.2072062283705,4164.998867562413,4531.794550736293,4866.258898444697,4977.444494516826,earthquake_m6_5,4366.886260047407,-201.88739248499405,-4.623142909217937
Maunabo,East,2030,8325.735272901604,8469.71677301441,8670.095950519875,8876.381134072773,9147.712144303106,9384.248289055526,9547.760599290985,earthquake_m6_5,9230.55705359378,-354.175919521007,-3.8369939914202025
Mayagüez,West,2030,55189.18058060758,56267.916736279956,57466.71493724803,60078.87330734858,61777.60807299624,63784.459501014855,64814.4853394444,earthquake_m6_5,62990.02948100968,-2911.156173661104,-4.6216142422012405
Moca,West,2030,27086.190097105744,27997.183395366796,29479.4389042788,31393.664697496715,33399.06681939917,34970.7425838252,36746.763167911966,earthquake_m6_5,32923.3049999769,-1529.640302480184,-4.646071536503571
Morovis,Central Mountains,2030,21922.421007112764,22338.965754622568,23238.80382109701,24253.324536991866,25077.194105130697,26034.186715220858,26807.93377261505,earthquake_m6_5,25322.345539370246,-1069.0210023783802,-4.221650797380938
Naguabo,East,2030,16667.68044232588,17341.113211589014,18738.158509176363,19925.311693059783,21282.173833687426,22449.434895499147,23039.454876901236,earthquake_m6_5,20721.265928300436,-795.9542352406534,-3.841243281152841
Naranjito,Central Mountains,2030,21709.718275970277,22327.89525920324,23531.431392815954,24693.540015809387,25721.505825079257,26738.807642286854,27462.586568385133,earthquake_m6_5,25783.999348472258,-1090.459332662871,-4.229209433048959
Orocovis,Central Mountains,2030,15988.37127578552,16565.817063750736,17127.375316693524,17994.047193164864,18676.091260106354,19460.9578762112,19735.01791112013,earthquake_m6_5,18787.657094377566,-793.6099012127015,-4.224102543633282
Patillas,South,2030,12534.608275575498,12674.365871030179,12834.570145333048,13085.58546237241,13363.363126590391,13542.293531452378,13743.004895264312,earthquake_m6_5,13777.058781837808,-691.4733194653982,-5.019019882363876
Peñuelas,South,2030,14545.52400497677,15030.36521718691,15582.324561702124,16584.1359706109,17499.613304373997,18499.343993393282,19163.9610211895,earthquake_m6_5,17461.66375473891,-877.5277841280113,-5.025453453081522
Ponce,South,2030,100644.4134828321,103222.04036498659,107274.82799195914,111384.45169893734,116267.41515513575,119926.3001150182,122094.96910802447,earthquake_m6_5,117262.51793884183,-5878.066239904496,-5.012740936511526
Quebradillas,North,2030,18599.717538902813,18767.919645569724,19382.47091006994,19819.61860342227,20453.938984912293,20818.66685789083,21330.051843499026,earthquake_m6_5,20567.50313735594,-747.8845339336694,-3.636243684705298
Rincón,West,2030,10803.35522317774,11184.997837770328,12051.898408153778,12992.69305984005,13964.501933317579,14832.044865328615,15337.931280374189,earthquake_m6_5,13624.697137000683,-632.0040771606327,-4.638665144668023
Río Grande,East,2030,37132.79933203585,37511.88846188351,38219.498404072845,39141.19408202589,40260.2119384017,41100.3041750125,41306.09340538641,earthquake_m6_5,40704.07036185092,-1562.8762798250318,-3.8396068646977537
Sabana Grande,West,2030,17248.794087281618,17740.301200007918,18397.05887717475,18975.376231341186,19756.023965890694,20694.149519742223,21076.201475462123,earthquake_m6_5,19896.572091258742,-921.1958599175559,-4.629922459468631
Salinas,South,2030,19560.87767828083,19768.20334059959,20409.247809080385,21086.846905061804,21931.353260310716,22555.881409273043,22976.311656536018,earthquake_m6_5,22202.839895178047,-1115.9929901162432,-5.026352463851309
San Germán,West,2030,23450.718800396146,24040.562681725245,25033.266562599303,26271.92626873273,27648.895097966215,28609.578547911202,29421.412324269248,earthquake_m6_5,27549.965657259745,-1278.0393885270169,-4.638987229337029
San Juan,Metro,2030,251421.38085702006,256120.38372940995,271801.6928555232,284796.43641175923,298381.24673517793,316249.19436103746,324827.49504058354,earthquake_m6_5,296166.01102510456,-11369.574613345321,-3.8389194539887894
San Lorenzo,East,2030,29240.40027706401,29769.451782178872,30741.433502717737,32122.13538012958,33121.17481382184,34267.57033366599,34832.30640260178,earthquake_m6_5,33400.113573816074,-1277.978193686493,-3.826269006128052
San Sebastián,West,2030,27654.984221627237,28634.85017338183,30729.859201105766,33411.57010457062,35437.5007712258,38077.51320812541,39246.77665543755,earthquake_m6_5,35023.33914702061,-1611.7690424499888,-4.601985652150759
Santa Isabel,South,2030,15312.447483151598,15640.897059880908,16218.0416047022,16852.168257185374,17484.735516835368,17961.6577089055,18292.185322269466,earthquake_m6_5,17741.19365802906,-889.0254008436859,-5.011079964404443
Toa Alta,Metro,2030,49153.27058563853,50828.07593368132,53422.95403263631,56664.25237314643,59348.94274457617,61838.82172827782,63328.991956531216,earthquake_m6_5,58924.65510417106,-2260.402731024631,-3.83608987957339
Toa Baja,Metro,2030,58689.99181741588,59114.91528624988,60503.87617848576,62022.33281964754,63418.18789074885,64882.8842966572,66083.73295032792,earthquake_m6_5,64497.27837963238,-2474.945559984837,-3.837286816068817
Trujillo Alto,Metro,2030,50988.05356039525,52179.5072034758,54536.79805373344,56941.10608399725,59586.73789040856,62590.5514278204,64118.36335812073,earthquake_m6_5,59216.32284574344,-2275.216761746189,-3.842212167873128
Utuado,Central Mountains,2030,21575.338279635875,21880.953946544927,22551.984898551058,23395.97920648932,24318.3201103054,24933.43389171476,25363.250783400283,earthquake_m6_5,24429.631811870342,-1033.652605381023,-4.231142791430741
Vega Alta,North,2030,28315.06284238302,28620.028396066227,29206.552636320732,30034.46768183759,30670.375338314483,31248.296086799757,31825.19492492878,earthquake_m6_5,31166.141954517374,-1131.6742726797856,-3.631101579179438
Vega Baja,North,2030,39154.36690299031,40232.20026326793,42670.84803683689,45628.18197173247,48396.3765098699,50886.295237414764,52513.65505315908,earthquake_m6_5,47350.44177620197,-1722.2598044695042,-3.6372623778456505
Vieques,East,2030,6577.106027448445,6611.108279535821,6751.371698487852,6886.6577581255115,6999.991688376774,7173.828318431415,7289.226796631114,earthquake_m6_5,7161.343235478324,-274.6854773528121,-3.8356697664200867
Villalba,South,2030,16809.8212587701,17135.962395359486,17568.072445634054,18168.80931785327,18771.887178546393,19576.756114948228,19778.427227404292,earthquake_m6_5,19128.337337927198,-959.5280200739289,-5.016264629395678
Yabucoa,East,2030,23110.399289121313,23552.251313130975,24056.054914454475,24980.702527520916,25886.904746550576,26807.914775432382,27428.184005646697,earthquake_m6_5,25977.28211264608,-996.5795851251642,-3.8363504727079056
Yauco,South,2030,25925.888016440436,26384.751538846092,27100.73768006556,27773.89670009789,28518.460358274548,29406.921486612988,29924.433752531917,earthquake_m6_5,29244.812164870047,-1470.9154647721589,-5.029662890223919
Adjuntas,Central Mountains,2030,13749.572701927975,13959.853692538585,14411.535577467132,15013.799466898265,15498.421969734321,15931.818372492316,16146.098000741607,earthquake_m6_8,15952.865950878464,-939.0664839801993,-5.886506455151956
Aguada,West,2030,28736.95783350624,29456.493893681796,30252.018694246755,31171.90883483333,32384.81195462067,33258.406430893374,33905.85540652345,earthquake_m6_8,33314.010737823926,-2142.1019029905947,-6.430033056807848
Aguadilla,West,2030,38299.374261457844,39580.03438703991,41808.629342933076,44633.104558824285,47603.0168423008,50114.374130653356,52862.30921649145,earthquake_m6_8,47699.875745195975,-3066.7711863716904,-6.429306446737559
Aguas Buenas,Central Mountains,2030,18661.53111970706,18856.777746461103,19292.419189020988,19746.28623350323,20143.23872812945,20551.926882459957,20833.42980611898,earthquake_m6_8,20980.210019320573,-1233.9237858173437,-5.881370037197098
Aibonito,Central Mountains,2030,16858.233588270596,17539.64314205788,18787.958369654854,20751.946658381792,22096.251865470735,23566.323842747475,24610.74419779267,earthquake_m6_8,22048.661472905784,-1296.7148145239917,-5.881149819989949
Arecibo,North,2030,64265.73483667727,65669.56655098476,69502.80006502877,73016.94796754497,76687.95699308973,80041.12510893772,83015.69108668248,earthquake_m6_8,76900.55443330629,-3883.606465761317,-5.050167055855834
Arroyo,South,2030,10921.48468256974,11271.493973713637,11852.614581614436,12520.49440087678,13144.005973703452,13612.762182601982,14162.375160212903,earthquake_m6_8,13460.42742016408,-939.9330192873003,-6.98293590498661
Añasco,West,2030,19732.930746799004,19941.879256203818,20341.835132711225,20767.598588413548,21296.81014983366,21785.76058669557,22068.824858297827,earthquake_m6_8,22195.246827106355,-1427.6482386928074,-6.4322251057341955
Barceloneta,North,2030,17269.216813919105,17640.333399012387,18242.434874537546,18841.18380124432,19594.98770106008,20327.391966426167,20762.753883713853,earthquake_m6_8,19846.25882618445,-1005.0750249401317,-5.064304732406651
Barranquitas,Central Mountains,2030,21942.060031927133,22402.522041313176,23372.12513923241,24364.93795910022,25194.858813547387,26033.19471820971,26401.115690680122,earthquake_m6_8,25887.01254667347,-1522.07458757325,-5.879684203918847
Bayamón,Metro,2030,131045.50336163133,133706.44824313337,142146.26738982752,151952.59883720777,161935.8175865733,171326.62948715675,178082.98814839736,earthquake_m6_8,160532.46994954243,-8579.871112334658,-5.3446328428332475
Cabo Rojo,West,2030,37215.51749947795,37503.04836626138,38101.6929019194,38791.60723390314,39597.87548311106,40307.165497655405,40815.90539026739,earthquake_m6_8,41459.86937764862,-2668.26214374548,-6.435770743609636
Caguas,East,2030,99511.36879745738,100634.8424929992,102914.57953237306,105140.45653330575,107486.06896074332,110491.6295352556,113315.27217012866,earthquake_m6_8,111077.45194095813,-5936.995407652372,-5.344915015522781
Camuy,North,2030,23912.065821359774,24805.15803955526,26069.26898968074,27426.72822778225,28961.541942427633,30366.291888139654,31113.63514118535,earthquake_m6_8,28891.288087283578,-1464.559859501329,-5.069209289238824
Canóvanas,East,2030,31788.633485704493,32184.69606564995,33615.124961422065,35100.70641244057,36434.49633159369,37651.36791366294,38249.61591887752,earthquake_m6_8,37081.33596547195,-1980.62955303138,-5.341311205388151
Carolina,Metro,2030,114046.59139483348,116330.90458081165,121200.50283001672,126988.50622043392,132743.3888028347,137583.87711324074,139934.80171594574,earthquake_m6_8,134149.2318856066,-7160.725665172678,-5.3378804817003065
Cataño,Metro,2030,17794.625986406274,18056.356190456398,18441.463054053223,18855.47853309146,19211.91077898477,19591.172970253774,19728.88951829668,earthquake_m6_8,19918.13075189707,-1062.6522188056115,-5.335100125820797
Cayey,Central Mountains,2030,32446.798821942815,32796.45752853748,33381.28023417908,34166.8303784567,34884.79017558463,35645.248945818465,36003.83646530545,earthquake_m6_8,36302.94982756075,-2136.119449104044,-5.884148421135543
Ceiba,East,2030,8395.503008411093,8671.100461697062,9030.48837391995,9286.97661430404,9618.885583913348,9929.719329151605,10187.994464284113,earthquake_m6_8,9810.202552540542,-523.2259382365028,-5.333487615920869
Ciales,Central Mountains,2030,12294.186091833008,12731.314218848072,13301.132351320655,14014.125562877587,14893.193810529341,15667.887261326516,16059.597367411729,earthquake_m6_8,14889.190356690244,-875.0647938126567,-5.877181853743034
Cidra,Central Mountains,2030,30353.89319456943,31154.02282982191,31911.042241217143,33156.76662638457,34510.396503426295,35489.5244440844,36293.72968437617,earthquake_m6_8,35228.96885608391,-2072.2022296993455,-5.882097310780312
Coamo,South,2030,24041.0802918758,24806.557001271874,26299.74171614899,28089.29842810891,30096.87593422414,31999.974813270383,32879.187370867556,earthquake_m6_8,30199.381265419473,-2110.082837310565,-6.98717241510761
Comerío,Central Mountains,2030,14895.903753494562,15025.98322551394,15354.038554610812,15695.49711489815,15943.564591359584,16280.076228432355,16453.483712920457,earthquake_m6_8,16675.24541673903,-979.748301840882,-5.875465562008377
Corozal,Central Mountains,2030,25592.299672160392,26161.17503566265,27649.09139353771,29044.739889583252,30380.258658221148,31320.48482149811,32271.904455520344,earthquake_m6_8,30862.680844151786,-1817.940954568534,-5.89041815177575
Culebra,East,2030,807.4526075640083,903.6961727893356,1009.5500522261339,1208.5850139692566,1404.8865423169702,1568.6348605528,1718.8811865495577,earthquake_m6_8,1276.1573030473644,-67.57228907810781,-5.294981184274889
Dorado,North,2030,28427.453100129733,28896.648451637655,29561.22831174761,30342.710340168655,31013.77331860716,31617.369353689664,31999.322719500684,earthquake_m6_8,31960.122702545574,-1617.4123623769192,-5.060720127485915
Fajardo,East,2030,22382.34989610848,23114.712791052163,24238.5914096553,26475.210830949894,28383.58458891115,29912.891129141422,31326.13747373973,earthquake_m6_8,27966.732988514363,-1491.5221575644682,-5.3332012651496346
Florida,North,2030,8984.92587822706,9155.674133994242,9367.213058505986,9665.283954021941,10002.472878022298,10195.321165758596,10343.416840063666,earthquake_m6_8,10180.446517300632,-515.1625632786909,-5.060314028497911
Guayama,South,2030,25905.57847706491,26632.587164041623,27773.158339381167,29127.429561705612,30247.068547881554,31822.682646347206,32583.863368443115,earthquake_m6_8,31310.15611630006,-2182.7265545944465,-6.971305241937518
Guayanilla,South,2030,13301.251989790579,13556.93251353821,13831.575671054747,14110.975878968557,14484.44732535389,14833.01349296734,15128.827021563595,earthquake_m6_8,15169.329192088775,-1058.3533131202184,-6.976928905150131
Guaynabo,Metro,2030,66387.3859839308,68222.60564519034,71873.20963021045,75246.74372163918,79043.28643788636,82305.11273594003,85653.29131751401,earthquake_m6_8,79481.20251783336,-4234.4587961941725,-5.327622962478554
Gurabo,East,2030,26276.88364803957,27329.236559345998,30478.44352272514,33416.42425573869,36179.485504628115,39662.389214950206,40780.50040640818,earthquake_m6_8,35300.660645860924,-1884.2363901222343,-5.337680246341693
Guánica,West,2030,9178.406252464685,9533.32554317074,10081.207228941345,10605.546198555903,11180.268419023207,11748.437582181621,12088.13752628206,earthquake_m6_8,11336.093861326377,-730.5476627704738,-6.44443907846222
Hatillo,North,2030,30018.311102965872,30727.87749211258,31399.39471864161,32318.653186442592,32856.168856077195,33705.9219597353,34115.72617258001,earthquake_m6_8,34038.84591007031,-1720.1927236277188,-5.053616471523213
Hormigueros,West,2030,12221.748505356349,12365.504003954691,12584.687767318876,12817.866345444747,13077.51401052628,13313.36982673002,13423.136502071415,earthquake_m6_8,13699.09259573791,-881.2262502931626,-6.432734461312653
Humacao,East,2030,40183.18617732916,40657.91251660047,41357.629411047354,42141.60639249085,43008.72669398812,43721.52810908025,44333.47859031706,earthquake_m6_8,44514.99323492833,-2373.3868424374814,-5.331657201230848
Isabela,West,2030,32058.771495206794,32609.937933168392,33865.645218926984,35632.68757776995,37204.39152602978,39382.21802274112,40716.772295741175,earthquake_m6_8,38080.5358018956,-2447.8482241256497,-6.428082411602515
Jayuya,Central Mountains,2030,10935.219970732433,11244.945265214645,11645.106347074743,12212.914291508405,12797.112980404047,13360.60529476338,13817.236678565192,earthquake_m6_8,12977.014377113084,-764.1000856046794,-5.888103868885935
Juana Díaz,South,2030,34809.4833166828,35325.9569161391,36603.34890735302,38054.503527953886,39295.95354468633,40746.44834159276,41653.86960592066,earthquake_m6_8,40903.98531922763,-2849.4817912737417,-6.966269347682104
Juncos,East,2030,29070.225861682844,29428.432767979484,30118.578197878385,31039.62052911387,31772.58343337293,32537.220575011765,32938.66891792083,earthquake_m6_8,32788.599270624254,-1748.9787415103856,-5.334106306509162
Lajas,West,2030,17266.139868908318,17556.945533215345,18222.096208584786,19172.712912516552,20042.55605325217,21020.498347380377,21627.545928172887,earthquake_m6_8,20490.376772484007,-1317.6638599674552,-6.430647296524638
Lares,Central Mountains,2030,16986.502891324373,18027.06747209026,20684.97831354691,23339.294653369572,25888.066219323387,27865.75482517183,29618.44716356188,earthquake_m6_8,24792.896464895806,-1453.601811526234,-5.862976976427038
Las Marías,West,2030,5948.808141871265,6050.48836283847,6552.1729998531655,7217.176412493105,7926.878823988132,8371.784139518912,8684.303630722074,earthquake_m6_8,7712.702077042254,-495.52566454914904,-6.424799760179228
Las Piedras,East,2030,26672.786461596752,27182.692870731455,28137.145221533054,29211.828354431764,30474.57365578622,31521.30128606647,32047.04994368252,earthquake_m6_8,30859.9129568021,-1648.084602370338,-5.3405354858820795
Loíza,East,2030,18055.49270622045,18249.680186127232,18682.6190540737,19109.093879808228,19468.502870818265,19800.418955124573,20011.80324332915,earthquake_m6_8,20185.110055016186,-1076.0161752079584,-5.330742177155276
Luquillo,East,2030,14032.347452763439,14186.309235766485,14399.272089574435,14711.104459960061,15070.52332834863,15332.692956587938,15586.63876232841,earthquake_m6_8,15540.505668430615,-829.4012084705537,-5.33702844789292
Manatí,North,2030,29554.014300997296,30045.27802530796,31429.39949489572,32831.41934523266,34201.7703363147,35874.43448586984,36692.9600587953,earthquake_m6_8,34581.415510394836,-1749.996165162178,-5.06051050639077
Maricao,West,2030,3326.02699585643,3533.2983815920593,3832.354474056043,4086.3531374359954,4447.316813953942,4776.715952410112,4886.494626880767,earthquake_m6_8,4366.886260047407,-280.5331226114113,-6.424099596502104
Maunabo,East,2030,8194.120378972166,8336.657310283228,8533.995747182917,8737.750704416161,9005.846915939768,9239.701516686258,9400.974378807732,earthquake_m6_8,9230.55705359378,-492.80634917761927,-5.338858167674208
Mayagüez,West,2030,54129.08239476135,55191.56193179276,56372.21215089047,58944.83069675474,60616.31542433916,62593.6081864395,63606.83771125132,earthquake_m6_8,62990.02948100968,-4045.1987842549424,-6.421966805833127
Moca,West,2030,26559.275562165723,27453.380027584764,28915.110499621027,30797.87007276182,32774.341236201064,34320.70029759259,36069.70821993623,earthquake_m6_8,32923.3049999769,-2125.4349272150794,-6.45571557052541
Morovis,Central Mountains,2030,21537.059993450806,21947.957047027263,22835.260751637124,23835.90761142032,24647.37205175211,25591.722978456946,26354.477437702193,earthquake_m6_8,25322.345539370246,-1486.4379279499262,-5.870064151991242
Naguabo,East,2030,16398.756499659215,17064.498740915842,18442.247092479993,19613.824650078295,20954.95240885635,22106.831915282415,22690.502020884578,earthquake_m6_8,20721.265928300436,-1107.4412782221407,-5.344467283292924
Naranjito,Central Mountains,2030,21324.99065837639,21934.536540112917,23121.651894061524,24267.775895840463,25281.0096329792,26284.646260766527,26996.07372204702,earthquake_m6_8,25783.999348472258,-1516.2234526317952,-5.8804820467916805
Orocovis,Central Mountains,2030,15706.269684494255,16275.7985828882,16828.838329190723,17684.173456577337,18355.145496573732,19128.616290923026,19399.704064446094,earthquake_m6_8,18787.657094377566,-1103.4836378002292,-5.873449958432869
Patillas,South,2030,12274.792275758879,12412.709987350077,12569.89343908309,12816.853178354366,13090.019046273123,13266.18084951523,13463.274151232772,earthquake_m6_8,13777.058781837808,-960.2056034834422,-6.969597928617929
Peñuelas,South,2030,14239.460439365934,14715.284566475433,15257.665863923496,16243.152466687221,17143.56597203495,18126.493292094456,18778.866099669875,earthquake_m6_8,17461.66375473891,-1218.51128805169,-6.978208406521394
Ponce,South,2030,98541.39935911054,101072.27847428947,105052.86276515345,109099.96185884351,113895.83273747534,117488.13803723356,119623.62738871797,earthquake_m6_8,117262.51793884183,-8162.556079998321,-6.960925130616328
Quebradillas,North,2030,18320.901672257874,18487.110300542292,19094.095329115626,19526.593992437025,20152.76398045285,20513.05347606563,21017.572464977533,earthquake_m6_8,20567.50313735594,-1040.9091449189145,-5.060940737275749
Rincón,West,2030,10592.091819523814,10967.995106663682,11821.030758614443,12746.516919161924,13704.630808417342,14558.393489566624,15056.226852509628,earthquake_m6_8,13624.697137000683,-878.1802178387588,-6.445502670689676
Río Grande,East,2030,36547.91469087543,36921.28450433583,37620.36345723452,38529.57301244432,39634.11765644443,40463.437941342105,40666.406258306844,earthquake_m6_8,40704.07036185092,-2174.4973494066,-5.342211061635261
Sabana Grande,West,2030,16916.991366811682,17400.373281117318,18047.33608130536,18616.504765771202,19384.718263385104,20309.713809463854,20685.17891444356,earthquake_m6_8,19896.572091258742,-1280.06732548754,-6.433607355158019
Salinas,South,2030,19152.93112467974,19356.65964883202,19986.830314777602,20653.44651894056,21484.356334861437,22097.735560952176,22510.982671868263,earthquake_m6_8,22202.839895178047,-1549.3933762374872,-6.97835674874177
San Germán,West,2030,22998.178038887225,23577.312058711785,24554.354022716056,25774.113639597566,27130.465748419767,28076.946748278984,28875.726220199038,earthquake_m6_8,27549.965657259745,-1775.8520176621787,-6.445931874307875
San Juan,Metro,2030,247406.525744267,252037.69912358507,267513.7531746488,280347.0825816149,293748.8789240487,311410.44891808997,319877.0645575182,earthquake_m6_8,296166.01102510456,-15818.928443489654,-5.341236959884894
San Lorenzo,East,2030,28777.642036229012,29297.778500780347,30259.15395399999,31621.969739590546,32607.346060904987,33740.285439628424,34296.25103196701,earthquake_m6_8,33400.113573816074,-1778.1438342255278,-5.32376583180094
San Sebastián,West,2030,27116.30290428736,28079.31935644474,30140.646729906737,32783.559969200025,34778.37471510816,37376.577118751535,38524.37553067702,earthquake_m6_8,35023.33914702061,-2239.7791778205865,-6.395104614150195
Santa Isabel,South,2030,14992.95227731504,15315.735124882794,15882.478168244394,16506.40476566676,17128.73762040433,17597.291585529485,17921.71966527493,earthquake_m6_8,17741.19365802906,-1234.7888923622995,-6.96001022345797
Toa Alta,Metro,2030,48365.18843654458,50023.38893261174,52579.941468923105,55779.64070370345,58431.20457033714,60889.63246894991,62357.95643973644,earthquake_m6_8,58924.65510417106,-3145.0144004676113,-5.3373488481309534
Toa Baja,Metro,2030,57764.941825026945,58184.21346219941,59554.18070796886,61053.77313476168,62432.631135793534,63878.672557169295,65063.76264746421,earthquake_m6_8,64497.27837963238,-3443.5052448706992,-5.338993103867349
Trujillo Alto,Metro,2030,50173.861703560986,51350.07100949284,53679.35794941369,56050.72857044615,58662.628892562294,61631.337527813754,63133.897303455844,earthquake_m6_8,59216.32284574344,-3165.5942752972915,-5.34581365942556
Utuado,Central Mountains,2030,21197.266861616434,21498.418445023748,22159.9232473589,22992.394046142843,23901.49818695312,24507.449134301933,24932.07869180197,earthquake_m6_8,24429.631811870342,-1437.2377657274992,-5.883174076447384
Vega Alta,North,2030,27893.221839441165,28193.074879053755,28773.236778188213,29591.058747557414,30219.491492851317,30789.732665145333,31360.492504754005,earthquake_m6_8,31166.141954517374,-1575.08320695996,-5.053827994682735
Vega Baja,North,2030,38557.79756830855,39622.13976051514,42030.239626307375,44953.395061997486,47684.905215914725,50147.10823230362,51752.79047734291,earthquake_m6_8,47350.44177620197,-2397.046714204487,-5.062353431746074
Vieques,East,2030,6473.475277522648,6507.1082621347805,6645.623386728472,6779.080185990888,6891.054851903335,7062.900629105572,7176.702740619801,earthquake_m6_8,7161.343235478324,-382.26304948743564,-5.337868007689529
Villalba,South,2030,16459.603335935706,16780.000928437476,17205.149759202923,17795.89558220296,18388.650570718306,19180.143912304055,19377.38965471546,earthquake_m6_8,19128.337337927198,-1332.4417557242377,-6.9658001748134435
Yabucoa,East,2030,22743.88258816911,23180.245652081692,23677.62751270653,24590.69151071296,25485.092543910367,26394.806241567283,27007.266625764398,earthquake_m6_8,25977.28211264608,-1386.5906019331196,-5.337704675648531
Yauco,South,2030,25386.556945300486,25837.570291981217,26541.36995682455,27202.279375512215,27935.604697231,28809.022806800174,29318.57274979641,earthquake_m6_8,29244.812164870047,-2042.5327893578324,-6.984256824228807
Adjuntas,Central Mountains,2030,13507.237090926395,13714.972954120187,14160.26185093634,14753.73720008677,15232.23957512347,15658.864746185713,15870.3370656468,earthquake_m7_2,15952.865950878464,-1199.1287507916932,-7.5166979681519965
Aguada,West,2030,28182.570597523256,28890.731075528558,29675.196459255523,30580.468501963493,31774.710987320173,32633.96629767931,33271.6206145115,earthquake_m7_2,33314.010737823926,-2733.5422358604337,-8.205383186590726
Aguadilla,West,2030,37553.96923311385,38812.162111918486,41005.62201444349,43786.3286677072,46711.05935764681,49181.10084087846,51891.73343353146,earthquake_m7_2,47699.875745195975,-3913.5470774887726,-8.204522582813897
Aguas Buenas,Central Mountains,2030,18335.449457624876,18527.573945978955,18957.256735590003,19404.560132775252,19795.924595919747,20198.59338691471,20476.304899904153,earthquake_m7_2,20980.210019320573,-1575.6498865453214,-7.510172134093572
Aibonito,Central Mountains,2030,16555.181672307088,17226.84053862187,18456.529854515196,20392.8321230215,21719.67713968187,23170.187918028656,24197.893342508287,earthquake_m7_2,22048.661472905784,-1655.8293498842831,-7.509886039653826
Arecibo,North,2030,63287.5597411291,64676.44604150962,68464.49209997787,71936.5182755019,75561.51948791902,78874.64702401716,81812.84831500085,earthquake_m7_2,76900.55443330629,-4964.036157804381,-6.455137019993207
Arroyo,South,2030,10689.996786751657,11033.540896593197,11605.114295995883,12261.77154944199,12874.697671201639,13335.701685412025,13875.605873891987,earthquake_m7_2,13460.42742016408,-1198.6558707220902,-8.90503572662538
Añasco,West,2030,19354.2967185244,19560.47534996575,19953.774825047127,20373.417955042052,20894.15711086391,21375.847402873533,21654.913667386514,earthquake_m7_2,22195.246827106355,-1821.8288720643031,-8.208193791471428
Barceloneta,North,2030,17008.53185600554,17374.977751067938,17970.465808934467,18561.588858855186,19306.066307907127,20030.006288512333,20460.274094962653,earthquake_m7_2,19846.25882618445,-1284.6699673292642,-6.473109005483271
Barranquitas,Central Mountains,2030,21554.8932403064,22008.670291807863,22964.888622707993,23943.40462445325,24761.2248523991,25588.77533413833,25951.53179684138,earthquake_m7_2,25887.01254667347,-1943.6079222202206,-7.508042570443216
Bayamón,Metro,2030,128937.76950834676,131557.94854294733,139889.05679835507,149569.4871663886,159427.39782089618,168681.0391334634,175360.06676848527,earthquake_m7_2,160532.46994954243,-10962.982783153828,-6.8291372995130795
Cabo Rojo,West,2030,36503.687420338225,36787.62092591777,37376.5045964359,38054.906503298356,38849.17685798567,39547.01080950145,40048.85380843483,earthquake_m7_2,41459.86937764862,-3404.9628743502617,-8.212671495260203
Caguas,East,2030,97937.69165628274,99044.69171830348,101296.55759209784,103491.399692445,105809.68098890808,108778.43017930567,111562.47081906098,earthquake_m7_2,111077.45194095813,-7586.052248513122,-6.829515906203355
Camuy,North,2030,23548.751111066736,24430.57797607403,25678.88292379958,27019.315370752505,28535.690943789137,29924.484475745125,30662.866616402975,earthquake_m7_2,28891.288087283578,-1871.9727165310724,-6.479367451100306
Canóvanas,East,2030,31283.285526034982,31672.237143955674,33084.40659215741,34550.55813234202,35868.24047212744,37069.76958557586,37660.22903615813,earthquake_m7_2,37081.33596547195,-2530.777833129934,-6.824937039718449
Carolina,Metro,2030,112227.79916589601,114477.86489413747,119283.46639120544,124999.48785908494,130682.29299210664,135452.85994864462,137778.6386772016,earthquake_m7_2,134149.2318856066,-9149.744026521657,-6.820571312941949
Cataño,Metro,2030,17513.1233846556,17771.19842630021,18151.48042260138,18560.302653837716,18912.204933131874,19286.68572849185,19422.447763665612,earthquake_m7_2,19918.13075189707,-1357.8280980593554,-6.817045811038423
Cayey,Central Mountains,2030,31880.145104929903,32224.3354644143,32800.9894842493,33575.25701499845,34283.12039444217,35032.943176125635,35386.07549296294,earthquake_m7_2,36302.94982756075,-2727.6928125622944,-7.513694687398279
Ceiba,East,2030,8261.669538093101,8534.03475478838,8888.218547328363,9141.678989424863,9469.602871437386,9776.273268434194,10030.995413911663,earthquake_m7_2,9810.202552540542,-668.5235631156793,-6.814574516023139
Ciales,Central Mountains,2030,12076.406483151723,12507.168633087627,13068.531991616537,13771.778090084548,14637.572221121298,15401.969420794683,15788.858588658997,earthquake_m7_2,14889.190356690244,-1117.4122666056955,-7.504855803684465
Cidra,Central Mountains,2030,29819.745055064996,30608.925602975047,31353.517421279776,32582.887917621374,33918.56089961674,34883.70418474072,35676.65270413613,earthquake_m7_2,35228.96885608391,-2646.080938462539,-7.511093921801151
Coamo,South,2030,23530.7615333027,24281.943848870033,25751.670600188427,27508.490698249265,29483.650510670926,31355.61510417029,32219.348752119906,earthquake_m7_2,30199.381265419473,-2690.8905671702087,-8.910416221843185
Comerío,Central Mountains,2030,14635.880545490047,14763.65989680169,15087.424023489179,15424.152911639669,15668.574658769532,16000.232261432135,16171.187240900425,earthquake_m7_2,16675.24541673903,-1251.0925050993628,-7.502693206802729
Corozal,Central Mountains,2030,25139.016094197203,25699.54171807601,27166.516986170944,28541.299556653823,29859.14404734406,30784.865091025844,31724.704709501315,earthquake_m7_2,30862.680844151786,-2321.381287497963,-7.5216449900133835
Culebra,East,2030,793.9909536149648,888.788582780205,993.2610921817767,1189.8113118128922,1383.7034499916226,1545.252626191533,1693.9010876025295,earthquake_m7_2,1276.1573030473644,-86.3459912344722,-6.766093100614218
Dorado,North,2030,28001.369271154865,28464.545750756504,29121.5840611658,29892.761830289055,30556.72381919186,31152.48143202865,31530.47826129072,earthquake_m7_2,31960.122702545574,-2067.3608722565186,-6.468563626922047
Fajardo,East,2030,22022.352931232388,22743.032414317582,23851.12874673641,26060.896251754835,27942.71541752148,29453.771293471953,30850.77342089747,earthquake_m7_2,27966.732988514363,-1905.8367367595274,-6.8146563187850155
Florida,North,2030,8849.611083447759,9018.393272857893,9227.268297862243,9521.971016785217,9854.967127474774,10045.657396707367,10191.667005163907,earthquake_m7_2,10180.446517300632,-658.4755005154148,-6.468041449816594
Guayama,South,2030,25359.110268640754,26072.77169833428,27194.498863086526,28526.572844845694,29627.21464904487,31177.368963533372,31926.346023491427,earthquake_m7_2,31310.15611630006,-2783.583271454365,-8.890352577977827
Guayanilla,South,2030,13023.603135019886,13275.378650694278,13544.91282630896,13819.645569038155,14187.041302212001,14529.30447743996,14820.200892223733,earthquake_m7_2,15169.329192088775,-1349.6836230506196,-8.897450941696993
Guaynabo,Metro,2030,65321.98585102196,67138.56647232962,70738.95487455267,74070.4811359194,77817.85135777784,81039.21975381773,84344.34415476283,earthquake_m7_2,79481.20251783336,-5410.721381913958,-6.807548464934138
Gurabo,East,2030,25845.78153182399,26884.60583823543,29992.677821456557,32893.052536955656,35621.730990464726,39060.04203601059,40161.639195571704,earthquake_m7_2,35300.660645860924,-2407.6081089052677,-6.820291928977156
Guánica,West,2030,8999.01210218248,9348.214557731984,9887.84771931314,10403.85331077256,10970.341147584439,11529.286714271278,11863.195348098523,earthquake_m7_2,11336.093861326377,-932.2405505538172,-8.22364883316819
Hatillo,North,2030,29568.026988402093,30268.272163368936,30931.198640862534,31840.097340230415,32370.48929940768,33210.76228260847,33615.707886046235,earthquake_m7_2,34038.84591007031,-2198.748569839896,-6.459527375425503
Hormigueros,West,2030,11987.586032808194,12129.528651477645,12345.06046822104,12574.559960025417,12830.271305615119,13062.619864165528,13170.463848336676,earthquake_m7_2,13699.09259573791,-1124.5326357124923,-8.208811115433727
Humacao,East,2030,39548.42823588341,40017.846403825,40707.87221188085,41482.32881310166,42338.01528963767,43042.12586958319,43646.586264302954,earthquake_m7_2,44514.99323492833,-3032.664421826674,-6.812680855238495
Isabela,West,2030,31440.057473784153,31981.139120391013,33218.3727237793,34955.93756335951,36504.52274714205,38647.78856514414,39961.77786064223,earthquake_m7_2,38080.5358018956,-3124.5982385360912,-8.205237065967314
Jayuya,Central Mountains,2030,10742.295984677523,11047.152425010829,11441.762897410135,12001.146824168913,12577.571410206841,13133.14413026249,13583.895970433277,earthquake_m7_2,12977.014377113084,-975.8675529441716,-7.519969729441471
Juana Díaz,South,2030,34078.76630481512,34586.208679796335,35843.691596668505,37270.09424093855,38491.457383902816,39915.115127750476,40809.18362570732,earthquake_m7_2,40903.98531922763,-3633.8910782890744,-8.883953604835911
Juncos,East,2030,28609.787406021205,28962.800686883533,29644.39134132227,30553.45377600654,31277.33175783972,32032.486150581793,32429.412058930724,earthquake_m7_2,32788.599270624254,-2235.1454946177146,-6.816837389635644
Lajas,West,2030,16932.396480035353,17218.497412858786,17874.29466996384,18808.895546604363,19665.11263892019,20629.080875710886,21227.371879869326,earthquake_m7_2,20490.376772484007,-1681.4812258796446,-8.206199644594442
Lares,Central Mountains,2030,16675.521716854386,17699.725096390965,20319.51927686762,22936.692110884444,25450.899686187124,27397.96328929851,29125.41076120744,earthquake_m7_2,24792.896464895806,-1856.2043540113627,-7.48683945274227
Las Marías,West,2030,5831.143891470356,5931.986710206978,6425.775874009418,7080.354224672328,7779.483774141822,8216.84198572663,8524.964524714343,earthquake_m7_2,7712.702077042254,-632.3478523699259,-8.198784888271286
Las Piedras,East,2030,26247.395952210452,26750.755994739553,27693.22293783731,28754.044262942363,30001.394589697542,31034.83672917605,31554.856760644605,earthquake_m7_2,30859.9129568021,-2105.8686938597384,-6.823961871854747
Loíza,East,2030,17769.808846930384,17961.531724449236,18388.500787742552,18810.198429516913,19164.6929137912,19492.600252140735,19701.104667560838,earthquake_m7_2,20185.110055016186,-1374.9116254992732,-6.811514139639753
Luquillo,East,2030,13810.856925342927,13962.491678436338,14172.934257371198,14480.7220722455,14835.402234470239,15094.205449695992,15345.402130154813,earthquake_m7_2,15540.505668430615,-1059.7835961851142,-6.819492356275035
Manatí,North,2030,29106.43715452141,29592.485460853037,30959.50784352411,32344.58539992004,33698.45642863637,35351.70416593005,36159.1863465342,earthquake_m7_2,34581.415510394836,-2236.830110474795,-6.468301188545697
Maricao,West,2030,3260.5889921793073,3463.9961692524753,3758.645880946284,4008.8924401102377,4364.097013447783,4688.488894781548,4796.872292649362,earthquake_m7_2,4366.886260047407,-357.99381993716906,-8.197919492716137
Maunabo,East,2030,8064.165098501464,8205.265879048015,8399.600324850844,8600.847571349994,8865.7370696373,9096.931769164541,9255.988722976324,earthquake_m7_2,9230.55705359378,-629.7094822437866,-6.8220095340683535
Mayagüez,West,2030,53085.23946084332,54131.648292476406,55294.34850627357,57827.87874260089,59472.45202239207,61420.21864550672,62417.15779969677,earthquake_m7_2,62990.02948100968,-5162.150738408789,-8.195187049348947
Moca,West,2030,26040.54419069979,26918.011575144348,28359.406042026138,30211.098536034537,32158.946726218965,33680.304655830005,35402.60328490164,earthquake_m7_2,32923.3049999769,-2712.2064639423625,-8.237953218682831
Morovis,Central Mountains,2030,21157.106321951196,21562.41082981406,22437.309376880985,23424.22513914611,24223.43019447333,25155.224709281418,25907.142408461794,earthquake_m7_2,25322.345539370246,-1898.1204002241357,-7.495831684600498
Naguabo,East,2030,16133.294683602388,16791.40329228128,18150.063190707493,19306.222590487654,20631.745580956536,21768.401309778346,22345.769362121933,earthquake_m7_2,20721.265928300436,-1415.0433378127818,-6.828942511085489
Naranjito,Central Mountains,2030,20945.701510486346,21546.706963443925,22717.566869928985,23847.874338496782,24846.536940950864,25836.643763138356,26535.881930116215,earthquake_m7_2,25783.999348472258,-1936.1250099754761,-7.509017448413
Orocovis,Central Mountains,2030,15428.143381188687,15989.833448489582,16534.455259845265,17378.559233765678,18038.602468527104,18800.80230454241,19068.937533012333,earthquake_m7_2,18787.657094377566,-1409.0978606118879,-7.500125500127302
Patillas,South,2030,12019.277282270872,12155.3691792662,12309.575849768231,12552.528541558844,12821.141155213805,12994.563417694555,13188.090319418974,earthquake_m7_2,13777.058781837808,-1224.530240278964,-8.888183317423692
Peñuelas,South,2030,13938.538006800634,14405.480514445857,14938.409779870053,15907.766061006496,16793.30480723844,17759.643207625486,18399.947196015757,earthquake_m7_2,17461.66375473891,-1553.897693732415,-8.898909723368735
Ponce,South,2030,96473.48911390227,98958.28583346003,102867.6484282175,106852.91022774883,111562.88053079613,115089.5642648564,117192.23959643305,earthquake_m7_2,117262.51793884183,-10409.607711093005,-8.87718249110268
Quebradillas,North,2030,18045.419825903857,18209.653430673618,18809.14234975967,19237.02568320305,19855.125830360626,20211.0186802188,20708.744230506876,earthquake_m7_2,20567.50313735594,-1330.4774541528895,-6.468833116336791
Rincón,West,2030,10384.126965946212,10754.35031939392,11593.692133215052,12504.062973196145,13448.621283201754,14288.51489869008,14778.651654757892,earthquake_m7_2,13624.697137000683,-1120.6341638045378,-8.225020729167065
Río Grande,East,2030,35970.38336006504,36338.099357549516,37028.72293024472,37925.575570373796,39015.78887689755,39834.446175243254,40034.62200656312,earthquake_m7_2,40704.07036185092,-2778.4947914771255,-6.826085860153226
Sabana Grande,West,2030,16590.28329286889,17065.643375200976,17702.920818103332,18263.533735580022,19018.979861574167,19930.97970688421,20299.947971500766,earthquake_m7_2,19896.572091258742,-1633.03835567872,-8.207636713442568
Salinas,South,2030,18751.781949416203,18951.954541520052,19571.394733442103,20227.159656989148,21044.63605573155,21647.02230247708,22053.183061248055,earthquake_m7_2,22202.839895178047,-1975.6802381888992,-8.898322230472743
San Germán,West,2030,22552.611513176427,23121.249177261467,24082.757383758148,25283.830782990688,26619.79519592676,27552.23199296893,28338.1246984979,earthquake_m7_2,27549.965657259745,-2266.134874269057,-8.225545187465247
San Juan,Metro,2030,243442.82862608234,248006.9670368905,263281.3244914038,275953.2174095557,289173.8583729562,306630.7716901087,314986.86655347917,earthquake_m7_2,296166.01102510456,-20212.79361554887,-6.824818805367754
San Lorenzo,East,2030,28320.724194505852,28831.51393566433,29782.9107370126,31128.017159852207,32099.876708549495,33219.473778994994,33766.77790083247,earthquake_m7_2,33400.113573816074,-2272.0964139638672,-6.802660742282837
San Sebastián,West,2030,26585.997226115433,27532.398129390775,29560.45587106046,32164.973801974087,34129.17207959822,36685.93820278592,37812.577822176085,earthquake_m7_2,35023.33914702061,-2858.3653450465245,-8.161315895802247
Santa Isabel,South,2030,14678.782019434808,14995.98470572612,15552.457787936055,16166.274292195212,16778.527116074587,17238.82637803976,17557.244906807726,earthquake_m7_2,17741.19365802906,-1574.9193658338481,-8.877189416852419
Toa Alta,Metro,2030,47587.184255251355,49228.87163262374,51747.54533329025,54906.04497795833,57524.78780309875,59952.06780249991,61398.79628500718,earthquake_m7_2,58924.65510417106,-4018.610126212734,-6.819912851604067
Toa Baja,Metro,2030,56851.52251025113,57265.20170177587,58616.380899383264,60097.282455208326,61459.2964792767,62886.86232387208,64056.353424793895,earthquake_m7_2,64497.27837963238,-4399.995924424053,-6.8219869659082075
Trujillo Alto,Metro,2030,49370.03608115126,50531.16056394509,52831.1354496493,55171.45676926934,57749.95298132963,60683.84929471956,62161.493999637474,earthquake_m7_2,59216.32284574344,-4044.8660764741,-6.830660672752076
Utuado,Central Mountains,2030,20824.482681660946,21121.221810278534,21773.3040755911,22594.365579875994,23490.376864671864,24087.2723382571,24506.75655331295,earthquake_m7_2,24429.631811870342,-1835.2662319943483,-7.512459647887913
Vega Alta,North,2030,27476.395392926664,27771.200999236684,28345.04994006941,29152.872138645223,29773.896142966078,30336.53781779777,30901.203125147054,earthquake_m7_2,31166.141954517374,-2013.2698158721505,-6.459798003905123
Vega Baja,North,2030,37968.48175068225,39019.46059936249,41397.30432822774,44286.56883660739,46981.77506509304,49416.48891549749,51000.71369119121,earthquake_m7_2,47350.44177620197,-3063.8729395945848,-6.470632215166507
Vieques,East,2030,6371.1471854056845,6404.413347869299,6541.196576695311,6672.843156241821,6783.470400720673,6953.341651312136,7065.564856692235,earthquake_m7_2,7161.343235478324,-488.50007923650264,-6.821347101705768
Villalba,South,2030,16115.2121032066,16429.943411652555,16848.216134986244,17429.095162820107,18011.593265464187,18789.949055953766,18982.84585211397,earthquake_m7_2,19128.337337927198,-1699.2421751070906,-8.883376244823303
Yabucoa,East,2030,22382.005165397422,22812.927423493213,23304.211974323425,24205.53823086682,25088.25589640095,25987.488198675434,26591.503868607513,earthquake_m7_2,25977.28211264608,-1771.7438817792608,-6.820358935536034
Yauco,South,2030,24856.186023771792,25299.452736282492,25991.221260404927,26640.05746791892,27362.26358562051,28220.831063603888,28721.490720440746,earthquake_m7_2,29244.812164870047,-2604.7546969511277,-8.906723976432497
Adjuntas,Central Mountains,2030,13507.237090926395,13714.972954120187,14160.26185093634,14753.73720008677,15232.23957512347,15658.864746185713,15870.3370656468,earthquake_m7_5,15952.865950878464,-1199.1287507916932,-7.5166979681519965
Aguada,West,2030,28182.570597523256,28890.731075528558,29675.196459255523,30580.468501963493,31774.710987320173,32633.96629767931,33271.6206145115,earthquake_m7_5,33314.010737823926,-2733.5422358604337,-8.205383186590726
Aguadilla,West,2030,37553.96923311385,38812.162111918486,41005.62201444349,43786.3286677072,46711.05935764681,49181.10084087846,51891.73343353146,earthquake_m7_5,47699.875745195975,-3913.5470774887726,-8.204522582813897
Aguas Buenas,Central Mountains,2030,18335.449457624876,18527.573945978955,18957.256735590003,19404.560132775252,19795.924595919747,20198.59338691471,20476.304899904153,earthquake_m7_5,20980.210019320573,-1575.6498865453214,-7.510172134093572
Aibonito,Central Mountains,2030,16555.181672307088,17226.84053862187,18456.529854515196,20392.8321230215,21719.67713968187,23170.187918028656,24197.893342508287,earthquake_m7_5,22048.661472905784,-1655.8293498842831,-7.509886039653826
Arecibo,North,2030,63287.5597411291,64676.44604150962,68464.49209997787,71936.5182755019,75561.51948791902,78874.64702401716,81812.84831500085,earthquake_m7_5,76900.55443330629,-4964.036157804381,-6.455137019993207
Arroyo,South,2030,10689.996786751657,11033.540896593197,11605.114295995883,12261.77154944199,12874.697671201639,13335.701685412025,13875.605873891987,earthquake_m7_5,13460.42742016408,-1198.6558707220902,-8.90503572662538
Añasco,West,2030,19354.2967185244,19560.47534996575,19953.774825047127,20373.417955042052,20894.15711086391,21375.847402873533,21654.913667386514,earthquake_m7_5,22195.246827106355,-1821.8288720643031,-8.208193791471428
Barceloneta,North,2030,17008.53185600554,17374.977751067938,17970.465808934467,18561.588858855186,19306.066307907127,20030.006288512333,20460.274094962653,earthquake_m7_5,19846.25882618445,-1284.6699673292642,-6.473109005483271
Barranquitas,Central Mountains,2030,21554.8932403064,22008.670291807863,22964.888622707993,23943.40462445325,24761.2248523991,25588.77533413833,25951.53179684138,earthquake_m7_5,25887.01254667347,-1943.6079222202206,-7.508042570443216
Bayamón,Metro,2030,128937.76950834676,131557.94854294733,139889.05679835507,149569.4871663886,159427.39782089618,168681.0391334634,175360.06676848527,earthquake_m7_5,160532.46994954243,-10962.982783153828,-6.8291372995130795
Cabo Rojo,West,2030,36503.687420338225,36787.62092591777,37376.5045964359,38054.906503298356,38849.17685798567,39547.01080950145,40048.85380843483,earthquake_m7_5,41459.86937764862,-3404.9628743502617,-8.212671495260203
Caguas,East,2030,97937.69165628274,99044.69171830348,101296.55759209784,103491.399692445,105809.68098890808,108778.43017930567,111562.47081906098,earthquake_m7_5,111077.45194095813,-7586.052248513122,-6.829515906203355
Camuy,North,2030,23548.751111066736,24430.57797607403,25678.88292379958,27019.315370752505,28535.690943789137,29924.484475745125,30662.866616402975,earthquake_m7_5,28891.288087283578,-1871.9727165310724,-6.479367451100306
Canóvanas,East,2030,31283.285526034982,31672.237143955674,33084.40659215741,34550.55813234202,35868.24047212744,37069.76958557586,37660.22903615813,earthquake_m7_5,37081.33596547195,-2530.777833129934,-6.824937039718449
Carolina,Metro,2030,112227.79916589601,114477.86489413747,119283.46639120544,124999.48785908494,130682.29299210664,135452.85994864462,137778.6386772016,earthquake_m7_5,134149.2318856066,-9149.744026521657,-6.820571312941949
Cataño,Metro,2030,17513.1233846556,17771.19842630021,18151.48042260138,18560.302653837716,18912.204933131874,19286.68572849185,19422.447763665612,earthquake_m7_5,19918.13075189707,-1357.8280980593554,-6.817045811038423
Cayey,Central Mountains,2030,31880.145104929903,32224.3354644143,32800.9894842493,33575.25701499845,34283.12039444217,35032.943176125635,35386.07549296294,earthquake_m7_5,36302.94982756075,-2727.6928125622944,-7.513694687398279
Ceiba,East,2030,8261.669538093101,8534.03475478838,8888.218547328363,9141.678989424863,9469.602871437386,9776.273268434194,10030.995413911663,earthquake_m7_5,9810.202552540542,-668.5235631156793,-6.814574516023139
Ciales,Central Mountains,2030,12076.406483151723,12507.168633087627,13068.531991616537,13771.778090084548,14637.572221121298,15401.969420794683,15788.858588658997,earthquake_m7_5,14889.190356690244,-1117.4122666056955,-7.504855803684465
Cidra,Central Mountains,2030,29819.745055064996,30608.925602975047,31353.517421279776,32582.887917621374,33918.56089961674,34883.70418474072,35676.65270413613,earthquake_m7_5,35228.96885608391,-2646.080938462539,-7.511093921801151
Coamo,South,2030,23530.7615333027,24281.943848870033,25751.670600188427,27508.490698249265,29483.650510670926,31355.61510417029,32219.348752119906,earthquake_m7_5,30199.381265419473,-2690.8905671702087,-8.910416221843185
Comerío,Central Mountains,2030,14635.880545490047,14763.65989680169,15087.424023489179,15424.152911639669,15668.574658769532,16000.232261432135,16171.187240900425,earthquake_m7_5,16675.24541673903,-1251.0925050993628,-7.502693206802729
Corozal,Central Mountains,2030,25139.016094197203,25699.54171807601,27166.516986170944,28541.299556653823,29859.14404734406,30784.865091025844,31724.704709501315,earthquake_m7_5,30862.680844151786,-2321.381287497963,-7.5216449900133835
Culebra,East,2030,793.9909536149648,888.788582780205,993.2610921817767,1189.8113118128922,1383.7034499916226,1545.252626191533,1693.9010876025295,earthquake_m7_5,1276.1573030473644,-86.3459912344722,-6.766093100614218
Dorado,North,2030,28001.369271154865,28464.545750756504,29121.5840611658,29892.761830289055,30556.72381919186,31152.48143202865,31530.47826129072,earthquake_m7_5,31960.122702545574,-2067.3608722565186,-6.468563626922047
Fajardo,East,2030,22022.352931232388,22743.032414317582,23851.12874673641,26060.896251754835,27942.71541752148,29453.771293471953,30850.77342089747,earthquake_m7_5,27966.732988514363,-1905.8367367595274,-6.8146563187850155
Florida,North,2030,8849.611083447759,9018.393272857893,9227.268297862243,9521.971016785217,9854.967127474774,10045.657396707367,10191.667005163907,earthquake_m7_5,10180.446517300632,-658.4755005154148,-6.468041449816594
Guayama,South,2030,25359.110268640754,26072.77169833428,27194.498863086526,28526.572844845694,29627.21464904487,31177.368963533372,31926.346023491427,earthquake_m7_5,31310.15611630006,-2783.583271454365,-8.890352577977827
Guayanilla,South,2030,13023.603135019886,13275.378650694278,13544.91282630896,13819.645569038155,14187.041302212001,14529.30447743996,14820.200892223733,earthquake_m7_5,15169.329192088775,-1349.6836230506196,-8.897450941696993
Guaynabo,Metro,2030,65321.98585102196,67138.56647232962,70738.95487455267,74070.4811359194,77817.85135777784,81039.21975381773,84344.34415476283,earthquake_m7_5,79481.20251783336,-5410.721381913958,-6.807548464934138
Gurabo,East,2030,25845.78153182399,26884.60583823543,29992.677821456557,32893.052536955656,35621.730990464726,39060.04203601059,40161.639195571704,earthquake_m7_5,35300.660645860924,-2407.6081089052677,-6.820291928977156
Guánica,West,2030,8999.01210218248,9348.214557731984,9887.84771931314,10403.85331077256,10970.341147584439,11529.286714271278,11863.195348098523,earthquake_m7_5,11336.093861326377,-932.2405505538172,-8.22364883316819
Hatillo,North,2030,29568.026988402093,30268.272163368936,30931.198640862534,31840.097340230415,32370.48929940768,33210.76228260847,33615.707886046235,earthquake_m7_5,34038.84591007031,-2198.748569839896,-6.459527375425503
Hormigueros,West,2030,11987.586032808194,12129.528651477645,12345.06046822104,12574.559960025417,12830.271305615119,13062.619864165528,13170.463848336676,earthquake_m7_5,13699.09259573791,-1124.5326357124923,-8.208811115433727
Humacao,East,2030,39548.42823588341,40017.846403825,40707.87221188085,41482.32881310166,42338.01528963767,43042.12586958319,43646.586264302954,earthquake_m7_5,44514.99323492833,-3032.664421826674,-6.812680855238495
Isabela,West,2030,31440.057473784153,31981.139120391013,33218.3727237793,34955.93756335951,36504.52274714205,38647.78856514414,39961.77786064223,earthquake_m7_5,38080.5358018956,-3124.5982385360912,-8.205237065967314
Jayuya,Central Mountains,2030,10742.295984677523,11047.152425010829,11441.762897410135,12001.146824168913,12577.571410206841,13133.14413026249,13583.895970433277,earthquake_m7_5,12977.014377113084,-975.8675529441716,-7.519969729441471
Juana Díaz,South,2030,34078.76630481512,34586.208679796335,35843.691596668505,37270.09424093855,38491.457383902816,39915.115127750476,40809.18362570732,earthquake_m7_5,40903.98531922763,-3633.8910782890744,-8.883953604835911
Juncos,East,2030,28609.787406021205,28962.800686883533,29644.39134132227,30553.45377600654,31277.33175783972,32032.486150581793,32429.412058930724,earthquake_m7_5,32788.599270624254,-2235.1454946177146,-6.816837389635644
Lajas,West,2030,16932.396480035353,17218.497412858786,17874.29466996384,18808.895546604363,19665.11263892019,20629.080875710886,21227.371879869326,earthquake_m7_5,20490.376772484007,-1681.4812258796446,-8.206199644594442
Lares,Central Mountains,2030,16675.521716854386,17699.725096390965,20319.51927686762,22936.692110884444,25450.899686187124,27397.96328929851,29125.41076120744,earthquake_m7_5,24792.896464895806,-1856.2043540113627,-7.48683945274227
Las Marías,West,2030,5831.143891470356,5931.986710206978,6425.775874009418,7080.354224672328,7779.483774141822,8216.84198572663,8524.964524714343,earthquake_m7_5,7712.702077042254,-632.3478523699259,-8.198784888271286
Las Piedras,East,2030,26247.395952210452,26750.755994739553,27693.22293783731,28754.044262942363,30001.394589697542,31034.83672917605,31554.856760644605,earthquake_m7_5,30859.9129568021,-2105.8686938597384,-6.823961871854747
Loíza,East,2030,17769.808846930384,17961.531724449236,18388.500787742552,18810.198429516913,19164.6929137912,19492.600252140735,19701.104667560838,earthquake_m7_5,20185.110055016186,-1374.9116254992732,-6.811514139639753
Luquillo,East,2030,13810.856925342927,13962.491678436338,14172.934257371198,14480.7220722455,14835.402234470239,15094.205449695992,15345.402130154813,earthquake_m7_5,15540.505668430615,-1059.7835961851142,-6.819492356275035
Manatí,North,2030,29106.43715452141,29592.485460853037,30959.50784352411,32344.58539992004,33698.45642863637,35351.70416593005,36159.1863465342,earthquake_m7_5,34581.415510394836,-2236.830110474795,-6.468301188545697
Maricao,West,2030,3260.5889921793073,3463.9961692524753,3758.645880946284,4008.8924401102377,4364.097013447783,4688.488894781548,4796.872292649362,earthquake_m7_5,4366.886260047407,-357.99381993716906,-8.197919492716137
Maunabo,East,2030,8064.165098501464,8205.265879048015,8399.600324850844,8600.847571349994,8865.7370696373,9096.931769164541,9255.988722976324,earthquake_m7_5,9230.55705359378,-629.7094822437866,-6.8220095340683535
Mayagüez,West,2030,53085.23946084332,54131.648292476406,55294.34850627357,57827.87874260089,59472.45202239207,61420.21864550672,62417.15779969677,earthquake_m7_5,62990.02948100968,-5162.150738408789,-8.195187049348947
Moca,West,2030,26040.54419069979,26918.011575144348,28359.406042026138,30211.098536034537,32158.946726218965,33680.304655830005,35402.60328490164,earthquake_m7_5,32923.3049999769,-2712.2064639423625,-8.237953218682831
Morovis,Central Mountains,2030,21157.106321951196,21562.41082981406,22437.309376880985,23424.22513914611,24223.43019447333,25155.224709281418,25907.142408461794,earthquake_m7_5,25322.345539370246,-1898.1204002241357,-7.495831684600498
Naguabo,East,2030,16133.294683602388,16791.40329228128,18150.063190707493,19306.222590487654,20631.745580956536,21768.401309778346,22345.769362121933,earthquake_m7_5,20721.265928300436,-1415.0433378127818,-6.828942511085489
Naranjito,Central Mountains,2030,20945.701510486346,21546.706963443925,22717.566869928985,23847.874338496782,24846.536940950864,25836.643763138356,26535.881930116215,earthquake_m7_5,25783.999348472258,-1936.1250099754761,-7.509017448413
Orocovis,Central Mountains,2030,15428.143381188687,15989.833448489582,16534.455259845265,17378.559233765678,18038.602468527104,18800.80230454241,19068.937533012333,earthquake_m7_5,18787.657094377566,-1409.0978606118879,-7.500125500127302
Patillas,South,2030,12019.277282270872,12155.3691792662,12309.575849768231,12552.528541558844,12821.141155213805,12994.563417694555,13188.090319418974,earthquake_m7_5,13777.058781837808,-1224.530240278964,-8.888183317423692
Peñuelas,South,2030,13938.538006800634,14405.480514445857,14938.409779870053,15907.766061006496,16793.30480723844,17759.643207625486,18399.947196015757,earthquake_m7_5,17461.66375473891,-1553.897693732415,-8.898909723368735
Ponce,South,2030,96473.48911390227,98958.28583346003,102867.6484282175,106852.91022774883,111562.88053079613,115089.5642648564,117192.23959643305,earthquake_m7_5,117262.51793884183,-10409.607711093005,-8.87718249110268
Quebradillas,North,2030,18045.419825903857,18209.653430673618,18809.14234975967,19237.02568320305,19855.125830360626,20211.0186802188,20708.744230506876,earthquake_m7_5,20567.50313735594,-1330.4774541528895,-6.468833116336791
Rincón,West,2030,10384.126965946212,10754.35031939392,11593.692133215052,12504.062973196145,13448.621283201754,14288.51489869008,14778.651654757892,earthquake_m7_5,13624.697137000683,-1120.6341638045378,-8.225020729167065
Río Grande,East,2030,35970.38336006504,36338.099357549516,37028.72293024472,37925.575570373796,39015.78887689755,39834.446175243254,40034.62200656312,earthquake_m7_5,40704.07036185092,-2778.4947914771255,-6.826085860153226
Sabana Grande,West,2030,16590.28329286889,17065.643375200976,17702.920818103332,18263.533735580022,19018.979861574167,19930.97970688421,20299.947971500766,earthquake_m7_5,19896.572091258742,-1633.03835567872,-8.207636713442568
Salinas,South,2030,18751.781949416203,18951.954541520052,19571.394733442103,20227.159656989148,21044.63605573155,21647.02230247708,22053.183061248055,earthquake_m7_5,22202.839895178047,-1975.6802381888992,-8.898322230472743
San Germán,West,2030,22552.611513176427,23121.249177261467,24082.757383758148,25283.830782990688,26619.79519592676,27552.23199296893,28338.1246984979,earthquake_m7_5,27549.965657259745,-2266.134874269057,-8.225545187465247
San Juan,Metro,2030,243442.82862608234,248006.9670368905,263281.3244914038,275953.2174095557,289173.8583729562,306630.7716901087,314986.86655347917,earthquake_m7_5,296166.01102510456,-20212.79361554887,-6.824818805367754
San Lorenzo,East,2030,28320.724194505852,28831.51393566433,29782.9107370126,31128.017159852207,32099.876708549495,33219.473778994994,33766.77790083247,earthquake_m7_5,33400.113573816074,-2272.0964139638672,-6.802660742282837
San Sebastián,West,2030,26585.997226115433,27532.398129390775,29560.45587106046,32164.973801974087,34129.17207959822,36685.93820278592,37812.577822176085,earthquake_m7_5,35023.33914702061,-2858.3653450465245,-8.161315895802247
Santa Isabel,South,2030,14678.782019434808,14995.98470572612,15552.457787936055,16166.274292195212,16778.527116074587,17238.82637803976,17557.244906807726,earthquake_m7_5,17741.19365802906,-1574.9193658338481,-8.877189416852419
Toa Alta,Metro,2030,47587.184255251355,49228.87163262374,51747.54533329025,54906.04497795833,57524.78780309875,59952.06780249991,61398.79628500718,earthquake_m7_5,58924.65510417106,-4018.610126212734,-6.819912851604067
Toa Baja,Metro,2030,56851.52251025113,57265.20170177587,58616.380899383264,60097.282455208326,61459.2964792767,62886.86232387208,64056.353424793895,earthquake_m7_5,64497.27837963238,-4399.995924424053,-6.8219869659082075
Trujillo Alto,Metro,2030,49370.03608115126,50531.16056394509,52831.1354496493,55171.45676926934,57749.95298132963,60683.84929471956,62161.493999637474,earthquake_m7_5,59216.32284574344,-4044.8660764741,-6.830660672752076
Utuado,Central Mountains,2030,20824.482681660946,21121.221810278534,21773.3040755911,22594.365579875994,23490.376864671864,24087.2723382571,24506.75655331295,earthquake_m7_5,24429.631811870342,-1835.2662319943483,-7.512459647887913
Vega Alta,North,2030,27476.395392926664,27771.200999236684,28345.04994006941,29152.872138645223,29773.896142966078,30336.53781779777,30901.203125147054,earthquake_m7_5,31166.141954517374,-2013.2698158721505,-6.459798003905123
Vega Baja,North,2030,37968.48175068225,39019.46059936249,41397.30432822774,44286.56883660739,46981.77506509304,49416.48891549749,51000.71369119121,earthquake_m7_5,47350.44177620197,-3063.8729395945848,-6.470632215166507
Vieques,East,2030,6371.1471854056845,6404.413347869299,6541.196576695311,6672.843156241821,6783.470400720673,6953.341651312136,7065.564856692235,earthquake_m7_5,7161.343235478324,-488.50007923650264,-6.821347101705768
Villalba,South,2030,16115.2121032066,16429.943411652555,16848.216134986244,17429.095162820107,18011.593265464187,18789.949055953766,18982.84585211397,earthquake_m7_5,19128.337337927198,-1699.2421751070906,-8.883376244823303
Yabucoa,East,2030,22382.005165397422,22812.927423493213,23304.211974323425,24205.53823086682,25088.25589640095,25987.488198675434,26591.503868607513,earthquake_m7_5,25977.28211264608,-1771.7438817792608,-6.820358935536034
Yauco,South,2030,24856.186023771792,25299.452736282492,25991.221260404927,26640.05746791892,27362.26358562051,28220.831063603888,28721.490720440746,earthquake_m7_5,29244.812164870047,-2604.7546969511277,-8.906723976432497
