municipio,region,year,p05,p10,p25,p50,p75,p90,p95,scenario
Adjuntas,Central Mountains,2025,17430.459120039384,17478.622738625156,17546.882256740177,17626.434268750367,17708.755830105663,17796.465484734017,17838.472227091705,baseline
Adjuntas,Central Mountains,2026,16931.369535053564,16992.58210002192,17115.385291653536,17311.386906698128,17447.21036407416,17609.03505975577,17683.549980928863,baseline
Adjuntas,Central Mountains,2027,16387.093376701778,16488.047408433624,16711.687867285124,16942.10493005794,17178.84412505248,17443.345491270837,17543.5317571898,baseline
Adjuntas,Central Mountains,2028,15773.321251577845,15950.897519554772,16230.334351020114,16621.3604644453,16981.265281240376,17281.428305970854,17407.4569664951,baseline
Adjuntas,Central Mountains,2029,15164.018610833155,15382.784574028985,15713.183177660012,16309.700760338299,16712.283562665467,17129.759601164442,17344.175377139447,baseline
Adjuntas,Central Mountains,2030,14625.117395854344,14844.451770284733,15319.061834836712,15952.865950878464,16460.598258238017,16917.107130235632,17141.417046135677,baseline
Aguada,West,2025,36642.00518704079,36730.20409274099,36920.58970140346,37065.26236253737,37229.14712039229,37412.99225477091,37488.88859127292,baseline
Aguada,West,2026,35491.75272582839,35644.43480984756,36014.79108943409,36375.4953012677,36684.16397327992,37044.537242523074,37363.68827641078,baseline
Aguada,West,2027,34399.69533860704,34543.27245042859,35103.66478535661,35657.61998105698,36181.65253118001,36678.59792514466,36991.58650912435,baseline
Aguada,West,2028,33149.2982297071,33577.79755085915,34183.600557909216,34976.536201421826,35566.214010879194,36332.98182428507,36714.259682387565,baseline
Aguada,West,2029,32010.46653762843,32554.83294628312,33207.09334064516,34289.84415107887,35172.867884556385,35942.85613933682,36560.22416536456,baseline
Aguada,West,2030,30745.96809678845,31506.444728679246,32341.50913280094,33314.010737823926,34593.95427488126,35519.19353322008,36201.81299524095,baseline
Aguadilla,West,2025,51664.187576380085,52094.08028784936,52654.684283167095,53205.92658345976,53696.40892097099,54121.26019987986,54726.328334689075,baseline
Aguadilla,West,2026,49476.11558250795,50148.036113147034,51147.562260836414,52233.21163297683,53194.733888462746,54093.49750173206,54779.76272892868,baseline
Aguadilla,West,2027,47295.739485463535,48031.77446966174,49572.519924999,51067.95155524752,52526.550936141124,54378.16964483248,54987.46614605959,baseline
Aguadilla,West,2028,45426.66963646052,46007.8450657028,47597.4993263106,49961.444573831584,52194.32017883096,54333.544150289934,55151.06406492695,baseline
Aguadilla,West,2029,42937.55833557487,44245.691392882516,46042.507204744325,48905.88855296549,51345.127931632705,53885.159301970576,55791.166223315835,baseline
Aguadilla,West,2030,41001.495932470934,42363.34055362464,44718.11738639607,47699.875745195975,50832.16244558774,53501.82109383858,56373.67241153099,baseline
Aguas Buenas,Central Mountains,2025,23014.64895327138,23051.21297428669,23133.78043862887,23201.295076081664,23282.087852008917,23349.166582393857,23377.42995675338,baseline
Aguas Buenas,Central Mountains,2026,22370.33989669242,22485.439474114908,22627.98908901109,22786.467233792384,22927.623988395288,23067.49584375181,23176.42777158793,baseline
Aguas Buenas,Central Mountains,2027,21808.653214992002,21923.47438185316,22123.818364132356,22339.74734859053,22616.850627117143,22777.1388654248,22958.865843485895,baseline
Aguas Buenas,Central Mountains,2028,21136.05181141347,21342.44106777956,21602.232678598164,21869.52040000682,22224.061619365006,22472.10178911963,22599.771156081846,baseline
Aguas Buenas,Central Mountains,2029,20425.838024474746,20716.98513240596,21041.779665076763,21422.539474057194,21820.91918312581,22145.34208119587,22433.119254512094,baseline
Aguas Buenas,Central Mountains,2030,19839.323990865032,20045.816538619725,20502.790313126556,20980.210019320573,21397.19420753859,21827.48918307458,22122.564599604288,baseline
Aibonito,Central Mountains,2025,23565.150357405735,23765.00280570153,23964.373626156575,24220.722730907168,24493.028981363124,24645.288810818703,24894.964029943258,baseline
Aibonito,Central Mountains,2026,22434.408613739648,22681.821562038403,23192.20432663782,23785.45981857828,24263.01008087732,24749.723179384622,24987.31783385823,baseline
Aibonito,Central Mountains,2027,21417.539230067978,21634.515688919022,22556.747498783167,23348.39419579866,24081.011227655417,24695.218718409847,25059.996479165246,baseline
Aibonito,Central Mountains,2028,20256.39576921591,20634.06060619241,21757.19006339844,22878.409278927676,23923.500011122338,24790.077895590082,25315.416754727197,baseline
Aibonito,Central Mountains,2029,19089.293425172473,19629.39782839345,20883.385019625857,22377.902462102837,23672.651486216455,24855.30674547194,25792.467270283505,baseline
Aibonito,Central Mountains,2030,17953.841755895657,18670.20358994601,19985.425324198764,22048.661472905784,23455.369754704217,24995.429817142496,26100.01697731175,baseline
Arecibo,North,2025,83431.34602526145,83710.10932711989,84300.69332371948,84987.77694184791,85637.48016979947,86302.42810180798,86559.54904704043,baseline
Arecibo,North,2026,80036.21173490747,80831.70328657977,81937.75890049651,83446.13286702536,84666.7793173082,85720.49163785086,86489.83778666754,baseline
Arecibo,North,2027,76871.32670067206,77462.5435920689,79626.09406493559,81861.55392188154,83603.87739177735,85350.65369546071,86678.17416318064,baseline
Arecibo,North,2028,73675.7255825074,75269.93653066612,77392.14152017137,80226.56018908204,82667.57452445818,85252.4084492679,87155.56447355232,baseline
Arecibo,North,2029,70500.4602232339,72237.19010210184,75127.32636048654,78795.28861416248,81784.32680088424,84882.513908548,87022.66896871588,baseline
Arecibo,North,2030,67784.43616308621,69241.37201245718,73235.9063532706,76900.55443330629,80736.17059441988,84232.26738951176,87336.87661237124,baseline
Arroyo,South,2025,14789.08221346261,14877.922809577727,14966.305302298188,15069.062062359468,15160.308460456155,15259.23803369746,15348.089764945973,baseline
Arroyo,South,2026,14132.363915132786,14315.841056638294,14578.415264496376,14753.989223684537,14945.580647865234,15149.521680561362,15311.524497618339,baseline
Arroyo,South,2027,13406.016314915814,13739.956397801994,14136.626209987353,14446.376658003785,14697.36973346697,15091.84858893855,15268.913838743569,baseline
Arroyo,South,2028,12758.785208398553,13140.181342213666,13626.300967463205,14084.806496333113,14475.885665607628,14936.148960687895,15207.692659470502,baseline
Arroyo,South,2029,12266.765261049453,12614.444122089575,13223.006225039264,13764.472252403186,14324.573098164106,14793.630735888139,15170.520655725224,baseline
Arroyo,South,2030,11763.258042238036,12136.637732820396,12752.115495526725,13460.42742016408,14122.0814940538,14618.715887306806,15203.400034428621,baseline
Añasco,West,2025,24470.445106451116,24505.317822025485,24573.508282062765,24664.19352043466,24735.68241620994,24810.795229058323,24840.655226798124,baseline
Añasco,West,2026,23826.416208822804,23919.615441756578,24032.382612046444,24207.354667449898,24365.97973365101,24500.95121696214,24554.518556552997,baseline
Añasco,West,2027,23164.599523344885,23252.53398386552,23462.288079088696,23725.73287770344,23960.852121905184,24182.621340634672,24347.650366409274,baseline
Añasco,West,2028,22500.512010788694,22620.819809405,22896.28577327528,23215.1605397529,23547.36208955579,23919.352837845632,24081.24890045182,baseline
Añasco,West,2029,21838.06017236837,21976.534776970464,22340.47116982374,22717.01330856052,23149.768333945904,23584.377456892747,23903.051280664138,baseline
Añasco,West,2030,21104.79968712389,21323.624037120186,21747.573234855743,22195.246827106355,22754.57459954589,23269.963390566387,23567.344863660535,baseline
Barceloneta,North,2025,21789.083154618715,21881.516489979276,21991.353407088107,22098.915710341404,22217.35851635031,22355.57813778088,22412.859331739157,baseline
Barceloneta,North,2026,21090.413099289046,21254.95869864089,21428.97130446004,21676.859253961353,21928.205052814963,22133.241642750516,22343.092301924706,baseline
Barceloneta,North,2027,20277.540576865293,20540.685709352783,20846.504046622795,21249.983372714847,21676.37321421375,21976.912662134917,22249.1431591037,baseline
Barceloneta,North,2028,19560.95666619492,19857.8272305473,20315.015934902745,20824.75560444311,21286.130477827777,21825.23742230484,22021.546787975607,baseline
Barceloneta,North,2029,18829.979559692158,19200.67690557848,19790.862518535763,20357.77911109684,21020.610149438206,21645.321806241034,21912.551926282096,baseline
Barceloneta,North,2030,18206.739801162046,18594.571931509272,19220.214209219048,19846.25882618445,20633.418092000204,21396.011991051702,21849.55567314152,baseline
Barranquitas,Central Mountains,2025,28176.511359225755,28237.17501030902,28394.631759329655,28518.90337960369,28663.687794248694,28817.27076618669,28854.731504022988,baseline
Barranquitas,Central Mountains,2026,27149.40766536557,27376.170439100257,27655.505972728613,28038.073131824232,28277.219963311807,28576.02449411631,28677.4330542374,baseline
Barranquitas,Central Mountains,2027,26119.30831418974,26374.40639656294,27017.231738188468,27542.638090579847,27878.24895046106,28350.244778371358,28541.113594060767,baseline
Barranquitas,Central Mountains,2028,25160.509455627467,25434.55317320998,26305.960806954812,27008.239122958792,27537.27486145281,28005.82420980239,28315.01952255597,baseline
Barranquitas,Central Mountains,2029,24109.587442425025,24702.44460271679,25555.44666936405,26442.28750099123,27196.014136935857,27748.903573952924,28201.241719166388,baseline
Barranquitas,Central Mountains,2030,23340.921843950862,23825.3841291166,24843.152212703488,25887.01254667347,26760.389699922613,27637.24202042049,28023.681246580945,baseline
Bayamón,Metro,2025,175164.083381076,175900.88499138053,177699.8229664888,179279.49523872585,180884.16031315978,182274.79857660548,182780.4263553279,baseline
Bayamón,Metro,2026,166453.70415554682,169442.82778081836,172028.76561291373,175512.600862513,178736.01530647185,182543.87218185756,184153.07401070776,baseline
Bayamón,Metro,2027,159677.82347424293,162283.66823282122,166550.75082517957,172044.12844101078,176907.04216742763,182681.2477304936,184780.87191047074,baseline
Bayamón,Metro,2028,151881.77108086194,155866.03455775263,160448.92185110782,167259.52360596618,175683.66026726138,182615.9943085609,186931.33411153688,baseline
Bayamón,Metro,2029,144869.98077654827,148739.32578702059,155628.74887073284,163309.6824810904,174164.08583033647,182671.69579485673,187459.61080454558,baseline
Bayamón,Metro,2030,138639.40447976676,141446.96714441123,150275.80210347712,160532.46994954243,170964.12820684043,180847.27512982726,187879.10857530858,baseline
Cabo Rojo,West,2025,45705.1888577428,45801.6090988891,45914.20247732907,46034.86389361226,46178.58912430116,46322.22771007562,46420.07497941957,baseline
Cabo Rojo,West,2026,44517.88496368144,44659.488837582496,44899.461548389874,45179.90377060028,45452.01247393298,45826.65410457144,45921.73543234852,baseline
Cabo Rojo,West,2027,43333.76952726115,43441.966856017374,43846.32371018489,44322.11916719783,44689.48206744242,45123.0206203185,45441.74976987181,baseline
Cabo Rojo,West,2028,42091.69938242918,42332.435942349344,42816.78089732463,43323.73935190163,43857.75308875505,44507.314351633104,44949.45845210211,baseline
Cabo Rojo,West,2029,40928.62932582057,41188.44991704362,41833.78842821231,42419.71094839764,43119.86828228695,43850.88454594098,44238.7601672992,baseline
Cabo Rojo,West,2030,39794.329129205544,40094.65940853741,40728.47450384999,41459.86937764862,42309.193142310556,43059.726917221815,43593.099461965685,baseline
Caguas,East,2025,122030.93440920163,122281.72178099104,122847.67864882699,123343.52740339714,123821.7238803867,124264.19520016764,124549.3149350224,baseline
Caguas,East,2026,118496.9710773203,119181.88772921194,119953.43290243443,120974.62250050128,121979.47396109332,122847.05833859382,123550.84887364191,baseline
Caguas,East,2027,115337.78713319704,115722.62909062533,117175.37716853202,118519.7704783534,120113.32600924694,121218.21915645026,122161.75397880771,baseline
Caguas,East,2028,111806.27031780376,112484.23423973232,114406.2385833208,115927.61969065419,118108.35661620341,119776.96170430814,121220.78698137647,baseline
Caguas,East,2029,108322.06699295087,109450.22525472345,111524.01274108572,113673.8182771751,115655.60279635977,118178.70365513438,120409.75255652933,baseline
Caguas,East,2030,105178.371346489,106360.99458360055,108740.00321124111,111077.45194095813,113519.6901509538,116657.61002614477,119623.25851302559,baseline
Camuy,North,2025,31350.663357976126,31592.027184979404,31830.458163606145,32151.959298340727,32465.471432244736,32627.142011744752,32778.655583957654,baseline
Camuy,North,2026,30029.519534326846,30426.931401343536,30824.883397414353,31507.325209590403,32111.841695272196,32526.36678981681,32705.525222974757,baseline
Camuy,North,2027,28652.24187370353,29447.897198779356,29952.27934106997,30871.645675507094,31702.479426043144,32351.213443969496,32759.885091387114,baseline
Camuy,North,2028,27679.01530595289,28123.856024190154,29138.57130571866,30113.49684951683,31327.87138838935,32155.437582074406,32709.07233148216,baseline
Camuy,North,2029,26390.512098113228,27123.58369683886,28306.22744021703,29591.920829474162,30951.540667041092,31976.723240882482,32707.419600634865,baseline
Camuy,North,2030,25218.929749050538,26152.30554293524,27472.947599675463,28891.288087283578,30491.956209655084,31953.65447169101,32733.034167419384,baseline
Canóvanas,East,2025,40463.874155979654,40570.39628129078,40808.17930386512,41037.93935427813,41299.87044895912,41490.15130078743,41618.30706731941,baseline
Canóvanas,East,2026,39111.50082629351,39286.63830703077,39693.15791789188,40336.92679860983,40757.42751202771,41058.32306358836,41506.00385550753,baseline
Canóvanas,East,2027,37675.394609122624,38094.104978618096,38735.74775359503,39533.27368687658,40125.47259778245,40736.1265414381,41170.299337693665,baseline
Canóvanas,East,2028,36417.11873169146,36784.93844719917,37693.76176031008,38706.50960893882,39567.35708301857,40499.476131614814,40986.301705390215,baseline
Canóvanas,East,2029,35095.8410800985,35424.9905369916,36665.86693914787,37955.012922326714,38921.36386049601,40177.58460534397,40743.75592033741,baseline
Canóvanas,East,2030,33608.73938557396,34028.76299101286,35523.13087162722,37081.33596547195,38472.628563911436,39744.36157729234,40370.48753327569,baseline
Carolina,Metro,2025,146973.28067110866,147718.79118461662,148600.5413473617,149569.12137933492,150280.649846312,151304.81611967398,151804.1620144201,baseline
Carolina,Metro,2026,141611.7214508901,142438.494055909,144208.1787730742,146489.62450111826,148580.54637366816,149919.19314133702,151274.1424785285,baseline
Carolina,Metro,2027,135650.5819451189,137270.59742779608,140273.88352991303,143568.43349946762,146495.52084207942,149103.6161672432,150542.52693335252,baseline
Carolina,Metro,2028,130363.60047798864,132685.8508744555,136514.8165294018,141222.72768246272,144449.58702806418,147597.88509807855,149720.04427630687,baseline
Carolina,Metro,2029,125544.04874702626,127897.16903349331,132309.88711087714,137488.4599714679,142442.8863937684,146602.1716892852,149811.00881372445,baseline
Carolina,Metro,2030,120597.74574288308,123005.18326241063,128104.01308661938,134149.2318856066,140161.80491134635,145253.1810085013,147693.51369029348,baseline
Cataño,Metro,2025,21926.45682374317,21951.038104173353,22010.10515813661,22060.519979920588,22113.546106188995,22200.53348753984,22233.92904509593,baseline
Cataño,Metro,2026,21355.69952918053,21419.03372354435,21528.02202050747,21634.485287376356,21756.347803149492,21917.721187081213,22005.545699865237,baseline
Cataño,Metro,2027,20733.23153452456,20852.18021365548,21026.777055750892,21209.101979477957,21397.31831673773,21627.771563420894,21708.702754677164,baseline
Cataño,Metro,2028,20099.422250359403,20250.327200645854,20515.90040641448,20788.52974477854,21047.492158468915,21312.16658030522,21481.800931106085,baseline
Cataño,Metro,2029,19428.160892105258,19685.83836206182,20011.960744856977,20394.24373637371,20681.615809952204,21030.909048876503,21162.54575132615,baseline
Cataño,Metro,2030,18808.353248999814,19083.194592678363,19485.547882653635,19918.13075189707,20290.764482956336,20687.125522726725,20831.858017941013,baseline
Cayey,Central Mountains,2025,39948.86828365295,40004.483571603465,40095.76897302785,40211.11517119473,40313.93216324447,40401.65009392707,40455.49192002089,baseline
Cayey,Central Mountains,2026,38857.49622369157,38938.83508039273,39229.93663530507,39463.01434683331,39703.843941483734,39947.301566160764,40056.72202997455,baseline
Cayey,Central Mountains,2027,37737.211992197386,37914.120342455135,38303.24059439592,38671.09245266032,39070.66436569034,39459.44630203984,39621.31507650535,baseline
Cayey,Central Mountains,2028,36660.613338855816,36909.47916510174,37263.22862445201,37903.498568224575,38419.08361601758,38883.68351042464,39190.92679124596,baseline
Cayey,Central Mountains,2029,35568.6704792402,35901.76304242002,36337.95487004404,37132.77978957829,37752.2587477656,38399.810739243694,38724.1704646784,baseline
Cayey,Central Mountains,2030,34493.48751540465,34862.8266517076,35476.91078131699,36302.94982756075,37057.09480876758,37855.67514687723,38233.879896509665,baseline
Ceiba,East,2025,10665.877203104925,10702.15712992603,10743.609374456744,10809.045972030362,10891.274510342384,10933.05049597037,10970.391533374257,baseline
Ceiba,East,2026,10372.309064593537,10398.708785092078,10512.151830241044,10618.990031836955,10747.823673322599,10857.991849972672,10912.602803321324,baseline
Ceiba,East,2027,9977.730071131658,10088.089432329905,10253.869020610326,10443.589175444484,10621.511670428536,10785.940494071767,10872.88637957844,baseline
Ceiba,East,2028,9570.846092699418,9767.170394438554,10001.044304835506,10244.341714207181,10479.237848629757,10686.343123642107,10831.828412646808,baseline
Ceiba,East,2029,9213.151007286217,9472.097260305381,9738.241219914344,10023.71176890552,10334.135635436825,10586.0470989776,10782.939015677099,baseline
Ceiba,East,2030,8877.556502990308,9164.685402323319,9542.759848864274,9810.202552540542,10156.181805179043,10481.936433009836,10752.941355732786,baseline
Ciales,Central Mountains,2025,16179.066173464573,16262.593628630799,16368.69421395844,16503.881122121187,16646.08772475347,16786.415829944814,16842.886692809785,baseline
Ciales,Central Mountains,2026,15511.245622468306,15623.281971857483,15882.864499041507,16194.676697312028,16460.040182922738,16773.04375142096,16981.87660379473,baseline
Ciales,Central Mountains,2027,14928.819076826174,15117.72138913612,15418.3131566241,15882.254982495571,16358.2359000424,16716.08127611977,17025.75695386772,baseline
Ciales,Central Mountains,2028,14226.023406883716,14598.514811825971,14983.177686767045,15542.244965489728,16184.026461901358,16622.88603845538,17044.99586809313,baseline
Ciales,Central Mountains,2029,13574.89620674956,14104.93326934943,14576.211457089783,15212.040354300749,15982.031505934234,16625.433523145733,17168.08854448036,baseline
Ciales,Central Mountains,2030,13081.128906492047,13541.1147873365,14141.302286155,14889.190356690244,15815.9621563923,16627.91278314102,17036.391815733343,baseline
Cidra,Central Mountains,2025,38564.50628247969,38614.32289578547,38747.66003045315,38950.94426824925,39181.23241893125,39330.83474328954,39431.09539747708,baseline
Cidra,Central Mountains,2026,37454.41622128535,37538.8195772869,37868.47338939882,38292.594004548184,38672.46823167609,39056.98468190635,39264.47848833099,baseline
Cidra,Central Mountains,2027,36199.051368888984,36448.85376175483,36849.39901227641,37629.45550293663,38194.557593499514,38773.79849159139,39050.94514565933,baseline
Cidra,Central Mountains,2028,34850.45755843377,35250.152891852,35931.89125510366,36848.292273728075,37654.146842625996,38423.955281660754,38884.18578355072,baseline
Cidra,Central Mountains,2029,33593.36051101953,34168.9124524392,34983.565140648614,36111.45831308453,37226.33306077061,37989.40123181067,38762.17897102085,baseline
Cidra,Central Mountains,2030,32283.6355259787,33122.96741942482,33924.79665076164,35228.96885608391,36646.83566915885,37676.1071272564,38520.69173562124,baseline
Coamo,South,2025,32644.355981675584,32845.438697842816,33080.480338228575,33382.19084205433,33685.15659174589,33925.776799770996,34078.894775105284,baseline
Coamo,South,2026,31191.022650843992,31545.015833182286,32047.775245963374,32632.425985983587,33519.0112436685,34038.20713552839,34302.21144509985,baseline
Coamo,South,2027,29806.163363218355,30292.55640252138,31044.146010588316,32052.569915690223,33354.17844997174,34272.75947124444,34525.075126309275,baseline
Coamo,South,2028,28352.831785632945,29113.024998340392,30039.65776286835,31382.70713825102,32952.61806718752,34218.70276970974,34588.83971921343,baseline
Coamo,South,2029,26965.431018662435,27992.170266856632,29071.891918746318,30716.803527443,32648.3402375992,34194.727738029855,35083.134965471894,baseline
Coamo,South,2030,25897.01604648485,26714.09423775698,28291.447541899215,30199.381265419473,32323.53266672685,34338.68020439887,35273.72129883828,baseline
Comerío,Central Mountains,2025,18251.601889889294,18284.260977094997,18333.16239056814,18379.130212418437,18438.392302737677,18475.741740063684,18493.921402176395,baseline
Comerío,Central Mountains,2026,17746.749322973697,17813.134371150398,17929.799596073735,18049.39972061656,18157.773496465117,18225.348075761525,18276.7172764056,baseline
Comerío,Central Mountains,2027,17239.97434166597,17345.919903916983,17526.504151362344,17698.04531659999,17852.079791710654,18008.390558638905,18075.311662888784,baseline
Comerío,Central Mountains,2028,16775.964696509112,16878.737054169873,17119.8526353451,17361.717713438993,17539.813388216542,17755.054204528802,17834.308500658262,baseline
Comerío,Central Mountains,2029,16299.572516223841,16418.844044399026,16699.523745214246,17019.113684532073,17233.10002911518,17513.016841814944,17626.979199974783,baseline
Comerío,Central Mountains,2030,15835.065299423331,15973.45046030545,16316.8412959915,16675.24541673903,16936.40284928798,17290.33848795907,17472.537126168547,baseline
Corozal,Central Mountains,2025,33315.3439516347,33471.75016763737,33648.50902624084,33862.207627965035,34082.45722173894,34299.508779160366,34418.91902967445,baseline
Corozal,Central Mountains,2026,32160.56701963331,32442.66178543159,32847.8991729181,33280.192898511275,33741.9132620888,34104.255543722335,34408.966546580006,baseline
Corozal,Central Mountains,2027,31000.596341513407,31431.17359384099,31908.712449802184,32687.50447104637,33365.070338112004,34043.053574974736,34566.77992335272,baseline
Corozal,Central Mountains,2028,29735.09035777619,30149.926586970083,31104.1596096411,32042.922082126126,33006.23768060129,33935.3747801304,34365.48562493257,baseline
Corozal,Central Mountains,2029,28426.626877318493,29009.141261099747,30235.819387716692,31427.174030913688,32616.18215109528,33674.4035895518,34125.40285685849,baseline
Corozal,Central Mountains,2030,27230.234683606366,27829.089531979433,29392.041899902528,30862.680844151786,32260.349978267917,33253.78560325217,34246.49820105665,baseline
Culebra,East,2025,1290.809733752322,1308.553529600647,1338.021682012994,1368.6847729183037,1396.2557453122088,1418.4413047066373,1433.2607796623067,baseline
Culebra,East,2026,1197.6042954055636,1233.774418027924,1293.0751824948918,1345.6039944605448,1402.5337381384406,1447.526047717855,1489.5051871404416,baseline
Culebra,East,2027,1102.8861052562434,1145.3116272662662,1245.0314016793454,1322.104297718448,1430.3561987544542,1499.645810165263,1555.0629622124193,baseline
Culebra,East,2028,996.218730200403,1068.9044038589448,1181.589816364188,1307.7725575454378,1440.3591588967224,1538.46949220815,1684.6781451000766,baseline
Culebra,East,2029,943.2842386245924,1016.210086404061,1125.6894732130972,1293.7699304480177,1465.7214983562192,1620.705574173019,1750.8093472392172,baseline
Culebra,East,2030,856.0042271050769,957.4487218651434,1068.241168990402,1276.1573030473644,1481.0676744193447,1652.6977781585783,1808.6285274158286,baseline
Dorado,North,2025,34910.88301145414,34988.13520286642,35089.10357854946,35199.906256643284,35319.76218800504,35435.0076321814,35513.380681760624,baseline
Dorado,North,2026,33924.740147880766,34107.1166675012,34351.937759706925,34565.1752538054,34810.70762774542,35012.32693860217,35113.69950816612,baseline
Dorado,North,2027,33020.697683944156,33200.67596266115,33591.69349314194,33943.88108373417,34291.82170139119,34616.92462308331,34734.784006705886,baseline
Dorado,North,2028,31941.312656953847,32249.83919798214,32752.37840754199,33235.56567558406,33793.3061435569,34152.90270843248,34443.620183330735,baseline
Dorado,North,2029,30735.030417013088,31358.42925691796,31901.423501495236,32554.910944550746,33252.12105643378,33786.02138939888,34053.950430211145,baseline
Dorado,North,2030,29959.515660491765,30450.2639986509,31141.733871255306,31960.122702545574,32656.445494907603,33288.1078569029,33684.13702893389,baseline
Fajardo,East,2025,30299.27972471351,30461.536364231608,30743.94490899572,31033.244595050328,31318.52884788214,31597.919055992388,31787.415014916623,baseline
Fajardo,East,2026,28915.684287535303,29401.263899731748,29859.300265077334,30572.05540960382,31065.02742757838,31664.26154725495,31910.06898739967,baseline
Fajardo,East,2027,27869.855402778863,28127.808832439227,28890.34573069582,29878.352103079975,30846.91329116015,31594.527482619967,32134.321900328785,baseline
Fajardo,East,2028,26333.494582045736,26891.42464100093,27667.802364376974,29253.599565531986,30761.51477163938,31503.43226494716,32224.16142078166,baseline
Fajardo,East,2029,25031.96460526167,25546.45439426203,26701.32398370788,28558.707748855697,30296.54635214668,31771.58129851576,32767.06289323591,baseline
Fajardo,East,2030,23679.3554589293,24454.58621426655,25634.255543219355,27966.732988514363,29970.383295356336,31564.831935856662,33035.99601418462,baseline
Florida,North,2025,11206.618265149264,11233.06896243295,11274.484751167458,11322.692794903982,11374.353264384466,11417.516116432986,11431.862672222507,baseline
Florida,North,2026,10873.819501182026,10939.168969233566,11016.53680202309,11117.204976967587,11198.961879764864,11274.062436350892,11324.426781093705,baseline
Florida,North,2027,10532.936287402474,10585.481915216786,10730.833727494823,10887.93119681546,11034.799964497968,11144.155830917329,11227.309898586116,baseline
Florida,North,2028,10132.225408427968,10276.447297527233,10429.630830797885,10646.91936932452,10852.794557120182,11009.178484928354,11167.510286693185,baseline
Florida,North,2029,9751.474130810322,9958.651269412701,10138.441509738925,10403.774874958739,10680.682700472493,10888.123199868625,11065.337093458938,baseline
Florida,North,2030,9471.536906709724,9649.303507373115,9869.329600952851,10180.446517300632,10532.628281521029,10733.163439836815,10888.749409324091,baseline
Guayama,South,2025,34052.93054391586,34160.52679712755,34433.711056922395,34684.05677829596,34867.92496934187,35096.044654805366,35203.65123050514,baseline
Guayama,South,2026,32935.67596983305,33084.9300379151,33490.24132277198,33977.198153352125,34438.97339395736,34883.19803912893,35107.18220381698,baseline
Guayama,South,2027,31614.13261934411,32004.258851022438,32615.901385443984,33205.51806207489,34183.56611914003,34649.31290834329,34874.50824654793,baseline
Guayama,South,2028,30197.46815356109,30851.78465078719,31677.01184886643,32596.11486572134,33774.256991366434,34442.14654465031,34948.2671315541,baseline
Guayama,South,2029,29059.06094324382,29644.57228479989,30863.860589239757,31879.08495641244,33132.05687696213,34189.30557619801,34946.32330872077,baseline
Guayama,South,2030,27892.443528057443,28667.64469742069,29876.05948629881,31310.15611630006,32498.254902447963,34165.40603068001,34970.48096908315,baseline
Guayanilla,South,2025,16705.850112813845,16740.212603763655,16792.078147291366,16848.4368426052,16889.73329209217,16952.084551698186,16972.527789929612,baseline
Guayanilla,South,2026,16236.250112953096,16309.20359844275,16402.364186019695,16519.582027061373,16631.414933302094,16732.890354867566,16792.24528607408,baseline
Guayanilla,South,2027,15810.335879726745,15855.640940785286,16003.589160399417,16198.112104885784,16384.228756418637,16517.21369379301,16667.210375486804,baseline
Guayanilla,South,2028,15269.18597018212,15409.721948560411,15633.656127291262,15851.4598269618,16107.20743421553,16333.912625587673,16489.918497893243,baseline
Guayanilla,South,2029,14753.954397694017,14995.044129975024,15266.838049299391,15518.536711387353,15829.689682456792,16188.155298689944,16339.661102148046,baseline
Guayanilla,South,2030,14310.311721837354,14580.008536603278,14873.114028038457,15169.329192088775,15564.635115938816,15935.975918297887,16249.50776286032,baseline
Guaynabo,Metro,2025,86122.0507894987,86487.5188865013,87160.35256141613,87803.18443879008,88489.17332465615,89046.27579663077,89466.27933122583,baseline
Guaynabo,Metro,2026,83033.36795444512,83710.57179797425,84871.25915408685,86022.29951434009,87508.62962059086,88693.88546198841,89417.25521954535,baseline
Guaynabo,Metro,2027,79962.35367769824,81013.8332426336,82574.13533373208,84462.08311661003,86591.1410418701,88375.83895805561,89327.55187600107,baseline
Guaynabo,Metro,2028,76555.38551701396,77928.38398452393,80332.14507098282,82806.71685755478,85701.87198349634,87641.24453891095,89738.70300401525,baseline
Guaynabo,Metro,2029,73293.84976270016,75108.77752184487,78327.88422057038,81024.45520848387,84902.28954808891,87848.10725167938,89407.66468184895,baseline
Guaynabo,Metro,2030,70225.58858991595,72126.90300240474,75949.32945021443,79481.20251783336,83453.65636295994,86860.18108713596,90362.367758638,baseline
Gurabo,East,2025,38148.19221516,38319.95145330648,38867.93385153781,39335.380787341426,39944.92047494095,40358.186998435645,40689.086299802635,baseline
Gurabo,East,2026,36306.39108538793,36725.60644694177,37542.63360477464,38496.94037153304,39731.46968707218,40444.75050908838,40910.43481899572,baseline
Gurabo,East,2027,33995.88982950165,34539.62498309558,35925.79600671149,37701.70747837725,39400.232975960156,40602.65701779172,41505.17313312611,baseline
Gurabo,East,2028,31721.746618060006,32799.22739425542,34682.104138323564,36987.235945746994,38786.71122256845,41165.361806733024,41832.5559749619,baseline
Gurabo,East,2029,29975.421610511356,30692.881978736656,33240.76721814611,36304.94554967527,38768.56089325127,41285.282968321706,42747.494024064676,baseline
Gurabo,East,2030,27827.326640740586,28931.73487573315,32228.148042145873,35300.660645860924,38186.63788969568,41829.00425589319,43006.47696290439,baseline
Guánica,West,2025,12407.138482434168,12449.595394168788,12534.96028766461,12617.650144394916,12722.808175160375,12806.659849207912,12836.935692349158,baseline
Guánica,West,2026,11938.247994342713,12020.680970596039,12155.244025372309,12378.93893084269,12544.07088018228,12682.212642285314,12792.025330943638,baseline
Guánica,West,2027,11377.255257748406,11562.897088847858,11816.298732716037,12076.467494085378,12393.363044064788,12645.519444280319,12806.357599923269,baseline
Guánica,West,2028,10816.84821523938,11059.537869470132,11445.580985103643,11816.51815068935,12220.876223058736,12579.8543575353,12927.500815457619,baseline
Guánica,West,2029,10287.193747701476,10602.392520939713,11085.274624027446,11563.286037472419,12074.13618917647,12569.788582230543,12816.540420242058,baseline
Guánica,West,2030,9828.80691099524,10204.302977951234,10781.770009564469,11336.093861326377,11940.648965704773,12541.697341672558,12902.265948133343,baseline
Hatillo,North,2025,37163.407405259866,37214.74682459124,37356.17574484524,37475.83233309611,37606.137767590364,37717.168613361384,37765.0762957821,baseline
Hatillo,North,2026,36095.62459922838,36297.391000389434,36501.73248272609,36794.946910175524,37069.08878352484,37268.36089550286,37368.07901476572,baseline
Hatillo,North,2027,35091.13451823411,35271.07014897521,35714.69201283686,36082.665630341,36468.39955233286,36794.79383378373,37080.654449757494,baseline
Hatillo,North,2028,33937.69786215142,34274.92880211811,34873.06795540448,35387.48772449957,35852.968252276434,36304.72057484256,36636.78192346062,baseline
Hatillo,North,2029,32847.705517528084,33297.9036997232,33947.4465129095,34695.32842314745,35203.62391939198,35809.02651192356,36307.6098082566,baseline
Hatillo,North,2030,31637.424711308653,32380.396824743068,33082.653671826396,34038.84591007031,34601.86917445093,35485.41281039597,35912.568778801695,baseline
Hormigueros,West,2025,15079.134909482837,15098.173892553315,15126.959651659996,15170.82767311221,15209.661501389295,15247.11240013484,15269.90910595309,baseline
Hormigueros,West,2026,14693.850865367418,14722.969609317368,14793.358108315158,14887.306752826855,14977.868416345418,15061.951397847346,15113.53624859917,baseline
Hormigueros,West,2027,14279.442590392275,14340.928205358534,14466.976852263519,14596.81443480777,14741.293732907365,14855.955835319863,14922.427536849802,baseline
Hormigueros,West,2028,13877.94843645459,13977.728700292037,14146.962080797055,14292.02055297569,14496.855494388896,14674.032253461826,14747.517722946552,baseline
Hormigueros,West,2029,13451.974795788674,13582.219595146966,13795.677301879565,14006.449100358244,14262.915860502293,14450.47055919841,14547.66086845467,baseline
Hormigueros,West,2030,13070.12205211203,13220.33254772396,13452.670345240816,13699.09259573791,13972.864488886513,14221.312800783695,14337.02081140106,baseline
Humacao,East,2025,48856.68122627468,48926.45740555214,49079.24906160592,49247.88694350172,49380.206421631214,49484.793038175856,49595.94042605172,baseline
Humacao,East,2026,47608.99006513528,47771.930514011634,48010.83962324736,48333.69527886399,48609.41211407537,48860.98671186694,48991.95592057574,baseline
Humacao,East,2027,46324.101045150004,46542.441682577104,46959.005701418515,47397.08264256199,47900.87136687562,48158.564561645086,48488.93341952679,baseline
Humacao,East,2028,45065.6366159533,45316.3164191206,45839.14761333711,46407.85419074392,47034.9639412053,47556.45576426876,47919.446323200886,baseline
Humacao,East,2029,43843.9223081553,44137.373905990935,44752.301971605324,45454.808907731174,46256.36119504785,46775.059192332206,47389.58100092633,baseline
Humacao,East,2030,42468.94858601877,42962.56175317779,43698.40713046487,44514.99323492833,45423.063994945725,46166.916182955625,46805.615097551985,baseline
Isabela,West,2025,41385.3180191484,41564.77707237405,41837.943036614575,42136.34168495712,42461.96968348014,42788.390220848254,42943.00892213418,baseline
Isabela,West,2026,39925.10862388377,40191.490095718465,40715.606828915625,41321.574055753474,42021.317035738946,42614.097138958234,42972.444640016845,baseline
Isabela,West,2027,38529.68782493415,38969.52789650552,39611.50573534211,40456.44342560421,41473.64191960673,42553.40744597017,43050.146869711076,baseline
Isabela,West,2028,37022.23014249077,37590.847414284355,38442.81120698703,39746.15518078191,41034.743734949436,42375.815197520205,42857.6391928344,baseline
Isabela,West,2029,35491.34461241288,36155.1928851233,37457.32303969954,38817.36002202114,40556.822880512205,42236.818635823176,43180.98744168116,baseline
Isabela,West,2030,34300.960977614704,34888.55403078961,36212.72735427444,38080.5358018956,39738.42635892467,42040.6046187985,43449.00660067043,baseline
Jayuya,Central Mountains,2025,14075.713003720835,14125.520135022844,14201.061026630934,14307.221547984624,14412.190736255327,14513.45160671296,14580.043698610987,baseline
Jayuya,Central Mountains,2026,13606.940489485476,13684.059898503945,13815.905133866328,14062.002921163006,14252.912694927636,14441.032925078736,14538.32306146151,baseline
Jayuya,Central Mountains,2027,13128.925478569603,13226.745979360043,13482.317069487197,13767.972241396048,14059.67400741524,14400.327959223117,14597.395566169142,baseline
Jayuya,Central Mountains,2028,12541.464439216765,12781.525400113793,13082.248529858061,13497.962931612321,13892.216513565452,14333.922987753938,14701.678187645437,baseline
Jayuya,Central Mountains,2029,12101.1296643467,12344.672016141385,12764.779505209435,13239.044991457327,13802.206063748534,14201.25869981736,14810.383113321663,baseline
Jayuya,Central Mountains,2030,11632.256500367283,11959.506704895983,12379.54964822885,12977.014377113084,13589.618636213982,14181.51804491702,14659.173197176839,baseline
Juana Díaz,South,2025,44818.09012543889,44924.56350536932,45099.106919815655,45349.74405970772,45613.02745384556,45837.37027793163,45920.62087365817,baseline
Juana Díaz,South,2026,43381.39724379854,43609.06341976651,43973.53966095485,44486.16674616918,45039.42216607349,45473.42426532476,45685.64388090097,baseline
Juana Díaz,South,2027,41812.6390396945,42144.60397323512,42822.4134812937,43595.15309380695,44333.45616606895,45275.94682689343,45504.598370521126,baseline
Juana Díaz,South,2028,40351.0518116592,40791.90250502659,41737.72225356347,42722.03798524974,43679.598591779424,44828.04931347414,45364.664103785886,baseline
Juana Díaz,South,2029,38805.032801144844,39318.249060391485,40619.6080677771,41834.63958749453,42879.579127726254,44386.43583680329,45042.2104180364,baseline
Juana Díaz,South,2030,37465.708230901386,38014.73115114702,39363.5875558941,40903.98531922763,42217.654781700665,43765.1627759319,44720.37622070166,baseline
Juncos,East,2025,35894.11618688595,35967.6385854086,36072.10112185223,36220.31757270392,36373.81257948839,36485.279948659794,36538.97241162314,baseline
Juncos,East,2026,34890.20320029813,35082.99683090267,35330.33051844819,35542.61893267531,35868.95098089415,36075.33295491247,36213.411869646734,baseline
Juncos,East,2027,33787.068717888855,34030.988995565174,34404.10307402006,34871.27293008201,35349.2203877526,35709.9484441782,35932.25286818911,baseline
Juncos,East,2028,32781.29404925268,33041.24825287247,33443.37300140628,34193.02201440571,34750.995869613704,35312.14677509276,35535.45573030892,baseline
Juncos,East,2029,31708.816337346365,31967.522488404873,32561.176481920847,33443.875982663856,34124.602885741304,34878.43007576014,35070.5206730267,baseline
Juncos,East,2030,30728.387565303892,31105.238427866563,31825.94572748568,32788.599270624254,33553.88877615271,34353.821211957475,34771.382851184906,baseline
Lajas,West,2025,22213.189133995616,22335.170652133464,22503.147815118038,22669.39209314367,22817.7024802437,22923.573271533598,23063.27967883433,baseline
Lajas,West,2026,21460.97548877423,21614.81387676493,21911.882318806354,22284.41182496472,22582.12103497924,22843.653904392602,23068.721322715075,baseline
Lajas,West,2027,20783.60031099477,20935.581059338314,21298.229262969417,21906.819978226347,22366.37212627375,22808.078841754443,23092.824331454678,baseline
Lajas,West,2028,19899.929676752716,20249.38937884044,20771.388302489275,21439.423703908928,22072.130469707132,22801.27753883175,23113.19165882597,baseline
Lajas,West,2029,19170.406915992156,19570.41365150544,20070.324451612472,20939.69605485707,21752.67399276115,22587.643418989253,23229.03374684047,baseline
Lajas,West,2030,18475.67268227587,18783.37573103623,19482.014201054408,20490.376772484007,21409.222690929568,22437.21238389396,23075.67333267411,baseline
Lares,Central Mountains,2025,26397.219549715737,26560.27859520492,26945.31458170901,27368.133011834507,27853.790066312624,28326.10680910586,28478.215626333204,baseline
Lares,Central Mountains,2026,24501.73513769251,24919.31562786672,25821.56697773135,26947.992434578104,27762.823040792693,28692.72471634894,29305.981774459444,baseline
Lares,Central Mountains,2027,22850.75413959425,23431.297304318356,24633.953535318375,26322.027265569566,27685.36389130312,28856.477900547958,30094.2802765057,baseline
Lares,Central Mountains,2028,21232.46827305824,22062.980793450002,23551.139874367756,25613.493598447472,27365.466078804217,29056.201617901854,30388.085507003234,baseline
Lares,Central Mountains,2029,19357.899472385077,20466.002038846622,22813.30932475804,25190.530233114594,27542.266386886495,29155.757392304015,30733.784456634767,baseline
Lares,Central Mountains,2030,18111.462579469222,19210.86433573089,22005.446461611653,24792.896464895806,27465.44456954208,29553.297592415747,31396.604651512014,baseline
Las Marías,West,2025,8344.549766734335,8388.589328368402,8474.999457517131,8571.121065575302,8676.995250205942,8776.99609649273,8821.409553732412,baseline
Las Marías,West,2026,7881.533774773031,8031.339752700065,8211.205078468869,8420.2389883594,8622.365775107963,8794.646323305871,8870.718788909002,baseline
Las Marías,West,2027,7499.518355853119,7609.860406878313,7957.266393253936,8282.446826955365,8580.071062479541,8811.539247426563,8934.8916587601,baseline
Las Marías,West,2028,7046.71700295181,7294.659021654194,7592.4208795444865,8173.368839938916,8554.94560932546,8826.531180235363,9067.552464800137,baseline
Las Marías,West,2029,6659.733715275506,6897.335232688493,7287.449328786057,7971.493144653754,8445.243361027513,8901.208231632612,9170.426457145897,baseline
Las Marías,West,2030,6375.565442328667,6480.158703319448,7010.226939828148,7712.702077042254,8460.341555628609,8932.497788766814,9260.738744981816,baseline
Las Piedras,East,2025,33907.84659824233,33972.582433217045,34158.12424450906,34335.812187949836,34536.57893429402,34703.904858325324,34774.44101011549,baseline
Las Piedras,East,2026,32780.41212989174,32968.01176175281,33277.842910002284,33665.36102330457,34121.21606456295,34466.50211812923,34749.10143641685,baseline
Las Piedras,East,2027,31742.48500831274,31945.70754148125,32344.35393991372,32946.93135352715,33727.18464745484,34203.00566832981,34591.05442690248,baseline
Las Piedras,East,2028,30550.47125040886,30837.474224142097,31425.46101830629,32280.44504631906,33205.316859552375,33872.180499233815,34323.57148540211,baseline
Las Piedras,East,2029,29268.46759583828,29764.908836035054,30600.984782412328,31580.894476351863,32600.33274254509,33542.35446621965,34215.0224433233,baseline
Las Piedras,East,2030,28205.023869597586,28738.356817590615,29735.64618837777,30859.9129568021,32177.67849486418,33271.89996396449,33818.02287528957,baseline
Loíza,East,2025,22194.524284573625,22216.348970292256,22281.974051507466,22362.58681143115,22434.1064335268,22511.874701536744,22537.97658762192,baseline
Loíza,East,2026,21570.4894781881,21643.6547975716,21787.52587429095,21935.80860775266,22072.552949965604,22182.616983338583,22277.390625516044,baseline
Loíza,East,2027,20994.049823479538,21076.60732798648,21287.15580460075,21514.74658754895,21706.36229897853,21849.638329071502,21978.794607985987,baseline
Loíza,East,2028,20329.557380064623,20450.28624068225,20789.278899836834,21095.567674115107,21301.26397879472,21521.698900747917,21673.070465350786,baseline
Loíza,East,2029,19710.2872085679,19850.857816054366,20281.618382336394,20644.01612782904,20940.72820525911,21236.62054268833,21355.912559816672,baseline
Loíza,East,2030,19084.274116343822,19287.279855928784,19741.632508017265,20185.110055016186,20562.142442231558,20908.36661505351,21130.06984731673,baseline
Luquillo,East,2025,17088.284304527675,17126.01939940804,17184.804396828666,17230.239801101634,17280.340710647077,17328.050357329295,17353.96216677893,baseline
Luquillo,East,2026,16600.4102287511,16702.414240241935,16807.04036235807,16917.87230006235,17022.581774214905,17107.722303134407,17161.969297427822,baseline
Luquillo,East,2027,16188.284650103775,16267.123078962324,16428.401452820362,16599.60115297872,16747.00520989498,16898.100551273554,17005.911803365503,baseline
Luquillo,East,2028,15725.718267411183,15841.619284146494,16020.871662504504,16254.084913258444,16463.769492696723,16669.48239745418,16796.037143225614,baseline
Luquillo,East,2029,15274.33390565577,15363.388542874816,15604.994626591224,15930.86462357852,16168.371425707248,16424.055578361116,16598.373119531127,baseline
Luquillo,East,2030,14829.90940802946,14992.241224776872,15214.1991416579,15540.505668430615,15916.885139540283,16191.106707685552,16454.824728492058,baseline
Manatí,North,2025,37695.015619148704,37834.97847860505,37978.882954787055,38257.34701481955,38455.36539770688,38731.11237391872,38861.50518843764,baseline
Manatí,North,2026,36506.489700090075,36701.339998351155,36977.336276368325,37451.62935694133,37981.422858274105,38362.864194721,38698.81017045045,baseline
Manatí,North,2027,35123.9981476297,35424.15271263104,36005.490445671065,36759.1606825493,37579.06790192549,38264.86104425921,38621.639970564065,baseline
Manatí,North,2028,33826.192215504314,34258.862911419026,34949.209542819204,35921.75394393453,37076.03800788689,37979.77115788864,38631.586024902026,baseline
Manatí,North,2029,32450.229355077518,33014.560912078276,33951.87891709668,35239.55492403723,36532.36863524981,37800.61276008087,38790.400946955306,baseline
Manatí,North,2030,31163.82327999951,31673.62419156272,33118.88104804818,34581.415510394836,36010.6437503686,37752.592298792966,38610.691852989876,baseline
Maricao,West,2025,4770.713596681651,4789.043469211772,4838.407500135392,4881.907367989805,4934.014076236492,4996.844128813088,5025.53566105575,baseline
Maricao,West,2026,4543.88631036247,4581.3710245739985,4677.131326716999,4792.84987664744,4912.380987139912,4995.85185670714,5033.5540732893205,baseline
Maricao,West,2027,4244.813167361223,4355.008187967576,4521.081043452861,4703.810766969568,4870.820264162644,4984.826904899789,5066.35218871578,baseline
Maricao,West,2028,4024.1448271819695,4156.032238118574,4373.582034705052,4610.435131021117,4823.647012702479,5021.944654284894,5102.834964959921,baseline
Maricao,West,2029,3738.806895977614,3958.549918343709,4216.897504523127,4497.195805229388,4800.260245530805,5036.665570003321,5167.130026939517,baseline
Maricao,West,2030,3563.3325671742123,3784.5798982621495,4099.431373286696,4366.886260047407,4748.557035743004,5095.969236923693,5210.723295306436,baseline
Maunabo,East,2025,10116.038995624707,10143.453073668998,10183.505401320353,10224.515308746373,10266.580859366406,10303.347172866577,10329.395426925652,baseline
Maunabo,East,2026,9800.414332306067,9871.305033405728,9964.20698458037,10041.421673311246,10124.407277362801,10204.43383370537,10239.728055449423,baseline
Maunabo,East,2027,9527.377667087267,9594.034442724014,9734.819977763644,9871.26103971005,9975.917524168643,10072.546479218803,10174.480024947732,baseline
Maunabo,East,2028,9235.69111996093,9316.518761699388,9505.818970012653,9661.087005910791,9833.062578992822,9971.038218617221,10060.058591027031,baseline
Maunabo,East,2029,8968.056554255498,9050.822074918546,9280.440551544942,9447.245700010255,9681.429211830546,9862.715890218795,9991.462908665195,baseline
Maunabo,East,2030,8662.136882852823,8809.766587936063,9017.910592345548,9230.55705359378,9510.162516232473,9753.497862071074,9922.712933688037,baseline
Mayagüez,West,2025,68820.54352543887,69013.31320475365,69235.83473207013,69562.61640111584,69874.11794532505,70093.52970406394,70273.53026721926,baseline
Mayagüez,West,2026,66981.48266960385,67086.92794841113,67605.59933375992,68222.93188399462,68942.03710100407,69517.93552928146,69924.72881728972,baseline
Mayagüez,West,2027,64679.45796217539,65004.4642053945,65830.64703855164,66887.57785127178,68036.53024190059,68760.67948109203,69236.68679477833,baseline
Mayagüez,West,2028,62235.46714865126,63073.17193070342,64019.908184066946,65546.36976800721,67148.52380096937,68112.63579800409,69009.11807689132,baseline
Mayagüez,West,2029,60063.95358484015,60926.6043608605,62093.56174081573,64193.23241484305,65942.56000680203,67275.63967886208,68885.10981075281,baseline
Mayagüez,West,2030,57911.77959161142,59031.980315551475,60277.023089064234,62990.02948100968,64758.390566403905,66840.49049722897,67913.53969469073,baseline
Moca,West,2025,36038.2270186571,36159.240066153194,36410.26923152735,36764.89184481699,37083.513617747616,37372.17028547818,37495.44715284428,baseline
Moca,West,2026,34533.84691459948,34817.05952301908,35317.44196754738,36040.40969567324,36789.93357918653,37348.78726027561,37603.55684743638,baseline
Moca,West,2027,32952.88314451067,33241.9254023526,34240.61748516913,35231.77086934791,36472.80238770668,37235.363347330014,37656.77296367765,baseline
Moca,West,2028,31496.634239868505,31843.661001689947,33128.52010174995,34396.01733861814,35849.7817592093,37378.6835155689,37664.589556076935,baseline
Moca,West,2029,29995.462634687578,30545.79891255675,32007.31342954862,33688.9769336875,35347.91330729512,36945.495564466364,37858.37566791051,baseline
Moca,West,2030,28439.908543609272,29394.244129945662,30926.890995831192,32923.3049999769,35002.39581604413,36638.762557335394,38483.6565219299,baseline
Morovis,Central Mountains,2025,27507.84162619742,27622.621094498045,27744.870880616374,27892.164740051783,28052.35175847417,28197.450506744437,28283.127637611004,baseline
Morovis,Central Mountains,2026,26574.45929968208,26882.578968471305,27080.174974017325,27417.112988314817,27657.1651937992,27998.19047339911,28111.24016292931,baseline
Morovis,Central Mountains,2027,25663.268230181155,25977.032467211182,26446.32547718098,26824.309164798164,27325.24999989076,27791.105661374848,28093.2547812227,baseline
Morovis,Central Mountains,2028,24756.559859192137,25018.205614960145,25679.83951138345,26337.649872366877,26958.985010449705,27564.536795610573,27998.597625861607,baseline
Morovis,Central Mountains,2029,23859.750230171834,24123.437469224213,24966.712335271783,25860.524218451945,26633.29465157134,27404.620443780874,27808.580740228776,baseline
Morovis,Central Mountains,2030,22909.85681484849,23340.76417348697,24272.509069834756,25322.345539370246,26177.806352053864,27167.013918659668,27968.764710888983,baseline
Naguabo,East,2025,22132.577588899458,22268.760513193585,22440.070977745454,22635.318809192067,22875.110824700903,23138.549806124014,23240.21486279241,baseline
Naguabo,East,2026,21168.64317351766,21373.29448030163,21812.021208019854,22237.21362682881,22732.33247041757,23102.862359544164,23240.005514771405,baseline
Naguabo,East,2027,20092.455853418916,20309.30044815239,21226.29676513814,21957.503328734343,22573.569073969862,23071.88144719885,23509.211477270383,baseline
Naguabo,East,2028,19065.434237725232,19621.909085720727,20567.07746156741,21652.496008378366,22462.69555173973,23255.905141146897,23827.746555264603,baseline
Naguabo,East,2029,18118.513267475493,18844.55396158922,19983.65456393197,21151.67155357107,22302.331965756217,23296.60644839432,24151.98563408902,baseline
Naguabo,East,2030,17355.3578010553,18048.266640745693,19494.477316232198,20721.265928300436,22118.03505499452,23324.447997374762,23930.553162349053,baseline
Naranjito,Central Mountains,2025,28273.67344102816,28341.43683933806,28527.301492153343,28770.287956619657,28922.18830971256,29126.2344706147,29228.60758031884,baseline
Naranjito,Central Mountains,2026,27207.213118748066,27359.55612272945,27819.35706363045,28214.30654905949,28474.137643204143,28904.738791785032,29074.52196107252,baseline
Naranjito,Central Mountains,2027,26000.890332284067,26331.782507503,26964.49469625183,27604.37368807263,28090.18910180059,28744.34348134599,29004.696971178546,baseline
Naranjito,Central Mountains,2028,24923.526327745276,25427.03593315573,26117.42113053902,26993.482341031733,27767.286930048813,28547.91689281518,28929.865967600545,baseline
Naranjito,Central Mountains,2029,23725.349109929753,24393.354661520025,25358.29243841856,26406.739549726655,27387.81872289615,28166.306676521293,28510.63303977229,baseline
Naranjito,Central Mountains,2030,22695.711466239303,23335.86712997582,24581.1856150744,25783.999348472258,26849.50748925069,27901.5702270955,28656.94740887292,baseline
Orocovis,Central Mountains,2025,20547.11980968951,20643.67443242167,20778.622934179053,20922.070209120713,21063.89710330596,21188.67142294279,21243.31288791093,baseline
Orocovis,Central Mountains,2026,19811.871072790265,19953.47462719641,20231.53617523623,20500.552711793232,20769.046305626274,21067.571274054677,21200.374611334446,baseline
Orocovis,Central Mountains,2027,19068.8733158698,19264.14469522733,19649.076750137752,20077.29111550251,20560.12747025203,20845.04488946872,21142.266455782916,baseline
Orocovis,Central Mountains,2028,18205.707548523213,18609.2632651434,19083.429787836387,19672.954232447217,20222.700479536303,20648.015329696784,20820.74798762365,baseline
Orocovis,Central Mountains,2029,17366.388819737367,17991.431871177156,18462.401932334422,19244.719552955074,19884.796780011573,20457.891505289892,20748.878933733842,baseline
Orocovis,Central Mountains,2030,16711.295016275904,17308.87751890702,17892.17769833761,18787.657094377566,19498.01699651727,20311.92558393574,20593.502626151305,baseline
Patillas,South,2025,15184.359627189024,15209.267206367382,15246.791403330826,15286.59625231936,15322.164129339295,15364.926388260517,15389.414649376036,baseline
Patillas,South,2026,14807.638956906801,14846.30378097717,14924.08174263244,15008.387644937626,15072.091108535506,15153.335796955373,15202.51614660846,baseline
Patillas,South,2027,14413.087902484285,14464.053801534461,14598.056718045584,14714.968949793316,14828.913220252405,14937.287537878525,15004.764454810249,baseline
Patillas,South,2028,13983.501986541396,14101.813069501788,14252.930555104027,14404.481992439734,14609.731228407663,14732.820535266863,14855.987203169278,baseline
Patillas,South,2029,13564.449398236546,13709.587337568915,13870.438174613417,14062.45802761033,14361.34116712862,14510.601253731134,14672.242262673928,baseline
Patillas,South,2030,13203.318930111252,13347.7376759128,13515.689725602624,13777.058781837808,14066.625490698903,14252.605433878309,14462.591598990275,baseline
Peñuelas,South,2025,19130.39830364636,19217.283401280652,19329.61859103704,19492.490683364238,19634.4591518859,19814.22091215054,19892.247886940615,baseline
Peñuelas,South,2026,18408.65204793831,18519.52195761408,18755.38611371204,19159.398672117462,19453.105092411497,19749.8739912485,19952.300376831325,baseline
Peñuelas,South,2027,17579.748907974863,17795.73627711394,18163.6503369353,18717.597868616365,19221.793447772117,19712.768282695426,19919.819949145967,baseline
Peñuelas,South,2028,16798.34809558652,17093.616173113405,17634.20919997378,18255.102123766403,19021.36655410167,19652.31340696468,19963.732508043384,baseline
Peñuelas,South,2029,16063.365430805285,16419.621833535897,16950.744231733042,17875.490805693684,18728.769840831093,19688.56361391924,20080.140792299408,baseline
Peñuelas,South,2030,15333.604314650112,15841.591204541823,16417.317443189953,17461.66375473891,18415.513258162355,19458.20302199474,20154.210024064258,baseline
Ponce,South,2025,128426.54135325467,128940.26107829942,129638.94469523014,130451.07936581998,131283.46066636182,131957.70065053328,132370.44298025916,baseline
Ponce,South,2026,124270.64366589318,125071.27301397722,126439.56664535418,127963.3085137193,129476.17051237394,130795.98586829816,131811.5545621345,baseline
Ponce,South,2027,119774.76266662746,120818.0350918916,123195.62190695923,125520.23456228615,127642.01826946279,129594.67984787367,131190.46080261155,baseline
Ponce,South,2028,114821.21001981602,116768.55350387047,119676.16925323202,123074.33470138576,125705.59647920006,128710.82715371429,130890.20892052486,baseline
Ponce,South,2029,110167.74669199799,112782.1219995844,116496.73239519811,120294.32770824962,123680.91207362537,127639.53774916334,129978.94875222139,baseline
Ponce,South,2030,106058.44075613453,108755.89377775003,112993.54585837417,117262.51793884183,122368.04288169707,126198.09718213436,128451.33062385894,baseline
Quebradillas,North,2025,22747.529243299494,22795.030473995106,22883.064589963997,22977.00294678862,23078.66213911886,23170.165812319443,23272.356912177333,baseline
Quebradillas,North,2026,22086.05656837637,22169.698826117095,22345.39127098521,22521.15067373297,22716.510893024017,22923.468294109953,23082.085959138254,baseline
Quebradillas,North,2027,21399.646119609875,21526.894107223634,21797.985359740298,22040.511435880926,22385.531399879666,22643.291426876105,22811.2290723334,baseline
Quebradillas,North,2028,20652.155845939407,20855.856337203888,21221.02495847426,21570.292806546866,22008.397637503662,22323.957945000806,22644.448453523015,baseline
Quebradillas,North,2029,19929.33575745278,20190.2675448025,20684.45635881994,21107.312697686826,21608.7944752477,21996.878726469276,22334.921839487637,baseline
Quebradillas,North,2030,19311.540772562763,19484.80814292571,20118.62327113735,20567.50313735594,21222.111217249447,21598.563880632577,22127.435020411718,baseline
Rincón,West,2025,14718.079543646878,14782.37438449093,14933.897511229974,15115.593130248993,15278.110084643431,15406.76920780497,15478.72741673996,baseline
Rincón,West,2026,14007.30547053734,14176.37154303619,14477.69717477003,14822.627230583275,15233.855650599606,15484.312039362567,15583.422863322041,baseline
Rincón,West,2027,13224.131236371399,13591.166543909745,14008.718113431622,14456.679514450247,15069.294048246977,15556.620399036627,15773.945016737285,baseline
Rincón,West,2028,12511.195164798308,12846.110909784891,13534.159362229122,14248.41589421685,14928.598921993487,15631.02688034828,15834.896153977836,baseline
Rincón,West,2029,11952.804383979339,12309.828825669652,12989.096342831974,13945.556404867624,14736.054869411677,15560.209177436862,16009.438312910692,baseline
Rincón,West,2030,11346.200539796228,11743.204240084391,12644.774567358088,13624.697137000683,14631.358955967162,15534.105322093817,16060.557842114938,baseline
Río Grande,East,2025,44846.68196939275,44939.50606198098,45055.045246896916,45269.07104105901,45416.05656995812,45573.523487395425,45684.31466761798,baseline
Río Grande,East,2026,43615.2924170433,43826.377648457456,44062.465463578716,44409.42029577277,44763.85948831118,45025.899163378104,45215.961626669494,baseline
Río Grande,East,2027,42265.01036597586,42598.85229179486,42946.37453036471,43519.51151804374,44080.18350831572,44449.011986970225,44698.94461766502,baseline
Río Grande,East,2028,41080.33920731534,41466.0679891868,41890.21454455906,42616.481795810105,43312.72971237547,43881.054444271926,44195.20994132131,baseline
Río Grande,East,2029,39765.08805344973,40223.4803722823,40823.49971884057,41629.81141212481,42598.873312801494,43324.420024129664,43579.85620899625,baseline
Río Grande,East,2030,38627.63950071525,39021.31693551358,39750.587945853986,40704.07036185092,41859.89825373368,42727.40249794077,42940.369592314666,baseline
Sabana Grande,West,2025,21700.822093653715,21767.379455182872,21864.269279364475,22020.858763154614,22144.53124068302,22263.45193844985,22358.639100568547,baseline
Sabana Grande,West,2026,21014.08374782534,21149.07835766294,21334.701966201865,21607.239187537314,21880.52115130695,22178.270544481373,22319.611897005307,baseline
Sabana Grande,West,2027,20365.105227211763,20526.5713283162,20889.892134503327,21172.269754140554,21602.042106501925,22078.607110117715,22254.798815738108,baseline
Sabana Grande,West,2028,19567.943653509785,19892.034303513097,20349.71136529488,20756.56688076033,21356.45976390885,22046.52283647324,22299.509459500758,baseline
Sabana Grande,West,2029,18932.055195387056,19189.241697730788,19882.06225407818,20291.730655002735,21092.630556774457,21831.833197356762,22299.256005291827,baseline
Sabana Grande,West,2030,18100.978102043748,18611.921952340505,19294.986018489977,19896.572091258742,20708.915753785743,21680.602813098856,22079.521738162664,baseline
Salinas,South,2025,24361.673248616677,24411.93964135731,24532.149914807203,24652.41632919725,24785.69819547166,24888.076429652177,24934.826827305573,baseline
Salinas,South,2026,23666.17217895467,23734.671587977973,23960.89201585817,24174.71948575091,24485.753307396008,24675.1118238734,24826.122822544294,baseline
Salinas,South,2027,22844.27005966439,23038.7776732717,23381.014050660608,23716.960330324364,24146.024766360428,24512.475744052976,24670.552563914833,baseline
Salinas,South,2028,22028.09239715428,22254.311229008872,22689.514488229204,23288.464361236463,23808.684845153726,24373.83812948577,24507.29058567747,baseline
Salinas,South,2029,21292.89060723254,21566.89560076593,22116.498349501057,22677.923650589382,23471.79577502089,23983.79648503889,24358.332070730845,baseline
Salinas,South,2030,20611.045606368705,20827.54565632368,21496.410715247814,22202.839895178047,23081.269378869834,23732.919620791,24173.180556877953,baseline
San Germán,West,2025,30298.95183249662,30394.75417652762,30558.343876679475,30766.863393615356,30940.381421702397,31093.09547952489,31230.20271757892,baseline
San Germán,West,2026,29291.362388090936,29438.042520638093,29768.976352667196,30177.14750359599,30579.07705042864,30848.25208615013,31101.94335502141,baseline
San Germán,West,2027,28154.465211452516,28356.1001869087,28903.181035284157,29591.873155138528,30226.197336253885,30687.152400336618,30866.180244089428,baseline
San Germán,West,2028,27068.131856306132,27272.51440711189,28063.064231264696,28951.811439142293,29750.369536725106,30449.422911088466,30960.935062923043,baseline
San Germán,West,2029,25860.52532858871,26262.8969188691,27130.006907552546,28275.58038726016,29395.46817595596,30165.908183817162,30898.8890664989,baseline
San Germán,West,2030,24613.11658910389,25230.65091351195,26263.109675775668,27549.965657259745,28979.489170230878,29976.378945632023,30821.59218355098,baseline
San Juan,Metro,2025,324369.813883777,324964.0256250682,327485.60872067884,330058.55957999674,332617.0727813642,334544.193602874,335752.244815995,baseline
San Juan,Metro,2026,310536.05696217157,312894.24419950886,318007.87606926507,322972.62285152974,328664.63551429746,332564.19015884254,335846.39890886244,baseline
San Juan,Metro,2027,295617.51628902735,299980.60163210885,308671.25120458787,316057.89615079114,323576.72442344826,331624.57567709696,336046.6115135351,baseline
San Juan,Metro,2028,281114.455583052,290463.6070064875,299017.4176142032,309642.3525944544,319543.489083554,327987.62916134385,336564.3135693464,baseline
San Juan,Metro,2029,271849.4680984451,279739.3471006605,291579.1608747495,302992.5996806641,314818.1809418747,329459.23234194325,337009.30131356267,baseline
San Juan,Metro,2030,261685.71664479325,266557.6623648811,282763.0998654546,296166.01102510456,310216.5719475637,328608.0497234635,337470.71755148197,baseline
San Lorenzo,East,2025,36228.47949228673,36356.71058261903,36586.957613001556,36775.72720263306,36978.912996848434,37154.13406621884,37255.573469333176,baseline
San Lorenzo,East,2026,35095.804655265274,35241.007440558344,35687.24138627182,36142.87069100028,36508.91713044961,36924.46395781099,37177.79343291071,baseline
San Lorenzo,East,2027,33962.831202187575,34181.482766425,34697.02240665888,35412.9713528864,36077.55382352252,36550.10977539579,37085.183746789706,baseline
San Lorenzo,East,2028,32730.127623187116,33052.2948790052,33838.45741681277,34659.517460089424,35575.26947710507,36274.7444809982,36794.14111818291,baseline
San Lorenzo,East,2029,31657.35421214652,32064.799779264195,32896.706094676985,33987.70421445809,35063.91593251725,36041.4278929285,36569.425582548785,baseline
San Lorenzo,East,2030,30423.2123202287,30971.242954098605,31973.91526549116,33400.113573816074,34433.958587695764,35614.49624545095,36201.64214500643,baseline
San Sebastián,West,2025,37505.58306757127,37745.078348955634,38096.07859338734,38441.84559515812,38784.11353263252,39094.11124042022,39372.759688104044,baseline
San Sebastián,West,2026,35896.28756089855,36446.25874446464,37005.315603841795,37777.09043431908,38442.28600928921,39008.88056724705,39514.47836279066,baseline
San Sebastián,West,2027,34258.25359276189,34963.65291833114,35951.06098467377,37021.58643019958,38140.65639744869,39239.87115669839,39765.21039039737,baseline
San Sebastián,West,2028,32480.80185735923,33491.43809062861,34716.94102553166,36313.45978970307,37703.94286477199,39270.80489323919,40211.85148853573,baseline
San Sebastián,West,2029,30609.313924219212,31679.96846758383,33437.745982452856,35552.49826311739,37386.78950564831,39634.80978445136,40775.22868782739,baseline
San Sebastián,West,2030,29038.977210054833,30062.00683884409,32243.045588778623,35023.33914702061,37137.82210283204,39875.65358359466,41098.51628838942,baseline
Santa Isabel,South,2025,19326.853718671027,19380.316055070358,19455.401422791663,19553.870221246063,19648.606379318364,19738.65394225972,19804.913327564012,baseline
Santa Isabel,South,2026,18690.822294578185,18772.649386342076,18995.25656410672,19220.48792046299,19400.551383344296,19571.29121058965,19645.618237954863,baseline
Santa Isabel,South,2027,18070.040972018483,18208.625774353906,18511.335087530497,18887.116109756214,19147.83554661158,19427.395140919052,19537.75562982131,baseline
Santa Isabel,South,2028,17403.51260606449,17640.24940079964,18020.220477676336,18550.734593027024,18891.440213743106,19269.081532095603,19479.221597959793,baseline
Santa Isabel,South,2029,16780.699920387797,17035.69712695171,17543.003220619987,18130.994884956097,18667.53442195525,19059.28358188422,19285.835425219957,baseline
Santa Isabel,South,2030,16134.923207650954,16478.03167665988,17081.655822856257,17741.19365802906,18400.296582392406,18898.864036044673,19245.04076372347,baseline
Toa Alta,Metro,2025,64003.19875453851,64235.74564950205,64589.16794463262,65137.92413793146,65601.51993910584,66020.87409945884,66301.27845724505,baseline
Toa Alta,Metro,2026,61229.20247927403,61949.91818888029,62658.35118146176,63836.78824901537,64684.32949165517,65693.93514060327,66518.2359733896,baseline
Toa Alta,Metro,2027,58815.02381784715,59408.44180587067,60865.90447881669,62524.55966677537,63972.81364183004,65465.134499384054,66366.99226194934,baseline
Toa Alta,Metro,2028,56323.09067489248,56820.16567375289,59130.101555987225,61478.98301118394,63431.142277869185,65215.004662459265,66621.06800313614,baseline
Toa Alta,Metro,2029,53619.02084364284,55215.25136380375,57512.320200703725,60048.42933243438,62805.82839871946,64738.48085261644,66506.57438363518,baseline
Toa Alta,Metro,2030,51168.2048837875,52884.92249427949,55577.59431036558,58924.65510417106,61693.510480817065,64263.35706898904,65809.25393437715,baseline
Toa Baja,Metro,2025,71081.02564937217,71182.51615812436,71426.91202149706,71747.31033468575,72001.00008690996,72228.21138080646,72386.18215938039,baseline
Toa Baja,Metro,2026,69084.5249542184,69334.36236071543,69753.54372336733,70317.08599906645,70866.78928757852,71417.2318434963,71716.31194344895,baseline
Toa Baja,Metro,2027,66943.00177365988,67391.46259265022,67961.15862854291,68753.54499873493,69816.58151625113,70478.76476541065,70932.77211472715,baseline
Toa Baja,Metro,2028,65023.04515214545,65286.987632778924,66381.61253924732,67330.18891215118,68393.30084403063,69666.40350016246,70444.37303659144,baseline
Toa Baja,Metro,2029,62912.79552665639,63319.77842158177,64648.526536717196,65977.76784158117,67251.72557253583,68520.13585957058,69552.35002691764,baseline
Toa Baja,Metro,2030,61054.22471313713,61493.540645503184,62930.89606806741,64497.27837963238,65936.30178362149,67448.42827392848,68689.37908399617,baseline
Trujillo Alto,Metro,2025,64756.22260084788,64989.48866814003,65476.96953851188,65868.70638677706,66366.55748218222,66943.2603629167,67293.04311557524,baseline
Trujillo Alto,Metro,2026,62457.85482352655,62941.559898834,63664.153790995704,64587.18673154305,65501.347799285206,66443.73549034882,66941.78457730479,baseline
Trujillo Alto,Metro,2027,59896.55420681837,60679.8631740592,61894.87910833719,63075.53014366232,64517.079844287146,66352.4657842575,66962.87762053391,baseline
Trujillo Alto,Metro,2028,57536.455478010605,58283.72624148567,60032.09246526603,61730.279275694455,63901.13410069593,66029.11560205468,66954.3155013594,baseline
Trujillo Alto,Metro,2029,54986.2158302327,56067.05726656841,58475.505119673275,60576.86128058113,62919.302716517326,65541.08699463586,67319.49598378513,baseline
Trujillo Alto,Metro,2030,53069.53841272292,54299.80950074627,56728.1201255741,59216.32284574344,61947.73014514303,65040.595171542525,66633.03471859869,baseline
Utuado,Central Mountains,2025,26779.754467955547,26870.33312870477,26996.71475931481,27134.415102603627,27257.800825138696,27353.740819348764,27410.819218422344,baseline
Utuado,Central Mountains,2026,25925.94366556147,26164.79476584846,26350.818919616046,26590.151663586817,26867.342684686766,27111.854937866316,27231.76354063651,baseline
Utuado,Central Mountains,2027,25105.03325060153,25379.45684886892,25659.982518608365,26062.014727402024,26503.04502111557,26855.352454132968,26986.391689783217,baseline
Utuado,Central Mountains,2028,24248.998657669832,24533.235247928616,24963.32250222261,25526.730453728072,26088.768251769507,26622.504943673135,26923.31139721168,baseline
Utuado,Central Mountains,2029,23405.845567133132,23697.367209278,24280.506105115142,24969.373881762738,25651.93222518181,26328.520339171984,26560.418720888225,baseline
Utuado,Central Mountains,2030,22544.01494139396,22861.019656625762,23556.324511512717,24429.631811870342,25385.70127998753,26024.197960209352,26467.167822854102,baseline
Vega Alta,North,2025,34035.64209879339,34089.40247387042,34204.30339463804,34323.71459118315,34466.68545221109,34606.2699973091,34676.12111567927,baseline
Vega Alta,North,2026,33174.07927466258,33238.88566622029,33472.421707255315,33704.86582360316,33990.828110732866,34204.35870410937,34300.648690190144,baseline
Vega Alta,North,2027,32237.303390675177,32384.07823241508,32659.98128169427,33120.36297242317,33477.91964085869,33733.86531225555,33970.09596536232,baseline
Vega Alta,North,2028,31324.738182509773,31454.344729151013,31945.241457694094,32453.06087917074,32903.00725040312,33309.4970591041,33548.428177362955,baseline
Vega Alta,North,2029,30322.937527116475,30670.28301843797,31133.994415316152,31811.784824099937,32297.8472285837,32942.083382579825,33234.297864191285,baseline
Vega Alta,North,2030,29391.89898520978,29709.93449227683,30312.582106843325,31166.141954517374,31821.028998236947,32418.503069509396,33010.94490555972,baseline
Vega Baja,North,2025,51622.12035619504,51927.44595466592,52373.734280664605,52880.995661884546,53287.69587847821,53795.07505824968,54116.06804635085,baseline
Vega Baja,North,2026,49221.064009682304,49958.56406220286,51016.81426454488,51722.57443527884,52825.57537429738,53763.02713648701,54343.88576696726,baseline
Vega Baja,North,2027,46831.95714746853,47815.54893534344,49527.074803239186,50656.37552966441,52158.565407738606,53566.21215312859,54458.139966918825,baseline
Vega Baja,North,2028,44522.14305327689,46042.50415441912,47412.27186037154,49597.12933407967,51257.41003017138,53294.51746940164,54596.41978460504,baseline
Vega Baja,North,2029,42335.686809190884,44185.630319693315,45891.6793727133,48354.48534827577,50734.67697241434,52782.990603887156,55093.75867224658,baseline
Vega Baja,North,2030,40677.96089945437,41790.08690905126,44306.393677286695,47350.44177620197,50212.03081016903,52772.237652550575,54454.76465497967,baseline
Vieques,East,2025,7887.4772521218365,7896.092677690102,7919.098716893858,7938.548340713736,7957.554796629303,7987.7629496145555,7999.573832596951,baseline
Vieques,East,2026,7678.047532707125,7706.532889475366,7743.114872990565,7791.318014903756,7837.28899824,7884.154239830494,7910.405858960601,baseline
Vieques,East,2027,7467.261627406985,7496.5742421253135,7567.812555295644,7635.820047250087,7712.9183117258235,7778.524646432559,7826.52899112835,baseline
Vieques,East,2028,7251.734392009441,7297.8333525277385,7381.364336244535,7480.0762104067635,7569.805846562948,7678.463938518694,7719.219789807042,baseline
Vieques,East,2029,7023.12276587073,7104.247165730317,7196.8496377595675,7325.389006739919,7430.705001569198,7565.424949085195,7645.475083345509,baseline
Vieques,East,2030,6841.963081266884,6876.89920534382,7021.605787455684,7161.343235478324,7278.33354683554,7457.219250317645,7576.685971884781,baseline
Villalba,South,2025,20924.695017066104,21006.03414878086,21070.88893485639,21176.395722268826,21285.912362396877,21362.67579686909,21409.731361110353,baseline
Villalba,South,2026,20294.156384452344,20420.76635462391,20570.916107197183,20766.370798320204,21008.02783801886,21194.572785276207,21275.991103001557,baseline
Villalba,South,2027,19631.806542286653,19782.938703267322,20014.02608526499,20389.660443004053,20696.131775505055,20985.04763827378,21119.99248493563,baseline
Villalba,South,2028,18997.044295101863,19127.008252739783,19536.53647867771,19947.081838703678,20458.63415347889,20872.91880409025,20989.591744207024,baseline
Villalba,South,2029,18343.667417425844,18570.666589043372,19055.401681617477,19540.628171315526,20165.1671670652,20756.354500445574,20866.827158091513,baseline
Villalba,South,2030,17711.339449026385,18052.182256296343,18502.072469469244,19128.337337927198,19757.801964225975,20596.878303839338,20809.92109803786,baseline
Yabucoa,East,2025,28547.605525195773,28601.30074735159,28721.5706813156,28860.131640404306,29002.448032650213,29124.80782485746,29205.480359626563,baseline
Yabucoa,East,2026,27644.319940963942,27835.75720937558,28041.288967873097,28305.268362568415,28610.811604832972,28886.50105948167,28966.01783216733,baseline
Yabucoa,East,2027,26774.425107968524,26972.578000195583,27314.038216624398,27769.218625172583,28230.92135767947,28624.075349787196,28849.410958945387,baseline
Yabucoa,East,2028,25917.373618559956,26154.899164383572,26576.85483736894,27280.630844189258,27790.398180450673,28431.433927433027,28762.709137526188,baseline
Yabucoa,East,2029,24957.899635859758,25260.202238474187,25765.132992850147,26671.148060707725,27398.005301672565,28151.944444341232,28431.8469149129,baseline
Yabucoa,East,2030,24047.27868403144,24503.06532138227,25023.52898341043,25977.28211264608,26913.50821779759,27863.411099182504,28503.341383910883,baseline
Yauco,South,2025,32132.42560283575,32200.519271581827,32308.35012782416,32450.81825547221,32543.177513317445,32682.733417418727,32808.505499462946,baseline
Yauco,South,2026,31189.893655799562,31328.43423106774,31632.82459090271,31866.36773816453,32085.491850094866,32339.694434811987,32522.943380636036,baseline
Yauco,South,2027,30302.969781884807,30453.048255479323,30879.363816742723,31223.987746531475,31668.442958008047,32064.391974578113,32140.041860848774,baseline
Yauco,South,2028,29202.213620700095,29533.216509687507,30112.576445244365,30509.28934694324,31158.162128797812,31634.913068849288,32035.24995367786,baseline
Yauco,South,2029,28322.960674954957,28711.45920570447,29377.527250224794,29882.176304369517,30580.247794566552,31255.6752474691,31767.292158864537,baseline
Yauco,South,2030,27314.155959031166,27793.104335996024,28540.25178609239,29244.812164870047,30017.997310363047,30944.91872624946,31482.72319197367,baseline
Adjuntas,Central Mountains,2025,17430.459120039384,17478.622738625156,17546.882256740177,17626.434268750367,17708.755830105663,17796.465484734017,17838.472227091705,hurricane_cat1
Adjuntas,Central Mountains,2026,16867.058455585597,16928.40874135684,17050.75479334371,17246.43109141654,17382.17278580334,17543.78052879796,17618.376882362885,hurricane_cat1
Adjuntas,Central Mountains,2027,16236.662435754,16337.157351464783,16559.636017793124,16788.559832429695,17024.203549803384,17287.386497274485,17386.14418649938,hurricane_cat1
Adjuntas,Central Mountains,2028,15541.342843462624,15717.730572027594,15993.54230255101,16380.082306945678,16737.08589776235,17034.211780410147,17158.846021518384,hurricane_cat1
Adjuntas,Central Mountains,2029,14873.061167644057,15088.079963993121,15413.241099398116,16001.557142684338,16397.94495144715,16809.82439665985,17020.91704559843,hurricane_cat1
Adjuntas,Central Mountains,2030,14289.658198287714,14505.630918333822,14971.449540814032,15593.268320256164,16092.023559061054,16539.904575695946,16760.5025641256,hurricane_cat1
Aguada,West,2025,36642.00518704079,36730.20409274099,36920.58970140346,37065.26236253737,37229.14712039229,37412.99225477091,37488.88859127292,hurricane_cat1
Aguada,West,2026,35363.11553985951,35515.98063447593,35885.487364751454,36246.14880803483,36553.917910208766,36914.03128520579,37232.288615836165,hurricane_cat1
Aguada,West,2027,34098.17200853582,34242.510936686245,34799.34031716244,35350.0931850144,35871.8134212313,36365.380720255365,36677.000164013676,hurricane_cat1
Aguada,West,2028,32686.25081822291,33110.01865019952,33709.2564178709,34495.129607412135,35078.59313141623,35837.944143958586,36213.44759904864,hurricane_cat1
Aguada,West,2029,31424.730465060205,31961.317767196677,32604.490549050777,33672.33452138337,34543.029336759035,35301.306404974646,35912.05324862217,hurricane_cat1
Aguada,West,2030,30075.123921729235,30821.51595218462,31643.86156533067,32598.72281814875,33856.54625995965,34764.56915470485,35435.68902472191,hurricane_cat1
Aguadilla,West,2025,51664.187576380085,52094.08028784936,52654.684283167095,53205.92658345976,53696.40892097099,54121.26019987986,54726.328334689075,hurricane_cat1
Aguadilla,West,2026,49295.55921701687,49966.20630137333,50962.79605207668,52046.07358423769,53007.455610928264,53905.821990310054,54589.854811816636,hurricane_cat1
Aguadilla,West,2027,46876.84708953767,47610.760431318085,49141.66376196647,50629.11003162415,52075.9841888822,53925.001274091264,54526.059733937254,hurricane_cat1
Aguadilla,West,2028,44784.36062167456,45350.09585841756,46930.99599760783,49269.08286011728,51479.90750448145,53598.34917411791,54416.02769197946,hurricane_cat1
Aguadilla,West,2029,42139.296408702015,43427.147269261885,45200.51987870093,48026.367174501385,50428.76216666633,52935.12457599884,54818.41281180116,hurricane_cat1
Aguadilla,West,2030,40098.14529823967,41433.516980437686,43746.84263889964,46676.56023856309,49754.15356140134,52370.99545890215,55202.823028342726,hurricane_cat1
Aguas Buenas,Central Mountains,2025,23014.64895327138,23051.21297428669,23133.78043862887,23201.295076081664,23282.087852008917,23349.166582393857,23377.42995675338,hurricane_cat1
Aguas Buenas,Central Mountains,2026,22285.61212566798,22400.71135091152,22543.134236246788,22701.137989143102,22842.2211953827,22981.80737960089,23090.494700848074,hurricane_cat1
Aguas Buenas,Central Mountains,2027,21609.652352396006,21724.344009719058,21922.940288568305,22138.099226682978,22413.48563512628,22572.972934873324,22753.407755981352,hurricane_cat1
Aguas Buenas,Central Mountains,2028,20826.87696885036,21031.64766654126,21288.19608747519,21552.97432171404,21904.20030371676,22149.192055687516,22276.103619200167,hurricane_cat1
Aguas Buenas,Central Mountains,2029,20036.32080896395,20322.314253385513,20641.964614499826,21017.636352166264,21410.442234437243,21730.225215987,22013.760680566316,hurricane_cat1
Aguas Buenas,Central Mountains,2030,19388.25015736695,19590.41994609944,20039.20582594836,20507.717080370305,20917.07289070527,21338.990584313506,21629.064503445265,hurricane_cat1
Aibonito,Central Mountains,2025,23565.150357405735,23765.00280570153,23964.373626156575,24220.722730907168,24493.028981363124,24645.288810818703,24894.964029943258,hurricane_cat1
Aibonito,Central Mountains,2026,22347.97654871015,22594.74049418445,23104.018613062613,23695.445556615443,24173.233364345604,24658.366057354822,24896.427999908086,hurricane_cat1
Aibonito,Central Mountains,2027,21217.040733200607,21433.826722874404,22350.051681907877,23136.78983224083,23864.825002553058,24476.57006167475,24841.66204752089,hurricane_cat1
Aibonito,Central Mountains,2028,19952.83378590677,20328.269298388626,21439.218197538285,22547.4551647019,23582.14514373387,24440.68511916415,24957.273869615787,hurricane_cat1
Aibonito,Central Mountains,2029,18715.31659844194,19246.622437264894,20482.388695934013,21955.060689784616,23230.272428392058,24395.639514656526,25320.41932071081,hurricane_cat1
Aibonito,Central Mountains,2030,17533.993696471465,18236.805167543826,19526.725940537894,21552.044139904167,22935.06646758822,24448.84853353038,25530.421676165508,hurricane_cat1
Arecibo,North,2025,83431.34602526145,83710.10932711989,84300.69332371948,84987.77694184791,85637.48016979947,86302.42810180798,86559.54904704043,hurricane_cat1
Arecibo,North,2026,79758.86120999965,80550.24816715097,81656.44978498605,83163.9105321645,84382.48616013287,85432.07259432152,86202.7033425135,hurricane_cat1
Arecibo,North,2027,76226.37825084596,76815.61589613107,78968.4694322901,81194.29217425978,82927.66350777487,84663.6960315254,85983.65143283941,hurricane_cat1
Arecibo,North,2028,72683.83356817917,74268.29659461926,76369.90700752621,79173.24760540263,81594.06581483463,84156.43111304831,86038.31723208791,hurricane_cat1
Arecibo,North,2029,69265.18810519866,70980.31771534655,73830.97641633547,77450.16240879952,80401.48000638105,83458.08989827281,85566.1324999266,hurricane_cat1
Arecibo,North,2030,66364.92529847709,67801.7563177355,71730.82064971747,75334.57972331322,79103.85127081408,82543.66691033854,85596.29641499912,hurricane_cat1
Arroyo,South,2025,14789.08221346261,14877.922809577727,14966.305302298188,15069.062062359468,15160.308460456155,15259.23803369746,15348.089764945973,hurricane_cat1
Arroyo,South,2026,14075.743866400679,14257.987425646186,14520.755122643644,14696.187390764087,14887.096155110532,15090.345465575643,15252.566360458892,hurricane_cat1
Arroyo,South,2027,13275.043950596164,13606.964309584408,14001.19957441867,14308.935335072962,14558.817288770892,14950.446639025824,15126.710892022145,hurricane_cat1
Arroyo,South,2028,12559.162666252043,12937.03545204648,13416.925251603992,13870.657130476186,14257.938066116498,14712.728010691055,14982.253491312003,hurricane_cat1
Arroyo,South,2029,12016.523130706753,12358.845488463867,12958.180439191705,13491.139703525176,14044.633852862276,14504.93224832404,14876.721053556157,hurricane_cat1
Arroyo,South,2030,11478.314227676547,11843.95164941686,12447.57815633311,13142.3280701344,13791.054552383457,14278.596813567785,14851.400779624131,hurricane_cat1
Añasco,West,2025,24470.445106451116,24505.317822025485,24573.508282062765,24664.19352043466,24735.68241620994,24810.795229058323,24840.655226798124,hurricane_cat1
Añasco,West,2026,23740.511070369033,23833.63188525071,23946.405506774456,24120.919283175062,24279.62175388644,24414.11505028447,24467.64486999786,hurricane_cat1
Añasco,West,2027,22963.515848170482,23050.71435573342,23259.125595527647,23521.279102094046,23754.871492957467,23975.702195982158,24139.310916823793,hurricane_cat1
Añasco,West,2028,22187.74412182907,22307.181474204946,22579.328821219875,22894.67279443419,23223.733746453254,23591.67023211703,23752.144739521373,hurricane_cat1
Añasco,West,2029,21440.277378124007,21577.441302484884,21936.212738553077,22307.750323319066,22734.743205319694,23163.8135822898,23476.825759330084,hurricane_cat1
Añasco,West,2030,20646.54375490237,20862.240718916528,21278.16040666555,21718.703805457542,22268.023267502525,22774.461858404135,23067.15201198273,hurricane_cat1
Barceloneta,North,2025,21789.083154618715,21881.516489979276,21991.353407088107,22098.915710341404,22217.35851635031,22355.57813778088,22412.859331739157,hurricane_cat1
Barceloneta,North,2026,21017.36983507883,21182.872432228985,21356.053958821198,21603.599946248905,21853.97331547884,22059.100886731034,22268.676838489,hurricane_cat1
Barceloneta,North,2027,20107.97574436805,20370.056943636697,20674.8725510704,21076.211341678947,21499.625226662072,21799.808601484936,22069.980260875385,hurricane_cat1
Barceloneta,North,2028,19299.318397431907,19593.823796945868,20045.496804585975,20552.915113168183,21008.342925156587,21542.97966409152,21736.6184023061,hurricane_cat1
Barceloneta,North,2029,18501.55984821058,18866.6226805077,19450.848313720388,20008.643938951805,20663.276994897733,21279.08926194464,21543.913361118004,hurricane_cat1
Barceloneta,North,2030,17828.775588458015,18209.81095858833,18826.129876018054,19440.9687105584,20214.77354610691,20965.38887767471,21411.648112010396,hurricane_cat1
Barranquitas,Central Mountains,2025,28176.511359225755,28237.17501030902,28394.631759329655,28518.90337960369,28663.687794248694,28817.27076618669,28854.731504022988,hurricane_cat1
Barranquitas,Central Mountains,2026,27045.662945014396,27272.5731346963,27550.94577219884,27933.354040828963,28171.922239430023,28470.65077042521,28571.582647754407,hurricane_cat1
Barranquitas,Central Mountains,2027,25877.81495625097,26133.431867193096,26771.628604390244,27293.784503690513,27628.27184910784,28097.6695015523,28286.901508069113,hurricane_cat1
Barranquitas,Central Mountains,2028,24790.767233218638,25060.10893799923,25921.878450619573,26617.945345151267,27141.524639009214,27603.622031746385,27910.03321072662,hurricane_cat1
Barranquitas,Central Mountains,2029,23643.509548627466,24228.305851253957,25067.55548912404,25942.798389240896,26686.042886430943,27229.53286580932,27674.98500261246,hurricane_cat1
Barranquitas,Central Mountains,2030,22805.06251667603,23280.18394309354,24279.88288673612,25304.34103080466,26160.940909444413,27023.35512303359,27402.592903969555,hurricane_cat1
Bayamón,Metro,2025,175164.083381076,175900.88499138053,177699.8229664888,179279.49523872585,180884.16031315978,182274.79857660548,182780.4263553279,hurricane_cat1
Bayamón,Metro,2026,165845.59851858235,168824.87988144447,171408.0606758668,174886.83583016077,178107.05122383105,181913.14131022606,183511.87595913018,hurricane_cat1
Bayamón,Metro,2027,158265.17535877827,160841.79222829835,165099.4181448174,170550.85408972704,175396.6414419593,181130.74315930856,183238.52877725527,hurricane_cat1
Bayamón,Metro,2028,149712.4279562228,153664.14557017636,158195.06005482294,164938.77555948304,173287.2799672638,180141.38485355015,184428.3224096169,hurricane_cat1
Bayamón,Metro,2029,142181.06906475313,146004.26424816437,152780.76485630448,160355.86443091783,171059.2605091593,179460.13883264698,184176.00269943895,hurricane_cat1
Bayamón,Metro,2030,135583.53631932093,138331.94761058604,147003.72212660516,157079.70102504524,167329.5641832448,177015.34870896355,183940.7866554747,hurricane_cat1
Cabo Rojo,West,2025,45705.1888577428,45801.6090988891,45914.20247732907,46034.86389361226,46178.58912430116,46322.22771007562,46420.07497941957,hurricane_cat1
Cabo Rojo,West,2026,44357.69351809343,44500.01856984798,44739.34856789572,45018.49194872011,45290.62646756844,45664.487635339094,45759.10305170789,hurricane_cat1
Cabo Rojo,West,2027,42957.21018001685,43065.845018346445,43467.399388427286,43940.06428274764,44305.09978359411,44737.40043977226,45053.84215094756,hurricane_cat1
Cabo Rojo,West,2028,41506.332969680814,41745.355146914066,42224.3429145765,42725.859647090125,43255.29420944369,43896.65627710026,44334.714427975996,hurricane_cat1
Cabo Rojo,West,2029,40184.45743054273,40441.25224152634,41078.051514978164,41654.76726829746,42344.93721712719,43065.54545256021,43449.39741316414,hurricane_cat1
Cabo Rojo,West,2030,38933.33030290329,39229.24131370163,39851.27380417586,40568.98853774996,41404.13385547855,42140.80523204025,42666.117687976934,hurricane_cat1
Caguas,East,2025,122030.93440920163,122281.72178099104,122847.67864882699,123343.52740339714,123821.7238803867,124264.19520016764,124549.3149350224,hurricane_cat1
Caguas,East,2026,117982.7675205985,118669.6536509762,119440.92040507133,120457.74247719903,121460.93989918358,122325.10037098656,123028.8174304219,hurricane_cat1
Caguas,East,2027,114132.10874466905,114513.04140303473,115961.7015218154,117294.25249321037,118879.84321501746,119975.64003108758,120909.00639458893,hurricane_cat1
Caguas,East,2028,109937.69322532098,110603.44736644471,112503.34368123638,114011.20816874127,116161.38159513864,117812.03085419373,119235.5787032306,hurricane_cat1
Caguas,East,2029,105958.11032556188,107066.08987985991,109105.19224239587,111218.63288948542,113164.4710531694,115652.55169245746,117848.87273716087,hurricane_cat1
Caguas,East,2030,102446.1613721496,103600.37605853209,105931.40168124663,108215.17960208119,110611.75951221642,113687.26807754893,116584.2819396642,hurricane_cat1
Camuy,North,2025,31350.663357976126,31592.027184979404,31830.458163606145,32151.959298340727,32465.471432244736,32627.142011744752,32778.655583957654,hurricane_cat1
Camuy,North,2026,29924.98356243832,30321.280997905982,30719.954675954195,31400.6795968004,32003.56355283046,32416.44846914628,32596.700976761753,hurricane_cat1
Camuy,North,2027,28410.96841823784,29202.124629987684,29705.320426806604,30618.378903914865,31444.294339349733,32090.455436452245,32496.743265078716,hurricane_cat1
Camuy,North,2028,27307.701665502784,27746.4007411781,28753.352941696136,29716.55735143964,30921.296404350145,31740.574748802905,32288.368712655643,hurricane_cat1
Camuy,North,2029,25927.240093412867,26647.80608028541,27815.887666540148,29085.934411161885,30426.564225056423,31440.395360186976,32159.419449263503,hurricane_cat1
Camuy,North,2030,24691.579163766666,25609.337864712594,26907.12644407086,28301.22007587216,29875.3812123951,31313.89364480486,32080.40926310098,hurricane_cat1
Canóvanas,East,2025,40463.874155979654,40570.39628129078,40808.17930386512,41037.93935427813,41299.87044895912,41490.15130078743,41618.30706731941,hurricane_cat1
Canóvanas,East,2026,38941.5661250613,39115.79368989178,39521.42376902235,40164.39651805703,40584.68940109323,40884.793244604894,41331.13253286068,hurricane_cat1
Canóvanas,East,2027,37278.75610669923,37696.904591303,38334.16138201185,39124.46959359054,39713.12926967092,40321.4458822503,40752.61336990875,hurricane_cat1
Canóvanas,East,2028,35804.763829461575,36168.20296478331,37065.54067657706,38065.63860957547,38916.747460426865,39839.51228851768,40321.58084681131,hurricane_cat1
Canóvanas,East,2029,34325.86688189996,34649.25321654132,35867.73615385886,37135.25606620715,38085.25412075521,39321.977806600844,39879.64472849234,hurricane_cat1
Canóvanas,East,2030,32731.301311280924,33140.38593108735,34603.43946902362,36126.55490118319,37490.682359794235,38735.99278015054,39348.6707509429,hurricane_cat1
Carolina,Metro,2025,146973.28067110866,147718.79118461662,148600.5413473617,149569.12137933492,150280.649846312,151304.81611967398,151804.1620144201,hurricane_cat1
Carolina,Metro,2026,141091.7242753256,141921.4240524733,143687.9267743029,145968.41913605644,148054.89635441193,149385.5889662842,150743.85597206224,hurricane_cat1
Carolina,Metro,2027,134451.62307876817,136067.7614485161,139053.17741748336,142324.54691329767,145243.3731600596,147840.1767146618,149270.6353923845,hurricane_cat1
Carolina,Metro,2028,128524.60920573563,130831.310743105,134617.8208820392,139275.0860441729,142476.98938899316,145583.46971487516,147680.68050203193,hurricane_cat1
Carolina,Metro,2029,123237.60932845928,125555.25919089926,129904.6338462641,135009.04959243172,139891.1242457853,143991.57833758296,147160.0393355798,hurricane_cat1
Carolina,Metro,2030,117962.21758798817,120320.13327529463,125326.50688672323,131268.38420180453,137177.7231286385,142168.35300973483,144572.90294083543,hurricane_cat1
Cataño,Metro,2025,21926.45682374317,21951.038104173353,22010.10515813661,22060.519979920588,22113.546106188995,22200.53348753984,22233.92904509593,hurricane_cat1
Cataño,Metro,2026,21278.56607002029,21342.171344014987,21451.036830462315,21556.895528238732,21678.99008182515,21839.8532255242,21927.557386533565,hurricane_cat1
Cataño,Metro,2027,20552.953479836568,20671.442969231503,20844.958410237592,21026.158348038723,21213.486435240695,21443.05013623258,21522.837434223395,hurricane_cat1
Cataño,Metro,2028,19819.413513167874,19968.56858371035,20231.50946565387,20501.734885045822,20757.98815867372,21020.120280827545,21187.81474907523,hurricane_cat1
Cataño,Metro,2029,19073.800118521995,19328.31177525031,19650.164755241738,20027.30084961199,20310.315219583237,20654.930762818556,20784.66947833235,hurricane_cat1
Cataño,Metro,2030,18400.393499416845,18670.0262454326,19065.461996650953,19490.64698401324,19856.736266499,20246.314156661967,20388.05341396854,hurricane_cat1
Cayey,Central Mountains,2025,39948.86828365295,40004.483571603465,40095.76897302785,40211.11517119473,40313.93216324447,40401.65009392707,40455.49192002089,hurricane_cat1
Cayey,Central Mountains,2026,38710.307114755065,38791.860867849784,39082.91721260615,39314.831975063644,39555.67603773486,39798.760435142955,39907.80812895598,hurricane_cat1
Cayey,Central Mountains,2027,37392.51270985815,37568.22255223124,37954.60920618452,38321.15989047132,38718.53886871269,39106.29143720062,39266.033028075864,hurricane_cat1
Cayey,Central Mountains,2028,36125.23099819295,36370.7466130786,36721.277911411686,37355.25867348397,37865.346102232455,38324.27190472875,38628.39891688016,hurricane_cat1
Cayey,Central Mountains,2029,34889.2681719097,35218.29529270186,35647.8568277989,36430.494831577154,37040.54199874795,37680.16427878357,37998.45912322023,hurricane_cat1
Cayey,Central Mountains,2030,33709.67932330908,34071.40839926909,34674.49938052804,35484.94322397445,36225.33079933797,37009.471074017136,37380.106305979265,hurricane_cat1
Ceiba,East,2025,10665.877203104925,10702.15712992603,10743.609374456744,10809.045972030362,10891.274510342384,10933.05049597037,10970.391533374257,hurricane_cat1
Ceiba,East,2026,10327.479097427744,10353.860541172884,10466.898594145587,10573.56697513115,10702.193448611055,10812.17457897424,10866.573136072073,hurricane_cat1
Ceiba,East,2027,9872.798220840017,9982.258242385351,10147.827032607076,10336.106399959,10512.720239004757,10675.90063120926,10762.513605149306,hurricane_cat1
Ceiba,East,2028,9409.675479937949,9603.774251698167,9835.347550029419,10074.7329850432,10307.80553619756,10511.738410807931,10655.759783561542,hurricane_cat1
Ceiba,East,2029,9010.571572802537,9265.645655760976,9526.835306310944,9807.793047049414,10112.602635233583,10359.903606239273,10554.021406946038,hurricane_cat1
Ceiba,East,2030,8645.14503916403,8926.751315663803,9295.75159181471,9558.049872655527,9897.350183257304,10215.826325220294,10480.781565852689,hurricane_cat1
Ciales,Central Mountains,2025,16179.066173464573,16262.593628630799,16368.69421395844,16503.881122121187,16646.08772475347,16786.415829944814,16842.886692809785,hurricane_cat1
Ciales,Central Mountains,2026,15451.787554280825,15563.528118734292,15822.2942312721,16134.160676102349,16398.74949958815,16711.79408772735,16918.998740061183,hurricane_cat1
Ciales,Central Mountains,2027,14791.16351258014,14978.481896205467,15277.293371360463,15739.318745088845,16213.1816462733,16567.084412579792,16876.724315652966,hurricane_cat1
Ciales,Central Mountains,2028,14013.968926235402,14383.229226596526,14763.555895826605,15316.814298321984,15952.563820293712,16385.83546782213,16804.78164091298,hurricane_cat1
Ciales,Central Mountains,2029,13310.60605064292,13834.787177092032,14296.929019420593,14924.798061807598,15683.095093514201,16316.207590132437,16851.599456627042,hurricane_cat1
Ciales,Central Mountains,2030,12779.736260243537,13230.924769082918,13819.442949886698,14554.084199218822,15462.703202232588,16260.40599331604,16662.589406405124,hurricane_cat1
Cidra,Central Mountains,2025,38564.50628247969,38614.32289578547,38747.66003045315,38950.94426824925,39181.23241893125,39330.83474328954,39431.09539747708,hurricane_cat1
Cidra,Central Mountains,2026,37312.078939707986,37396.78744234466,37726.01592777738,38149.18735694306,38529.13628077116,38913.06868747456,39119.54319190301,hurricane_cat1
Cidra,Central Mountains,2027,35868.495978812185,36116.06770040745,36513.52451640053,37290.60909819916,37850.58689642612,38427.75665399038,38703.710792232145,hurricane_cat1
Cidra,Central Mountains,2028,34335.50769030671,34733.704281642546,35408.55595386127,36314.98142468533,37113.20494510965,37876.285246171916,38330.57912316105,hurricane_cat1
Cidra,Central Mountains,2029,32948.19789472562,33516.91308057228,34317.36815689093,35429.57404832688,36529.3249167111,37281.12987494376,38041.583985374324,hurricane_cat1
Cidra,Central Mountains,2030,31544.566593715364,32368.911666912096,33153.14862290713,34435.50358632751,35828.973347000036,36839.16419399796,37668.59294186687,hurricane_cat1
Coamo,South,2025,32644.355981675584,32845.438697842816,33080.480338228575,33382.19084205433,33685.15659174589,33925.776799770996,34078.894775105284,hurricane_cat1
Coamo,South,2026,31064.60614112852,31418.203313507776,31920.30145837104,32504.468097946505,33389.16042683377,33908.199457391784,34170.35062005519,hurricane_cat1
Coamo,South,2027,29514.83645376365,29998.833050677003,30746.28041780423,31748.45510920628,33043.61786948709,33954.381197376846,34204.629488550905,hurricane_cat1
Coamo,South,2028,27910.48507793336,28665.075458723673,29578.736026330593,30907.7227047474,32460.396574914696,33709.421269691135,34077.706928456886,hurricane_cat1
Coamo,South,2029,26415.351493879603,27424.010044709106,28489.934273747236,30110.32844147787,32010.922716958634,33533.859992582904,34405.11414397176,hurricane_cat1
Coamo,South,2030,25268.25679266206,26068.331603935825,27617.672229169748,29485.276645062433,31570.133104921835,33547.69903877309,34463.98756606382,hurricane_cat1
Comerío,Central Mountains,2025,18251.601889889294,18284.260977094997,18333.16239056814,18379.130212418437,18438.392302737677,18475.741740063684,18493.921402176395,hurricane_cat1
Comerío,Central Mountains,2026,17679.672276836012,17746.039475152164,17862.454629193024,17981.87938823529,18090.11660935569,18157.464393681174,18208.812026112497,hurricane_cat1
Comerío,Central Mountains,2027,17082.431957273697,17187.79345007025,17367.50237313549,17537.79387448589,17691.10727882952,17846.65285685131,17913.25309501625,hurricane_cat1
Comerío,Central Mountains,2028,16530.317328481866,16632.177137053703,16870.908844350426,17110.94181051256,17286.73045023335,17499.840560668796,17578.424884363085,hurricane_cat1
Comerío,Central Mountains,2029,15988.495202644639,16105.657656478317,16382.533263119045,16697.308712484944,16908.297588459915,17184.330535922312,17296.668342100853,hurricane_cat1
Comerío,Central Mountains,2030,15475.409706745337,15610.670549879742,15948.219798163233,16300.10807215063,16556.287060210787,16903.493025023177,17082.386385016525,hurricane_cat1
Corozal,Central Mountains,2025,33315.3439516347,33471.75016763737,33648.50902624084,33862.207627965035,34082.45722173894,34299.508779160366,34418.91902967445,hurricane_cat1
Corozal,Central Mountains,2026,32037.55588408188,32319.397602945224,32724.392513825635,33155.67061070437,33616.497505256455,33978.689051148125,34282.65884586785,hurricane_cat1
Corozal,Central Mountains,2027,30714.910863169294,31142.302961564008,31618.2127373163,32392.848273112722,33065.13072436349,33741.56696113879,34261.20498439429,hurricane_cat1
Corozal,Central Mountains,2028,29294.68466089051,29705.173464440937,30649.452273446594,31580.034844481674,32533.034972109024,33452.14185268107,33879.86800482083,hurricane_cat1
Corozal,Central Mountains,2029,27876.14067808227,28450.640237244304,29661.30439841042,30834.354673158698,32004.517466542053,33048.327386784076,33490.84818556488,hurricane_cat1
Corozal,Central Mountains,2030,26602.564783205562,27190.16280962722,28724.52887855318,30166.46199124096,31540.655315928612,32513.813484361446,33490.79548300388,hurricane_cat1
Culebra,East,2025,1290.809733752322,1308.553529600647,1338.021682012994,1368.6847729183037,1396.2557453122088,1418.4413047066373,1433.2607796623067,hurricane_cat1
Culebra,East,2026,1192.0153715376205,1228.1615505022692,1287.575433834944,1339.7756552286378,1396.7304911606761,1441.5866624504588,1483.3471922413105,hurricane_cat1
Culebra,East,2027,1090.5512447280512,1132.840415446955,1231.8162640102694,1308.4785667615247,1415.9196068605409,1484.9600217740485,1539.9862463749303,hurricane_cat1
Culebra,East,2028,978.5670428867735,1050.2165690855993,1161.4615027087307,1286.1499161878992,1416.929023697472,1514.424870302316,1659.1234845139647,hurricane_cat1
Culebra,East,2029,921.5609298915609,993.2974619049162,1100.8143244246928,1265.9369768741308,1435.1264046660667,1587.3942493974573,1715.3923476682492,hurricane_cat1
Culebra,East,2030,832.5881521687105,931.5085172226819,1039.938050922192,1243.5942574004748,1444.355489303475,1612.1879881872514,1765.4823987387215,hurricane_cat1
Dorado,North,2025,34910.88301145414,34988.13520286642,35089.10357854946,35199.906256643284,35319.76218800504,35435.0076321814,35513.380681760624,hurricane_cat1
Dorado,North,2026,33808.4970797943,33990.55819831775,34235.27571774493,34448.31613341901,34693.60849628702,34894.69940415334,34995.54469433501,hurricane_cat1
Dorado,North,2027,32747.779831835658,32926.416802521424,33316.14838547187,33666.77193451056,34012.45683988665,34336.827639198214,34453.39871072808,hurricane_cat1
Dorado,North,2028,31516.97895235576,31823.72399631013,32321.79147796951,32800.27260901051,33351.85445428667,33708.75933265554,33997.92645893243,hurricane_cat1
Dorado,North,2029,30202.394879649768,30816.721032722755,31353.208921195655,31997.688148276022,32686.682240996688,33213.41574370432,33477.00126739947,hurricane_cat1
Dorado,North,2030,29341.81560390259,29823.907304696517,30504.506739960514,31308.027416628487,31994.282996254133,32614.600132419753,33005.09385018057,hurricane_cat1
Fajardo,East,2025,30299.27972471351,30461.536364231608,30743.94490899572,31033.244595050328,31318.52884788214,31597.919055992388,31787.415014916623,hurricane_cat1
Fajardo,East,2026,28788.438251432555,29271.69637901062,29732.089359244856,30441.470591395657,30935.316378246378,31531.145293594327,31776.099332005935,hurricane_cat1
Fajardo,East,2027,27571.299380599765,27830.346419232017,28588.352804779897,29567.982790821156,30532.572590237392,31274.222318856082,31811.825634856337,hurricane_cat1
Fajardo,East,2028,25885.178444909092,26433.90976957924,27201.14476117038,28771.332868745878,30260.730927684424,30991.1356082506,31704.116439141093,hurricane_cat1
Fajardo,East,2029,24473.665974173924,24980.33958289185,26114.787330347855,27943.272729969478,29652.368891101072,31099.60579655542,32080.521354037443,hurricane_cat1
Fajardo,East,2030,23054.452852548293,23808.150615941693,24961.47958471094,27248.4066467028,29205.426532428613,30768.978305638848,32212.129399305344,hurricane_cat1
Florida,North,2025,11206.618265149264,11233.06896243295,11274.484751167458,11322.692794903982,11374.353264384466,11417.516116432986,11431.862672222507,hurricane_cat1
Florida,North,2026,10836.5302852824,10901.839383943758,10978.968609902557,11079.57055907206,11161.177011377733,11236.132639366702,11286.409171745756,hurricane_cat1
Florida,North,2027,10445.685323710537,10497.843971481374,10642.674616284417,10798.887739046986,10944.849618009095,11053.490813886645,11136.430318856359,hurricane_cat1
Florida,North,2028,9997.47017004982,10140.388759051393,10291.678327522004,10507.375826272399,10711.263795161178,10866.080867203562,11023.075862291837,hurricane_cat1
Florida,North,2029,9581.620259688267,9786.197880896396,9963.622655413541,10225.251911505256,10498.434320820947,10703.404439950928,10878.30968756571,hurricane_cat1
Florida,North,2030,9275.296334718401,9450.226170151938,9666.899940450112,9972.733693282862,10318.90561447323,10516.448859046242,10669.03405975231,hurricane_cat1
Guayama,South,2025,34052.93054391586,34160.52679712755,34433.711056922395,34684.05677829596,34867.92496934187,35096.044654805366,35203.65123050514,hurricane_cat1
Guayama,South,2026,32805.7040346797,32953.14294325709,33356.90819690291,33843.80823543128,34304.733390052505,34747.83466052842,34972.06357190137,hurricane_cat1
Guayama,South,2027,31308.480161599633,31695.99268554773,32305.238086721736,32889.97852818899,33861.490322095546,34326.45784781993,34548.859816095784,hurricane_cat1
Guayama,South,2028,29728.451833695923,30375.54444961068,31190.818768665005,32100.707575002758,33267.641632946434,33927.749838154414,34430.056458594176,hurricane_cat1
Guayama,South,2029,28471.45021017339,29048.25986050516,30247.233036711572,31247.571320890936,32480.556503840857,33521.5574739021,34269.94217529062,hurricane_cat1
Guayama,South,2030,27219.513321393468,27978.980782016417,29164.412374160227,30571.585694099143,31736.70072098152,33373.23213013348,34163.64930516297,hurricane_cat1
Guayanilla,South,2025,16705.850112813845,16740.212603763655,16792.078147291366,16848.4368426052,16889.73329209217,16952.084551698186,16972.527789929612,hurricane_cat1
Guayanilla,South,2026,16172.066830535285,16244.670392361766,16337.542503079309,16454.753581884208,16566.53722980601,16667.72026904618,16726.684199839838,hurricane_cat1
Guayanilla,South,2027,15659.062434846383,15703.895111976766,15851.170107587812,16044.753584707018,16229.448641339979,16362.119342268217,16510.793585550997,hurricane_cat1
Guayanilla,South,2028,15034.906952487287,15173.534562456714,15395.397134001716,15610.61626302269,15863.679957443252,16088.205341640774,16242.749976322903,hurricane_cat1
Guayanilla,South,2029,14458.303981616576,14695.209391735014,14963.279220042798,15211.072199711516,15517.528680692847,15870.84493499717,16019.68260649648,hurricane_cat1
Guayanilla,South,2030,13968.806550116753,14233.809188753212,14520.653679419658,14811.116345376824,15199.327684327181,15562.908800141076,15870.442846677202,hurricane_cat1
Guaynabo,Metro,2025,86122.0507894987,86487.5188865013,87160.35256141613,87803.18443879008,88489.17332465615,89046.27579663077,89466.27933122583,hurricane_cat1
Guaynabo,Metro,2026,82729.68780465744,83406.9023287125,84564.5678735324,85715.3944944434,87200.11166735378,88381.86066540098,89103.31620524888,hurricane_cat1
Guaynabo,Metro,2027,79254.76588215707,80303.71991513814,81859.3866172066,83730.18045402516,85855.98864668784,87626.61554186368,88573.14383889265,hurricane_cat1
Guaynabo,Metro,2028,75474.5685922464,76831.66466138362,79213.71294706993,81665.6811531366,84533.22013134026,86449.2996588278,88529.16688366585,hurricane_cat1
Guaynabo,Metro,2029,71944.36817616987,73729.13085632428,76904.30775974407,79566.01913096005,83386.09676586953,86298.12385988906,87832.07041423282,hurricane_cat1
Guaynabo,Metro,2030,68680.57968803143,70556.07654629956,74309.21581994407,77777.4169956458,81680.3255292984,85027.92413099158,88469.22379259045,hurricane_cat1
Gurabo,East,2025,38148.19221516,38319.95145330648,38867.93385153781,39335.380787341426,39944.92047494095,40358.186998435645,40689.086299802635,hurricane_cat1
Gurabo,East,2026,36145.54893884952,36564.9992623293,37379.52498420839,38333.159192358515,39565.29100415506,40274.93289714066,40738.537030840744,hurricane_cat1
Gurabo,East,2027,33625.63437352815,34169.166829097536,35550.0198200772,37311.031945934665,39004.46524059113,40192.90033125168,41090.807905258545,hurricane_cat1
Gurabo,East,2028,31173.77007877032,32235.984577423726,34093.78585475755,36372.504314221966,38154.016830081004,40510.24232182096,41168.035568923384,hurricane_cat1
Gurabo,East,2029,29298.585665100705,30009.685844865773,32510.137622204977,35520.66870907227,37939.55819109338,40418.379956483215,41852.57742448152,hurricane_cat1
Gurabo,East,2030,27079.531202307335,28158.099968152306,31384.67399089433,34392.197627261456,37218.51682488491,40786.3320241734,41934.6890022322,hurricane_cat1
Guánica,West,2025,12407.138482434168,12449.595394168788,12534.96028766461,12617.650144394916,12722.808175160375,12806.659849207912,12836.935692349158,hurricane_cat1
Guánica,West,2026,11894.154421934123,11976.850970912541,12111.429495758843,12334.52047504401,12499.616580451735,12637.613127869883,12747.122888354033,hurricane_cat1
Guánica,West,2027,11276.06134438454,11460.939798527268,11713.059772472363,11972.164384557433,12288.148098981772,12538.947124201637,12699.035507122795,hurricane_cat1
Guánica,West,2028,10663.131853943743,10903.47759604449,11285.166291422433,11653.470646196649,12053.96686472896,12408.179339007325,12753.695583796443,hurricane_cat1
Guánica,West,2029,10096.657224253866,10406.968000496898,10882.73003740728,11353.97554905483,11858.198009302974,12346.270185043713,12590.795081348226,hurricane_cat1
Guánica,West,2030,9611.338176493273,9980.042118002404,10547.819440594176,11092.151069147003,11686.605396029681,12277.029784870816,12630.634333789227,hurricane_cat1
Hatillo,North,2025,37163.407405259866,37214.74682459124,37356.17574484524,37475.83233309611,37606.137767590364,37717.168613361384,37765.0762957821,hurricane_cat1
Hatillo,North,2026,35971.626595472284,36173.582242708544,36377.4626763094,36670.24358157546,36943.43218193415,37142.495881809155,37242.52791934177,hurricane_cat1
Hatillo,North,2027,34800.290176712806,34979.907166803314,35421.45183699362,35787.39653861595,36170.72142913609,36495.84452851333,36780.49269547084,hurricane_cat1
Hatillo,North,2028,33487.42615986873,33822.16466428344,34414.85286924106,34924.06641552172,35384.76209707554,35832.238527001144,36162.110760974894,hurricane_cat1
Hatillo,North,2029,32278.52232797372,32723.275397153815,33363.63844525434,34101.608712037894,34603.1998975571,35200.44156485583,35693.00155385061,hurricane_cat1
Hatillo,North,2030,30984.5974120643,31714.05641861827,32403.917255667435,33345.255280215744,33898.24534580835,34768.30212671298,35188.503382292154,hurricane_cat1
Hormigueros,West,2025,15079.134909482837,15098.173892553315,15126.959651659996,15170.82767311221,15209.661501389295,15247.11240013484,15269.90910595309,hurricane_cat1
Hormigueros,West,2026,14641.13124909012,14670.306874439746,14740.355070856069,14834.259496307564,14924.569161246156,15008.609012228735,15060.161956629912,hurricane_cat1
Hormigueros,West,2027,14155.120346723397,14216.341300149254,14342.23312776274,14471.135833739376,14614.949670628603,14729.103909193629,14795.282487501721,hurricane_cat1
Hormigueros,West,2028,13684.737674206182,13783.732686268018,13951.44981260663,14094.713197579118,14297.903561598197,14472.855859727231,14545.939030878493,hurricane_cat1
Hormigueros,West,2029,13207.406799966504,13335.647941518695,13546.264586520188,13754.043727345328,14006.931615894735,14191.847148546072,14287.980577510598,hurricane_cat1
Hormigueros,West,2030,12786.797225014345,12934.913382156585,13162.866600233876,13404.85059831915,13673.974915424713,13918.218154767153,14032.026176488951,hurricane_cat1
Humacao,East,2025,48856.68122627468,48926.45740555214,49079.24906160592,49247.88694350172,49380.206421631214,49484.793038175856,49595.94042605172,hurricane_cat1
Humacao,East,2026,47403.84469325332,47566.59336073719,47804.75471399849,48126.515677229225,48401.941708198414,48653.71170148611,48784.247602930904,hurricane_cat1
Humacao,East,2027,45840.362207546095,46059.56061912336,46472.64016951813,46908.36090746873,47407.634368558116,47664.07154862595,47994.39995112946,hurricane_cat1
Humacao,East,2028,44313.77134815069,44563.027268870435,45079.47427267281,45640.374500367885,46259.93183020174,46775.108081239356,47133.94644462522,hurricane_cat1
Humacao,East,2029,42889.76000409215,43179.129954144875,43782.345876934785,44473.51392877841,45261.28009813111,45772.828637594816,46376.812519505496,hurricane_cat1
Humacao,East,2030,41367.149898418866,41851.890403246216,42569.739861149756,43371.31059258111,44259.547293367745,44988.57361856692,45614.52867064463,hurricane_cat1
Isabela,West,2025,41385.3180191484,41564.77707237405,41837.943036614575,42136.34168495712,42461.96968348014,42788.390220848254,42943.00892213418,hurricane_cat1
Isabela,West,2026,39781.1229123782,40045.44485903812,40568.98744183655,41174.05702119303,41872.0197385814,42465.811563610485,42822.51718029844,hurricane_cat1
Isabela,West,2027,38193.59279956409,38629.460530049255,39267.76767621316,40109.03198683543,41119.597598317334,42193.69967298101,42685.584774379706,hurricane_cat1
Isabela,West,2028,36500.89520257226,37065.00370512922,37908.93712448353,39199.80604809156,40472.02507562989,41801.70070198203,42279.485796350724,hurricane_cat1
Isabela,West,2029,34839.02338045652,35492.857546116786,36776.26185168492,38119.96835291149,39833.259941220575,41486.73478627948,42420.53660430661,hurricane_cat1
Isabela,West,2030,33551.94952069265,34127.79671126842,35428.95173146745,37263.77994263941,38892.83630629674,41153.057845264964,42537.40979856882,hurricane_cat1
Jayuya,Central Mountains,2025,14075.713003720835,14125.520135022844,14201.061026630934,14307.221547984624,14412.190736255327,14513.45160671296,14580.043698610987,hurricane_cat1
Jayuya,Central Mountains,2026,13555.435272152417,13631.77214570443,13763.69883118067,14009.59285573002,14199.781959621825,14388.003618788698,14485.446258974169,hurricane_cat1
Jayuya,Central Mountains,2027,13008.504170077615,13105.123791932081,13359.915539751753,13643.307009004038,13933.948807185192,14272.104945403611,14468.912444481353,hurricane_cat1
Jayuya,Central Mountains,2028,12356.332220352493,12593.31998924735,12891.534276993623,13302.583191383757,13692.603471257617,14129.952219097278,14493.867685454328,hurricane_cat1
Jayuya,Central Mountains,2029,11867.732453318496,12107.90754562298,12521.974406244708,12988.387336287764,13544.281417211245,13936.951703283938,14537.551528131336,hurricane_cat1
Jayuya,Central Mountains,2030,11365.377443047513,11685.780323592831,12098.33918855933,12684.509988938767,13286.233745795322,13867.326750085671,14336.966159673953,hurricane_cat1
Juana Díaz,South,2025,44818.09012543889,44924.56350536932,45099.106919815655,45349.74405970772,45613.02745384556,45837.37027793163,45920.62087365817,hurricane_cat1
Juana Díaz,South,2026,43209.369495818544,43435.54339319436,43800.111326201586,44312.28134385118,44863.661880330525,45297.26166028739,45507.98554986787,hurricane_cat1
Juana Díaz,South,2027,41408.7648088295,41740.07155234296,42414.911954978845,43180.70686393058,43916.382082383985,44852.64821931467,45078.353247436105,hurricane_cat1
Juana Díaz,South,2028,39730.30065719053,40165.05027325877,41100.90092209031,42073.226103709865,43020.70512382634,44157.786210570775,44687.476106512106,hurricane_cat1
Juana Díaz,South,2029,38024.847294590305,38530.185497955354,39807.507593278235,41005.38575461105,42035.861193124845,43521.34481772418,44165.34110554099,hurricane_cat1
Juana Díaz,South,2030,36566.35376155472,37104.478699721054,38429.28693369024,39939.68131907889,41229.17771994461,42744.0305062391,43683.940673397,hurricane_cat1
Juncos,East,2025,35894.11618688595,35967.6385854086,36072.10112185223,36220.31757270392,36373.81257948839,36485.279948659794,36538.97241162314,hurricane_cat1
Juncos,East,2026,34739.154196055235,34931.20085270954,35178.354763381125,35390.735067446454,35715.703773594134,35921.73607843682,36060.14920311617,hurricane_cat1
Juncos,East,2027,33432.37295558329,33677.32098256691,34047.23960330898,34512.22300747629,34985.05894173597,35345.89239603835,35563.71742896126,hurricane_cat1
Juncos,East,2028,32235.207598693807,32488.716465757105,32886.86994828577,33628.49269559729,34178.67030457331,34734.07812470608,34955.46310849687,hurricane_cat1
Juncos,East,2029,31015.78801894663,31270.16365578292,31853.59836678212,32722.13150726037,33391.31626702005,34131.58754738,34322.7240917719,hurricane_cat1
Juncos,East,2030,29929.144019229116,30296.751334027933,31002.829063494082,31946.078508219853,32695.866557171663,33478.49423489015,33888.32588514515,hurricane_cat1
Lajas,West,2025,22213.189133995616,22335.170652133464,22503.147815118038,22669.39209314367,22817.7024802437,22923.573271533598,23063.27967883433,hurricane_cat1
Lajas,West,2026,21382.453992866398,21536.586219219,21832.867925361687,22204.884919549353,22502.221355616442,22763.94793912581,22988.238175719867,hurricane_cat1
Lajas,West,2027,20601.733259563123,20752.440375685295,21112.827373747452,21718.47563871242,22175.63086120894,22615.511243792607,22896.653718224145,hurricane_cat1
Lajas,West,2028,19620.523793109787,19967.177423369165,20482.661279294127,21143.463293790235,21771.304365547963,22492.871492707152,22801.27992260381,hurricane_cat1
Lajas,West,2029,18818.81266660126,19210.467731789806,19706.428619268314,20562.478738673555,21364.028438730926,22188.146321700002,22818.98882186396,hurricane_cat1
Lajas,West,2030,18071.53191225095,18374.10403780681,19061.52374023261,20050.428141942037,20953.10840531252,21964.482372725015,22592.334548842617,hurricane_cat1
Lares,Central Mountains,2025,26397.219549715737,26560.27859520492,26945.31458170901,27368.133011834507,27853.790066312624,28326.10680910586,28478.215626333204,hurricane_cat1
Lares,Central Mountains,2026,24405.731797205182,24821.675590110193,25722.10542952025,26848.74035175606,27661.457071883688,28588.04717790175,29200.66584708927,hurricane_cat1
Lares,Central Mountains,2027,22631.73765811609,23212.020900445976,24405.44776025188,26082.941724252985,27442.5344480868,28604.13800167987,29836.116553601445,hurricane_cat1
Lares,Central Mountains,2028,20907.887853240863,21727.13719780055,23202.57350783827,25243.518716747978,26977.854272008102,28650.009854669835,29962.77080443644,hurricane_cat1
Lares,Central Mountains,2029,18970.190857825743,20055.91408934203,22368.536282349523,24711.830858987356,27028.805019894844,28622.328775398815,30173.350060828656,hurricane_cat1
Lares,Central Mountains,2030,17680.325698962828,18757.07438582809,21499.77758239981,24236.127317885577,26861.789586649844,28907.031559615785,30716.224900406567,hurricane_cat1
Las Marías,West,2025,8344.549766734335,8388.589328368402,8474.999457517131,8571.121065575302,8676.995250205942,8776.99609649273,8821.409553732412,hurricane_cat1
Las Marías,West,2026,7851.846829804738,8002.068637732625,8181.746238294903,8389.994147370417,8592.34734201256,8764.230857621376,8840.08215323513,hurricane_cat1
Las Marías,West,2027,7432.646271691326,7542.571764958156,7887.3249742008575,8211.886756067594,8507.117944365136,8737.098812460581,8859.970917840987,hurricane_cat1
Las Marías,West,2028,6945.951550137908,7190.873986433102,7486.260902463066,8061.090300890513,8437.751323373668,8708.042940854328,8947.137850504134,hurricane_cat1
Las Marías,West,2029,6534.705309119664,6769.1663396808435,7153.690525362661,7827.763727895622,8295.374321904052,8744.689598111783,9011.467885445367,hurricane_cat1
Las Marías,West,2030,6232.96444599986,6336.564054894654,6857.194108541817,7547.266225594189,8282.334138406715,8745.14665723465,9068.471976510045,hurricane_cat1
Las Piedras,East,2025,33907.84659824233,33972.582433217045,34158.12424450906,34335.812187949836,34536.57893429402,34703.904858325324,34774.44101011549,hurricane_cat1
Las Piedras,East,2026,32637.517635755743,32824.27425872024,33134.91356076192,33521.1258420545,33975.9455201325,34321.0183728015,34603.12281318232,hurricane_cat1
Las Piedras,East,2027,31410.366135806184,31612.869492160702,32006.827331037577,32605.49833145422,33381.17071276103,33853.97832962288,34238.77982917385,hurricane_cat1
Las Piedras,East,2028,30036.215991984864,30318.821185864443,30900.011722542622,31746.63489408787,32658.503917371967,33318.81343613237,33766.753514014104,hurricane_cat1
Las Piedras,East,2029,28622.496459276805,29113.909024200635,29936.8410213497,30899.218764318262,31901.80196467413,32829.43902950191,33488.93355219865,hurricane_cat1
Las Piedras,East,2030,27466.377806002638,27988.315316295237,28965.19630077956,30065.89486737478,31356.83168122084,32428.272503171655,32965.04128452461,hurricane_cat1
Loíza,East,2025,22194.524284573625,22216.348970292256,22281.974051507466,22362.58681143115,22434.1064335268,22511.874701536744,22537.97658762192,hurricane_cat1
Loíza,East,2026,21477.119405597023,21550.37391400168,21693.791068113343,21841.956786717794,21978.30000418878,22088.414543695315,22182.87433587338,hurricane_cat1
Loíza,East,2027,20775.003168803956,20856.620814412992,21066.27849601256,21292.87412399702,21482.689060999626,21624.609665598156,21753.76020990145,hurricane_cat1
Loíza,East,2028,19989.866462153306,20108.70781877852,20443.582607758082,20746.67675310857,20949.675373698898,21167.30337801261,21316.996868477203,hurricane_cat1
Loíza,East,2029,19280.37853166748,19418.47245130668,19842.20412732232,20198.053129313404,20489.937784122685,20780.80746517693,20898.49456017336,hurricane_cat1
Loíza,East,2030,18588.46412827036,18787.163549223682,19231.1820111353,19666.53750899497,20035.056663242347,20374.540005400904,20591.24020593273,hurricane_cat1
Luquillo,East,2025,17088.284304527675,17126.01939940804,17184.804396828666,17230.239801101634,17280.340710647077,17328.050357329295,17353.96216677893,hurricane_cat1
Luquillo,East,2026,16528.5648296559,16630.617884032912,16734.730528612352,16845.535200514154,16950.223272350147,17035.14077660714,17089.20642228954,hurricane_cat1
Luquillo,East,2027,16019.285899952965,16096.989028804664,16257.93855112655,16427.93528328774,16574.273697999357,16724.909379225606,16831.588577811468,hurricane_cat1
Luquillo,East,2028,15463.52285895673,15578.307601464823,15754.995399114567,15985.545535646477,16192.41273621879,16395.843743373796,16520.587065138567,hurricane_cat1
Luquillo,East,2029,14941.791735387329,15028.422658430818,15266.399135350242,15586.765080957994,15820.187263784152,16071.764386588824,16243.205372866922,hurricane_cat1
Luquillo,East,2030,14445.534054695703,14603.765641212642,14821.363486953795,15140.724024610869,15509.045643176069,15777.433147286594,16036.61750757507,hurricane_cat1
Manatí,North,2025,37695.015619148704,37834.97847860505,37978.882954787055,38257.34701481955,38455.36539770688,38731.11237391872,38861.50518843764,hurricane_cat1
Manatí,North,2026,36379.76834928355,36576.119651253226,36849.89645649959,37324.364869156125,37853.796873779116,38234.90441896565,38568.44770029282,hurricane_cat1
Manatí,North,2027,34830.54216485524,35129.846710027094,35709.088906881974,36458.61319007285,37273.76548211453,37956.2651980813,38311.71590947959,hurricane_cat1
Manatí,North,2028,33374.562308277236,33803.50256243372,34487.5011924904,35452.4142006857,36594.2451900747,37488.60568700798,38135.14514913363,hurricane_cat1
Manatí,North,2029,31883.53022999712,32438.855227228072,33366.30128955066,34638.188674188874,35913.5120102163,37163.94086768585,38140.01752557508,hurricane_cat1
Manatí,North,2030,30514.594540099493,31017.107903656946,32437.79902429767,33875.92115126576,35281.38143549547,36995.74871577642,37837.99744725057,hurricane_cat1
Maricao,West,2025,4770.713596681651,4789.043469211772,4838.407500135392,4881.907367989805,4934.014076236492,4996.844128813088,5025.53566105575,hurricane_cat1
Maricao,West,2026,4527.034679576977,4564.353256151867,4660.201586589653,4775.657276644908,4895.241959206805,4978.659744847276,5016.329313684076,hurricane_cat1
Maricao,West,2027,4206.71517061662,4316.152961078338,4481.585588090098,4663.242809889222,4829.415254407721,4942.536866736629,5023.979166975003,hurricane_cat1
Maricao,West,2028,3966.617578092117,4096.944995825867,4312.342027739777,4546.625428776873,4758.157989830768,4954.204190961146,5034.741505077046,hurricane_cat1
Maricao,West,2029,3667.9867477427365,3884.443525855771,4139.773481664657,4416.21288080144,4714.689900420584,4948.408724994189,5076.998783621487,hurricane_cat1
Maricao,West,2030,3484.049504041221,3700.604370601126,4010.2376480623348,4273.269974780418,4648.027039857225,4989.365604907925,5102.526744490642,hurricane_cat1
Maunabo,East,2025,10116.038995624707,10143.453073668998,10183.505401320353,10224.515308746373,10266.580859366406,10303.347172866577,10329.395426925652,hurricane_cat1
Maunabo,East,2026,9758.01508428319,9828.697456219688,9921.203133531106,9998.503079948408,10081.262695139703,10161.103504145216,10196.244504798728,hurricane_cat1
Maunabo,East,2027,9428.016505054144,9494.23017078741,9634.225314890893,9769.40770475049,9873.847064656955,9969.338923903611,10070.87905073454,hurricane_cat1
Maunabo,East,2028,9081.298244136853,9160.483806304352,9347.88829869583,9501.517647595292,9671.343671006329,9807.148258366,9895.745194249854,hurricane_cat1
Maunabo,East,2029,8772.596570804251,8853.81561102927,9079.326366241226,9243.634271308301,9473.324484050427,9652.254655279925,9778.401324137212,hurricane_cat1
Maunabo,East,2030,8436.543036556084,8581.74388476768,8784.558454883208,8993.046884728456,9267.12591443116,9505.985135977839,9671.34284663993,hurricane_cat1
Mayagüez,West,2025,68820.54352543887,69013.31320475365,69235.83473207013,69562.61640111584,69874.11794532505,70093.52970406394,70273.53026721926,hurricane_cat1
Mayagüez,West,2026,66741.36406147247,66844.67335103573,67363.60661449673,67979.62550599674,68697.8924891843,69272.9029399309,69678.66916143982,hurricane_cat1
Mayagüez,West,2027,64116.448359280286,64437.764637528395,65260.110523868374,66311.93700050708,67455.86826873128,68174.86207383017,68647.59210950739,hurricane_cat1
Mayagüez,West,2028,61361.285905948,62189.51759217481,63128.3639506227,64640.999964171584,66227.97345838344,67182.3246162907,68072.2947382662,hurricane_cat1
Mayagüez,West,2029,58963.82995634284,59814.32322118643,60966.46094834941,63036.8882304673,64759.4655045443,66077.59568482601,67664.5364993432,hurricane_cat1
Mayagüez,West,2030,56648.55768788802,57749.0020447665,58973.0699595998,61639.46663312278,63375.806657478264,65423.12003320064,66476.16399108323,hurricane_cat1
Moca,West,2025,36038.2270186571,36159.240066153194,36410.26923152735,36764.89184481699,37083.513617747616,37372.17028547818,37495.44715284428,hurricane_cat1
Moca,West,2026,34408.27343724649,34690.006343398985,35190.54612228586,35911.57432183292,36659.81112475359,37219.36543152351,37473.370445634886,hurricane_cat1
Moca,West,2027,32661.651800454456,32948.44550368949,33942.82431738311,34926.388462272116,36161.36701718133,36921.710960459706,37339.34440872231,hurricane_cat1
Moca,West,2028,31051.028165011838,31394.98500531519,32667.311836073633,33920.58893225789,35356.36193694849,36874.35332817518,37158.35955226997,hurricane_cat1
Moca,West,2029,29441.066064452847,29982.82513739197,31423.921103024426,33079.59488728835,34715.15180170015,36290.77863055139,37192.65918853168,hurricane_cat1
Moca,West,2030,27811.46723209253,28745.39854070026,30256.03761160521,32213.57970054042,34258.56941961323,35864.99700109881,37678.668749535835,hurricane_cat1
Morovis,Central Mountains,2025,27507.84162619742,27622.621094498045,27744.870880616374,27892.164740051783,28052.35175847417,28197.450506744437,28283.127637611004,hurricane_cat1
Morovis,Central Mountains,2026,26473.42870023074,26781.030340520167,26977.347407177083,27314.609282895126,27554.62042703668,27894.535836411902,28007.46412757093,hurricane_cat1
Morovis,Central Mountains,2027,25426.151646243117,25738.156673310652,26205.87374477142,26581.740858811216,27079.614499663716,27542.958758701672,27844.445146378286,hurricane_cat1
Morovis,Central Mountains,2028,24392.555903115503,24649.702702939157,25304.6506683868,25956.699527244797,26570.634926760733,27171.590649856364,27600.967920290248,hurricane_cat1
Morovis,Central Mountains,2029,23399.26242886037,23660.265709358166,24492.289607491955,25371.5517198086,26133.59248706322,26894.586155075358,27294.26997354992,hurricane_cat1
Morovis,Central Mountains,2030,22384.00279556704,22807.17949220173,23722.264998299514,24753.165978517558,25591.861637981783,26564.128898036404,27350.86430225882,hurricane_cat1
Naguabo,East,2025,22132.577588899458,22268.760513193585,22440.070977745454,22635.318809192067,22875.110824700903,23138.549806124014,23240.21486279241,hurricane_cat1
Naguabo,East,2026,21075.032159329316,21279.72141738199,21718.253243054703,22142.361409264515,22636.306552952174,23006.064935432518,23143.367636760817,hurricane_cat1
Naguabo,East,2027,19878.617279103008,20093.93555319256,21004.303391065892,21730.271400820893,22343.328478960404,22837.960997598206,23271.641435834656,hurricane_cat1
Naguabo,East,2028,18740.425840074287,19289.928171222655,20223.7497594973,21294.835254558435,22098.698356814657,22878.89093524006,23445.6239801136,hurricane_cat1
Naguabo,East,2029,17713.741679747065,18428.285480451425,19547.859472221335,20695.61068935954,21826.956600021866,22806.72854265712,23646.850297594698,hurricane_cat1
Naguabo,East,2030,16893.75181625541,17574.10226039335,18987.031159872833,20187.606228834506,21557.365280932605,22737.421039339475,23332.922338589487,hurricane_cat1
Naranjito,Central Mountains,2025,28273.67344102816,28341.43683933806,28527.301492153343,28770.287956619657,28922.18830971256,29126.2344706147,29228.60758031884,hurricane_cat1
Naranjito,Central Mountains,2026,27102.62261621388,27254.783613825963,27715.28288166822,28108.98560559546,28368.193115830647,28798.53874992438,28967.648554655425,hurricane_cat1
Naranjito,Central Mountains,2027,25759.068519780685,26087.310545033142,26717.506129726415,27354.09728437609,27837.549877126447,28487.382145174684,28746.353778083365,hurricane_cat1
Naranjito,Central Mountains,2028,24554.259668736733,25053.731528497927,25734.552621501767,26602.161086143933,27366.751648580244,28140.358307071176,28518.87388610589,hurricane_cat1
Naranjito,Central Mountains,2029,23262.723351411143,23923.31952439313,24874.18334682619,25906.353640031106,26872.6070257091,27640.611741441182,27980.792632260618,hurricane_cat1
Naranjito,Central Mountains,2030,22170.737435972253,22799.256573279585,24022.190107338116,25203.148885875817,26248.9773632289,27282.724673842167,28021.265251724373,hurricane_cat1
Orocovis,Central Mountains,2025,20547.11980968951,20643.67443242167,20778.622934179053,20922.070209120713,21063.89710330596,21188.67142294279,21243.31288791093,hurricane_cat1
Orocovis,Central Mountains,2026,19736.264670450237,19877.481176170055,20155.528924874256,20423.7532048991,20691.684863538478,20989.578475710823,21122.337812121477,hurricane_cat1
Orocovis,Central Mountains,2027,18893.108148337946,19087.772125354204,19468.908107958538,19895.11391575084,20376.288400896636,20659.555405008257,20954.827699634847,hurricane_cat1
Orocovis,Central Mountains,2028,17935.274374541288,18334.92716425313,18804.336886326382,19387.267492944673,19931.97918014599,20352.101332503116,20523.490060917746,hurricane_cat1
Orocovis,Central Mountains,2029,17029.898634119363,17645.634336907933,18110.272675332344,18881.10810950556,19511.849106721933,20077.499498483652,20363.723272291845,hurricane_cat1
Orocovis,Central Mountains,2030,16326.222032798181,16913.217590129,17484.855158897793,18365.256496177928,19060.30109991687,19858.85894939668,20136.525388303704,hurricane_cat1
Patillas,South,2025,15184.359627189024,15209.267206367382,15246.791403330826,15286.59625231936,15322.164129339295,15364.926388260517,15389.414649376036,hurricane_cat1
Patillas,South,2026,14748.984532961136,14787.837540445018,14865.236324073516,14949.47568710123,15012.950041865151,15094.261193092278,15143.388799197477,hurricane_cat1
Patillas,South,2027,14275.499175827677,14326.232631340647,14459.4286461088,14575.83143658459,14689.038797490608,14796.732031606838,14863.697434712189,hurricane_cat1
Patillas,South,2028,13769.578674635408,13886.618255264215,14036.142149072253,14185.99256016782,14389.240216418766,14511.027481582169,14632.844804233224,hurricane_cat1
Patillas,South,2029,13293.461640374782,13436.426115593036,13594.78488703407,13783.762261319034,14078.160391231611,14225.221699143702,14384.018297376237,hurricane_cat1
Patillas,South,2030,12889.039372950658,13031.362802931579,13195.66960675259,13452.208171779585,13736.206492593588,13918.960501553764,14124.650634955902,hurricane_cat1
Peñuelas,South,2025,19130.39830364636,19217.283401280652,19329.61859103704,19492.490683364238,19634.4591518859,19814.22091215054,19892.247886940615,hurricane_cat1
Peñuelas,South,2026,18334.511992697076,18445.273813815435,18681.126835693954,19083.920554765107,19377.701987383352,19673.881556030778,19875.945259865384,hurricane_cat1
Peñuelas,South,2027,17408.881554626296,17623.57157074231,17989.854766952652,18539.8221572588,19041.172570504328,19528.444327839014,19735.061860444654,hurricane_cat1
Peñuelas,South,2028,16536.46744113066,16828.424136493286,17363.43612194564,17978.288963452367,18736.22540677954,19360.326459254396,19667.493379412896,hurricane_cat1
Peñuelas,South,2029,15736.109420540924,16088.082408761782,16609.28383475671,17521.209951085846,18361.98898068462,19306.218287954558,19690.77580866977,hurricane_cat1
Peñuelas,South,2030,14963.385524970323,15460.154243587967,16024.938425924864,17049.37277360511,17985.18617132835,19007.69842256558,19689.04347185711,hurricane_cat1
Ponce,South,2025,128426.54135325467,128940.26107829942,129638.94469523014,130451.07936581998,131283.46066636182,131957.70065053328,132370.44298025916,hurricane_cat1
Ponce,South,2026,123777.7631222801,124574.23311531742,125940.29268896455,127459.97157910722,128970.68347969896,130286.97334563242,131302.22911824932,hurricane_cat1
Ponce,South,2027,118622.502702291,119654.40221349818,122021.84516829939,124328.70701780022,126440.41225091863,128376.41439803246,129966.12231872199,hurricane_cat1
Ponce,South,2028,113046.13387910306,114963.55747103847,117841.45835580866,121204.56329573906,123811.13205536647,126780.24066717703,128931.28120685858,hurricane_cat1
Ponce,South,2029,107951.11994119162,110508.68913764089,114169.00722303893,117909.54809702886,121245.69193271358,125138.63501155275,127437.88432782785,hurricane_cat1
Ponce,South,2030,103512.63228903958,106155.2878373648,110305.73395110318,114501.81608835378,119503.16753330683,123252.05214987246,125465.17421689488,hurricane_cat1
Quebradillas,North,2025,22747.529243299494,22795.030473995106,22883.064589963997,22977.00294678862,23078.66213911886,23170.165812319443,23272.356912177333,hurricane_cat1
Quebradillas,North,2026,22010.29149810802,22093.52129498912,22269.438407031943,22444.70628140715,22640.01517459014,22846.57494771601,23005.173162083098,hurricane_cat1
Quebradillas,North,2027,21221.68125559986,21349.088209931226,21618.620755787262,21859.799394039692,22202.801054482454,22459.29127661804,22626.417961709383,hurricane_cat1
Quebradillas,North,2028,20377.37025109898,20579.428336334327,20941.338261700155,21287.09115299619,21720.551336810357,22033.769185674802,22351.201508888927,hurricane_cat1
Quebradillas,North,2029,19584.176109340777,19841.111243874057,20328.654704521883,20745.59618154885,21240.483459492883,21623.695936222746,21956.224611535905,hurricane_cat1
Quebradillas,North,2030,18912.077824954085,19082.420529962495,19705.603837058658,20147.937675539582,20791.26223138063,21160.966875014612,21679.9219432135,hurricane_cat1
Rincón,West,2025,14718.079543646878,14782.37438449093,14933.897511229974,15115.593130248993,15278.110084643431,15406.76920780497,15478.72741673996,hurricane_cat1
Rincón,West,2026,13955.536991918321,14124.15582239052,14425.304235257825,14769.636851987092,15180.508253120182,15429.91068190318,15529.677964031767,hurricane_cat1
Rincón,West,2027,13105.928503804673,13471.358039470606,13886.10606913833,14331.915652559916,14941.055037800976,15425.704554901306,15642.943975495851,hurricane_cat1
Rincón,West,2028,12332.297608732017,12661.79451317704,13345.68402387985,14051.980292925007,14725.632397321104,15421.27808119806,15622.515676534878,hurricane_cat1
Rincón,West,2029,11730.14962280578,12082.822313771376,12752.137285380348,13693.621449081742,14473.144859217806,15286.661021373353,15730.691158984146,hurricane_cat1
Rincón,West,2030,11094.08559519655,11484.195185750601,12369.603106863055,13331.488514054545,14322.290754301535,15208.521061517355,15725.402692971831,hurricane_cat1
Río Grande,East,2025,44846.68196939275,44939.50606198098,45055.045246896916,45269.07104105901,45416.05656995812,45573.523487395425,45684.31466761798,hurricane_cat1
Río Grande,East,2026,43427.06222728026,43637.678874981444,43873.37743001562,44219.3134308379,44572.505047134,44834.33936530549,45025.31037537998,hurricane_cat1
Río Grande,East,2027,41823.36969744915,42154.151773478356,42500.472260605544,43071.53326157443,43625.85184333602,43992.76526018677,44241.85698206757,hurricane_cat1
Río Grande,East,2028,40393.39998737389,40776.16630065648,41193.88878635335,41913.274750001234,42598.03427959101,43160.50234531649,43470.315002481395,hurricane_cat1
Río Grande,East,2029,38896.500180317664,39348.37416212781,39936.36553896686,40731.18005569419,41683.691939812765,42395.51066211491,42647.68470409927,hurricane_cat1
Río Grande,East,2030,37624.934422264865,38008.75445789322,38723.866897048225,39656.24042601889,40787.4362671456,41636.178110788314,41844.84921266347,hurricane_cat1
Sabana Grande,West,2025,21700.822093653715,21767.379455182872,21864.269279364475,22020.858763154614,22144.53124068302,22263.45193844985,22358.639100568547,hurricane_cat1
Sabana Grande,West,2026,20937.693222458598,21073.020685495234,21257.590817100536,21530.38201289072,21803.088550701374,22100.709513393125,22242.0340103989,hurricane_cat1
Sabana Grande,West,2027,20185.97934717057,20348.177688796026,20709.294688499456,20989.46815729462,21417.529033299932,21891.600924380375,22065.653755076717,hurricane_cat1
Sabana Grande,West,2028,19291.705322825892,19614.33110532676,20068.496164403892,20470.298897597946,21064.26959595018,21747.107020075364,21996.773465254148,hurricane_cat1
Sabana Grande,West,2029,18584.5609724756,18839.935699306552,19521.67234890921,19925.673043912953,20715.47760302246,21443.982888604292,21905.34431935224,hurricane_cat1
Sabana Grande,West,2030,17705.559867760327,18207.722328816184,18878.25123572539,19469.220941277643,20267.072221934475,21223.06643987497,21614.200561011927,hurricane_cat1
Salinas,South,2025,24361.673248616677,24411.93964135731,24532.149914807203,24652.41632919725,24785.69819547166,24888.076429652177,24934.826827305573,hurricane_cat1
Salinas,South,2026,23571.217120293277,23640.6682792632,23866.52391523573,24079.923267450657,24390.428960996975,24579.7773176079,24730.24639641642,hurricane_cat1
Salinas,South,2027,22625.024117052457,22817.55040861287,23158.933014016948,23492.982744192872,23918.727587754405,24283.581158239478,24439.185041556102,hurricane_cat1
Salinas,South,2028,21688.27876929563,21913.400032203604,22342.841572694873,22935.895345027842,23449.63294509096,24009.212384754534,24141.056376470755,hurricane_cat1
Salinas,South,2029,20865.677302163644,21133.01516742225,21674.514017403122,22228.12569204222,23009.513522456833,23515.01536346909,23883.724527219765,hurricane_cat1
Salinas,South,2030,20117.323205359215,20329.81071623634,20985.437178476688,21678.28783685706,22541.120029164886,23180.28166294805,23610.725039787107,hurricane_cat1
San Germán,West,2025,30298.95183249662,30394.75417652762,30558.343876679475,30766.863393615356,30940.381421702397,31093.09547952489,31230.20271757892,hurricane_cat1
San Germán,West,2026,29185.14146540733,29331.97180565908,29662.01271139435,30069.651686456615,30470.077691270537,30739.713322486823,30992.965410016255,hurricane_cat1
San Germán,West,2027,27907.242441242488,28107.604329259302,28652.04199956686,29336.738339273827,29968.090959209676,30427.064078693005,30603.660016962487,hurricane_cat1
San Germán,West,2028,26687.74576216645,26889.430080227354,27672.000452924614,28551.78005045043,29342.953105938006,30036.906820155094,30544.16173441078,hurricane_cat1
San Germán,West,2029,25384.537471401018,25782.30853163605,26635.452800829553,27766.414405574025,28869.620822092184,29630.13583993993,30351.251843049253,hurricane_cat1
San Germán,West,2030,24073.570308643564,24678.264759780493,25692.2385748882,26956.916693925683,28362.231844773396,29342.511081064844,30171.77375440374,hurricane_cat1
San Juan,Metro,2025,324369.813883777,324964.0256250682,327485.60872067884,330058.55957999674,332617.0727813642,334544.193602874,335752.244815995,hurricane_cat1
San Juan,Metro,2026,309397.6699772421,311761.3504222976,316867.49687223346,321823.5702313967,327500.12755243096,331403.22045664635,334656.897476064,hurricane_cat1
San Juan,Metro,2027,292993.78627818584,297343.44460967777,305971.47440086986,313322.02833716705,320825.19493994163,328816.82432079123,333215.46377563657,hurricane_cat1
San Juan,Metro,2028,277127.95023274416,286375.5951715622,294849.3481956247,305370.1458758648,315179.3942090132,323511.81078059797,332034.18626158603,hurricane_cat1
San Juan,Metro,2029,266833.59499632264,274595.1907265659,286267.89973057085,297516.8506705942,309185.63729358034,323635.55358742544,331087.864863511,hurricane_cat1
San Juan,Metro,2030,255936.37922765745,260714.57854300234,276630.96694991936,289799.7305393645,303593.3755096167,321693.7454520053,330393.4455341062,hurricane_cat1
San Lorenzo,East,2025,36228.47949228673,36356.71058261903,36586.957613001556,36775.72720263306,36978.912996848434,37154.13406621884,37255.573469333176,hurricane_cat1
San Lorenzo,East,2026,34943.69983734037,35087.8279725815,35533.896017728955,35988.90131514758,36353.24236669248,36768.75809519209,37022.42772889447,hurricane_cat1
San Lorenzo,East,2027,33605.747419240186,33823.419123507,34332.933462443114,35047.29323746242,35707.571290526066,36176.568666679785,36708.754648929396,hurricane_cat1
San Lorenzo,East,2028,32178.316213743237,32498.52174195626,33275.078436878204,34086.53849207466,34992.135278518894,35682.38973547597,36194.187150404134,hurricane_cat1
San Lorenzo,East,2029,30962.39887698609,31365.04098222545,32181.089512473067,33255.43199965443,34311.785576706694,35275.65669227157,35791.667410951406,hurricane_cat1
San Lorenzo,East,2030,29630.267499000678,30165.16935514938,31147.507879963945,32543.638706369922,33553.71528886495,34711.56946301268,35283.32640860614,hurricane_cat1
San Sebastián,West,2025,37505.58306757127,37745.078348955634,38096.07859338734,38441.84559515812,38784.11353263252,39094.11124042022,39372.759688104044,hurricane_cat1
San Sebastián,West,2026,35764.22436891513,36314.81242349027,36870.44905541771,37643.464049438095,38306.43081595662,38872.38816684977,39377.64203786971,hurricane_cat1
San Sebastián,West,2027,33952.62270396733,34658.051966826504,35638.59972563366,36703.65734436288,37815.05461355236,38911.52628375034,39430.84806701574,hurricane_cat1
San Sebastián,West,2028,32016.55011438921,33015.71287134336,34234.50404871491,35810.73505113715,37190.214838013206,38738.93825745995,39675.861527400484,hurricane_cat1
San Sebastián,West,2029,30036.561549027218,31094.21890971493,32826.15547585307,34914.77114834989,36722.34992959497,38939.96706913081,40064.96766809077,hurricane_cat1
San Sebastián,West,2030,28396.80583526653,29399.442450019655,31540.879080263476,34275.89793098236,36349.07940812118,39042.31946975581,40240.709783211285,hurricane_cat1
Santa Isabel,South,2025,19326.853718671027,19380.316055070358,19455.401422791663,19553.870221246063,19648.606379318364,19738.65394225972,19804.913327564012,hurricane_cat1
Santa Isabel,South,2026,18616.421395300837,18698.07049796981,18920.05609389719,19145.023020310968,19324.55703353062,19495.605496791835,19569.10360623707,hurricane_cat1
Santa Isabel,South,2027,17896.365900666853,18033.926500118167,18334.28689791475,18708.269256540814,18967.414185258338,19244.67289876509,19355.37366633383,hurricane_cat1
Santa Isabel,South,2028,17134.371944151495,17369.80848309817,17745.437506467722,18270.027733152598,18607.288190511903,18980.84709993822,19188.257826313187,hurricane_cat1
Santa Isabel,South,2029,16442.764661102712,16694.07820958137,17193.31691799304,17772.147506353358,18301.404673164696,18686.51276336046,18908.514158833175,hurricane_cat1
Santa Isabel,South,2030,15748.39170162341,16084.399040020075,16675.80619848035,17323.531007970538,17970.422184788782,18458.715435416358,18797.370778083085,hurricane_cat1
Toa Alta,Metro,2025,64003.19875453851,64235.74564950205,64589.16794463262,65137.92413793146,65601.51993910584,66020.87409945884,66301.27845724505,hurricane_cat1
Toa Alta,Metro,2026,61004.0964773818,61723.870590223254,62432.3523743501,63608.66204970319,64455.05227060799,65465.447367478264,66287.17329069061,hurricane_cat1
Toa Alta,Metro,2027,58295.79087661103,58883.776058507196,60334.793807747046,61986.134633158574,63424.64906647094,64907.96083616773,65805.62871550629,hurricane_cat1
Toa Alta,Metro,2028,55522.80837591194,56020.25852139583,58307.40694947462,60632.12229354644,62566.825103343064,64331.74277440062,65727.08543636146,hurricane_cat1
Toa Alta,Metro,2029,52627.02957101782,54202.61818252113,56469.04233174017,58965.12711159492,61686.005855362135,63590.437661932665,65338.48968029428,hurricane_cat1
Toa Alta,Metro,2030,50040.101093676385,51733.69136377437,54371.24288084577,57659.209029390615,60381.6779005915,62905.95892838573,64420.661460682364,hurricane_cat1
Toa Baja,Metro,2025,71081.02564937217,71182.51615812436,71426.91202149706,71747.31033468575,72001.00008690996,72228.21138080646,72386.18215938039,hurricane_cat1
Toa Baja,Metro,2026,68835.53711326641,69083.9627376808,69503.4818994228,70066.07543087464,70614.12259511858,71163.92688971231,71462.51885732816,hurricane_cat1
Toa Baja,Metro,2027,66359.82053483522,66807.68142880808,67371.96432765236,68161.0199770282,69218.82520611782,69875.90563160155,70327.66956595617,hurricane_cat1
Toa Baja,Metro,2028,64114.99194792261,64378.52004176819,65461.39502694696,66401.04460934296,67452.40637714832,68713.46628546569,69484.38785776346,hurricane_cat1
Toa Baja,Metro,2029,61766.60484320518,62167.928857205916,63478.777941415654,64786.61050928921,66044.32360508517,67297.11132732096,68312.68771191874,hurricane_cat1
Toa Baja,Metro,2030,59731.00306251175,60162.39871541189,61572.31782420318,63112.111627538616,64526.600780736364,66012.62059618413,67230.93561204978,hurricane_cat1
Trujillo Alto,Metro,2025,64756.22260084788,64989.48866814003,65476.96953851188,65868.70638677706,66366.55748218222,66943.2603629167,67293.04311557524,hurricane_cat1
Trujillo Alto,Metro,2026,62229.78784692028,62711.85159896391,63434.40457171753,64355.87757684653,65269.255548092246,66209.66148740675,66710.27168651448,hurricane_cat1
Trujillo Alto,Metro,2027,59366.449212312305,60150.883872704326,61357.431164448906,62531.750376217526,63966.73353490025,65790.05122800654,66395.25874203398,hurricane_cat1
Trujillo Alto,Metro,2028,56723.10203569009,57461.85522582859,59199.57047344126,60878.72767236862,63028.471086632664,65129.85860724861,66045.80263101903,hurricane_cat1
Trujillo Alto,Metro,2029,53972.087104349215,55037.72944819783,57409.534867507406,59483.5085975738,61794.84123260201,64380.15823887274,66136.92707923707,hurricane_cat1
Trujillo Alto,Metro,2030,51903.91066244543,53112.41064104567,55501.49659009402,57943.063833885855,60626.138852038275,63669.838624096024,65225.060496696904,hurricane_cat1
Utuado,Central Mountains,2025,26779.754467955547,26870.33312870477,26996.71475931481,27134.415102603627,27257.800825138696,27353.740819348764,27410.819218422344,hurricane_cat1
Utuado,Central Mountains,2026,25827.113741007855,26065.433335215046,26250.995069836063,26490.225995286586,26767.38748918564,27011.766614603723,27131.45151194536,hurricane_cat1
Utuado,Central Mountains,2027,24875.53063228305,25146.60496102204,25426.368401570606,25825.28801958044,26265.418262993335,26614.389096338735,26745.490565318105,hurricane_cat1
Utuado,Central Mountains,2028,23893.33825522151,24174.239114575455,24599.42021206927,25156.216961435,25713.76824145708,26241.284416742325,26538.913752710756,hurricane_cat1
Utuado,Central Mountains,2029,22956.437065403818,23243.023201903612,23816.583222324985,24497.222999019643,25168.816580304352,25835.377876181145,26065.17018066505,hurricane_cat1
Utuado,Central Mountains,2030,22028.151014132756,22339.066562401073,23021.47645128531,23879.25493882475,24817.678038369722,25443.50922300148,25879.66333576382,hurricane_cat1
Vega Alta,North,2025,34035.64209879339,34089.40247387042,34204.30339463804,34323.71459118315,34466.68545221109,34606.2699973091,34676.12111567927,hurricane_cat1
Vega Alta,North,2026,33060.350306813816,33125.845692617644,33358.408362631286,33590.72122970767,33876.19109454271,34089.461852138644,34185.257275011725,hurricane_cat1
Vega Alta,North,2027,31970.817110409298,32116.201993846895,32392.024314514798,32849.64364931929,33205.40277445794,33459.79366696751,33694.25959260737,hurricane_cat1
Vega Alta,North,2028,30909.426693064037,31038.93229513664,31524.266105924948,32028.317681261946,32473.41784812618,32876.86707614264,33112.29886175891,hurricane_cat1
Vega Alta,North,2029,29799.86779106579,30142.08257778104,30599.256673013522,31268.053268778553,31747.691599875085,32382.44902542589,32670.516918009827,hurricane_cat1
Vega Alta,North,2030,28787.677512310867,29098.305864738304,29691.867177745353,30531.088970062272,31175.40525870944,31762.046129451697,32345.791222585216,hurricane_cat1
Vega Baja,North,2025,51622.12035619504,51927.44595466592,52373.734280664605,52880.995661884546,53287.69587847821,53795.07505824968,54116.06804635085,hurricane_cat1
Vega Baja,North,2026,49048.07249919517,49785.17329872532,50842.28487715722,51547.87834253794,52648.65126464108,53583.1082583504,54166.123488932055,hurricane_cat1
Vega Baja,North,2027,46435.77334171765,47416.861176355626,49118.61355991865,50242.851533567904,51737.33236951022,53137.89784990629,54025.233298213294,hurricane_cat1
Vega Baja,North,2028,43920.63914729503,45429.973336614166,46781.055239200796,48946.70961646749,50590.0588509839,52608.59535435577,53897.81428753602,hurricane_cat1
Vega Baja,North,2029,41587.62610508684,43412.527069109405,45094.79653390258,47525.75654876941,49874.215078135545,51889.89072280703,54174.699221435985,hurricane_cat1
Vega Baja,North,2030,39822.87952266485,40915.21294317827,43388.74466719372,46384.16043713888,49192.7228736993,51714.490545263594,53366.30743832083,hurricane_cat1
Vieques,East,2025,7887.4772521218365,7896.092677690102,7919.098716893858,7938.548340713736,7957.554796629303,7987.7629496145555,7999.573832596951,hurricane_cat1
Vieques,East,2026,7644.84315798685,7673.429372965799,7709.901607958487,7758.006454012668,7803.861695481517,7850.684149933237,7876.839134142088,hurricane_cat1
Vieques,East,2027,7389.569776154677,7418.6017062643805,7489.365667004702,7556.927657176508,7633.541475883376,7698.491803202711,7746.258399694105,hurricane_cat1
Vieques,East,2028,7130.641594302273,7176.186250694345,7258.764857682201,7356.402474854264,7445.023423190501,7552.6438267183785,7592.675455211662,hurricane_cat1
Vieques,East,2029,6869.964767250393,6949.738393107682,7040.890377114071,7167.261000660892,7270.818094886708,7403.565340816344,7482.058877556332,hurricane_cat1
Vieques,East,2030,6664.323369166149,6698.636806093165,6840.382734033797,6977.1707123249735,7091.702360327301,7267.221958354591,7383.921753371801,hurricane_cat1
Villalba,South,2025,20924.695017066104,21006.03414878086,21070.88893485639,21176.395722268826,21285.912362396877,21362.67579686909,21409.731361110353,hurricane_cat1
Villalba,South,2026,20213.215061532897,20340.057913843346,20489.702554476688,20684.65588815123,20925.95943301297,21112.346758900385,21193.521593502992,hurricane_cat1
Villalba,South,2027,19442.2238708054,19593.143620741776,19823.447235524007,20196.76169078554,20501.070918461206,20788.832410340154,20922.649941415973,hurricane_cat1
Villalba,South,2028,18704.914761640008,18832.714351304257,19237.49077748987,19644.702053919667,20150.925947672153,20560.456197288233,20675.73421279935,hurricane_cat1
Villalba,South,2029,17975.01040026379,18198.627919942865,18676.30072356952,19154.032502729828,19769.384665241967,20349.98353058064,20459.862772295986,hurricane_cat1
Villalba,South,2030,17287.787223827912,17621.693517362608,18063.16978735847,18677.586409857446,19294.545903669274,20117.680403433274,20325.43996739345,hurricane_cat1
Yabucoa,East,2025,28547.605525195773,28601.30074735159,28721.5706813156,28860.131640404306,29002.448032650213,29124.80782485746,29205.480359626563,hurricane_cat1
Yabucoa,East,2026,27524.447446252605,27715.84020809645,27919.760969418618,28184.5039270305,28489.006659328108,28764.52716307359,28843.76645662246,hurricane_cat1
Yabucoa,East,2027,26492.85837654037,26690.890082934144,27029.298039190893,27481.880702084378,27940.42662218174,28332.2089740452,28556.07486184087,hurricane_cat1
Yabucoa,East,2028,25482.694268164963,25716.35210765324,26134.4268094231,26829.36582468376,27332.523380169336,27966.639219585384,28295.869474968247,hurricane_cat1
Yabucoa,East,2029,24410.358839721903,24707.319611607927,25204.48312869428,26093.555113643375,26810.59518690464,27552.11426862375,27827.113945986628,hurricane_cat1
Yabucoa,East,2030,23418.977599107006,23865.532302543033,24374.622761949126,25309.006776961978,26225.10645224013,27155.710404307978,27782.48226081297,hurricane_cat1
Yauco,South,2025,32132.42560283575,32200.519271581827,32308.35012782416,32450.81825547221,32543.177513317445,32682.733417418727,32808.505499462946,hurricane_cat1
Yauco,South,2026,31066.12152314913,31204.36154994321,31508.793737368087,31741.224319848385,31960.35746886074,32213.70933028016,32396.389383475565,hurricane_cat1
Yauco,South,2027,30012.97842420724,30161.101231140812,30586.073298091284,30927.889700871492,31369.91446830726,31763.494781829384,31837.67479464052,hurricane_cat1
Yauco,South,2028,28753.77393373908,29079.81844036611,29652.23521773972,30046.21373190402,30687.547324843297,31159.065116287013,31554.81104006991,hurricane_cat1
Yauco,South,2029,27754.100969259405,28137.565582285384,28793.345799959952,29290.829928135743,29977.53391627293,30643.09319957624,31147.265322763313,hurricane_cat1
Yauco,South,2030,26661.800578605467,27131.34707969844,27863.901783442074,28553.57246477998,29313.43202994529,30222.486602181925,30750.76790152195,hurricane_cat1
Adjuntas,Central Mountains,2025,17430.459120039384,17478.622738625156,17546.882256740177,17626.434268750367,17708.755830105663,17796.465484734017,17838.472227091705,hurricane_cat2
Adjuntas,Central Mountains,2026,16802.74737611763,16864.235382691764,16986.277955073874,17181.475276134955,17317.135207532523,17478.525997840152,17553.20378379691,hurricane_cat2
Adjuntas,Central Mountains,2027,16086.90352989236,16186.939206190964,16408.258427134682,16635.69311438653,16870.143292537272,17132.10666365192,17229.44487790241,hurricane_cat2
Adjuntas,Central Mountains,2028,15311.618162004886,15486.81943350189,15759.033899539572,16141.118505190843,16494.856317042984,16789.264560759108,16912.58244525096,hurricane_cat2
Adjuntas,Central Mountains,2029,14586.281289219107,14797.599303165316,15117.58251979612,15697.769973283594,16087.824375076056,16494.361393334413,16702.16757269841,hurricane_cat2
Adjuntas,Central Mountains,2030,13960.339941572725,14172.980711046925,14630.132546246477,15240.13864235336,15730.353706349799,16169.41519339378,16386.343802089512,hurricane_cat2
Aguada,West,2025,36642.00518704079,36730.20409274099,36920.58970140346,37065.26236253737,37229.14712039229,37412.99225477091,37488.88859127292,hurricane_cat2
Aguada,West,2026,35234.13578516054,35387.5264591043,35756.48786016056,36116.520057612935,36423.671847137615,36783.525327888514,37100.88895526154,hurricane_cat2
Aguada,West,2027,33797.93371614586,33943.781003830634,34496.30024991882,35043.85796107664,35563.266553756446,36053.46640885371,36363.717157406914,hurricane_cat2
Aguada,West,2028,32227.480388395354,32646.54769639264,33239.26703433999,34017.71025537143,34595.391799175486,35347.36589128164,35717.14701252922,hurricane_cat2
Aguada,West,2029,30847.010319689045,31375.897307046005,32010.065964126632,33063.14387745292,33921.62651100826,34668.32013772702,35272.480424907706,hurricane_cat2
Aguada,West,2030,29415.95618645383,30148.467663091003,30958.22323126474,31895.693397508345,33131.68432253424,34022.738617391704,34682.50402809053,hurricane_cat2
Aguadilla,West,2025,51664.187576380085,52094.08028784936,52654.684283167095,53205.92658345976,53696.40892097099,54121.26019987986,54726.328334689075,hurricane_cat2
Aguadilla,West,2026,49115.002851525795,49784.37648959963,50778.14441215021,51858.93553549853,52820.17733339378,53718.14647888805,54399.9468947046,hurricane_cat2
Aguadilla,West,2027,46459.760018565765,47191.54139307272,48712.63384098026,50192.10372515852,51627.296106619004,53473.678096137905,54066.537185992434,hurricane_cat2
Aguadilla,West,2028,44148.05545526118,44698.55346287273,46272.11843104564,48584.94474563161,50774.25982436263,52869.723399118644,53687.47360337596,hurricane_cat2
Aguadilla,West,2029,41352.13088017462,42619.92804981825,44370.087420796335,47158.68042439446,49524.63360047027,51997.622864982746,53858.35805209772,hurricane_cat2
Aguadilla,West,2030,39210.675557122144,40519.990610293855,42792.39227850241,45670.75471958757,48694.39276869168,51259.244091357825,54051.38827347968,hurricane_cat2
Aguas Buenas,Central Mountains,2025,23014.64895327138,23051.21297428669,23133.78043862887,23201.295076081664,23282.087852008917,23349.166582393857,23377.42995675338,hurricane_cat2
Aguas Buenas,Central Mountains,2026,22200.884354643535,22315.983227708126,22458.27938348249,22615.80874449383,22756.734629033228,22896.118915449966,23004.56163010822,hurricane_cat2
Aguas Buenas,Central Mountains,2027,21411.47138824574,21526.096044430553,21722.95005653542,21937.337805601295,22211.011368982905,22369.69791208096,22548.84310985467,hurricane_cat2
Aguas Buenas,Central Mountains,2028,20520.692329945938,20723.847953222157,20977.224638640328,21239.45733869305,21587.382618303673,21830.006498793562,21955.502112448623,hurricane_cat2
Aguas Buenas,Central Mountains,2029,19652.36273927072,19933.269482757478,20247.832810961452,20618.459522058263,21005.74334547942,21320.93108652913,21600.268632364994,hurricane_cat2
Aguas Buenas,Central Mountains,2030,18945.362450766752,19143.281405167574,19583.987266973905,20043.717221889765,20445.549930610185,20859.21436155454,21144.34923163542,hurricane_cat2
Aibonito,Central Mountains,2025,23565.150357405735,23765.00280570153,23964.373626156575,24220.722730907168,24493.028981363124,24645.288810818703,24894.964029943258,hurricane_cat2
Aibonito,Central Mountains,2026,22261.544483680653,22507.65942633049,23016.86317544803,23605.431294652597,24083.45664781389,24567.008935325022,24805.538165957947,hurricane_cat2
Aibonito,Central Mountains,2027,21017.455438667545,21234.04517806024,22144.274115745247,22926.117044766695,23649.58154372681,24258.86334300538,24624.25603029977,hurricane_cat2
Aibonito,Central Mountains,2028,19652.278464571624,20025.475506620984,21124.321075533517,22219.668083996265,23244.013805933053,24094.548027405468,24602.47664284996,hurricane_cat2
Aibonito,Central Mountains,2029,18346.82498999242,18869.431442690835,20087.14980352252,21538.200767508104,22794.079899597957,23942.336934121213,24854.832793781687,hurricane_cat2
Aibonito,Central Mountains,2030,17121.982550419307,17811.434147689986,19076.429940610047,21064.355318441158,22423.976837121052,23911.809507256057,24970.74085620712,hurricane_cat2
Arecibo,North,2025,83431.34602526145,83710.10932711989,84300.69332371948,84987.77694184791,85637.48016979947,86302.42810180798,86559.54904704043,hurricane_cat2
Arecibo,North,2026,79481.51068509185,80268.79304772221,81375.29301858641,82881.68819730362,84098.19300295753,85143.59204827172,85915.56889835946,hurricane_cat2
Arecibo,North,2027,75584.8537112985,76171.31588703748,78313.4886450187,80529.67910204885,82254.10867456139,83979.43126629794,85291.83843961084,hurricane_cat2
Arecibo,North,2028,71700.77131646017,73275.47334066374,75356.59703276781,78129.07642850713,80529.55140766782,83069.771447251,84930.53055874279,hurricane_cat2
Arecibo,North,2029,68046.10290526178,69739.81150379697,72551.35095328637,76122.21084253566,79034.82528349939,82051.54550574368,84127.83568488366,hurricane_cat2
Arecibo,North,2030,64969.12369314081,66386.01455682243,70250.40699068355,73794.05063168934,77497.87104394118,80882.06633087844,83883.3959690754,hurricane_cat2
Arroyo,South,2025,14789.08221346261,14877.922809577727,14966.305302298188,15069.062062359468,15160.308460456155,15259.23803369746,15348.089764945973,hurricane_cat2
Arroyo,South,2026,14019.123817668573,14200.133794654077,14463.094980790913,14638.385557843638,14828.61166235583,15031.359228092375,15193.608223299445,hurricane_cat2
Arroyo,South,2027,13144.693975264097,13474.600109209508,13866.405532658615,14172.130794793706,14420.418881882699,14809.688729722933,14985.153841378504,hurricane_cat2
Arroyo,South,2028,12361.606377149727,12735.966670513266,13209.676831634617,13658.660317427046,14042.161915039886,14491.515417172222,14759.02461452243,hurricane_cat2
Arroyo,South,2029,11770.099294011832,12107.120387563464,12697.323736610328,13221.869344154988,13768.792724776926,14220.448409656803,14587.179688070295,hurricane_cat2
Arroyo,South,2030,11198.877583400423,11556.89713317898,12148.844615513639,12830.230752281357,13466.22169895254,13944.79210339011,14505.906900617409,hurricane_cat2
Añasco,West,2025,24470.445106451116,24505.317822025485,24573.508282062765,24664.19352043466,24735.68241620994,24810.795229058323,24840.655226798124,hurricane_cat2
Añasco,West,2026,23654.605931915266,23747.648328744843,23860.428401502468,24034.48389890023,24193.340119891556,24327.2788836068,24380.771183442725,hurricane_cat2
Añasco,West,2027,22763.28205387507,22849.74657359528,23056.929710888362,23317.682491514475,23549.7523285563,23769.64499130954,23931.83930170596,hurricane_cat2
Añasco,West,2028,21877.85134245018,21996.41833012209,22265.27250462773,22577.109418604083,22902.99102656475,23266.954446227122,23426.014899485308,hurricane_cat2
Añasco,West,2029,21047.913788168506,21183.768432392342,21537.42514760542,21904.002904067307,22325.28353433565,22748.860796362715,23056.286565979754,hurricane_cat2
Añasco,West,2030,20196.226828494706,20408.822974368486,20816.832171702146,21250.323897227747,21789.773759936197,22287.379850350284,22575.431905379897,hurricane_cat2
Barceloneta,North,2025,21789.083154618715,21881.516489979276,21991.353407088107,22098.915710341404,22217.35851635031,22355.57813778088,22412.859331739157,hurricane_cat2
Barceloneta,North,2026,20944.326570868612,21110.78616581708,21283.136613182356,21530.377620145075,21779.74157814272,21984.96013071155,22194.261375053287,hurricane_cat2
Barceloneta,North,2027,19939.09995987187,20200.117463229435,20503.92892413043,20903.131315848084,21323.578102183725,21623.40031154271,21891.371692885048,hurricane_cat2
Barceloneta,North,2028,19039.990798129922,19332.1394869766,19778.33871642155,20283.421460172576,20733.164386039593,21263.134110387953,21454.123875593054,hurricane_cat2
Barceloneta,North,2029,18177.423941777568,18538.478737584705,19115.20288234153,19663.986683686908,20310.48668494926,20917.489659121704,21179.91529042083,hurricane_cat2
Barceloneta,North,2030,17457.07005037681,17831.4022114504,18438.491862123567,19042.28129320169,19802.907241319324,20541.68008075915,20980.741823453565,hurricane_cat2
Barranquitas,Central Mountains,2025,28176.511359225755,28237.17501030902,28394.631759329655,28518.90337960369,28663.687794248694,28817.27076618669,28854.731504022988,hurricane_cat2
Barranquitas,Central Mountains,2026,26941.92046349218,27168.97583029234,27446.38557166907,27828.634949833686,28066.624515548236,28365.277046734114,28465.732241271417,hurricane_cat2
Barranquitas,Central Mountains,2027,25637.408219902125,25893.53077819886,26527.11500375204,27046.02657438365,27379.387850235384,27846.19059472209,28033.790787093538,hurricane_cat2
Barranquitas,Central Mountains,2028,24424.618220098946,24689.307702117254,25541.50226313491,26231.382173492104,26749.53453790497,27205.23946405399,27508.875262425354,hurricane_cat2
Barranquitas,Central Mountains,2029,23184.17139610966,23760.97455957642,24586.6313085007,25450.43431812036,26183.226805054222,26717.435814172703,27156.074316912487,hurricane_cat2
Barranquitas,Central Mountains,2030,22279.022377470552,22744.942913270825,23726.805491968567,24732.1367384095,25572.21135341182,26420.351556430596,26792.490494269674,hurricane_cat2
Bayamón,Metro,2025,175164.083381076,175900.88499138053,177699.8229664888,179279.49523872585,180884.16031315978,182274.79857660548,182780.4263553279,hurricane_cat2
Bayamón,Metro,2026,165237.49288161786,168206.93198207056,170787.3557388198,174261.07079780858,177478.08714119025,181282.41043859455,182870.67790755257,hurricane_cat2
Bayamón,Metro,2027,156858.61987653503,159406.49675419132,163654.22855143656,169063.8767986496,173892.5146388414,179586.6460201054,181702.4528301549,hurricane_cat2
Bayamón,Metro,2028,147563.55010525085,151482.8258953909,155966.5347527769,162639.29772533063,170912.5141083609,177688.92246091136,181947.47529012346,hurricane_cat2
Bayamón,Metro,2029,139529.4941271049,143306.80911454567,149971.74318282952,157442.00258145836,167995.8299607311,176290.82330794376,180935.43130585353,hurricane_cat2
Bayamón,Metro,2030,132581.4328474127,135271.6733168484,143788.51955965452,153686.20586362772,163761.49970264093,173248.20047122688,180068.32347428455,hurricane_cat2
Cabo Rojo,West,2025,45705.1888577428,45801.6090988891,45914.20247732907,46034.86389361226,46178.58912430116,46322.22771007562,46420.07497941957,hurricane_cat2
Cabo Rojo,West,2026,44197.50207250543,44340.548302113464,44579.23558740159,44857.080126839945,45129.24046120391,45502.32116610673,45596.47067106727,hurricane_cat2
Cabo Rojo,West,2027,42582.28358570745,42691.31091903209,43090.06992097045,43559.61366410146,43922.325049644576,44353.38518855434,44667.547357785574,hurricane_cat2
Cabo Rojo,West,2028,40926.3480478661,41163.65497917618,41637.323859312935,42133.434423594714,42658.30576303431,43291.53598304171,43725.25124385941,hurricane_cat2
Cabo Rojo,West,2029,39450.405931908135,39704.19388723212,40332.52814339714,40900.52827120235,41580.42272461944,42290.72682921344,42670.5703857152,hurricane_cat2
Cabo Rojo,West,2030,38087.19553961743,38378.72715125676,38989.15015459136,39693.382139312846,40514.52530188431,41237.53251334899,41754.86494368299,hurricane_cat2
Caguas,East,2025,122030.93440920163,122281.72178099104,122847.67864882699,123343.52740339714,123821.7238803867,124264.19520016764,124549.3149350224,hurricane_cat2
Caguas,East,2026,117468.56396387669,118157.41957274044,118928.40790770824,119940.86245389679,120942.40583727382,121803.14240337929,122506.78598720186,hurricane_cat2
Caguas,East,2027,112932.58242455001,113309.61284617365,114754.16171939299,116074.24269124822,117652.53682675726,118739.2661796817,119662.51950970579,hurricane_cat2
Caguas,East,2028,108089.79764426514,108743.44989946457,110621.38844689212,112115.76284819568,114235.63468421798,115868.42865556688,117271.87873304765,hurricane_cat2
Caguas,East,2029,103630.01855776516,104720.83537128837,106725.63689258977,108803.15124733376,110713.50374658684,113166.84752229223,115328.78175421248,hurricane_cat2
Caguas,East,2030,99770.6444018453,100896.9785940529,103181.66629263302,105411.79633887927,107763.31480015855,110777.34479387218,113606.94081678009,hurricane_cat2
Camuy,North,2025,31350.663357976126,31592.027184979404,31830.458163606145,32151.959298340727,32465.471432244736,32627.142011744752,32778.655583957654,hurricane_cat2
Camuy,North,2026,29820.447590549797,30215.630594468435,30615.025954494035,31294.033984010395,31895.28541038872,32306.530148475744,32487.876730548753,hurricane_cat2
Camuy,North,2027,28170.684967831137,28957.352696044527,29459.354289898572,30366.121855208778,31187.129002777616,31830.720189584834,32234.63132344447,hurricane_cat2
Camuy,North,2028,26939.68255912355,27372.29046376144,28371.5001951576,29323.073289704967,30518.209787561576,31329.25104959269,31871.241598909437,hurricane_cat2
Camuy,North,2029,25470.04916158246,26178.26923762604,27331.900971295934,28586.418541963845,29908.247529163786,30910.799804771697,31618.286658098692,hurricane_cat2
Camuy,North,2030,24173.02473550443,25075.363263778134,26350.601756905122,27720.762430030078,29268.745285798534,30684.35334353692,31438.171852041934,hurricane_cat2
Canóvanas,East,2025,40463.874155979654,40570.39628129078,40808.17930386512,41037.93935427813,41299.87044895912,41490.15130078743,41618.30706731941,hurricane_cat2
Canóvanas,East,2026,38771.63142382908,38944.9490727528,39349.689620152836,39991.86623750423,40411.951290158744,40711.26342562144,41156.261210213845,hurricane_cat2
Canóvanas,East,2027,36884.15213902172,37301.72513862928,37934.60897528195,38717.723768891825,39302.166904206344,39908.82528600036,40336.99110156068,hurricane_cat2
Canóvanas,East,2028,35199.2184732184,35558.31283216202,36444.24738459856,37431.78725170586,38273.21886418146,39186.66539028203,39663.99809465629,hurricane_cat2
Canóvanas,East,2029,33568.537424864226,33886.238990276484,35082.60799576545,36328.75179630781,37262.59148056252,38480.019097181306,39029.262078699205,hurricane_cat2
Canóvanas,East,2030,31872.16746228798,32269.270272352336,33703.196784609274,35191.40456458791,36528.75153299548,37748.05392636304,38347.50492770636,hurricane_cat2
Carolina,Metro,2025,146973.28067110866,147718.79118461662,148600.5413473617,149569.12137933492,150280.649846312,151304.81611967398,151804.1620144201,hurricane_cat2
Carolina,Metro,2026,140571.72709976113,141404.3540490376,143169.3265956974,145447.21377099463,147529.2463351557,148851.98479123143,150213.569465596,hurricane_cat2
Carolina,Metro,2027,133257.83053566323,134870.05841882701,137837.64437022075,141085.90640019014,143996.44220689152,146581.96271058175,148003.97135779448,hurricane_cat2
Carolina,Metro,2028,126702.75847838617,128993.91664366328,132735.54671724176,137345.1913453777,140522.20725108963,143589.93416166469,145663.06786787495,hurricane_cat2
Carolina,Metro,2029,120962.87065191953,123245.43576827919,127532.0901607036,132563.09369756596,137373.556211413,141415.7514558367,144544.1629412741,hurricane_cat2
Carolina,Metro,2030,115372.63676579078,117681.83953226483,122597.06622493845,128436.9114317035,134244.35084157615,139135.7581526455,141504.86827095473,hurricane_cat2
Cataño,Metro,2025,21926.45682374317,21951.038104173353,22010.10515813661,22060.519979920588,22113.546106188995,22200.53348753984,22233.92904509593,hurricane_cat2
Cataño,Metro,2026,21201.432610860054,21265.308964485623,21374.051640417165,21479.305769101116,21601.632360500807,21761.985263967188,21849.569073201896,hurricane_cat2
Cataño,Metro,2027,20373.43881877808,20491.4928952395,20663.905176247514,20843.982843707974,21030.423381571367,21259.09802468942,21337.746944424744,hurricane_cat2
Cataño,Metro,2028,19541.982799232406,19689.40108783101,19949.72329258798,20217.5557562094,20471.116338782515,20730.720439573444,20896.487157972322,hurricane_cat2
Cataño,Metro,2029,18724.272807113168,18975.676714863832,19293.26170450071,19665.251115756037,19944.001487738802,20283.98168489623,20411.840345831246,hurricane_cat2
Cataño,Metro,2030,17999.494169167432,18263.99544085189,18652.602371175723,19070.484818456323,19430.116512677116,19812.999191393224,19951.793379043746,hurricane_cat2
Cayey,Central Mountains,2025,39948.86828365295,40004.483571603465,40095.76897302785,40211.11517119473,40313.93216324447,40401.65009392707,40455.49192002089,hurricane_cat2
Cayey,Central Mountains,2026,38563.11800581857,38644.886655306844,38935.897789907234,39166.649603293976,39407.50813398598,39650.21930412514,39758.8942279374,hurricane_cat2
Cayey,Central Mountains,2027,37049.34457325974,37223.860627699665,37607.5220716463,37973.22906642116,38367.959030313956,38754.67810928621,38912.30142049354,hurricane_cat2
Cayey,Central Mountains,2028,35594.6874638438,35837.212232071295,36184.728463648484,36812.26161567939,37316.885677889935,37770.18092513034,38071.20903310274,hurricane_cat2
Cayey,Central Mountains,2029,34219.57547670793,34544.56451103082,34967.56655710958,35738.14865729324,36338.8625969701,36970.60923630563,37282.92358339708,hurricane_cat2
Cayey,Central Mountains,2030,32940.08655930931,33294.32914217588,33886.57193739616,34681.64804129707,35408.46588438509,36178.363001928774,36541.5480911048,hurricane_cat2
Ceiba,East,2025,10665.877203104925,10702.15712992603,10743.609374456744,10809.045972030362,10891.274510342384,10933.05049597037,10970.391533374257,hurricane_cat2
Ceiba,East,2026,10282.649130261952,10309.012297253688,10421.645358050133,10528.143918425347,10656.563223899511,10766.35730797581,10820.54346882282,hurricane_cat2
Ceiba,East,2027,9768.404355738523,9876.967217964655,10042.320024285931,10229.162739004394,10404.473076279328,10566.408024569771,10652.686940980026,hurricane_cat2
Ceiba,East,2028,9250.299593992559,9442.187896165944,9670.568481987888,9906.817734990778,10138.229920620412,10339.021165830538,10481.58522222215,hurricane_cat2
Ceiba,East,2029,8811.326220388226,9062.56460422771,9318.866445777472,9595.356800956972,9894.625485800512,10137.376794101063,10328.74297252235,hurricane_cat2
Ceiba,East,2030,8417.591269256796,8693.7520044718,9053.84848423178,9311.071895464313,9643.787627522594,9955.112711801321,10214.120185877659,hurricane_cat2
Ciales,Central Mountains,2025,16179.066173464573,16262.593628630799,16368.69421395844,16503.881122121187,16646.08772475347,16786.415829944814,16842.886692809785,hurricane_cat2
Ciales,Central Mountains,2026,15392.329486093342,15503.774265611102,15761.723963502693,16073.644654892669,16337.458816253558,16650.544424033742,16856.120876327634,hurricane_cat2
Ciales,Central Mountains,2027,14654.12670606056,14839.868662531544,15136.903424901217,15597.010140391609,16068.57750633516,16418.732869055082,16728.326465864502,hurricane_cat2
Ciales,Central Mountains,2028,13804.00323443179,14170.482247034772,14546.062879604342,15093.544810195435,15723.290939952967,16151.018346188794,16566.805806284097,hurricane_cat2
Ciales,Central Mountains,2029,13050.163343213695,13568.514323999994,14021.710672116567,14641.614551170569,15388.341568024338,16011.282989468727,16539.4747467673,hurricane_cat2
Ciales,Central Mountains,2030,12483.884718368046,12926.406814723932,13503.431519494472,14224.998289255087,15115.740509857651,15899.808311298517,16295.330826797592,hurricane_cat2
Cidra,Central Mountains,2025,38564.50628247969,38614.32289578547,38747.66003045315,38950.94426824925,39181.23241893125,39330.83474328954,39431.09539747708,hurricane_cat2
Cidra,Central Mountains,2026,37169.74165813063,37254.75530740243,37583.55846615593,38005.78070933794,38385.81392489992,38769.15269304276,38974.60789547504,hurricane_cat2
Cidra,Central Mountains,2027,35539.411223800686,35784.76164263948,36179.14135609542,36953.25030893169,37508.04443934442,38083.219134849,38357.9806636749,hurricane_cat2
Cidra,Central Mountains,2028,33825.58423950179,34222.25531007292,34890.26376047631,35786.7731047317,36577.40020339188,37333.78182834358,37782.18492045578,hurricane_cat2
Cidra,Central Mountains,2029,32312.305660942504,32874.22323605073,33660.66124367539,34757.323521296596,35842.81102075976,36582.737146887215,37331.01322899008,hurricane_cat2
Cidra,Central Mountains,2030,30819.00133865701,31628.557014832855,32395.508990509188,33656.302641319184,35025.68218783241,36017.057708229506,36831.543026900625,hurricane_cat2
Coamo,South,2025,32644.355981675584,32845.438697842816,33080.480338228575,33382.19084205433,33685.15659174589,33925.776799770996,34078.894775105284,hurricane_cat2
Coamo,South,2026,30938.18963141305,31291.390793833267,31792.827670778708,32376.510209909422,33259.30960999903,33778.19177925518,34038.489795010544,hurricane_cat2
Coamo,South,2027,29224.93810176247,29706.49791415352,30449.804096727134,31445.74887754028,32734.466039200917,33637.44176121315,33885.630749424665,hurricane_cat2
Coamo,South,2028,27472.707758601235,28221.689912879065,29122.496309130263,30436.32180920191,31973.036311125456,33205.14977731431,33571.565413518925,hurricane_cat2
Coamo,South,2029,25873.670057120155,26864.476564842244,27916.697265467017,29513.0419005563,31382.818892367744,32882.55058368726,33736.89711584257,hurricane_cat2
Coamo,South,2030,24651.695469056747,25435.026807314305,26956.702030528788,28784.64984304215,30830.751862767876,32771.26606948606,33669.086599426795,hurricane_cat2
Comerío,Central Mountains,2025,18251.601889889294,18284.260977094997,18333.16239056814,18379.130212418437,18438.392302737677,18475.741740063684,18493.921402176395,hurricane_cat2
Comerío,Central Mountains,2026,17612.595230698327,17678.94457915393,17795.109662312305,17914.359055854024,18022.459722246265,18089.580711600818,18140.906775819392,hurricane_cat2
Comerío,Central Mountains,2027,16925.590227055425,17030.36877388098,17209.202868716973,17378.248937534427,17530.841326727405,17685.621917220105,17751.902270943825,hurricane_cat2
Comerío,Central Mountains,2028,16287.047478984776,16387.997627747143,16624.357512729548,16862.561588711877,17036.061926594335,17247.053473074746,17324.96908185885,hurricane_cat2
Comerío,Central Mountains,2029,15681.859501802955,15796.941380771323,16070.04566544306,16380.0558156683,16588.07564300151,16860.574342249893,16970.96242664436,hurricane_cat2
Comerío,Central Mountains,2030,15122.274127622388,15254.466311668148,15586.244278065911,15931.705665185147,16182.979298568862,16523.555078434223,16699.187992378414,hurricane_cat2
Corozal,Central Mountains,2025,33315.3439516347,33471.75016763737,33648.50902624084,33862.207627965035,34082.45722173894,34299.508779160366,34418.91902967445,hurricane_cat2
Corozal,Central Mountains,2026,31914.544748530454,32196.133420458857,32600.88585473317,33031.68099321427,33491.07705564291,33853.12255857392,34156.351145155684,hurricane_cat2
Corozal,Central Mountains,2027,30430.50860550359,30854.725215498896,31329.000647959005,32099.483807110668,32767.65645822377,33441.383580122325,33956.94845790855,hurricane_cat2
Corozal,Central Mountains,2028,28859.14864373599,29264.75506131754,30199.139295964913,31121.56993446739,32063.042571404047,32973.45456044197,33398.7872374315,hurricane_cat2
Corozal,Central Mountains,2029,27333.62796021633,27900.185635168735,29094.958378263997,30250.37154525682,31401.436540378494,32430.957746975317,32865.123369352455,hurricane_cat2
Corozal,Central Mountains,2030,25986.439156939217,26562.943307580892,28069.110686806955,29482.77817014262,30833.779088780797,31786.978274795267,32748.40002689448,hurricane_cat2
Culebra,East,2025,1290.809733752322,1308.553529600647,1338.021682012994,1368.6847729183037,1396.2557453122088,1418.4413047066373,1433.2607796623067,hurricane_cat2
Culebra,East,2026,1186.4264476696774,1222.5486829766144,1282.0756851749964,1333.947315996731,1390.9193240666652,1435.6472771830627,1477.189197342179,hurricane_cat2
Culebra,East,2027,1078.2830462180104,1120.448880758027,1218.7044908885598,1294.9015285346763,1401.553792596674,1470.34445513369,1524.981358107489,hurricane_cat2
Culebra,East,2028,961.137001992078,1031.8265750862372,1141.5964034010594,1264.7636790010738,1393.8201366051221,1490.6290536057302,1633.8260813529166,hurricane_cat2
Culebra,East,2029,900.2124249090901,970.7721447865734,1076.3503502414244,1238.5527045142553,1404.8039100795881,1554.5948968998289,1680.510784951841,hurricane_cat2
Culebra,East,2030,809.6836426803692,906.1304345339196,1012.2334913392247,1211.6950243321508,1408.3699318187196,1572.4706733946514,1723.1586068840343,hurricane_cat2
Dorado,North,2025,34910.88301145414,34988.13520286642,35089.10357854946,35199.906256643284,35319.76218800504,35435.0076321814,35513.380681760624,hurricane_cat2
Dorado,North,2026,33692.25401170783,33873.99972913429,34118.61367578294,34331.45701303262,34576.50936482863,34777.07186970451,34877.38988050389,hurricane_cat2
Dorado,North,2027,32475.958754653377,32653.261484245304,33041.704305426865,33390.76533327448,33734.201135048475,34057.83561943949,34173.12322375815,hurricane_cat2
Dorado,North,2028,31096.36776740983,31401.3284365322,31894.94526646661,32368.74767203327,32914.213919685135,33268.43248176131,33556.046069152704,hurricane_cat2
Dorado,North,2029,29676.662291506866,30282.010038223194,30812.039989176243,31447.598067475068,32128.435883102076,32648.067509019438,32907.36451114303,hurricane_cat2
Dorado,North,2030,28734.272752669473,29207.82864036797,29877.682020223765,30666.544254782828,31342.831454412502,31951.961776934484,32336.973643154102,hurricane_cat2
Fajardo,East,2025,30299.27972471351,30461.536364231608,30743.94490899572,31033.244595050328,31318.52884788214,31597.919055992388,31787.415014916623,hurricane_cat2
Fajardo,East,2026,28661.192215329807,29142.128858289496,29604.87845341237,30310.88577318749,30805.435278683683,31398.029039933703,31643.298384784302,hurricane_cat2
Fajardo,East,2027,27274.300339870064,27534.418234595945,28287.89596484677,29259.184606449948,30219.72679855006,30955.50611448637,31490.91034480147,hurricane_cat2
Fajardo,East,2028,25441.91140248068,25981.538460949123,26739.68765062155,28294.33014863466,29765.2825671675,30484.350713140742,31189.624854810383,hurricane_cat2
Fajardo,East,2029,23924.688007193734,24423.614224215016,25537.474026183238,27337.77442527467,29018.44749367721,30438.27021129734,31404.74099455258,hurricane_cat2
Fajardo,East,2030,22442.721275053438,23176.1057529804,24302.785840590426,26544.81282758259,28456.058299689455,29989.149262304632,31404.670722042218,hurricane_cat2
Florida,North,2025,11206.618265149264,11233.06896243295,11274.484751167458,11322.692794903982,11374.353264384466,11417.516116432986,11431.862672222507,hurricane_cat2
Florida,North,2026,10799.241069382777,10864.509798653948,10941.400417782024,11041.936141176535,11123.392142990602,11198.303171393341,11248.391562397806,hurricane_cat2
Florida,North,2027,10358.78595263059,10410.559148697315,10554.86813429857,10710.175458191774,10855.25673461329,10963.184754791353,11045.909154786623,hurricane_cat2
Florida,North,2028,9863.899011633675,10005.520305828775,10154.931147297279,10368.898321499237,10570.95323891048,10724.211865430876,10879.87607207293,hurricane_cat2
Florida,North,2029,9413.97810801963,9615.977303519623,9791.058580377285,10049.02020500934,10318.761732269648,10521.029545460928,10693.64654247116,hurricane_cat2
Florida,North,2030,9082.297982722564,9254.42559245783,9467.782870801737,9768.401555957113,10108.642130401679,10303.224183068094,10452.855226112573,hurricane_cat2
Guayama,South,2025,34052.93054391586,34160.52679712755,34433.711056922395,34684.05677829596,34867.92496934187,35096.044654805366,35203.65123050514,hurricane_cat2
Guayama,South,2026,32675.73209952634,32821.35584859907,33223.72859660637,33710.41831751044,34170.46269957432,34612.471281927894,34836.94493998577,hurricane_cat2
Guayama,South,2027,31004.26905713824,31389.173204687155,31996.016451603828,32575.900591171914,33540.88874139419,34003.770441139146,34224.690263042605,hurricane_cat2
Guayama,South,2028,29264.251951642615,29904.16715131118,30709.555693278013,31610.608288981522,32766.052119319425,33418.43523041099,33916.93302153989,hurricane_cat2
Guayama,South,2029,27892.732765541637,28461.126823379658,29637.59259396201,30625.422013458345,31838.257812914453,32863.56361136369,33603.36099271976,hurricane_cat2
Guayama,South,2030,26559.545598159366,27303.519663099032,28466.300147766087,29846.920972252334,30989.39179541283,32595.71797387565,33371.67950508619,hurricane_cat2
Guayanilla,South,2025,16705.850112813845,16740.212603763655,16792.078147291366,16848.4368426052,16889.73329209217,16952.084551698186,16972.527789929612,hurricane_cat2
Guayanilla,South,2026,16107.883548117472,16180.183337158194,16272.720820138918,16389.925136707046,16501.659526309923,16602.550183224797,16661.224743060127,hurricane_cat2
Guayanilla,South,2027,15508.493269175473,15553.155300130518,15699.45839880591,15892.10195361758,16075.380996972483,16207.957037526152,16355.09224492635,hurricane_cat2
Guayanilla,South,2028,14803.005681742676,14939.740632529885,15159.538815436985,15372.191987536891,15622.586171904175,15844.942907799994,15998.031681747707,hurricane_cat2
Guayanilla,South,2029,14167.088156736772,14399.861245145079,14664.238058564966,14908.166545834794,15209.975432853797,15558.190433212463,15704.393825286958,hurricane_cat2
Guayanilla,South,2030,13633.806333046416,13894.174790154304,14174.859907514956,14459.65589876493,14840.863562043403,15196.811271628081,15498.43676295228,hurricane_cat2
Guaynabo,Metro,2025,86122.0507894987,86487.5188865013,87160.35256141613,87803.18443879008,88489.17332465615,89046.27579663077,89466.27933122583,hurricane_cat2
Guaynabo,Metro,2026,82426.00765486977,83103.23285945077,84257.87659297795,85408.48947454672,86891.5937141167,88069.83586881358,88789.37719095242,hurricane_cat2
Guaynabo,Metro,2027,78550.22678329784,79592.52688978474,81147.65375130298,83001.3604813925,85123.87595128702,86880.48834583134,87821.83888584527,hurricane_cat2
Guaynabo,Metro,2028,74404.6043363327,75745.14405193088,78105.56896579274,80535.04225008111,83377.00654711053,85269.19368080201,87330.41244433964,hurricane_cat2
Guaynabo,Metro,2029,70613.4782225707,72368.43893106452,75500.08944425549,78127.21620922675,81890.15364722506,84768.5987331547,86277.25149319816,hurricane_cat2
Guaynabo,Metro,2030,67162.68518548326,69012.5594156133,72697.3698695075,76102.77717890442,79937.0526247423,83226.51604915773,86607.72350108734,hurricane_cat2
Gurabo,East,2025,38148.19221516,38319.95145330648,38867.93385153781,39335.380787341426,39944.92047494095,40358.186998435645,40689.086299802635,hurricane_cat2
Gurabo,East,2026,35984.7067923111,36404.26726130279,37216.92091913294,38169.37801318399,39399.112321237946,40105.11528519293,40566.63924268575,hurricane_cat2
Gurabo,East,2027,33257.338943879586,33800.64576254691,35176.766686581024,36922.32109979185,38610.64155986024,39785.158298453534,40678.46104558901,hurricane_cat2
Gurabo,East,2028,30632.051091500663,31679.142475691933,33512.06359204353,35764.5213123126,37529.231400816265,39862.035704124646,40510.50593845195,hurricane_cat2
Gurabo,East,2029,28633.19911544,29337.88298072879,31792.107146674825,34749.082652594,37123.76726777447,39565.1189494542,40971.685781456676,hurricane_cat2
Gurabo,East,2030,26347.77729999068,27401.006169814,30558.83903691875,33502.418026947096,36270.01249253313,39764.41171601409,40884.225748476376,hurricane_cat2
Guánica,West,2025,12407.138482434168,12449.595394168788,12534.96028766461,12617.650144394916,12722.808175160375,12806.659849207912,12836.935692349158,hurricane_cat2
Guánica,West,2026,11850.06084952553,11933.09078388706,12067.614966145378,12290.102019245323,12455.162280721186,12593.013613454452,12702.22044576443,hurricane_cat2
Guánica,West,2027,11175.306409423956,11359.42039377487,11610.260042400809,11868.298422077101,12183.368803558516,12432.811856397164,12592.151750313225,hurricane_cat2
Guánica,West,2028,10510.858106195916,10748.871278279163,11126.396200409072,11491.910911870378,11888.56548051621,12238.050527283629,12581.436710636592,hurricane_cat2
Guánica,West,2029,9908.758558758225,10214.236641340885,10682.95308968149,11147.498301764714,11645.149952956808,12125.722376647236,12368.026232161446,hurricane_cat2
Guánica,West,2030,9397.707351401748,9759.71379337133,10317.91819680733,10852.39662121938,11437.198352547262,12016.819546774808,12363.561639927344,hurricane_cat2
Hatillo,North,2025,37163.407405259866,37214.74682459124,37356.17574484524,37475.83233309611,37606.137767590364,37717.168613361384,37765.0762957821,hurricane_cat2
Hatillo,North,2026,35847.62859171617,36049.773485027654,36253.19286989271,36545.5402529754,36817.775580343456,37016.63086811545,37116.97682391781,hurricane_cat2
Hatillo,North,2027,34510.61859423579,34689.915149220564,35129.384110102954,35493.3043970603,35874.22579049844,36198.078528161044,36481.51412158064,hurricane_cat2
Hatillo,North,2028,33041.101499712975,33373.35226570498,33960.61643328026,34464.65481038762,34920.5962191608,35363.82045420053,35691.50529616007,hurricane_cat2
Hatillo,North,2029,31716.71464417829,32156.066345292213,32787.33856171754,33515.488102917094,34010.43667977224,34599.59309404767,35086.172873816504,hurricane_cat2
Hatillo,North,2030,30342.513383710346,31058.655722468484,31736.288202082957,32662.939871530274,33206.03351600707,34062.75254871275,34476.084688951516,hurricane_cat2
Hormigueros,West,2025,15079.134909482837,15098.173892553315,15126.959651659996,15170.82767311221,15209.661501389295,15247.11240013484,15269.90910595309,hurricane_cat2
Hormigueros,West,2026,14588.411632812822,14617.47562503699,14687.352033396983,14781.212239788274,14871.269906146892,14955.266626610124,15006.787664660655,hurricane_cat2
Hormigueros,West,2027,14031.324821777947,14092.281266240308,14218.013673035315,14345.99286960732,14489.133319230463,14602.77993847031,14668.665589796163,hurricane_cat2
Hormigueros,West,2028,13493.047806890403,13591.517359092664,13757.724453513862,13899.206096201096,14100.75696524539,14273.50256476019,14346.181919592824,hurricane_cat2
Hormigueros,West,2029,12966.164849861441,13092.424802920857,13300.22445796589,13505.041001222846,13754.383814715664,13936.685801395897,14031.76834466058,hurricane_cat2
Hormigueros,West,2030,12508.37282764811,12654.411953349292,12878.043821878435,13115.652601845992,13380.18668986942,13620.279073853373,13732.209361944857,hurricane_cat2
Humacao,East,2025,48856.68122627468,48926.45740555214,49079.24906160592,49247.88694350172,49380.206421631214,49484.793038175856,49595.94042605172,hurricane_cat2
Humacao,East,2026,47198.69932137136,47361.25620746274,47598.6698047496,47919.33607559446,48194.471302321464,48446.43669110528,48576.53928528605,hurricane_cat2
Humacao,East,2027,45359.08427656571,45579.12033927972,45988.73061960418,46422.09646792051,46916.873579944164,47172.05257385559,47500.80582973728,hurricane_cat2
Humacao,East,2028,43570.19709295581,43818.02476791502,44328.13329761606,44881.2930021034,45493.349849400314,46001.88749629856,46356.967063451404,hurricane_cat2
Humacao,East,2029,41951.14696501593,42236.464998565825,42828.12950080968,43508.07975335627,44282.22692107403,44786.67702839266,45380.251170476564,hurricane_cat2
Humacao,East,2030,40288.18376075218,40764.15433520672,41465.13788565487,42251.09366599923,43119.832089961346,43834.254351547934,44447.651438108536,hurricane_cat2
Isabela,West,2025,41385.3180191484,41564.77707237405,41837.943036614575,42136.34168495712,42461.96968348014,42788.390220848254,42943.00892213418,hurricane_cat2
Isabela,West,2026,39637.13720087263,39899.39962235778,40422.36805475748,41026.539986632604,41722.72244142386,42317.52598826273,42672.589720580036,hurricane_cat2
Isabela,West,2027,37858.93089422002,38290.83798028111,38925.48203966244,39763.077707973425,40767.023149846944,41835.4761516083,42322.525431821814,hurricane_cat2
Isabela,West,2028,35984.41121732413,36544.13148123769,37379.9652318995,38658.42111287751,39914.40193471164,41231.951292404,41706.49351205143,hurricane_cat2
Isabela,West,2029,34195.67135822118,34839.59130342567,36104.460913900286,37431.955533227054,39119.35466552638,40746.613765345595,41670.10033569305,hurricane_cat2
Isabela,West,2030,32815.989608254065,33380.27170525968,34658.70994692176,36460.915697046206,38061.60529688678,40280.45993302303,41641.06441792036,hurricane_cat2
Jayuya,Central Mountains,2025,14075.713003720835,14125.520135022844,14201.061026630934,14307.221547984624,14412.190736255327,14513.45160671296,14580.043698610987,hurricane_cat2
Jayuya,Central Mountains,2026,13503.930054819357,13579.484392904915,13711.492528495015,13957.182790297033,14146.65122431601,14334.974312498656,14432.569456486828,hurricane_cat2
Jayuya,Central Mountains,2027,12888.649932295708,12984.04553405735,13238.056281286397,13519.19117297685,13808.771643794573,14144.438291941888,14340.981595855348,hurricane_cat2
Jayuya,Central Mountains,2028,12173.007125184773,12406.947519794125,12702.658461035257,13109.073083794232,13494.886756175842,13927.901664730156,14288.00018423151,hurricane_cat2
Jayuya,Central Mountains,2029,11637.701724438812,11874.542085762456,12282.62506066888,12741.280840248788,13289.963380423344,13676.304078648152,14268.482975580719,hurricane_cat2
Jayuya,Central Mountains,2030,11103.384505086618,11417.052774638914,11822.226069418228,12397.26812629505,12988.252274248203,13558.69180816979,14020.41505201877,hurricane_cat2
Juana Díaz,South,2025,44818.09012543889,44924.56350536932,45099.106919815655,45349.74405970772,45613.02745384556,45837.37027793163,45920.62087365817,hurricane_cat2
Juana Díaz,South,2026,43037.34174783856,43262.02336662222,43626.68299144832,44138.39594153316,44687.90159458756,45121.09905525003,45330.32721883476,hurricane_cat2
Juana Díaz,South,2027,41006.78855322475,41337.43182619851,42009.328240808085,42768.179777713536,43500.7958484876,44431.28000458291,44654.05377935876,hurricane_cat2
Juana Díaz,South,2028,39115.86124638583,39544.7283736942,40471.11608737362,41430.93061896693,42368.382120149385,43494.14938476847,44016.979058958066,hurricane_cat2
Juana Díaz,South,2029,37256.40121744484,37753.94325988236,39007.91815701526,40188.436762439815,41204.56990784057,42668.87737641974,43301.24801445885,hurricane_cat2
Juana Díaz,South,2030,35684.23095284186,36211.61841797838,37512.68742926318,38993.529549890845,40259.18054842106,41741.91131303536,42666.67881691008,hurricane_cat2
Juncos,East,2025,35894.11618688595,35967.6385854086,36072.10112185223,36220.31757270392,36373.81257948839,36485.279948659794,36538.97241162314,hurricane_cat2
Juncos,East,2026,34588.10519181235,34779.4048745164,35026.37900831408,35238.436332677586,35562.45656629412,35768.13920196117,35906.8865365856,hurricane_cat2
Juncos,East,2027,33079.48791079781,33325.44604514079,33692.18014431362,34154.97726197982,34622.723852136565,34983.64543995874,35197.020187225244,hurricane_cat2
Juncos,East,2028,31695.14544613048,31942.293728810604,32336.49473856977,33070.13139013014,33612.58140470546,34162.27044399419,34381.73199579833,hurricane_cat2
Juncos,East,2029,30334.103178447996,30584.193144063065,31157.52988229337,32012.050270262258,32669.82533609013,33397.182282390844,33585.842955659835,hurricane_cat2
Juncos,East,2030,29146.504958591388,29505.04375941942,30196.70980109441,31119.62221387554,31854.882292779876,32620.97742025159,33023.18001141569,hurricane_cat2
Lajas,West,2025,22213.189133995616,22335.170652133464,22503.147815118038,22669.39209314367,22817.7024802437,22923.573271533598,23063.27967883433,hurricane_cat2
Lajas,West,2026,21303.932496958565,21458.358561673074,21753.85353191702,22125.358014133984,22422.321676253654,22684.24197385901,22907.75502872466,hurricane_cat2
Lajas,West,2027,20420.640262883953,20570.080343655907,20928.211538564137,21530.91994852358,21985.672137933863,22423.734878984123,22701.29287443103,hurricane_cat2
Lajas,West,2028,19343.709703553523,19687.567648058335,20196.587973168786,20850.202523351618,21473.18983249526,22187.224522846896,22492.148694220403,hurricane_cat2
Lajas,West,2029,18471.84571010666,18855.47093730574,19347.678347723035,20190.34672068421,20980.575588766584,21793.934982252318,22414.35810868783,hurricane_cat2
Lajas,West,2030,17674.444762380863,17971.94484038759,18648.27553723217,19618.014613657873,20504.747666447132,21499.697831688703,22117.07560519127,hurricane_cat2
Lares,Central Mountains,2025,26397.219549715737,26560.27859520492,26945.31458170901,27368.133011834507,27853.790066312624,28326.10680910586,28478.215626333204,hurricane_cat2
Lares,Central Mountains,2026,24309.728456717854,24724.035552353667,25622.643881309148,26749.488268934016,27560.09110297468,28483.36963945455,29095.349919719083,hurricane_cat2
Lares,Central Mountains,2027,22413.744198345823,22993.74770476775,24177.97383434677,25844.914633029446,27200.743090230375,28352.874369858295,29579.03489011358,hurricane_cat2
Lares,Central Mountains,2028,20586.587996838847,21394.67655708991,22857.424293489912,24876.22382869641,26593.875668270233,28247.571150338845,29541.387332451493,hurricane_cat2
Lares,Central Mountains,2029,18588.297149520797,19654.624854037156,21930.248045156746,24241.99636742135,26522.497362039678,28096.202622973855,29620.553566508017,hurricane_cat2
Lares,Central Mountains,2030,17257.38349890497,18311.836729395793,21003.38101909429,23689.337677876196,26268.730876580878,28272.04133226784,30047.61284493907,hurricane_cat2
Las Marías,West,2025,8344.549766734335,8388.589328368402,8474.999457517131,8571.121065575302,8676.995250205942,8776.99609649273,8821.409553732412,hurricane_cat2
Las Marías,West,2026,7822.159884836446,7972.856497222373,8152.287398120936,8359.749306381433,8562.336513784136,8733.815391936881,8809.445517561257,hurricane_cat2
Las Marías,West,2027,7366.066870385732,7475.572212808253,7817.682849459327,8141.620205867819,8434.467131021032,8662.963751076853,8785.356633741892,hurricane_cat2
Las Marías,West,2028,6846.139726774201,7088.064127713885,7381.08353271667,7949.830426355289,8321.6162153883,8590.341708674314,8826.297918445529,hurricane_cat2
Las Marías,West,2029,6411.431629254704,6642.780281443184,7021.767704386646,7685.972552644309,8147.495098779069,8590.228677442135,8854.571974614664,hurricane_cat2
Las Marías,West,2030,6092.90508387181,6195.508983022333,6706.8275974639055,7384.661491772642,8107.314562374678,8560.932404350198,8879.389933334485,hurricane_cat2
Las Piedras,East,2025,33907.84659824233,33972.582433217045,34158.12424450906,34335.812187949836,34536.57893429402,34703.904858325324,34774.44101011549,hurricane_cat2
Las Piedras,East,2026,32494.62314161974,32680.536755687666,32991.98421152154,33376.89066080443,33830.67497570207,34175.53462747379,34457.144189947794,hurricane_cat2
Las Piedras,East,2027,31079.94164235904,31281.72392839156,31671.01877917754,32265.78961039097,33036.88504688727,33506.68515032282,33888.24832722953,hurricane_cat2
Las Piedras,East,2028,29527.68510816251,29807.104026215322,30380.372278441275,31218.664474747697,32117.626772402542,32769.88528196518,33215.9142379168,hurricane_cat2
Las Piedras,East,2029,27987.195539622448,28473.572150695614,29283.492816647617,30227.87810953932,31214.276225354955,32127.57247862592,32774.378146179995,hurricane_cat2
Las Piedras,East,2030,26743.178598050803,27253.908032890733,28210.69003359476,29288.19052722331,30552.72427028223,31601.72721308858,32129.24339350238,hurricane_cat2
Loíza,East,2025,22194.524284573625,22216.348970292256,22281.974051507466,22362.58681143115,22434.1064335268,22511.874701536744,22537.97658762192,hurricane_cat2
Loíza,East,2026,21383.749333005944,21457.093030431766,21600.112741347042,21748.104965682927,21884.07027525794,21994.212104052043,22088.35804623071,hurricane_cat2
Loíza,East,2027,20557.071715326983,20637.753154718037,20846.518289236854,21072.117519535845,21260.13892827559,21400.682605251677,21529.849126924262,hurricane_cat2
Loíza,East,2028,19653.79973355525,19771.427728233524,20101.721358050927,20401.60245494481,20601.925381671248,20816.805061390063,20964.79279762078,hurricane_cat2
Loíza,East,2029,18857.49031170789,18993.137867823774,19409.918018933346,19759.303574280973,20046.413742353823,20332.32042054243,20448.411743635632,hurricane_cat2
Loíza,East,2030,18102.93916942626,18297.402860065013,18731.272788324077,19158.605142607972,19518.762582553245,19851.598977251913,20063.382504387188,hurricane_cat2
Luquillo,East,2025,17088.284304527675,17126.01939940804,17184.804396828666,17230.239801101634,17280.340710647077,17328.050357329295,17353.96216677893,hurricane_cat2
Luquillo,East,2026,16456.719430560704,16558.82152782389,16662.645996444953,16773.198100965958,16877.86477048539,16962.55925007987,17016.443547151248,hurricane_cat2
Luquillo,East,2027,15851.146876097007,15927.721823993712,16088.33824039127,16257.13417727184,16402.410062971867,16552.584125546313,16658.13609661433,hurricane_cat2
Luquillo,East,2028,15204.22064000123,15317.893325863395,15492.038383458472,15719.69855376163,15924.014896109744,16125.177544553844,16248.1248264411,hurricane_cat2
Luquillo,East,2029,14614.670770100938,14698.92282671682,14933.303874947549,15248.006787127168,15477.616956225784,15725.131022522846,15893.726599407342,hurricane_cat2
Luquillo,East,2030,14069.114493961946,14223.328435999725,14436.629259615887,14749.156420543346,15109.550193629122,15372.200687893708,15626.899576769063,hurricane_cat2
Manatí,North,2025,37695.015619148704,37834.97847860505,37978.882954787055,38257.34701481955,38455.36539770688,38731.11237391872,38861.50518843764,hurricane_cat2
Manatí,North,2026,36253.046998477024,36450.89930415529,36722.45663663086,37197.13205494502,37726.17088928413,38106.9446432103,38438.085230135184,hurricane_cat2
Manatí,North,2027,34538.27852580725,34836.72939156675,35413.87591706548,36159.26262805378,36969.67038854863,37648.880919409676,38003.0007578412,hurricane_cat2
Manatí,North,2028,32926.91774227182,33352.14193360771,34029.82393207365,34987.13057515053,36116.58823161921,37001.638631207745,37642.92440230721,hurricane_cat2
Manatí,North,2029,31324.235217622878,31870.652245269528,32788.2760197644,34044.49752854869,35302.34420934885,36535.28601228118,37497.78664504047,hurricane_cat2
Manatí,North,2030,29876.15497097402,30371.446711903434,31767.891672710022,33181.905773013,34563.89785030871,36251.0062317393,37077.63154979626,hurricane_cat2
Maricao,West,2025,4770.713596681651,4789.043469211772,4838.407500135392,4881.907367989805,4934.014076236492,4996.844128813088,5025.53566105575,hurricane_cat2
Maricao,West,2026,4510.183048791485,4547.335487729735,4643.271846462307,4758.464676642374,4878.102931273697,4961.467632987412,4999.104554078829,hurricane_cat2
Maricao,West,2027,4168.783405613222,4277.465684191936,4442.258508016172,4622.8453548970665,4788.207509601729,4900.384633710628,4981.77850248634,hurricane_cat2
Maricao,West,2028,3909.63346371148,4038.4124232438103,4251.668892354319,4483.399280524318,4693.256769223609,4887.013602959681,4967.248752949086,hurricane_cat2
Maricao,West,2029,3598.168985464636,3811.3747635050945,4063.7067094466156,4336.321166464095,4630.259789120074,4861.288625923488,4988.043882557069,hurricane_cat2
Maricao,West,2030,3406.1743059550745,3618.114122734474,3922.591446725789,4181.254595409146,4549.168905940733,4884.541563978352,4996.123805927446,hurricane_cat2
Maunabo,East,2025,10116.038995624707,10143.453073668998,10183.505401320353,10224.515308746373,10266.580859366406,10303.347172866577,10329.395426925652,hurricane_cat2
Maunabo,East,2026,9715.616989864728,9786.089879033649,9878.199282481843,9955.584486585572,10038.118112916605,10117.773174585063,10152.760954148032,hurricane_cat2
Maunabo,East,2027,9329.160583140716,9394.932973564386,9534.137215675295,9668.066756105025,9772.286747647118,9867.171293862348,9967.792743959688,hurricane_cat2
Maunabo,East,2028,8928.61489222509,9006.176984354179,9191.69315566951,9343.58125904698,9511.384883556222,9645.023631101438,9733.207457723925,hurricane_cat2
Maunabo,East,2029,8580.32630634495,8660.02121574436,8881.475627475229,9043.308311695762,9268.568886733194,9445.156174868915,9568.740917535923,hurricane_cat2
Maunabo,East,2030,8215.640380986653,8358.435498838398,8556.028521386808,8760.355732148411,9029.049624337662,9263.490994393529,9425.058812467398,hurricane_cat2
Mayagüez,West,2025,68820.54352543887,69013.31320475365,69235.83473207013,69562.61640111584,69874.11794532505,70093.52970406394,70273.53026721926,hurricane_cat2
Mayagüez,West,2026,66501.24545334108,66602.41875366034,67121.61389523355,67736.31912799884,68453.69082303789,69027.87035058034,69432.60950558992,hurricane_cat2
Mayagüez,West,2027,63555.83728221171,63873.47132269159,64691.98477750523,65738.70962543869,66878.20659700515,67591.47607941448,68060.93422796122,hurricane_cat2
Mayagüez,West,2028,60495.21853387382,61314.03135029179,62245.027831575455,63743.89595860595,65315.76208965659,66260.41339174267,67143.88183452623,hurricane_cat2
Mayagüez,West,2029,57878.77845485117,58717.229177239926,59854.66348333021,61896.12910493239,63592.24516446202,64895.51402881094,66460.14471720965,hurricane_cat2
Mayagüez,West,2030,55407.321130725104,56488.27374676253,57691.6198998347,60312.01094866851,62016.77894712216,64029.66940381213,65063.06852056163,hurricane_cat2
Moca,West,2025,36038.2270186571,36159.240066153194,36410.26923152735,36764.89184481699,37083.513617747616,37372.17028547818,37495.44715284428,hurricane_cat2
Moca,West,2026,34282.69995989349,34562.95316377889,35063.65027702434,35782.738947992606,36529.11718605109,37089.9436027714,37343.1840438334,hurricane_cat2
Moca,West,2027,32371.67461467701,32656.226071570127,33645.349797427654,34622.29537456692,35851.22161086578,36608.965402058195,37022.644406493506,hurricane_cat2
Moca,West,2028,30608.505720380494,30950.49047854585,32210.349377320857,33449.50219141618,34867.42808038524,36374.522154965336,36656.63305051865,hurricane_cat2
Moca,West,2029,28894.33612389513,29427.689523724373,30848.633659850617,32478.45701136141,34090.86462424362,35644.73920463276,36535.69962236562,hurricane_cat2
Moca,West,2030,27194.104935874075,28107.98076012898,29595.1004461462,31516.056300663106,33527.35750247377,35104.269775562185,36887.10864258153,hurricane_cat2
Morovis,Central Mountains,2025,27507.84162619742,27622.621094498045,27744.870880616374,27892.164740051783,28052.35175847417,28197.450506744437,28283.127637611004,hurricane_cat2
Morovis,Central Mountains,2026,26372.398100779395,26679.481712569024,26874.782192807812,27212.105577475435,27451.87666347671,27790.881199424693,27903.611410226993,hurricane_cat2
Morovis,Central Mountains,2027,25190.100855698187,25500.350876200817,25966.486655370878,26340.241300994516,26835.054970963512,27295.8904511432,27596.711185156102,hurricane_cat2
Morovis,Central Mountains,2028,24032.09072379469,24284.787711319233,24933.084837195558,25579.392407599047,26185.982314600496,26782.35196839148,27207.07422563245,hurricane_cat2
Morovis,Central Mountains,2029,22945.421139209317,23203.75206239542,24024.613862400027,24889.498054161093,25640.906197796543,26391.685335893846,26787.07872894575,hurricane_cat2
Morovis,Central Mountains,2030,21867.783612109924,22283.32970239709,23181.97550503398,24194.198526625318,25016.319951759797,25971.925848808492,26743.858316374324,hurricane_cat2
Naguabo,East,2025,22132.577588899458,22268.760513193585,22440.070977745454,22635.318809192067,22875.110824700903,23138.549806124014,23240.21486279241,hurricane_cat2
Naguabo,East,2026,20981.360412127473,21186.148354462348,21624.485278089545,22047.50919170022,22540.28063548678,22909.26751132087,23046.72975875023,hurricane_cat2
Naguabo,East,2027,19665.886529961826,19879.68253814378,20783.441249234445,21504.181721836678,22114.86964900368,22605.193074940245,23035.23995979395,hurricane_cat2
Naguabo,East,2028,18419.082489380482,18961.667441746406,19884.216796259818,20941.083166922348,21737.66575685746,22505.30620115258,23067.55599270964,hurricane_cat2
Naguabo,East,2029,17315.737745019665,18018.904332007623,19119.18271866947,20246.91225191977,21358.328666665468,22324.2817811402,23149.624865630856,hurricane_cat2
Naguabo,East,2030,16441.9494630868,17109.883971479838,18490.130183881134,19664.92351289935,21008.04538437918,22162.192232619873,22747.21888790379,hurricane_cat2
Naranjito,Central Mountains,2025,28273.67344102816,28341.43683933806,28527.301492153343,28770.287956619657,28922.18830971256,29126.2344706147,29228.60758031884,hurricane_cat2
Naranjito,Central Mountains,2026,26998.032113679696,27150.011104922476,27611.20869970599,28003.66466213143,28262.248588457143,28692.338708063722,28860.775148238336,hurricane_cat2
Naranjito,Central Mountains,2027,25518.340824480976,25843.93897386177,26471.617829161612,27104.927055961023,27586.018330974435,28231.539637081998,28489.133190568617,hurricane_cat2
Naranjito,Central Mountains,2028,24188.609236961827,24684.053391677586,25355.393632462416,26214.590220249116,26970.035323756932,27736.649299275487,28111.745452091614,hurricane_cat2
Naranjito,Central Mountains,2029,22806.84353713791,23460.062439361085,24395.906908568373,25413.061226959508,26364.643193498643,27122.256763691978,27458.321222454266,hurricane_cat2
Naranjito,Central Mountains,2030,21655.450390259226,22272.492342124646,23473.338478583442,24632.746440133298,25659.172373638325,26674.838975905193,27396.831102728087,hurricane_cat2
Orocovis,Central Mountains,2025,20547.11980968951,20643.67443242167,20778.622934179053,20922.070209120713,21063.89710330596,21188.67142294279,21243.31288791093,hurricane_cat2
Orocovis,Central Mountains,2026,19660.65826811021,19801.4877251437,20079.521674512285,20346.953698004967,20614.32342145068,20911.585677366977,21044.30101290851,hurricane_cat2
Orocovis,Central Mountains,2027,18718.132203320758,18912.1880613112,19289.544922588735,19713.741625473518,20193.075344923844,20474.869726975656,20768.200854527822,hurricane_cat2
Orocovis,Central Mountains,2028,17667.494175150783,18063.262029924164,18527.941956054226,19104.32330081972,19644.02105128549,20058.803359204412,20229.04072577325,hurricane_cat2
Orocovis,Central Mountains,2029,16698.28701236782,17304.80995115968,17763.170405715355,18522.63900935011,19144.136047442014,19702.402503308975,19983.919368593997,hurricane_cat2
Orocovis,Central Mountains,2030,15948.235240789247,16524.778309842266,17084.934185717306,17950.43723650786,18630.428380484416,19413.85403924318,19687.642330553983,hurricane_cat2
Patillas,South,2025,15184.359627189024,15209.267206367382,15246.791403330826,15286.59625231936,15322.164129339295,15364.926388260517,15389.414649376036,hurricane_cat2
Patillas,South,2026,14690.330109015475,14729.371299912866,14806.390905514592,14890.563729264839,14954.037512890976,15035.186589229179,15084.261451786495,hurricane_cat2
Patillas,South,2027,14138.549777176928,14189.051607528598,14321.442644860206,14437.33471021755,14549.807883196245,14656.820983696747,14723.27625230363,hurricane_cat2
Patillas,South,2028,13557.818835427106,13673.5945245989,13821.533990075339,13969.695382378663,14170.950557136322,14291.442449513157,14411.920390766372,hurricane_cat2
Patillas,South,2029,13026.525280511476,13167.346714268895,13323.231513653021,13509.228977839392,13799.159167078225,13944.042526495929,14100.03197106531,hurricane_cat2
Patillas,South,2030,12580.731353475216,12720.975899050343,12881.69859188339,13133.47267928546,13411.984573707578,13591.549969272692,13793.013824612332,hurricane_cat2
Peñuelas,South,2025,19130.39830364636,19217.283401280652,19329.61859103704,19492.490683364238,19634.4591518859,19814.22091215054,19892.247886940615,hurricane_cat2
Peñuelas,South,2026,18260.371937455842,18371.02567001679,18607.024946567406,19008.712443070224,19302.298882355208,19597.88912081305,19799.590142899448,hurricane_cat2
Peñuelas,South,2027,17238.822728761133,17452.218571481717,17816.869848238945,18362.472204551435,18861.37699482637,19344.956561386756,19551.137508987358,hurricane_cat2
Peñuelas,South,2028,16277.284245300278,16565.95394296754,17095.410641620118,17704.2521458414,18453.910224519546,19071.204275533903,19374.1631007962,hurricane_cat2
Peñuelas,South,2029,15413.839901153193,15761.553221340439,16272.969576469099,17172.18539783544,18000.58542217312,18929.431281268087,19307.056214636752,hurricane_cat2
Peñuelas,South,2030,14600.300807481299,15086.04980788499,15639.972265912926,16644.971500236257,17562.887036795455,18565.51810423454,19232.441632879745,hurricane_cat2
Ponce,South,2025,128426.54135325467,128940.26107829942,129638.94469523014,130451.07936581998,131283.46066636182,131957.70065053328,132370.44298025916,hurricane_cat2
Ponce,South,2026,123284.88257866702,124077.19321665762,125441.01873257491,126956.63464449513,128465.19644702398,129777.96082296666,130792.90367436415,hurricane_cat2
Ponce,South,2027,117475.64161646944,118497.39695566107,120853.52706684763,123142.67593030646,125244.31210714897,127163.72718173703,128747.34965984545,hurricane_cat2
Ponce,South,2028,111289.20155609657,113177.00067006238,116024.08298226436,119353.56257067752,121932.78602219168,124868.80818114025,126991.73996449081,hurricane_cat2
Ponce,South,2029,105767.88649956933,108269.54008813637,111876.08934375626,115560.1524201706,118849.77679929134,122674.40053061492,124933.97764399395,hurricane_cat2
Ponce,South,2030,101015.6082452714,103604.34185183454,107668.95038064485,111793.03336204229,116691.39495215882,120360.91421304915,122534.44052699396,hurricane_cat2
Quebradillas,North,2025,22747.529243299494,22795.030473995106,22883.064589963997,22977.00294678862,23078.66213911886,23170.165812319443,23272.356912177333,hurricane_cat2
Quebradillas,North,2026,21934.52642783967,22017.343763861147,22193.485543078677,22368.26188908134,22563.519456156257,22769.681601322063,22928.26036502794,hurricane_cat2
Quebradillas,North,2027,21044.436380847736,21171.996068857105,21440.03039926176,21679.80839805321,22020.796150077735,22276.018018559447,22442.051346548476,hurricane_cat2
Quebradillas,North,2028,20105.000499956303,20305.422274386998,20664.08812376773,21006.346145967244,21435.191980005802,21746.073757276277,22060.463100983066,hurricane_cat2
Quebradillas,North,2029,19243.488414588603,19495.693926211527,19977.431169896823,20388.35960539072,20876.868106531736,21255.248685056475,21582.330586394095,hurricane_cat2
Quebradillas,North,2030,18519.20658703158,18686.6631995011,19299.386542141587,19735.20148381166,20367.025191314686,20730.442158553313,21239.627120684647,hurricane_cat2
Rincón,West,2025,14718.079543646878,14782.37438449093,14933.897511229974,15115.593130248993,15278.110084643431,15406.76920780497,15478.72741673996,hurricane_cat2
Rincón,West,2026,13903.7685132993,14071.940101744845,14373.097898054772,14716.646473390909,15127.160855640761,15375.509324443794,15475.933064741492,hurricane_cat2
Rincón,West,2027,12988.240961764177,13352.064143259779,13764.01520001339,14207.67593360804,14813.347418575577,15295.325179198036,15512.472906082,hurricane_cat2
Rincón,West,2028,12155.091278380423,12479.221312227686,13158.942455016753,13857.33719923065,14524.340770622082,15213.390080174739,15412.019026639975,hurricane_cat2
Rincón,West,2029,11510.59808974391,11858.949816324253,12518.413897826049,13445.089971992022,14213.742218894593,15016.711074640294,15455.57550920209,hurricane_cat2
Rincón,West,2030,10846.439717535863,11230.097551517705,12099.206792794012,13043.312646868391,14018.434645891408,14888.383069059482,15395.826125221913,hurricane_cat2
Río Grande,East,2025,44846.68196939275,44939.50606198098,45055.045246896916,45269.07104105901,45416.05656995812,45573.523487395425,45684.31466761798,hurricane_cat2
Río Grande,East,2026,43238.832037517204,43448.98010150543,43684.28939645253,44029.206565903034,44381.15060595682,44642.779567232865,44833.91344339376,hurricane_cat2
Río Grande,East,2027,41384.25024634966,41711.712224233524,42056.82574847409,42625.804853917565,43173.80016774855,43538.800559778254,43787.050076927095,hurricane_cat2
Río Grande,East,2028,39714.057570806806,40093.863215190635,40505.2217968728,41217.748344693464,41891.138119680894,42447.78070017249,42753.2860201889,hurricane_cat2
Río Grande,East,2029,38042.11656671161,38487.522787908,39064.10810634584,39847.072895991856,40783.232645000935,41481.51604309137,41729.12673411279,hurricane_cat2
Río Grande,East,2030,36643.02361101249,37017.172928845335,37718.3279595778,38629.94983369317,39736.91178975925,40567.21147901066,40771.64978580459,hurricane_cat2
Sabana Grande,West,2025,21700.822093653715,21767.379455182872,21864.269279364475,22020.858763154614,22144.53124068302,22263.45193844985,22358.639100568547,hurricane_cat2
Sabana Grande,West,2026,20861.50906849939,20996.963013327528,21180.479667999203,21453.524838244128,21725.655950095796,22023.148482304885,22164.456123792497,hurricane_cat2
Sabana Grande,West,2027,20007.61786776789,20170.53803589882,20529.45791908867,20807.434530553975,21233.784648364537,21705.366414182885,21877.29082851883,hurricane_cat2
Sabana Grande,West,2028,19018.041800016,19339.1906740588,19789.852842191285,20186.640773542655,20774.721088715058,21450.379292211932,21696.727725983284,hurricane_cat2
Sabana Grande,West,2029,18241.834184560055,18495.387572530813,19166.16571361445,19564.87461360114,20343.370171943337,21061.28828221453,21516.639625140408,hurricane_cat2
Sabana Grande,West,2030,17317.032915271997,17810.0311992954,18468.697345259567,19049.10104514324,19832.673501969624,20773.234446700117,21156.70434465661,hurricane_cat2
Salinas,South,2025,24361.673248616677,24411.93964135731,24532.149914807203,24652.41632919725,24785.69819547166,24888.076429652177,24934.826827305573,hurricane_cat2
Salinas,South,2026,23476.26206163189,23546.66497054842,23772.1809299428,23985.127049150404,24295.10461459794,24484.442811342393,24634.369970288542,hurricane_cat2
Salinas,South,2027,22406.805411979643,22597.360532621224,22937.880043099376,23270.036855290084,23692.47187633247,24055.72797981747,24208.872775411426,hurricane_cat2
Salinas,South,2028,21351.932111408627,21575.942050561604,21999.670269688555,22586.63670226597,23094.07582351256,23648.195600071034,23778.44114598661,hurricane_cat2
Salinas,South,2029,20444.88035637026,20705.665351829342,21239.609466008627,21785.002300155265,22554.045252345975,23053.09286929116,23416.03798898391,hurricane_cat2
Salinas,South,2030,19633.044363058307,19841.56663037302,20484.157959002787,21164.02160786144,22011.063177422122,22637.276313681126,23058.719562493443,hurricane_cat2
San Germán,West,2025,30298.95183249662,30394.75417652762,30558.343876679475,30766.863393615356,30940.381421702397,31093.09547952489,31230.20271757892,hurricane_cat2
San Germán,West,2026,29078.92054272373,29225.90109068006,29555.049070121506,29962.155869317234,30361.078332112436,30631.174558823517,30883.9874650111,hurricane_cat2
San Germán,West,2027,27661.07937988767,27860.456708008172,28401.966614126482,29082.674246969196,29711.05731440463,30168.05209968617,30342.223983228694,hurricane_cat2
San Germán,West,2028,26310.89171840905,26509.902402504187,27284.537936429748,28154.64044951388,28939.228463746847,29628.08698403425,30131.096844750802,hurricane_cat2
San Germán,West,2029,24915.10175879957,25308.302001511078,26147.641557681694,27264.109392396083,28350.811025147377,29101.48308764242,29810.87333519606,hurricane_cat2
San Germán,West,2030,23543.463155398782,24135.524270374037,25131.269097578785,26374.052206872202,27755.462514730454,28719.339463656226,29532.890751865038,hurricane_cat2
San Juan,Metro,2025,324369.813883777,324964.0256250682,327485.60872067884,330058.55957999674,332617.0727813642,334544.193602874,335752.244815995,hurricane_cat2
San Juan,Metro,2026,308259.2829923126,310628.45664508635,315724.75532595045,320674.5176112637,326335.6195905646,330242.2507544503,333467.3960432656,hurricane_cat2
San Juan,Metro,2027,290381.38455882936,294717.5738672278,303283.1962159087,310597.6503663247,318085.08094445046,325996.12611287524,330395.9408489507,hurricane_cat2
San Juan,Metro,2028,273178.8338899838,282325.65698810236,290719.6729683911,301136.90226656024,310854.72275826056,319077.8944440644,327544.36761608056,hurricane_cat2
San Juan,Metro,2029,261886.94839324435,269513.25487667194,281028.97133065754,292115.0839510054,303628.49290656566,317888.85857156344,325244.27980679146,hurricane_cat2
San Juan,Metro,2030,250287.9754934842,254973.76223889826,270604.9312287515,283542.6899971538,297082.95581031113,314895.5460623773,323434.6747137393,hurricane_cat2
San Lorenzo,East,2025,36228.47949228673,36356.71058261903,36586.957613001556,36775.72720263306,36978.912996848434,37154.13406621884,37255.573469333176,hurricane_cat2
San Lorenzo,East,2026,34791.595019415465,34934.64850460465,35380.535206376284,35834.931939294875,36197.567602935334,36613.05223257318,36867.062024878265,hurricane_cat2
San Lorenzo,East,2027,33250.49072228201,33467.18591532621,33971.00266556321,34683.452563415674,35339.437635408496,35804.88975967337,36334.1878266548,hurricane_cat2
San Lorenzo,East,2028,31632.65685437538,31950.888801122215,32717.906001335414,33519.82704676442,34415.32815804292,35096.43247035891,35600.70003856464,hurricane_cat2
San Lorenzo,East,2029,30278.866085619076,30676.717185474114,31477.13005163365,32534.97835547549,33571.732252199945,34522.06810741162,35026.28931813857,hurricane_cat2
San Lorenzo,East,2030,28853.823291201115,29375.06692570984,30338.158860889293,31704.70628568717,32691.441299688493,33826.92546780592,34383.61370960213,hurricane_cat2
San Sebastián,West,2025,37505.58306757127,37745.078348955634,38096.07859338734,38441.84559515812,38784.11353263252,39094.11124042022,39372.759688104044,hurricane_cat2
San Sebastián,West,2026,35632.16117693172,36183.3661025159,36735.58250699362,37509.83766455711,38170.575622624034,38737.153426960605,39240.80571294875,hurricane_cat2
San Sebastián,West,2027,33648.31344367859,34353.75644252141,35327.46301251804,36387.05578606366,37490.80334368898,38584.52001468776,39097.85387269136,hurricane_cat2
San Sebastián,West,2028,31556.679118438584,32544.44716064734,33756.51777195451,35312.60855843073,36681.12832773924,38211.831518209954,39144.59206069275,hurricane_cat2
San Sebastián,West,2029,29471.820984270504,30516.569347480836,32223.78150596711,34285.60675262056,36066.75138626298,38254.23797953234,39363.95855365931,hurricane_cat2
San Sebastián,West,2030,27765.965305853126,28748.53522888206,30850.91685392088,33541.0046747857,35573.6948417056,38222.88001803985,39395.79671197259,hurricane_cat2
Santa Isabel,South,2025,19326.853718671027,19380.316055070358,19455.401422791663,19553.870221246063,19648.606379318364,19738.65394225972,19804.913327564012,hurricane_cat2
Santa Isabel,South,2026,18542.020496023488,18623.491609597542,18844.855623687665,19069.558120158945,19248.562683716937,19419.91978299402,19492.588974519276,hurricane_cat2
Santa Isabel,South,2027,17723.50411184853,17860.04462593734,18158.06345349621,18530.248012150416,18787.84057403839,19063.31342608943,19173.82070009893,hurricane_cat2
Santa Isabel,South,2028,16867.981851279947,17102.110175398386,17473.424980442403,17992.12922004425,18325.95931521883,18695.46486960828,18900.169597892025,hurricane_cat2
Santa Isabel,South,2029,16109.923564972902,16357.58615506802,16848.84647167034,17418.92247291679,17940.401704905067,18319.19791935077,18536.71789940963,hurricane_cat2
Santa Isabel,South,2030,15369.253411780632,15698.303593282524,16277.651304388106,16913.643348505146,17548.45440728729,18026.7480282705,18358.011786861578,hurricane_cat2
Toa Alta,Metro,2025,64003.19875453851,64235.74564950205,64589.16794463262,65137.92413793146,65601.51993910584,66020.87409945884,66301.27845724505,hurricane_cat2
Toa Alta,Metro,2026,60780.87898190791,61497.82299156621,62206.35356723843,63380.53585039101,64225.775049560805,65236.95959435328,66056.1106079916,hurricane_cat2
Toa Alta,Metro,2027,57778.792632372475,58361.36717363934,59805.94181140245,61449.971691776125,62878.52142736786,64353.0942053734,65246.56565210979,hurricane_cat2
Toa Alta,Metro,2028,54730.03178873865,55227.80083501989,57492.28126128162,59792.980439919644,61712.67615791475,63456.387954499194,64841.0358401345,hurricane_cat2
Toa Alta,Metro,2029,51648.76918893737,53203.87840055056,55439.92683051261,57896.4428500283,60581.12170315007,62457.632998519795,64185.759161541304,hurricane_cat2
Toa Alta,Metro,2030,48931.836681947,50602.46991056297,53185.78979851586,56415.44194818156,59092.1039274897,61571.43697943139,63055.436344963935,hurricane_cat2
Toa Baja,Metro,2025,71081.02564937217,71182.51615812436,71426.91202149706,71747.31033468575,72001.00008690996,72228.21138080646,72386.18215938039,hurricane_cat2
Toa Baja,Metro,2026,68586.54927231441,68833.5631146462,69253.42007547827,69815.06486268283,70361.45590265866,70910.62193592833,71208.7257712074,hurricane_cat2
Toa Baja,Metro,2027,65779.1116740945,66226.366563493,66785.2561164151,67570.98085790253,68623.56335911037,69275.55779540208,69725.07802731765,hurricane_cat2
Toa Baja,Metro,2028,63215.318521413305,63474.353009734456,64549.61049369913,65480.376943552765,66519.2876657851,67768.31287099069,68533.04996527276,hurricane_cat2
Toa Baja,Metro,2029,60636.03679567185,61031.753577157695,62324.86605490967,63611.539835538744,64852.88252007204,66090.41830781859,67089.55527589403,hurricane_cat2
Toa Baja,Metro,2030,58430.66248120788,58854.25122934954,60237.14777584021,61750.68647948855,63140.95173908908,64601.20469651893,65797.20271848036,hurricane_cat2
Trujillo Alto,Metro,2025,64756.22260084788,64989.48866814003,65476.96953851188,65868.70638677706,66366.55748218222,66943.2603629167,67293.04311557524,hurricane_cat2
Trujillo Alto,Metro,2026,62001.720870314,62482.14329909382,63204.65535243935,64124.56842215001,65037.16329689928,65975.58748446465,66478.75879572418,hurricane_cat2
Trujillo Alto,Metro,2027,58838.62306553816,59624.154735123666,60822.25509395645,61990.25389364894,63418.6729871971,65228.429296032584,65829.9837617382,hurricane_cat2
Trujillo Alto,Metro,2028,55917.346603711674,56647.64174487715,58370.5540799599,60034.94485729124,62163.68888691563,64236.66025187625,65145.43755819841,hurricane_cat2
Trujillo Alto,Metro,2029,52971.955022649236,54022.53375281933,56358.10209055179,58404.76856628824,60685.417420779835,63235.251178379585,64969.89824749352,hurricane_cat2
Trujillo Alto,Metro,2030,50758.69624641016,51945.741178913326,54296.03659731693,56691.6475094344,59327.04228427484,62322.131958190934,63840.827665735065,hurricane_cat2
Utuado,Central Mountains,2025,26779.754467955547,26870.33312870477,26996.71475931481,27134.415102603627,27257.800825138696,27353.740819348764,27410.819218422344,hurricane_cat2
Utuado,Central Mountains,2026,25728.28381645424,25966.071904581633,26151.171220056076,26390.30032698636,26667.432293684516,26911.678291341126,27031.13948325421,hurricane_cat2
Utuado,Central Mountains,2027,24647.052273578207,24914.7925102258,25193.789486895093,25589.60884386327,26028.829982013463,26374.414283336682,26505.635731376788,hurricane_cat2
Utuado,Central Mountains,2028,23541.12880994813,23818.71933561682,24239.02544520984,24789.26017583698,25342.331982293243,25863.67289880115,26158.146071424926,hurricane_cat2
Utuado,Central Mountains,2029,22513.486402228322,22795.194178793234,23359.290165376555,24031.752809014288,24692.506287745637,25349.14487343094,25576.832709257906,hurricane_cat2
Utuado,Central Mountains,2030,21521.70725396404,21826.626672690494,22496.32481011886,23338.774599808563,24259.79800277893,24873.16056915977,25302.5680109019,hurricane_cat2
Vega Alta,North,2025,34035.64209879339,34089.40247387042,34204.30339463804,34323.71459118315,34466.68545221109,34606.2699973091,34676.12111567927,hurricane_cat2
Vega Alta,North,2026,32946.62133896505,33012.805719015,33244.395018007264,33476.57663581218,33761.55407835255,33974.56500016791,34069.8658598333,hurricane_cat2
Vega Alta,North,2027,31705.403953495912,31849.40286252648,32124.977482474216,32580.001282106903,32933.96632460113,33186.80591395062,33419.51292046319,hurricane_cat2
Vega Alta,North,2028,30497.752439218122,30627.14653138089,31106.95677247968,31607.24905547851,32047.533532049063,32447.950940618583,32679.915104485444,hurricane_cat2
Vega Alta,North,2029,29283.5468432686,29620.68537592644,30071.38878523183,30731.27203850734,31204.545370397747,31829.92415085076,32113.887785290735,hurricane_cat2
Vega Alta,North,2030,28193.367872266936,28496.719570117984,29081.293039896824,29906.359187648322,30540.23325888825,31116.19558082767,31691.330561963143,hurricane_cat2
Vega Baja,North,2025,51622.12035619504,51927.44595466592,52373.734280664605,52880.995661884546,53287.69587847821,53795.07505824968,54116.06804635085,hurricane_cat2
Vega Baja,North,2026,48875.08098870804,49611.782535247796,50667.75548976954,51373.182249797035,52471.72715498478,53406.225167794175,53988.36121089686,hurricane_cat2
Vega Baja,North,2027,46041.22326373567,47019.7915470837,48710.84893036392,49830.97249307021,51317.75735262517,52711.24718532931,53594.0060959476,hurricane_cat2
Vega Baja,North,2028,43324.50693265036,44822.83339162085,46155.77979574913,48301.93377428889,49928.45235011053,51928.51412479025,53205.11534720485,hurricane_cat2
Vega Baja,North,2029,40849.44685167081,42649.5416979161,44308.26387612888,46707.650175589326,49024.66856341916,51008.08373810203,53267.1059394657,hurricane_cat2
Vega Baja,North,2030,38982.14340020075,40054.95110314154,42486.261405167126,45433.610392718765,48189.914117668,50673.662725050715,52295.197351488874,hurricane_cat2
Vieques,East,2025,7887.4772521218365,7896.092677690102,7919.098716893858,7938.548340713736,7957.554796629303,7987.7629496145555,7999.573832596951,hurricane_cat2
Vieques,East,2026,7611.700211793813,7640.325856456233,7676.593543732651,7724.67762682182,7770.434392723033,7817.214060035981,7843.2724093235765,hurricane_cat2
Vieques,East,2027,7312.271534684666,7341.024521752,7411.314924771994,7478.432466639899,7554.563063083409,7618.859929919088,7666.388906540748,hurricane_cat2
Vieques,East,2028,7010.886347979414,7055.880385107479,7137.512752624944,7234.172374100201,7321.6021045096,7428.187951005167,7467.5036250198855,hurricane_cat2
Vieques,East,2029,6719.30740353029,6797.745404945673,6887.4616522564975,7011.688985644891,7113.507515938137,7244.299120985049,7321.258011465282,hurricane_cat2
Vieques,East,2030,6490.366669567206,6524.064084739321,6662.894915675392,6796.7235867871605,6908.892562052195,7081.091401622622,7195.07485849428,hurricane_cat2
Villalba,South,2025,20924.695017066104,21006.03414878086,21070.88893485639,21176.395722268826,21285.912362396877,21362.67579686909,21409.731361110353,hurricane_cat2
Villalba,South,2026,20132.273738613447,20259.349473062783,20408.48900175619,20602.940977982253,20843.89102800708,21030.120732524556,21111.052084004426,hurricane_cat2
Villalba,South,2027,19253.531301677936,19404.23311617929,19633.753353807762,20004.817680137246,20306.907398132345,20593.511823733435,20726.20544476765,hurricane_cat2
Villalba,South,2028,18415.754518143865,18541.41302546407,18941.636750782727,19345.09648091571,19846.278891145794,20251.08729858353,20364.98050072808,hurricane_cat2
Villalba,South,2029,17611.89869399197,17832.164807062654,18302.844257917764,18773.16084893989,19379.417050689277,19949.566792064878,20058.83856705561,hurricane_cat2
Villalba,South,2030,16872.32069656733,17199.39851790973,17632.580425048516,18235.316088788604,18839.96257452568,19647.383014384937,19849.931508192858,hurricane_cat2
Yabucoa,East,2025,28547.605525195773,28601.30074735159,28721.5706813156,28860.131640404306,29002.448032650213,29124.80782485746,29205.480359626563,hurricane_cat2
Yabucoa,East,2026,27404.574951541268,27595.92320681733,27798.265704222376,28063.73949149259,28366.944347392273,28642.55326666551,28721.51508107759,hurricane_cat2
Yabucoa,East,2027,26212.732438248655,26410.636003438292,26746.003679217985,27195.993278294955,27651.354163537784,28041.79319618019,28264.193027583366,hurricane_cat2
Yabucoa,East,2028,25052.83433987321,25282.67188791485,25696.870379493666,26382.55589028429,26879.638000697647,27506.871585910376,27834.04501342149,hurricane_cat2
Yabucoa,East,2029,23871.809758246774,24163.746856508675,24652.968985177446,25525.32585453905,26233.066317539284,26961.855949074285,27232.008247409973,hurricane_cat2
Yabucoa,East,2030,22803.791762198867,23241.24651943596,23739.158192160052,24654.460101592922,25550.765649273068,26462.361936485948,27076.185383557833,hurricane_cat2
Yauco,South,2025,32132.42560283575,32200.519271581827,32308.35012782416,32450.81825547221,32543.177513317445,32682.733417418727,32808.505499462946,hurricane_cat2
Yauco,South,2026,30942.3493904987,31080.288868818672,31384.385552494343,31616.080901532237,31835.22308762661,32087.72422574833,32269.835386315095,hurricane_cat2
Yauco,South,2027,29724.338651240127,29870.515319000977,30294.138137228052,30633.15804496217,31072.75684806074,31463.972585071355,31536.691425898774,hurricane_cat2
Yauco,South,2028,28309.888291778596,28631.02075074867,29197.422132574084,29588.08563776502,30221.97520263627,30687.193440952375,31079.13504091221,hurricane_cat2
Yauco,South,2029,27193.79140106552,27572.257215913098,28217.861036956107,28708.241318418295,29383.71155435918,30039.49596963169,30536.296284483193,hurricane_cat2
Yauco,South,2030,26021.883026589494,26482.169738741224,27200.351460664693,27875.374459993305,28622.069218540324,29513.516918743004,30032.400338471714,hurricane_cat2
Adjuntas,Central Mountains,2025,17430.459120039384,17478.622738625156,17546.882256740177,17626.434268750367,17708.755830105663,17796.465484734017,17838.472227091705,hurricane_cat3
Adjuntas,Central Mountains,2026,16710.874405449104,16772.559156027368,16894.62409405197,17088.68125430412,17224.224381431355,17385.305239328995,17460.099357274084,hurricane_cat3
Adjuntas,Central Mountains,2027,15874.128010953751,15973.507416903409,16193.174358864513,16418.62588149075,16651.22837150513,16911.4564652477,17006.782646803524,hurricane_cat3
Adjuntas,Central Mountains,2028,14987.32815475197,15160.838112269099,15427.961756608704,15803.734620919226,16152.699057879718,16443.3085221206,16564.82759651444,hurricane_cat3
Adjuntas,Central Mountains,2029,14183.763537904202,14389.946811018996,14702.56312146892,15271.226049458333,15652.353282216822,16051.37549563798,16254.549820801576,hurricane_cat3
Adjuntas,Central Mountains,2030,13500.371382441192,13708.303842000176,14153.288336840553,14746.71525493429,15225.541419040628,15651.612897962224,15863.372859275072,hurricane_cat3
Aguada,West,2025,36642.00518704079,36730.20409274099,36920.58970140346,37065.26236253737,37229.14712039229,37412.99225477091,37488.88859127292,hurricane_cat3
Aguada,West,2026,35049.87899273344,35204.02049428768,35572.30978029656,35931.09580485303,36237.60604275025,36597.088246006686,36913.17515444066,hurricane_cat3
Aguada,West,2027,33371.25101687257,33519.40726691691,34065.61391060746,34608.61955195961,35124.362698360244,35610.134656778864,35918.43089843471,hurricane_cat3
Aguada,West,2028,31579.474613553648,31991.88045188125,32575.154009216865,33341.83234242747,33912.73151553693,34654.236206830436,35015.93249341474,hurricane_cat3
Aguada,West,2029,30035.456590036032,30553.478853499048,31174.92856275809,32207.1548367444,33048.39283074046,33778.75856418024,34373.56978835574,hurricane_cat3
Aguada,West,2030,28494.242043202525,29207.273856010266,29999.26596413026,30912.319074076535,32117.614549659327,32984.85273984147,33628.64683447455,hurricane_cat3
Aguadilla,West,2025,51664.187576380085,52094.08028784936,52654.684283167095,53205.92658345976,53696.40892097099,54121.26019987986,54726.328334689075,hurricane_cat3
Aguadilla,West,2026,48857.06518653854,49524.6196156372,50514.554832814414,51591.59546587117,52552.636936915944,53450.038605428046,54128.649870258836,hurricane_cat3
Aguadilla,West,2027,45867.05303189342,46595.77082840292,48102.90192475384,49570.99254160369,50989.572040623425,52832.13154369376,53413.34433086896,hurricane_cat3
Aguadilla,West,2028,43249.40796103848,43778.48830036111,45341.46107060977,47619.67618034075,49777.288587364004,51840.16758668865,52657.87075753758,hurricane_cat3
Aguadilla,West,2029,40246.654563088705,41486.196738382234,43203.63645362927,45939.447623183296,48254.033904619086,50679.85787541079,52508.66100095959,hurricane_cat3
Aguadilla,West,2030,37969.99657398683,39242.800091694015,41457.645425860646,44263.82048444075,47211.64586750003,49705.925969872,52439.68270944583,hurricane_cat3
Aguas Buenas,Central Mountains,2025,23014.64895327138,23051.21297428669,23133.78043862887,23201.295076081664,23282.087852008917,23349.166582393857,23377.42995675338,hurricane_cat3
Aguas Buenas,Central Mountains,2026,22079.84468175147,22194.423399493553,22337.058165247778,22493.909823566282,22634.563878916473,22773.675179180842,22881.800100479857,hurricane_cat3
Aguas Buenas,Central Mountains,2027,21129.689675630667,21244.41537119954,21438.82992016041,21652.073929978476,21923.307554023755,22080.850474612795,22258.15774839041,hurricane_cat3
Aguas Buenas,Central Mountains,2028,20088.44446707969,20289.36065486502,20538.18470508716,20796.802102177906,21140.037328399467,21379.298996895883,21502.790122316732,hurricane_cat3
Aguas Buenas,Central Mountains,2029,19113.39010773598,19387.145181489417,19694.53969785468,20058.033611863953,20437.5181061685,20746.21827308619,21019.63422408356,hurricane_cat3
Aguas Buenas,Central Mountains,2030,18326.646005285605,18518.615339220996,18947.963668960267,19395.366966465197,19786.633054371217,20188.719731778394,20466.906149285976,hurricane_cat3
Aibonito,Central Mountains,2025,23565.150357405735,23765.00280570153,23964.373626156575,24220.722730907168,24493.028981363124,24645.288810818703,24894.964029943258,hurricane_cat3
Aibonito,Central Mountains,2026,22138.070105067087,22383.257900824843,22892.355407427192,23478.414017984418,23955.20419562573,24436.49876099674,24675.695546029172,hurricane_cat3
Aibonito,Central Mountains,2027,20733.91771583289,20950.21706923571,21851.89904797364,22626.7719191325,23343.726299147904,23949.48771910196,24315.28652051398,hurricane_cat3
Aibonito,Central Mountains,2028,19228.10021126973,19598.08392503618,20679.772635698984,21756.86495433472,22766.53101749377,23605.684372003285,24101.39660323985,hurricane_cat3
Aibonito,Central Mountains,2029,17829.81754760198,18340.167100726205,19532.40141749713,20952.95174382998,22181.565472138063,23305.686405795594,24200.801340510294,hurricane_cat3
Aibonito,Central Mountains,2030,16546.773080947634,17217.466122584938,18447.499109562363,20382.907372670197,21709.589854042606,23160.916872091155,24188.13987041733,hurricane_cat3
Arecibo,North,2025,83431.34602526145,83710.10932711989,84300.69332371948,84987.77694184791,85637.48016979947,86302.42810180798,86559.54904704043,hurricane_cat3
Arecibo,North,2026,79085.2956495093,79866.7143056811,80973.64049515838,82478.51343321668,83692.05992127847,84731.17381133472,85505.37683528227,hurricane_cat3
Arecibo,North,2027,74674.32855455342,75255.44553489891,77382.38806844322,79584.8264970519,81296.50012338022,83006.58152801712,84308.23472794908,hurricane_cat3
Arecibo,North,2028,70311.63661006109,71872.3725838334,73924.41640319832,76653.18316640801,79024.90308672973,81533.48616792777,83364.31097898442,hurricane_cat3
Arecibo,North,2029,66332.35274176815,67995.76931538644,70752.04247430098,74254.64118370748,77112.2554478352,80072.91652765141,82104.46529919373,hurricane_cat3
Arecibo,North,2030,63015.663321415675,64404.35398609471,68177.72983616704,71636.82256753481,75248.67405741019,78554.54844282004,81483.75905156616,hurricane_cat3
Arroyo,South,2025,14789.08221346261,14877.922809577727,14966.305302298188,15069.062062359468,15160.308460456155,15259.23803369746,15348.089764945973,hurricane_cat3
Arroyo,South,2026,13938.162224457086,14117.485750379634,14380.905513530233,14555.811510814425,14745.06238699197,14947.256941448808,15109.382313071665,hurricane_cat3
Arroyo,South,2027,12959.559379155937,13286.597587584734,13674.939972465341,13977.800360218913,14224.75493396063,14609.723215450158,14784.049915287824,hurricane_cat3
Arroyo,South,2028,12082.94646466365,12452.307894101028,12917.276699663425,13359.52056108763,13737.65585538407,14179.306891063827,14443.939165770304,hurricane_cat3
Arroyo,South,2029,11424.612123509052,11754.155219999406,12331.72046995664,12844.164532401259,13381.763832053362,13821.27302778635,14180.854603885351,hurricane_cat3
Arroyo,South,2030,10809.077982799728,11156.427809346858,11731.986374739417,12394.621272093107,13012.747859714278,13478.708066555866,14023.450892708555,hurricane_cat3
Añasco,West,2025,24470.445106451116,24505.317822025485,24573.508282062765,24664.19352043466,24735.68241620994,24810.795229058323,24840.655226798124,hurricane_cat3
Añasco,West,2026,23531.88430555274,23624.814676593604,23737.603965399627,23910.77519358708,24069.740150130103,24203.22721692441,24256.665916935388,hurricane_cat3
Añasco,West,2027,22478.708059467604,22564.12743399967,22769.7006263801,23028.317109615797,23258.219328114996,23476.772758068866,23636.956707246805,hurricane_cat3
Añasco,West,2028,21440.108912120493,21557.432740434,21821.62634111355,22128.494213159673,22449.863059142484,22808.194978668438,22965.248325706038,hurricane_cat3
Añasco,West,2029,20496.69784507169,20630.197847727366,20977.12136256092,21336.690815001086,21749.897245383574,22165.706026215226,22465.280411996642,hurricane_cat3
Añasco,West,2030,19566.484946441906,19774.69744966164,20171.609863690508,20595.163116286363,21120.606623369527,21605.941753742707,21887.459563713768,hurricane_cat3
Barceloneta,North,2025,21789.083154618715,21881.516489979276,21991.353407088107,22098.915710341404,22217.35851635031,22355.57813778088,22412.859331739157,hurricane_cat3
Barceloneta,North,2026,20839.9790505683,21007.805785228644,21178.96897655544,21425.774297139604,21673.696239091114,21879.044764969436,22087.953570145135,hurricane_cat3
Barceloneta,North,2027,19699.04412651183,19958.542475938448,20260.91698425812,20657.074553282124,21073.297992954107,21372.595417955046,21637.365419586284,hurricane_cat3
Barceloneta,North,2028,18673.511151277045,18962.307791481893,19400.759765376675,19901.974526177102,20345.983076996312,20867.41614727268,21054.76194361066,hurricane_cat3
Barceloneta,North,2029,17721.730175418375,18076.194244610288,18642.844600058634,19179.07408843192,19814.304939639747,20408.87840431282,20667.890934454346,hurricane_cat3
Barceloneta,North,2030,16936.765539064734,17301.68210027125,17895.749467486243,18484.022182326393,19226.122374623083,19948.21157065072,20377.140677477433,hurricane_cat3
Barranquitas,Central Mountains,2025,28176.511359225755,28237.17501030902,28394.631759329655,28518.90337960369,28663.687794248694,28817.27076618669,28854.731504022988,hurricane_cat3
Barranquitas,Central Mountains,2026,26793.739962284202,27020.97968114383,27297.052659640278,27679.036248411874,27916.199195717116,28214.74315574683,28314.517374867144,hurricane_cat3
Barranquitas,Central Mountains,2027,25295.854980937325,25552.677027225993,26179.69986648523,26693.987305874063,27025.735478598537,27487.830322401504,27674.11457399306,hurricane_cat3
Barranquitas,Central Mountains,2028,23907.747111619785,24165.876453807763,25004.50177239822,25685.58558604117,26196.270873552363,26642.711831445595,26942.39809221307,hurricane_cat3
Barranquitas,Central Mountains,2029,22539.537099806643,23105.03860776197,23911.551403944253,24759.170856934717,25477.197922391926,25998.35200184182,26427.38143266076,hurricane_cat3
Barranquitas,Central Mountains,2030,21544.30313667005,21997.3193507956,22954.10158376895,23932.580845058983,24749.47964852316,25577.511237329756,25939.684922917946,hurricane_cat3
Bayamón,Metro,2025,175164.083381076,175900.88499138053,177699.8229664888,179279.49523872585,180884.16031315978,182274.79857660548,182780.4263553279,hurricane_cat3
Bayamón,Metro,2026,164368.77054309717,167324.1492686793,169900.63440018127,173367.12075159114,176579.567023132,180381.36633626383,181954.68069101314,hurricane_cat3
Bayamón,Metro,2027,154859.823755449,157368.5454272747,161600.3283648396,166950.54699746828,171754.64539764833,177391.90789713056,179518.93026939494,hurricane_cat3
Bayamón,Metro,2028,144529.03677435976,148402.14815458382,152828.69594430656,159391.03598769568,167557.2948909646,174223.62924787603,178441.6644254526,hurricane_cat3
Bayamón,Metro,2029,135805.6151592521,139517.856786531,146025.74142409756,153347.9430588709,163690.58140661585,171835.77389201891,176379.9561669261,hurricane_cat3
Bayamón,Metro,2030,128384.57702345823,130993.39372456638,139292.57249216113,148939.6696177927,158770.85994029688,167977.30840558428,174648.84678722633,hurricane_cat3
Cabo Rojo,West,2025,45705.1888577428,45801.6090988891,45914.20247732907,46034.86389361226,46178.58912430116,46322.22771007562,46420.07497941957,hurricane_cat3
Cabo Rojo,West,2026,43968.65715023684,44112.7336339213,44350.50275812425,44626.491809868276,44898.56747240538,45270.65478148908,45364.13869872351,hurricane_cat3
Cabo Rojo,West,2027,42049.6109413592,42159.016445732166,42553.794408594666,43018.89569038946,43378.29260811255,43806.275576057225,44118.495412243756,hurricane_cat3
Cabo Rojo,West,2028,40107.08495113818,40341.94020982729,40808.07685095106,41297.01851222158,41814.906012552325,42436.63560705249,42864.183874931405,hurricane_cat3
Cabo Rojo,West,2029,38419.13552081563,38668.66083716632,39285.03035145861,39840.89987532163,40506.14438479944,41201.907319072845,41576.051446364305,hurricane_cat3
Cabo Rojo,West,2030,36903.836055650885,37189.18047048035,37783.315064541566,38468.62438074072,39270.067416588456,39973.89425390919,40479.96496269292,hurricane_cat3
Caguas,East,2025,122030.93440920163,122281.72178099104,122847.67864882699,123343.52740339714,123821.7238803867,124264.19520016764,124549.3149350224,hurricane_cat3
Caguas,East,2026,116733.98745427412,117425.65660383223,118193.74715223373,119202.46242060786,120201.64289168846,121057.84733032304,121761.02678260182,hurricane_cat3
Caguas,East,2027,111230.01085726272,111601.11339988248,113039.7486703202,114341.8194814834,115909.95616000563,116983.78207127185,117892.68435667947,hurricane_cat3
Caguas,East,2028,105485.59826984427,106122.14898662244,107968.97907414712,109444.12887802365,111530.45790797929,113128.62584389065,114503.67503576902,hurricane_cat3
Caguas,East,2029,100366.2303542627,101437.08265039361,103393.35753701466,105420.49092956404,107280.9417598127,109685.15218547804,111798.55150344757,hurricane_cat3
Caguas,East,2030,96045.07806549728,97132.48509019508,99353.75917624358,101510.13166887044,103792.76384007119,106723.296987545,109458.66246363184,hurricane_cat3
Camuy,North,2025,31350.663357976126,31592.027184979404,31830.458163606145,32151.959298340727,32465.471432244736,32627.142011744752,32778.655583957654,hurricane_cat3
Camuy,North,2026,29671.110487851907,30064.7014467005,30465.127780979514,31141.683108596102,31740.602349757664,32149.61979244618,32332.413521673032,hurricane_cat3
Camuy,North,2027,27829.140251536097,28609.414299842563,29109.69625911574,30007.50620288011,30821.518904823806,31461.270418953667,31861.972227177284,hurricane_cat3
Camuy,North,2028,26419.62733980076,26843.620784838902,27831.691298783742,28766.917907058225,29948.472619712076,30747.755501094158,31281.520090681955,hurricane_cat3
Camuy,North,2029,24827.362994899548,25518.220402517552,26651.403680999978,27883.939920296456,29179.236493402583,30163.74032224027,30857.03926164395,hurricane_cat3
Camuy,North,2030,23447.27406148403,24327.92201781721,25571.466782339277,26907.976521459612,28419.126636250352,29802.497636713142,30538.463891332914,hurricane_cat3
Canóvanas,East,2025,40463.874155979654,40570.39628129078,40808.17930386512,41037.93935427813,41299.87044895912,41490.15130078743,41618.30706731941,hurricane_cat3
Canóvanas,East,2026,38528.86756492592,38700.88533398282,39104.3551217678,39745.39440814308,40165.18256025235,40463.3636842165,40906.445035004064,hurricane_cat3
Canóvanas,East,2027,36323.961480164005,36740.68876633045,37367.34812918886,38140.22877095333,38718.792465383216,39322.940869923295,39746.82489069879,hurricane_cat3
Canóvanas,East,2028,34345.891996314065,34698.841272257516,35568.62826163164,36538.38690222066,37366.10013809544,38266.2974472628,38736.90138538907,hurricane_cat3
Canóvanas,East,2029,32508.299382012923,32818.01425663145,33983.272908268045,35199.30975924874,36110.400746950734,37300.609176885606,37837.95694061708,hurricane_cat3
Canóvanas,East,2030,30676.01927247061,31056.208913694656,32446.696808514804,33888.93056622427,35188.68038111778,36371.538834626124,36952.47253482741,hurricane_cat3
Carolina,Metro,2025,146973.28067110866,147718.79118461662,148600.5413473617,149569.12137933492,150280.649846312,151304.81611967398,151804.1620144201,hurricane_cat3
Carolina,Metro,2026,139828.87399181188,140665.68261555803,142428.56298998106,144702.6346780492,146778.31773621825,148094.54546226398,149456.0173135013,hurricane_cat3
Carolina,Metro,2027,131561.37460624572,133170.7680547994,136110.1422728906,139325.52028371603,142224.16170139398,144793.57868684732,146203.519431689,hurricane_cat3
Carolina,Metro,2028,124129.69183768085,126398.65568397159,130074.90606913262,134618.826197392,137760.40811877532,140778.51889525744,142819.13313227225,hurricane_cat3
Carolina,Metro,2029,117767.66128117967,120000.76912382034,124198.89738952064,129126.30980790213,133835.74344588202,137795.69845723643,140867.4606453499,hurricane_cat3
Carolina,Metro,2030,111751.7537425316,113992.75040117024,118780.01168368493,124476.34677441316,130140.50746603956,134892.77917930952,137211.8536374031,hurricane_cat3
Cataño,Metro,2025,21926.45682374317,21951.038104173353,22010.10515813661,22060.519979920588,22113.546106188995,22200.53348753984,22233.92904509593,hurricane_cat3
Cataño,Metro,2026,21091.24195491686,21155.505565157957,21264.072797495515,21368.906116315236,21491.121330037455,21650.74531888574,21738.15719701379,hurricane_cat3
Cataño,Metro,2027,20118.31355723549,20235.74587864545,20406.585453801974,20585.064588627763,20770.238414397947,20997.643821053014,21075.20653244977,hurricane_cat3
Cataño,Metro,2028,19150.1020550061,19295.48440864048,19551.798527529045,19816.099699562834,20065.742901242,20321.859393133695,20484.89319463768,hurricane_cat3
Cataño,Metro,2029,18233.245877240286,18480.259817713933,18791.80082078476,19156.389867603233,19429.258630236407,19762.689961412783,19887.893781346796,hurricane_cat3
Cataño,Metro,2030,17438.847498208932,17696.15023507484,18075.154117743594,18482.768098875444,18833.3237912973,19206.79287689182,19341.462267415056,hurricane_cat3
Cayey,Central Mountains,2025,39948.86828365295,40004.483571603465,40095.76897302785,40211.11517119473,40313.93216324447,40401.65009392707,40455.49192002089,hurricane_cat3
Cayey,Central Mountains,2026,38352.847850195,38434.923494531206,38725.870043194496,38954.96050076587,39195.83970005901,39438.0176883854,39546.160083625145,hurricane_cat3
Cayey,Central Mountains,2027,36561.760447261346,36734.57927803926,37114.362115412514,37478.85443988011,37869.81193421796,38255.04744978824,38409.660092763916,hurricane_cat3
Cayey,Central Mountains,2028,34845.696110016645,35083.988385140154,35427.214235180036,36045.59714694283,36542.47566215878,36987.80248391529,37284.433659539354,hurricane_cat3
Cayey,Central Mountains,2029,33279.53208631972,33598.79990709403,34012.55317456828,34766.13818148905,35353.68878892451,35974.27831378917,36278.193945769795,hurricane_cat3
Cayey,Central Mountains,2030,31864.945727805847,32208.704746584073,32785.69918308672,33559.211265722355,34266.96596199737,35016.85367920408,35369.600041633064,hurricane_cat3
Ceiba,East,2025,10665.877203104925,10702.15712992603,10743.609374456744,10809.045972030362,10891.274510342384,10933.05049597037,10970.391533374257,hurricane_cat3
Ceiba,East,2026,10218.606320025106,10244.943377369122,10356.997877913767,10463.226431924133,10591.375484223128,10700.904063692338,10754.786801323886,hurricane_cat3
Ceiba,East,2027,9620.203502351946,9727.488490619355,9892.523752663454,10077.321279173833,10250.778411964633,10410.939337104315,10496.739040576716,hurricane_cat3
Ceiba,East,2028,9025.713487389257,9214.470009191387,9438.084108716868,9670.263219068242,9899.18011559573,10095.536427021307,10236.03006996993,hurricane_cat3
Ceiba,East,2029,8532.40133097903,8778.223147599492,9027.656648194677,9297.843457310282,9589.322657998691,9825.678965733496,10013.153238473598,hurricane_cat3
Ceiba,East,2030,8100.790608829873,8369.30440765683,8716.972102420656,8967.466973662846,9290.536574464384,9591.863691240604,9842.548827795974,hurricane_cat3
Ciales,Central Mountains,2025,16179.066173464573,16262.593628630799,16368.69421395844,16503.881122121187,16646.08772475347,16786.415829944814,16842.886692809785,hurricane_cat3
Ciales,Central Mountains,2026,15307.389388682654,15418.411618292259,15676.317197725002,15987.193196021699,16249.900697204144,16563.044904471444,16766.295356708277,hurricane_cat3
Ciales,Central Mountains,2027,14459.433194843792,14642.936125381502,14937.438936048686,15394.800884299764,15862.285482754445,16207.92152527079,16517.430701191897,hurricane_cat3
Ciales,Central Mountains,2028,13507.655521104962,13871.063115571427,14239.031129575675,14779.296052636688,15399.536514173009,15819.419077888584,16230.702824920847,hurricane_cat3
Ciales,Central Mountains,2029,12684.702772781582,13194.770241921318,13635.404678814077,14243.744154129068,14974.444058910103,15583.059148804436,16101.073917863101,hurricane_cat3
Ciales,Central Mountains,2030,12070.700869915832,12501.06675546801,13061.973483591039,13765.15857272471,14630.835358120963,15395.709659482462,15781.85756642093,hurricane_cat3
Cidra,Central Mountains,2025,38564.50628247969,38614.32289578547,38747.66003045315,38950.94426824925,39181.23241893125,39330.83474328954,39431.09539747708,hurricane_cat3
Cidra,Central Mountains,2026,36966.40268444869,37051.85225748497,37380.04780669673,37800.91406990206,38180.57557111319,38563.451742158584,38767.5574720065,hurricane_cat3
Cidra,Central Mountains,2027,35071.8412468567,35314.03462754742,35704.03813777212,36473.88973885473,37021.220840354494,37593.63221095462,37866.689849694005,hurricane_cat3
Cidra,Central Mountains,2028,33105.79346983932,33500.23940588214,34156.503559426696,35041.42124158295,35820.82848207018,36567.691633767616,37007.75856409693,hurricane_cat3
Cidra,Central Mountains,2029,31419.794038636242,31972.06898505075,32738.79287979399,33813.497955857834,34878.017145929734,35601.988206834554,36334.668734511724,hurricane_cat3
Cidra,Central Mountains,2030,29805.53871485464,30594.305854306807,31337.0901544355,32567.52268669755,33903.01514119162,34867.96691622507,35661.46866723944,hurricane_cat3
Coamo,South,2025,32644.355981675584,32845.438697842816,33080.480338228575,33382.19084205433,33685.15659174589,33925.776799770996,34078.894775105284,hurricane_cat3
Coamo,South,2026,30757.594617533807,31110.230051441114,31610.714410414308,32193.7132269993,33073.808443092246,33592.46652477432,33850.117187803895,hurricane_cat3
Coamo,South,2027,28813.195266141247,29291.48941671512,30028.67645631279,31015.75484984448,32295.264317707784,33187.16708107786,33432.42819115715,hurricane_cat3
Coamo,South,2028,26855.19176360695,27596.153488292428,28478.800492199745,29768.291352912383,31285.19308419252,32493.404498553602,32857.11673541292,hurricane_cat3
Coamo,South,2029,25114.23864683192,26079.93531796671,27112.816280097686,28673.40110476847,30501.504845990094,31968.507241901476,32799.121256406856,hurricane_cat3
Coamo,South,2030,23791.702239893875,24551.56014872475,26034.311327983727,27806.75738291125,29798.423886888086,31686.9161348669,32558.84157161846,hurricane_cat3
Comerío,Central Mountains,2025,18251.601889889294,18284.260977094997,18333.16239056814,18379.130212418437,18438.392302737677,18475.741740063684,18493.921402176395,hurricane_cat3
Comerío,Central Mountains,2026,17516.77087907306,17583.094727727883,17698.902566768433,17817.9014381665,17925.80702637566,17992.604022914595,18043.899275400665,hurricane_cat3
Comerío,Central Mountains,2027,16702.746032963805,16806.69374873067,16984.27894962338,17151.553169212428,17303.115633239024,17456.80373373253,17522.62881253443,hurricane_cat3
Comerío,Central Mountains,2028,15943.620862880502,16043.613115333284,16276.269002758929,16511.86604905359,16682.12974659075,16890.11578438029,16967.078311256922,hurricane_cat3
Comerío,Central Mountains,2029,15251.429829293269,15363.588370549893,15631.36168074359,15934.649058449995,16138.47640411941,16405.972955537778,16513.1089769879,hurricane_cat3
Comerío,Central Mountains,2030,14628.929813264393,14756.833295401178,15080.487603585652,15416.92042582769,15661.311689199763,15992.586262170245,16163.63836328561,hurricane_cat3
Corozal,Central Mountains,2025,33315.3439516347,33471.75016763737,33648.50902624084,33862.207627965035,34082.45722173894,34299.508779160366,34418.91902967445,hurricane_cat3
Corozal,Central Mountains,2026,31738.814554885557,32020.04173119262,32424.44777031536,32854.55296822841,33312.48582748634,33673.74185489648,33975.911572709745,hurricane_cat3
Corozal,Central Mountains,2027,30026.44566103554,30446.142625773413,30918.074152263507,31682.632472295147,32346.046220352757,33014.8108886632,33524.583319259094,hurricane_cat3
Corozal,Central Mountains,2028,28244.370823494337,28643.063992836625,29563.41632161761,30474.25004653456,31399.40687237223,32297.45902584677,32719.357530644666,hurricane_cat3
Corozal,Central Mountains,2029,26572.289312818728,27127.627298543837,28299.910302503493,29429.04367925377,30554.623874256722,31563.944921948914,31986.38603188324,hurricane_cat3
Corozal,Central Mountains,2030,25125.970971210438,25686.906063900777,27153.455241227683,28527.497037706806,29845.29894486157,30771.085332394956,31710.57195067261,hurricane_cat3
Culebra,East,2025,1290.809733752322,1308.553529600647,1338.021682012994,1368.6847729183037,1396.2557453122088,1418.4413047066373,1433.2607796623067,hurricane_cat3
Culebra,East,2026,1178.4422707154733,1214.5303007971074,1274.2189013750708,1325.6211170940069,1382.6176567895066,1427.1624410867826,1468.3920617719923,hurricane_cat3
Culebra,East,2027,1060.8726865412768,1102.8947076932839,1200.091237997103,1275.6250402669857,1381.1433525351472,1449.5868874601713,1503.670402285718,hurricane_cat3
Culebra,East,2028,936.5927337370752,1006.1504686645067,1113.6687482741238,1234.619469327325,1361.2626689161368,1457.0641033551806,1598.130647302965,hurricane_cat3
Culebra,East,2029,870.356203138341,939.2563408934155,1042.1061330694058,1200.2010994922857,1362.4390256444788,1508.61643765714,1631.5981544380663,hurricane_cat3
Culebra,East,2030,777.8337560464989,870.8330575638573,973.6751119642536,1167.2561352539751,1358.2011529947224,1517.0833845791024,1664.0993020745232,hurricane_cat3
Dorado,North,2025,34910.88301145414,34988.13520286642,35089.10357854946,35199.906256643284,35319.76218800504,35435.0076321814,35513.380681760624,hurricane_cat3
Dorado,North,2026,33526.19248587004,33707.48763030077,33951.953615837236,34164.6312731137,34409.06748513904,34609.032534777616,34708.597289316596,hurricane_cat3
Dorado,North,2027,32089.5454988568,32264.954428716286,32651.551279814248,32998.382771895194,33338.617032558046,33661.19236571768,33774.654849835235,hurricane_cat3
Dorado,North,2028,30501.92014512222,30804.326877802127,31291.622154688048,31758.78808915986,32296.566744015006,32645.98252567698,32930.52948221577,hurricane_cat3
Dorado,North,2029,28937.47247791665,29530.15628016799,30051.044349556087,30674.00798115495,31343.29731928322,31852.895469489813,32106.160451426553,hurricane_cat3
Dorado,North,2030,27883.726721877498,28345.29569710995,29000.01160109147,29768.292774426387,30430.50999977054,31023.93079746768,31401.20389930394,hurricane_cat3
Fajardo,East,2025,30299.27972471351,30461.536364231608,30743.94490899572,31033.244595050328,31318.52884788214,31597.919055992388,31787.415014916623,hurricane_cat3
Fajardo,East,2026,28479.412163754456,28957.03240011646,29423.148587937398,30124.336032890107,30618.59162866204,31207.86296327567,31454.72385946332,hurricane_cat3
Fajardo,East,2027,26852.716882158256,27114.325102024944,27861.336546749204,28820.76976899,29775.506805765875,30502.953609233806,31035.2024388148,hurricane_cat3
Fajardo,East,2028,24817.375694118793,25344.15968417913,26090.291038355157,27621.972706525743,29066.116248894865,29769.875391411806,30464.212182811876,hurricane_cat3
Fajardo,East,2029,23156.39727296457,23644.37500859823,24729.299636567957,26489.802418822346,28130.42140087826,29511.740088146114,30457.78576003388,hurricane_cat3
Fajardo,East,2030,21591.255197573264,22296.376305046608,23385.904837071572,25564.787352971965,27412.10281070776,28902.427200996914,30279.13664558089,hurricane_cat3
Florida,North,2025,11206.618265149264,11233.06896243295,11274.484751167458,11322.692794903982,11374.353264384466,11417.516116432986,11431.862672222507,hurricane_cat3
Florida,North,2026,10745.97076095474,10811.181819668505,10887.731571895547,10988.17268704007,11069.413759580413,11144.333102685137,11194.080691900735,hurricane_cat3
Florida,North,2027,10235.253899496354,10286.479101472436,10430.042006647102,10584.05889820589,10727.886990229705,10834.798781073778,10917.214947566623,hurricane_cat3
Florida,North,2028,9675.126905417817,9814.905335113554,9961.658596490439,10173.163165211514,10372.615965443118,10523.662815862954,10677.436321994208,hurricane_cat3
Florida,North,2029,9178.28808044226,9376.640248724469,9548.411531242193,9801.196534754568,10066.073895571106,10264.520714619963,10433.903969466726,hurricane_cat3
Florida,North,2030,8812.13100470319,8980.31476555983,9188.323963476412,9482.281464512718,9814.183432030433,10004.588195429735,10150.078784633726,hurricane_cat3
Guayama,South,2025,34052.93054391586,34160.52679712755,34433.711056922395,34684.05677829596,34867.92496934187,35096.044654805366,35203.65123050514,hurricane_cat3
Guayama,South,2026,32490.057906450114,32633.088570516193,33033.60321425884,33519.86129190923,33978.75780206154,34419.0950267843,34643.91832296347,hurricane_cat3
Guayama,South,2027,30572.182071766096,30953.369215543462,31556.77210360617,32129.7532471444,33085.443797314045,33545.35036246552,33764.15630110774,hurricane_cat3
Guayama,South,2028,28609.415874167513,29239.15799746946,30030.540156603023,30921.481203985484,32057.724661759148,32699.60960712589,33192.67533626439,hurricane_cat3
Guayama,South,2029,27081.243366337974,27637.757731545677,28782.873960123095,29752.698559093715,30934.68476366205,31940.305422457917,32667.914977463588,hurricane_cat3
Guayama,South,2030,25638.850421035586,26361.10302181812,27492.094292147638,28835.419849124708,29946.123902374286,31510.01167241269,32265.669102567514,hurricane_cat3
Guayanilla,South,2025,16705.850112813845,16740.212603763655,16792.078147291366,16848.4368426052,16889.73329209217,16952.084551698186,16972.527789929612,hurricane_cat3
Guayanilla,South,2026,16016.193144663455,16088.058972581666,16180.118415938361,16297.313072168236,16408.977092744084,16509.45006062282,16567.875840215514,hurricane_cat3
Guayanilla,South,2027,15294.616169906894,15339.615992135488,15483.954411617977,15675.254431093766,15856.520280742341,15988.953462356103,16133.902843859467,hurricane_cat3
Guayanilla,South,2028,14475.819168079193,14609.87746690745,14826.739109691393,15035.98130901637,15282.36437842989,15501.642373418736,15652.66071568421,hurricane_cat3
Guayanilla,South,2029,13758.67057067998,13985.629758265502,14244.784593590393,14483.263367225016,14778.515924875013,15119.527622593021,15262.025949964154,hurricane_cat3
Guayanilla,South,2030,13166.335110590415,13420.186406483543,13692.246443012014,13969.094272750419,14340.453053417405,14685.70000082223,14979.049616005075,hurricane_cat3
Guaynabo,Metro,2025,86122.0507894987,86487.5188865013,87160.35256141613,87803.18443879008,88489.17332465615,89046.27579663077,89466.27933122583,hurricane_cat3
Guaynabo,Metro,2026,81992.17886945879,82669.41933193398,83819.74619218588,84970.05373183716,86450.85378092086,87624.08615940298,88340.89288481463,hurricane_cat3
Guaynabo,Metro,2027,77549.03091182471,78582.60255875706,80135.85980391907,81969.46550584125,84083.27362074357,85819.96334565394,86753.92899669985,hurricane_cat3
Guaynabo,Metro,2028,72893.45984045842,74210.5705911492,76540.2603025635,78937.7862803347,81743.41486788954,83609.0710711171,85636.51484723868,hurricane_cat3
Guaynabo,Metro,2029,68744.12027885146,70457.13115987022,73527.29703705455,76105.49307976116,79787.86303539392,82618.69605820466,84091.75963090219,hurricane_cat3
Guaynabo,Metro,2030,65040.59497268006,66854.2045921735,70437.73249074514,73760.25476923955,77498.04953080355,80705.8196230028,84002.54596325975,hurricane_cat3
Gurabo,East,2025,38148.19221516,38319.95145330648,38867.93385153781,39335.380787341426,39944.92047494095,40358.186998435645,40689.086299802635,hurricane_cat3
Gurabo,East,2026,35754.93229725622,36173.21611471261,36984.62939759658,37935.86410290752,39161.714202784926,39862.51869669618,40321.07097389292,hurricane_cat3
Gurabo,East,2027,32737.682137670377,33277.547349781344,34646.862902255736,36370.42802031197,38051.40864135159,39206.16448768192,40092.8953541597,hurricane_cat3
Gurabo,East,2028,29868.951831971895,30894.685747109525,32692.401511215874,34907.608538917164,36648.423148719165,38947.94624147629,39583.232574272384,hurricane_cat3
Gurabo,East,2029,27702.25275559997,28397.677854934173,30786.903258407197,33668.56072552285,35981.087317329744,38369.55616911116,39737.30852903668,hurricane_cat3
Gurabo,East,2030,25327.766621167535,26347.574365632212,29409.126134635553,32263.126483733526,34948.44561463613,38339.91163932588,39419.92705498952,hurricane_cat3
Guánica,West,2025,12407.138482434168,12449.595394168788,12534.96028766461,12617.650144394916,12722.808175160375,12806.659849207912,12836.935692349158,hurricane_cat3
Guánica,West,2026,11787.07003179897,11870.679505707521,12005.022780983283,12226.64708239006,12391.656138248978,12529.300021432406,12638.074099207855,hurricane_cat3
Guánica,West,2027,11032.132281200242,11215.152270114218,11464.165215046138,11720.676791983718,12034.439814608559,12281.948197152162,12440.22104791644,hurricane_cat3
Guánica,West,2028,10295.813433968757,10530.514036798279,10902.7920515366,11263.67881689952,11654.880307796806,11998.210687316694,12338.02157088549,hurricane_cat3
Guánica,West,2029,9644.859726474879,9943.52909787788,10402.308672107556,10857.395135332172,11345.758108295266,11815.755207877264,12054.89660013355,hurricane_cat3
Guánica,West,2030,9099.07775886519,9451.678639203286,9996.408395243634,10517.049240903136,11088.257164430353,11652.711492739802,11989.824301970919,hurricane_cat3
Hatillo,North,2025,37163.407405259866,37214.74682459124,37356.17574484524,37475.83233309611,37606.137767590364,37717.168613361384,37765.0762957821,hurricane_cat3
Hatillo,North,2026,35670.488586350315,35872.903831197815,36075.66457501172,36367.3926406896,36638.2661494996,36836.82370569587,36937.61811616931,hurricane_cat3
Hatillo,North,2027,34098.83642577407,34277.672103491626,34714.17834027899,35075.21441451956,35453.180421361285,35774.75119945451,36056.454328955886,hurricane_cat3
Hatillo,North,2028,32410.30789323273,32739.01300011966,33318.57516354119,33815.274171755416,34264.476625864074,34701.667306596166,35026.23040695432,hurricane_cat3
Hatillo,North,2029,30926.40388339411,31358.511663518602,31976.950303375226,32691.22700221519,33176.79251449203,33754.529056480154,34232.64032282154,hurricane_cat3
Hatillo,North,2030,29443.62498809696,30141.080024521212,30801.53109123915,31707.4911255171,32236.681703309103,33074.60347941796,33478.269661406026,hurricane_cat3
Hormigueros,West,2025,15079.134909482837,15098.173892553315,15126.959651659996,15170.82767311221,15209.661501389295,15247.11240013484,15269.90910595309,hurricane_cat3
Hormigueros,West,2026,14513.097895273828,14541.932538582749,14611.633408455427,14705.430444760714,14795.128113147946,14879.063218583538,14930.538676133145,hurricane_cat3
Hormigueros,West,2027,13855.387767600594,13915.97372221105,14041.466756705007,14168.131007929103,14310.311091209715,14423.232964156345,14488.700488780349,hurricane_cat3
Hormigueros,West,2028,13222.280188392913,13319.996964982027,13484.057678704683,13623.017046736666,13822.234628991459,13991.858484471039,14063.9583807948,hurricane_cat3
Hormigueros,West,2029,12627.243606110465,12750.711946124156,12954.528927292142,13155.164971283708,13399.501678825665,13578.114194678492,13671.705885538566,hurricane_cat3
Hormigueros,West,2030,12118.998876991804,12262.100848017793,12479.667780872252,12711.134284733693,12969.209519736854,13203.465199181917,13312.321325510336,hurricane_cat3
Humacao,East,2025,48856.68122627468,48926.45740555214,49079.24906160592,49247.88694350172,49380.206421631214,49484.793038175856,49595.94042605172,hurricane_cat3
Humacao,East,2026,46905.63450439713,47067.91741707067,47304.26279153692,47623.36521611622,47898.08500821152,48150.32953341837,48279.813117222,hurricane_cat3
Humacao,East,2027,44675.81329481822,44897.01109474507,45302.557122087106,45731.69563838896,46220.08220487936,46475.654280014176,46799.67648738177,hurricane_cat3
Humacao,East,2028,42522.24104982952,42768.02091533896,43269.15354374167,43811.36908119901,44412.800819075455,44911.94467295893,45261.68637263895,hurricane_cat3
Humacao,East,2029,40636.91044516728,40916.491725137166,41491.93026631062,42156.06389002406,42911.04284031976,43405.441100013406,43984.36467211523,hurricane_cat3
Humacao,East,2030,38785.7094997839,39249.32913348945,39927.3229176042,40690.53902603875,41532.2340395465,42226.173698554674,42821.9499648421,hurricane_cat3
Isabela,West,2025,41385.3180191484,41564.77707237405,41837.943036614575,42136.34168495712,42461.96968348014,42788.390220848254,42943.00892213418,hurricane_cat3
Isabela,West,2026,39431.44332729326,39690.76356995729,40212.91178750166,40815.93545438309,41509.44058834165,42105.68945205165,42458.40763526803,hurricane_cat3
Isabela,West,2027,37383.32848254907,37809.597795275404,38439.02206742975,39271.385035968065,40265.89514569768,41326.30298612479,41806.47604420329,hurricane_cat3
Isabela,West,2028,35254.947701596735,35810.834630195466,36632.75080717143,37893.58126078928,39126.59149289824,40426.92059535999,40896.84086912194,hurricane_cat3
Isabela,West,2029,33291.99347918697,33922.54216756405,35160.64326758338,36465.18329470934,38116.073320766234,39706.406266732454,40615.24714563066,hurricane_cat3
Isabela,West,2030,31786.921811665718,32334.992015754753,33582.748870476324,35335.70897711365,36898.679710447585,39059.450244974,40386.64979091085,hurricane_cat3
Jayuya,Central Mountains,2025,14075.713003720835,14125.520135022844,14201.061026630934,14307.221547984624,14412.190736255327,14513.45160671296,14580.043698610987,hurricane_cat3
Jayuya,Central Mountains,2026,13430.351172914983,13504.787603191318,13636.912096086933,13882.311268249909,14070.750173879136,14259.218160655742,14357.031167219195,hurricane_cat3
Jayuya,Central Mountains,2027,12718.361637959177,12812.020145502116,13064.91230098807,13342.984284407388,13630.897800815139,13963.022473331499,14159.18126537436,hurricane_cat3
Jayuya,Central Mountains,2028,11914.231660261208,12143.86323615483,12436.007633529756,12835.883251123,13215.70620806173,13642.571278259164,13997.256460549861,hurricane_cat3
Jayuya,Central Mountains,2029,11314.862298199414,11546.994810289561,11946.627318708546,12394.365470991756,12932.706318204471,13310.167872793134,13890.558627785551,hurricane_cat3
Jayuya,Central Mountains,2030,10737.45227514292,11041.692500930347,11436.484205661345,11995.509652929059,12571.79520139446,13127.277701029589,13577.863283242878,hurricane_cat3
Juana Díaz,South,2025,44818.09012543889,44924.56350536932,45099.106919815655,45349.74405970772,45613.02745384556,45837.37027793163,45920.62087365817,hurricane_cat3
Juana Díaz,South,2026,42791.58782215286,43014.137614376305,43378.92822751509,43889.988223936,44436.8154720976,44869.43819091092,45076.52960307318,hurricane_cat3
Juana Díaz,South,2027,40435.829165567404,40765.815396076796,41433.20177676573,42182.18449558804,42910.42179580596,43832.67405276194,44051.286797935005,hurricane_cat3
Juana Díaz,South,2028,38248.97678558988,38669.53362682556,39581.48307832867,40524.60548049933,41447.825702178634,42557.527182516395,43070.66803855117,hurricane_cat3
Juana Díaz,South,2029,36178.75273232279,36665.29857092811,37886.47003704264,39042.47132843949,40038.326212056476,41472.72202104027,42088.74690925011,hurricane_cat3
Juana Díaz,South,2030,34453.45797313088,34965.781571380656,36233.46863970442,37672.866221240416,38905.01513752959,40342.76986520155,41246.18244825034,hurricane_cat3
Juncos,East,2025,35894.11618688595,35967.6385854086,36072.10112185223,36220.31757270392,36373.81257948839,36485.279948659794,36538.97241162314,hurricane_cat3
Juncos,East,2026,34372.32090003679,34562.55347709763,34809.270786789704,35020.47056644174,35343.53198443696,35549.010583904754,35687.93987011336,hurricane_cat3
Juncos,East,2027,32578.507458843156,32825.87800032047,33188.08175382709,33647.75589197026,34108.27046486118,34469.25037928973,34676.35569468008,hurricane_cat3
Juncos,East,2028,30934.01318288747,31172.221015628245,31560.80822737235,32283.10593006313,32814.63507075672,33356.19673475821,33572.91169410204,hurricane_cat3
Juncos,East,2029,29379.876565297272,29623.745491154143,30182.865370671054,31017.632260378683,31659.335912545816,32370.34285252735,32552.888480539714,hurricane_cat3
Juncos,East,2030,28056.74140175877,28402.624121259545,29074.075947381138,29968.519659560327,30682.774547852146,31426.311407699923,31817.789014692502,hurricane_cat3
Lajas,West,2025,22213.189133995616,22335.170652133464,22503.147815118038,22669.39209314367,22817.7024802437,22923.573271533598,23063.27967883433,hurricane_cat3
Lajas,West,2026,21191.75893137595,21346.604765178898,21641.47206050816,22011.748149254883,22308.179277163945,22570.376309192154,22792.779104445795,hurricane_cat3
Lajas,West,2027,20163.27872995372,20311.187318282984,20665.838194287655,21264.351313409577,21715.678639453552,22151.141190850274,22423.61065681187,hurricane_cat3
Lajas,West,2028,18952.903992049094,19292.61557537372,19792.491315156614,20435.91751455728,21051.76705463222,21755.347954256955,22055.331734035724,hurricane_cat3
Lajas,West,2029,17983.772489523035,18356.828349583906,18843.728362036698,19667.460677113788,20441.70222972212,21239.852998408922,21845.61210808625,hurricane_cat3
Lajas,West,2030,17119.2309125422,17409.58667990259,18070.299258378516,19013.160969138335,19877.48710496562,20849.305083777603,21451.950158553555,hurricane_cat3
Lares,Central Mountains,2025,26397.219549715737,26560.27859520492,26945.31458170901,27368.133011834507,27853.790066312624,28326.10680910586,28478.215626333204,hurricane_cat3
Lares,Central Mountains,2026,24172.58082745024,24584.549784130057,25480.555955293294,26607.699579188244,27415.282575961814,28336.18380519855,28944.89859490454,hurricane_cat3
Lares,Central Mountains,2027,22104.09959959584,22683.669112911175,23855.468001550485,25506.71201817764,26857.127625039382,27995.79331825505,29213.6013052113,hurricane_cat3
Lares,Central Mountains,2028,20133.24650142317,20925.56776664559,22370.248800392357,24356.475074558544,26051.603897290246,27679.135161960974,28950.561197363,hurricane_cat3
Lares,Central Mountains,2029,18052.70682196913,19092.75791506469,21315.246711576037,23582.381911767843,25809.869356182713,27357.12969231219,28843.956768970285,hurricane_cat3
Lares,Central Mountains,2030,16667.16474136051,17690.379835749223,20310.07584438966,22925.255965429158,25439.60962579366,27384.18111047699,29112.564535752044,hurricane_cat3
Las Marías,West,2025,8344.549766734335,8388.589328368402,8474.999457517131,8571.121065575302,8676.995250205942,8776.99609649273,8821.409553732412,hurricane_cat3
Las Marías,West,2026,7779.74996345317,7931.132095814086,8110.203340729555,8316.542390682882,8519.463902029247,8690.364726673313,8765.678895170007,hurricane_cat3
Las Marías,West,2027,7271.46115510789,7380.360049134348,7718.7132838384005,8041.748588408542,8331.20466104936,8557.58625021218,8679.296408084023,hurricane_cat3
Las Marías,West,2028,6705.196811581566,6942.875571743309,7232.525746758142,7792.645778368954,8157.536919022403,8423.853300644207,8655.133117703388,hurricane_cat3
Las Marías,West,2029,6238.337883537163,6465.288761947639,6836.458227611307,7486.74157804596,7938.905338514936,8373.104117634673,8633.97776528052,hurricane_cat3
Las Marías,West,2030,5897.1622251583285,5998.340576983855,6496.574711171165,7157.208370634709,7862.39531003083,8303.13287194256,8614.719112556873,hurricane_cat3
Las Piedras,East,2025,33907.84659824233,33972.582433217045,34158.12424450906,34335.812187949836,34536.57893429402,34703.904858325324,34774.44101011549,hurricane_cat3
Las Piedras,East,2026,32290.488149996887,32475.530110140775,32787.799426892445,33170.50191454449,33623.14562651574,33967.70070557704,34248.603299612754,hurricane_cat3
Las Piedras,East,2027,30610.845880700905,30811.594781616648,31194.272579507407,31782.982103204806,32548.04639869429,33013.560272742856,33390.51277632273,hurricane_cat3
Las Piedras,East,2028,28811.080053460642,29087.18364759563,29648.045615165232,30474.488566841304,31355.214470487597,31996.057922115786,32439.309238529142,hurricane_cat3
Las Piedras,East,2029,27098.51649216708,27577.0719136997,28368.633898671906,29287.72896099723,30250.53914591486,31141.49898602898,31773.35041568537,hurricane_cat3
Las Piedras,East,2030,25736.353635514846,26231.392230137706,27159.992093013076,28204.986865670195,29432.50804214412,30450.067825982645,30964.541604918788,hurricane_cat3
Loíza,East,2025,22194.524284573625,22216.348970292256,22281.974051507466,22362.58681143115,22434.1064335268,22511.874701536744,22537.97658762192,hurricane_cat3
Loíza,East,2026,21250.476717133864,21323.834625331885,21466.734361951116,21614.030935633116,21749.883985377404,21859.637190275942,21953.334775312615,hurricane_cat3
Loíza,East,2027,20247.675600194187,20327.025938412462,20534.51296637484,20758.686615667142,20944.158411050747,21082.746509707846,21211.924759081845,hurricane_cat3
Loíza,East,2028,19180.18308568726,19296.095512084044,19619.903471200643,19915.218941741237,20111.757437058255,20324.187243647975,20468.315371842014,hurricane_cat3
Loíza,East,2029,18265.39154960261,18397.59648556141,18804.579206406946,19144.799217588974,19425.258538599497,19704.177872070893,19817.102093901016,hurricane_cat3
Loíza,East,2030,17426.857257870914,17615.390715015004,18035.07992212004,18451.121272613324,18799.59231754586,19123.094428816254,19328.00187282431,hurricane_cat3
Luquillo,East,2025,17088.284304527675,17126.01939940804,17184.804396828666,17230.239801101634,17280.340710647077,17328.050357329295,17353.96216677893,hurricane_cat3
Luquillo,East,2026,16354.083146138988,16456.25530466815,16559.66809334867,16669.859387325676,16774.495482107166,16858.871355040916,16912.496582667984,hurricane_cat3
Luquillo,East,2027,15612.439632528538,15687.415242722349,15847.548413452623,16014.632697501818,16158.396085050783,16307.907295011317,16411.857312666096,hurricane_cat3
Luquillo,East,2028,14838.776395035002,14950.867775283123,15121.418093919345,15344.987446298495,15545.690607479759,15743.63619249984,15864.044293302675,hurricane_cat3
Luquillo,East,2029,14156.642766103625,14237.595928396033,14466.876992541374,14773.611431724345,14997.849848253474,15239.635361233475,15404.219776809154,hurricane_cat3
Luquillo,East,2030,13544.929041534137,13693.544289189182,13900.814730887269,14203.772767077924,14553.063757367738,14807.684552751516,15056.059076928805,hurricane_cat3
Manatí,North,2025,37695.015619148704,37834.97847860505,37978.882954787055,38257.34701481955,38455.36539770688,38731.11237391872,38861.50518843764,hurricane_cat3
Manatí,North,2026,36072.22937774591,36272.01309401538,36540.39975110409,37015.37089178628,37543.84805429129,37924.144963559804,38251.85312990999,hurricane_cat3
Manatí,North,2027,34122.82739281519,34420.05236830104,34994.20484309644,35733.695275962826,36536.90391310169,37211.86222004277,37564.076200458105,hurricane_cat3
Manatí,North,2028,32294.304422338228,32714.24493652947,33382.95752360789,34329.441445913784,35441.36086231572,36313.21923122903,36947.037369722406,hurricane_cat3
Manatí,North,2029,30537.958809412532,31071.819983691494,31975.498442394914,33209.552304607496,34442.53901767733,35650.98188284633,36594.32163547223,hurricane_cat3
Manatí,North,2030,28982.548807116873,29467.638032211627,30829.9942152114,32210.09117950633,33559.072079262325,35207.79358164999,36012.489556188186,hurricane_cat3
Maricao,West,2025,4770.713596681651,4789.043469211772,4838.407500135392,4881.907367989805,4934.014076236492,4996.844128813088,5025.53566105575,hurricane_cat3
Maricao,West,2026,4486.109290526495,4523.0243899838315,4619.086503423241,4733.896368221433,4853.618605654973,4936.907473187606,4974.497754642765,hurricane_cat3
Maricao,West,2027,4114.883531077804,4222.489487624442,4386.369044636102,4565.430473836763,4729.780087857691,4840.46988985403,4921.7908260011,hurricane_cat3
Maricao,West,2028,3829.164744407584,3955.7515548743163,4165.971194904333,4394.08327600632,4601.555229525191,4791.820439780545,4871.867389583401,hurricane_cat3
Maricao,West,2029,3500.149505316443,3708.771662916977,3956.862394958494,4224.063693978167,4511.603310500938,4738.736240926046,4862.9858235894335,hurricane_cat3
Maricao,West,2030,3297.329195276038,3502.808545825418,3800.027318075824,4052.540590359782,4410.849672427199,4737.83596548607,4847.186902292704,hurricane_cat3
Maunabo,East,2025,10116.038995624707,10143.453073668998,10183.505401320353,10224.515308746373,10266.580859366406,10303.347172866577,10329.395426925652,hurricane_cat3
Maunabo,East,2026,9655.048283552636,9725.221911625022,9816.765209554324,9894.207465134581,9976.482995455037,10055.872703784844,10090.641596075608,hurricane_cat3
Maunabo,East,2027,9188.814274492432,9253.959454075462,9392.032949670516,9524.1828057278,9628.044561952074,9722.147427357551,9821.41938187846,hurricane_cat3
Maunabo,East,2028,8713.442739980032,8788.717707090686,8971.549163901676,9121.216928979176,9285.90681826384,9416.310131452232,9504.0721104482,hurricane_cat3
Maunabo,East,2029,8311.119091404635,8388.674984415306,8604.423003681148,8762.757792704553,8981.799582959977,9155.06373857562,9275.054514865069,hurricane_cat3
Maunabo,East,2030,7908.0583556075835,8047.456900132166,8237.774519427443,8436.260894573239,8697.395176703045,8925.625576072907,9081.894649913254,hurricane_cat3
Mayagüez,West,2025,68820.54352543887,69013.31320475365,69235.83473207013,69562.61640111584,69874.11794532505,70093.52970406394,70273.53026721926,hurricane_cat3
Mayagüez,West,2026,66158.21887029624,66256.34075740978,66775.91001057187,67388.73858800184,68104.8312999716,68677.82379436526,69081.09571151865,hurricane_cat3
Mayagüez,West,2027,62759.29556405318,63071.51212817953,63884.5585134601,64922.80280852146,66057.15763904693,66762.2852729415,67227.07864854038,hurricane_cat3
Mayagüez,West,2028,59271.98081244706,60077.43213954744,60997.28365028658,62476.583551287375,64026.99462459393,64957.894434199654,65832.26735699203,hurricane_cat3
Mayagüez,West,2029,56354.57852793138,57176.02394620667,58292.6544045969,60293.23186990783,61952.04397855047,63234.235611289885,64767.372468932925,hurricane_cat3
Mayagüez,West,2030,53671.69708703864,54725.25858313767,55899.43771859792,58455.14383757054,60115.57894731575,62079.68864325541,63085.87171168844,hurricane_cat3
Moca,West,2025,36038.2270186571,36159.240066153194,36410.26923152735,36764.89184481699,37083.513617747616,37372.17028547818,37495.44715284428,hurricane_cat3
Moca,West,2026,34103.309277960645,34381.44862146447,34882.370498079305,35598.68841393501,36342.044170640176,36905.05527598269,37157.203469831264,hurricane_cat3
Moca,West,2027,31959.597072825465,32241.087356765624,33220.05924231487,34190.60786964283,35410.394437717776,36164.20302748202,36571.974621432884,hurricane_cat3
Moca,West,2028,29983.29539621819,30322.71367786883,31564.872748936963,32784.013799333974,34180.42314733003,35668.24272149351,35947.65379542293,hurricane_cat3
Moca,West,2029,28126.452961406372,28647.974796804243,30041.225160399503,31633.842898418967,33213.57670988256,34736.727145850535,35612.22482110388,hurricane_cat3
Moca,West,2030,26331.08820454534,27216.909537181025,28670.84649219679,30540.450244006453,32504.33434416201,34039.80864411474,35779.26973570095,hurricane_cat3
Morovis,Central Mountains,2025,27507.84162619742,27622.621094498045,27744.870880616374,27892.164740051783,28052.35175847417,28197.450506744437,28283.127637611004,hurricane_cat3
Morovis,Central Mountains,2026,26228.068672991765,26534.412244067396,26728.341559783505,27065.671712590163,27304.897940636536,27642.803146585822,27755.137891077513,hurricane_cat3
Morovis,Central Mountains,2027,24854.734265907755,25162.484425782874,25626.3519287939,25997.095883592523,26487.5506968975,26944.806758401508,27244.671490713987,hurricane_cat3
Morovis,Central Mountains,2028,23523.24546593566,23769.670321725713,24408.52707498926,25045.773683335392,25642.858102611848,26232.69371371937,26650.815367042218,hurricane_cat3
Morovis,Central Mountains,2029,22308.479850755466,22563.013358776243,23368.08319306792,24212.723065469665,24949.10928055685,25685.445269586988,26074.740133731404,hurricane_cat3
Morovis,Central Mountains,2030,21146.779523480338,21551.596778391202,22427.1347021023,23413.116965884445,24212.003345319004,25144.17089978579,25895.32080533015,hurricane_cat3
Naguabo,East,2025,22132.577588899458,22268.760513193585,22440.070977745454,22635.318809192067,22875.110824700903,23138.549806124014,23240.21486279241,hurricane_cat3
Naguabo,East,2026,20847.54363041056,21052.47255029143,21490.531042425035,21912.00602375123,22403.027630277433,22770.985476875663,22908.675647306532,hurricane_cat3
Naguabo,East,2027,19364.21226053256,19575.535573634053,20469.886245403148,21183.177918369136,21790.481635516982,22274.66675257434,22699.550668686352,hurricane_cat3
Naguabo,East,2028,17966.337807092124,18499.136010717582,19405.711270221946,20442.46152112663,21225.810598783126,21978.603699781284,22534.45016639247,hurricane_cat3
Naguabo,East,2029,16758.751487009522,17445.871301042404,18518.9822078333,19618.52942266644,20701.90595208515,21647.57022732843,22452.860852597143,hurricane_cat3
Naguabo,East,2030,15813.215256297282,16463.659226171458,17798.23957840838,18936.94089571374,20242.65064510912,21360.55149118558,21930.83688535777,hurricane_cat3
Naranjito,Central Mountains,2025,28273.67344102816,28341.43683933806,28527.301492153343,28770.287956619657,28922.18830971256,29126.2344706147,29228.60758031884,hurricane_cat3
Naranjito,Central Mountains,2026,26848.61711005944,27000.33609220321,27462.531296902795,27853.20617146853,28110.89926363786,28540.624362548508,28708.098853356776,hurricane_cat3
Naranjito,Central Mountains,2027,25176.342075324486,25498.174142808162,26122.257452980295,26750.888462284922,27228.609033907913,27867.99116402477,28123.622585431967,hurricane_cat3
Naranjito,Central Mountains,2028,23672.48985809183,24158.850372568944,24820.137635339095,25667.388134411176,26409.886787661846,27166.564338207158,27536.80003381033,hurricane_cat3
Naranjito,Central Mountains,2029,22167.159343447456,22809.89569431636,23725.307089256272,24720.53040686843,25651.419179859437,26394.34729275052,26724.581439066253,hurricane_cat3
Naranjito,Central Mountains,2030,20935.865277525452,21536.784741484782,22706.588541349378,23835.73133259505,24834.91469157637,25825.155082115863,26523.999424160073,hurricane_cat3
Orocovis,Central Mountains,2025,20547.11980968951,20643.67443242167,20778.622934179053,20922.070209120713,21063.89710330596,21188.67142294279,21243.31288791093,hurricane_cat3
Orocovis,Central Mountains,2026,19552.649121910174,19692.929805068696,19970.939888280896,20237.24011672764,20503.807075610974,20800.167394018616,20932.819871175703,hurricane_cat3
Orocovis,Central Mountains,2027,18469.53562704611,18662.721500342814,19034.895067960824,19456.445067800778,19932.737227853682,20212.42740216107,20502.999492915493,hurricane_cat3
Orocovis,Central Mountains,2028,17289.52768408668,17679.776862864735,18137.74667651671,18705.02811777405,19237.419830697312,19644.642317624068,19813.24484127271,hurricane_cat3
Orocovis,Central Mountains,2029,16232.92578067116,16826.450661238512,17275.935748627722,18019.364864490504,18627.815344752886,19175.63773198555,19450.52802782605,hurricane_cat3
Orocovis,Central Mountains,2030,15420.353153176144,15982.195361446666,16526.258661683503,17370.787930165647,18029.721760330205,18791.904922719543,19060.20928806989,hurricane_cat3
Patillas,South,2025,15184.359627189024,15209.267206367382,15246.791403330826,15286.59625231936,15322.164129339295,15364.926388260517,15389.414649376036,hurricane_cat3
Patillas,South,2026,14606.538074807384,14645.848099152649,14722.326021858988,14806.451985356358,14869.876757213584,14950.794297996183,14999.793812627948,hurricane_cat3
Patillas,South,2027,13944.016817481946,13994.189174377709,14125.652567268287,14240.59381299001,14352.02286726003,14458.065996085097,14523.79489383443,hurricane_cat3
Patillas,South,2028,13259.03631974854,13373.019627021002,13518.413564128745,13664.48074861389,13862.787745516776,13981.558255888598,14100.139994023935,hurricane_cat3
Patillas,South,2029,12652.13577644617,12790.201535749451,12942.32989010116,13124.126056008954,13407.754961014267,13549.34667419803,13701.606147562787,hurricane_cat3
Patillas,South,2030,12150.481980479124,12287.785325300922,12443.49246026659,12688.573511545119,12959.388162193965,13134.462787131182,13330.008431313798,hurricane_cat3
Peñuelas,South,2025,19130.39830364636,19217.283401280652,19329.61859103704,19492.490683364238,19634.4591518859,19814.22091215054,19892.247886940615,hurricane_cat3
Peñuelas,South,2026,18154.457572825508,18264.95689316158,18501.334552629945,18901.384604872517,19194.580160886424,19489.32849907344,19690.51140437668,hurricane_cat3
Peñuelas,South,2027,16997.28409662906,17208.83663589391,17571.154767583874,18112.167409221303,18605.957818044313,19085.401696708836,19289.834714369586,hurricane_cat3
Peñuelas,South,2028,15911.674621701135,16195.690706235195,16717.256052959652,17317.559797802543,18055.477578200036,18663.11459214137,18960.137803831545,hurricane_cat3
Peñuelas,South,2029,14962.004897711477,15303.674436677185,15801.345493042545,16682.59420383655,17493.518715202455,18400.69963925342,18768.570661516056,hurricane_cat3
Peñuelas,South,2030,14093.780107691959,14564.125684787385,15102.35887601787,16080.507263127976,16973.306641137253,17948.04413024159,18594.77689902897,hurricane_cat3
Ponce,South,2025,128426.54135325467,128940.26107829942,129638.94469523014,130451.07936581998,131283.46066636182,131957.70065053328,132370.44298025916,hurricane_cat3
Ponce,South,2026,122580.76751636261,123367.13621857218,124727.77022344683,126237.58188076358,127743.07211463114,129050.80007630131,130065.29589738532,hurricane_cat3
Ponce,South,2027,115846.63403822966,116854.05401039524,119193.97027217547,121457.88047560798,123545.14862331131,125440.99340032312,127015.90086402395,hurricane_cat3
Ponce,South,2028,108810.5905912725,110656.57876469704,113459.95239027293,116741.65280618193,119281.4478222372,122171.23045173658,124254.40843789229,hurricane_cat3
Ponce,South,2029,102706.24573063731,105129.54690965875,108660.1867677991,112264.56152823442,115488.42372271937,119216.96563819805,121420.7101399094,hurricane_cat3
Ponce,South,2030,97531.67168587926,100044.87235971577,103989.19991635384,108011.95956550876,112766.0095843109,116324.44749247275,118442.29501066945,hurricane_cat3
Quebradillas,North,2025,22747.529243299494,22795.030473995106,22883.064589963997,22977.00294678862,23078.66213911886,23170.165812319443,23272.356912177333,hurricane_cat3
Quebradillas,North,2026,21826.270323994348,21908.518719392607,22085.010071091372,22259.055614330173,22454.182877380772,22659.833963616427,22818.384940663436,hurricane_cat3
Quebradillas,North,2027,20792.478377873733,20920.245444436005,21186.358007680916,21423.929197616446,21762.047561833475,22015.46001392384,22179.936848769037,hurricane_cat3
Quebradillas,North,2028,19720.070815354815,19918.165584035807,20272.27535612532,20609.52252510915,21031.828820240517,21339.384475106606,21649.453068107534,hurricane_cat3
Quebradillas,North,2029,18764.47287630996,19010.029267474274,19483.54733101575,19885.405391021686,20365.484309440966,20737.03105795809,21056.44812974493,hurricane_cat3
Quebradillas,North,2030,17969.235450737928,18132.63525172235,18730.64473934701,19157.260362152072,19772.88188185622,20127.50581890261,20622.983581195207,hurricane_cat3
Rincón,West,2025,14718.079543646878,14782.37438449093,14933.897511229974,15115.593130248993,15278.110084643431,15406.76920780497,15478.72741673996,hurricane_cat3
Rincón,West,2026,13829.813543843558,13997.346215108171,14299.147279371698,14640.945932539218,15050.541751751945,15297.793099501812,15399.154637183952,hurricane_cat3
Rincón,West,2027,12821.009599557952,13182.53697927302,13590.503752065702,14031.099848365944,14631.829763636251,15109.999536697933,15327.005002946767,hurricane_cat3
Rincón,West,2028,11904.857479951492,12221.410287863642,12895.160744996996,13582.369042756285,14239.577962778121,14919.618968326475,15114.561017139988,hurricane_cat3
Rincón,West,2029,11202.27922733472,11544.51150310372,12190.07802101497,13095.888482014614,13849.189646302122,14637.247748517068,15068.790381811194,hurricane_cat3
Rincón,West,2030,10500.295031366682,10875.12048663616,11721.087083720256,12640.23521207381,13593.26559312237,14440.355694359267,14934.542083951479,hurricane_cat3
Río Grande,East,2025,44846.68196939275,44939.50606198098,45055.045246896916,45269.07104105901,45416.05656995812,45573.523487395425,45684.31466761798,hurricane_cat3
Río Grande,East,2026,42969.93176642714,43179.410425111135,43414.16363421954,43757.62533028179,44107.78711856085,44369.12271284341,44559.69590709331,hurricane_cat3
Río Grande,East,2027,40761.10750352054,41083.57781451831,41426.95806580381,41992.9527847967,42531.96714340607,42894.23817637568,43141.2822958865,hurricane_cat3
Río Grande,East,2028,38756.66424924641,39132.243690026546,39534.61486755391,40237.38048636264,40894.732446212394,41443.10693054145,41742.52028514694,hurricane_cat3
Río Grande,East,2029,36845.90251700544,37282.15690541641,37842.72554339428,38608.94834077945,39522.08840096445,40201.366299838846,40442.5546414341,hurricane_cat3
Río Grande,East,2030,35275.72606888278,35636.3790500427,36317.94031546401,37200.52829817774,38273.55234510375,39078.05364056303,39276.55357876289,hurricane_cat3
Sabana Grande,West,2025,21700.822093653715,21767.379455182872,21864.269279364475,22020.858763154614,22144.53124068302,22263.45193844985,22358.639100568547,hurricane_cat3
Sabana Grande,West,2026,20752.97193415704,20888.309195945094,21070.320883568733,21343.28145844653,21615.037949230686,21911.684017687934,22053.630571497626,hurricane_cat3
Sabana Grande,West,2027,19754.141755443117,19918.075039167117,20273.867789530625,20548.71868539285,20972.626108715227,21440.655734735174,21609.941433761927,hurricane_cat3
Sabana Grande,West,2028,18631.536953083843,18950.55537352458,19396.229305405577,19785.918890044966,20365.63945953723,21031.121916766762,21272.712381544363,hurricane_cat3
Sabana Grande,West,2029,17760.408476930734,18011.344052766603,18666.68301174783,19057.989973203734,19820.451671613006,20523.43499696585,20970.289072287953,hurricane_cat3
Sabana Grande,West,2030,16773.77078766952,17253.34073805184,17895.893728984203,18461.55293294365,19224.91398888511,20143.789864459293,20516.517292123863,hurricane_cat3
Salinas,South,2025,24361.673248616677,24411.93964135731,24532.149914807203,24652.41632919725,24785.69819547166,24888.076429652177,24934.826827305573,hurricane_cat3
Salinas,South,2026,23341.538022577228,23412.374529527315,23637.935114290995,23849.703880150046,24158.926976885035,24348.250659534533,24497.403647248724,hurricane_cat3
Salinas,South,2027,22096.84634740268,22284.603118688447,22622.23906363548,22953.332407152222,23370.92583758122,23732.02996224064,23881.685798841376,hurricane_cat3
Salinas,South,2028,20877.416364109027,21099.81523115696,21515.465147803738,22093.65646855713,22592.3163544669,23138.68276017023,23266.612949703198,hurricane_cat3
Salinas,South,2029,19854.745308084508,20106.36480539366,20629.627540332338,21163.41678611083,21915.064160988248,22404.968993295814,22759.78722809546,hurricane_cat3
Salinas,South,2030,18957.33139187627,19160.270751520755,19784.588952103903,20446.46935572981,21271.066993570683,21878.613285214273,22287.980121788114,hurricane_cat3
San Germán,West,2025,30298.95183249662,30394.75417652762,30558.343876679475,30766.863393615356,30940.381421702397,31093.09547952489,31230.20271757892,hurricane_cat3
San Germán,West,2026,28927.176367461438,29074.371497852895,29402.243868303154,29808.590416260988,30205.364961886575,30476.09994079039,30728.304686432308,hurricane_cat3
San Germán,West,2027,27311.25613412962,27509.219215259498,28046.56117112062,28721.582921281053,29345.727255302114,29799.90211180144,29970.624678678727,hurricane_cat3
San Germán,West,2028,25778.62372242574,25973.85737412838,26737.234682649203,27593.6043152875,28368.85029492366,29050.438060841137,29547.404839883955,hurricane_cat3
San Germán,West,2029,24255.72655413929,24642.44856070875,25462.344125137533,26556.937756394927,27621.73814176446,28358.490571074348,29051.36902795272,hurricane_cat3
San Germán,West,2030,22802.296538979877,23376.878212225736,24346.805999061868,25558.79655583475,26906.578712699014,27847.38158042057,28638.897655908397,hurricane_cat3
San Juan,Metro,2025,324369.813883777,324964.0256250682,327485.60872067884,330058.55957999674,332617.0727813642,334544.193602874,335752.244815995,hurricane_cat3
San Juan,Metro,2026,306633.0158709849,309010.036963356,314092.2674026889,319033.0138682166,324672.0367878982,328583.7226084558,331768.108282125,hurricane_cat3
San Juan,Metro,2027,286669.0332204882,290985.90819022583,299462.74539237906,306725.6131964768,314190.43475663307,321986.9993516075,326388.21644252323,hurricane_cat3
San Juan,Metro,2028,267601.75400741806,276612.12641180446,284886.47565115243,295156.6525134424,304744.65922645415,312816.6214953317,321199.91286835435,hurricane_cat3
San Juan,Metro,2029,254939.13930870278,262372.1043080751,273668.96665793244,284525.2956278028,295819.18059354625,309811.4978999154,317030.00126165233,hurricane_cat3
San Juan,Metro,2030,242391.03184776678,246947.34556602946,262181.13953430403,274790.780471717,287975.1460689921,305382.35031560477,313696.19563327206,hurricane_cat3
San Lorenzo,East,2025,36228.47949228673,36356.71058261903,36586.957613001556,36775.72720263306,36978.912996848434,37154.13406621884,37255.573469333176,hurricane_cat3
San Lorenzo,East,2026,34574.30242237988,34715.820693209156,35160.97862918384,35614.5647928058,35975.17508328228,36390.615285974745,36645.11101914081,hurricane_cat3
San Lorenzo,East,2027,32746.15059007812,32961.45657614265,33462.18494016097,34166.86757022774,34816.7396509488,35277.15024242576,35802.71424288863,hurricane_cat3
San Lorenzo,East,2028,30863.74824834441,31180.397490248917,31932.644815166943,32721.04430512613,33602.22619981402,34270.38064295198,34764.01108667461,hurricane_cat3
San Lorenzo,East,2029,29321.95789787432,29712.987421835474,30491.444940557787,31526.008958585175,32535.207676456266,33466.39066986154,33954.10809717142,hurricane_cat3
San Lorenzo,East,2030,27772.73193737032,28271.577983662395,29211.015052264418,30536.12943655272,31490.248808483044,32594.314537364415,33130.02178709851,hurricane_cat3
San Sebastián,West,2025,37505.58306757127,37745.078348955634,38096.07859338734,38441.84559515812,38784.11353263252,39094.11124042022,39372.759688104044,hurricane_cat3
San Sebastián,West,2026,35443.49947409828,35995.09520281908,36542.916009244924,37318.94282901284,37976.49677500605,38545.98808302306,39045.32524877595,hurricane_cat3
San Sebastián,West,2027,33215.87854985778,33921.31306722764,34885.2796754872,35937.07069952779,37029.92997230863,38119.69026970583,38624.52116589874,hurricane_cat3
San Sebastián,West,2028,30907.279413017393,31878.905474866107,33082.23813312556,34608.93467938863,35961.85015828543,37467.03716332871,38393.78360040319,hurricane_cat3
San Sebastián,West,2029,28678.799337288143,29705.259254878983,31378.81331201222,33398.26530078091,35145.36346292328,37290.276891146845,38378.40754056884,hurricane_cat3
San Sebastián,West,2030,26884.12393742778,27838.58542744508,29886.11291964211,32512.928381759062,34494.96045382724,37076.012027578974,38213.26156473628,hurricane_cat3
Santa Isabel,South,2025,19326.853718671027,19380.316055070358,19455.401422791663,19553.870221246063,19648.606379318364,19738.65394225972,19804.913327564012,hurricane_cat3
Santa Isabel,South,2026,18435.733497055844,18516.950340494303,18737.4263805312,18961.751119941775,19139.99932684025,19311.79733471143,19383.28235777957,hurricane_cat3
Santa Isabel,South,2027,17477.969495482164,17613.05988740691,17907.746356199583,18277.364127309553,18533.27252155501,18805.73716638883,18915.897376221947,hurricane_cat3
Santa Isabel,South,2028,16492.168462875343,16724.41435427175,17089.614176849238,17599.884744645882,17928.937512975812,18292.6960021886,18493.575316058734,hurricane_cat3
Santa Isabel,South,2029,15643.171920677823,15885.675397028566,16365.691278010225,16923.416486124006,17433.348492255158,17803.821687625892,18015.058005085226,hurricane_cat3
Santa Isabel,South,2030,14840.242655989156,15159.660241627376,15721.99048709822,16341.03964772723,16959.26395925167,17423.61829060928,17744.544515303427,hurricane_cat3
Toa Alta,Metro,2025,64003.19875453851,64235.74564950205,64589.16794463262,65137.92413793146,65601.51993910584,66020.87409945884,66301.27845724505,hurricane_cat3
Toa Alta,Metro,2026,60462.756824666125,61174.89785062759,61883.49812850748,63053.83654219375,63898.161581288456,64910.548489888984,65726.02106127879,hurricane_cat3
Toa Alta,Metro,2027,57044.100227231516,57618.983732238885,59054.35706869848,60687.94867020773,62102.31206827433,63564.42958497062,64451.89476682826,hurricane_cat3
Toa Alta,Metro,2028,53610.44512982498,54108.572966366424,56340.87753246105,58607.52723643022,60505.84253939839,62219.52810014997,63588.94299872938,hurricane_cat3
Toa Alta,Metro,2029,50274.82294581933,51800.95704378838,53994.07593546409,56394.849025907184,59028.36685080966,60865.5082836564,62565.37015705602,hurricane_cat3
Toa Alta,Metro,2030,47382.500342252744,49020.63433436945,51528.00118696713,54675.68823184946,57287.90771995417,59704.0891428126,61145.067701811415,hurricane_cat3
Toa Baja,Metro,2025,71081.02564937217,71182.51615812436,71426.91202149706,71747.31033468575,72001.00008690996,72228.21138080646,72386.18215938039,hurricane_cat3
Toa Baja,Metro,2026,68230.8523566687,68475.84936745386,68896.18889841465,69456.47833669453,70000.50348485875,70548.75771623691,70846.16421960629,hurricane_cat3
Toa Baja,Metro,2027,64953.8164064474,65398.73623689422,65951.41413343379,66732.38011056764,67777.51642186898,68422.27436199116,68868.58880602304,hurricane_cat3
Toa Baja,Metro,2028,61944.53143522333,62200.23271107075,63261.61411841627,64180.12728907402,65200.790873696096,66431.83569096333,67188.91995965064,hurricane_cat3
Toa Baja,Metro,2029,59047.75965644684,59435.55526367713,60704.034745412966,61960.48681136311,63177.72474489832,64394.61411979438,65370.60723150677,hurricane_cat3
Toa Baja,Metro,2030,56612.13864436286,57024.7689285415,58369.77041810064,59846.37487484251,61202.56788673023,62626.594587338586,63791.25787306773,hurricane_cat3
Trujillo Alto,Metro,2025,64756.22260084788,64989.48866814003,65476.96953851188,65868.70638677706,66366.55748218222,66943.2603629167,67293.04311557524,hurricane_cat3
Trujillo Alto,Metro,2026,61675.91090373361,62153.98858499369,62876.44218204195,63794.12677258356,64705.60293805219,65641.19605169023,66148.02609459517,hurricane_cat3
Trujillo Alto,Metro,2027,58088.53881621215,58875.58788390247,60061.65885526608,61220.648290275036,62639.69444441937,64429.213235829615,65026.51402146567,hurricane_cat3
Trujillo Alto,Metro,2028,54779.37816280276,55497.69328746313,57197.57800732346,58842.806693378836,60941.88682075649,62974.70263283577,63873.264137929866,hurricane_cat3
Trujillo Alto,Metro,2029,51567.2203467398,52596.513691186,54881.012252824345,56889.054711067496,59126.34711618138,61626.07116058225,63329.40255000122,hurricane_cat3
Trujillo Alto,Metro,2030,49157.55735208358,50314.49331108969,52607.649866948384,54941.2452122134,57509.64436417383,60436.24702638594,61903.94311667992,hurricane_cat3
Utuado,Central Mountains,2025,26779.754467955547,26870.33312870477,26996.71475931481,27134.415102603627,27257.800825138696,27353.740819348764,27410.819218422344,hurricane_cat3
Utuado,Central Mountains,2026,25587.098209949076,25824.127003676756,26008.565720370385,26247.549372271744,26524.521195121088,26768.69497239456,26887.836585123994,hurricane_cat3
Utuado,Central Mountains,2027,24322.431395166343,24585.43497131898,24863.329653701338,25254.741454652514,25692.434716076616,26033.330185425864,26164.800962369212,hurricane_cat3
Utuado,Central Mountains,2028,23043.92599440675,23316.831336705112,23730.227144013417,24271.172541393673,24817.857601964235,25330.400625152706,25620.45552643497,hurricane_cat3
Utuado,Central Mountains,2029,21891.779873627755,22166.61695994759,22717.39035240229,23378.259839282946,24024.03586066072,24667.863347475457,24891.069282229222,hurricane_cat3
Utuado,Central Mountains,2030,20814.302427164945,21110.815223938953,21762.66791610485,22583.563607521522,23480.15352290503,24076.04087603168,24495.929536330692,hurricane_cat3
Vega Alta,North,2025,34035.64209879339,34089.40247387042,34204.30339463804,34323.71459118315,34466.68545221109,34606.2699973091,34676.12111567927,hurricane_cat3
Vega Alta,North,2026,32784.15138489538,32851.320042439795,33081.51881140152,33313.51293024719,33597.78691236661,33810.42664020971,33905.02098100698,hurricane_cat3
Vega Alta,North,2027,31328.103841271946,31470.129697702643,31745.34411835154,32196.666089166294,32548.07415962677,32798.70363092744,33028.90797152079,hurricane_cat3
Vega Alta,North,2028,29915.924689571362,30045.14131104417,30517.128751158398,31012.065573261967,31445.52329225195,31841.62477641674,32068.689943562775,hurricane_cat3
Vega Alta,North,2029,28557.537915368972,28886.28813521239,29329.09268300127,29976.381432016547,30440.663754831126,31052.81678818277,31330.990094039993,hurricane_cat3
Vega Alta,North,2030,27361.307199075738,27654.486791428048,28226.390030991402,29031.547105005622,29650.724597089185,30211.696905303255,30774.68123178292,hurricane_cat3
Vega Baja,North,2025,51622.12035619504,51927.44595466592,52373.734280664605,52880.995661884546,53287.69587847821,53795.07505824968,54116.06804635085,hurricane_cat3
Vega Baja,North,2026,48627.9502594407,49364.081444565614,50418.42779350144,51123.61640302431,52218.978426904345,53154.213153033015,53734.415099418,hurricane_cat3
Vega Baja,North,2027,45480.41431274834,46455.356179263676,48131.182723350095,49243.06196888881,50719.62105352868,52104.63213970612,52980.88059571885,hurricane_cat3
Vega Baja,North,2028,42482.160742967564,43964.79561630629,45272.09557228566,47390.56779618298,48993.21701913799,50967.05288413036,52225.74261904434,hurricane_cat3
Vega Baja,North,2029,39811.874583757824,41576.93967729924,43202.423171098984,45557.17419844467,47828.603401669854,49774.80205725011,51990.24608510174,hurricane_cat3
Vega Baja,North,2030,37805.61982794846,38850.991690136536,41222.93620284362,44102.591393098555,46785.55585211191,49215.714610035,50794.722757935895,hurricane_cat3
Vieques,East,2025,7887.4772521218365,7896.092677690102,7919.098716893858,7938.548340713736,7957.554796629303,7987.7629496145555,7999.573832596951,hurricane_cat3
Vieques,East,2026,7564.353145803759,7593.035118585424,7629.010594838601,7676.964132779462,7722.6811030680565,7769.399645897043,7795.319945297131,hurricane_cat3
Vieques,East,2027,7202.528267921288,7230.885786012414,7300.501056581383,7366.9854997639795,7442.594654489833,7505.79567105328,7552.985413339532,hurricane_cat3
Vieques,East,2028,6842.113192198254,6886.327011006132,6966.618226406113,7061.897679546226,7147.6324813896335,7252.745875062266,7291.053010709279,hurricane_cat3
Vieques,East,2029,6508.380363311384,6584.9227060562325,6672.61335474904,6793.822660537646,6893.19253893902,7020.7238024653825,7096.024139246724,hurricane_cat3
Vieques,East,2030,6248.1328105404855,6280.961756623323,6415.7062551063955,6545.294378707591,6654.248669832989,6821.781525839751,6931.970902515001,hurricane_cat3
Villalba,South,2025,20924.695017066104,21006.03414878086,21070.88893485639,21176.395722268826,21285.912362396877,21362.67579686909,21409.731361110353,hurricane_cat3
Villalba,South,2026,20016.64327729995,20144.051700519118,20292.4696407269,20486.205392026568,20726.606219329296,20912.654980559095,20993.23849900648,hurricane_cat3
Villalba,South,2027,18985.54731493363,19135.89543878104,19364.297242827466,19732.154160200134,20030.690903964027,20316.03434312765,20447.128285965224,hurricane_cat3
Villalba,South,2028,18007.789720889807,18130.429695425453,18524.20099499301,18921.758129069764,19416.34912771466,19814.45639124415,19926.40073091741,hurricane_cat3
Villalba,South,2029,17102.677221101152,17318.207943593814,17779.015780955167,18238.87625814769,18832.29493419636,19387.756724689054,19496.137010673385,hurricane_cat3
Villalba,South,2030,16292.594547913499,16610.102500038192,17031.640424534104,17617.97609973784,18205.36168429926,18990.72425119975,19186.00699608253,hurricane_cat3
Yabucoa,East,2025,28547.605525195773,28601.30074735159,28721.5706813156,28860.131640404306,29002.448032650213,29124.80782485746,29205.480359626563,hurricane_cat3
Yabucoa,East,2026,27233.328530525072,27424.613204990008,27624.701039656313,27891.218869295575,28192.512349414286,28468.304843225396,28546.870258870633,hurricane_cat3
Yabucoa,East,2027,25815.051861435943,26012.77895913275,26343.805501382194,26790.0988451345,27240.82190876706,27629.42985677188,27849.741679501123,hurricane_cat3
Yabucoa,East,2028,24447.05664863414,24671.518227914457,25080.18794510315,25752.78404038161,26241.260748770816,26858.704450577512,27182.942786884676,hurricane_cat3
Yabucoa,East,2029,23117.85726403701,23403.036609274528,23880.743107384955,24730.293053273315,25423.74697598658,26135.03266475956,26398.3556971047,hurricane_cat3
Yabucoa,East,2030,21947.299798336473,22371.98153563761,22854.936826612993,23742.79039299814,24611.387392357323,25498.160895732475,26092.01470225322,hurricane_cat3
Yauco,South,2025,32132.42560283575,32200.519271581827,32308.35012782416,32450.81825547221,32543.177513317445,32682.733417418727,32808.505499462946,hurricane_cat3
Yauco,South,2026,30765.53205814094,30903.042181497913,31206.49251910067,31437.27320128087,31656.45968586357,31907.94601900593,32089.043961800136,hurricane_cat3
Yauco,South,2027,29314.340704152182,29457.753700370373,29879.43903828055,30214.48309016937,30650.62400084353,31038.468929686594,31109.309991222373,hurricane_cat3
Yauco,South,2028,27683.620519127813,27997.819126273014,28556.13753689888,28941.62484757563,29565.5028714153,30021.27895145193,30407.813869238646,hurricane_cat3
Yauco,South,2029,26408.01177079517,26779.397444258248,27410.655435612014,27890.99306192113,28550.645135973595,29192.626528627734,29679.021548649376,hurricane_cat3
Yauco,South,2030,25128.93949453239,25576.241390375475,26274.25554350546,26928.77889813269,27656.94364387963,28523.684546705903,29029.01035658203,hurricane_cat3
Adjuntas,Central Mountains,2025,17430.459120039384,17478.622738625156,17546.882256740177,17626.434268750367,17708.755830105663,17796.465484734017,17838.472227091705,hurricane_cat4
Adjuntas,Central Mountains,2026,16582.25224651317,16644.212438697206,16765.42269856456,16958.769623740947,17094.14922488972,17254.796177413376,17329.173262504806,hurricane_cat4
Adjuntas,Central Mountains,2027,15578.546404735072,15677.006609140919,15894.368407858481,16117.578444662842,16347.073558983051,16604.874737334798,16697.415279014032,hurricane_cat4
Adjuntas,Central Mountains,2028,14540.952202283885,14712.101516127528,14972.192723924622,15339.23372286596,15681.567506246025,15966.900222815975,16085.92061456179,hurricane_cat4
Adjuntas,Central Mountains,2029,13634.20521366412,13833.398503741528,14135.858685710902,14688.614115531273,15057.759055047869,15446.156760511596,15642.969970668684,hurricane_cat4
Adjuntas,Central Mountains,2030,12876.720889707,13078.163943432599,13506.530486175823,14077.323101496198,14540.509533665536,14948.909779338192,15153.577316258015,hurricane_cat4
Aguada,West,2025,36642.00518704079,36730.20409274099,36920.58970140346,37065.26236253737,37229.14712039229,37412.99225477091,37488.88859127292,hurricane_cat4
Aguada,West,2026,34791.9194833355,34947.11214354442,35314.460468486956,35671.50185098917,35977.113916607945,36336.076331372125,36650.375833291415,hurricane_cat4
Aguada,West,2027,32778.30108136854,32929.63278354636,33467.05669597347,34004.4875751229,34513.97494740182,34993.93726726024,35299.49872502992,hurricane_cat4
Aguada,West,2028,30686.755175787923,31089.940441063638,31659.922405554425,32410.525242113785,32971.98217355298,33698.96587776454,34049.5201245819,hurricane_cat4
Aguada,West,2029,28926.11269393968,29429.190175013067,30033.11625715873,31035.858913203814,31854.11667478348,32564.64806724923,33143.89589227024,hurricane_cat4
Aguada,West,2030,27242.521418563872,27929.232066808236,28696.522130654845,29576.22324208539,30739.508503566303,31574.230896428253,32196.15181767371,hurricane_cat4
Aguadilla,West,2025,51664.187576380085,52094.08028784936,52654.684283167095,53205.92658345976,53696.40892097099,54121.26019987986,54726.328334689075,hurricane_cat4
Aguadilla,West,2026,48495.952455556384,49160.95999208979,50145.52942174429,51217.31936839288,52178.08038184697,53074.68758258404,53748.83403603476,hurricane_cat4
Aguadilla,West,2027,45043.45293610862,45767.84632391653,47255.53864333856,48707.65772436478,50103.199485357916,51940.29274554469,52505.33329659043,hurricane_cat4
Aguadilla,West,2028,42011.63718895779,42525.51833689669,44059.34238305561,46289.60449564966,48403.31611666923,50421.05243106532,51238.39778570387,hurricane_cat4
Aguadilla,West,2029,38736.11633149315,39936.87027071574,41609.14736778488,44272.150728904424,46516.17877484547,48876.97413084034,50661.636854635035,hurricane_cat4
Aguadilla,West,2030,36285.63412497919,37508.70406084522,39644.74186163215,42353.26758742634,45196.30503712807,47600.14272536471,50247.71152622285,hurricane_cat4
Aguas Buenas,Central Mountains,2025,23014.64895327138,23051.21297428669,23133.78043862887,23201.295076081664,23282.087852008917,23349.166582393857,23377.42995675338,hurricane_cat4
Aguas Buenas,Central Mountains,2026,21910.38913970258,22024.176216336702,22166.834818084622,22323.37970767557,22463.524828753012,22602.234734409154,22709.933959000147,hurricane_cat4
Aguas Buenas,Central Mountains,2027,20738.233847047115,20853.087823575293,21044.461731881373,21255.74462122382,21523.52489339161,21679.518603045755,21854.261469921694,hurricane_cat4
Aguas Buenas,Central Mountains,2028,19493.42129556592,19691.29595064858,19933.743858252717,20186.812421598188,20523.960820542376,20758.655730941395,20879.376526375952,hurricane_cat4
Aguas Buenas,Central Mountains,2029,18377.416652853248,18641.383946047583,18938.934683981537,19292.58896659913,19661.329738117656,19961.09846572997,20226.37192346132,hurricane_cat4
Aguas Buenas,Central Mountains,2030,17487.519452835204,17671.397962531915,18085.20755819284,18515.778149596998,18892.603095320825,19278.894791581657,19547.562980823925,hurricane_cat4
Aibonito,Central Mountains,2025,23565.150357405735,23765.00280570153,23964.373626156575,24220.722730907168,24493.028981363124,24645.288810818703,24894.964029943258,hurricane_cat4
Aibonito,Central Mountains,2026,21965.205975008095,22209.09576511693,22718.044532198022,23300.761444197073,23775.650762562305,24253.78451693714,24493.90632537259,hurricane_cat4
Aibonito,Central Mountains,2027,20340.09588329629,20555.96887538581,21445.722241251053,22210.88271838875,22917.96415318521,23519.591347576872,23885.91234197925,hurricane_cat4
Aibonito,Central Mountains,2028,18644.427194781958,19009.882485908325,20067.8147767462,21119.927447730934,22108.971979604543,22932.303023959186,23411.21699578319,hurricane_cat4
Aibonito,Central Mountains,2029,17124.33510966243,17617.859393573563,18772.531919368455,20153.608969716213,21344.741810187697,22435.673156857985,23306.785206496646,hurricane_cat4
Aibonito,Central Mountains,2030,15767.374398880209,16412.43759365638,17594.78145469244,19458.42227138472,20739.949864204358,22141.272513346437,23125.34117076066,hurricane_cat4
Arecibo,North,2025,83431.34602526145,83710.10932711989,84300.69332371948,84987.77694184791,85637.48016979947,86302.42810180798,86559.54904704043,hurricane_cat4
Arecibo,North,2026,78530.59459969368,79303.80406682355,80411.3269623591,81914.06876349496,83123.47360692782,84153.78827962292,84931.10794697421,hurricane_cat4
Arecibo,North,2027,73408.5471498165,73982.23625394233,76087.91187394867,78271.11402289316,79963.67822918063,81653.8246899937,82940.48005886588,hurricane_cat4
Arecibo,North,2028,68396.77274529853,69937.91560958221,71949.61637692465,74617.92265462084,76953.10997808794,79414.28143902747,81203.68479074341,hurricane_cat4
Arecibo,North,2029,63987.33998505233,65608.9553662715,68289.06971615179,71697.62457210489,74479.44197371128,77362.80327620443,79332.92429666003,hurricane_cat4
Arecibo,North,2030,60359.46855435254,61709.24377157702,65357.87571603634,68701.1879208467,72182.65722583098,75385.71625692106,78216.23325720706,hurricane_cat4
Arroyo,South,2025,14789.08221346261,14877.922809577727,14966.305302298188,15069.062062359468,15160.308460456155,15259.23803369746,15348.089764945973,hurricane_cat4
Arroyo,South,2026,13823.838421233173,14001.77848839542,14265.878858616485,14440.207844973525,14628.093401482565,14829.513740147813,14991.466038752773,hurricane_cat4
Arroyo,South,2027,12702.504849704814,13025.546815627844,13409.057081252908,13707.921006619572,13953.87163136471,14331.979634701991,14504.718919598987,hurricane_cat4
Arroyo,South,2028,11699.811952094864,12062.212876403517,12515.11422339116,12948.00912112997,13318.415689298854,13749.347070034939,14010.301509779183,hurricane_cat4
Arroyo,South,2029,10953.67536411702,11272.936005848544,11832.811556706276,12328.946458161436,12853.617048864662,13276.51208582138,13626.232270224655,hurricane_cat4
Arroyo,South,2030,10281.531455153134,10614.357381968055,11167.546792854679,11804.591559149865,12398.348956362488,12847.05866562111,13369.5153429075,hurricane_cat4
Añasco,West,2025,24470.445106451116,24505.317822025485,24573.508282062765,24664.19352043466,24735.68241620994,24810.795229058323,24840.655226798124,hurricane_cat4
Añasco,West,2026,23360.074028645202,23452.84756358186,23565.64975485565,23737.395247107783,23896.679302459328,24029.483354213695,24082.91854382512,hurricane_cat4
Añasco,West,2027,22083.218344596506,22167.181253402232,22370.51140270774,22626.144426488485,22853.026720228234,23069.70685432013,23227.0965074645,hurricane_cat4
Añasco,West,2028,20837.00974012118,20952.593775233385,21210.348995829783,21510.341000614477,21825.375536460742,22175.984564977898,22330.253495939447,hurricane_cat4
Añasco,West,2029,19743.13696106793,19872.313319650715,20211.013307033725,20560.922576369485,20962.994429246137,21368.082289156137,21656.916746997784,hurricane_cat4
Añasco,West,2030,18711.14904902491,18913.315569318253,19295.089086241678,19704.993773879294,20210.688573234584,20679.841534668118,20952.39065187148,hurricane_cat4
Barceloneta,North,2025,21789.083154618715,21881.516489979276,21991.353407088107,22098.915710341404,22217.35851635031,22355.57813778088,22412.859331739157,hurricane_cat4
Barceloneta,North,2026,20693.89252214787,20861.743963684712,21033.134285277756,21279.329644931942,21525.232764418866,21730.763252930476,21939.122643273728,hurricane_cat4
Barceloneta,North,2027,19365.32841009716,19622.700757647028,19923.058675108045,20314.967674964173,20725.88402108462,21023.854066501775,21284.16996773135,hurricane_cat4
Barceloneta,North,2028,18168.27157007691,18452.404398045976,18880.152629368866,19375.80452386653,19811.972612441405,20321.523287670567,20503.907848587376,hurricane_cat4
Barceloneta,North,2029,17098.114142644852,17442.643381765985,17994.46337988809,18515.13829543876,19134.88268732206,19712.19960554378,19966.61967921475,hurricane_cat4
Barceloneta,North,2030,16229.10671519786,16581.15375765348,17157.308711543923,17724.380099827817,18441.13127513037,19140.321561565906,19555.357028599523,hurricane_cat4
Barranquitas,Central Mountains,2025,28176.511359225755,28237.17501030902,28394.631759329655,28518.90337960369,28663.687794248694,28817.27076618669,28854.731504022988,hurricane_cat4
Barranquitas,Central Mountains,2026,26586.28726059304,26813.785072335908,27089.169047907373,27469.59806642133,27705.603747953544,28003.995708364637,28102.816561901167,hurricane_cat4
Barranquitas,Central Mountains,2027,24821.406006123492,25079.16214286606,25697.05421657462,26204.888870243412,26534.369938241038,26989.397996693948,27174.34398427894,hurricane_cat4
Barranquitas,Central Mountains,2028,23196.292192828863,23445.40588385558,24265.249395214483,24932.972246857156,25434.773387653502,25868.108007017392,26162.295414153425,hurricane_cat4
Barranquitas,Central Mountains,2029,21659.577668300313,22209.487413138104,22989.73531017551,23814.85909229849,24512.6927320198,25015.967392055973,25431.78838981068,hurricane_cat4
Barranquitas,Central Mountains,2030,20548.16280194263,20983.579365278416,21906.159121496697,22847.836861032563,23633.128994351435,24433.562839594044,24782.127792860065,hurricane_cat4
Bayamón,Metro,2025,175164.083381076,175900.88499138053,177699.8229664888,179279.49523872585,180884.16031315978,182274.79857660548,182780.4263553279,hurricane_cat4
Bayamón,Metro,2026,163152.55926916818,166088.2534699315,168660.9748448152,172115.59068688675,175321.6388578504,179119.90459300083,180672.28458785792,hurricane_cat4
Bayamón,Metro,2027,152082.39821411614,154536.73954978882,158745.93011611124,164013.47519652173,168783.13905089398,174341.24286318928,176483.48617958277,hurricane_cat4
Bayamón,Metro,2028,140350.02954535975,144158.87006912634,148509.84115569125,154919.00582447747,162933.02019074935,169447.2733600098,173608.65098813717,hurricane_cat4
Bayamón,Metro,2029,130717.1152954157,134339.18780647422,140631.75824804726,147750.04071006336,157801.87904010722,165740.22904723257,170146.4914459637,hurricane_cat4
Bayamón,Metro,2030,122687.00786479953,125185.08714383696,133191.85192581904,142490.9581208009,151983.99475877348,160860.1522129986,167280.03947048527,hurricane_cat4
Cabo Rojo,West,2025,45705.1888577428,45801.6090988891,45914.20247732907,46034.86389361226,46178.58912430116,46322.22771007562,46420.07497941957,hurricane_cat4
Cabo Rojo,West,2026,43648.274259060825,43793.79309845227,44030.27679713596,44303.66816610794,44575.57081934825,44946.32184302437,45038.87393744225,hurricane_cat4
Cabo Rojo,West,2027,41309.32429840651,41419.247857477676,41808.476763156934,42267.390867092196,42622.15878962072,43044.854781306625,43355.35237681289,hurricane_cat4
Cabo Rojo,West,2028,38978.348001761085,39209.7687569626,39665.49036917316,40145.105127631585,40652.681824785795,41258.53905929711,41677.52693523159,hurricane_cat4
Cabo Rojo,West,2029,37009.23753072073,37252.86021519982,37852.73079787641,38391.920710527294,39037.036544854695,39712.79257279438,40079.01158879857,hurricane_cat4
Cabo Rojo,West,2030,35296.38478658583,35573.20346169019,36145.111009779284,36804.58727409057,37579.041645437326,38256.67752988145,38747.25372278738,hurricane_cat4
Caguas,East,2025,122030.93440920163,122281.72178099104,122847.67864882699,123343.52740339714,123821.7238803867,124264.19520016764,124549.3149350224,hurricane_cat4
Caguas,East,2026,115705.58034083052,116401.18844736072,117162.08864462614,118168.70237400333,119164.57476786897,120019.36449877213,120716.96389616176,hurricane_cat4
Caguas,East,2027,108867.59608295269,109230.33119471888,110660.6075820555,111935.9778874032,113487.89899138387,114547.3795444928,115436.38039730766,hurricane_cat4
Caguas,East,2028,101909.6097177408,102522.58687191037,104326.75943851944,105774.70685572259,107820.87371406575,109365.00088330245,110700.89831261433,hurricane_cat4
Caguas,East,2029,95926.39311035321,96969.3658338934,98857.94070742295,100817.07699438096,102609.21327438603,104942.71123312041,106992.21320310977,hurricane_cat4
Caguas,East,2030,91015.82324644575,92050.4801243463,94183.11467979697,96246.00996842745,98426.62967059416,101246.58918017101,103854.05785482538,hurricane_cat4
Camuy,North,2025,31350.663357976126,31592.027184979404,31830.458163606145,32151.959298340727,32465.471432244736,32627.142011744752,32778.655583957654,hurricane_cat4
Camuy,North,2026,29462.038544074854,29853.4006398254,30255.270338059192,30928.391883016095,31524.046064874186,31933.242848151884,32114.765029247028,hurricane_cat4
Camuy,North,2027,27354.37195178239,28125.731293211884,28623.578824095213,29508.906196658172,30314.156948376596,30947.519630784576,31343.78052557181,hurricane_cat4
Camuy,North,2028,25700.904740030503,26114.856988628624,27085.103916108597,28000.01433216444,29163.13018223919,29945.661935724413,30468.037428513344,hurricane_cat4
Camuy,North,2029,23951.89391024625,24615.062551620165,25720.000206974306,26922.16273226009,28180.952253165608,29140.4263794486,29814.32649955405,hurricane_cat4
Camuy,North,2030,22460.40348369921,23311.344674831627,24511.533113159967,25801.982906554244,27262.669794700836,28601.85242664159,29313.383726762793,hurricane_cat4
Canóvanas,East,2025,40463.874155979654,40570.39628129078,40808.17930386512,41037.93935427813,41299.87044895912,41490.15130078743,41618.30706731941,hurricane_cat4
Canóvanas,East,2026,38188.99816246149,38359.196099704845,38760.88682402876,39400.33384703747,39819.70633838339,40116.14258215206,40556.70238971037,hurricane_cat4
Canóvanas,East,2027,35548.15658292075,35962.16676388258,36580.156538441275,37338.79269471027,37910.99638182664,38509.765760345195,38927.66773641847,hurricane_cat4
Canóvanas,East,2028,33174.246042268394,33518.71328997201,34366.174777626016,35311.352514789105,36120.06942463464,37001.81467700032,37463.098856103556,hurricane_cat4
Canóvanas,East,2029,31066.08555401936,31364.880887152496,32487.525685370012,33662.25511522318,34542.152484534534,35694.933968214995,36214.37939044907,hurricane_cat4
Canóvanas,East,2030,29061.624322505664,29419.063441192702,30751.007539779686,32130.083806227878,33378.486747474904,34511.70554835031,35067.45015077244,hurricane_cat4
Carolina,Metro,2025,146973.28067110866,147718.79118461662,148600.5413473617,149569.12137933492,150280.649846312,151304.81611967398,151804.1620144201,hurricane_cat4
Carolina,Metro,2026,138788.8796406829,139631.54260868664,141391.4939419782,143659.21042191808,145727.0176977058,147039.08413587828,148399.44253094363,hurricane_cat4
Carolina,Metro,2027,129204.0494133323,130810.64972412887,133709.3755600586,136886.13015371002,139760.8549211889,142307.75687705228,143700.80961415163,hurricane_cat4
Carolina,Metro,2028,120585.45798233016,122823.37303351473,126409.29207072011,130861.56741493946,133950.33625315278,136903.72937007592,138899.399086181,hurricane_cat4
Carolina,Metro,2029,113400.46661486292,115565.63291685002,119641.93065022012,124424.8675032456,128997.31911691873,132844.07224636487,135837.6348837049,hurricane_cat4
Carolina,Metro,2030,106834.71309617966,108982.90712424112,113595.3852896623,119095.19917749864,124563.24124252044,129125.80223873473,131375.9922630702,hurricane_cat4
Cataño,Metro,2025,21926.45682374317,21951.038104173353,22010.10515813661,22060.519979920588,22113.546106188995,22200.53348753984,22233.92904509593,hurricane_cat4
Cataño,Metro,2026,20936.97503659639,21001.780806099232,21110.102417405207,21214.39552385048,21336.405887388762,21495.009395771718,21582.180570350443,hurricane_cat4
Cataño,Metro,2027,19763.755540662718,19880.31792565242,20048.96211045784,20225.63411493809,20408.615441478723,20634.245589602542,20711.542407782155,hurricane_cat4
Cataño,Metro,2028,18610.20271339516,18752.957268227652,19003.651840310195,19262.92361092315,19506.574681821246,19758.42107308263,19917.670229942614,hurricane_cat4
Cataño,Metro,2029,17561.988355759153,17802.932234740547,18106.138061267746,18460.537937652844,18725.31829886267,19049.72457591952,19171.27239410488,hurricane_cat4
Cataño,Metro,2030,16677.334842445292,16924.816652411602,17290.673727122765,17684.231273595637,18022.37136776024,18382.955926353123,18512.010741333095,hurricane_cat4
Cayey,Central Mountains,2025,39948.86828365295,40004.483571603465,40095.76897302785,40211.11517119473,40313.93216324447,40401.65009392707,40455.49192002089,hurricane_cat4
Cayey,Central Mountains,2026,38058.469632322,38140.97506944531,38431.45682633782,38658.88852932164,38899.932237269255,39140.93542634978,39248.33228158799,hurricane_cat4
Cayey,Central Mountains,2027,35884.39231340348,36054.851213745555,36429.23276070756,36792.005968759564,37177.70540052555,37560.849795947564,37711.27803113275,hurricane_cat4
Cayey,Central Mountains,2028,33813.58930060953,34047.07486291859,34384.327692664025,34990.01992260428,35474.957657065126,35910.49035127744,36201.025137541415,hurricane_cat4
Cayey,Central Mountains,2029,31995.93670922915,32307.288737392173,32708.332390721138,33438.56323701781,34008.018009429434,34613.17296537385,34905.61281743304,hurricane_cat4
Cayey,Central Mountains,2030,30406.76881172372,30736.26132877121,31292.394165348924,32036.475367799554,32718.16989410275,33440.70329062485,33779.232361698305,hurricane_cat4
Ceiba,East,2025,10665.877203104925,10702.15712992603,10743.609374456744,10809.045972030362,10891.274510342384,10933.05049597037,10970.391533374257,hurricane_cat4
Ceiba,East,2026,10128.946385693524,10155.246889530734,10266.491405722856,10371.951339360237,10499.945900443252,10609.269521695478,10662.727466825383,hurricane_cat4
Ceiba,East,2027,9414.566828262676,9520.070268417761,9683.20701951582,9866.591628088343,10037.471946032685,10195.159481703029,10280.284358045867,hurricane_cat4
Ceiba,East,2028,8717.357641394181,8901.78089029949,9119.274951484065,9346.335244377464,9570.304281034334,9761.03853935973,9898.656314508462,hurricane_cat4
Ceiba,East,2029,8153.0115891294745,8391.3740599771,8631.414853023816,8892.930791753373,9173.750905938936,9401.3582402148,9583.460794459328,hurricane_cat4
Ceiba,East,2030,7673.248566052681,7931.315036147221,8262.145774768947,8503.595168517895,8813.33566402105,9101.088030416728,9340.46085997881,hurricane_cat4
Ciales,Central Mountains,2025,16179.066173464573,16262.593628630799,16368.69421395844,16503.881122121187,16646.08772475347,16786.415829944814,16842.886692809785,hurricane_cat4
Ciales,Central Mountains,2026,15188.473252307691,15298.903912045876,15557.514961276036,15866.161153602341,16127.319330534963,16440.545577084227,16640.539629241175,hurricane_cat4
Ciales,Central Mountains,2027,14188.983734202446,14369.377747965962,14660.348098984488,15113.859809346566,15575.652567487876,15914.998169739447,16224.353048111827,hurricane_cat4
Ciales,Central Mountains,2028,13099.839087863054,13458.917432007527,13816.39377994909,14347.243748863239,14953.69610110058,15362.744391519434,15767.74060760837,hurricane_cat4
Ciales,Central Mountains,2029,12185.916613606,12684.477964439573,13107.94965991761,13699.116314979849,14408.981017261956,14997.937702583224,15501.91865484429,hurricane_cat4
Ciales,Central Mountains,2030,11510.56280372177,11924.346399270868,12463.27391575459,13141.302829293421,13972.807418461234,14711.36869119429,15084.667515557341,hurricane_cat4
Cidra,Central Mountains,2025,38564.50628247969,38614.32289578547,38747.66003045315,38950.94426824925,39181.23241893125,39330.83474328954,39431.09539747708,hurricane_cat4
Cidra,Central Mountains,2026,36681.72812129396,36767.78798760052,37095.13288345385,37514.10077469182,37893.82123947832,38273.911873691504,38477.68687915055,hurricane_cat4
Cidra,Central Mountains,2027,34422.28545650183,34660.09110440502,35044.00678264784,35807.88035839054,36348.68159888756,36913.36818079271,37184.04005253199,hurricane_cat4
Cidra,Central Mountains,2028,32115.102445613644,32506.34425082715,33145.75833175685,34016.18641604857,34779.02481360147,35512.66291887658,35941.21515095878,hurricane_cat4
Cidra,Central Mountains,2029,30201.270273486407,30740.181265638286,31479.911237692235,32524.36310695916,33559.775221699674,34261.99036394105,34973.48684851034,hurricane_cat4
Cidra,Central Mountains,2030,28431.34501882334,29191.670199087082,29901.63774615975,31090.427667838412,32379.508647071933,33308.35463633572,34073.18828417617,hurricane_cat4
Coamo,South,2025,32644.355981675584,32845.438697842816,33080.480338228575,33382.19084205433,33685.15659174589,33925.776799770996,34078.894775105284,hurricane_cat4
Coamo,South,2026,30504.761598102865,30856.6050120921,31355.31662822752,31937.797450925136,32814.106809422774,33332.45116850111,33587.20386457119,hurricane_cat4
Coamo,South,2027,28241.494215047023,28714.66535098776,29444.466286861156,30418.59261044619,31685.211908297864,32561.71568673036,32802.90540489269,hurricane_cat4
Coamo,South,2028,26006.12606737268,26735.84377731854,27593.467631924555,28849.360089384238,30338.666653797336,31513.919678464667,31875.830068898584,hurricane_cat4
Coamo,South,2029,24079.066068964,25010.376830673762,26016.604956162544,27527.939312471553,29298.78882922652,30720.796145479846,31519.005582492922,hurricane_cat4
Coamo,South,2030,22627.955065618644,23355.818522333317,24785.246469446924,26482.222639677562,28399.489070930325,30216.921761300422,31053.54321681198,hurricane_cat4
Comerío,Central Mountains,2025,18251.601889889294,18284.260977094997,18333.16239056814,18379.130212418437,18438.392302737677,18475.741740063684,18493.921402176395,hurricane_cat4
Comerío,Central Mountains,2026,17382.616786797687,17448.904935731414,17564.23239126967,17682.907834583988,17790.49024951835,17856.836658753888,17908.088774814456,hurricane_cat4
Comerío,Central Mountains,2027,16393.166404117797,16495.95480834583,16671.793258806687,16836.601396976395,16986.7221564548,17138.881461386096,17204.072520933074,hurricane_cat4
Comerío,Central Mountains,2028,15470.873060562782,15569.802726351038,15797.04586513549,16029.00448645161,16194.633280295395,16398.620231039367,16474.25295263273,hurricane_cat4
Comerío,Central Mountains,2029,14663.679792456654,14771.841000882227,15032.262303052376,15326.304039745497,15524.35806745711,15784.943820809669,15887.643421005365,hurricane_cat4
Comerío,Central Mountains,2030,13959.814278551996,14081.897865947125,14394.415893972075,14718.506437372385,14953.41692429466,15272.090713624319,15436.879763400004,hurricane_cat4
Corozal,Central Mountains,2025,33315.3439516347,33471.75016763737,33648.50902624084,33862.207627965035,34082.45722173894,34299.508779160366,34418.91902967445,hurricane_cat4
Corozal,Central Mountains,2026,31492.792283782703,31773.513366219893,32177.434452130427,32606.573733248202,33062.45810806715,33422.608869748066,33723.296171285416,hurricane_cat4
Corozal,Central Mountains,2027,29465.157152534826,29878.559752884146,30347.191766159285,31103.46939874741,31760.21010498924,32422.0773474301,32923.79239648479,hurricane_cat4
Corozal,Central Mountains,2028,27398.23538097587,27787.371180719263,28688.282161279552,29582.39420630018,30489.62346542562,31366.107437632734,31783.522811285744,hurricane_cat4
Corozal,Central Mountains,2029,25533.066782410326,26072.944252802077,27214.160417530216,28307.218241394177,29397.80000498351,30379.258512499517,30785.69710046967,hurricane_cat4
Corozal,Central Mountains,2030,23959.48132944868,24499.163423165508,25911.545612641377,27231.576427700777,28501.523941367966,29392.321937606324,30301.67561599265,hurricane_cat4
Culebra,East,2025,1290.809733752322,1308.553529600647,1338.021682012994,1368.6847729183037,1396.2557453122088,1418.4413047066373,1433.2607796623067,hurricane_cat4
Culebra,East,2026,1167.264422979587,1203.304565745798,1263.2194040551751,1313.964438630193,1371.0535957509067,1415.2836705519906,1456.07607197373,hurricane_cat4
Culebra,East,2027,1036.7267384846543,1078.9077495227177,1174.265614107248,1248.8737113448249,1352.7666426290002,1420.7670530058926,1474.0813300896893,hurricane_cat4
Culebra,East,2028,902.9279253257698,970.9174482046942,1075.4047680686058,1193.2166398322954,1317.0025898238985,1410.9147723829913,1549.0275170958337,hurricane_cat4
Culebra,East,2029,829.8040798752834,896.4231643778976,995.5336257127422,1148.004152363756,1304.880727300708,1445.9552015847394,1564.90822075063,hurricane_cat4
Culebra,East,2030,734.9234333173994,823.2627788426565,921.973008708724,1107.2274302007143,1290.360335254587,1442.1549735014662,1584.1311824568074,hurricane_cat4
Dorado,North,2025,34910.88301145414,34988.13520286642,35089.10357854946,35199.906256643284,35319.76218800504,35435.0076321814,35513.380681760624,hurricane_cat4
Dorado,North,2026,33293.70634969711,33474.37069193386,33718.62953191326,33931.50833877009,34173.69397393177,34373.50978485099,34472.28766165437,hurricane_cat4
Dorado,North,2027,31552.32731191714,31725.109151650882,32109.111995813968,32452.235892844914,32788.60211192757,33109.68025894045,33220.604185798766,hurricane_cat4
Dorado,North,2028,29682.31176079887,29981.13385184295,30459.651035054467,30917.86522967445,31446.412398417753,31787.492421158444,32067.400987510773,hurricane_cat4
Dorado,North,2029,27925.742346498733,28501.01446171632,29009.268776043664,29615.298307396683,30267.820458869795,30763.990456288677,31008.99482757534,hurricane_cat4
Dorado,North,2030,26726.673790733505,27171.864138641282,27805.806193425135,28545.973889325815,29188.82802212459,29760.784372824688,30127.404571540126,hurricane_cat4
Fajardo,East,2025,30299.27972471351,30461.536364231608,30743.94490899572,31033.244595050328,31318.52884788214,31597.919055992388,31787.415014916623,hurricane_cat4
Fajardo,East,2026,28224.92009154896,28697.89735867421,29168.726776272433,29863.166396473775,30353.95687031342,30941.630455954426,31190.719524013948,hurricane_cat4
Fajardo,East,2027,26267.83826347397,26531.454928669413,27266.89389714934,28213.856520950576,29158.94035959997,29874.827962660223,30402.631857579454,hurricane_cat4
Fajardo,East,2028,23960.084550744825,24469.208299012174,25199.530353294427,26698.46487144932,28103.70259105449,28788.2441633989,29467.411327267357,hurricane_cat4
Fajardo,East,2029,22113.45492711874,22584.707434285836,23631.335204121402,25335.75591875049,26921.377605572434,28250.0761420769,29167.94203496785,hurricane_cat4
Fajardo,East,2030,20442.511482289083,21109.521948379745,22149.682802053594,24242.215963526985,26001.895733672813,27433.80783857684,28755.572997501735,hurricane_cat4
Florida,North,2025,11206.618265149264,11233.06896243295,11274.484751167458,11322.692794903982,11374.353264384466,11417.516116432986,11431.862672222507,hurricane_cat4
Florida,North,2026,10671.39232915549,10736.522649088889,10812.59518765448,10912.761303357891,10993.84402280615,11068.775006493652,11118.045473204833,hurricane_cat4
Florida,North,2027,10063.514485492386,10114.130358227503,10256.494442419244,10408.711776903576,10550.702077788383,10656.28913079054,10738.271911150117,hurricane_cat4
Florida,North,2028,9414.859541506417,9552.078534410253,9695.162896286827,9903.238265270298,10099.080669192605,10247.059802275362,10398.20689845528,hurricane_cat4
Florida,North,2029,8855.734000107766,9049.05196647466,9216.26345270144,9461.924330407153,9720.08603030373,9913.267676305892,10078.192748075055,hurricane_cat4
Florida,North,2030,8444.65646255707,8607.434617717427,8808.103216035797,9092.937421832046,9413.428057847786,9598.088549393002,9737.937429710206,hurricane_cat4
Guayama,South,2025,34052.93054391586,34160.52679712755,34433.711056922395,34684.05677829596,34867.92496934187,35096.044654805366,35203.65123050514,hurricane_cat4
Guayama,South,2026,32229.178147749066,32369.51438120017,32767.907633659408,33253.081456067535,33710.56693581715,34148.36826958326,34373.68105913227,hurricane_cat4
Guayama,South,2027,29972.20207492995,30348.203692276413,30946.772863052924,31510.158154770357,32452.87533163545,32908.62583333682,33124.47919119541,hurricane_cat4
Guayama,South,2028,27708.939489190583,28324.59758506369,29096.599760240893,29974.929573618978,31080.925798672462,31710.455171242756,32195.934583988907,hurricane_cat4
Guayama,South,2029,25974.849384534053,26515.011896063454,27618.0042230273,28562.166352904802,29701.921982066968,30680.340596122867,31391.046059515837,hurricane_cat4
Guayama,South,2030,24392.65599410496,25085.300323300355,26172.89568938392,27465.250406915584,28532.613917664625,30038.47699410402,30766.38453697319,hurricane_cat4
Guayanilla,South,2025,16705.850112813845,16740.212603763655,16792.078147291366,16848.4368426052,16889.73329209217,16952.084551698186,16972.527789929612,hurricane_cat4
Guayanilla,South,2026,15887.826579827833,15959.084862174524,16050.475050057583,16167.656181813907,16279.19349084567,16379.109888980052,16437.187376233058,hurricane_cat4
Guayanilla,South,2027,14997.602902506153,15043.068251647552,15184.674009085269,15374.091519295302,15552.5580347441,15684.776133700701,15826.690651432638,hurricane_cat4
Guayanilla,South,2028,14025.397342834929,14156.16759275002,14368.94312095848,14573.493544618814,14814.290110444512,15029.723285206706,15176.437301960203,hurricane_cat4
Guayanilla,South,2029,13201.694827589441,13420.689276689935,13672.639204613432,13903.627509931663,14189.424562492717,14520.956434244801,14658.381332972918,hurricane_cat4
Guayanilla,South,2030,12533.3525744099,12778.281140094205,13038.604276310758,13304.610866448038,13662.48687381608,13993.088492716985,14275.656209347986,hurricane_cat4
Guaynabo,Metro,2025,86122.0507894987,86487.5188865013,87160.35256141613,87803.18443879008,88489.17332465615,89046.27579663077,89466.27933122583,hurricane_cat4
Guaynabo,Metro,2026,81384.81856988344,82062.08039341048,83206.36363107698,84356.24369204378,85833.81787444669,87000.03656622815,87713.01485622171,hurricane_cat4
Guaynabo,Metro,2027,76157.80936610037,77179.19102414898,78732.44312514289,80537.85587536408,82636.85218580495,84345.84395738144,85269.49429724844,hurricane_cat4
Guaynabo,Metro,2028,70811.96585462693,72096.7143998691,74383.68233315028,76733.14890723964,79491.89190256767,81309.8902705874,83301.5974343608,hurricane_cat4
Guaynabo,Metro,2029,66189.23913271325,67844.74051849835,70830.19352251942,73340.82396495783,76913.75292558045,79677.36963354766,81101.67184643149,hurricane_cat4
Guaynabo,Metro,2030,62159.46182968772,63922.97367855292,67367.4424674544,70577.32745122112,74183.10535711702,77279.1483972689,80460.26377647548,hurricane_cat4
Gurabo,East,2025,38148.19221516,38319.95145330648,38867.93385153781,39335.380787341426,39944.92047494095,40358.186998435645,40689.086299802635,hurricane_cat4
Gurabo,East,2026,35433.2480041794,35849.74450948636,36659.42126744568,37611.1095418044,38829.3568369507,39522.88347280073,39977.27539758295,hurricane_cat4
Gurabo,East,2027,32023.372585022644,32551.85101458644,33911.54956034657,35604.51377635369,37271.49213800985,38402.480536859555,39280.02350569473,hurricane_cat4
Gurabo,East,2028,28821.750594657067,29818.06872011893,31567.161805911932,33730.74073013495,35435.66061881802,37691.59741591992,38308.691321954015,hurricane_cat4
Gurabo,East,2029,26441.812226522747,27116.8534819159,29419.5839097989,32197.776680696144,34425.56291257828,36741.26332698006,38055.95932317808,hurricane_cat4
Gurabo,East,2030,23952.375644951622,24928.48469760956,27857.546610128025,30586.87787232804,33162.85892902873,36414.00927247789,37440.19588962965,hurricane_cat4
Guánica,West,2025,12407.138482434168,12449.595394168788,12534.96028766461,12617.650144394916,12722.808175160375,12806.659849207912,12836.935692349158,hurricane_cat4
Guánica,West,2026,11698.882886981786,11783.303716256169,11917.39372175635,12137.81017079269,12302.747538787886,12440.100992601541,12548.269214028649,hurricane_cat4
Guánica,West,2027,10833.193570498293,11014.678218937379,11261.138388768284,11515.505299730523,11827.432886054949,12072.237539149302,12229.020930815474,hurricane_cat4
Guánica,West,2028,9999.637028108667,10229.738914591586,10595.290042085526,10949.2173193196,11332.509456369253,11668.481547503794,12001.776330129363,hurricane_cat4
Guánica,West,2029,9284.228599225184,9573.551784036126,10019.264887852518,10460.736826809458,10936.288493963699,11391.751610549081,11626.48675711934,hurricane_cat4
Guánica,West,2030,8693.703631873872,9033.452807038355,9559.711043421223,10061.443615122236,10614.002858251122,11157.741890485031,11481.712925587986,hurricane_cat4
Hatillo,North,2025,37163.407405259866,37214.74682459124,37356.17574484524,37475.83233309611,37606.137767590364,37717.168613361384,37765.0762957821,hurricane_cat4
Hatillo,North,2026,35422.49257883811,35625.28631583604,35827.124962178335,36117.985983489474,36386.952946318204,36585.093678308454,36686.51592532141,hurricane_cat4
Hatillo,North,2027,33526.36227807955,33704.9220523057,34136.910087505734,34493.92369668618,34868.25302630709,35186.149984698975,35465.4272377834,hurricane_cat4
Hatillo,North,2028,31540.57619900207,31864.333962475823,32433.205307281893,32919.73504073592,33359.60700262371,33789.109010861,34108.63060368809,hurricane_cat4
Hatillo,North,2029,29844.684714674913,30266.802956281146,30867.57522141388,31562.73736648519,32035.375163118184,32597.37980729142,33063.78237119332,hurricane_cat4
Hatillo,North,2030,28220.83698629717,28892.784149853338,29529.74181096082,30407.298620311027,30917.48217813832,31729.590039083425,32120.01093923476,hurricane_cat4
Hormigueros,West,2025,15079.134909482837,15098.173892553315,15126.959651659996,15170.82767311221,15209.661501389295,15247.11240013484,15269.90910595309,hurricane_cat4
Hormigueros,West,2026,14407.658662719234,14436.172217546808,14505.62733353725,14599.335931722133,14688.52960294942,14772.340643862903,14823.79009219463,hurricane_cat4
Hormigueros,West,2027,13610.881784518342,13670.989411341881,13796.098570208349,13920.930503106094,14061.769266428533,14173.67733292679,14238.560152989707,hurricane_cat4
Hormigueros,West,2028,12849.242271662255,12945.901081547583,13106.978259390504,13242.451844141731,13438.420397294962,13603.734123312108,13675.01782316243,hurricane_cat4
Hormigueros,West,2029,12163.888618387631,12283.524286990752,12481.847331334418,12676.732102653245,12914.174598490517,13087.708443563637,13179.233556253053,hurricane_cat4
Hormigueros,West,2030,11590.111858251064,11729.161186620977,11938.304325808003,12161.525833865262,12410.751394160547,12637.017237322974,12741.424142132933,hurricane_cat4
Humacao,East,2025,48856.68122627468,48926.45740555214,49079.24906160592,49247.88694350172,49380.206421631214,49484.793038175856,49595.94042605172,hurricane_cat4
Humacao,East,2026,46495.3437606332,46657.24311052177,46892.092973039165,47209.00601284669,47483.1441964576,47735.77951265671,47864.396481932316,hurricane_cat4
Humacao,East,2027,43727.67131450956,43950.426553345445,44350.32467540787,44773.55949034208,45252.71593487132,45509.20539627214,45826.58235697348,hurricane_cat4
Humacao,East,2028,41083.12364500481,41326.0221185292,41814.74413016805,42341.86141591109,42928.595027506984,43414.7644683165,43757.0961704185,hurricane_cat4
Humacao,East,2029,38848.78467715814,39120.43698338458,39674.521505659555,40316.097715683674,41044.80330047713,41525.30504850968,42084.148833982115,hurricane_cat4
Humacao,East,2030,36757.3760357416,37204.05344446132,37850.9949528396,38581.90260243295,39387.958092709756,40053.96267447632,40625.69204354801,hurricane_cat4
Isabela,West,2025,41385.3180191484,41564.77707237405,41837.943036614575,42136.34168495712,42461.96968348014,42788.390220848254,42943.00892213418,hurricane_cat4
Isabela,West,2026,39143.47190428212,39398.673096596605,39919.67301334352,40522.60789903252,41210.84599402656,41809.118301356146,42158.5527158312,hurricane_cat4
Isabela,West,2027,36722.3986605845,37140.8151934838,37762.95784085787,38588.01127198382,39567.49117269718,40618.543771773846,41089.15919676071,hurricane_cat4
Isabela,West,2028,34253.788103786355,34800.57559447942,35603.25841317121,36839.625533153376,38040.922858999395,39317.34681191646,39780.81774255253,hurricane_cat4
Isabela,West,2029,32056.882931092758,32668.997169871003,33870.29995913246,35143.10793083329,36743.82513662154,38283.48761279489,39172.00470847123,hurricane_cat4
Isabela,West,2030,30389.459074182276,30915.434789683328,32121.336404071888,33806.94306834623,35318.189161436625,37399.6115309765,38681.05967648407,hurricane_cat4
Jayuya,Central Mountains,2025,14075.713003720835,14125.520135022844,14201.061026630934,14307.221547984624,14412.190736255327,14513.45160671296,14580.043698610987,hurricane_cat4
Jayuya,Central Mountains,2026,13327.340738248862,13400.212097592284,13532.49949071562,13777.491137383937,13964.48870326751,14153.159548075664,14251.277562244512,hurricane_cat4
Jayuya,Central Mountains,2027,12481.80018611299,12573.049502850152,12824.36994435355,13099.210795674448,13383.753404093392,13710.947848503636,13906.554310341391,hurricane_cat4
Jayuya,Central Mountains,2028,11558.06360178219,11781.75038588867,12068.921063366344,12460.123883821774,12831.27521155349,13249.612061773216,13596.796317705377,hurricane_cat4
Jayuya,Central Mountains,2029,10874.140884496821,11098.28730248437,11486.930816445994,11920.560300977837,12442.974108606173,12809.898717934713,13374.057590483157,hurricane_cat4
Jayuya,Central Mountains,2030,10241.303476799112,10532.808430965692,10913.306495587429,11451.084583389698,12006.640080070454,12541.693173671125,12977.020259082303,hurricane_cat4
Juana Díaz,South,2025,44818.09012543889,44924.56350536932,45099.106919815655,45349.74405970772,45613.02745384556,45837.37027793163,45920.62087365817,hurricane_cat4
Juana Díaz,South,2026,42447.53232619288,42667.09756123201,43032.07155800857,43542.21741929998,44085.294900611654,44517.112980836195,44721.212941006976,hurricane_cat4
Juana Díaz,South,2027,39642.993366596536,39973.825567482265,40632.43279381378,41368.37102173004,42089.24895007763,43001.24420997374,43215.82027176706,hurricane_cat4
Juana Díaz,South,2028,37056.69428030522,37465.79978450714,38355.756265989985,39277.80182030904,40181.283430225085,41268.68417349495,41768.47930002332,hurricane_cat4
Juana Díaz,South,2029,34709.24439175693,35180.67228202032,36356.991043089605,37479.22217497854,38447.102508676035,39840.28983720181,40433.94287528009,hurricane_cat4
Juana Díaz,South,2030,32787.256159433506,33279.02687578759,34501.01722361391,35883.89603364804,37070.24009475601,38446.800812946865,39320.86186136026,hurricane_cat4
Juncos,East,2025,35894.11618688595,35967.6385854086,36072.10112185223,36220.31757270392,36373.81257948839,36485.279948659794,36538.97241162314,hurricane_cat4
Juncos,East,2026,34070.22289155101,34259.059775657195,34505.31927665559,34715.31849371156,35037.806239439575,35244.625083513165,35381.414537052224,hurricane_cat4
Juncos,East,2027,31883.34300046119,32132.630425247942,32488.529190171248,32943.831724045645,33394.29751610614,33755.178432646695,33953.72779651749,hurricane_cat4
Juncos,East,2028,29885.909382163376,30114.7649785555,30495.557266920274,31202.118514563917,31718.591349060007,32248.858700242374,32461.731329380542,hurricane_cat4
Juncos,East,2029,28081.712629682166,28317.059205764683,28856.684082871758,29664.314841212432,30283.548769857283,30972.499692062982,31146.722599624914,hurricane_cat4
Juncos,East,2030,26585.70382232959,26914.447030951516,27558.327688663594,28414.049932766102,29099.39315492359,29812.42817733691,30189.23045535222,hurricane_cat4
Lajas,West,2025,22213.189133995616,22335.170652133464,22503.147815118038,22669.39209314367,22817.7024802437,22923.573271533598,23063.27967883433,hurricane_cat4
Lajas,West,2026,21034.715939560283,21190.149450087047,21484.39776826313,21852.694338424146,22148.379918438357,22410.96437865856,22631.812810455383,hurricane_cat4
Lajas,West,2027,19805.626485859888,19951.42154621855,20301.21055471878,20893.85916479314,21340.4075750085,21772.222826845824,22037.631904501897,hurricane_cat4
Lajas,West,2028,18414.62413189083,18748.497890991504,19235.746230512596,19865.065253389505,20469.177396100244,21160.07086857657,21453.21132326177,hurricane_cat4
Lajas,West,2029,17316.680716597042,17675.293060341613,18154.698256625612,18952.447868071642,19704.67083264875,20481.845062277003,21067.50581500875,hurricane_cat4
Lajas,West,2030,16365.2948377258,16645.847433513063,17285.131495975562,18191.34043577895,19025.027251968553,19965.106693985508,20547.576053472883,hurricane_cat4
Lares,Central Mountains,2025,26397.219549715737,26560.27859520492,26945.31458170901,27368.133011834507,27853.790066312624,28326.10680910586,28478.215626333204,hurricane_cat4
Lares,Central Mountains,2026,23980.574146475585,24391.309082103548,25281.63285887109,26409.195413544156,27212.550638143803,28130.37191213643,28734.266740164177,hurricane_cat4
Lares,Central Mountains,2027,21674.104664344282,22252.998655263378,23408.964435421884,25039.666007820888,26379.625123577316,27499.56990445564,28697.61604818637,hurricane_cat4
Lares,Central Mountains,2028,19509.668966501777,20280.26283855254,21699.770043410495,23640.902033336948,25302.82768605941,26896.03858124322,28137.13557885086,hurricane_cat4
Lares,Central Mountains,2029,17322.298424364963,18326.328192953228,20475.916935964215,22681.485506447534,24835.87835227183,26348.005528753944,27781.809314534814,hurricane_cat4
Lares,Central Mountains,2030,15867.916356976491,16848.58885933798,19365.892283425193,21888.564704928223,24313.929039450057,26178.52559933994,27842.48629321132,hurricane_cat4
Las Marías,West,2025,8344.549766734335,8388.589328368402,8474.999457517131,8571.121065575302,8676.995250205942,8776.99609649273,8821.409553732412,hurricane_cat4
Las Marías,West,2026,7720.376073516582,7872.717933842484,8051.2856603816235,8256.517184785167,8459.442245572402,8629.533795304324,8704.405623822258,hurricane_cat4
Las Marías,West,2027,7140.016637797315,7248.05418491747,7581.1820438944105,7902.934680610111,8187.6736765871965,8411.104744140808,8531.862801260208,hurricane_cat4
Las Marías,West,2028,6511.106225950287,6743.29313435719,7027.873367487792,7574.718549376488,7931.415026960647,8194.312633740745,8419.188909245555,hurricane_cat4
Las Marías,West,2029,6001.876604052592,6222.765710973159,6583.170031834133,7214.308294845732,7653.525891969088,8076.024022550982,8332.05858543354,hurricane_cat4
Las Marías,West,2030,5631.534918391077,5730.712529828694,6210.050353902236,6848.1577432293125,7529.418100355655,7952.6182229977185,8254.747322278377,hurricane_cat4
Las Piedras,East,2025,33907.84659824233,33972.582433217045,34158.12424450906,34335.812187949836,34536.57893429402,34703.904858325324,34774.44101011549,hurricane_cat4
Las Piedras,East,2026,32004.699161724893,32188.58194366509,32501.940728411708,32880.96974631894,33332.60453765487,33676.73321492159,33956.64605314368,hurricane_cat4
Las Piedras,East,2027,29959.921114011828,30159.216783736603,30532.718381167244,31112.740739712386,31869.597784321504,32329.13113352597,32699.659333456602,hurricane_cat4
Las Piedras,East,2028,27827.176763800955,28098.749525458734,28642.422812849312,29451.544603069873,30307.972002631283,30933.00505885282,31372.27547893935,hurricane_cat4
Las Piedras,East,2029,25893.655214467224,26357.491853707248,27123.801306685644,28008.29718977006,28937.440678178213,29799.06762971012,30410.366158946283,hurricane_cat4
Las Piedras,East,2030,24377.607901023788,24851.30224245298,25741.480733593977,26742.20187797687,27919.27952098386,28894.007623995145,29390.567710822077,hurricane_cat4
Loíza,East,2025,22194.524284573625,22216.348970292256,22281.974051507466,22362.58681143115,22434.1064335268,22511.874701536744,22537.97658762192,hurricane_cat4
Loíza,East,2026,21064.473432301016,21137.27285819205,21280.004630796815,21426.327293563383,21562.023179544656,21671.2323109894,21764.302196027278,hurricane_cat4
Loíza,East,2027,19818.344585974908,19895.8439060253,20101.535577725102,20323.709152847856,20505.559613592188,20641.509275144028,20770.682010184802,hurricane_cat4
Loíza,East,2028,18529.82070662454,18643.344462449422,18958.21018122298,19247.18232351867,19438.49729466713,19647.491629182397,19786.32732746297,hurricane_cat4
Loíza,East,2029,17459.841965349515,17587.329309467743,17980.85687168751,18308.128715510647,18579.799643593673,18849.196058150214,18957.831912188543,hurricane_cat4
Loíza,East,2030,16514.200801539093,16694.650385892422,17095.101193126608,17495.66994118654,17828.281852386357,18139.03105056189,18334.598742740214,hurricane_cat4
Luquillo,East,2025,17088.284304527675,17126.01939940804,17184.804396828666,17230.239801101634,17280.340710647077,17328.050357329295,17353.96216677893,hurricane_cat4
Luquillo,East,2026,16210.39234794859,16312.662592250104,16415.499029013878,16525.21718789319,16629.640344663858,16713.708301986375,16766.97083239141,hurricane_cat4
Luquillo,East,2027,15281.197124543602,15354.083268231863,15513.400110453504,15678.095529852646,15819.752093794876,15968.328595240573,16070.05242436222,hurricane_cat4
Luquillo,East,2028,14336.932180594844,14446.824331521733,14612.656968876734,14830.332656374692,15026.038253700324,15219.526202246174,15336.431757640956,hurricane_cat4
Luquillo,East,2029,13533.465189047274,13610.01686938621,13832.20625410233,14128.022534327543,14344.885370747375,14578.799558902243,14737.873689235692,hurricane_cat4
Luquillo,East,2030,12837.249547959906,12978.298702895545,13177.337585468522,13467.27365177943,13801.453805883362,14045.155289886976,14284.840240886637,hurricane_cat4
Manatí,North,2025,37695.015619148704,37834.97847860505,37978.882954787055,38257.34701481955,38455.36539770688,38731.11237391872,38861.50518843764,hurricane_cat4
Manatí,North,2026,35821.581035819945,36021.57239981952,36286.61140170466,36760.90526336407,37288.59608530131,37668.225412049105,37991.12818959472,hurricane_cat4
Manatí,North,2027,33545.28384225991,33840.78002422136,34410.74036458871,35140.500850451426,35934.77969375657,36604.18998666497,36953.72665250828,hurricane_cat4
Manatí,North,2028,31422.15385473498,31834.746705719906,32491.00935826248,33422.427731943375,34510.0653022248,35363.66746311002,35987.07470739281,hurricane_cat4
Manatí,North,2029,29461.982219714784,29978.59776671055,30862.924763727344,32066.361354320157,33265.1218666198,34439.8431825924,35356.814980808966,hurricane_cat4
Manatí,North,2030,27767.296450011774,28238.326918272247,29554.028460278994,30887.66229044286,32191.432056108584,33787.49547527906,34562.24902510749,hurricane_cat4
Maricao,West,2025,4770.713596681651,4789.043469211772,4838.407500135392,4881.907367989805,4934.014076236492,4996.844128813088,5025.53566105575,hurricane_cat4
Maricao,West,2026,4452.40602895551,4488.988853139567,4585.347510731868,4699.24447971532,4819.34054978876,4902.5232494678785,4940.048235432274,hurricane_cat4
Maricao,West,2027,4039.9936441266427,4146.098641011099,4308.701082608602,4485.634218940415,4648.567445893397,4757.161151483391,4838.399018071876,hurricane_cat4
Maricao,West,2028,3718.348002731135,3841.905010581487,4047.9147041776864,4271.075138165617,4475.164991398238,4660.609697999894,4740.369542195651,hurricane_cat4
Maricao,West,2029,3366.274801710951,3568.598593035728,3810.812668882636,4070.5571005873007,4349.303373298269,4571.047767432099,4691.846421084743,hurricane_cat4
Maricao,West,2030,3149.606357978175,3346.2982419826403,3633.5644766301907,3877.6473525910233,4222.84015943355,4538.3514887205065,4644.269604281967,hurricane_cat4
Maunabo,East,2025,10116.038995624707,10143.453073668998,10183.505401320353,10224.515308746373,10266.580859366406,10303.347172866577,10329.395426925652,hurricane_cat4
Maunabo,East,2026,9570.252094715708,9640.006757252942,9730.757507455797,9808.250836463369,9890.19383100884,9969.212044664537,10003.674494774215,hurricane_cat4
Maunabo,East,2027,8994.061694223792,9058.335068666105,9194.823766945483,9324.502028276595,9427.157000492842,9520.865600451676,9618.261249039062,hurricane_cat4
Maunabo,East,2028,8417.978800872084,8490.114854477832,8669.21333305956,8815.823213551776,8976.187153924418,9102.649550866761,9189.285414102009,hurricane_cat4
Maunabo,East,2029,7944.855763300233,8019.491602597223,8227.139744476075,8380.75841957582,8591.600258810899,8760.144327102287,8875.232016938315,hurricane_cat4
Maunabo,East,2030,7492.877908674352,7627.600816368433,7808.0883830795165,7998.600069913511,8249.411222126177,8469.142251197834,8618.216976990696,hurricane_cat4
Mayagüez,West,2025,68820.54352543887,69013.31320475365,69235.83473207013,69562.61640111584,69874.11794532505,70093.52970406394,70273.53026721926,hurricane_cat4
Mayagüez,West,2026,65677.2521369783,65771.831562659,66291.94358153513,66902.12583200604,67616.42796767881,68187.75861566415,68588.97639981884,hurricane_cat4
Mayagüez,West,2027,61652.33437087091,61957.01926624869,62762.427235180105,63788.86328595499,64915.95470116758,65608.96967189047,66068.03559297918,hurricane_cat4
Mayagüez,West,2028,57586.93316905942,58373.86420859342,59278.248701225624,60730.35139997005,62250.97606449031,63162.83131683432,64025.64052626776,hurricane_cat4
Mayagüez,West,2029,54271.147311367684,55069.174467209916,56157.075375501045,58101.36145694808,59708.92242240988,60961.90940411409,62451.69532339226,hurricane_cat4
Mayagüez,West,2030,51314.651430231126,52330.750895289086,53464.9479183434,55932.11880699035,57531.98715266358,59426.3982091792,60398.30755622116,hurricane_cat4
Moca,West,2025,36038.2270186571,36159.240066153194,36410.26923152735,36764.89184481699,37083.513617747616,37372.17028547818,37495.44715284428,hurricane_cat4
Moca,West,2026,33852.162323254655,34127.34226222428,34628.57880755626,35341.017666254374,36080.62250248721,36646.21161847849,36896.83066622828,hurricane_cat4
Moca,West,2027,31386.988485474783,31664.87555304707,32632.530870442562,33591.293970119834,34797.65912974424,35545.97595892631,35945.52901428785,hurricane_cat4
Moca,West,2028,29122.189126445042,29457.989649067415,30675.58908509893,31867.04004527207,33237.22419438236,34693.60806908577,34970.345378361424,hurricane_cat4
Moca,West,2029,27077.071825281782,27582.344121676324,28937.40801795098,30479.669385312576,32013.753824234722,33494.57820830986,34348.698984725306,hurricane_cat4
Moca,West,2030,25159.548421939096,26007.24950789238,27415.549275910922,29215.03911950609,31113.925156136873,32592.80118592366,34272.840342515556,hurricane_cat4
Morovis,Central Mountains,2025,27507.84162619742,27622.621094498045,27744.870880616374,27892.164740051783,28052.35175847417,28197.450506744437,28283.127637611004,hurricane_cat4
Morovis,Central Mountains,2026,26026.007474089085,26331.31498816511,26523.32467354947,26860.66430175078,27099.691224742324,27435.4938726114,27547.27496426824,hurricane_cat4
Morovis,Central Mountains,2027,24390.22672425414,24693.139955623006,25153.81351618848,25520.356578670588,26004.733758439896,26456.98762895641,26755.503942342664,hurricane_cat4
Morovis,Central Mountains,2028,22822.8424304849,23060.65250154748,23686.44756955904,24310.673425822006,24895.00516049882,25475.728054482857,25884.706262116008,hurricane_cat4
Morovis,Central Mountains,2029,21438.980327076526,21688.237740297893,22471.502262793096,23288.377811691105,24004.06239509245,24720.471207250688,25101.28974110404,hurricane_cat4
Morovis,Central Mountains,2030,20169.230872034856,20559.36386179933,21403.28735459939,22353.39432607979,23120.611676466124,24020.506947197533,24743.44020646571,hurricane_cat4
Naguabo,East,2025,22132.577588899458,22268.760513193585,22440.070977745454,22635.318809192067,22875.110824700903,23138.549806124014,23240.21486279241,hurricane_cat4
Naguabo,East,2026,20660.200136006875,20865.32642445215,21302.995112494726,21722.301588622642,22210.005834291755,22577.285767263194,22715.399891285353,hurricane_cat4
Naguabo,East,2027,18946.296216191746,19153.541983015446,20034.78775057921,20737.688875557673,21339.965417203784,21815.881422208404,22233.592171061526,hurricane_cat4
Naguabo,East,2028,17344.87774377405,17864.16161119055,18748.627700102013,19756.93707042483,20522.61923560456,21254.926897381134,21801.812447980352,hurricane_cat4
Naguabo,East,2029,16001.502018081826,16666.56116353759,17702.41580731017,18763.329585143056,19808.2922879811,20725.993435868957,21503.753010217162,hurricane_cat4
Naguabo,East,2030,14965.213455104371,15591.656217193986,16865.91273218706,17956.426814774695,19208.48107743729,20277.12541869203,20827.20863675144,hurricane_cat4
Naranjito,Central Mountains,2025,28273.67344102816,28341.43683933806,28527.301492153343,28770.287956619657,28922.18830971256,29126.2344706147,29228.60758031884,hurricane_cat4
Naranjito,Central Mountains,2026,26639.436104991077,26790.791074396242,27254.382932978333,27642.564284540473,27899.010208890864,28328.2242788272,28494.35204052259,hurricane_cat4
Naranjito,Central Mountains,2027,24701.29508548941,25017.8761494993,25636.925266762824,26259.027032103433,26732.03377294781,27362.859283728518,27615.756671659296,hurricane_cat4
Naranjito,Central Mountains,2028,22962.16420249414,23434.402911228633,24083.338248374337,24914.004268633456,25641.043968390015,26381.482488577876,26744.961923134357,hurricane_cat4
Naranjito,Central Mountains,2029,21294.14619026185,21922.320235770203,22809.638111543303,23774.710196927546,24677.149596998875,25399.830568584715,25722.001516181426,hurricane_cat4
Naranjito,Central Mountains,2030,19960.468041423883,20539.349172916962,21666.690963129775,22754.47878074876,23716.448431203517,24671.879735238308,25339.27362433856,hurricane_cat4
Orocovis,Central Mountains,2025,20547.11980968951,20643.67443242167,20778.622934179053,20922.070209120713,21063.89710330596,21188.67142294279,21243.31288791093,hurricane_cat4
Orocovis,Central Mountains,2026,19401.43631723012,19542.312363045996,19818.925387556956,20083.641102939375,20349.08419143538,20644.181797330908,20776.746272749773,hurricane_cat4
Orocovis,Central Mountains,2027,18124.206326026153,18316.17176354744,18681.849541942724,19099.12795581248,19571.020684728224,19847.764055173273,20134.501281656077,hurricane_cat4
Orocovis,Central Mountains,2028,16769.35524565129,17151.94005764087,17600.607821268954,18156.334856425106,18677.535352599516,19074.309008126686,19240.642187531517,hurricane_cat4
Orocovis,Central Mountains,2029,15597.726158851174,16173.3733322331,16610.615881006943,17331.979493493338,17922.47678908498,18455.882921361997,18721.686731318947,hurricane_cat4
Orocovis,Central Mountains,2030,14704.744211319941,15246.548978984958,15768.593254368941,16584.364872631475,17214.686577492714,17948.133693057818,18208.59868489368,hurricane_cat4
Patillas,South,2025,15184.359627189024,15209.267206367382,15246.791403330826,15286.59625231936,15322.164129339295,15364.926388260517,15389.414649376036,hurricane_cat4
Patillas,South,2026,14489.229226916059,14528.915618088342,14604.635184741139,14688.844590290773,14752.162878960573,14832.645090269993,14881.539117805982,hurricane_cat4
Patillas,South,2027,13673.862655643346,13723.576555561078,13853.891282260418,13967.353540328666,14077.330159694804,14182.018584954272,14246.735292627292,hurricane_cat4
Patillas,South,2028,12848.06138710919,12959.561339951597,13101.184804827548,13244.598926772022,13438.778091732456,13555.19321622633,13671.154045164627,hurricane_cat4
Patillas,South,2029,12141.52098020087,12275.780331076894,12422.761994387005,12598.785490346512,12873.75222977904,13010.492564213302,13157.968663262987,hurricane_cat4
Patillas,South,2030,11567.850652424766,11701.093222697704,11849.981653124833,12085.913579523578,12346.225570130382,12515.139480993019,12702.631256992112,hurricane_cat4
Peñuelas,South,2025,19130.39830364636,19217.283401280652,19329.61859103704,19492.490683364238,19634.4591518859,19814.22091215054,19892.247886940615,hurricane_cat4
Peñuelas,South,2026,18006.17746234304,18116.460605564287,18353.368001117506,18751.125631395727,19043.773950830135,19337.343628637987,19537.768804511794,hurricane_cat4
Peñuelas,South,2027,16661.902105872978,16870.88492188028,17229.933030446016,17763.76161806276,18250.904332795588,18725.111986247477,18926.869329598434,hurricane_cat4
Peñuelas,South,2028,15408.946467770262,15686.530184098774,16197.136373149126,16785.58581611938,17505.943416241702,18101.48661096827,18390.348736935128,hurricane_cat4
Peñuelas,South,2029,14346.081189358767,14679.372040015654,15158.541515611672,16014.724432438636,16801.593016820847,17679.051957750624,18033.56035788644,hurricane_cat4
Peñuelas,South,2030,13408.195023609862,13857.632717259645,14374.466131290554,15315.903103761502,16174.420293085426,17111.096027400443,17730.360567068186,hurricane_cat4
Ponce,South,2025,128426.54135325467,128940.26107829942,129638.94469523014,130451.07936581998,131283.46066636182,131957.70065053328,132370.44298025916,hurricane_cat4
Ponce,South,2026,121595.00642913647,122373.05642125258,123727.67805946988,125230.90801153943,126732.0980492812,128032.77503096982,129046.64500961498,hurricane_cat4
Ponce,South,2027,113584.53386931629,114572.06656563182,116889.30608720501,119123.16667290477,121185.19703087967,123048.29147850076,124610.95537848995,hurricane_cat4
Ponce,South,2028,105401.92000307015,107193.53223320442,109933.18146499275,113148.50053560117,115631.38769003972,118459.44902415086,120487.7610520187,hurricane_cat4
Ponce,South,2029,98531.44838596528,100848.02937819145,104274.16884314075,107768.92965502437,110901.34644824572,114499.08107746065,116626.30588224545,hurricane_cat4
Ponce,South,2030,92815.19210197082,95225.55678252345,99006.35510257732,102889.95318452167,107447.44316711015,110854.82606794176,112896.45547673586,hurricane_cat4
Quebradillas,North,2025,22747.529243299494,22795.030473995106,22883.064589963997,22977.00294678862,23078.66213911886,23170.165812319443,23272.356912177333,hurricane_cat4
Quebradillas,North,2026,21674.69639796387,21756.16365713666,21933.348845808916,22106.166829678543,22300.845197764684,22506.047270828545,22664.559346553127,hurricane_cat4
Quebradillas,North,2027,20442.20570830868,20570.24173442345,20833.67621640228,21068.17047422124,21402.286764551474,21653.17100926079,21815.479516721025,hurricane_cat4
Quebradillas,North,2028,19189.35798591232,19384.215879629253,19732.051336645665,20062.72436983833,20475.551843599773,20778.473021066173,21082.544631424716,hurricane_cat4
Quebradillas,North,2029,18108.839067300712,18345.29655181004,18807.4561725855,19196.860019200092,19665.290506719582,20027.405290423343,20336.318625312448,hurricane_cat4
Quebradillas,North,2030,17221.150852824983,17379.000057660553,17956.856976159914,18370.816127098922,18964.290747672116,19306.880728422682,19783.654847902424,hurricane_cat4
Rincón,West,2025,14718.079543646878,14782.37438449093,14933.897511229974,15115.593130248993,15278.110084643431,15406.76920780497,15478.72741673996,hurricane_cat4
Rincón,West,2026,13726.27658660552,13892.914773816827,14195.616413215397,14534.96517534685,14942.423186812632,15188.990384583038,15291.664838603401,hurricane_cat4
Rincón,West,2027,12588.652059987733,12946.963320760071,13349.374611230422,13785.690390530293,14379.413877931642,14852.38295753624,15069.166984823409,hurricane_cat4
Rincón,West,2028,11560.257734133147,11866.378706583837,12531.740046807252,13203.486685045933,13845.921374717422,14514.64605786383,14704.504477627912,hurricane_cat4
Rincón,West,2029,10781.015348300532,11114.752274371938,11741.824553090224,12618.402299308593,13350.563309905388,14118.054401793379,14539.46074047392,hurricane_cat4
Rincón,West,2030,10030.487155409886,10393.17508637968,11207.539424065255,12092.606362070608,13015.312629226164,13830.472781969987,14307.252115430694,hurricane_cat4
Río Grande,East,2025,44846.68196939275,44939.50606198098,45055.045246896916,45269.07104105901,45416.05656995812,45573.523487395425,45684.31466761798,hurricane_cat4
Río Grande,East,2026,42593.47138690104,42802.01287815911,43035.987567093354,43377.41160041206,43725.07823620649,43985.87721644859,44175.79135627268,hurricane_cat4
Río Grande,East,2027,39896.40702114026,40211.941534877034,40552.87733621765,41114.67365538447,41641.2180158143,41999.67493004044,42245.02704971078,hurricane_cat4
Río Grande,East,2028,37441.98708693832,37811.65692563962,38201.649837759345,38890.82648388091,39526.12726240294,40063.03302928606,40354.03839119029,hurricane_cat4
Río Grande,East,2029,35218.52258971538,35642.13820418173,36183.52533030753,36923.97572792374,37805.554200220984,38458.86900461972,38691.25544465575,hurricane_cat4
Río Grande,East,2030,33429.93046596384,33772.306740538836,34427.11032482826,35270.58080990595,36300.300603135256,37066.52015808316,37256.917876327374,hurricane_cat4
Sabana Grande,West,2025,21700.822093653715,21767.379455182872,21864.269279364475,22020.858763154614,22144.53124068302,22263.45193844985,22358.639100568547,hurricane_cat4
Sabana Grande,West,2026,20601.01994607776,20736.19385160968,20916.09858536607,21188.91971530037,21460.17274801953,21755.583714512763,21898.474798284813,hurricane_cat4
Sabana Grande,West,2027,19401.896000377623,19567.211940735764,19919.016400758155,20189.14954252827,20609.639655834544,21072.70652821642,21242.509695545872,hurricane_cat4
Sabana Grande,West,2028,18099.151817106616,18415.147691620325,18852.959735569886,19233.750812542155,19801.876416023457,20453.270855280116,20688.29285592519,hurricane_cat4
Sabana Grande,West,2029,17102.369569789895,17349.61052796177,17983.756896555547,18364.856806357806,19105.263436677968,19787.709598761958,20222.84153931116,hurricane_cat4
Sabana Grande,West,2030,16036.030666641878,16497.272567171658,17117.764154033553,17664.164298379786,18398.98532958424,19288.11753003114,19646.206532301494,hurricane_cat4
Salinas,South,2025,24361.673248616677,24411.93964135731,24532.149914807203,24652.41632919725,24785.69819547166,24888.076429652177,24934.826827305573,hurricane_cat4
Salinas,South,2026,23153.619850400017,23224.36791209776,23448.757443045994,23660.11144354954,23968.27828408697,24157.581647003524,24305.650794992976,hurricane_cat4
Salinas,South,2027,21666.425614271917,21850.299500327175,22183.700239580616,22513.483427400475,22923.806205717054,23282.703497556227,23427.242052948663,hurricane_cat4
Salinas,South,2028,20224.824112876668,20444.922102597175,20849.42665629665,21414.09606736076,21901.976894103653,22437.571531692145,22562.275729494308,hurricane_cat4
Salinas,South,2029,19049.982262386195,19289.15071174738,19797.678315578203,20315.492758526754,21043.25582215015,21520.514215588846,21864.16531871391,hurricane_cat4
Salinas,South,2030,18042.507282856674,18237.791261879876,18837.204599888108,19474.497658903725,20268.41819671628,20850.561486301092,21243.47923193507,hurricane_cat4
San Germán,West,2025,30298.95183249662,30394.75417652762,30558.343876679475,30766.863393615356,30940.381421702397,31093.09547952489,31230.20271757892,hurricane_cat4
San Germán,West,2026,28714.734522094233,28862.230067894863,29188.316585757464,29593.59878198224,29988.255830442882,30258.911573890997,30510.348796421997,hurricane_cat4
San Germán,West,2027,26825.136877571924,27021.10472915835,27552.062523097462,28218.938752515805,28837.943111664314,29288.182446374638,29454.102886799552,hurricane_cat4
San Germán,West,2028,25045.413009618198,25235.44212805132,25983.929943088453,26820.573215204073,27582.829840936185,28254.255433293165,28742.80432836278,hurricane_cat4
San Germán,West,2029,23354.52989066466,23732.284056566335,24525.499796703414,25589.67517998075,26624.60495967831,27342.148562898743,28012.378253605224,hurricane_cat4
San Germán,West,2030,21795.92511636836,22346.793356118233,23281.36132295482,24451.191174719803,25752.91247861003,26662.109862100417,27423.572902593198,hurricane_cat4
San Juan,Metro,2025,324369.813883777,324964.0256250682,327485.60872067884,330058.55957999674,332617.0727813642,334544.193602874,335752.244815995,hurricane_cat4
San Juan,Metro,2026,304356.24190112605,306744.2494089335,311806.78431012284,316713.8585753043,322343.02086416533,326261.78320406354,329389.1054165281,hurricane_cat4
San Juan,Metro,2027,281510.5812033308,285800.2720595014,294153.53807517525,301344.15490536974,308777.0689097423,316414.62510944257,320817.2587691106,hurricane_cat4
San Juan,Metro,2028,259920.47679573388,268741.8776868864,276848.10445468914,286916.3146543761,296324.1554004098,304187.29457402334,312454.2861627682,hurricane_cat4
San Juan,Metro,2029,245443.877110069,252612.29862761917,263607.1063430253,274147.3081421162,285138.65478742716,298761.08998295414,305790.84403146897,hurricane_cat4
San Juan,Metro,2030,231669.0664457255,236049.0556040498,250740.52598615194,262900.14332656446,275598.0803630932,292448.94930101576,300455.37767038925,hurricane_cat4
San Lorenzo,East,2025,36228.47949228673,36356.71058261903,36586.957613001556,36775.72720263306,36978.912996848434,37154.13406621884,37255.573469333176,hurricane_cat4
San Lorenzo,East,2026,34270.09278653007,34409.46175725546,34853.599421114406,35305.50220053278,35663.825555768,36079.20356073693,36334.379611108365,hurricane_cat4
San Lorenzo,East,2027,32046.338699812783,32259.711277527465,32757.670827087168,33450.65736903416,34091.25946630002,34544.6996098549,35065.49624579352,hurricane_cat4
San Lorenzo,East,2028,29808.06475177073,30122.394701035093,30854.255180822543,31624.34880810789,32483.244871375653,33135.53570638329,33614.50956216042,hurricane_cat4
San Lorenzo,East,2029,28020.333590978564,28399.7789818488,29150.429356489316,30152.838107359334,31124.327714828134,32029.05897026974,32494.329317235097,hurricane_cat4
San Lorenzo,East,2030,26313.491003082585,26782.27596505042,27689.15391583486,28956.34893962164,29867.744614993113,30928.876348083842,31436.26412985347,hurricane_cat4
San Sebastián,West,2025,37505.58306757127,37745.078348955634,38096.07859338734,38441.84559515812,38784.11353263252,39094.11124042022,39372.759688104044,hurricane_cat4
San Sebastián,West,2026,35181.065508290114,35726.80411037146,36273.18291239675,37051.690059250875,37704.78638834088,38278.35660151049,38771.65259893404,hurricane_cat4
San Sebastián,West,2027,32615.000996242794,33320.36809221483,34270.7643039566,35308.29054307079,36389.337586203335,37473.51812576703,37966.5461045854,hurricane_cat4
San Sebastián,West,2028,30012.956564761655,30962.251884296158,32153.237602620684,33639.37026563972,34970.54499517813,36440.45587717244,37358.65199722115,hurricane_cat4
San Sebastián,West,2029,27601.088814232833,28596.53103655646,30223.704553290343,32182.808883360765,33885.0325193211,35971.26728179573,37029.64074335263,hurricane_cat4
San Sebastián,West,2030,25687.062198303647,26603.25559136373,28575.816458469515,31115.840548638676,33028.79712046245,35516.49109416455,36605.21217053014,hurricane_cat4
Santa Isabel,South,2025,19326.853718671027,19380.316055070358,19455.401422791663,19553.870221246063,19648.606379318364,19738.65394225972,19804.913327564012,hurricane_cat4
Santa Isabel,South,2026,18286.931698501146,18367.79256374977,18587.02544011215,18811.013814893893,18988.010627212887,19160.4259071158,19230.25309434399,hurricane_cat4
Santa Isabel,South,2027,17137.00942982631,17270.083767938293,17560.130117803303,17925.97540248362,18180.062166403965,18447.98079407012,18557.64699908877,hurricane_cat4
Santa Isabel,South,2028,15975.33564579936,16204.919985120387,16561.653818971634,17060.191790340912,17382.67506442823,17738.42308386933,17934.07615087319,hurricane_cat4
Santa Isabel,South,2029,15006.728797505146,15242.120794543825,15706.694568435036,16247.434014640598,16741.49758713252,17100.526499098207,17303.19609690546,hurricane_cat4
Santa Isabel,South,2030,14124.033338050458,14430.330288136938,14969.475464701625,15565.368854757744,16160.906649361274,16606.27316400586,16913.15705372633,hurricane_cat4
Toa Alta,Metro,2025,64003.19875453851,64235.74564950205,64589.16794463262,65137.92413793146,65601.51993910584,66020.87409945884,66301.27845724505,hurricane_cat4
Toa Alta,Metro,2026,60017.38580452762,60722.802653313505,61432.477268273105,62596.027427504734,63439.43233371609,64453.57294363898,65263.89569588081,hurricane_cat4
Toa Alta,Metro,2027,56023.19267831154,56587.38472854903,58009.882456541614,59628.87218481547,61025.54677475585,62472.42932883162,63347.24289787957,hurricane_cat4
Toa Alta,Metro,2028,52068.446100174144,52566.88696481608,54754.55390975851,56974.044930353586,58842.54434856362,60514.72031171668,61862.89934092018,hurricane_cat4
Toa Alta,Metro,2029,48397.245793942784,49881.34328494284,52017.29817458049,54341.56409221929,56904.54264461796,58689.71298142307,60348.26797659183,hurricane_cat4
Toa Alta,Metro,2030,45279.12541695179,46872.349251488355,49276.33484031523,52311.885960356136,54835.67022367779,57165.664652083935,58547.8855614954,hurricane_cat4
Toa Baja,Metro,2025,71081.02564937217,71182.51615812436,71426.91202149706,71747.31033468575,72001.00008690996,72228.21138080646,72386.18215938039,hurricane_cat4
Toa Baja,Metro,2026,67732.87667476473,67975.0501213846,68396.4067726108,68954.45720031092,69495.1700999389,70042.14780866895,70338.57804736475,hurricane_cat4
Toa Baja,Metro,2027,63806.87975660084,64246.816768801684,64792.53857930157,65566.86215886238,66601.60315473388,67236.28771844914,67678.11307380762,hurricane_cat4
Toa Baja,Metro,2028,60193.817380949884,60447.89397259051,61484.48782923401,62388.55553231518,63388.8500391424,64590.06675453175,65336.4403407522,hurricane_cat4
Toa Baja,Metro,2029,56876.4692360116,57253.35030202302,58488.295623625185,59704.47985759379,60885.23256526717,62075.18560216849,63019.44351720609,hurricane_cat4
Toa Baja,Metro,2030,54142.0174733747,54539.68375128349,55833.0096202907,57259.02519752921,58568.55829005769,59943.006519446935,61064.86563506307,hurricane_cat4
Trujillo Alto,Metro,2025,64756.22260084788,64989.48866814003,65476.96953851188,65868.70638677706,66366.55748218222,66943.2603629167,67293.04311557524,hurricane_cat4
Trujillo Alto,Metro,2026,61219.77695052106,61694.571985253504,62416.94374348559,63331.50846319052,64241.41843566625,65172.42876280889,65685.00031301458,hurricane_cat4
Trujillo Alto,Metro,2027,57046.23405937952,57835.30913941867,59004.613401313814,60151.028850841474,61556.96138173184,63318.33326771877,63908.57606278362,hurricane_cat4
Trujillo Alto,Metro,2028,53211.957988582246,53913.70360671828,55584.68388215531,57195.85887965251,59258.068053863746,61235.52802449363,62119.83263740438,hurricane_cat4
Trujillo Alto,Metro,2029,49647.431807749716,50647.38578829855,52861.750786583056,54816.480169695795,56992.26999431584,59424.71972093805,61084.77482302039,hurricane_cat4
Trujillo Alto,Metro,2030,46985.67648454156,48099.40522562841,50312.73363736002,52563.07347449736,55039.859839887635,57872.45219666035,59271.03453060093,hurricane_cat4
Utuado,Central Mountains,2025,26779.754467955547,26870.33312870477,26996.71475931481,27134.415102603627,27257.800825138696,27353.740819348764,27410.819218422344,hurricane_cat4
Utuado,Central Mountains,2026,25389.438360841847,25625.404142409934,25809.022274131647,26047.698035671285,26324.384903282975,26568.518325869372,26687.212527741685,hurricane_cat4
Utuado,Central Mountains,2027,23871.473912636447,24127.89820102301,24404.235152472105,24789.518648401154,25224.92663387235,25559.423180779373,25691.219567554428,hurricane_cat4
Utuado,Central Mountains,2028,22359.52525308999,22625.957546790112,23029.88236542128,23557.892756679335,24095.08444795757,24595.059512503845,24879.98221072756,hurricane_cat4
Utuado,Central Mountains,2029,21042.98023628156,21308.39096052126,21840.898511283332,22485.712969560576,23112.5423984374,23737.151275672164,23954.12212213106,hurricane_cat4
Utuado,Central Mountains,2030,19855.087090891837,20140.140083621885,20767.620987712053,21559.013046277476,22422.052557116243,22994.297844955025,23401.094717599488,hurricane_cat4
Vega Alta,North,2025,34035.64209879339,34089.40247387042,34204.30339463804,34323.71459118315,34466.68545221109,34606.2699973091,34676.12111567927,hurricane_cat4
Vega Alta,North,2026,32556.693449197846,32625.24009523451,32853.492122153475,33085.478173619435,33368.64571365009,33580.632936268245,33674.93982878221,hurricane_cat4
Vega Alta,North,2027,30803.562964224067,30942.84020608447,31217.537814663672,31663.92823944519,32011.529413956163,32259.076636767473,32485.797159381218,hurricane_cat4
Vega Alta,North,2028,29113.69521183608,29242.627860590776,29703.797181846356,30191.26622276806,30615.27050024558,31005.359946947818,31225.67406384274,hurricane_cat4
Vega Alta,North,2029,27563.746493861585,27880.48487814174,28312.907257399595,28942.836205981934,29394.730812850583,29988.70508280481,30258.914650532035,hurricane_cat4
Vega Alta,North,2030,26229.321363632647,26508.6927518423,27063.189587435023,27841.08514625587,28440.118652080066,28980.62067875305,29526.887593754487,hurricane_cat4
Vega Baja,North,2025,51622.12035619504,51927.44595466592,52373.734280664605,52880.995661884546,53287.69587847821,53795.07505824968,54116.06804635085,hurricane_cat4
Vega Baja,North,2026,48281.96723846643,49017.299917610544,50069.369018726095,50774.224217542505,51865.130207591734,52801.396332367396,53378.89054334761,hurricane_cat4
Vega Baja,North,2027,44700.88313371668,45670.694537627285,47325.29224899916,48428.17077093967,49887.91371893964,51261.074979760466,52128.26306604955,hurricane_cat4
Vega Baja,North,2028,41321.08051188793,42781.98991814304,44053.72383613093,46133.788316960534,47703.364167598236,49640.81211696816,50874.650448154396,hurricane_cat4
Vega Baja,North,2029,38392.37725403518,40109.199669137415,41688.93336892534,43982.11833868628,46188.10235227927,48092.43586341343,50241.104601146166,hurricane_cat4
Vega Baja,North,2030,36206.06569897672,37213.92027146302,39504.60643050163,42291.393077738205,44874.243170181515,47234.31679585387,48751.69158667018,hurricane_cat4
Vieques,East,2025,7887.4772521218365,7896.092677690102,7919.098716893858,7938.548340713736,7957.554796629303,7987.7629496145555,7999.573832596951,hurricane_cat4
Vieques,East,2026,7498.067253417684,7526.828085566292,7562.39446638693,7610.165241120159,7655.826497551089,7702.459466102529,7728.186495660108,hurricane_cat4
Vieques,East,2027,7050.237213706146,7078.047046314895,7146.719856171327,7212.1692801439,7287.29373619358,7348.93466493646,7395.595716963729,hurricane_cat4
Vieques,East,2028,6610.351102869559,6653.485197846941,6731.9197168002775,6825.279973143592,6908.675734653477,7011.738674187943,7048.661800368148,hurricane_cat4
Vieques,East,2029,6221.469107516568,6295.35301115585,6380.2577845945,6497.327582267982,6593.337866271338,6716.161960101122,6789.4147561075215,hurricane_cat4
Vieques,East,2030,5921.124252578841,5952.760184944383,6081.93579254588,6205.761252530996,6310.327912056017,6471.480671255482,6576.525696825308,hurricane_cat4
Villalba,South,2025,20924.695017066104,21006.03414878086,21070.88893485639,21176.395722268826,21285.912362396877,21362.67579686909,21409.731361110353,hurricane_cat4
Villalba,South,2026,19854.76063146105,19982.63481895799,20130.042535285902,20322.999533230926,20562.28687235516,20748.202927807444,20828.299480009347,hurricane_cat4
Villalba,South,2027,18613.53198116457,18763.255529153987,18990.092863539845,19353.473364125282,19646.66417068646,19930.633211971814,20059.499281486424,hurricane_cat4
Villalba,South,2028,17446.685609441312,17565.178400324385,17950.01761195036,18339.387429236267,18824.80767206371,19212.486330174208,19322.894511809718,hurricane_cat4
Villalba,South,2029,16408.2838561744,16617.288119954494,17064.508915047692,17509.999251765912,18085.752735714243,18621.118533874742,18728.205688207272,hurricane_cat4
Villalba,South,2030,15507.671758399338,15813.581713240555,16217.777667476086,16781.71293788698,17345.448861987687,18100.816099941734,18286.27223791765,hurricane_cat4
Yabucoa,East,2025,28547.605525195773,28601.30074735159,28721.5706813156,28860.131640404306,29002.448032650213,29124.80782485746,29205.480359626563,hurricane_cat4
Yabucoa,East,2026,26993.20909708809,27184.570394337912,27381.71050926383,27649.689998219746,27948.307552245107,28224.357050409242,28302.36750778089,hurricane_cat4
Yabucoa,East,2027,25263.238916080234,25461.050639082125,25785.685140848374,26226.819779162844,26670.074704273677,27056.89815907637,27274.49583623288,hurricane_cat4
Yabucoa,East,2028,23615.25471920507,23832.34951873409,24233.297131532243,24887.823484906105,25364.247026943525,25968.17501873149,26288.355336580007,hurricane_cat4
Yabucoa,East,2029,22092.27504486987,22368.164842371785,22830.064315986812,23648.792436231066,24322.57479658244,25009.389540506043,25263.33902831429,hurricane_cat4
Yabucoa,East,2030,20791.35332139787,21198.596047257113,21661.31547691465,22511.643766382207,23342.553583732886,24195.420426085977,24762.143003275236,hurricane_cat4
Yauco,South,2025,32132.42560283575,32200.519271581827,32308.35012782416,32450.81825547221,32543.177513317445,32682.733417418727,32808.505499462946,hurricane_cat4
Yauco,South,2026,30517.987792840082,30654.896819248846,30957.442272349523,31186.82861609805,31406.190923395316,31657.0583795654,31835.93596747919,hurricane_cat4
Yauco,South,2027,28744.977582950596,28884.554104683008,29303.518292896923,29633.022918318853,30064.338138582658,30447.47808411603,30517.418752127942,hurricane_cat4
Yauco,South,2028,26822.254319227766,27126.947695843577,27674.13165554294,28052.290651875606,28662.305466575926,29105.063657881907,29484.084833131852,hurricane_cat4
Yauco,South,2029,25336.471312306134,25698.065533433375,26309.61500108503,26776.10115065158,27414.770699663997,28037.03105266418,28509.105536157844,hurricane_cat4
Yauco,South,2030,23919.882326450832,24349.479007974616,25019.970146619362,25646.61983975896,26349.384543436176,27182.40428186266,27667.44497611016,hurricane_cat4
Adjuntas,Central Mountains,2025,17430.459120039384,17478.622738625156,17546.882256740177,17626.434268750367,17708.755830105663,17796.465484734017,17838.472227091705,hurricane_cat5_maria_like
Adjuntas,Central Mountains,2026,16416.88089930983,16479.195230701294,16599.185125204225,16791.951311317327,16926.90973790762,17086.998812093298,17159.796017240948,hurricane_cat5_maria_like
Adjuntas,Central Mountains,2027,15202.462831531677,15299.68127574288,15514.152318688786,15734.568881536954,15960.004931893936,16214.690029766214,16303.702530282877,hurricane_cat5_maria_like
Adjuntas,Central Mountains,2028,13979.993373740166,14146.808352802262,14399.330904564587,14756.523636784439,15089.221524452561,15367.840987300111,15483.682602385024,hurricane_cat5_maria_like
Adjuntas,Central Mountains,2029,12951.111306227514,13141.56756576062,13431.321294268688,13964.045384317407,14318.516466138184,14693.185370461819,14882.028821713839,hurricane_cat5_maria_like
Adjuntas,Central Mountains,2030,12108.734162123214,12302.009319698345,12709.709339066392,13252.369174837117,13695.83690291363,14082.504890090915,14278.297011528311,hurricane_cat5_maria_like
Aguada,West,2025,36642.00518704079,36730.20409274099,36920.58970140346,37065.26236253737,37229.14712039229,37412.99225477091,37488.88859127292,hurricane_cat5_maria_like
Aguada,West,2026,34460.25725696672,34616.80140687452,34982.93992473176,35337.73819602134,35642.19032540091,36000.48958398484,36312.49099181383,hurricane_cat5_maria_like
Aguada,West,2027,32023.489753112335,32176.783304118835,32705.03226641874,33235.863202395914,33736.812260728024,34209.34130368399,34511.38922634892,hurricane_cat5_maria_like
Aguada,West,2028,29563.581251440082,29955.091432096946,30508.194140588115,31238.477812628582,31787.64669262196,32496.432804733056,32832.96218679262,hurricane_cat5_maria_like
Aguada,West,2029,27544.965706004987,28029.278564106717,28611.154859514856,29574.922426056895,30366.179171919255,31052.97341880231,31611.381102710628,hurricane_cat5_maria_like
Aguada,West,2030,25697.736492810345,26352.6679899201,27088.02011844325,27926.23684514532,29037.131321375637,29830.770509312108,30426.054059318016,hurricane_cat5_maria_like
Aguadilla,West,2025,51664.187576380085,52094.08028784936,52654.684283167095,53205.92658345976,53696.40892097099,54121.26019987986,54726.328334689075,hurricane_cat5_maria_like
Aguadilla,West,2026,48031.66465857933,48693.39761895741,49671.06817893986,50736.10724306363,51696.105127063754,52592.09341035603,53260.499392032376,hurricane_cat5_maria_like
Aguadilla,West,2027,43995.14941676781,44713.92216566484,46168.8845626465,47602.10776160319,48974.619577950754,50804.48807696343,51348.96304605113,hurricane_cat5_maria_like
Aguadilla,West,2028,40452.85303538298,40958.419118210564,42446.23494483993,44615.70141216033,46673.79199149717,48634.300558676456,49450.6932401444,hurricane_cat5_maria_like
Aguadilla,West,2029,36856.458391693675,38010.35727288372,39623.95016572938,42195.19225887481,44350.79388563187,46629.685128715,48358.55905810211,hurricane_cat5_maria_like
Aguadilla,West,2030,34207.790475275106,35369.229873843025,37406.93316382029,39996.065763823615,42706.23154876764,44997.44867909454,47537.13402250515,hurricane_cat5_maria_like
Aguas Buenas,Central Mountains,2025,23014.64895327138,23051.21297428669,23133.78043862887,23201.295076081664,23282.087852008917,23349.166582393857,23377.42995675338,hurricane_cat5_maria_like
Aguas Buenas,Central Mountains,2026,21692.517728496867,21805.28698084932,21947.641466418332,22104.619694221867,22243.617478542845,22381.81130541698,22488.963205669093,hurricane_cat5_maria_like
Aguas Buenas,Central Mountains,2027,20240.142471572603,20355.138796457006,20542.62828140503,20751.38999645461,21014.545308484776,21168.75683826826,21340.217502029776,hurricane_cat5_maria_like
Aguas Buenas,Central Mountains,2028,18745.578708197754,18939.55533227713,19173.948873058627,19419.65341824347,19748.614920235348,19978.25566759245,20095.475755955966,hurricane_cat5_maria_like
Aguas Buenas,Central Mountains,2029,17462.419973573244,17714.18141094985,17999.401606505395,18340.64827940656,18695.879172327906,18984.23434530206,19239.475815865066,hurricane_cat5_maria_like
Aguas Buenas,Central Mountains,2030,16453.790375787652,16627.66528955003,17022.106299000552,17431.74811343654,17790.59811322768,18157.276838874026,18414.060784285084,hurricane_cat5_maria_like
Aibonito,Central Mountains,2025,23565.150357405735,23765.00280570153,23964.373626156575,24220.722730907168,24493.028981363124,24645.288810818703,24894.964029943258,hurricane_cat5_maria_like
Aibonito,Central Mountains,2026,21742.952093503674,21985.173019206763,22493.930549760524,23072.35099218478,23544.796348623615,24018.86620314623,24260.019327336828,hurricane_cat5_maria_like
Aibonito,Central Mountains,2027,19839.120920489666,20054.41175501498,20929.938566854216,21681.643417679534,22375.678565530965,22972.4037303698,23339.31662986095,hurricane_cat5_maria_like
Aibonito,Central Mountains,2028,17911.263130720927,18270.847229095463,19298.684626537244,20318.782630365902,21282.076522604453,22085.25557807148,22543.025363831366,hurricane_cat5_maria_like
Aibonito,Central Mountains,2029,16248.086448837745,16720.544119817794,17827.31356953141,19159.526654171746,20303.639366228148,21352.91590064245,22193.731627090092,hurricane_cat5_maria_like
Aibonito,Central Mountains,2030,14808.43270439037,15418.74285125655,16544.74793721763,18319.07065575233,19544.16392363021,20883.057011549976,21813.712722372584,hurricane_cat5_maria_like
Arecibo,North,2025,83431.34602526145,83710.10932711989,84300.69332371948,84987.77694184791,85637.48016979947,86302.42810180798,86559.54904704043,hurricane_cat5_maria_like
Arecibo,North,2026,77817.40753564505,78590.02786636532,79688.35242018862,81188.35418813842,82392.43405990551,83411.43545313632,84192.76223343525,hurricane_cat5_maria_like
Arecibo,North,2027,71796.46331179405,72361.3553687981,74439.27558171592,76597.62285240955,78261.05683481894,79929.84400578465,81197.86495960447,hurricane_cat5_maria_like
Arecibo,North,2028,65985.64790404613,67501.5354703459,69461.99743897686,72053.82426485268,74342.25087443192,76743.29159863689,78480.26847690521,hurricane_cat5_maria_like
Arecibo,North,2029,61063.66877034753,62632.572346460984,65216.83040839868,68507.0523840475,71177.54777185837,73979.44349769087,75872.62926164067,hurricane_cat5_maria_like
Arecibo,North,2030,57075.8014634739,58376.510648791744,61869.27662939346,65068.08991188976,68385.43608218731,71461.56492424593,74169.01207947153,hurricane_cat5_maria_like
Arroyo,South,2025,14789.08221346261,14877.922809577727,14966.305302298188,15069.062062359468,15160.308460456155,15259.23803369746,15348.089764945973,hurricane_cat5_maria_like
Arroyo,South,2026,13676.850674231002,13853.012008701426,14117.987445155952,14291.57456032094,14477.704705827617,14678.129624189394,14839.859400342766,hurricane_cat5_maria_like
Arroyo,South,2027,12375.664292011017,12694.005058350082,13070.925752079469,13364.675988801047,13608.742138425343,13978.666126712165,14149.375355150101,hurricane_cat5_maria_like
Arroyo,South,2028,11219.067930732086,11572.585510070352,12010.261599045525,12431.284593309447,12791.678466418016,13209.105478699179,13465.467724095297,hurricane_cat5_maria_like
Arroyo,South,2029,10369.58670961319,10675.94371651324,11213.207980779403,11689.505547118057,12197.584013013158,12599.776972321932,12937.070609446902,hurricane_cat5_maria_like
Arroyo,South,2030,9633.503911984682,9948.349012558445,10473.060022148116,11078.80744919161,11642.500384103983,12069.711880252335,12564.576769106208,hurricane_cat5_maria_like
Añasco,West,2025,24470.445106451116,24505.317822025485,24573.508282062765,24664.19352043466,24735.68241620994,24810.795229058323,24840.655226798124,hurricane_cat5_maria_like
Añasco,West,2026,23139.175101192654,23231.74698970963,23344.56576987054,23514.47817306297,23673.974851860723,23806.059326501454,23859.529064111914,hurricane_cat5_maria_like
Añasco,West,2027,21579.012912339796,21661.828646639347,21862.293534510478,22114.10329366337,22337.812128159363,22551.40250285154,22705.234134819533,hurricane_cat5_maria_like
Añasco,West,2028,20078.140516128624,20191.489212733013,20441.113604028273,20732.402945298687,21039.350986369715,21380.220116509718,21530.952611634093,hurricane_cat5_maria_like
Añasco,West,2029,18804.80436883612,18928.57282488224,19256.848386090096,19594.594550472073,19982.638446115885,20374.205932008495,20649.656214166596,hurricane_cat5_maria_like
Añasco,West,2030,17655.346041054047,17849.895309413652,18212.869645725754,18605.675815534756,19085.978829552158,19535.768397515923,19797.089422314475,hurricane_cat5_maria_like
Barceloneta,North,2025,21789.083154618715,21881.516489979276,21991.353407088107,22098.915710341404,22217.35851635031,22355.57813778088,22412.859331739157,hurricane_cat5_maria_like
Barceloneta,North,2026,20506.06698560731,20673.858971911577,20845.63253934931,21090.92965300963,21334.063745537802,21540.115594594663,21747.76859443905,hurricane_cat5_maria_like
Barceloneta,North,2027,18940.734596678318,19194.955572271134,19492.712403351332,19879.123947096894,20284.308841482994,20579.56175675238,20834.198668083594,hurricane_cat5_maria_like
Barceloneta,North,2028,17531.985675198426,17810.172075011178,18227.386825985755,18712.85860761685,19139.057933343618,19633.571790567436,19809.693699075942,hurricane_cat5_maria_like
Barceloneta,North,2029,16320.500756594021,16651.12218264863,17185.803705682483,17686.82823914259,18286.143056622008,18842.609616121856,19091.21401656495,hurricane_cat5_maria_like
Barceloneta,North,2030,15353.974164475338,15689.99922880766,16243.665349218169,16784.354718535913,17469.501525978496,18139.983093386603,18537.689915258223,hurricane_cat5_maria_like
Barranquitas,Central Mountains,2025,28176.511359225755,28237.17501030902,28394.631759329655,28518.90337960369,28663.687794248694,28817.27076618669,28854.731504022988,hurricane_cat5_maria_like
Barranquitas,Central Mountains,2026,26319.56235841868,26547.392003868586,26821.890118536492,27200.32040386206,27434.539202487216,27733.034704587524,27830.629802373478,hurricane_cat5_maria_like
Barranquitas,Central Mountains,2027,24217.786855197537,24476.666492121123,25082.913596283106,25582.487807774472,25909.039009096967,26355.04126097443,26538.255126577737,hurricane_cat5_maria_like
Barranquitas,Central Mountains,2028,22302.21526413232,22540.023504256485,23336.085878806454,23985.660646919787,24475.95542782822,24894.15215939128,25181.322534933908,hurricane_cat5_maria_like
Barranquitas,Central Mountains,2029,20566.072122395897,21096.328386439985,21843.713614785745,22640.22777700556,23312.873798455454,23796.638268550647,24193.08309507179,hurricane_cat5_maria_like
Barranquitas,Central Mountains,2030,19321.531680669286,19735.10228302732,20615.01568754232,21510.93266633092,22256.995095722814,23022.88543175718,23354.528972175092,hurricane_cat5_maria_like
Bayamón,Metro,2025,175164.083381076,175900.88499138053,177699.8229664888,179279.49523872585,180884.16031315978,182274.79857660548,182780.4263553279,hurricane_cat5_maria_like
Bayamón,Metro,2026,161590.26227596393,164499.24458582723,167070.97864206595,170506.48060369532,173704.3026453455,177495.73414328689,179023.48959808698,hurricane_cat5_maria_like
Bayamón,Metro,2027,148542.97696338588,150932.40510193128,155112.09581775882,160276.13870155375,164999.50618949416,170456.61925650504,172617.60805597037,hurricane_cat5_maria_like
Bayamón,Metro,2028,135094.7202939633,138828.01499790142,143076.00214671475,149296.52621246083,157105.38500283542,163433.75979692794,167522.41642743212,hurricane_cat5_maria_like
Bayamón,Metro,2029,124384.93536296957,127892.68797315363,133916.11257510167,140777.91634151217,150464.12003529613,158141.43288785717,162374.83363294718,hurricane_cat5_maria_like
Bayamón,Metro,2030,115658.66727398658,118019.81505223189,125675.08903156857,134527.80613705193,143598.431233324,152068.33865974424,158170.93828889495,hurricane_cat5_maria_like
Cabo Rojo,West,2025,45705.1888577428,45801.6090988891,45914.20247732907,46034.86389361226,46178.58912430116,46322.22771007562,46420.07497941957,hurricane_cat5_maria_like
Cabo Rojo,West,2026,43236.35339897738,43383.11762728777,43618.557704436746,43888.609195558936,44160.28940827481,44529.3223507126,44620.676387223495,hurricane_cat5_maria_like
Cabo Rojo,West,2027,40366.87871598431,40477.44882863401,40859.585056545606,41310.59953410922,41659.43519382212,42079.7513031405,42383.64793982066,hurricane_cat5_maria_like
Cabo Rojo,West,2028,37558.08131884646,37785.08362233228,38227.63594024746,38693.38638748448,39189.88026069786,39775.71878741717,40183.826271779675,hurricane_cat5_maria_like
Cabo Rojo,West,2029,35253.53314777205,35489.67847889621,36068.76402539639,36587.02226989479,37206.903101208256,37857.53007231643,38213.65465232356,hurricane_cat5_maria_like
Cabo Rojo,West,2030,33311.899600680146,33577.98975377074,34122.28669846569,34749.65488309719,35490.40681305235,36137.24803276251,36606.52842089129,hurricane_cat5_maria_like
Caguas,East,2025,122030.93440920163,122281.72178099104,122847.67864882699,123343.52740339714,123821.7238803867,124264.19520016764,124549.3149350224,hurricane_cat5_maria_like
Caguas,East,2026,114383.34262354588,115084.01510332595,115833.0152899985,116839.58231408325,117831.2014658153,118684.1722867781,119374.5973278817,hurricane_cat5_maria_like
Caguas,East,2027,105866.35032379902,106220.0090851736,107637.77563503606,108882.5304981512,110406.68919776162,111451.33382433935,112315.0728864555,hurricane_cat5_maria_like
Caguas,East,2028,97430.39060311952,98013.68901518566,99766.80819806279,101177.02889944258,103166.41844420906,104648.30722751327,105934.90300147605,hurricane_cat5_maria_like
Caguas,East,2029,90458.25058810499,91442.35094222159,93245.25688235369,95120.28668707106,96827.20208472002,99065.72790467467,101040.75626943556,hurricane_cat5_maria_like
Caguas,East,2030,84859.40609857129,85829.15738314342,87851.66367492106,89792.29413327946,91853.51590357085,94535.71308727203,96984.94654244925,hurricane_cat5_maria_like
Camuy,North,2025,31350.663357976126,31592.027184979404,31830.458163606145,32151.959298340727,32465.471432244736,32627.142011744752,32778.655583957654,hurricane_cat5_maria_like
Camuy,North,2026,29193.23175921865,29581.72817384312,29985.453625733062,30654.160307270373,31246.577555799082,31655.0439197735,31834.93125327073,hurricane_cat5_maria_like
Camuy,North,2027,26749.774371629366,27509.73442420455,28004.405792912443,28873.783743581134,29670.041063645764,30292.99810265861,30683.58725179662,hurricane_cat5_maria_like
Camuy,North,2028,24795.63058297421,25197.23769505779,26144.70530825097,27033.90209011886,28173.49492434442,28934.795175274736,29442.744525892474,hurricane_cat5_maria_like
Camuy,North,2029,22863.49935406287,23489.075928073413,24558.349262341297,25722.142379725927,26935.075073304684,27862.824625169487,28509.36952453552,hurricane_cat5_maria_like
Camuy,North,2030,21240.338089228113,22050.884633068472,23200.348497422663,24433.348528681574,25831.012720743634,27114.97140638119,27796.024859270157,hurricane_cat5_maria_like
Canóvanas,East,2025,40463.874155979654,40570.39628129078,40808.17930386512,41037.93935427813,41299.87044895912,41490.15130078743,41618.30706731941,hurricane_cat5_maria_like
Canóvanas,East,2026,37752.023216435795,37919.881369918876,38319.28472693571,38956.68455418741,39375.52262455187,39668.787648923484,40107.03327433277,hurricane_cat5_maria_like
Canóvanas,East,2027,34565.80067944944,34973.088050056074,35580.007796821956,36320.47246103351,36884.523950852374,37476.16786632647,37886.59517964607,hurricane_cat5_maria_like
Canóvanas,East,2028,31706.851999506136,32040.619178189263,32859.85625469041,33773.96347653186,34561.110650821174,35416.57756880839,35866.27743645878,hurricane_cat5_maria_like
Canóvanas,East,2029,29282.420686887257,29567.616646189974,30637.06160619704,31758.238264940668,32601.003638481645,33706.818291533375,34194.2492716526,hurricane_cat5_maria_like
Canóvanas,East,2030,27085.94494931974,27415.671373655518,28675.41727505885,29976.046081477863,31160.602966174338,32232.317248068048,32756.906902152325,hurricane_cat5_maria_like
Carolina,Metro,2025,146973.28067110866,147718.79118461662,148600.5413473617,149569.12137933492,150280.649846312,151304.81611967398,151804.1620144201,hurricane_cat5_maria_like
Carolina,Metro,2026,137451.74404637422,138301.9340284234,140058.11945168878,142315.61799722363,144375.34621961837,145681.73645222653,147045.32069892212,hurricane_cat5_maria_like
Carolina,Metro,2027,126203.568065194,127806.2439428046,130653.08045515468,133787.8955256565,136622.95606976326,139142.41310462987,140513.3313645837,hurricane_cat5_maria_like
Carolina,Metro,2028,116127.18933316898,118308.97946706289,121797.05242329773,126132.25345005182,129152.9087336387,132025.81444216968,133964.68916381118,hurricane_cat5_maria_like
Carolina,Metro,2029,107964.03108607954,110044.03945022784,113967.26849910372,118565.82932890544,122969.26873961677,126673.75636133768,129568.66505552786,hurricane_cat5_maria_like
Carolina,Metro,2030,100766.86425276156,102800.23265808317,107195.32309358414,112449.87263759275,117673.29289946116,122000.46046519588,124164.0688498493,hurricane_cat5_maria_like
Cataño,Metro,2025,21926.45682374317,21951.038104173353,22010.10515813661,22060.519979920588,22113.546106188995,22200.53348753984,22233.92904509593,hurricane_cat5_maria_like
Cataño,Metro,2026,20738.631855898635,20804.134687309437,20912.140500146244,21015.73904782436,21137.486032554734,21294.777494625112,21381.639193211857,hurricane_cat5_maria_like
Cataño,Metro,2027,19312.38211864661,19427.826906499013,19593.659414294736,19768.080147131735,19948.41068935623,20171.540983978502,20248.47992729811,hurricane_cat5_maria_like
Cataño,Metro,2028,17930.88071046571,18070.292043181544,18314.967050090636,18566.75134045362,18803.473599834502,19049.2333029609,19203.687318507597,hurricane_cat5_maria_like
Cataño,Metro,2029,16726.173103282745,16959.442348709978,17252.14644070394,17592.89702568914,17848.36442051854,18161.410409729262,18278.360913517186,hurricane_cat5_maria_like
Cataño,Metro,2030,15737.304175888798,15972.59015541463,16322.045412127558,16698.068306315825,17020.73494724945,17364.899322315912,17487.353653064478,hurricane_cat5_maria_like
Cayey,Central Mountains,2025,39948.86828365295,40004.483571603465,40095.76897302785,40211.11517119473,40313.93216324447,40401.65009392707,40455.49192002089,hurricane_cat5_maria_like
Cayey,Central Mountains,2026,37679.98335219957,37763.041380049166,38052.06669974177,38278.4805805855,38519.87173435092,38758.972518018265,38865.410821825935,hurricane_cat5_maria_like
Cayey,Central Mountains,2027,35022.489814226035,35189.94226004945,35557.42859155375,35917.95965909648,36296.938830078725,36675.96743878013,36822.47103279041,hurricane_cat5_maria_like
Cayey,Central Mountains,2028,32513.362160397257,32743.780338445893,33074.28418177233,33662.56457467121,34132.35910081302,34555.96837169651,34838.76634021054,hurricane_cat5_maria_like
Cayey,Central Mountains,2029,30400.187083387857,30701.522760827018,31085.58776147664,31787.581067965468,32334.333676244783,32919.96194767711,33198.12244551907,hurricane_cat5_maria_like
Cayey,Central Mountains,2030,28610.374140539527,28922.2107782843,29452.340707267453,30159.85568093334,30809.101541299435,31497.573487884456,31818.487736137035,hurricane_cat5_maria_like
Ceiba,East,2025,10665.877203104925,10702.15712992603,10743.609374456744,10809.045972030362,10891.274510342384,10933.05049597037,10970.391533374257,hurricane_cat5_maria_like
Ceiba,East,2026,10013.669327267204,10039.922833738516,10150.125941477398,10254.796174885554,10382.393578440553,10491.453681985227,10544.365465327304,hurricane_cat5_maria_like
Ceiba,East,2027,9153.338854122643,9256.5645474417,9416.827295409472,9598.822178425227,9766.611901193943,9920.944765416276,10005.195271421255,hurricane_cat5_maria_like
Ceiba,East,2028,8331.180713801261,8510.119872316038,8720.329576606397,8939.90631894924,9157.986098671066,9341.78968293488,9475.748955377987,hurricane_cat5_maria_like
Ceiba,East,2029,7683.840764742927,7912.823380129091,8141.163543513602,8391.793213610876,8659.23201165899,8877.658092771948,9051.354102831285,hurricane_cat5_maria_like
Ceiba,East,2030,7150.080570853429,7395.150028962697,7705.272321220014,7935.40730788031,8228.621966703698,8499.62659443225,8725.022624845511,hurricane_cat5_maria_like
Ciales,Central Mountains,2025,16179.066173464573,16262.593628630799,16368.69421395844,16503.881122121187,16646.08772475347,16786.415829944814,16842.886692809785,hurricane_cat5_maria_like
Ciales,Central Mountains,2026,15035.581076968449,15145.329127005649,15404.363229783175,15710.548527634593,15969.714716246015,16283.046441872093,16478.85369392633,hurricane_cat5_maria_like
Ciales,Central Mountains,2027,13844.899779198655,14021.340704879432,14307.790361037967,14756.338799107401,15210.209547570548,15542.175328227722,15851.26992408587,hurricane_cat5_maria_like
Ciales,Central Mountains,2028,12587.504915825242,12939.816894982512,13285.23807632105,13804.067887366688,14393.065086800972,14788.436503373276,15185.379977944935,hurricane_cat5_maria_like
Ciales,Central Mountains,2029,11566.233011776078,12049.492623049162,12452.278403036591,13021.841763575057,13705.4955000133,14269.850242990247,14756.1516391515,hurricane_cat5_maria_like
Ciales,Central Mountains,2030,10820.920335181378,11214.115738175738,11725.766945602394,12372.426855519534,13161.537221430144,13867.210945040531,14224.454119086235,hurricane_cat5_maria_like
Cidra,Central Mountains,2025,38564.50628247969,38614.32289578547,38747.66003045315,38950.94426824925,39181.23241893125,39330.83474328954,39431.09539747708,hurricane_cat5_maria_like
Cidra,Central Mountains,2026,36315.735091489885,36402.56249774907,36728.81369642728,37145.34082370723,37525.179629639846,37901.646328519564,38104.99611690718,hurricane_cat5_maria_like
Cidra,Central Mountains,2027,33595.786030102834,33828.00537119874,34204.16044125093,34957.99902880516,35493.436572374696,36047.58470765353,36315.18861460006,hurricane_cat5_maria_like
Cidra,Central Mountains,2028,30870.242653194997,31257.216146056933,31875.373908539445,32727.282638763507,33469.10269894241,34185.909744226046,34599.923049783705,hurricane_cat5_maria_like
Cidra,Central Mountains,2029,28686.702107947833,29208.83876144865,29914.71042874666,30921.09249495602,31919.833683147925,32594.733902429063,33279.638084568345,hurricane_cat5_maria_like
Cidra,Central Mountains,2030,26738.967495078814,27463.83995592763,28133.31400883899,29270.023735821673,30501.17126569563,31385.08829542722,32114.253140069406,hurricane_cat5_maria_like
Coamo,South,2025,32644.355981675584,32845.438697842816,33080.480338228575,33382.19084205433,33685.15659174589,33925.776799770996,34078.894775105284,hurricane_cat5_maria_like
Coamo,South,2026,30179.69057312022,30530.51567578622,31026.948051130224,31608.762881686926,32480.204708990583,32998.145710435565,33251.09343059664,hurricane_cat5_maria_like
Coamo,South,2027,27514.573867255294,27981.034949533372,28703.097061802604,29659.091558721233,30909.138811651603,31766.020736012513,32002.02318594143,hurricane_cat5_maria_like
Coamo,South,2028,24940.692748648147,25655.931480597817,26482.062329738492,27695.557100377213,29149.632294744348,30288.293674380257,30643.596248714344,hurricane_cat5_maria_like
Coamo,South,2029,22795.19800059474,23683.593742117722,24656.09636134442,26105.668546862078,27804.747463562686,29170.303116619525,29928.230163258013,hurricane_cat5_maria_like
Coamo,South,2030,21198.678224058527,21886.86505521494,23249.714398320302,24853.39029530305,26678.045361410826,28407.093204916575,29199.91670603312,hurricane_cat5_maria_like
Comerío,Central Mountains,2025,18251.601889889294,18284.260977094997,18333.16239056814,18379.130212418437,18438.392302737677,18475.741740063684,18493.921402176395,hurricane_cat5_maria_like
Comerío,Central Mountains,2026,17210.13295387221,17276.37520316453,17391.162190538045,17509.378588958913,17616.264188020334,17682.278619118686,17733.47527406076,hurricane_cat5_maria_like
Comerío,Central Mountains,2027,15999.253583399695,16100.558047552036,16274.153592181228,16435.95379070282,16584.083390474258,16734.278284717017,16798.659946311545,hurricane_cat5_maria_like
Comerío,Central Mountains,2028,14876.719963259726,14974.264833598083,15194.655425480656,15421.99774916362,15581.909331320448,15780.649959029777,15854.580920384953,hurricane_cat5_maria_like
Comerío,Central Mountains,2029,13932.973007249628,14036.952453421049,14287.313446961527,14569.749762589337,14760.544115321878,15012.402042525964,15109.593488641616,hurricane_cat5_maria_like
Comerío,Central Mountains,2030,13135.484495420473,13250.392893933044,13548.993350654142,13857.71617226965,14080.784266076078,14383.875404271183,14540.864558184021,hurricane_cat5_maria_like
Corozal,Central Mountains,2025,33315.3439516347,33471.75016763737,33648.50902624084,33862.207627965035,34082.45722173894,34299.508779160366,34418.91902967445,hurricane_cat5_maria_like
Corozal,Central Mountains,2026,31176.477935221887,31456.548325540673,31859.845900178367,32287.74328827365,32740.99389738532,33099.723603128674,33398.50494088272,hurricane_cat5_maria_like
Corozal,Central Mountains,2027,28751.042693755982,29156.409349557525,29620.621089761684,30366.423381661436,31012.59878523102,31667.42845633484,32159.095960920524,hurricane_cat5_maria_like
Corozal,Central Mountains,2028,26335.05202421311,26712.10623204562,27590.79062201596,28460.717199010516,29347.428558132426,30194.335051109843,30606.403770400135,hurricane_cat5_maria_like
Corozal,Central Mountains,2029,24241.723930124524,24762.143144738042,25864.132262472805,26910.065372168392,27957.740832998123,28905.098331571855,29291.654055588464,hurricane_cat5_maria_like
Corozal,Central Mountains,2030,22523.32396354848,23036.593467491974,24381.518876819937,25634.561423725405,26844.471586048934,27695.341040175594,28563.771263489798,hurricane_cat5_maria_like
Culebra,East,2025,1290.809733752322,1308.553529600647,1338.021682012994,1368.6847729183037,1396.2557453122088,1418.4413047066373,1433.2607796623067,hurricane_cat5_maria_like
Culebra,East,2026,1152.8929044620193,1188.8714778226858,1248.9630854493262,1298.9772806052893,1356.1373772942266,1400.0109655786862,1440.2412279473929,hurricane_cat5_maria_like
Culebra,East,2027,1006.0737575389485,1048.4467091073277,1141.460549377178,1214.8832964208002,1316.7001898489752,1384.1257120595014,1436.4604074738534,hurricane_cat5_maria_like
Culebra,East,2028,860.8257116776175,926.8269108145571,1027.4865173729213,1141.339246442927,1261.1188808342972,1353.007674834553,1487.372050819627,hurricane_cat5_maria_like
Culebra,East,2029,779.7529811130595,843.5112339618112,937.9500887854799,1083.4015353897014,1233.4780279112524,1368.259357600773,1482.1665895325366,hurricane_cat5_maria_like
Culebra,East,2030,682.5372564189839,765.1620129494411,858.338590086294,1033.6793952061262,1207.1204087115905,1350.1671350433,1485.8353597743635,hurricane_cat5_maria_like
Dorado,North,2025,34910.88301145414,34988.13520286642,35089.10357854946,35199.906256643284,35319.76218800504,35435.0076321814,35513.380681760624,hurricane_cat5_maria_like
Dorado,North,2026,32994.795603189064,33174.73103270206,33418.641424010995,33631.778851756855,33871.07088809385,34070.59773505835,34168.460997517235,hurricane_cat5_maria_like
Dorado,North,2027,30868.064565009972,31037.5102537243,31418.161405283434,31756.09175167525,32087.959196013147,32407.08774754107,32514.77629110441,hurricane_cat5_maria_like
Dorado,North,2028,28649.97155749619,28944.170134563206,29411.52452767282,29859.809332004806,30375.163170860014,30705.711668019598,30979.71826944874,hurricane_cat5_maria_like
Dorado,North,2029,26663.918543785276,27217.342025909904,27709.634097494763,28296.254742002515,28925.36262378771,29404.823991889723,29639.67344207578,hurricane_cat5_maria_like
Dorado,North,2030,25295.195214392286,25720.204725885236,26328.144970234847,27033.34227124502,27651.869786797164,28197.117291584946,28550.348643464782,hurricane_cat5_maria_like
Fajardo,East,2025,30299.27972471351,30461.536364231608,30743.94490899572,31033.244595050328,31318.52884788214,31597.919055992388,31787.415014916623,hurricane_cat5_maria_like
Fajardo,East,2026,27897.715998713324,28364.723733962743,28841.613018417484,29527.376863938487,30013.27938572934,30602.194111780635,30851.223144517433,hurricane_cat5_maria_like
Fajardo,East,2027,25525.00270592947,25791.067926773223,26510.98515637878,27443.883134126503,28375.369003784297,29076.801482217958,29598.619088241405,hurricane_cat5_maria_like
Fajardo,East,2028,22886.766493169034,23373.727857787715,24083.928074139047,25541.264969045875,26897.41901940757,27560.350873317675,28217.654445160726,hurricane_cat5_maria_like
Fajardo,East,2029,20825.505187416067,21275.089216245273,22276.8261874881,23907.515568779523,25424.253626289446,26687.46175465516,27569.80788689351,hurricane_cat5_maria_like
Fajardo,East,2030,19037.437958342773,19657.86799915517,20641.45845062507,22624.711916638895,24274.06378249633,25633.334430244657,26885.940475789615,hurricane_cat5_maria_like
Florida,North,2025,11206.618265149264,11233.06896243295,11274.484751167458,11322.692794903982,11374.353264384466,11417.516116432986,11431.862672222507,hurricane_cat5_maria_like
Florida,North,2026,10575.505773985027,10640.532286915095,10715.991265058823,10815.732373432344,10896.68293266781,10971.628882818888,11020.285906310104,hurricane_cat5_maria_like
Florida,North,2027,9844.773171002638,9894.798796537993,10035.434456099192,10185.350156962744,10325.05537902757,10428.886516863011,10510.308899228603,hurricane_cat5_maria_like
Florida,North,2028,9087.050132119472,9220.608198228654,9359.468828558589,9563.167067447575,9754.4981236134,9898.507291285288,10046.302594461984,hurricane_cat5_maria_like
Florida,North,2029,8453.506131995342,8640.473466802801,8801.948088612988,9038.657976236907,9288.345613932997,9474.900611464514,9634.210977600897,hurricane_cat5_maria_like
Florida,North,2030,7990.175281501044,8146.198444364628,8337.721254159938,8611.122389828193,8917.38339990755,9094.834725539415,9227.68929447448,hurricane_cat5_maria_like
Guayama,South,2025,34052.93054391586,34160.52679712755,34433.711056922395,34684.05677829596,34867.92496934187,35096.044654805366,35203.65123050514,hurricane_cat5_maria_like
Guayama,South,2026,31892.214599517927,32030.63328065099,32426.299030031572,32910.07880998537,33365.75010778865,33800.291010324785,34026.233148492145,hurricane_cat5_maria_like
Guayama,South,2027,29209.270849314657,29578.636696420122,30170.961576587517,30722.126503314234,31648.237800392042,32100.213446051126,32310.72937010216,hurricane_cat5_maria_like
Guayama,South,2028,26578.82973500301,27176.64978440866,27924.12587110172,28784.675122480796,29853.01738283713,30467.881560674075,30943.640226209853,hurricane_cat5_maria_like
Guayama,South,2029,24602.206954888366,25121.820308126917,26172.296417825,27083.780656960615,28170.73178708752,29115.170261147767,29804.416925090427,hurricane_cat5_maria_like
Guayama,South,2030,22861.611803851854,23517.534206265955,24551.19774500546,25781.74684331313,26792.503309183572,28227.252529598605,28920.618113972174,hurricane_cat5_maria_like
Guayanilla,South,2025,16705.850112813845,16740.212603763655,16792.078147291366,16848.4368426052,16889.73329209217,16952.084551698186,16972.527789929612,hurricane_cat5_maria_like
Guayanilla,South,2026,15722.783853610601,15793.638205646272,15883.79072249658,16000.954465644054,16111.648170230268,16211.529668296493,16269.159351112754,hurricane_cat5_maria_like
Guayanilla,South,2027,14619.8681385485,14665.919369371808,14804.042370738189,14991.036837957052,15165.608325336478,15297.852728142618,15435.908636712682,hurricane_cat5_maria_like
Guayanilla,South,2028,13460.718796661638,13586.568738717617,13794.217327424638,13992.744844031688,14226.458436696414,14437.286062403826,14577.560636021428,hurricane_cat5_maria_like
Guayanilla,South,2029,12510.458197047385,12719.50716207202,12962.374199196329,13183.967680372854,13457.924429050086,13777.507934409174,13908.601581673725,hurricane_cat5_maria_like
Guayanilla,South,2030,11755.279215900258,11989.13504779803,12234.874516645747,12487.42257382832,12828.479706188351,13140.963866258415,13410.38479132681,hurricane_cat5_maria_like
Guaynabo,Metro,2025,86122.0507894987,86487.5188865013,87160.35256141613,87803.18443879008,88489.17332465615,89046.27579663077,89466.27933122583,hurricane_cat5_maria_like
Guaynabo,Metro,2026,80603.9267561437,81281.21604388027,82417.72890965125,83567.05935516657,85040.4859946942,86197.68708928909,86905.74310517366,hurricane_cat5_maria_like
Guaynabo,Metro,2027,74387.01482046286,75392.77481479122,76942.19910958903,78710.98670418622,80795.03347429344,82468.74579298976,83379.17393284319,hurricane_cat5_maria_like
Guaynabo,Metro,2028,68193.68583989452,69437.57183650284,71673.91345945773,73965.25302068447,76646.03269640937,78419.41307744113,80361.64104855104,hurricane_cat5_maria_like
Guaynabo,Metro,2029,63009.08270826947,64592.70315088814,67471.55781365039,69896.91784033315,73338.17386819047,76011.07688395299,77374.4784351336,hurricane_cat5_maria_like
Guaynabo,Metro,2030,58605.01327036027,60305.271818976726,63577.17860688507,66646.3345355996,70087.52287328038,73044.36073949527,76081.31705716843,hurricane_cat5_maria_like
Gurabo,East,2025,38148.19221516,38319.95145330648,38867.93385153781,39335.380787341426,39944.92047494095,40358.186998435645,40689.086299802635,hurricane_cat5_maria_like
Gurabo,East,2026,35019.65391308061,35430.44931058512,36241.296528680235,37193.567963243244,38402.04022373527,39088.826432165646,39535.25251375584,hurricane_cat5_maria_like
Gurabo,East,2027,31116.221642049393,31630.19819963907,32973.233015956444,34631.31443523057,36275.49376258734,37381.01383024436,38246.765619730206,hurricane_cat5_maria_like
Gurabo,East,2028,27511.17046668854,28470.491061490015,30158.488427534416,32259.962328949572,33913.86674548777,36115.32074229517,36710.09567647613,hurricane_cat5_maria_like
Gurabo,East,2029,24885.703524577308,25517.259895554525,27728.601263488003,30376.698092205686,32507.830674166024,34724.083632043556,35972.72754051646,hurricane_cat5_maria_like
Gurabo,East,2030,22271.90627543639,23193.798683067977,25958.97944560113,28534.120025105236,30974.47194473579,34048.17231206768,35011.70528167555,hurricane_cat5_maria_like
Guánica,West,2025,12407.138482434168,12449.595394168788,12534.96028766461,12617.650144394916,12722.808175160375,12806.659849207912,12836.935692349158,hurricane_cat5_maria_like
Guánica,West,2026,11586.576294901035,11670.963415532999,11804.727788464583,12023.591284453216,12188.383917910252,12325.416526961859,12432.805790226812,hurricane_cat5_maria_like
Guánica,West,2027,10579.995346129374,10759.499562192424,11002.685495585938,11253.745747491692,11563.841673874009,11805.178347328736,11960.054265264855,hurricane_cat5_maria_like
Guánica,West,2028,9627.136519871978,9851.392414839132,10207.926617892532,10553.574768235881,10926.285660973657,11253.383029305565,11578.391591814468,hurricane_cat5_maria_like
Guánica,West,2029,8835.411595855092,9113.032450382621,9542.774695130338,9966.714369456244,10426.122091573126,10863.358291676024,11092.465857825944,hurricane_cat5_maria_like
Guánica,West,2030,8193.71369413541,8517.470323827862,9021.231315250192,9498.845516710811,10028.074648484704,10546.049998057008,10853.694207613837,hurricane_cat5_maria_like
Hatillo,North,2025,37163.407405259866,37214.74682459124,37356.17574484524,37475.83233309611,37606.137767590364,37717.168613361384,37765.0762957821,hurricane_cat5_maria_like
Hatillo,North,2026,35103.64056917956,35306.92093894232,35507.57403139256,35797.33643181896,36063.83597079927,36261.70381582371,36363.6702513741,hurricane_cat5_maria_like
Hatillo,North,2027,32797.217039304174,32975.726995608675,33401.59917676354,33753.92924756541,34123.12806340146,34436.331929327986,34712.48946656538,hurricane_cat5_maria_like
Hatillo,North,2028,30445.085008342816,30762.51094510443,31317.794278924728,31791.42985141564,32219.482808156616,32640.88335256548,32952.288682274266,hurricane_cat5_maria_like
Hatillo,North,2029,28495.586667562828,28905.06992819181,29483.638065888677,30154.745774740037,30611.115902185295,31152.59333462554,31604.928088669356,hurricane_cat5_maria_like
Hatillo,North,2030,26708.29215585948,27348.540581660825,27956.235027567,28797.979328912646,29284.74324826404,30064.511077204956,30438.38612041873,hurricane_cat5_maria_like
Hormigueros,West,2025,15079.134909482837,15098.173892553315,15126.959651659996,15170.82767311221,15209.661501389295,15247.11240013484,15269.90910595309,hurricane_cat5_maria_like
Hormigueros,West,2026,14272.093935149043,14300.19466192917,14369.378628416958,14462.928700672532,14551.389314250799,14635.124735699275,14686.541912845112,hurricane_cat5_maria_like
Hormigueros,West,2027,13299.612765297226,13359.104891670597,13483.706609911116,13606.148850636297,13745.31713933477,13855.923177591649,13920.05538805574,hurricane_cat5_maria_like
Hormigueros,West,2028,12379.875591831478,12475.2060321729,12632.152373439041,12763.562869877409,12955.33615680207,13115.210911380149,13185.43704945121,hurricane_cat5_maria_like
Hormigueros,West,2029,11586.886439199814,11701.722081019123,11893.120774908906,12080.782796159478,12309.555303792935,12476.706233560913,12565.609732860783,hurricane_cat5_maria_like
Hormigueros,West,2030,10937.223605438749,11071.164172083701,11269.790720423209,11482.80480391367,11721.038964174197,11937.27632844772,12036.165748249117,hurricane_cat5_maria_like
Humacao,East,2025,48856.68122627468,48926.45740555214,49079.24906160592,49247.88694350172,49380.206421631214,49484.793038175856,49595.94042605172,hurricane_cat5_maria_like
Humacao,East,2026,45967.82709007958,46129.233287816045,46362.16034925634,46676.25846578585,46949.64886705972,47202.78662882028,47330.289379417016,hurricane_cat5_maria_like
Humacao,East,2027,42523.09572977759,42747.88647176123,43140.42229974373,43556.113037077186,44025.42160678339,44281.09160695719,44590.01038740187,hurricane_cat5_maria_like
Humacao,East,2028,39280.33539432492,39519.50509065704,39992.535979584296,40500.22467094115,41072.05135932808,41538.549226723735,41871.462011337826,hurricane_cat5_maria_like
Humacao,East,2029,36636.62807866004,36898.262323238545,37425.96296231507,38039.067544238496,38734.942668201504,39197.88067927577,39731.63544335999,hurricane_cat5_maria_like
Humacao,East,2030,34274.286822458336,34699.77546112056,35308.42029907374,35999.297211094454,36761.22055534448,37392.15429094635,37934.41144355787,hurricane_cat5_maria_like
Isabela,West,2025,41385.3180191484,41564.77707237405,41837.943036614575,42136.34168495712,42461.96968348014,42788.390220848254,42943.00892213418,hurricane_cat5_maria_like
Isabela,West,2026,38773.22293183923,39023.12820227572,39542.77744050254,40145.472470724635,40826.93865847859,41427.81253617621,41773.02496226958,hurricane_cat5_maria_like
Isabela,West,2027,35881.05498270112,36289.54721605866,36902.26909450066,37717.95239284397,38677.81133702929,39717.15299877894,40175.72718471742,hurricane_cat5_maria_like
Isabela,West,2028,32994.864382972344,33529.452633996094,34307.834415014404,35513.11212425971,36674.394486385085,37920.43081249368,38375.64677653873,hurricane_cat5_maria_like
Isabela,West,2029,30519.6781556945,31108.319156678426,32263.463493301013,33494.454855365606,35033.96308827345,36510.21078141199,37372.90970552781,hurricane_cat5_maria_like
Isabela,West,2030,28664.88933286082,29164.940933996397,30317.06300961633,31919.082278201655,33364.908253782254,35348.36459039661,36572.702034139285,hurricane_cat5_maria_like
Jayuya,Central Mountains,2025,14075.713003720835,14125.520135022844,14201.061026630934,14307.221547984624,14412.190736255327,14513.45160671296,14580.043698610987,hurricane_cat5_maria_like
Jayuya,Central Mountains,2026,13194.898750820994,13265.757876107815,13398.254712381073,13642.23318725892,13827.866812481136,14016.798474758418,14115.308641562777,hurricane_cat5_maria_like
Jayuya,Central Mountains,2027,12180.807736982104,12268.998507426826,12518.288427165982,12788.987728751756,13069.217437078783,13390.121938684977,13584.994238396856,hurricane_cat5_maria_like
Jayuya,Central Mountains,2028,11110.51809236688,11326.710404758816,11607.520413049873,11986.892803889335,12347.910911691008,12755.422262683926,13093.095251366185,hurricane_cat5_maria_like
Jayuya,Central Mountains,2029,10326.417906982777,10540.277751786778,10913.915343835184,11331.492904823546,11833.358754992198,12187.423351897414,12731.17304535504,hurricane_cat5_maria_like
Jayuya,Central Mountains,2030,9628.669584392144,9906.373761897372,10268.764864189969,10779.227335432184,11309.84968383558,11819.493513854959,12235.766180714252,hurricane_cat5_maria_like
Juana Díaz,South,2025,44818.09012543889,44924.56350536932,45099.106919815655,45349.74405970772,45613.02745384556,45837.37027793163,45920.62087365817,hurricane_cat5_maria_like
Juana Díaz,South,2026,42005.17525995862,42220.90320718936,42586.11298292875,43095.08352762509,43633.33988012974,44064.12342502582,44264.37723263613,hurricane_cat5_maria_like
Juana Díaz,South,2027,38634.788500061586,38966.61112451945,39612.314407984086,40333.31927725725,41042.9548140035,41943.608965979445,42157.674038472,hurricane_cat5_maria_like
Juana Díaz,South,2028,35559.99700236896,35954.69020784633,36817.82581258456,37712.19101440262,38590.61160499139,39649.66802282668,40132.67504163781,hurricane_cat5_maria_like
Juana Díaz,South,2029,32885.71739258118,33337.418024606915,34458.63277001868,35538.387084413866,36471.00809226964,37812.34831955748,38378.04898308117,hurricane_cat5_maria_like
Juana Díaz,South,2030,30739.690707164747,31205.93820029114,32370.927346628327,33683.66119127143,34812.962781460184,36113.81238334733,36951.06342141568,hurricane_cat5_maria_like
Juncos,East,2025,35894.11618688595,35967.6385854086,36072.10112185223,36220.31757270392,36373.81257948839,36485.279948659794,36538.97241162314,hurricane_cat5_maria_like
Juncos,East,2026,33681.811166355015,33868.90455180988,34114.52447791173,34322.98011448704,34646.10703531146,34853.27229729541,34987.31053740219,hurricane_cat5_maria_like
Juncos,East,2027,31000.202710006448,31253.124966709845,31599.70763637137,32049.390508294797,32487.066799301923,32847.723619377546,33035.4388841381,hurricane_cat5_maria_like
Juncos,East,2028,28572.146159101932,28790.1792362348,29161.31573236355,29847.54916427224,30345.136424618082,30861.027431959632,31068.96626658349,hurricane_cat5_maria_like
Juncos,East,2029,26475.941311487142,26700.646278939177,27215.897076089906,27989.517528841214,28580.394816465952,29241.91888181082,29405.84131059406,hurricane_cat5_maria_like
Juncos,East,2030,24785.087989989817,25092.76016711505,25703.204893696973,26507.698408089473,27159.985154668342,27834.891548614563,28193.39940377334,hurricane_cat5_maria_like
Lajas,West,2025,22213.189133995616,22335.170652133464,22503.147815118038,22669.39209314367,22817.7024802437,22923.573271533598,23063.27967883433,hurricane_cat5_maria_like
Lajas,West,2026,20832.803521511567,20988.99261639752,21281.373323814267,21648.196581641765,21942.958211831894,22206.006182258217,22424.856146753424,hurricane_cat5_maria_like
Lajas,West,2027,19350.33743261094,19493.44405984859,19837.030399650317,20422.14744321743,20862.578778026083,21289.692586353707,21551.200699756406,hurricane_cat5_maria_like
Lajas,West,2028,17737.408067542176,18064.12215667721,18535.709164846594,19146.649595433002,19735.840056996567,20410.599926357492,20695.067009749037,hurricane_cat5_maria_like
Lajas,West,2029,16486.268561589874,16826.906054527353,17296.573643004023,18061.807890368735,18790.294766948115,19537.079356598388,20097.626812625607,hurricane_cat5_maria_like
Lajas,West,2030,15434.947557348647,15703.233030055655,16315.704533138432,17176.424137038153,17971.94558599803,18872.311640798245,19429.598581487313,hurricane_cat5_maria_like
Lares,Central Mountains,2025,26397.219549715737,26560.27859520492,26945.31458170901,27368.133011834507,27853.790066312624,28326.10680910586,28478.215626333204,hurricane_cat5_maria_like
Lares,Central Mountains,2026,23733.708413793876,24144.466592219444,25025.874592042546,26153.97577200176,26951.895289520642,27865.756621056567,28461.87148214619,hurricane_cat5_maria_like
Lares,Central Mountains,2027,21127.266895589597,21705.890459080914,22840.922821759905,24447.111067741935,25771.79473564953,26867.89418690518,28040.73422973275,hurricane_cat5_maria_like
Lares,Central Mountains,2028,18726.763400042182,19470.249525796153,20857.359879124495,22741.381211032065,24358.16311432548,25910.793837006364,27113.601497073014,hurricane_cat5_maria_like
Lares,Central Mountains,2029,16415.818862709326,17374.829665898844,19433.20405349478,21561.13596726956,23624.074774074426,25101.751528600522,26459.179305562455,hurricane_cat5_maria_like
Lares,Central Mountains,2030,14885.367310291827,15813.338054569045,18198.49052547941,20610.758806709426,22923.374072956474,24690.742129000195,26274.6269011236,hurricane_cat5_maria_like
Las Marías,West,2025,8344.549766734335,8388.589328368402,8474.999457517131,8571.121065575302,8676.995250205942,8776.99609649273,8821.409553732412,hurricane_cat5_maria_like
Las Marías,West,2026,7644.038215026686,7797.412790696003,7975.534357077138,8179.4105318001,8382.271544413601,8551.322597829905,8625.625703518012,hurricane_cat5_maria_like
Las Marías,West,2027,6972.455938906934,7079.645785084208,7406.1152815526675,7724.935821912177,8004.910651132702,8224.566228001906,8344.106522367634,hurricane_cat5_maria_like
Las Marías,West,2028,6266.84766343217,6493.373883043867,6770.402004665935,7300.368681751172,7646.784229302015,7905.28253551987,8122.095661722322,hurricane_cat5_maria_like
Las Marías,West,2029,5707.728401687204,5920.985208048481,6267.854277023373,6874.961591029769,7297.9127350479785,7705.674425246766,7955.520763509661,hurricane_cat5_maria_like
Las Marías,West,2030,5304.049370821311,5400.648704850787,5855.573737343713,6466.776221546019,7117.863625230606,7519.343512897216,7809.590400083803,hurricane_cat5_maria_like
Las Piedras,East,2025,33907.84659824233,33972.582433217045,34158.12424450906,34335.812187949836,34536.57893429402,34703.904858325324,34774.44101011549,hurricane_cat5_maria_like
Las Piedras,East,2026,31637.256176803756,31819.64858676777,32132.856784521548,32510.098917792264,32959.383202169905,33302.63215550744,33581.272450540615,hurricane_cat5_maria_like
Las Piedras,East,2027,29132.97664192411,29330.39274235623,29692.24666535506,30261.157365369836,31007.46469686629,31459.343422067202,31821.664327034585,hurricane_cat5_maria_like
Las Piedras,East,2028,26594.949024281636,26860.69266450418,27382.765352485756,28169.30676015224,28995.65721224221,29600.655106801194,30034.65291888839,hurricane_cat5_maria_like
Las Piedras,East,2029,24403.691934545564,24849.010297160392,25583.61630800095,26424.98887245023,27311.768083545678,28136.948948175803,28721.33285551021,hurricane_cat5_maria_like
Las Piedras,East,2030,22715.002938936068,23162.29748083699,24005.97214351612,24950.68297748088,26063.251824087074,26986.864061915363,27457.604327599973,hurricane_cat5_maria_like
Loíza,East,2025,22194.524284573625,22216.348970292256,22281.974051507466,22362.58681143115,22434.1064335268,22511.874701536744,22537.97658762192,hurricane_cat5_maria_like
Loíza,East,2026,20825.326351801643,20897.407729012262,21039.923547884144,21184.994039473728,21320.198314574078,21428.997466192424,21521.260308374705,hurricane_cat5_maria_like
Loíza,East,2027,19272.90221963577,19348.0431279972,19551.416186644718,19770.734058317365,19947.78624182089,20080.84420075777,20209.972246315494,hurricane_cat5_maria_like
Loíza,East,2028,17715.17199927451,17825.64756092928,18129.250159757612,18410.150373422566,18595.58539453501,18797.806899531013,18931.664746856743,hurricane_cat5_maria_like
Loíza,East,2029,16463.349521399963,16584.943912729475,16961.61459326537,17273.68877141644,17533.056738147454,17790.88776986725,17894.99655205873,hurricane_cat5_maria_like
Loíza,East,2030,15397.05983941572,15567.43397053217,15944.175185680342,16325.41874716032,16638.314241266897,16933.361787131038,17117.400826332967,hurricane_cat5_maria_like
Luquillo,East,2025,17088.284304527675,17126.01939940804,17184.804396828666,17230.239801101634,17280.340710647077,17328.050357329295,17353.96216677893,hurricane_cat5_maria_like
Luquillo,East,2026,16025.647035989505,16128.043390569765,16230.16866476054,16339.63632144242,16443.279094197205,16527.070090916255,16579.866296321536,hurricane_cat5_maria_like
Luquillo,East,2027,14860.36698515312,14930.710666275148,15088.850786108887,15250.487578353172,15389.644540425486,15536.816889212318,15635.706840926345,hurricane_cat5_maria_like
Luquillo,East,2028,13708.295657937639,13815.369901887498,13975.661886643498,14184.96857896015,14374.872015637791,14562.707788704192,14675.199169782258,hurricane_cat5_maria_like
Luquillo,East,2029,12762.520671442364,12833.654320678483,13046.932188502155,13329.112349716786,13536.737529710785,13760.783501632954,13912.95167039828,hurricane_cat5_maria_like
Luquillo,East,2030,11970.786330730381,12102.628545091911,12291.438928319963,12565.260421613419,12880.738374907436,13110.939719424563,13339.73337300667,hurricane_cat5_maria_like
Manatí,North,2025,37695.015619148704,37834.97847860505,37978.882954787055,38257.34701481955,38455.36539770688,38731.11237391872,38861.50518843764,hurricane_cat5_maria_like
Manatí,North,2026,35499.31888191512,35699.57722156769,35960.48212921144,36433.73516967836,36960.41498231419,37339.18598867821,37655.910409189375,hurricane_cat5_maria_like
Manatí,North,2027,32809.735909774994,33102.98784782002,33666.48720598297,34383.19365014536,35167.73481359425,35830.01816501215,36176.09694637825,hurricane_cat5_maria_like
Manatí,North,2028,30323.769971303864,30727.000900759664,31367.439928547705,32279.636776405918,33335.87675548059,34167.01034528387,34777.04437546147,hurricane_cat5_maria_like
Manatí,North,2029,28120.370567275368,28615.376169598338,29475.1197223456,30639.90235267603,31795.63687361944,32927.97935263947,33811.8238894667,hurricane_cat5_maria_like
Manatí,North,2030,26264.659868616076,26717.998327741927,27975.985950009814,29251.131751528217,30498.46491870012,32028.654383961893,32766.18397373969,hurricane_cat5_maria_like
Maricao,West,2025,4770.713596681651,4789.043469211772,4838.407500135392,4881.907367989805,4934.014076236492,4996.844128813088,5025.53566105575,hurricane_cat5_maria_like
Maricao,West,2026,4409.073264078528,4445.228877196942,4541.968487492344,4654.692051636035,4775.268763675056,4858.314961828228,4895.7559964473585,hurricane_cat5_maria_like
Maricao,West,2027,3944.839402835842,4048.8689729330517,4209.831908638261,4384.0411687961005,4545.155332186196,4651.0454322562655,4732.194017848773,hurricane_cat5_maria_like
Maricao,West,2028,3578.9929735334176,3698.7212829272567,3899.3892380973393,4116.364424952464,4315.9383663126755,4495.409533480098,4574.760497842255,hurricane_cat5_maria_like
Maricao,West,2029,3199.7884492682947,3394.215057088148,3628.9786259367293,3879.3420097291146,4147.062200579548,4361.95292265508,4478.4492583077945,hurricane_cat5_maria_like
Maricao,West,2030,2967.4524710315245,3153.2764839179627,3428.1004487836167,3661.647164084161,3990.5317088775314,4291.737217631236,4392.027025344873,hurricane_cat5_maria_like
Maunabo,East,2025,10116.038995624707,10143.453073668998,10183.505401320353,10224.515308746373,10266.580859366406,10303.347172866577,10329.395426925652,hurricane_cat5_maria_like
Maunabo,East,2026,9461.228423353945,9530.444415917413,9620.17617618626,9697.735171028955,9779.513620169177,9857.79119722414,9891.859650243854,hurricane_cat5_maria_like
Maunabo,East,2027,8746.635094173742,8808.744342894493,8944.246457181858,9071.03698615773,9171.88814125282,9265.07739934557,9360.082919515822,hurricane_cat5_maria_like
Maunabo,East,2028,8047.889987879853,8116.097428896367,8290.44063885647,8433.151998071444,8588.064150741295,8710.160177847165,8794.738639473464,hurricane_cat5_maria_like
Maunabo,East,2029,7491.763210261543,7562.769870071059,7759.293587623631,7907.720925317828,8108.850592838278,8271.1949719394,8380.194685391036,hurricane_cat5_maria_like
Maunabo,East,2030,6984.703563056989,7113.55158464511,7281.991563539736,7462.591165886044,7700.568080235456,7909.702348159906,8049.901463840728,hurricane_cat5_maria_like
Mayagüez,West,2025,68820.54352543887,69013.31320475365,69235.83473207013,69562.61640111584,69874.11794532505,70093.52970406394,70273.53026721926,hurricane_cat5_maria_like
Mayagüez,West,2026,65056.37077948078,65148.262125422894,65670.11593565877,66276.48086001145,66988.48082615949,67557.67481447701,67956.25157049052,hurricane_cat5_maria_like
Mayagüez,West,2027,60243.150914904516,60539.147381436225,61333.856434048444,62346.36542949593,63462.86338662935,64140.04779757021,64592.15981690558,hurricane_cat5_maria_like
Mayagüez,West,2028,55467.12377168265,56230.561365405476,57115.81784078888,58532.76662210078,60015.40176023006,60903.84606771151,61748.16662428889,hurricane_cat5_maria_like
Mayagüez,West,2029,51677.34411883929,52445.92265800326,53497.560597438445,55371.085980052856,56914.40110827391,58130.36088997363,59565.66473976556,hurricane_cat5_maria_like
Mayagüez,West,2030,48405.74126839349,49375.16519135815,50459.39577162988,52816.143299310585,54340.65833954297,56148.20948407596,57077.377416881536,hurricane_cat5_maria_like
Moca,West,2025,36038.2270186571,36159.240066153194,36410.26923152735,36764.89184481699,37083.513617747616,37372.17028547818,37495.44715284428,hurricane_cat5_maria_like
Moca,West,2026,33529.25909577553,33800.63408605833,34302.2752054552,35009.7267049507,35745.823464820765,36313.4126302588,36562.06563302445,hurricane_cat5_maria_like
Moca,West,2027,30658.148823866482,30931.419730602982,31884.895689944475,32828.30383638396,34017.43842137887,34758.724452241964,35147.79967699828,hurricane_cat5_maria_like
Moca,West,2028,28039.147319809537,28370.255444193677,29553.779868034424,30713.060896524985,32049.92333523597,33463.82282642847,33737.335283587665,hurricane_cat5_maria_like
Moca,West,2029,25771.03177996213,26255.943950159533,27562.9059137034,29044.727720182113,30518.90219506363,31946.474783331352,32773.57369162863,hurricane_cat5_maria_like
Moca,West,2030,23714.500374612024,24520.870771133214,25866.13681486104,27578.467153601006,29396.122788800825,30804.605724922538,32410.449496071076,hurricane_cat5_maria_like
Morovis,Central Mountains,2025,27507.84162619742,27622.621094498045,27744.870880616374,27892.164740051783,28052.35175847417,28197.450506744437,28283.127637611004,hurricane_cat5_maria_like
Morovis,Central Mountains,2026,25766.21450407135,26070.189944862173,26259.73153410571,26596.95732431254,26835.806759968764,27168.953377501435,27280.022629799165,hurricane_cat5_maria_like
Morovis,Central Mountains,2027,23799.9337636968,24095.98602614645,24552.521622156935,24911.44101357987,25390.293200825545,25836.131103201165,26132.896563889768,hurricane_cat5_maria_like
Morovis,Central Mountains,2028,21942.662145186667,22169.677976749706,22780.223600733632,23386.57182177316,23954.740106185825,24523.80744369937,24921.196142706693,hurricane_cat5_maria_like
Morovis,Central Mountains,2029,20358.403349006563,20601.460305869085,21356.694512383925,22138.84855101838,22828.476081877438,23519.763795230152,23889.792150188718,hurricane_cat5_maria_like
Morovis,Central Mountains,2030,18965.48730710691,19337.307655374192,20141.825199140727,21047.256686199136,21775.19798881883,22634.801165569355,23322.646741550197,hurricane_cat5_maria_like
Naguabo,East,2025,22132.577588899458,22268.760513193585,22440.070977745454,22635.318809192067,22875.110824700903,23138.549806124014,23240.21486279241,hurricane_cat5_maria_like
Naguabo,East,2026,20419.40007289532,20624.709976944498,21063.217117695953,21478.395886314465,21961.27313835458,22328.152032488193,22466.902490686698,hurricane_cat5_maria_like
Naguabo,East,2027,18415.45340442019,18617.513925982945,19482.024275302505,20174.951896634102,20764.86730851738,21234.030725962624,21641.37097684525,hurricane_cat5_maria_like
Naguabo,East,2028,16566.844725775354,17069.071251376234,17925.546281139737,18897.99503009498,19641.24871822337,20347.729837917945,20883.103232639707,hurricane_cat5_maria_like
Naguabo,East,2029,15065.65226503763,15703.034440298812,16692.304250586054,17704.935658545626,18701.93067072187,19584.43112600602,20327.486260917478,hurricane_cat5_maria_like
Naguabo,East,2030,13928.400254575581,14524.812442244607,15726.553931244114,16756.973008607074,17940.963155885584,18948.76534734818,19473.61126676493,hurricane_cat5_maria_like
Naranjito,Central Mountains,2025,28273.67344102816,28341.43683933806,28527.301492153343,28770.287956619657,28922.18830971256,29126.2344706147,29228.60758031884,hurricane_cat5_maria_like
Naranjito,Central Mountains,2026,26370.48909847461,26521.376051501564,26986.125399170473,27371.739001347254,27626.58142421615,28055.138456899807,28216.684392501862,hurricane_cat5_maria_like
Naranjito,Central Mountains,2027,24096.95111395974,24406.817764101394,25019.39361094558,25633.135366381634,26100.09030302715,26719.979978177114,26969.384382669232,hurricane_cat5_maria_like
Naranjito,Central Mountains,2028,22069.668193429876,22524.12233451372,23159.278157121356,23966.928979221488,24678.773007303836,25393.948187383783,25749.105417091832,hurricane_cat5_maria_like
Naranjito,Central Mountains,2029,20209.592652993564,20819.241945512407,21671.308545864726,22598.549828418698,23465.294131998817,24162.47450940913,24474.448161016953,hurricane_cat5_maria_like
Naranjito,Central Mountains,2030,18759.755507610513,19311.19857893565,20385.62621359264,21421.951302979192,22337.63071032908,23249.63539777594,23878.192113088833,hurricane_cat5_maria_like
Orocovis,Central Mountains,2025,20547.11980968951,20643.67443242167,20778.622934179053,20922.070209120713,21063.89710330596,21188.67142294279,21243.31288791093,hurricane_cat5_maria_like
Orocovis,Central Mountains,2026,19207.019854070048,19348.661366159664,19623.177459354643,19886.156656640174,20150.1547689239,20443.62888730386,20576.08021763071,hurricane_cat5_maria_like
Orocovis,Central Mountains,2027,17684.850206025414,17874.36224443851,18232.632902110137,18644.43435416647,19110.68253632022,19383.63559376493,19665.48991574741,hurricane_cat5_maria_like
Orocovis,Central Mountains,2028,16115.806618066354,16488.643273629692,16925.50852874759,17466.57149503042,17973.57234280924,18357.87853160339,18520.590043654393,hurricane_cat5_maria_like
Orocovis,Central Mountains,2029,14808.450119472407,15361.653356460478,15783.46703892031,16475.832184703137,17045.065224306865,17560.286193874545,17814.72931812747,hurricane_cat5_maria_like
Orocovis,Central Mountains,2030,13823.720553070556,14340.707778432692,14835.648275591046,15615.091307750521,16210.076176135968,16913.572800703747,17158.380772776534,hurricane_cat5_maria_like
Patillas,South,2025,15184.359627189024,15209.267206367382,15246.791403330826,15286.59625231936,15322.164129339295,15364.926388260517,15389.414649376036,hurricane_cat5_maria_like
Patillas,South,2026,14338.403565341496,14378.57385671995,14453.318394161051,14537.635082349307,14600.891578306324,14680.7389660506,14729.497367320595,hurricane_cat5_maria_like
Patillas,South,2027,13330.27927339551,13379.408538673326,13508.245029049891,13619.463110111254,13727.936075246029,13830.88832182974,13894.311749331951,hurricane_cat5_maria_like
Patillas,South,2028,12332.087603939035,12440.43906055399,12577.308801654948,12717.064766941081,12906.276882837506,13019.692488379487,13132.340971094804,hurricane_cat5_maria_like
Patillas,South,2029,11507.745620480771,11637.199293410635,11777.753195222875,11946.53954237638,12210.639564484947,12341.319986136565,12482.79888163752,hurricane_cat5_maria_like
Patillas,South,2030,10851.587361586753,10979.524669713763,11120.168408133508,11344.70949198299,11591.754130852503,11753.184654028973,11930.708863311895,hurricane_cat5_maria_like
Peñuelas,South,2025,19130.39830364636,19217.283401280652,19329.61859103704,19492.490683364238,19634.4591518859,19814.22091215054,19892.247886940615,hurricane_cat5_maria_like
Peñuelas,South,2026,17815.53160600844,17925.53680722491,18163.125292030076,18557.935522639847,18849.54425592402,19141.93450950669,19341.290236284494,hurricane_cat5_maria_like
Peñuelas,South,2027,16235.448850721717,16441.146425250132,16795.984012604647,17320.3615723412,17799.10149793375,18267.90461138504,18465.099882367624,hurricane_cat5_maria_like
Peñuelas,South,2028,14780.391746815209,15047.518026923777,15544.186555085002,16117.563724069596,16812.958614711628,17395.85496191875,17674.517829188226,hurricane_cat5_maria_like
Peñuelas,South,2029,13582.130356392403,13904.791710398826,14361.784187733767,15185.53397573358,15942.169368383491,16782.44299367838,17120.265535761973,hurricane_cat5_maria_like
Peñuelas,South,2030,12565.917549389547,12989.569683048823,13479.838060722239,14375.557199475046,15191.475901467496,16080.876432091167,16666.161315461417,hurricane_cat5_maria_like
Ponce,South,2025,128426.54135325467,128940.26107829942,129638.94469523014,130451.07936581998,131283.46066636182,131957.70065053328,132370.44298025916,hurricane_cat5_maria_like
Ponce,South,2026,120327.59931698856,121094.95382469881,122437.485898152,123936.61303682264,125432.2742509741,126723.88568697216,127736.95101105311,hurricane_cat5_maria_like
Ponce,South,2027,110707.85155035171,111670.1272999796,113960.95063667325,116153.94658707453,118183.33461479521,120004.74678842707,121551.59603185939,hurricane_cat5_maria_like
Ponce,South,2028,101123.49767957091,102855.97604565317,105507.28625645059,108636.53378047755,111047.31497667675,113797.18711923278,115756.30032520555,hurricane_cat5_maria_like
Ponce,South,2029,93351.12392971777,95535.4866418725,98830.27862366615,102187.95911344537,105203.39087527714,108638.8664874159,110670.75780584876,hurricane_cat5_maria_like
Ponce,South,2030,87019.22870274114,89302.24653469677,92886.36486940863,96584.8662544929,100904.12269181325,104124.746892862,106071.30463105786,hurricane_cat5_maria_like
Quebradillas,North,2025,22747.529243299494,22795.030473995106,22883.064589963997,22977.00294678862,23078.66213911886,23170.165812319443,23272.356912177333,hurricane_cat5_maria_like
Quebradillas,North,2026,21479.419678571074,21560.295302730552,21738.355841874334,21909.59553512645,22104.178838986852,22308.321522958402,22466.783582697015,hurricane_cat5_maria_like
Quebradillas,North,2027,19996.0869067511,20124.43210299643,20384.444582360426,20615.00438508384,20944.000984491693,21191.643206397108,21351.182315247643,hurricane_cat5_maria_like
Quebradillas,North,2028,18520.927471813084,18711.65960048158,19052.000928497153,19375.27923171364,19774.667848448575,20071.6685434765,20368.11892142675,hurricane_cat5_maria_like
Quebradillas,North,2029,17291.12854090237,17516.241250140654,17964.05006446965,18337.85419723633,18791.568925357453,19141.78727080287,19437.57854849275,hurricane_cat5_maria_like
Quebradillas,North,2030,16295.896741428925,16446.826235125696,16997.781917851604,17397.5900873762,17963.49135394965,18291.073841102112,18744.61626067073,hurricane_cat5_maria_like
Rincón,West,2025,14718.079543646878,14782.37438449093,14933.897511229974,15115.593130248993,15278.110084643431,15406.76920780497,15478.72741673996,hurricane_cat5_maria_like
Rincón,West,2026,13593.157641585181,13758.645777870814,14061.64137198261,14398.704201813809,14803.413603319226,15050.199764857536,15153.463668999837,hurricane_cat5_maria_like
Rincón,West,2027,12292.934710572019,12647.10753878943,13042.414663799014,13473.244621604368,14057.419186678551,14524.314762051392,14740.11998329868,hurricane_cat5_maria_like
Rincón,West,2028,11126.926777177658,11419.935095837223,12074.461560260008,12726.45166136368,13352.169202806701,14004.682126038135,14188.136995102264,hurricane_cat5_maria_like
Rincón,West,2029,10256.856053075691,10578.758612474123,11183.83839440542,12023.67348304556,12729.250318604374,13470.821727959585,13879.391566194427,hurricane_cat5_maria_like
Rincón,West,2030,9451.13406344165,9798.603696412534,10573.675727769021,11416.628387525216,12300.661953468465,13075.710899939582,13531.66944746374,hurricane_cat5_maria_like
Río Grande,East,2025,44846.68196939275,44939.50606198098,45055.045246896916,45269.07104105901,45416.05656995812,45573.523487395425,45684.31466761798,hurricane_cat5_maria_like
Río Grande,East,2026,42109.45089893891,42316.78746064937,42549.76119507398,42888.56537629382,43233.02395889375,43492.993967583665,43682.19979093187,hurricane_cat5_maria_like
Río Grande,East,2027,38797.84815678926,39106.33046766811,39442.31758586783,39998.68123303789,40509.36989146092,40861.09681917414,41106.103985681024,hurricane_cat5_maria_like
Río Grande,East,2028,35795.21167996366,36157.29679575425,36531.97031826615,37200.135614764964,37813.91577414312,38333.533675057144,38613.93451284344,hurricane_cat5_maria_like
Río Grande,East,2029,33205.51228150862,33613.17638559048,34131.25407765275,34838.75304734382,35680.87777913988,36301.8958305894,36523.286065767395,hurricane_cat5_maria_like
Río Grande,East,2030,31170.387016363926,31490.296247632486,32111.514616353532,32907.254460117416,33883.001529868416,34602.03307988322,34782.39536141134,hurricane_cat5_maria_like
Sabana Grande,West,2025,21700.822093653715,21767.379455182872,21864.269279364475,22020.858763154614,22144.53124068302,22263.45193844985,22358.639100568547,hurricane_cat5_maria_like
Sabana Grande,West,2026,20405.65310426154,20540.616980321294,20717.812773391222,20990.454616969597,21261.34031450362,21554.722960900894,21698.988804154054,hurricane_cat5_maria_like
Sabana Grande,West,2027,18953.50140476062,19120.533837597748,19467.605537433108,19731.360142321246,20147.460792350852,20604.164539334666,20774.58783703598,hurricane_cat5_maria_like
Sabana Grande,West,2028,17429.468933907086,17741.51205587086,18167.289795101,18538.84095340871,19092.24458222744,19725.795247570008,19952.529905556286,hurricane_cat5_maria_like
Sabana Grande,West,2029,16283.17150526252,16523.606358169447,17133.22801476945,17501.468899706088,18213.09578467552,18870.853364948678,19291.209969923275,hurricane_cat5_maria_like
Sabana Grande,West,2030,15125.612897153267,15564.081995148323,16157.046157883651,16679.401421576735,17378.72789047406,18230.65746347188,18570.597192021796,hurricane_cat5_maria_like
Salinas,South,2025,24361.673248616677,24411.93964135731,24532.149914807203,24652.41632919725,24785.69819547166,24888.076429652177,24934.826827305573,hurricane_cat5_maria_like
Salinas,South,2026,22912.010771886456,22982.759331791614,23205.439286830242,23416.349739348894,23723.158536203737,23912.43577374937,24059.1114135213,hurricane_cat5_maria_like
Salinas,South,2027,21119.06516986437,21298.006438682012,21625.972865494008,21954.027163676117,22355.079505728463,22711.160601152846,22850.98740056772,hurricane_cat5_maria_like
Salinas,South,2028,19405.679678834975,19622.74394368538,20013.227047866247,20560.44956508668,21036.752262197013,21556.822927402627,21677.496274206133,hurricane_cat5_maria_like
Salinas,South,2029,18051.27601307749,18275.074168419727,18764.372774670737,19261.598346488823,19960.612826899436,20421.87503054441,20751.52488193122,hurricane_cat5_maria_like
Salinas,South,2030,16918.205297060278,17106.109567612384,17672.448486927446,18279.12156546494,19034.853011639294,19585.557911425225,19958.093502654276,hurricane_cat5_maria_like
San Germán,West,2025,30298.95183249662,30394.75417652762,30558.343876679475,30766.863393615356,30940.381421702397,31093.09547952489,31230.20271757892,hurricane_cat5_maria_like
San Germán,West,2026,28441.59500662211,28589.476800805965,28913.267222484432,29317.18096648099,29710.378096513792,29979.6693878775,30230.119794980168,hurricane_cat5_maria_like
San Germán,West,2027,26206.354897718164,26399.731253451682,26921.68468085738,27578.722669628463,28191.38282259698,28636.583421017604,28798.507164670038,hurricane_cat5_maria_like
San Germán,West,2028,24123.033712595043,24306.553157862243,25037.405896993263,25847.772168623218,26595.292893079597,27251.872518533164,27729.672017143625,hurricane_cat5_maria_like
San Germán,West,2029,22232.746395181264,22599.14454752053,23358.973062705696,24384.882843690895,25385.724046427815,26075.575816839642,26717.47548774476,hurricane_cat5_maria_like
San Germán,West,2030,20554.19897132951,21075.688785058785,21966.2704257582,23083.493149957718,24327.710801360427,25197.449091943527,25921.6069414674,hurricane_cat5_maria_like
San Juan,Metro,2025,324369.813883777,324964.0256250682,327485.60872067884,330058.55957999674,332617.0727813642,334544.193602874,335752.244815995,hurricane_cat5_maria_like
San Juan,Metro,2026,301428.96108273603,303831.09398181894,308868.3060482522,313728.906305248,319348.57181936596,323276.4325412735,326330.38744647504,hurricane_cat5_maria_like
San Juan,Metro,2027,274944.86836387735,279199.3612921329,287394.9981000349,294492.6692396831,301884.1222198317,309319.4066099904,313722.92432429886,hurricane_cat5_maria_like
San Juan,Metro,2028,250259.5995941833,258841.1455209117,266699.3077865982,276545.8373469615,285677.2981718886,293324.2661182063,301442.0144327691,hurricane_cat5_maria_like
San Juan,Metro,2029,233625.47978233278,240464.10686285803,251077.95724318718,261221.1466818299,271831.65380129166,284987.6968544014,291779.75486173556,hurricane_cat5_maria_like
San Juan,Metro,2030,218440.73722337256,222602.27688612585,236617.4587182725,248216.77765804436,260309.20861407986,276463.7299348382,284088.2835882418,hurricane_cat5_maria_like
San Lorenzo,East,2025,36228.47949228673,36356.71058261903,36586.957613001556,36775.72720263306,36978.912996848434,37154.13406621884,37255.573469333176,hurricane_cat5_maria_like
San Lorenzo,East,2026,33878.966111866015,34015.47693115901,34458.397582168,34908.13601046747,35265.59381972136,35678.81705685975,35934.05783649582,hurricane_cat5_maria_like
San Lorenzo,East,2027,31157.31934630612,31368.225795722406,31862.552046343073,32542.95179114925,33168.460247106814,33613.92255353653,34128.57096348914,hurricane_cat5_maria_like
San Lorenzo,East,2028,28488.788680565158,28797.160821303027,29503.315744183055,30253.225850882685,31080.22063178946,31713.12391946031,32173.653873245898,hurricane_cat5_maria_like
San Lorenzo,East,2029,26410.598297614866,26773.924327179604,27491.911494435688,28456.056850291636,29377.856949465557,30249.20003827222,30686.71391353924,hurricane_cat5_maria_like
San Lorenzo,East,2030,24527.46680775355,24959.742263003598,25825.090352436735,27021.24163187979,27879.97114188529,28887.675196496824,29360.402631271514,hurricane_cat5_maria_like
San Sebastián,West,2025,37505.58306757127,37745.078348955634,38096.07859338734,38441.84559515812,38784.11353263252,39094.11124042022,39372.759688104044,hurricane_cat5_maria_like
San Sebastián,West,2026,34844.647917708215,35382.909359941885,35926.383216449096,36708.079355271206,37355.44446262851,37934.25898242291,38419.787763423,hurricane_cat5_maria_like
San Sebastián,West,2027,31850.212080567795,32555.397267881428,33488.45819823879,34505.69063748653,35572.39482757699,36650.593081907275,37128.6194169477,hurricane_cat5_maria_like
San Sebastián,West,2028,28888.30779553721,29809.349010403577,30984.270747952833,32419.250322866574,33722.65483468681,35147.97126880556,36054.95621238506,hurricane_cat5_maria_like
San Sebastián,West,2029,26263.577961224008,27216.62876966922,28785.42850442,30668.851272875097,32314.388346299784,34326.552942497234,35347.32554947881,hurricane_cat5_maria_like
San Sebastián,West,2030,24210.587854083456,25079.39210556732,26958.642709438645,29390.10414518643,31216.961284695422,33588.42875049485,34617.1086147697,hurricane_cat5_maria_like
Santa Isabel,South,2025,19326.853718671027,19380.316055070358,19455.401422791663,19553.870221246063,19648.606379318364,19738.65394225972,19804.913327564012,hurricane_cat5_maria_like
Santa Isabel,South,2026,18095.615100359388,18176.018279363932,18393.652802430515,18617.77187174093,18792.59658483485,18965.80550020714,19033.50118421252,hurricane_cat5_maria_like
Santa Isabel,South,2027,16703.412312138007,16833.91878200543,17118.04243612638,17478.891267835133,17729.55710434084,17993.6062332661,18101.911844993996,hurricane_cat5_maria_like
Santa Isabel,South,2028,15326.626219595455,15552.745236037172,15898.756474919011,16382.609011891731,16696.576617745362,17042.02406636951,17231.239755909883,hurricane_cat5_maria_like
Santa Isabel,South,2029,14217.012767440454,14443.451088657897,14888.67864802397,15408.096901811674,15882.262224658141,16226.929598849252,16418.97171227316,hurricane_cat5_maria_like
Santa Isabel,South,2030,13243.303335182274,13533.864237468411,14044.272286550775,14611.343635833555,15178.614390076862,15600.451403658291,15889.999352473083,hurricane_cat5_maria_like
Toa Alta,Metro,2025,64003.19875453851,64235.74564950205,64589.16794463262,65137.92413793146,65601.51993910584,66020.87409945884,66301.27845724505,hurricane_cat5_maria_like
Toa Alta,Metro,2026,59444.76592149239,60141.53739962398,60854.67566999956,62007.415708618864,62849.63758683734,63866.03295560327,64669.7345117977,hurricane_cat5_maria_like
Toa Alta,Metro,2027,54723.731803889874,55274.68052813122,56680.26200256052,58278.5374429344,59659.150173861846,61083.30828777894,61940.49741570916,hurricane_cat5_maria_like
Toa Alta,Metro,2028,50129.04911101075,50627.57262967396,52758.54750863178,54918.27661246987,56746.69012792305,58368.34962044649,59689.382179730455,hurricane_cat5_maria_like
Toa Alta,Metro,2029,46060.52231445359,47487.304900968404,49555.52631751079,51784.0159369262,54258.146828842655,55982.39389920671,57584.33959030543,hurricane_cat5_maria_like
Toa Alta,Metro,2030,42684.42685767026,44220.92405971195,46496.93245374107,49392.71265106229,51809.9676002433,54028.72746645216,55337.50673261269,hurricane_cat5_maria_like
Toa Baja,Metro,2025,71081.02564937217,71182.51615812436,71426.91202149706,71747.31033468575,72001.00008690996,72228.21138080646,72386.18215938039,hurricane_cat5_maria_like
Toa Baja,Metro,2026,67092.62222660246,67331.16537643844,67755.46444031403,68309.00145353198,68845.45574789908,69390.79221322443,69685.96725448275,hurricane_cat5_maria_like
Toa Baja,Metro,2027,62346.77844941427,62780.34393822434,63313.94822675444,64082.9500973503,65104.37600270789,65726.20802800928,66164.56035104011,hurricane_cat5_maria_like
Toa Baja,Metro,2028,57991.115468551034,58243.00636199751,59247.45119170035,60133.86583327407,61103.03553262609,62271.85041450996,63004.46127222876,hurricane_cat5_maria_like
Toa Baja,Metro,2029,54172.823709580814,54535.96937550207,55728.6596975337,56895.38419395228,58028.3336460462,59185.150618301195,60089.730154305784,hurricane_cat5_maria_like
Toa Baja,Metro,2030,51092.72842496826,51471.78901029164,52700.98324630769,54063.8431487666,55315.140220873465,56627.491991147544,57696.37447349026,hurricane_cat5_maria_like
Trujillo Alto,Metro,2025,64756.22260084788,64989.48866814003,65476.96953851188,65868.70638677706,66366.55748218222,66943.2603629167,67293.04311557524,hurricane_cat5_maria_like
Trujillo Alto,Metro,2026,60633.319010676365,61103.89349987327,61826.16003677028,62736.71349397091,63644.60978974149,64569.65666998721,65089.68145098238,hurricane_cat5_maria_like
Trujillo Alto,Metro,2027,55719.521987264125,56511.03334889814,57659.11212436514,58789.22398063816,60178.31069633574,61903.81190787331,62480.873888986906,hurricane_cat5_maria_like
Trujillo Alto,Metro,2028,51240.4097818347,51921.196868730825,53551.36332906405,55123.293676869434,57138.523289052435,59064.99352705507,59912.330175543684,hurricane_cat5_maria_like
Trujillo Alto,Metro,2029,47257.94209914888,48220.95720994487,50347.546518993506,52234.936286502634,54331.011075382645,56681.12754628849,58286.50833428553,hurricane_cat5_maria_like
Trujillo Alto,Metro,2030,44314.731621735,45366.0409741945,47479.71341417589,49626.319380087465,51988.98646266003,54703.87502783919,56017.406051858175,hurricane_cat5_maria_like
Utuado,Central Mountains,2025,26779.754467955547,26870.33312870477,26996.71475931481,27134.415102603627,27257.800825138696,27353.740819348764,27410.819218422344,hurricane_cat5_maria_like
Utuado,Central Mountains,2026,25135.304269132554,25369.90332078116,25554.381667604397,25790.746317184978,26066.859437300056,26311.14835176556,26429.267311107298,hurricane_cat5_maria_like
Utuado,Central Mountains,2027,23297.69157323523,23547.350947400428,23821.136653489528,24197.53196375288,24629.957000021524,24956.304001825865,25088.478828728264,hurricane_cat5_maria_like
Utuado,Central Mountains,2028,21499.415186501472,21757.671638124644,22149.801391448993,22661.265372468195,23184.358198755188,23670.437753095637,23948.8204053285,hurricane_cat5_maria_like
Utuado,Central Mountains,2029,19987.962906799323,20241.57986994974,20751.253802390376,21375.727959734766,21979.383734951276,22579.252809044086,22788.370324591004,hurricane_cat5_maria_like
Utuado,Central Mountains,2030,18673.744006257086,18944.581244654288,19541.754774182216,20296.347529222166,21116.029256262427,21660.58287818734,22050.946317329202,hurricane_cat5_maria_like
Vega Alta,North,2025,34035.64209879339,34089.40247387042,34204.30339463804,34323.71459118315,34466.68545221109,34606.2699973091,34676.12111567927,hurricane_cat5_maria_like
Vega Alta,North,2026,32264.247531872443,32334.565877399138,32560.314950263128,32792.326307351635,33074.86848898557,33285.183888343505,33379.251767113055,hurricane_cat5_maria_like
Vega Alta,North,2027,30135.460602417963,30271.227326807188,30545.2389774945,30985.91475862708,31328.036372882758,31571.641133543166,31793.916600424236,hurricane_cat5_maria_like
Vega Alta,North,2028,28103.20859922569,28231.716189296312,28679.204429619804,29157.67606193129,29569.15132071694,29951.563159214173,30167.04616113313,hurricane_cat5_maria_like
Vega Alta,North,2029,26324.122841312423,26625.894149715412,27045.181651735467,27653.253573895556,28089.559749798893,28660.731901697778,28920.943906083234,hurricane_cat5_maria_like
Vega Alta,North,2030,24828.91713964163,25091.258108304493,25624.33975574637,26367.811291569364,26941.672352639358,27456.72089405309,27981.99248487701,hurricane_cat5_maria_like
Vega Baja,North,2025,51622.12035619504,51927.44595466592,52373.734280664605,52880.995661884546,53287.69587847821,53795.07505824968,54116.06804635085,hurricane_cat5_maria_like
Vega Baja,North,2026,47837.13192578522,48571.43795438261,49620.57916544351,50325.00569335161,51410.18249704695,52347.774705797296,52921.78754268568,hurricane_cat5_maria_like
Vega Baja,North,2027,43708.23107899127,44671.35449548624,46297.28731351962,47391.481778333124,48825.804737550134,50186.27960941912,51041.750182868556,hurricane_cat5_maria_like
Vega Baja,North,2028,39859.192108551004,41292.55967535414,42519.16845109005,44550.60618628877,46078.08315596609,47969.30758436348,49171.578646235095,hurricane_cat5_maria_like
Vega Baja,North,2029,36623.05404156114,38279.204661240474,39801.446068782745,42017.04429643827,44140.868546458296,45992.08367032246,48057.04151937952,hurricane_cat5_maria_like
Vega Baja,North,2030,34229.00007156157,35190.1202145119,37379.45180742152,40050.050742754276,42512.89429852201,44783.92079807126,46221.369683594996,hurricane_cat5_maria_like
Vieques,East,2025,7887.4772521218365,7896.092677690102,7919.098716893858,7938.548340713736,7957.554796629303,7987.7629496145555,7999.573832596951,hurricane_cat5_maria_like
Vieques,East,2026,7412.842534635586,7441.704757398836,7476.745158377638,7524.2809518439135,7569.870576172132,7616.387352756617,7641.872060412506,hurricane_cat5_maria_like
Vieques,East,2027,6856.747891292834,6883.863792997341,6951.3295385986185,7015.598039139342,7089.829676686088,7150.338055993847,7195.595011519241,hurricane_cat5_maria_like
Vieques,East,2028,6320.034582538609,6361.801961926028,6437.884992315485,6528.60826743233,6609.246295936628,6709.229871906178,6744.883139368673,hurricane_cat5_maria_like
Vieques,East,2029,5866.543808784435,5937.405200034916,6018.511515228996,6130.404043306102,6222.210736008239,6339.121076483708,6409.826212699559,hurricane_cat5_maria_like
Vieques,East,2030,5520.810118087065,5550.951291359046,5673.2219685267155,5789.929471725104,5888.86824295852,6042.16664163483,6140.961597228528,hurricane_cat5_maria_like
Villalba,South,2025,20924.695017066104,21006.03414878086,21070.88893485639,21176.395722268826,21285.912362396877,21362.67579686909,21409.731361110353,hurricane_cat5_maria_like
Villalba,South,2026,19646.625801096754,19773.839710739,19921.207685433194,20113.568150581224,20351.01914053127,20536.715013534384,20616.235027013037,hurricane_cat5_maria_like
Villalba,South,2027,18140.454296813037,18289.3462260286,18514.17439202971,18871.823423749804,19158.200690819373,19440.37577195817,19566.397449175834,hurricane_cat5_maria_like
Villalba,South,2028,16742.313608535773,16858.788425360144,17229.135884656243,17608.1097245659,18081.83780610522,18456.36169354797,18564.788993811064,hurricane_cat5_maria_like
Villalba,South,2029,15546.593860226982,15747.38285971719,16177.354750425335,16604.99937468487,17158.561830581144,17668.876973989692,17774.228327555018,hurricane_cat5_maria_like
Villalba,South,2030,14542.929637484318,14835.170574199352,15216.692634216983,15753.177720902073,16287.56832581263,17005.661423129666,17179.05811823811,hurricane_cat5_maria_like
Yabucoa,East,2025,28547.605525195773,28601.30074735159,28721.5706813156,28860.131640404306,29002.448032650213,29124.80782485746,29205.480359626563,hurricane_cat5_maria_like
Yabucoa,East,2026,26682.116123164385,26875.045865707936,27069.294113044918,27339.15287826512,27634.329955884736,27911.991315109855,27988.006827808364,hurricane_cat5_maria_like
Yabucoa,East,2027,24562.233464363606,24760.104692977908,25076.59968605284,25511.129220832976,25949.04915484984,26327.264908265177,26543.44154182552,hurricane_cat5_maria_like
Yabucoa,East,2028,22573.40527329848,22781.298145966135,23172.350934120077,23808.256113217896,24266.47682809587,24852.03636979185,25164.971464450067,hurricane_cat5_maria_like
Yabucoa,East,2029,20823.8804049388,21088.117390589727,21530.22619500993,22310.49189394327,22959.418752327012,23615.66179157221,23857.877518213514,hurricane_cat5_maria_like
Yabucoa,East,2030,19376.764692840825,19762.333424823304,20199.96945088313,21005.254993486295,21788.11506065762,22598.73398453787,23132.03169563949,hurricane_cat5_maria_like
Yauco,South,2025,32132.42560283575,32200.519271581827,32308.35012782416,32450.81825547221,32543.177513317445,32682.733417418727,32808.505499462946,hurricane_cat5_maria_like
Yauco,South,2026,30199.716594596117,30335.852782071477,30637.234812240902,30864.828435148713,31083.726467258588,31334.488557427576,31510.511403352262,hurricane_cat5_maria_like
Yauco,South,2027,28020.883292356935,28155.58320233438,28571.076356560552,28893.46229427,29318.313758445947,29695.71432032775,29768.094515019267,hurricane_cat5_maria_like
Yauco,South,2028,25740.929765764413,26037.851419687824,26567.296861915424,26935.523382128402,27527.975117620637,27954.338117288124,28323.794428685305,hurricane_cat5_maria_like
Yauco,South,2029,24006.73295883756,24355.945545731174,24942.79109210055,25391.82359765992,26004.53254060047,26601.717528381425,27055.79874227845,hurricane_cat5_maria_like
Yauco,South,2030,22433.75267612864,22841.379710924615,23477.680136528397,24069.87279099562,24740.897249609963,25532.020104624677,25991.928691184017,hurricane_cat5_maria_like
Adjuntas,Central Mountains,2025,17430.459120039384,17478.622738625156,17546.882256740177,17626.434268750367,17708.755830105663,17796.465484734017,17838.472227091705,earthquake_m6_0
Adjuntas,Central Mountains,2026,16848.683861451893,16910.07349602396,17032.320588440896,17227.872287050377,17363.59062058311,17525.13637709573,17599.755997058324,earthquake_m6_0
Adjuntas,Central Mountains,2027,16205.795630134506,16306.199337689448,16528.392174480403,16757.000998319472,16992.44730881907,17255.355143659042,17353.796147119872,earthquake_m6_0
Adjuntas,Central Mountains,2028,15504.061847862955,15680.009780961038,15955.40930087112,16341.248452140067,16697.68981425905,16994.251710709086,17118.77333055197,earthquake_m6_0
Adjuntas,Central Mountains,2029,14831.180609963907,15045.708754301777,15370.119284574843,15957.192610702721,16352.756040951677,16763.626857227282,16974.301835723505,earthquake_m6_0
Adjuntas,Central Mountains,2030,14244.615799344054,14460.042455144589,14924.720080081028,15544.857178770722,16042.377188875838,16489.077247910915,16709.049290379968,earthquake_m6_0
Aguada,West,2025,36642.00518704079,36730.20409274099,36920.58970140346,37065.26236253737,37229.14712039229,37412.99225477091,37488.88859127292,earthquake_m6_0
Aguada,West,2026,35301.38951439643,35454.50613626236,35823.71285931092,36184.1999098703,36491.585865739,36851.57486277538,37169.40449256117,earthquake_m6_0
Aguada,West,2027,33981.992246686976,34126.700103043426,34681.99242072747,35231.48788962547,35752.30315747757,36244.55455419132,36555.63534562085,earthquake_m6_0
Aguada,West,2028,32531.35604126309,32953.614601246896,33550.38269456058,34334.03381516171,34915.49393966558,35672.3610586609,36046.27969148987,earthquake_m6_0
Aguada,West,2029,31240.922161292092,31775.20169029345,32415.31281113137,33478.24897763018,34345.26642968398,35099.84818274822,35708.21725367284,earthquake_m6_0
Aguada,West,2030,29871.736124356503,30614.45037043728,31432.41015253643,32382.08568607873,33632.965866044535,34535.79147673233,35203.16722219062,earthquake_m6_0
Aguadilla,West,2025,51664.187576380085,52094.08028784936,52654.684283167095,53205.92658345976,53696.40892097099,54121.26019987986,54726.328334689075,earthquake_m6_0
Aguadilla,West,2026,49209.15009924614,49879.18774859592,50874.37222359881,51956.51466091252,52917.82957810818,53816.005852700946,54498.9703086273,earthquake_m6_0
Aguadilla,West,2027,46715.38391962444,47448.50607276036,48975.36632994995,50459.91477045185,51902.3813931115,53749.85403398957,54348.162784472246,earthquake_m6_0
Aguadilla,West,2028,44569.57163523448,45130.86558045596,46708.70280583514,49038.081909564746,51241.190206328516,53352.93643268229,54169.75068647581,earthquake_m6_0
Aguadilla,West,2029,41889.12205649545,43170.56002832928,44936.284798862536,47749.46353519986,50140.631332850906,52636.872453311575,54511.81346460618,earthquake_m6_0
Aguadilla,West,2030,39825.484320283314,41152.04483379334,43452.12821163692,46365.69367012204,49427.577182783156,52028.45634379606,54846.78312980274,earthquake_m6_0
Aguas Buenas,Central Mountains,2025,23014.64895327138,23051.21297428669,23133.78043862887,23201.295076081664,23282.087852008917,23349.166582393857,23377.42995675338,earthquake_m6_0
Aguas Buenas,Central Mountains,2026,22261.404191089565,22376.50331571055,22518.889992599845,22676.758204957594,22817.820004091605,22957.324961272057,23065.9423949224,earthquake_m6_0
Aguas Buenas,Central Mountains,2027,21568.814831713924,21683.38686545686,21881.7093902786,22096.679083546005,22371.71571604439,22531.06048886778,22711.298904638905,earthquake_m6_0
Aguas Buenas,Central Mountains,2028,20777.042206873153,20981.488882874943,21237.60465858013,21501.947340832856,21852.63206111952,22097.23343825051,22223.833001692677,earthquake_m6_0
Aguas Buenas,Central Mountains,2029,19980.216420937155,20265.54431522352,20584.5379706063,20959.382561829356,21351.376720165612,21670.500366300163,21953.320469135935,earthquake_m6_0
Aguas Buenas,Central Mountains,2030,19327.529407670037,19529.141044186872,19976.880950930645,20444.095351875752,20852.403673773602,21273.335111455588,21562.535739937266,earthquake_m6_0
Aibonito,Central Mountains,2025,23565.150357405735,23765.00280570153,23964.373626156575,24220.722730907168,24493.028981363124,24645.288810818703,24894.964029943258,earthquake_m6_0
Aibonito,Central Mountains,2026,22323.28167298744,22569.86018908332,23079.117059458447,23669.727196054628,24147.582873907973,24632.264022489166,24870.45947592233,earthquake_m6_0
Aibonito,Central Mountains,2027,21175.91527782964,21392.590645152563,22307.78053319659,23093.43356088677,23820.531778277313,24431.701928427356,24796.724765815117,earthquake_m6_0
Aibonito,Central Mountains,2028,19903.963477480258,20278.94112629814,21387.78421991675,22494.017094250517,23526.921607105927,24384.336275633603,24899.67680616459,earthquake_m6_0
Aibonito,Central Mountains,2029,18661.37668358118,19191.589262789454,20425.00279277312,21894.03254520146,23166.371796480707,24329.620442014955,25252.636510957313,earthquake_m6_0
Aibonito,Central Mountains,2030,17477.57139114967,18178.795479195524,19465.0134970817,21485.264643568804,22864.9812499084,24374.75436968658,25453.23585094439,earthquake_m6_0
Arecibo,North,2025,83431.34602526145,83710.10932711989,84300.69332371948,84987.77694184791,85637.48016979947,86302.42810180798,86559.54904704043,earthquake_m6_0
Arecibo,North,2026,79698.38628351601,80488.87825389208,81595.14492614704,83102.37333133016,84320.49742661344,85369.18423144669,86140.09508025435,earthquake_m6_0
Arecibo,North,2027,76134.35257505534,76723.80143130136,78875.01936704651,81099.41335997131,82831.71593249706,84566.00033850799,85884.90622921658,earthquake_m6_0
Arecibo,North,2028,72583.72184739324,74167.2034502583,76267.14423370233,79067.28380993681,81485.52821633297,84045.95572471479,85926.25949586391,earthquake_m6_0
Arecibo,North,2029,69161.47656082081,70874.08131182539,73721.96367760736,77336.6704365806,80284.41518171137,83337.97737148342,85442.53522230448,earthquake_m6_0
Arecibo,North,2030,66258.14497301521,67692.17023149795,71616.97324130079,75216.53194868167,78980.9155342701,82415.22348939831,85463.56922514856,earthquake_m6_0
Arroyo,South,2025,14789.08221346261,14877.922809577727,14966.305302298188,15069.062062359468,15160.308460456155,15259.23803369746,15348.089764945973,earthquake_m6_0
Arroyo,South,2026,14049.63981795925,14231.31464772125,14494.171550750501,14669.538493768297,14860.132525334013,15063.088727144264,15225.384362158107,earthquake_m6_0
Arroyo,South,2027,13226.744067048841,13557.837741950849,13951.180477517582,14258.206935639932,14507.5266471291,14898.304446721833,15074.173849271418,earthquake_m6_0
Arroyo,South,2028,12495.52779765876,12872.36977229289,13350.272155614495,13802.510274806486,14188.445987140365,14641.6576693554,14910.412662387238,earthquake_m6_0
Arroyo,South,2029,11942.047671485985,12282.732984129727,12879.19473306198,13409.602965246537,13960.853736140729,14418.71668055194,14789.113340937714,earthquake_m6_0
Arroyo,South,2030,11396.409511120992,11759.630491845,12360.202855271189,13050.965131872752,13696.062302135948,14180.60585581082,14750.04965093592,earthquake_m6_0
Añasco,West,2025,24470.445106451116,24505.317822025485,24573.508282062765,24664.19352043466,24735.68241620994,24810.795229058323,24840.655226798124,earthquake_m6_0
Añasco,West,2026,23699.399325537586,23792.482611780044,23905.259320680005,24079.553777843535,24238.334818074316,24372.55774194587,24426.0696057179,earthquake_m6_0
Añasco,West,2027,22885.97332387329,22972.940032841827,23180.793086834623,23442.467721607703,23675.471162227353,23895.90817696472,24058.972205771417,earthquake_m6_0
Añasco,West,2028,22083.089197874982,22202.271228842652,22473.34438698176,22787.521464245023,23115.48736634706,23482.147557337852,23642.00905364344,earthquake_m6_0
Añasco,West,2029,21315.610250133588,21452.218020035623,21809.4278773267,22179.208967031733,22604.4295905744,23031.679648902296,23342.868427610687,earthquake_m6_0
Añasco,West,2030,20507.86842040351,20722.42569393574,21135.95822403924,21574.148129520938,22120.411246345568,22624.340731639702,22915.5241389217,earthquake_m6_0
Barceloneta,North,2025,21789.083154618715,21881.516489979276,21991.353407088107,22098.915710341404,22217.35851635031,22355.57813778088,22412.859331739157,earthquake_m6_0
Barceloneta,North,2026,21001.443108296153,21167.154374139176,21340.154687967617,21587.63417589544,21837.787447939383,22042.934857223026,22252.450910371437,earthquake_m6_0
Barceloneta,North,2027,20083.935176496292,20345.842574659575,20650.48402495083,21051.50532229971,21474.538976265514,21774.591706561227,22044.531767024127,earthquake_m6_0
Barceloneta,North,2028,19273.163514870957,19567.297326018503,20018.554308058647,20525.510016641878,20980.436586338015,21514.635139756436,21708.101592894924,earthquake_m6_0
Barceloneta,North,2029,18473.850548706625,18838.55391217794,19422.216195258094,19979.36591260552,20633.167970939285,21248.398408945155,21512.775513331097,earthquake_m6_0
Barceloneta,North,2030,17800.115369942843,18180.71306685071,18796.191151164574,19410.421521832905,20183.14892908759,20932.696317058406,21378.38031415017,earthquake_m6_0
Barranquitas,Central Mountains,2025,28176.511359225755,28237.17501030902,28394.631759329655,28518.90337960369,28663.687794248694,28817.27076618669,28854.731504022988,earthquake_m6_0
Barranquitas,Central Mountains,2026,27016.021596342634,27242.973904866594,27521.071429190335,27903.4343005446,28141.8371754638,28440.543992227755,28541.339674473555,earthquake_m6_0
Barranquitas,Central Mountains,2027,25828.264567475857,26083.90106591436,26721.101041656242,27242.6550104669,27576.871810501103,28045.776838220776,28234.75168926509,earthquake_m6_0
Barranquitas,Central Mountains,2028,24731.1208803966,24999.816728457874,25860.067966977345,26554.932914210578,27077.73066807117,27538.712556228857,27844.797023788145,earthquake_m6_0
Barranquitas,Central Mountains,2029,23576.4880295806,24160.276665793623,24997.549061524805,25870.989993042156,26612.57460383778,27154.872272219345,27599.290146135583,earthquake_m6_0
Barranquitas,Central Mountains,2030,22732.983194327015,23207.043868498506,24203.961234322916,25225.706336386116,26080.24730702623,26940.445748653052,27318.863666334495,earthquake_m6_0
Bayamón,Metro,2025,175164.083381076,175900.88499138053,177699.8229664888,179279.49523872585,180884.16031315978,182274.79857660548,182780.4263553279,earthquake_m6_0
Bayamón,Metro,2026,165710.94655611165,168688.0485608688,171270.61886837782,174748.27357299707,177967.78060553203,181773.47947436478,183369.89639056657,earthquake_m6_0
Bayamón,Metro,2027,158059.70956132933,160632.74435688055,164889.2352263253,170334.53905826082,175177.44655147044,180905.5088567072,183014.4923969002,earthquake_m6_0
Bayamón,Metro,2028,149488.94782762817,153435.84112948205,157963.1136676,164699.58264263376,173038.8583968739,179886.41525714862,184168.29647409474,earthquake_m6_0
Bayamón,Metro,2029,141947.68353747975,145765.75146927586,152533.92477001253,160098.98590606923,170789.6014300596,179178.20418746123,183889.0197126997,earthquake_m6_0
Bayamón,Metro,2030,135343.17779645792,138087.14767966917,146747.62611597683,156809.43640530872,167041.12521778521,176716.8111423883,183629.66321497134,earthquake_m6_0
Cabo Rojo,West,2025,45705.1888577428,45801.6090988891,45914.20247732907,46034.86389361226,46178.58912430116,46322.22771007562,46420.07497941957,earthquake_m6_0
Cabo Rojo,West,2026,44281.03046913345,44423.7006560036,44662.72307008782,44941.2448625346,45213.39173595113,45586.87939649218,45681.27184097273,earthquake_m6_0
Cabo Rojo,West,2027,42811.97875311442,42920.68748510901,43321.251097937566,43792.68778512225,44156.97632328022,44588.66351457971,44904.21190962663,earthquake_m6_0
Cabo Rojo,West,2028,41310.589364285595,41549.159670411595,42026.2261048402,42525.89968697798,43053.8323827466,43692.46284354803,44129.29751822576,earthquake_m6_0
Cabo Rojo,West,2029,39950.95426403959,40206.63910039202,40840.698092601735,41414.66764002117,42101.7509913081,42819.04835160552,43201.4417343752,earthquake_m6_0
Cabo Rojo,West,2030,38672.285323070835,38967.09042650808,39585.638681242,40299.02801263384,41129.695483254574,41862.33282655332,42385.05418910822,earthquake_m6_0
Caguas,East,2025,122030.93440920163,122281.72178099104,122847.67864882699,123343.52740339714,123821.7238803867,124264.19520016764,124549.3149350224,earthquake_m6_0
Caguas,East,2026,117973.58531422848,118660.50661386484,119431.76839618986,120448.51247678293,121451.68036236375,122315.77969299357,123019.49544036438,earthquake_m6_0
Caguas,East,2027,114186.3364914513,114567.81047421471,116016.29211251289,117349.73601077557,118935.51076801046,120031.87864590083,120965.64106344359,earthquake_m6_0
Caguas,East,2028,110085.69366322405,110753.73086422819,112654.87023681232,114163.44460081012,116316.53997235712,117968.32408571578,119393.63254503417,earthquake_m6_0
Caguas,East,2029,106177.45214873033,107287.0544266426,109329.6048419878,111446.38600299924,113396.16036685975,115886.0988307654,118085.86338638741,earthquake_m6_0
Caguas,East,2030,102719.05911367731,103876.04609482105,106211.58709283237,108501.24600983065,110901.73774912875,113982.4083890706,116886.54492650818,earthquake_m6_0
Camuy,North,2025,31350.663357976126,31592.027184979404,31830.458163606145,32151.959298340727,32465.471432244736,32627.142011744752,32778.655583957654,earthquake_m6_0
Camuy,North,2026,29902.190004658114,30298.244443772986,30697.075481049345,31377.426042131905,31979.95403304993,32392.481316518868,32572.97238172283,earthquake_m6_0
Camuy,North,2027,28376.64653942798,29167.110066902052,29670.15707635516,30582.46466695173,31407.770050475585,32053.41258898613,32459.299751280778,earthquake_m6_0
Camuy,North,2028,27270.241942532248,27708.683287107844,28714.65945722579,29676.82155224644,30880.35032570078,31698.70646011989,32246.05091101322,earthquake_m6_0
Camuy,North,2029,25888.378496824498,26607.83668034966,27774.6679385027,29043.2421295323,30382.26421601475,31395.127662644558,32113.036240550082,earthquake_m6_0
Camuy,North,2030,24652.06772623279,25568.015252131303,26864.19764167694,28256.19934539275,29828.391039122496,31265.47191733463,32030.992718630594,earthquake_m6_0
Canóvanas,East,2025,40463.874155979654,40570.39628129078,40808.17930386512,41037.93935427813,41299.87044895912,41490.15130078743,41618.30706731941,earthquake_m6_0
Canóvanas,East,2026,38938.531576825,39112.74289315716,39518.357087792545,40161.31562019001,40581.604791969396,40881.694497837336,41328.00983067057,earthquake_m6_0
Canóvanas,East,2027,37296.70804232516,37714.7884476944,38352.16853092368,39143.009154425374,39731.76352477167,40340.10365028908,40771.536348902555,earthquake_m6_0
Canóvanas,East,2028,35853.61439133303,36217.18773350714,37115.50510078512,38116.66139986772,38968.377231714265,39891.90944800228,40374.23010255035,earthquake_m6_0
Canóvanas,East,2029,34397.33168297621,34721.209755431206,35942.159078181576,37211.28696875299,38162.74506921562,39401.24559843253,39959.66145831076,earthquake_m6_0
Canóvanas,East,2030,32818.81294988888,33228.88998525276,34694.896450313165,36221.89941242359,37588.33234830619,38836.330409206676,39450.39014035062,earthquake_m6_0
Carolina,Metro,2025,146973.28067110866,147718.79118461662,148600.5413473617,149569.12137933492,150280.649846312,151304.81611967398,151804.1620144201,earthquake_m6_0
Carolina,Metro,2026,140976.58204359346,141806.92998028398,143573.0427608128,145853.00937664992,147938.50242157662,149267.43375609396,150626.43538848756,earthquake_m6_0
Carolina,Metro,2027,134277.23104389064,135893.02527495084,138875.84924720673,142143.92978932045,145061.2376116723,147656.06826225627,149086.0631130189,earthquake_m6_0
Carolina,Metro,2028,128334.91790254452,130638.56492944389,134420.99109029566,139073.7854666923,142272.092076063,145374.99420205512,147470.57682367176,earthquake_m6_0
Carolina,Metro,2029,123036.76290422946,125351.08750282222,129695.13532021719,134793.579161153,139668.68328613168,143764.84021617463,146928.05207047937,earthquake_m6_0
Carolina,Metro,2030,117754.46197751482,120108.50583795685,125108.08744370159,131042.05962650738,136943.1550714037,141925.82482099865,144327.57291431664,earthquake_m6_0
Cataño,Metro,2025,21926.45682374317,21951.038104173353,22010.10515813661,22060.519979920588,22113.546106188995,22200.53348753984,22233.92904509593,earthquake_m6_0
Cataño,Metro,2026,21261.486518349095,21325.1518171192,21433.990109809456,21539.714938715406,21661.86087210333,21822.611034036578,21910.28854572441,earthquake_m6_0
Cataño,Metro,2027,20526.762945700768,20645.15267427497,20818.553317575734,20999.59442236478,21186.79094962855,21416.167412013834,21495.838475111064,earthquake_m6_0
Cataño,Metro,2028,19790.46194367739,19939.421287674595,20202.13725238135,20472.03210001075,20728.034568196777,20989.835653111884,21157.43790857829,earthquake_m6_0
Cataño,Metro,2029,19043.054164525,19297.181223980733,19618.635138152822,19995.32640949676,20277.9523746197,20622.0889908717,20751.75287332593,earthquake_m6_0
Cataño,Metro,2030,18368.4250684487,18637.586290714713,19032.479378462398,19457.029837738897,19822.65362628232,20211.61680892091,20353.308829992544,earthquake_m6_0
Cayey,Central Mountains,2025,39948.86828365295,40004.483571603465,40095.76897302785,40211.11517119473,40313.93216324447,40401.65009392707,40455.49192002089,earthquake_m6_0
Cayey,Central Mountains,2026,38668.253083630356,38749.86823569466,39040.91166326361,39272.49415455802,39513.34235094947,39756.320111995,39865.26130009352,earthquake_m6_0
Cayey,Central Mountains,2027,37321.82761913608,37497.239082324864,37883.06922589123,38249.363660741685,38646.22388624271,39033.667621936875,39193.1182743841,earthquake_m6_0
Cayey,Central Mountains,2028,36038.941148365484,36283.9328512667,36633.93004316381,37266.87629484317,37776.055526024946,38234.10975392728,38537.714007137954,earthquake_m6_0
Cayey,Central Mountains,2029,34791.646858463326,35120.0362180305,35548.41868817818,36329.49472332808,36938.31708542434,37576.56083959379,37894.07147277869,earthquake_m6_0
Cayey,Central Mountains,2030,33604.13310438276,33964.93374120788,34566.34860691278,35374.84333239154,36113.31778020226,36895.388495157116,37265.08516327195,earthquake_m6_0
Ceiba,East,2025,10665.877203104925,10702.15712992603,10743.609374456744,10809.045972030362,10891.274510342384,10933.05049597037,10970.391533374257,earthquake_m6_0
Ceiba,East,2026,10326.678562299783,10353.059679674327,10466.090500643884,10572.755849118546,10701.378623169778,10811.356413420697,10865.751177728336,earthquake_m6_0
Ceiba,East,2027,9877.538147822324,9987.070235829322,10152.605743865879,10340.964970587465,10517.600967382017,10680.870488091927,10767.499946292222,earthquake_m6_0
Ceiba,East,2028,9422.547225893555,9616.720103591826,9848.51913599992,10088.265269934785,10321.403422901312,10525.635658658117,10669.747619416541,earthquake_m6_0
Ceiba,East,2029,9029.415915217593,9284.824293987733,9546.425650939904,9827.816199735207,10133.205495211707,10380.876982984933,10575.249194602446,earthquake_m6_0
Ceiba,East,2030,8668.340082346735,8950.48507622783,9320.460336032134,9583.168689762304,9923.065572425428,10242.35851874006,10507.851360874816,earthquake_m6_0
Ciales,Central Mountains,2025,16179.066173464573,16262.593628630799,16368.69421395844,16503.881122121187,16646.08772475347,16786.415829944814,16842.886692809785,earthquake_m6_0
Ciales,Central Mountains,2026,15434.799534798687,15546.455589270523,15804.988440480842,16116.870384328155,16381.237875778266,16694.29418381489,16901.033636137312,earthquake_m6_0
Ciales,Central Mountains,2027,14762.874791288257,14949.820247409316,15248.26448511018,15709.915793808901,16183.33321780349,16536.54748622431,16846.13767103292,earthquake_m6_0
Ciales,Central Mountains,2028,13979.857116076497,14348.520395738582,14728.147818319343,15280.5090943541,15915.193311962463,16347.673745127975,16765.970941585016,earthquake_m6_0
Ciales,Central Mountains,2029,13272.789134349712,13795.92205104866,14256.875984510581,14883.450993145147,15640.047048845488,16271.685857050763,16806.041810376606,earthquake_m6_0
Ciales,Central Mountains,2030,12739.110532452847,13189.189458400353,13776.212169986935,14508.995795813407,15415.084246109654,16210.663908965304,16612.146160497152,earthquake_m6_0
Cidra,Central Mountains,2025,38564.50628247969,38614.32289578547,38747.66003045315,38950.94426824925,39181.23241893125,39330.83474328954,39431.09539747708,earthquake_m6_0
Cidra,Central Mountains,2026,37271.4111449716,37356.206832361175,37685.31379588554,38108.21402905588,38488.18703623653,38871.94983192262,39078.1331072093,earthquake_m6_0
Cidra,Central Mountains,2027,35800.59642516768,36047.72365814982,36444.54109375601,37220.95431363558,37780.02946910549,38356.678563172376,38632.37421860396,earthquake_m6_0
Cidra,Central Mountains,2028,34252.77108651701,34650.60716021398,35324.01848547338,36229.06462566875,37026.010158424964,37787.68625040423,38241.24182801785,earthquake_m6_0
Cidra,Central Mountains,2029,32855.451625914924,33423.08510731457,34221.57899796183,35331.391143320216,36428.97672542489,37179.11129269677,37937.78761384819,earthquake_m6_0
Cidra,Central Mountains,2030,31445.01150453143,32267.37364860887,33049.74604906883,34328.637679949665,35718.708438784655,36726.26014016381,37553.3509987889,earthquake_m6_0
Coamo,South,2025,32644.355981675584,32845.438697842816,33080.480338228575,33382.19084205433,33685.15659174589,33925.776799770996,34078.894775105284,earthquake_m6_0
Coamo,South,2026,31006.32320483113,31359.737801190306,31861.53107577977,32445.474526189144,33329.29414115022,33848.2608525366,34109.55764227487,earthquake_m6_0
Coamo,South,2027,29407.521427510856,29890.37902524337,30636.4614474661,31636.048136571007,32928.952228121125,33836.92436866988,34086.4100290331,earthquake_m6_0
Coamo,South,2028,27769.376995143295,28522.09382051855,29431.726439179765,30756.101619086458,32303.702315270897,33547.4510126759,33915.168615021415,earthquake_m6_0
Coamo,South,2029,26251.17009974417,27254.66000162002,28316.43043594665,29929.386602740953,31820.962240801382,33336.362519753864,34202.739755918396,earthquake_m6_0
Coamo,South,2030,25088.146969394747,25882.80835215009,27423.693622772334,29280.163015630715,31353.75678177762,33320.292131379865,34231.0891017616,earthquake_m6_0
Comerío,Central Mountains,2025,18251.601889889294,18284.260977094997,18333.16239056814,18379.130212418437,18438.392302737677,18475.741740063684,18493.921402176395,earthquake_m6_0
Comerío,Central Mountains,2026,17660.50740651096,17726.869504866954,17843.213210084243,17962.587864697787,18070.78607018157,18138.069055943928,18189.41052602875,earthquake_m6_0
Comerío,Central Mountains,2027,17050.103148410304,17155.334544423335,17334.861986724398,17504.89386803463,17658.065336011605,17813.46736808704,17879.967048409948,earthquake_m6_0
Comerío,Central Mountains,2028,16490.75399220164,16592.486937709822,16830.833934424107,17070.467563825412,17245.923715831155,17458.61659584412,17537.14157856274,earthquake_m6_0
Comerío,Central Mountains,2029,15943.759142108966,16060.550257063183,16336.907295949553,16651.017045540557,16861.58476150002,17136.99033538925,17249.115189031025,earthquake_m6_0
Comerío,Central Mountains,2030,15426.97071085527,15561.747175721232,15898.505096214394,16249.57170534748,16505.05581442169,16851.440520639917,17029.831740826987,earthquake_m6_0
Corozal,Central Mountains,2025,33315.3439516347,33471.75016763737,33648.50902624084,33862.207627965035,34082.45722173894,34299.508779160366,34418.91902967445,earthquake_m6_0
Corozal,Central Mountains,2026,32002.4098453529,32284.179265091974,32689.104896942074,33120.2450057072,33580.60884431497,33942.812910412635,34246.57093137866,earthquake_m6_0
Corozal,Central Mountains,2027,30656.20914154003,31082.993391873417,31558.57850851681,32332.416821362887,33003.52635552233,33679.517682409205,34198.3190884493,earthquake_m6_0
Corozal,Central Mountains,2028,29223.919582725466,29633.636657184823,30576.244463385767,31505.390325816108,32456.509250384606,33374.44974673457,33801.61760221106,earthquake_m6_0
Corozal,Central Mountains,2029,27797.329491445464,28370.483906413952,29578.738758198146,30749.257066863604,31916.3083632541,32958.31201841161,33399.69135806026,earthquake_m6_0
Corozal,Central Mountains,2030,26518.36048125406,27104.22194014861,28634.68193780873,30072.805623106207,31443.59041371331,32413.946370677168,33388.816111064945,earthquake_m6_0
Culebra,East,2025,1290.809733752322,1308.553529600647,1338.021682012994,1368.6847729183037,1396.2557453122088,1418.4413047066373,1433.2607796623067,earthquake_m6_0
Culebra,East,2026,1191.9155693256932,1228.0613207250253,1287.477224037445,1339.671577742354,1396.6267203197117,1441.4806019992554,1483.2372280466832,earthquake_m6_0
Culebra,East,2027,1091.1242161186333,1133.3856639232752,1232.4139833655645,1309.0917790860567,1416.5792864020154,1485.6191516522185,1540.6468499931398,earthquake_m6_0
Culebra,East,2028,979.9770429646554,1051.6962011011378,1163.0933548439702,1287.8729427676226,1418.7866132813015,1516.3324132022271,1661.1177316074884,earthquake_m6_0
Culebra,East,2029,923.5656036168706,995.4122016821995,1103.163495156176,1268.501376328,1437.978773160312,1590.501821023183,1718.7283831285263,earthquake_m6_0
Culebra,East,2030,834.9201814175613,934.1087659998057,1042.7648058918187,1246.8393493386407,1448.0264941499363,1616.243221721417,1769.7202271170186,earthquake_m6_0
Dorado,North,2025,34910.88301145414,34988.13520286642,35089.10357854946,35199.906256643284,35319.76218800504,35435.0076321814,35513.380681760624,earthquake_m6_0
Dorado,North,2026,33783.15084690327,33965.143193758944,34209.83812964796,34422.835573334756,34668.07560296151,34869.05129513818,34969.78161462747,earthquake_m6_0
Dorado,North,2027,32709.055753967466,32887.401976975016,33276.95805517005,33627.33352538869,33972.698777428566,34296.94204348583,34413.40163685321,earthquake_m6_0
Dorado,North,2028,31474.516786933436,31780.965623585165,32278.551194182754,32756.509660583302,33307.48364936292,33664.16063289446,33953.01936465962,earthquake_m6_0
Dorado,North,2029,30157.693234956943,30771.20262514161,31307.099329541168,31950.799487155535,32638.925191864786,33165.15753321238,33428.31357980695,earthquake_m6_0
Dorado,North,2030,29295.082548898194,29776.500445591286,30456.3513460646,31258.76143563023,31944.18093574562,32563.6936434758,32953.64674337808,earthquake_m6_0
Fajardo,East,2025,30299.27972471351,30461.536364231608,30743.94490899572,31033.244595050328,31318.52884788214,31597.919055992388,31787.415014916623,earthquake_m6_0
Fajardo,East,2026,28786.166000787864,29269.382673283457,29729.817735926415,30439.13871964194,30933.000109508306,31528.768217636105,31773.707016731045,earthquake_m6_0
Fajardo,East,2027,27584.85335065815,27843.766400688848,28602.077229229777,29582.01370787008,30546.89635851371,31288.497860165324,31826.285114279326,earthquake_m6_0
Fajardo,East,2028,25920.855346961504,26470.46841529308,27238.525677922767,28809.606135323436,30300.56670250976,31031.897661002477,31745.49793601025,earthquake_m6_0
Fajardo,East,2029,24525.59047619689,25033.322200740273,26169.21218509256,28000.18181619051,29711.841193682332,31161.850074816997,32144.628214076674,earthquake_m6_0
Fajardo,East,2030,23116.377673023326,23872.562284392145,25028.509862274313,27319.545939839136,29281.914966996923,30848.2033531387,32294.34210844071,earthquake_m6_0
Florida,North,2025,11206.618265149264,11233.06896243295,11274.484751167458,11322.692794903982,11374.353264384466,11417.516116432986,11431.862672222507,earthquake_m6_0
Florida,North,2026,10828.399553996016,10893.699850309138,10970.777049214621,11071.364558177549,11152.93820548881,11227.86223250549,11278.119617827782,earthquake_m6_0
Florida,North,2027,10433.298212387697,10485.39466497714,10630.14454149006,10786.22746696415,10932.042636638023,11040.611214224034,11123.500235639418,earthquake_m6_0
Florida,North,2028,9983.959830576225,10126.740880805954,10277.851152115556,10493.374696218489,10697.025561918914,10851.725242761424,11008.55320530681,earthquake_m6_0
Florida,North,2029,9567.372303122072,9771.72428560684,9948.874404673797,10210.196426061846,10483.068949978286,10687.844556906317,10862.554814420077,earthquake_m6_0
Florida,North,2030,9260.489150184489,9435.221612325757,9651.585862153239,9957.05548250838,10302.75077143603,10499.965966202222,10652.305489393219,earthquake_m6_0
Guayama,South,2025,34052.93054391586,34160.52679712755,34433.711056922395,34684.05677829596,34867.92496934187,35096.044654805366,35203.65123050514,earthquake_m6_0
Guayama,South,2026,32745.781908732366,32892.38395805761,33295.50721235061,33782.31028625998,34242.82937041645,34685.42686909571,34909.76861822599,earthquake_m6_0
Guayama,South,2027,31195.575717658274,31582.191642426293,32190.546902685288,32773.45145245158,33742.7716185627,34206.79915758572,34428.74411133929,earthquake_m6_0
Guayama,South,2028,29579.19034790075,30223.883242430566,31036.35981375393,31942.959479532954,33106.333875785465,33763.85626125553,34264.573955985834,earthquake_m6_0
Guayama,South,2029,28295.990961433075,28870.254304025108,30062.806284518145,31058.912197564176,32286.470788963343,33322.39596153862,34068.04928367739,earthquake_m6_0
Guayama,South,2030,27026.613371532312,27780.876659214202,28959.852594279902,30359.328580500707,31517.708903565355,33145.16392458096,33931.20016769646,earthquake_m6_0
Guayanilla,South,2025,16705.850112813845,16740.212603763655,16792.078147291366,16848.4368426052,16889.73329209217,16952.084551698186,16972.527789929612,earthquake_m6_0
Guayanilla,South,2026,16142.475836693304,16214.939347430249,16307.657181723673,16424.865142873954,16536.62608079158,16637.674320388272,16696.457984757813,earthquake_m6_0
Guayanilla,South,2027,15603.257276682887,15647.877313721561,15794.895334301098,15988.157874472548,16172.300013771932,16304.910956317957,16453.029630340523,earthquake_m6_0
Guayanilla,South,2028,14960.274468786254,15098.361633827193,15319.565853097807,15533.956447976045,15786.208056555555,16009.908956969863,16163.999071197602,earthquake_m6_0
Guayanilla,South,2029,14370.148582394244,14605.848726094775,14872.749593091721,15119.406338511384,15424.400057299947,15776.085582173402,15924.17847178644,earthquake_m6_0
Guayanilla,South,2030,13870.666439057888,14134.289368530253,14419.370695462421,14708.28742144579,15094.126485233339,15455.569308166834,15761.409844682968,earthquake_m6_0
Guaynabo,Metro,2025,86122.0507894987,86487.5188865013,87160.35256141613,87803.18443879008,88489.17332465615,89046.27579663077,89466.27933122583,earthquake_m6_0
Guaynabo,Metro,2026,82662.44434291874,83339.6612319474,84496.65766140963,85647.43695432344,87131.79697770842,88312.76946044235,89033.80113779753,earthquake_m6_0
Guaynabo,Metro,2027,79152.00958636052,80200.17721008036,81755.42146466637,83624.0998068757,85749.1607360145,87517.61792031684,88463.50786062918,earthquake_m6_0
Guaynabo,Metro,2028,75362.9078442693,76718.34879466341,79098.30412788838,81547.35356178362,84411.69080879877,86326.10585763364,88403.45727650449,earthquake_m6_0
Guaynabo,Metro,2029,71826.94338601705,73609.90300218442,76780.04756589483,79439.30073699061,83254.77473059694,86162.27498115877,87693.67877203033,earthquake_m6_0
Guaynabo,Metro,2030,68559.62610356914,70432.45092244707,74180.5023195054,77643.83725141131,81540.17069516184,84884.08807080348,88319.63508299034,earthquake_m6_0
Gurabo,East,2025,38148.19221516,38319.95145330648,38867.93385153781,39335.380787341426,39944.92047494095,40358.186998435645,40689.086299802635,earthquake_m6_0
Gurabo,East,2026,36142.67675766133,36562.13127688979,37376.62134018918,38330.23452844468,39562.3235276744,40271.90043978444,40735.46742748083,earthquake_m6_0
Gurabo,East,2027,33642.53057671336,34185.905231193436,35566.935150495854,37328.92967615573,39022.14383405224,40211.43789428488,41109.45976585069,earthquake_m6_0
Gurabo,East,2028,31217.55588121094,32280.69025758862,34140.76581214086,36421.82811057181,38204.12444394698,40561.75840775029,41220.39161216075,earthquake_m6_0
Gurabo,East,2029,29361.482918415844,30073.095114703523,32577.929900553467,35593.42724726621,38016.57352670927,40498.69010742627,41935.20496183155,earthquake_m6_0
Gurabo,East,2030,27154.22882923553,28236.036256063926,31468.75171672017,34483.04967611241,37315.85479342341,40889.230593185144,42040.96241595655,earthquake_m6_0
Guánica,West,2025,12407.138482434168,12449.595394168788,12534.96028766461,12617.650144394916,12722.808175160375,12806.659849207912,12836.935692349158,earthquake_m6_0
Guánica,West,2026,11873.052497995726,11955.875185349727,12090.461113729541,12313.263071197494,12478.342022723544,12616.269074542497,12725.63386225758,earthquake_m6_0
Guánica,West,2027,11237.00605755374,11421.618011949258,11673.246894758438,11932.015007919155,12247.530184995356,12497.857170476582,12657.618861660649,earthquake_m6_0
Guánica,West,2028,10611.849834133402,10851.420204188027,11231.718672178198,11598.890925632324,11998.063811730268,12350.901211910237,12695.439587576262,earthquake_m6_0
Guánica,West,2029,10037.042998671544,10345.731885897838,10819.068743151563,11288.37887547633,11790.356302445714,12276.161195726187,12519.810299938039,earthquake_m6_0
Guánica,West,2030,9545.72399998606,9912.292337312805,10476.942765619093,11018.258774542403,11609.70726520188,12196.676737112939,12548.186505835987,earthquake_m6_0
Hatillo,North,2025,37163.407405259866,37214.74682459124,37356.17574484524,37475.83233309611,37606.137767590364,37717.168613361384,37765.0762957821,earthquake_m6_0
Hatillo,North,2026,35944.58943675854,36146.58634817662,36350.36625235387,36643.05263022657,36916.03337406851,37115.051630703005,37215.15211658015,earthquake_m6_0
Hatillo,North,2027,34758.994494862636,34938.49240786419,35379.76386375763,35745.403535239675,36128.434442959464,36453.31744200887,36737.81689497548,earthquake_m6_0
Hatillo,North,2028,33442.252358927246,33776.7165357328,34368.80631093214,34877.57595744396,35337.74168568385,35784.743523847326,36114.306250476664,earthquake_m6_0
Hatillo,North,2029,32230.665769723517,32674.784211481117,33314.47849053645,34051.54564263893,34552.57547205835,35149.151351750974,35641.28236916032,earthquake_m6_0
Hatillo,North,2030,30935.232326438465,31663.737673235333,32352.691516385195,33292.92586112473,33844.907079955694,34713.85227580179,35133.50535260028,earthquake_m6_0
Hormigueros,West,2025,15079.134909482837,15098.173892553315,15126.959651659996,15170.82767311221,15209.661501389295,15247.11240013484,15269.90910595309,earthquake_m6_0
Hormigueros,West,2026,14615.901147014556,14645.048851592788,14714.989331500648,14808.87259497333,14899.061660591507,14983.080870539829,15034.618545473195,earthquake_m6_0
Hormigueros,West,2027,14107.194144056051,14168.30358953683,14294.098054598388,14422.67266659869,14566.200062370654,14680.152119507045,14746.21090648059,earthquake_m6_0
Hormigueros,West,2028,13620.107457570633,13718.807024212185,13886.014978957763,14028.757523741964,14231.336617119765,14405.581886898948,14478.50814761544,earthquake_m6_0
Hormigueros,West,2029,13130.640633086034,13258.2448668599,13468.023565190098,13674.835173156851,13926.561929915788,14110.655393868965,14206.336117054438,earthquake_m6_0
Hormigueros,West,2030,12700.984014119364,12848.40713653016,13075.035961580008,13315.711829054375,13583.36391533185,13826.354571665855,13939.488680469625,earthquake_m6_0
Humacao,East,2025,48856.68122627468,48926.45740555214,49079.24906160592,49247.88694350172,49380.206421631214,49484.793038175856,49595.94042605172,earthquake_m6_0
Humacao,East,2026,47400.18138304114,47562.92662585728,47801.07462633333,48122.81604148574,48398.23687952205,48650.010362015026,48780.538525830096,earthquake_m6_0
Humacao,East,2027,45862.26221040748,46081.41683315609,46494.599786755774,46930.414073706095,47429.9019942016,47686.439364387435,48016.683353725406,earthquake_m6_0
Humacao,East,2028,44373.95358679377,44622.89886215259,45139.81684342823,45701.427089530596,46321.58636186464,46837.28314468579,47196.370531509376,earthquake_m6_0
Humacao,East,2029,42978.34332904146,43267.89277260686,43872.321526335974,44564.58348176727,45353.629242375566,45865.705721394865,46470.54753064988,earthquake_m6_0
Humacao,East,2030,41477.00974417613,41962.46970183223,42682.24827257803,43485.15508568682,44375.496813466525,45105.92024858837,45733.05343641467,earthquake_m6_0
Isabela,West,2025,41385.3180191484,41564.77707237405,41837.943036614575,42136.34168495712,42461.96968348014,42788.390220848254,42943.00892213418,earthquake_m6_0
Isabela,West,2026,39712.21546472911,39975.55178148396,40498.819592305845,41103.45958322483,41800.57031779886,42394.84632397977,42750.76618171892,earthquake_m6_0
Isabela,West,2027,38063.691941838464,38498.33000803323,39135.20800839805,39974.809285900075,40983.141538240365,42054.76169524619,42545.00227296059,earthquake_m6_0
Isabela,West,2028,36326.72501693529,36889.39944109397,37730.330323921255,39017.10731990279,40284.245374720005,41609.42476068768,42085.740168261305,earthquake_m6_0
Isabela,West,2029,34634.08709372942,35285.29761462533,36562.76010242146,37900.62553393288,39606.14910864194,41251.40638694449,42182.063334971186,earthquake_m6_0
Isabela,West,2030,33325.24664546294,33897.010977626465,35191.303939140234,37016.19880968415,38636.13666776745,40884.37008372049,42260.764196472686,earthquake_m6_0
Jayuya,Central Mountains,2025,14075.713003720835,14125.520135022844,14201.061026630934,14307.221547984624,14412.190736255327,14513.45160671296,14580.043698610987,earthquake_m6_0
Jayuya,Central Mountains,2026,13540.719495771542,13616.83278776171,13748.782744699056,13994.618551320595,14184.60174953445,14372.852388420113,14470.338601120642,earthquake_m6_0
Jayuya,Central Mountains,2027,12983.799331637965,13080.18141597418,13334.734300201462,13617.722178439657,13908.107286654737,14245.75746774515,14442.45512540165,earthquake_m6_0
Jayuya,Central Mountains,2028,12326.47499517289,12562.946254770523,12860.740901497458,13271.085866608188,13660.431540903019,14096.995119463561,14460.305941671155,earthquake_m6_0
Jayuya,Central Mountains,2029,11834.169736644657,12073.885846573161,12487.0703216099,12952.358066823272,13507.117958368966,13898.793544562035,14498.103051955519,earthquake_m6_0
Jayuya,Central Mountains,2030,11329.330018996858,11648.976527820754,12060.411484325832,12645.111371097073,13245.33399621497,13824.926767269932,14293.486382335479,earthquake_m6_0
Juana Díaz,South,2025,44818.09012543889,44924.56350536932,45099.106919815655,45349.74405970772,45613.02745384556,45837.37027793163,45920.62087365817,earthquake_m6_0
Juana Díaz,South,2026,43130.05800161999,43355.54390042409,43720.15410693223,44232.113398626636,44782.62954079967,45216.043835887045,45426.07813750845,earthquake_m6_0
Juana Díaz,South,2027,41259.7939828187,41590.69210997416,42264.42735022043,43027.71860948052,43762.298290323546,44696.249454608274,44920.95671868841,earthquake_m6_0
Juana Díaz,South,2028,39532.874759534716,39965.498081956874,40898.3244777903,41866.580816573216,42811.07389639648,43944.353603791016,44471.43130661189,earthquake_m6_0
Juana Díaz,South,2029,37792.14396672622,38295.41393603693,39565.33158408868,40757.98544226882,41784.138494196355,43263.01987777655,43903.73283269911,earthquake_m6_0
Juana Díaz,South,2030,36308.28753510168,36843.18017488394,38161.06716226428,39662.7158409761,40945.066506743846,42450.40407526012,43384.93286243364,earthquake_m6_0
Juncos,East,2025,35894.11618688595,35967.6385854086,36072.10112185223,36220.31757270392,36373.81257948839,36485.279948659794,36538.97241162314,earthquake_m6_0
Juncos,East,2026,34736.456892408045,34928.4902102418,35175.64091061207,35388.02285556738,35712.96721632092,35918.99327707118,36057.41236978527,earthquake_m6_0
Juncos,East,2027,33448.52679527295,33693.25749020205,34063.373862637105,34528.38038765793,35001.57958857002,35362.33896611973,35580.49239812006,earthquake_m6_0
Juncos,East,2028,32278.455903535858,32532.881493953504,32931.1309281772,33673.357293574576,34224.20089329693,34780.08075683569,35001.6810105799,earthquake_m6_0
Juncos,East,2029,31080.29852705005,31335.102510997665,31919.290573511636,32789.239746933104,33459.42671905026,34200.994585942404,34392.15713910734,earthquake_m6_0
Juncos,East,2030,30008.781610502687,30377.552675149196,31085.04322912731,32030.251842901045,32781.525032483834,33565.660430028365,33976.26189768888,earthquake_m6_0
Lajas,West,2025,22213.189133995616,22335.170652133464,22503.147815118038,22669.39209314367,22817.7024802437,22923.573271533598,23063.27967883433,earthquake_m6_0
Lajas,West,2026,21344.875848396223,21499.14869739345,21795.053894213168,22166.825614814854,22463.983651921393,22725.80294146241,22949.72124108645,earthquake_m6_0
Lajas,West,2027,20531.643891547687,20681.788769960254,21041.32006040404,21645.830035950952,22102.001922241012,22541.260529274678,22821.07951913349,earthquake_m6_0
Lajas,West,2028,19527.23348002421,19872.658229365657,20386.078794904744,21044.561661948916,21670.577184384332,22389.627695770083,22697.0884660812,earthquake_m6_0
Lajas,West,2029,18708.526715302964,19097.844547297926,19592.27984082516,20444.005822014602,21242.075601907844,22062.59613346296,22690.299159154947,earthquake_m6_0
Lajas,West,2030,17949.31881897294,18249.697542677404,18933.84023958679,19917.129506760983,20814.722293196875,21821.04502475947,22445.896211391242,earthquake_m6_0
Lares,Central Mountains,2025,26397.219549715737,26560.27859520492,26945.31458170901,27368.133011834507,27853.790066312624,28326.10680910586,28478.215626333204,earthquake_m6_0
Lares,Central Mountains,2026,24378.30227135166,24793.77843646547,25693.68784431708,26820.382613806905,27632.49536648112,28558.139309773982,29170.575582126356,earthquake_m6_0
Lares,Central Mountains,2027,22586.753908198556,23166.842351296546,24358.542155959927,26033.810361691496,27392.623719076757,28552.235784227916,29782.920902205322,earthquake_m6_0
Lares,Central Mountains,2028,20855.66277713792,21672.85948244737,23146.132558845125,25183.757694377746,26915.220282402544,28584.620248572657,29894.38641668703,earthquake_m6_0
Lares,Central Mountains,2029,18914.485746804934,19997.355085233037,22304.753681057395,24642.899704673982,26955.122945407278,28545.38245338716,30092.458953540918,earthquake_m6_0
Lares,Central Mountains,2030,17622.30371674896,18696.18741068383,21431.570196034452,24161.36218604643,26780.325757891937,28820.393411212102,30624.432090806116,earthquake_m6_0
Las Marías,West,2025,8344.549766734335,8388.589328368402,8474.999457517131,8571.121065575302,8676.995250205942,8776.99609649273,8821.409553732412,earthquake_m6_0
Las Marías,West,2026,7837.6395061413405,7988.085903736398,8167.648079068791,8375.519830611402,8577.985017074672,8749.67488475808,8825.420334734059,earthquake_m6_0
Las Marías,West,2027,7406.736103171434,7516.656217073628,7860.356816259473,8184.629021661431,8478.966999279439,8708.430819721165,8831.043003778635,earthquake_m6_0
Las Marías,West,2028,6912.16128140059,7156.255386752597,7450.674413429004,8023.621687765336,8398.696185212397,8668.355489658796,8906.609349884913,earthquake_m6_0
Las Marías,West,2029,6495.523144302142,6728.816517454357,7111.753628624327,7782.708557580128,8248.347172457808,8695.489598366747,8961.239655128042,earthquake_m6_0
Las Marías,West,2030,6189.791706700138,6293.1401763702415,6810.900116381434,7497.12702091959,8228.328956596664,8688.645290905157,9010.084953229487,earthquake_m6_0
Las Piedras,East,2025,33907.84659824233,33972.582433217045,34158.12424450906,34335.812187949836,34536.57893429402,34703.904858325324,34774.44101011549,earthquake_m6_0
Las Piedras,East,2026,32634.965948360456,32821.70751759465,33132.36125095405,33518.55021381789,33973.35140326768,34318.420448777804,34600.516052053135,earthquake_m6_0
Las Piedras,East,2027,31425.358448570423,31627.84563418473,32022.0446867869,32620.93826907825,33396.86402402829,33869.80339428459,34254.8591510358,earthquake_m6_0
Las Piedras,East,2028,30077.27590357711,30360.322808297697,30941.975407541126,31789.145707141935,32702.075878063777,33363.28481766922,33810.98720600341,earthquake_m6_0
Las Piedras,East,2029,28682.722403696327,29174.275311199963,29998.42129297868,30962.645908671788,31966.304821717302,32895.19059420554,33556.2288904215,earthquake_m6_0
Las Piedras,East,2030,27540.01111053108,28063.20547877824,29041.965948880228,30144.777985731693,31438.740150852384,32512.421662615445,33049.750873468125,earthquake_m6_0
Loíza,East,2025,22194.524284573625,22216.348970292256,22281.974051507466,22362.58681143115,22434.1064335268,22511.874701536744,22537.97658762192,earthquake_m6_0
Loíza,East,2026,21475.45208287218,21548.70818393793,21692.117232288743,21840.280861342173,21976.616915871335,22086.73235727311,22181.1865449869,earthquake_m6_0
Loíza,East,2027,20784.866905746872,20866.57242434198,21076.259767312866,21302.881676642835,21492.805704086153,21634.784992979254,21763.919592608345,earthquake_m6_0
Loíza,East,2028,20016.926130186926,20135.901454517978,20471.093300606273,20774.485893337936,20977.69214107755,21195.609539135567,21345.36025797053,earthquake_m6_0
Loíza,East,2029,19320.274458939737,19458.615226240992,19882.99621631746,20239.46676268609,20531.6733585772,20823.036751924144,20940.93692389965,earthquake_m6_0
Loíza,East,2030,18637.81347536262,18837.003105107637,19282.07868078545,19718.215364053536,20087.613731182697,20427.652742175538,20644.887639548957,earthquake_m6_0
Luquillo,East,2025,17088.284304527675,17126.01939940804,17184.804396828666,17230.239801101634,17280.340710647077,17328.050357329295,17353.96216677893,earthquake_m6_0
Luquillo,East,2026,16527.28187610063,16629.335806243467,16733.44330482365,16844.243466593653,16948.931156245417,17033.844677919154,17087.907085233495,earthquake_m6_0
Luquillo,East,2027,16026.930263813378,16104.692163961266,16265.627938354779,16435.708842991804,16582.09383890523,16732.712938173892,16839.472449792054,earthquake_m6_0
Luquillo,East,2028,15484.37402558038,15599.192249323101,15776.160170640504,16006.909647099581,16214.007525653873,16417.606954724026,16542.544288208486,earthquake_m6_0
Luquillo,East,2029,14972.721130839976,15059.544561411292,15297.875049140257,15618.787065652501,15852.542663903681,16104.489532055997,16276.166349659172,earthquake_m6_0
Luquillo,East,2030,14483.800896827941,14642.50222652534,14860.571772864816,15180.614065201706,15549.652774858132,15818.657518810178,16078.158774687268,earthquake_m6_0
Manatí,North,2025,37695.015619148704,37834.97847860505,37978.882954787055,38257.34701481955,38455.36539770688,38731.11237391872,38861.50518843764,earthquake_m6_0
Manatí,North,2026,36352.13737805506,36548.815966547656,36822.1088266034,37296.622375831896,37825.968651596,38207.00341522953,38540.02280078476,earthquake_m6_0
Manatí,North,2027,34788.89802204628,35088.098105743986,35666.9362121577,36415.870675273356,37230.38189138918,37912.40436886092,38267.746967250314,earthquake_m6_0
Manatí,North,2028,33329.15035467568,33757.758530519146,34441.141772526695,35405.00678062447,36545.883907212185,37439.20628499064,38084.98334364943,earthquake_m6_0
Manatí,North,2029,31835.770964052554,32390.76715350711,33316.952933396424,34587.222714205964,35861.05605551021,37110.186535084336,38085.28014062599,earthquake_m6_0
Manatí,North,2030,30465.58522522924,30967.387573291973,32386.1964830801,33822.5630021168,35226.328638297266,36938.3297214804,37779.29203706567,earthquake_m6_0
Maricao,West,2025,4770.713596681651,4789.043469211772,4838.407500135392,4881.907367989805,4934.014076236492,4996.844128813088,5025.53566105575,earthquake_m6_0
Maricao,West,2026,4518.969970558206,4556.209038406989,4652.099496671566,4767.429389500838,4887.039710124532,4970.432091314341,5008.086035872992,earthquake_m6_0
Maricao,West,2027,4192.038752988634,4301.211633501133,4466.335325013428,4647.590379651607,4813.496171827885,4926.236849482744,5007.645969869015,earthquake_m6_0
Maricao,West,2028,3947.414140873491,4077.231115529491,4291.85988559444,4525.307718675111,4736.248083100645,4931.642799407254,5011.953381894441,earthquake_m6_0
Maricao,West,2029,3645.894951480671,3861.204244847242,4115.540160153336,4390.806237607522,4687.891740009045,4920.661400496084,5048.638009649124,earthquake_m6_0
Maricao,West,2030,3460.035947294633,3675.2067369094425,3983.217255638015,4244.843085812929,4617.544353456806,4957.13231556857,5069.7365106234065,earthquake_m6_0
Maunabo,East,2025,10116.038995624707,10143.453073668998,10183.505401320353,10224.515308746373,10266.580859366406,10303.347172866577,10329.395426925652,earthquake_m6_0
Maunabo,East,2026,9757.25797545429,9827.936606627081,9920.435207619514,9997.7366764955,10080.492256171434,10160.329748260214,10195.468012822823,earthquake_m6_0
Maunabo,East,2027,9432.502493495595,9498.709976025428,9638.774148057279,9774.006091733514,9878.424625983795,9974.006096760942,10075.54483903279,earthquake_m6_0
Maunabo,East,2028,9093.504906023065,9172.935583666229,9360.47485428074,9514.262263331382,9684.205251819794,9820.236603229801,9908.825509134262,earthquake_m6_0
Maunabo,East,2029,8790.769696704474,8872.007589468978,9097.977396835384,9262.51313997498,9492.673565863519,9671.744547942952,9798.16047694403,earthquake_m6_0
Maunabo,East,2030,8459.025524817844,8604.460004970178,8807.917006509973,9016.755053744575,9291.349098660794,9530.588529834926,9696.364003609344,earthquake_m6_0
Mayagüez,West,2025,68820.54352543887,69013.31320475365,69235.83473207013,69562.61640111584,69874.11794532505,70093.52970406394,70273.53026721926,earthquake_m6_0
Mayagüez,West,2026,66626.45015615245,66728.73722229179,67247.79581313508,67863.18602509775,68581.0245489571,69155.63734359884,69560.91204042594,earthquake_m6_0
Mayagüez,West,2027,63899.054792597184,64219.19499517437,65039.92754368433,66089.871670283,67232.00861724732,67948.86148663334,68420.5845135592,earthquake_m6_0
Mayagüez,West,2028,61069.17806971404,61895.025441086145,62830.125328305905,64338.307617485574,65920.37955297752,66871.16233612465,67758.82232731275,earthquake_m6_0
Mayagüez,West,2029,58618.43019442409,59465.283802490725,60612.86678303573,62673.82658272135,64388.378866159794,65701.1713367081,67280.97582911198,earthquake_m6_0
Mayagüez,West,2030,56265.72194821222,57360.90210401297,58578.04755346436,61230.20077467231,62956.527193628164,64993.26013277886,66040.302261198,earthquake_m6_0
Moca,West,2025,36038.2270186571,36159.240066153194,36410.26923152735,36764.89184481699,37083.513617747616,37372.17028547818,37495.44715284428,earthquake_m6_0
Moca,West,2026,34348.17755879898,34629.20232172366,35129.81739633928,35849.91739292363,36597.39883667607,37157.427842049285,37411.06695334417,earthquake_m6_0
Moca,West,2027,32549.30774242897,32835.3367294772,33828.05345297397,34808.595569143305,36041.49844090194,36800.461918787616,37216.93145583586,earthquake_m6_0
Moca,West,2028,30901.94749343607,31244.802569263506,32513.025360168765,33761.74716243122,35191.5720131346,36705.57019990798,36988.64465687099,earthquake_m6_0
Moca,West,2029,29266.71995550863,29806.14124002132,31241.061542545125,32888.49965760131,34516.54588161914,36085.24519883784,36982.99774016074,earthquake_m6_0
Moca,West,2030,27621.383634815684,28549.520373150695,30052.490614461003,31998.585392597684,34033.228568317805,35630.53943472614,37433.878254272604,earthquake_m6_0
Morovis,Central Mountains,2025,27507.84162619742,27622.621094498045,27744.870880616374,27892.164740051783,28052.35175847417,28197.450506744437,28283.127637611004,earthquake_m6_0
Morovis,Central Mountains,2026,26444.562814673216,26752.01644681984,26948.002509319966,27285.32250991807,27525.28995750909,27864.92022584413,27977.81383175425,earthquake_m6_0
Morovis,Central Mountains,2027,25377.515978596737,25689.10011700956,26156.501785190896,26531.90943146598,27029.14529892289,27492.01832291943,27793.233684448915,earthquake_m6_0
Morovis,Central Mountains,2028,24333.889951361274,24590.357560870678,25244.25409367362,25895.279113212724,26508.089106099877,27108.004888695046,27536.75088996618,earthquake_m6_0
Morovis,Central Mountains,2029,23333.55669989424,23593.547883108527,24423.87980915261,25301.28254113552,26061.561125782366,26821.004516366684,27219.836573994333,earthquake_m6_0
Morovis,Central Mountains,2030,22313.246531566267,22735.494441520044,23647.99693517921,24676.535261664078,25512.956950119085,26482.71505017901,27267.573639561444,earthquake_m6_0
Naguabo,East,2025,22132.577588899458,22268.760513193585,22440.070977745454,22635.318809192067,22875.110824700903,23138.549806124014,23240.21486279241,earthquake_m6_0
Naguabo,East,2026,21073.359449557855,21278.050469829854,21716.578815108893,22140.667619665153,22634.591804426007,23004.336410001953,23141.64196036777,earthquake_m6_0
Naguabo,East,2027,19888.32640715024,20103.70814143697,21014.3484777753,21740.65204566801,22353.570632735733,22848.631639972176,23282.421792089175,earthquake_m6_0
Naguabo,East,2028,18766.265570431613,19316.16355821008,20250.93129906246,21323.300099795277,22127.38642356622,22909.059141787533,23476.01876461207,earthquake_m6_0
Naguabo,East,2029,17751.456551816063,18466.76013259396,19588.22774594886,20738.06533068428,21871.198752294877,22852.018882740464,23693.681940928258,earthquake_m6_0
Naguabo,East,2030,16940.100061251043,17621.28038160745,19037.832769283745,20240.7201794938,21613.446920757164,22796.248489202408,23392.666362587224,earthquake_m6_0
Naranjito,Central Mountains,2025,28273.67344102816,28341.43683933806,28527.301492153343,28770.287956619657,28922.18830971256,29126.2344706147,29228.60758031884,earthquake_m6_0
Naranjito,Central Mountains,2026,27072.739615489827,27224.84861128211,27685.547401107582,28078.89390746288,28337.92325086679,28768.195880821335,28937.113295679115,earthquake_m6_0
Naranjito,Central Mountains,2027,25709.47011564289,26037.31880088566,26666.85546852872,27302.65794571564,27785.621483027157,28434.60694761382,28693.211072358543,earthquake_m6_0
Naranjito,Central Mountains,2028,24494.796724589287,24993.340067394864,25672.915899086394,26539.090908642418,27302.234577327545,28074.468064690707,28452.36691179667,earthquake_m6_0
Naranjito,Central Mountains,2029,23196.4416515384,23855.66994801043,24804.372269007625,25834.35123899935,26798.431161785495,27565.1435675447,27904.61337019695,earthquake_m6_0
Naranjito,Central Mountains,2030,22099.94224378468,22726.841645464036,23946.964967723194,25125.227543216064,26168.087586716552,27199.19083620488,27935.484932915857,earthquake_m6_0
Orocovis,Central Mountains,2025,20547.11980968951,20643.67443242167,20778.622934179053,20922.070209120713,21063.89710330596,21188.67142294279,21243.31288791093,earthquake_m6_0
Orocovis,Central Mountains,2026,19714.66284121023,19855.768761591098,20133.812567627978,20401.810488643634,20669.58159437054,20967.294819041155,21100.041583774913,earthquake_m6_0
Orocovis,Central Mountains,2027,18857.010758192548,19051.466528679364,19431.875534787043,19857.71079678457,20338.40891066513,20621.463119741675,20916.214342565414,earthquake_m6_0
Orocovis,Central Mountains,2028,17891.86361190625,18290.868309782294,18759.38919478828,19341.22180572464,19885.105428506857,20304.62507607109,20475.37158041779,earthquake_m6_0
Orocovis,Central Mountains,2029,16981.524288874316,17595.917485142472,18059.584275749254,18828.719376900397,19458.11464608834,20022.305837913635,20308.04622225185,earthquake_m6_0
Orocovis,Central Mountains,2030,16274.490387081343,16859.93157776224,17430.10976959979,18308.224549370112,19001.48525936504,19797.87349476983,20074.925522220656,earthquake_m6_0
Patillas,South,2025,15184.359627189024,15209.267206367382,15246.791403330826,15286.59625231936,15322.164129339295,15364.926388260517,15389.414649376036,earthquake_m6_0
Patillas,South,2026,14721.94255828489,14760.88232565422,14838.106293439207,14922.314979267569,14985.78907071472,15067.025499103445,15116.128788378128,earthquake_m6_0
Patillas,South,2027,14224.731394763574,14275.336362973883,14408.216905854271,14524.470938260889,14637.363617563711,14744.83364692742,14811.628607446508,earthquake_m6_0
Patillas,South,2028,13701.51549061424,13818.124601507676,13967.132366980237,14116.375726517428,14318.979607308425,14440.390261171895,14561.68964967085,earthquake_m6_0
Patillas,South,2029,13212.68153136104,13354.95926577321,13512.60242673289,13700.6132182604,13993.704271588198,14140.097441713058,14298.06576966177,earthquake_m6_0
Patillas,South,2030,12798.779020639717,12940.390552703197,13103.660152749335,13358.779954478781,13641.22847906074,13822.956682799735,14027.338321653435,earthquake_m6_0
Peñuelas,South,2025,19130.39830364636,19217.283401280652,19329.61859103704,19492.490683364238,19634.4591518859,19814.22091215054,19892.247886940615,earthquake_m6_0
Peñuelas,South,2026,18300.330538657287,18411.042526739435,18646.899049734722,19049.204309299363,19342.938218182062,19638.846082651173,19840.742576069406,earthquake_m6_0
Peñuelas,South,2027,17345.835291197316,17560.007821949657,17925.673316877695,18474.112496608293,18974.557908304683,19460.54638732574,19666.896390739945,earthquake_m6_0
Peñuelas,South,2028,16453.241543458742,16743.96720242236,17277.365908303007,17890.112148244727,18645.46698769902,19267.583015455635,19573.010101478772,earthquake_m6_0
Peñuelas,South,2029,15638.712912524268,15989.1291905752,16507.72571226483,17415.409983090736,18252.49039978675,19192.18839430956,19574.65668408373,earthquake_m6_0
Peñuelas,South,2030,14856.793861430831,15350.789189713982,15912.177141426626,16930.785882091586,17861.517772001134,18878.268170916213,19555.30665074373,earthquake_m6_0
Ponce,South,2025,128426.54135325467,128940.26107829942,129638.94469523014,130451.07936581998,131283.46066636182,131957.70065053328,132370.44298025916,earthquake_m6_0
Ponce,South,2026,123550.5259885364,124345.07835684439,125710.10794283685,127227.91364172111,128737.63426333581,130052.29874102677,131067.4102447698,earthquake_m6_0
Ponce,South,2027,118197.21772562918,119225.09800023877,121588.04074870536,123889.45281259852,125997.01514184859,127926.68614335661,129514.11411855195,earthquake_m6_0
Ponce,South,2028,112481.32936846274,114389.46333251498,117256.96577099824,120610.09830006222,123207.6703596696,126165.16711390913,128307.28033277618,earthquake_m6_0
Ponce,South,2029,107289.13662079851,109831.14350740743,113474.52589347602,117198.05635576544,120519.44165447698,124392.86236318096,126681.71560167539,earthquake_m6_0
Ponce,South,2030,102782.97391333261,105408.02088381583,109534.00282969247,113706.84301037616,118678.1025955133,122404.53558473208,124606.75223971475,earthquake_m6_0
Quebradillas,North,2025,22747.529243299494,22795.030473995106,22883.064589963997,22977.00294678862,23078.66213911886,23170.165812319443,23272.356912177333,earthquake_m6_0
Quebradillas,North,2026,21993.771294816426,22076.911156622868,22252.877256245138,22428.037955260923,22623.335657036885,22829.80872932936,22988.402702574833,earthquake_m6_0
Quebradillas,North,2027,21196.415042079538,21323.87366286708,21593.108186315894,21834.129365920326,22176.862652460906,22433.185262212683,22600.161688441105,earthquake_m6_0
Quebradillas,North,2028,20349.81030054441,20551.63402642287,20913.187343096204,21258.669427966415,21691.677441522057,22004.590984920826,22321.774697715744,earthquake_m6_0
Quebradillas,North,2029,19555.033290693744,19811.78923429785,20298.59591614103,20715.201888303483,21209.3761717858,21592.28873734072,21924.31089210271,earthquake_m6_0
Quebradillas,North,2030,18881.897412840783,19052.111578671607,19674.299645370666,20116.13018188121,20758.570073904808,21127.8903385715,21646.214444869893,earthquake_m6_0
Rincón,West,2025,14718.079543646878,14782.37438449093,14933.897511229974,15115.593130248993,15278.110084643431,15406.76920780497,15478.72741673996,earthquake_m6_0
Rincón,West,2026,13930.762077150646,14099.166870367231,14400.230471348412,14744.277170801775,15154.97771289789,15403.875746547617,15503.957190799993,earthquake_m6_0
Rincón,West,2027,13060.315571300785,13425.141491427015,13838.892581931272,14283.805657408251,14891.595411888033,15375.208920474872,15592.400899053382,earthquake_m6_0
Rincón,West,2028,12272.457343932696,12600.49354038417,13282.712375092324,13986.122483239475,14657.733966412847,15351.059026237073,15551.397122210687,earthquake_m6_0
Rincón,West,2029,11660.183753316644,12011.62080898272,12677.533514002222,13614.6126951625,14390.69958270449,15200.707654941452,15643.035300864725,earthquake_m6_0
Rincón,West,2030,11017.956019997442,11405.613481181219,12286.335736187251,13242.633808740546,14228.277922510657,15109.772414919862,15623.810544756027,earthquake_m6_0
Río Grande,East,2025,44846.68196939275,44939.50606198098,45055.045246896916,45269.07104105901,45416.05656995812,45573.523487395425,45684.31466761798,earthquake_m6_0
Río Grande,East,2026,43423.700973891624,43634.30925402651,43870.00085798771,44215.91866539264,44569.08800354155,44830.91865462562,45021.90588874982,earthquake_m6_0
Río Grande,East,2027,41843.33063471836,42174.30312295272,42520.64842400032,43091.70969758382,43646.45535662742,44013.39902625379,44262.43392791022,earthquake_m6_0
Río Grande,East,2028,40448.19974733262,40830.8893546913,41249.27573838942,41969.08216063063,42655.06158962988,43217.738741322806,43528.02080550063,earthquake_m6_0
Río Grande,East,2029,38977.242989689854,39429.75137841169,40018.876799115584,40814.65537325322,41768.55527406502,42481.50183229955,42734.3027025118,earthquake_m6_0
Río Grande,East,2030,37725.106885272195,38109.981356662414,38826.19832432318,39760.5102680034,40894.144170585234,41745.118146261455,41953.75690185082,earthquake_m6_0
Sabana Grande,West,2025,21700.822093653715,21767.379455182872,21864.269279364475,22020.858763154614,22144.53124068302,22263.45193844985,22358.639100568547,earthquake_m6_0
Sabana Grande,West,2026,20901.134899604513,21036.62165667212,21220.687624316324,21493.60036502414,21766.03152041156,22063.591019943753,22204.907450380124,earthquake_m6_0
Sabana Grande,West,2027,20117.042108578265,20279.429966265558,20639.624581729113,20918.99845982594,21346.299271096355,21819.452568186007,21992.73593679648,earthquake_m6_0
Sabana Grande,West,2028,19199.547213598893,19521.468816720542,19974.24295318822,20374.554378555727,20966.629077183698,21646.93339653737,21895.718651278487,earthquake_m6_0
Sabana Grande,West,2029,18475.54702986445,18730.22203661344,19408.731460562558,19810.88748482072,20597.11630365444,21322.170809181116,21781.51831335949,earthquake_m6_0
Sabana Grande,West,2030,17585.750429671523,18085.32090387399,18752.149939719056,19339.728243871097,20132.959851338506,21084.35058261484,21473.080318609056,earthquake_m6_0
Salinas,South,2025,24361.673248616677,24411.93964135731,24532.149914807203,24652.41632919725,24785.69819547166,24888.076429652177,24934.826827305573,earthquake_m6_0
Salinas,South,2026,23527.43913870264,23597.329091479114,23823.016544169543,24036.218517455083,24346.480723371445,24535.82439588809,24686.043628526295,earthquake_m6_0
Salinas,South,2027,22543.99038604815,22735.768558179196,23076.926877865822,23410.235630685424,23834.853183477728,24199.0646768332,24353.84818801165,earthquake_m6_0
Salinas,South,2028,21580.080315552554,21804.892232520902,22232.53448747204,22823.53007932421,23335.29072661338,23892.98129611779,24024.42857015337,earthquake_m6_0
Salinas,South,2029,20738.358444708043,21003.858390124387,21542.97676425463,22094.02229190718,22871.614118887952,23375.077798150774,23742.041816274705,earthquake_m6_0
Salinas,South,2030,19975.707136353656,20186.671336463634,20838.73430766267,21527.59580014443,22385.71623289715,23021.290809112044,23449.261992541768,earthquake_m6_0
San Germán,West,2025,30298.95183249662,30394.75417652762,30558.343876679475,30766.863393615356,30940.381421702397,31093.09547952489,31230.20271757892,earthquake_m6_0
San Germán,West,2026,29134.307166694467,29281.209392061974,29610.822968785204,30018.20725968277,30417.913712244874,30687.7697713051,30940.811679192357,earthquake_m6_0
San Germán,West,2027,27811.771941752464,28012.022361573756,28555.13209493456,29238.362924805944,29868.56972397702,30326.590069319536,30502.563398994764,earthquake_m6_0
San Germán,West,2028,26560.750656175584,26761.39651224213,27541.323195047207,28417.9168264767,29206.42697519678,29898.770430982684,30404.754739141437,earthquake_m6_0
San Germán,West,2029,25235.333523895446,25631.198057086534,26480.226895938795,27606.589814913244,28704.511521081356,29461.714169607185,30179.03251420797,earthquake_m6_0
San Germán,West,2030,23910.314875254146,24511.11764283294,25519.579288190267,26777.354532506786,28175.17076568407,29150.216110198307,29975.273358798688,earthquake_m6_0
San Juan,Metro,2025,324369.813883777,324964.0256250682,327485.60872067884,330058.55957999674,332617.0727813642,334544.193602874,335752.244815995,earthquake_m6_0
San Juan,Metro,2026,309145.5985734363,311510.4953716294,316614.4612441279,321569.1371512244,327242.2722180177,331146.14859401726,334393.5078730872,earthquake_m6_0
San Juan,Metro,2027,292613.1864069865,296960.5267657826,305579.32486260356,312926.3457732871,320424.47870781197,328405.13031023426,332803.6666247911,earthquake_m6_0
San Juan,Metro,2028,276714.3608500677,285950.27817355446,294418.7021400516,304928.038000574,314725.827616662,323049.9141900623,331565.33934880485,earthquake_m6_0
San Juan,Metro,2029,266398.10633346945,274148.64165904955,285806.0094149647,297041.1797854621,308695.4993031065,323128.5555900051,330570.51053692406,earthquake_m6_0
San Juan,Metro,2030,255487.88459968416,260255.51869644818,276144.94562212727,289301.7999208999,303071.4956497962,321147.55052753474,329838.7097713385,earthquake_m6_0
San Lorenzo,East,2025,36228.47949228673,36356.71058261903,36586.957613001556,36775.72720263306,36978.912996848434,37154.13406621884,37255.573469333176,earthquake_m6_0
San Lorenzo,East,2026,34940.98367987743,35085.092624939054,35531.1577075764,35986.15186200735,36350.46246019681,36765.97763335961,37019.653341322766,earthquake_m6_0
San Lorenzo,East,2027,33621.97062479081,33839.53778970697,34349.42857255979,35063.90774671996,35724.30370611159,36193.4019983518,36725.76364040966,earthquake_m6_0
San Lorenzo,East,2028,32222.300460211583,32542.55488102158,33319.87770248728,34132.12033967108,35038.44853132921,35729.64624805995,36242.14936688961,earthquake_m6_0
San Lorenzo,East,2029,31027.176616205066,31429.949463366287,32247.504456381896,33323.22474473245,34381.69563601646,35346.698156065024,35863.94514154411,earthquake_m6_0
San Lorenzo,East,2030,29709.054359258993,30245.632439998775,31229.806231819202,32628.572149135336,33641.422185218726,34801.38825273397,35375.00482862289,earthquake_m6_0
San Sebastián,West,2025,37505.58306757127,37745.078348955634,38096.07859338734,38441.84559515812,38784.11353263252,39094.11124042022,39372.759688104044,earthquake_m6_0
San Sebastián,West,2026,35701.02269846593,36251.90596988111,36805.90577867189,37579.51427953076,38241.41440200459,38807.066803802496,39312.156082371825,earthquake_m6_0
San Sebastián,West,2027,33835.06724182595,34539.95108189869,35517.988597357,36581.13846916312,37689.62789819015,38784.836132176904,39301.92668904416,earthquake_m6_0
San Sebastián,West,2028,31861.620629609166,32857.17259804844,34072.69573297685,35642.76776335528,37018.29971765866,38561.12666275312,39496.74846253531,earthquake_m6_0
San Sebastián,West,2029,29857.09083981962,30910.942020138522,32634.549308666137,34713.825741009554,36513.18811176819,38720.75374093716,39842.0380907967,earthquake_m6_0
San Sebastián,West,2030,28202.139372979822,29199.0912663976,31328.19746757445,34049.11082753911,36110.03559466944,38788.86044715925,39979.89835957553,earthquake_m6_0
Santa Isabel,South,2025,19326.853718671027,19380.316055070358,19455.401422791663,19553.870221246063,19648.606379318364,19738.65394225972,19804.913327564012,earthquake_m6_0
Santa Isabel,South,2026,18582.119681997643,18663.68672475922,18885.38574724215,19110.23076114997,19289.520677447686,19460.711433937002,19533.827379925617,earthquake_m6_0
Santa Isabel,South,2027,17832.25071239714,17969.39739189008,18268.937807440278,18642.216869984317,18900.80107816742,19177.406136169124,19288.05561716505,earthquake_m6_0
Santa Isabel,South,2028,17048.806293124533,17283.66307290651,17657.96601261919,18180.670516206585,18516.758652319546,18889.01028183718,19095.464025938545,earthquake_m6_0
Santa Isabel,South,2029,16341.894753516492,16592.051156904887,17089.039291022273,17665.162360691065,18192.079732735823,18575.29902601918,18795.954510471736,earthquake_m6_0
Santa Isabel,South,2030,15637.334637798333,15971.588546914183,16559.217180480395,17203.4209604544,17846.59178751533,18331.996836781054,18668.714970277008,earthquake_m6_0
Toa Alta,Metro,2025,64003.19875453851,64235.74564950205,64589.16794463262,65137.92413793146,65601.51993910584,66020.87409945884,66301.27845724505,earthquake_m6_0
Toa Alta,Metro,2026,60954.255557604694,61673.81719337776,62382.3097813468,63558.14839128406,64404.2837430904,65414.853646286305,66236.00941095012,earthquake_m6_0
Toa Alta,Metro,2027,58220.26779484531,58807.55022301729,60257.56436300606,61907.72566842317,63344.92946933551,64827.10459964616,65724.55824789203,earthquake_m6_0
Toa Alta,Metro,2028,55440.641521442674,55937.18661279115,58222.102088837026,60544.07411776528,62477.07113893723,64240.35753913889,65634.38505722921,earthquake_m6_0
Toa Alta,Metro,2029,52540.42479722695,54114.04283253605,56377.75279210591,58870.82591079298,61588.141247888874,63490.08338240859,65235.853694198566,earthquake_m6_0
Toa Alta,Metro,2030,49951.527662579305,51643.02941562258,54276.68366353378,57559.98318360032,60278.107401543886,62799.74270325125,64312.01206869339,earthquake_m6_0
Toa Baja,Metro,2025,71081.02564937217,71182.51615812436,71426.91202149706,71747.31033468575,72001.00008690996,72228.21138080646,72386.18215938039,earthquake_m6_0
Toa Baja,Metro,2026,68780.40409134133,69028.51710686601,69448.11106697793,70010.49451934645,70558.1749703596,71107.83793566014,71406.32181683,earthquake_m6_0
Toa Baja,Metro,2027,66275.17404063662,66722.71619552339,67286.43034822785,68074.97237556282,69131.88406625394,69788.31227856135,70239.87006405203,earthquake_m6_0
Toa Baja,Metro,2028,64021.152100825275,64284.472637602536,65366.12270530175,66304.8461580989,67355.0286161855,68614.7603107809,69385.00506080608,earthquake_m6_0
Toa Baja,Metro,2029,61666.76536902363,62067.61674033413,63376.477334348834,64682.883112278476,65938.88253164061,67190.46163551592,68204.30638271688,earthquake_m6_0
Toa Baja,Metro,2030,59626.78250776278,60057.4176612514,61465.57945919092,63003.07468680411,64416.08081551225,65899.61278766973,67116.38073665704,earthquake_m6_0
Trujillo Alto,Metro,2025,64756.22260084788,64989.48866814003,65476.96953851188,65868.70638677706,66366.55748218222,66943.2603629167,67293.04311557524,earthquake_m6_0
Trujillo Alto,Metro,2026,62179.28730210031,62660.987618278385,63383.53153030593,64304.65912116373,65217.86369247094,66157.8308153267,66659.00811783949,earthquake_m6_0
Trujillo Alto,Metro,2027,59289.69089379158,60073.845205894206,61279.386748594035,62452.735136240226,63886.78978722943,65708.22348355596,66312.74875550061,earthquake_m6_0
Trujillo Alto,Metro,2028,56639.166708342476,57377.05781235078,59112.60808457971,60790.42098886702,62937.826317270155,65036.505488147624,65951.73510606818,earthquake_m6_0
Trujillo Alto,Metro,2029,53883.68907769537,54948.17322356827,57316.497896504465,59388.40538266333,61696.615166351505,64278.88611496494,66033.48329826335,earthquake_m6_0
Trujillo Alto,Metro,2030,51812.710911165785,53019.56973244456,55405.0948865939,57842.69352273357,60522.38639705679,63561.59881782232,65115.003404806994,earthquake_m6_0
Utuado,Central Mountains,2025,26779.754467955547,26870.33312870477,26996.71475931481,27134.415102603627,27257.800825138696,27353.740819348764,27410.819218422344,earthquake_m6_0
Utuado,Central Mountains,2026,25798.876619706825,26037.04435503407,26222.47396989892,26461.675804343664,26738.828861899605,26983.16995081441,27102.79093231932,earthquake_m6_0
Utuado,Central Mountains,2027,24828.298533726527,25098.83584853611,25378.424745313903,25776.662345587516,26216.581290065922,26564.936660609827,26696.060898376203,earthquake_m6_0
Utuado,Central Mountains,2028,23835.889343007886,24116.212128173294,24540.758196900788,25096.43485048197,25653.324974754018,26179.78654597247,26476.827045229522,earthquake_m6_0
Utuado,Central Mountains,2029,22891.821314343917,23177.794861226048,23749.843019490643,24429.19625908608,25099.49406854627,25764.431071613035,25993.75322543314,earthquake_m6_0
Utuado,Central Mountains,2030,21958.75263046782,22268.884460241024,22949.545969160623,23805.178690832483,24740.901339373202,25365.286244596526,25800.33260300745,earthquake_m6_0
Vega Alta,North,2025,34035.64209879339,34089.40247387042,34204.30339463804,34323.71459118315,34466.68545221109,34606.2699973091,34676.12111567927,earthquake_m6_0
Vega Alta,North,2026,33035.55226119266,33101.19787882459,33333.5483100441,33565.83255885828,33851.19505341853,34064.40915509239,34160.09674087507,earthquake_m6_0
Vega Alta,North,2027,31932.916076406284,32078.206285521286,32353.83408941495,32811.18256769447,33166.65054394222,33420.84683753815,33655.086995985155,earthquake_m6_0
Vega Alta,North,2028,30867.80320241963,30997.12310263267,31481.9760743632,31985.5989087572,32430.33705584955,32833.36731371385,33068.550752207,earthquake_m6_0
Vega Alta,North,2029,29755.68713906751,30097.702202979544,30554.145978381075,31222.248405239658,31701.192610127142,32335.28337196171,32623.040180862987,earthquake_m6_0
Vega Alta,North,2030,28741.96324728312,29052.106994842383,29645.043183232036,30483.14520388624,31126.59433969538,31712.275357261078,32295.357806937343,earthquake_m6_0
Vega Baja,North,2025,51622.12035619504,51927.44595466592,52373.734280664605,52880.995661884546,53287.69587847821,53795.07505824968,54116.06804635085,earthquake_m6_0
Vega Baja,North,2026,49010.35254578068,49747.36629014752,50804.22959720051,51509.78671329368,52610.07382719722,53544.16858640028,54127.3632929695,earthquake_m6_0
Vega Baja,North,2027,46379.392060591665,47360.21857187113,49060.51793308913,50184.010432757685,51677.3740125047,53077.17748042157,53963.50084583766,earthquake_m6_0
Vega Baja,North,2028,43860.241585231284,45368.05671552395,46717.94185387071,48880.97498579338,50522.859834915056,52539.29825881528,53827.674844947476,earthquake_m6_0
Vega Baja,North,2029,41524.93140596862,43347.66514060966,45027.43784626062,47456.120019792805,49801.74331457773,51815.10919770637,54097.41578228258,earthquake_m6_0
Vega Baja,North,2030,39758.25612196462,40849.70931129594,43319.19870023696,46311.00019699571,49116.26247236535,51634.12462898527,53283.38368635354,earthquake_m6_0
Vieques,East,2025,7887.4772521218365,7896.092677690102,7919.098716893858,7938.548340713736,7957.554796629303,7987.7629496145555,7999.573832596951,earthquake_m6_0
Vieques,East,2026,7644.251319661976,7672.8382387424135,7709.306821097311,7757.411604711041,7803.2647793608285,7850.0864697565,7876.239728341759,earthquake_m6_0
Vieques,East,2027,7393.092290828955,7422.12392069708,7492.916927795399,7560.495626218653,7637.12064603382,7702.119926039044,7749.8907279736595,earthquake_m6_0
Vieques,East,2028,7140.293687351534,7185.874522462786,7268.519427443474,7366.223547859536,7454.948185099695,7562.649016236024,7602.745280348448,earthquake_m6_0
Vieques,East,2029,6884.195398214834,6964.094157943682,7055.362930657057,7181.9381447003225,7285.657526132886,7418.5728936774285,7497.208536489105,earthquake_m6_0
Vieques,East,2030,6682.051756950196,6716.425722655467,6858.453938569445,6995.511849213336,7110.293540976057,7286.137428425565,7403.149876316808,earthquake_m6_0
Villalba,South,2025,20924.695017066104,21006.03414878086,21070.88893485639,21176.395722268826,21285.912362396877,21362.67579686909,21409.731361110353,earthquake_m6_0
Villalba,South,2026,20175.897958108995,20302.848178158798,20452.259942508146,20646.98213086553,20888.12270083493,21074.43735712971,21155.499936526383,earthquake_m6_0
Villalba,South,2027,19372.322777347337,19523.19224276784,19753.0510393808,20125.54400477264,20428.97384380015,20716.34807296725,20849.801836404193,earthquake_m6_0
Villalba,South,2028,18612.00936470855,18739.13087445267,19142.418127488854,19548.34456396225,20052.890625046886,20460.916692298484,20575.749397955795,earthquake_m6_0
Villalba,South,2029,17865.15131792694,18087.752686644366,18563.208672551635,19038.76093973864,19651.167654994988,20228.73780591914,20338.18473389734,earthquake_m6_0
Villalba,South,2030,17165.939033170784,17497.90170347263,17937.058807650228,18547.912011940134,19161.440127275288,19979.86402391654,20186.037912567663,earthquake_m6_0
Yabucoa,East,2025,28547.605525195773,28601.30074735159,28721.5706813156,28860.131640404306,29002.448032650213,29124.80782485746,29205.480359626563,earthquake_m6_0
Yabucoa,East,2026,27522.306865989904,27713.698833073613,27917.59141111154,28182.347419253038,28486.83157101552,28762.349057780586,28841.583396344875,earthquake_m6_0
Yabucoa,East,2027,26505.656718259786,26703.62290617691,27042.19625567856,27494.825607756982,27953.543268297573,28345.39467058621,28569.31224734843,earthquake_m6_0
Yabucoa,East,2028,25517.43495853507,25751.222906757608,26169.708878285015,26865.419149352034,27369.02431724352,28003.639736009074,28332.924614156,earthquake_m6_0
Yabucoa,East,2029,24461.19431875812,24758.730305951456,25256.455568174828,26147.26997965412,26865.02006024829,27607.75060515236,27883.09811376588,earthquake_m6_0
Yabucoa,East,2030,23481.599476309926,23928.988849096462,24439.405680553657,25375.616805150774,26293.73885994185,27226.226756672957,27854.303511819013,earthquake_m6_0
Yauco,South,2025,32132.42560283575,32200.519271581827,32308.35012782416,32450.81825547221,32543.177513317445,32682.733417418727,32808.505499462946,earthquake_m6_0
Yauco,South,2026,31009.057747706396,31147.159209944235,31451.499742365595,31683.528328287044,31902.665643746303,32155.625288580417,32338.043060109376,earthquake_m6_0
Yauco,South,2027,29905.943991773856,30053.436635694972,30477.87777604152,30818.647947929472,31259.70582799336,31652.43229293789,31726.140313772645,earthquake_m6_0
Yauco,South,2028,28610.97723820457,28935.60782262286,29506.00470422949,29898.805291408848,30537.78332466179,31007.377941225634,31401.912886742815,earthquake_m6_0
Yauco,South,2029,27584.561419512833,27966.471229835424,28619.129091447925,29114.36634644251,29797.76789685277,30460.230088707027,30962.291222973992,earthquake_m6_0
Yauco,South,2030,26474.291591009285,26941.10980702606,27669.43908010627,28355.025991070863,29110.947795286258,30014.646009936292,30540.205877335477,earthquake_m6_0
Adjuntas,Central Mountains,2025,17430.459120039384,17478.622738625156,17546.882256740177,17626.434268750367,17708.755830105663,17796.465484734017,17838.472227091705,earthquake_m6_5
Adjuntas,Central Mountains,2026,16793.560079050774,16855.067760025326,16977.112568971686,17172.195873951874,17307.84412492241,17469.203921989036,17543.893341144627,earthquake_m6_5
Adjuntas,Central Mountains,2027,16085.482407843087,16185.519131272364,16406.74881439335,16634.155529981115,16868.669210463933,17130.586039333197,17227.871009726485,earthquake_m6_5
Adjuntas,Central Mountains,2028,15326.258609216271,15501.124359618456,15773.852182950413,16156.256334874839,16510.184338720635,16804.52445503711,16928.092214579698,earthquake_m6_5
Adjuntas,Central Mountains,2029,14612.340939367272,14824.077144152727,15144.539061575662,15725.370267209004,16116.15509074629,16522.807776416266,16731.014858861643,earthquake_m6_5
Adjuntas,Central Mountains,2030,13995.353477080753,14208.198066130613,14666.342683884057,15277.493570073979,15768.291377817726,16208.54297064281,16425.65579831645,earthquake_m6_5
Aguada,West,2025,36642.00518704079,36730.20409274099,36920.58970140346,37065.26236253737,37229.14712039229,37412.99225477091,37488.88859127292,earthquake_m6_5
Aguada,West,2026,35174.25232762173,35327.887020538896,35696.62998420476,36056.257175465966,36363.20046071173,36722.93327627692,37039.88196999475,earthquake_m6_5
Aguada,West,2027,33704.919286321514,33851.04252907186,34402.27258695907,34948.80269373808,35467.4738348767,35956.60746888659,36266.416881978745,earthquake_m6_5
Aguada,West,2028,32123.668503951863,32541.7969030383,33132.590595516056,33909.6819038713,34486.09669523072,35236.40338282293,35605.46518578863,earthquake_m6_5
Aguada,West,2029,30735.62553878475,31263.25436017244,31895.349452172013,32945.215020728516,33801.671386957714,34546.105683041525,35148.51304931584,earthquake_m6_5
Aguada,West,2030,29299.97973600738,30031.03328851682,30837.722739326346,31772.413496959816,33004.19527877946,33892.312632158835,34549.66846617923,earthquake_m6_5
Aguadilla,West,2025,51664.187576380085,52094.08028784936,52654.684283167095,53205.92658345976,53696.40892097099,54121.26019987986,54726.328334689075,earthquake_m6_5
Aguadilla,West,2026,49031.17311040493,49699.95550556184,50692.47779886608,51772.050012869644,52733.22670453848,53631.01142001355,54311.77536175972,earthquake_m6_5
Aguadilla,West,2027,46330.441096345734,47061.61014757277,48579.24754002023,50056.55026917525,51488.308911356406,53332.981150564396,53924.00673753329,earthquake_m6_5
Aguadilla,West,2028,44004.171782108424,44552.40862222963,46123.29648710684,48430.86497188274,50613.756075037345,52705.75839186351,53522.02254249576,earthquake_m6_5
Aguadilla,West,2029,41200.864358086306,42464.726572959305,44209.913919135266,46989.94309899917,49349.44641336451,51816.77292946417,53671.180042599946,earthquake_m6_5
Aguadilla,West,2030,39056.50033024611,40359.94851629154,42624.083690989915,45492.84380409159,48508.47219913673,51064.281048204,53847.272960279464,earthquake_m6_5
Aguas Buenas,Central Mountains,2025,23014.64895327138,23051.21297428669,23133.78043862887,23201.295076081664,23282.087852008917,23349.166582393857,23377.42995675338,earthquake_m6_5
Aguas Buenas,Central Mountains,2026,22188.780387354327,22303.868017237244,22446.15726165902,22603.618852401072,22744.517554021553,22883.87770628555,22992.285477145386,earthquake_m6_5
Aguas Buenas,Central Mountains,2027,21409.537370737817,21524.053241502323,21721.032593166285,21935.361820469876,22209.023994697724,22367.73993993554,22546.988061706514,earthquake_m6_5
Aguas Buenas,Central Mountains,2028,20539.963104416256,20743.11786496153,20996.83211582632,21259.18866208966,21607.313426291174,21850.077127826607,21975.526182431917,earthquake_m6_5
Aguas Buenas,Central Mountains,2029,19687.197556407846,19968.69385608486,20283.86088466124,20654.794685560366,21042.569823016227,21358.193126700866,21637.741811967742,earthquake_m6_5
Aguas Buenas,Central Mountains,2030,18992.20839786974,19190.61727979925,19632.27763409032,20092.7814912522,20495.38179505057,20910.157321983395,21195.489867459575,earthquake_m6_5
Aibonito,Central Mountains,2025,23565.150357405735,23765.00280570153,23964.373626156575,24220.722730907168,24493.028981363124,24645.288810818703,24894.964029943258,earthquake_m6_5
Aibonito,Central Mountains,2026,22249.197045819295,22495.21927377993,23004.412398645945,23592.619243990564,24070.631402595078,24553.957917892196,24792.55390396507,earthquake_m6_5
Aibonito,Central Mountains,2027,21015.582655633527,21232.05254725327,22142.556714998973,22924.224907259653,23647.653105505597,24256.797681710606,24621.972796558966,earthquake_m6_5
Aibonito,Central Mountains,2028,19671.281194455638,20044.461325787168,21143.839397549444,22240.150646902857,23264.974471690228,24116.303375940017,24625.0450050583,earthquake_m6_5
Aibonito,Central Mountains,2029,18380.10835454463,18903.796125551347,20123.616667531875,21575.825162692458,22833.375011467364,23983.81101192796,24897.46806619182,earthquake_m6_5
Aibonito,Central Mountains,2030,17165.681043010987,17856.945431517153,19124.102966704188,21116.07350584303,22478.002281280787,23967.82797639088,25029.173052942766,earthquake_m6_5
Arecibo,North,2025,83431.34602526145,83710.10932711989,84300.69332371948,84987.77694184791,85637.48016979947,86302.42810180798,86559.54904704043,earthquake_m6_5
Arecibo,North,2026,79473.1693159217,80260.32823210029,81366.83717598794,82873.20030753338,84089.64283281693,85134.90955907306,85906.93327597888,earthquake_m6_5
Arecibo,North,2027,75646.81747714692,76233.2435832321,78376.25173837072,80593.27204894111,82318.90167113961,84044.88309541447,85358.05834674073,earthquake_m6_5
Arecibo,North,2028,71861.71472052854,73438.03494467415,75523.20366823755,78300.63817859603,80703.76162377525,83247.98033109841,85113.14264908705,earthquake_m6_5
Arecibo,North,2029,68279.4362339364,69976.08318022314,72796.02491124236,76375.5280636216,79295.0247919455,82320.01704835257,84401.08864940636,earthquake_m6_5
Arecibo,North,2030,65255.89355237271,66674.77153815048,70553.58994641367,74110.24786208579,77827.71661593895,81221.27756088077,84232.5575445957,earthquake_m6_5
Arroyo,South,2025,14789.08221346261,14877.922809577727,14966.305302298188,15069.062062359468,15160.308460456155,15259.23803369746,15348.089764945973,earthquake_m6_5
Arroyo,South,2026,13994.490419843565,14174.963708443223,14438.045377821803,14613.23800715747,14803.1671103132,15005.746258978195,15167.957605184622,earthquake_m6_5
Arroyo,South,2027,13107.889317485618,13437.091218943717,13828.220894401811,14133.435801790696,14381.319328538082,14769.95806382154,14945.03220270701,earthquake_m6_5
Arroyo,South,2028,12322.039113230137,12695.854964085209,13168.328071037697,13616.412367858698,13998.938694691133,14447.483800433574,14714.382635590686,earthquake_m6_5
Arroyo,South,2029,11729.163793881184,12065.239608937838,12653.726241940014,13176.850400312149,13722.239243174881,14172.746192139713,14538.852877930609,earthquake_m6_5
Arroyo,South,2030,11156.938789611953,11513.506718825314,12104.293317860476,12783.54104402232,13417.775890615638,13894.378380614426,14453.837417116667,earthquake_m6_5
Añasco,West,2025,24470.445106451116,24505.317822025485,24573.508282062765,24664.19352043466,24735.68241620994,24810.795229058323,24840.655226798124,earthquake_m6_5
Añasco,West,2026,23614.721403347445,23707.72739179569,23820.510459769044,23994.35318477263,24153.17012971908,24286.96209193502,24340.43697182784,earthquake_m6_5
Añasco,West,2027,22701.145638151414,22787.469313864727,22994.192726346937,23254.555309952335,23486.15288485066,23705.702279994042,23867.462713229663,earthquake_m6_5
Añasco,West,2028,21807.6805918107,21926.11190420641,22194.281705636542,22505.350527070143,22830.47263066713,23193.641368112185,23352.155017299112,earthquake_m6_5
Añasco,West,2029,20972.53574730054,21107.902380592826,21460.675464367087,21825.994999707724,22246.240321301957,22668.629451561126,22974.90149398733,earthquake_m6_5
Añasco,West,2030,20117.43214293244,20329.17352245111,20735.873471648636,21167.81907772646,21705.504229096492,22201.901604740884,22489.004840813584,earthquake_m6_5
Barceloneta,North,2025,21789.083154618715,21881.516489979276,21991.353407088107,22098.915710341404,22217.35851635031,22355.57813778088,22412.859331739157,earthquake_m6_5
Barceloneta,North,2026,20942.129780967553,21108.618157804693,21280.943610306,21528.17544492391,21777.509044689,21982.730333538035,22192.023316002593,earthquake_m6_5
Barceloneta,North,2027,19955.372822022644,20216.455238894563,20520.311053588546,20919.696714282072,21340.49943922204,21640.223937406103,21908.487384136726,earthquake_m6_5
Barceloneta,North,2028,19082.868889694044,19375.184684498123,19822.5148977442,20327.606406229665,20778.247742435473,21309.204101230054,21500.789273844683,earthquake_m6_5
Barceloneta,North,2029,18239.24215862209,18600.71738060456,19179.317943880043,19729.938499388765,20377.853540164782,20986.820364849482,21249.303168584374,earthquake_m6_5
Barceloneta,North,2030,17533.068458483496,17908.902198235053,18517.666957789876,19124.11814036811,19887.338486249806,20628.278432680872,21068.77899572722,earthquake_m6_5
Barranquitas,Central Mountains,2025,28176.511359225755,28237.17501030902,28394.631759329655,28518.90337960369,28663.687794248694,28817.27076618669,28854.731504022988,earthquake_m6_5
Barranquitas,Central Mountains,2026,26927.10241337138,27154.176215377487,27431.448400164816,27813.675079691508,28051.581983565124,28350.223657635386,28450.61075463099,earthquake_m6_5
Barranquitas,Central Mountains,2027,25635.127844779,25891.11246153617,26524.57541035157,27043.56615342691,27376.851481725993,27843.698659588033,28031.414969949023,earthquake_m6_5
Barranquitas,Central Mountains,2028,24447.578666711866,24712.746008753977,25565.60731381797,26255.549880568633,26774.186543861415,27230.192935971132,27534.209276889706,earthquake_m6_5
Barranquitas,Central Mountains,2029,23226.01205527602,23803.80230262874,24630.704737422093,25495.325497962825,26228.843471804714,26764.16444254146,27203.355547243897,earthquake_m6_5
Barranquitas,Central Mountains,2030,22334.737263596282,22801.960273209403,23785.150638404004,24792.351553511937,25634.51226822999,26483.730678157648,26856.871995099173,earthquake_m6_5
Bayamón,Metro,2025,175164.083381076,175900.88499138053,177699.8229664888,179279.49523872585,180884.16031315978,182274.79857660548,182780.4263553279,earthquake_m6_5
Bayamón,Metro,2026,165215.77482315485,168184.8624142358,170765.18770535383,174238.72204665313,177455.6241382388,181259.88433603628,182847.77797713908,earthquake_m6_5
Bayamón,Metro,2027,156985.48295142173,159536.74585656758,163786.1115566016,169199.48032773947,174029.03318183776,179726.43227557212,181841.55143580734,earthquake_m6_5
Bayamón,Metro,2028,147907.6927114186,151829.7531699275,156322.78910437526,163007.46600210282,171290.4116038162,178081.8042682937,182341.40403336438,earthquake_m6_5
Bayamón,Metro,2029,140024.10317187407,143808.17839206653,150496.3946282716,157984.87255158473,168567.23851159815,176877.09774841616,181537.0223866463,earthquake_m6_5
Bayamón,Metro,2030,133180.55176670756,135882.75879780305,144432.36553592747,154365.82097724767,164471.91032518438,174005.11879423718,180839.41818169306,earthquake_m6_5
Cabo Rojo,West,2025,45705.1888577428,45801.6090988891,45914.20247732907,46034.86389361226,46178.58912430116,46322.22771007562,46420.07497941957,earthquake_m6_5
Cabo Rojo,West,2026,44123.12747276813,44266.50853495101,44504.89741788645,44782.13892382415,45054.29800155792,45427.029591106,45520.96278005554,earthquake_m6_5
Cabo Rojo,West,2027,42466.03918214011,42574.8924560539,42972.934970438306,43441.47603355016,43803.71856406433,44234.16866793139,44547.60513683265,earthquake_m6_5
Cabo Rojo,West,2028,40795.22636794764,41032.35073367535,41504.60405767486,41999.45672970399,42523.35112321847,43154.76150591226,43587.89074768344,earthquake_m6_5
Cabo Rojo,West,2029,39308.9335406289,39561.88163379066,40188.493418751226,40755.001545724284,41433.05469466901,42141.30685532839,42520.06287529808,earthquake_m6_5
Cabo Rojo,West,2030,37938.34144523452,38229.49618393557,38838.02850864925,39539.60485886503,40358.00515275267,41078.89586487748,41594.59513901359,earthquake_m6_5
Caguas,East,2025,122030.93440920163,122281.72178099104,122847.67864882699,123343.52740339714,123821.7238803867,124264.19520016764,124549.3149350224,earthquake_m6_5
Caguas,East,2026,117624.66147216725,118312.91920363344,119083.99205869347,120097.77246097068,121099.8179632107,121961.59392926007,122665.25981817937,earthquake_m6_5
Caguas,East,2027,113421.86943405005,113801.10173561545,115246.7270944267,116572.44609317667,118153.47983841733,119244.17906288434,120171.455073436,earthquake_m6_5
Caguas,East,2028,108948.45818865928,109609.91970897274,111497.2241363003,112997.27542693916,115132.06411508778,116772.68399847383,118185.73222171457,earthquake_m6_5
Caguas,East,2029,104765.43810816428,105862.78729954077,107884.6936486997,109979.65263567232,111908.29154707443,114376.2682097769,116555.33054500028,earthquake_m6_5
Caguas,East,2030,101105.09466594108,102245.23015934331,104552.74599855108,106810.34016106171,109183.28084681039,112226.22274801663,115089.89626409956,earthquake_m6_5
Camuy,North,2025,31350.663357976126,31592.027184979404,31830.458163606145,32151.959298340727,32465.471432244736,32627.142011744752,32778.655583957654,earthquake_m6_5
Camuy,North,2026,29817.30365154563,30212.45313872595,30611.870203472674,31290.82659715957,31892.02892490175,32303.22433432024,32484.60382088821,earthquake_m6_5
Camuy,North,2027,28193.646071084364,28980.65623560896,29482.807364572673,30390.421616865715,31212.048813677047,31855.6325850372,32259.66867519159,earthquake_m6_5
Camuy,North,2028,26999.963373866594,27434.170568495207,28434.33581920757,29388.04905035156,30584.371122070483,31396.622113732134,31939.797682145145,earthquake_m6_5
Camuy,North,2029,25557.610520341426,26268.098367194027,27424.461872531807,28681.702240631636,30007.116440867772,31011.81491005275,31721.288336170073,earthquake_m6_5
Camuy,North,2030,24279.824559900295,25184.29009849631,26464.35985116503,27839.00848997975,29392.427243554954,30813.272689028323,31569.66196599862,earthquake_m6_5
Canóvanas,East,2025,40463.874155979654,40570.39628129078,40808.17930386512,41037.93935427813,41299.87044895912,41490.15130078743,41618.30706731941,earthquake_m6_5
Canóvanas,East,2026,38823.218743846,38996.81261724142,39401.823201059655,40044.241501243465,40464.38964526386,40763.94212066999,41209.34714744592,earthquake_m6_5
Canóvanas,East,2027,37045.29758359652,37462.95101239021,38097.49600826706,38883.8922686391,39469.89646979605,40077.14878232479,40506.75662102128,earthquake_m6_5
Canóvanas,East,2028,35481.17429858117,35841.93532504405,36733.28719217345,37726.75903800997,38572.417297012085,39490.24177220962,39969.57009266159,earthquake_m6_5
Canóvanas,East,2029,33937.46162228629,34257.86180026293,35465.65015572754,36721.55211954676,37663.17160502554,38889.95090595281,39443.23406685225,earthquake_m6_5
Canóvanas,East,2030,32300.455407471803,32703.7280119797,34151.61581250842,35657.798464514606,37007.83832660304,38240.19924151704,38846.31382614259,earthquake_m6_5
Carolina,Metro,2025,146973.28067110866,147718.79118461662,148600.5413473617,149569.12137933492,150280.649846312,151304.81611967398,151804.1620144201,earthquake_m6_5
Carolina,Metro,2026,140553.15577206237,141385.88726320062,143150.80750555446,145428.599293671,147510.4731201823,148832.92749926526,150194.6306617936,earthquake_m6_5
Carolina,Metro,2027,133365.49317302593,134978.4484990273,137947.66078595593,141198.14915822604,144108.91554980635,146694.9095472071,148118.96197975037,earthquake_m6_5
Carolina,Metro,2028,126994.15736164356,129285.41458770275,133035.96067298664,137653.2671225813,140832.5920163713,143906.7129397573,145983.44415075352,earthquake_m6_5
Carolina,Metro,2029,121386.14852487725,123674.86663962642,127973.54335953796,133019.05227760662,137841.77086972608,141896.2103186179,145029.2401595689,earthquake_m6_5
Carolina,Metro,2030,115888.73808720936,118207.70943896912,123141.96607176925,129002.61837417216,134830.26293948045,139741.45016534824,142117.697745148,earthquake_m6_5
Cataño,Metro,2025,21926.45682374317,21951.038104173353,22010.10515813661,22060.519979920588,22113.546106188995,22200.53348753984,22233.92904509593,earthquake_m6_5
Cataño,Metro,2026,21198.677844461476,21262.56387950243,21371.30216934412,21476.53470627477,21598.869584739223,21759.20426534015,21846.78377629719,earthquake_m6_5
Cataño,Metro,2027,20389.68306458754,20507.716021980763,20680.30483260378,20860.492070954555,21047.00924427671,21275.66821204483,21354.50327755386,earthquake_m6_5
Cataño,Metro,2028,19586.247678568958,19733.91898326944,19994.73913138496,20262.819013655437,20516.859241857288,20776.754945747132,20943.010042443075,earthquake_m6_5
Cataño,Metro,2029,18789.50306158113,19041.30266816952,19359.645690235222,19732.567398931264,20012.132991244325,20352.860628100912,20481.22003144323,earthquake_m6_5
Cataño,Metro,2030,18079.715228930767,18345.140720941417,18735.117854918157,19154.375970982957,19515.381958071117,19899.471511338455,20039.164659930022,earthquake_m6_5
Cayey,Central Mountains,2025,39948.86828365295,40004.483571603465,40095.76897302785,40211.11517119473,40313.93216324447,40401.65009392707,40455.49192002089,earthquake_m6_5
Cayey,Central Mountains,2026,38542.09099025621,38623.89033922928,38914.89501523596,39145.48069304116,39386.341290593286,39628.99914255116,39737.620813506175,earthquake_m6_5
Cayey,Central Mountains,2027,37046.162233008115,37220.57964797814,37604.22327500612,37969.78357933411,38364.533015244,38751.08123205545,38908.92711594421,earthquake_m6_5
Cayey,Central Mountains,2028,35628.180840411944,35870.83162067936,36218.463943730785,36846.425168095244,37351.35991507039,37805.08296874284,38106.27443926514,earthquake_m6_5
Cayey,Central Mountains,2029,34280.723112317275,34605.99748293583,35029.2285419412,35801.23182363501,36403.01990025908,37035.10088899738,37348.105744325025,earthquake_m6_5
Cayey,Central Mountains,2030,33021.43365461834,33376.62891197914,33969.705046648014,34766.663922461594,35494.827159260094,36266.03497092123,36630.14374517152,earthquake_m6_5
Ceiba,East,2025,10665.877203104925,10702.15712992603,10743.609374456744,10809.045972030362,10891.274510342384,10933.05049597037,10970.391533374257,earthquake_m6_5
Ceiba,East,2026,10296.258227437283,10322.626942729159,10435.38294757911,10541.933060639607,10670.415256401231,10780.266122386047,10834.516760666344,earthquake_m6_5
Ceiba,East,2027,9811.020453736273,9920.002148583184,10085.372267107039,10272.826336784281,10448.607321165337,10611.105511045682,10697.523427837537,earthquake_m6_5
Ceiba,East,2028,9324.532404059992,9517.278786919273,9747.565606336997,9985.04431134537,10217.06154896643,10419.392712549947,10562.592416151496,earthquake_m6_5
Ceiba,East,2029,8908.45538178333,9161.522234433525,9420.126293421734,9698.817493135262,10000.883337359452,10245.7567987959,10438.459568802617,earthquake_m6_5
Ceiba,East,2030,8531.054396623187,8809.911727767252,9174.563297345268,9434.148452241061,9770.034040941022,10085.075189597197,10346.940469236066,earthquake_m6_5
Ciales,Central Mountains,2025,16179.066173464573,16262.593628630799,16368.69421395844,16503.881122121187,16646.08772475347,16786.415829944814,16842.886692809785,earthquake_m6_5
Ciales,Central Mountains,2026,15383.835476352273,15495.238000879219,15753.083654050488,16064.99950900557,16328.703004348617,16641.794472077512,16847.138324365696,earthquake_m6_5
Ciales,Central Mountains,2027,14652.75345301368,14838.400499345295,15135.415990402147,15595.538475787711,16067.03164887034,16417.388293972836,16726.912833899678,earthquake_m6_5
Ciales,Central Mountains,2028,13817.324896412938,14183.639713369797,14559.73738507329,15107.652155242278,15737.627169801508,16165.886957750901,16581.647047546197,earthquake_m6_5
Ciales,Central Mountains,2029,13074.192515203911,13592.744289746766,14046.949114646275,14667.35687843418,15415.11377954629,16038.996856390886,16567.865950178504,earthquake_m6_5
Ciales,Central Mountains,2030,12515.076444370976,12958.64329703611,13537.014277106784,14259.85312238654,15152.352368969026,15937.439801605484,16334.014188008561,earthquake_m6_5
Cidra,Central Mountains,2025,38564.50628247969,38614.32289578547,38747.66003045315,38950.94426824925,39181.23241893125,39330.83474328954,39431.09539747708,earthquake_m6_5
Cidra,Central Mountains,2026,37149.407760762435,37234.46500241069,37563.20740021001,37985.29404539435,38365.33441592405,38748.59326526679,38953.90285312819,earthquake_m6_5
Cidra,Central Mountains,2027,35536.16762787824,35781.51911529396,36175.86064791552,36949.84196529105,37504.84235300447,38079.834106906404,38354.562353048575,earthquake_m6_5
Cidra,Central Mountains,2028,33858.11157850717,34254.688636073064,34922.584023570314,35820.10347736676,36611.13603883546,37367.41528179668,37816.553925681714,earthquake_m6_5
Cidra,Central Mountains,2029,32370.2840438604,32932.66854884798,33720.52063823938,34818.38552697263,35905.02706318916,36646.136450688326,37395.518257818745,earthquake_m6_5
Cidra,Central Mountains,2030,30895.622041291594,31706.811969804414,32476.42435961769,33738.6555266895,35110.41764197125,36103.681358809365,36919.26705128885,earthquake_m6_5
Coamo,South,2025,32644.355981675584,32845.438697842816,33080.480338228575,33382.19084205433,33685.15659174589,33925.776799770996,34078.894775105284,earthquake_m6_5
Coamo,South,2026,30883.19024082255,31236.219113195657,31737.368295657365,32320.84021965952,33202.81607280469,33721.629997208736,33981.12177372488,earthquake_m6_5
Coamo,South,2027,29143.25694528545,29623.733062674113,30366.14514803073,31359.86083195767,32646.962147688828,33547.89361076476,33795.5011571108,earthquake_m6_5
Coamo,South,2028,27384.867235250207,28132.595154737995,29031.00877311187,30341.68425320682,31875.83390715334,33104.83613197125,33470.92215250249,earthquake_m6_5
Coamo,South,2029,25782.909900404225,26771.11202941452,27821.003947525867,29413.05707511144,31278.148935475525,32773.12920360507,33625.047256198675,earthquake_m6_5
Coamo,South,2030,24560.171418128764,25340.14056689755,26857.04427421388,28679.81570689761,30720.203502419325,32654.82487592274,33549.724570965634,earthquake_m6_5
Comerío,Central Mountains,2025,18251.601889889294,18284.260977094997,18333.16239056814,18379.130212418437,18438.392302737677,18475.741740063684,18493.921402176395,earthquake_m6_5
Comerío,Central Mountains,2026,17603.0127955358,17669.359594011326,17785.488952757918,17904.71329408527,18012.794452659204,18079.883042732195,18131.20602577752,earthquake_m6_5
Comerío,Central Mountains,2027,16924.09779983612,17028.85400774025,17207.67732076692,17376.706488001415,17529.30266356696,17684.09903779832,17750.31857506009,earthquake_m6_5
Comerío,Central Mountains,2028,16302.410700544375,16403.453819820097,16639.96316311412,16878.1123294134,17051.82266677516,17262.82660593188,17340.866012690887,earthquake_m6_5
Comerío,Central Mountains,2029,15709.79483092096,15824.954138646533,16098.452926737824,16408.944782280218,16617.253985452466,16889.888429573464,17000.589910284376,earthquake_m6_5
Comerío,Central Mountains,2030,15159.587713710454,15291.999447829854,15624.385973081799,15970.623658950186,16222.37847783255,16563.79900129648,16739.685170919805,earthquake_m6_5
Corozal,Central Mountains,2025,33315.3439516347,33471.75016763737,33648.50902624084,33862.207627965035,34082.45722173894,34299.508779160366,34418.91902967445,earthquake_m6_5
Corozal,Central Mountains,2026,31896.97172916596,32178.524251532235,32583.242046291387,33013.968190715685,33473.217932827254,33835.18448820617,34138.30718791109,earthquake_m6_5
Corozal,Central Mountains,2027,30427.671583405147,30851.935104040294,31326.213405237442,32096.752620375984,32764.48061276337,33438.230765174514,33953.761343364444,earthquake_m6_5
Corozal,Central Mountains,2028,28886.768601452877,29292.71928388474,30227.622777274082,31150.37956872881,32092.567083133123,33003.934896480496,33429.13550401717,earthquake_m6_5
Corozal,Central Mountains,2029,27383.617917812793,27950.588514395484,29146.651818022165,30303.903516618768,31455.999551564946,32487.27770289143,32922.33252249348,earthquake_m6_5
Corozal,Central Mountains,2030,26052.058238014153,26629.3786242241,28138.456063219564,29555.217551690323,30908.286887219554,31863.48673061687,32826.58294789281,earthquake_m6_5
Culebra,East,2025,1290.809733752322,1308.553529600647,1338.021682012994,1368.6847729183037,1396.2557453122088,1418.4413047066373,1433.2607796623067,earthquake_m6_5
Culebra,East,2026,1188.123085272446,1224.2525891897596,1283.7452517324805,1335.71663326356,1392.6834283630612,1437.4503048535223,1479.0585886508443,earthquake_m6_5
Culebra,East,2027,1083.3172701715107,1125.4694050725843,1224.0609591346465,1300.438781604099,1407.431110107093,1476.3041917847156,1531.0730808977366,earthquake_m6_5
Culebra,East,2028,969.2572719384389,1040.3266833522491,1150.8901061195138,1274.718658531483,1404.5708870617937,1501.6924421873168,1645.5330613774927,earthquake_m6_5
Culebra,East,2029,910.5919969276167,981.7248302118088,1088.3343799413963,1251.8617928552744,1419.651272229165,1570.6007647191373,1697.5862414346032,earthquake_m6_5
Culebra,East,2030,821.0950821579703,918.8022450628572,1026.0506097921946,1227.5936313928482,1426.326783612993,1592.2975590892186,1744.153386777287,earthquake_m6_5
Dorado,North,2025,34910.88301145414,34988.13520286642,35089.10357854946,35199.906256643284,35319.76218800504,35435.0076321814,35513.380681760624,earthquake_m6_5
Dorado,North,2026,33688.75797958493,33870.49421126411,34115.10504294198,34327.942453020994,34572.9875864389,34773.53419949552,34873.83635226838,earthquake_m6_5
Dorado,North,2027,32502.10292424091,32679.366319303826,33067.946021537915,33417.1145322001,33760.76774523108,34084.434817118345,34199.96478825102,earthquake_m6_5
Dorado,North,2028,31165.8449896033,31470.907431340438,31965.205145439526,32439.69664882087,32986.188759380464,33340.922762392336,33628.54111243469,earthquake_m6_5
Dorado,North,2029,29777.328528732618,30384.307376308814,30915.504703222283,31552.737262518436,32234.847928030253,32756.009665677724,33016.02051611001,earthquake_m6_5
Dorado,North,2030,28858.67551228868,29333.951181606004,30006.13513323003,30798.027673777277,31476.243098584142,32087.757304466373,32473.69605629031,earthquake_m6_5
Fajardo,East,2025,30299.27972471351,30461.536364231608,30743.94490899572,31033.244595050328,31318.52884788214,31597.919055992388,31787.415014916623,earthquake_m6_5
Fajardo,East,2026,28699.82047628957,29181.461855651265,29643.4960498258,30350.527593000683,30844.981897461592,31438.439331223537,31683.370471415008,earthquake_m6_5
Fajardo,East,2027,27395.653420189617,27655.194505361433,28410.688910172386,29385.263497052252,30347.644979029395,31085.296009739435,31621.741045133596,earthquake_m6_5
Fajardo,East,2028,25648.15759206946,26192.26963987967,26954.806478479564,28516.108450099957,29995.787573033424,30720.15595609377,31429.023489641273,earthquake_m6_5
Fajardo,East,2029,24192.28398057348,24695.537631823863,25818.612315056394,27632.393817668293,29326.7480803493,30760.246791644524,31734.60556059078,earthquake_m6_5
Fajardo,East,2030,22747.0098567532,23491.207304843552,24631.035940678492,26894.744450329745,28829.96736022889,30377.68444823994,31807.309454223367,earthquake_m6_5
Florida,North,2025,11206.618265149264,11233.06896243295,11274.484751167458,11322.692794903982,11374.353264384466,11417.516116432986,11431.862672222507,earthquake_m6_5
Florida,North,2026,10798.119589205342,10863.387104359517,10940.270547342308,11040.80427898419,11122.25575597144,11197.166959420536,11247.248175650499,earthquake_m6_5
Florida,North,2027,10367.131995693018,10418.930124705117,10563.278348245321,10718.675656616364,10863.801245307302,10971.84606555225,11054.557989742249,earthquake_m6_5
Florida,North,2028,9885.919607950025,10027.744187710447,10177.48256258671,10391.736666832327,10594.007881030328,10747.590134561147,10903.419849532514,earthquake_m6_5
Florida,North,2029,9446.088066789991,9648.570511190412,9823.975850672183,10082.647472059642,10352.988516073747,10555.86308553588,10728.917664890008,earthquake_m6_5
Florida,North,2030,9121.880314058482,9294.611958655356,9508.558945388542,9810.30705339802,10151.72894766626,10346.752187535254,10496.957765336207,earthquake_m6_5
Guayama,South,2025,34052.93054391586,34160.52679712755,34433.711056922395,34684.05677829596,34867.92496934187,35096.044654805366,35203.65123050514,earthquake_m6_5
Guayama,South,2026,32619.18586799858,32764.019904819284,33165.78682245139,33652.38504153189,34112.0462303403,34553.57942240689,34778.15956116534,earthquake_m6_5
Guayama,South,2027,30918.066428274302,31302.347802644592,31908.506221701125,32486.9571606948,33450.47211657637,33912.48349548033,34133.136462939234,earthquake_m6_5
Guayama,South,2028,29171.703090706636,29810.026633083216,30614.06510512013,31512.768928791742,32665.95493474151,33316.62152712924,33813.745121051106,earthquake_m6_5
Guayama,South,2029,27795.659275744994,28362.637341436955,29535.983161510667,30520.95724688914,31730.97863412512,32753.645209204115,33491.76749861901,earthquake_m6_5
Guayama,South,2030,26461.373447105507,27201.91550812491,28361.56892008578,29738.30679498121,30877.19120657738,32478.571427350584,33252.10479836889,earthquake_m6_5
Guayanilla,South,2025,16705.850112813845,16740.212603763655,16792.078147291366,16848.4368426052,16889.73329209217,16952.084551698186,16972.527789929612,earthquake_m6_5
Guayanilla,South,2026,16079.959652520112,16152.127280673523,16244.519178859658,16361.72055341568,16473.433512451236,16574.196964068742,16632.795759011995,earthquake_m6_5
Guayanilla,South,2027,15465.951806690613,15510.521152299898,15656.516299372255,15848.938087507784,16031.769804976331,16164.27606918361,16311.001245536323,earthquake_m6_5
Guayanilla,South,2028,14756.653360710032,14893.122718721697,15112.51400142055,15324.647377943445,15574.582058997981,15796.292027730142,15949.110085747949,earthquake_m6_5
Guayanilla,South,2029,14118.455474919812,14350.610755325493,14614.279820805648,14857.613594217417,15158.548170090504,15505.760382399209,15651.609059460134,earthquake_m6_5
Guayanilla,South,2030,13583.586860047728,13843.216416944444,14123.041717187027,14407.169737259432,14786.788793055475,15141.747868721186,15442.542571390008,earthquake_m6_5
Guaynabo,Metro,2025,86122.0507894987,86487.5188865013,87160.35256141613,87803.18443879008,88489.17332465615,89046.27579663077,89466.27933122583,earthquake_m6_5
Guaynabo,Metro,2026,82415.16193523449,83092.38752126283,84246.92333295816,85397.52858097898,86880.5752157868,88058.69212607831,88778.16508329897,earthquake_m6_5
Guaynabo,Metro,2027,78614.03995564923,79657.24119160636,81211.84763588756,83067.72922715388,85190.09362691683,86947.76555082378,87889.77859372768,earthquake_m6_5
Guaynabo,Metro,2028,74575.31623149899,75918.61775789733,78282.76300404266,80714.8751919014,83560.03346654234,85456.65594191325,87520.65480609663,earthquake_m6_5
Guaynabo,Metro,2029,70861.26827502732,72623.14522306624,75760.9284416622,78395.47681608389,82169.77895826257,85051.89049777474,86564.73801875064,earthquake_m6_5
Guaynabo,Metro,2030,67466.55534114332,69320.52310630745,73019.60659726354,76437.81623027739,80284.01231179069,83586.68736838551,86978.33924341093,earthquake_m6_5
Gurabo,East,2025,38148.19221516,38319.95145330648,38867.93385153781,39335.380787341426,39944.92047494095,40358.186998435645,40689.086299802635,earthquake_m6_5
Gurabo,East,2026,36033.53387251027,36453.14783018848,37266.28286745941,38219.09729971911,39449.55942140921,40156.66706024849,40618.82249980423,earthquake_m6_5
Gurabo,East,2027,33407.96664167071,33951.089155894915,35329.086281488264,37081.42244015736,38771.08508502812,39951.66216424058,40846.689785265946,earthquake_m6_5
Gurabo,East,2028,30884.395800508635,31938.035776167133,33783.00122118594,36048.088214938325,37819.69757427107,40162.63944954349,40815.601229810825,earthquake_m6_5
Gurabo,East,2029,28957.443495307,29665.13314596231,32141.94438507921,35124.90624005998,37521.299306006025,39980.556793185664,41400.11976395091,earthquake_m6_5
Gurabo,East,2030,26712.734425582777,27779.694453371536,30970.448297362724,33946.402627252886,36744.172068677704,40272.09646935049,41406.91863202562,earthquake_m6_5
Guánica,West,2025,12407.138482434168,12449.595394168788,12534.96028766461,12617.650144394916,12722.808175160375,12806.659849207912,12836.935692349158,earthquake_m6_5
Guánica,West,2026,11829.588833764397,11912.807118478711,12047.272505967696,12269.479164767363,12434.52278441772,12572.306696047288,12681.372883133545,earthquake_m6_5
Guánica,West,2027,11143.983395315723,11327.90757823878,11578.356080808539,11836.188165872412,12150.7814679308,12399.890367064932,12558.93580960918,earthquake_m6_5
Guánica,West,2028,10476.624756775791,10714.126818888879,11090.774378038574,11455.293047856958,11851.029591778399,12199.809576823936,12542.27820820082,earthquake_m6_5
Guánica,West,2029,9872.818032680689,10177.221563222914,10644.26947153313,11107.839293221215,11603.958817895074,12083.274616419343,12324.863430470985,earthquake_m6_5
Guánica,West,2030,9360.632487001032,9721.340194832825,10277.560773789428,10810.336248367836,11393.37851088018,11970.88862041081,12316.455384524448,earthquake_m6_5
Hatillo,North,2025,37163.407405259866,37214.74682459124,37356.17574484524,37475.83233309611,37606.137767590364,37717.168613361384,37765.0762957821,earthquake_m6_5
Hatillo,North,2026,35843.89932844532,36046.04991336808,36249.45543210574,36541.78977692728,36813.996434430956,37012.84545416977,37113.2008511231,earthquake_m6_5
Hatillo,North,2027,34538.43227910446,34717.63705754728,35157.3426689522,35521.42969436546,35902.66267209091,36226.538754244044,36510.130673418214,earthquake_m6_5
Hatillo,North,2028,33114.63386970255,33447.25684194524,34035.33225201905,34540.355845521604,34996.999372981874,35440.85058916808,35768.7492414086,earthquake_m6_5
Hatillo,North,2029,31824.14360677285,32264.23955960525,32897.42526959625,33627.34303903204,34123.56951114514,34714.31030665389,35202.16718726503,earthquake_m6_5
Hatillo,North,2030,30474.029971251715,31193.0161573533,31873.20897714723,32802.912517288896,33347.62443612179,34206.934817030975,34621.6414319392,earthquake_m6_5
Hormigueros,West,2025,15079.134909482837,15098.173892553315,15126.959651659996,15170.82767311221,15209.661501389295,15247.11240013484,15269.90910595309,earthquake_m6_5
Hormigueros,West,2026,14563.93466811265,14592.92412193936,14662.743480290977,14756.583156404316,14846.523823422234,14930.500519001484,14982.006743389215,earthquake_m6_5
Hormigueros,West,2027,13992.933951837835,14053.792783385872,14179.414968188219,14307.156230816672,14450.044131668768,14563.52309088019,14629.306814632107,earthquake_m6_5
Hormigueros,West,2028,13449.819352765116,13547.972217283817,13713.836101810593,13855.047406003347,14056.128152564346,14228.436554509275,14300.988668603311,earthquake_m6_5
Hormigueros,West,2029,12919.62667365743,13045.492353721193,13252.840759743649,13457.041605086995,13705.64157248993,13887.452085372568,13982.13402681083,earthquake_m6_5
Hormigueros,West,2030,12459.533958488611,12605.116289384508,12827.998915968732,13064.90281021544,13328.530622308297,13567.933699656027,13679.37493639153,earthquake_m6_5
Humacao,East,2025,48856.68122627468,48926.45740555214,49079.24906160592,49247.88694350172,49380.206421631214,49484.793038175856,49595.94042605172,earthquake_m6_5
Humacao,East,2026,47260.97559497838,47423.59070042105,47661.231295057296,47982.22988323358,48257.45338981983,48509.359462113745,48639.59359599967,earthquake_m6_5
Humacao,East,2027,45555.63637621561,45775.32329776431,46186.26003105229,46620.56655801245,47117.19701179983,47372.96271453282,47702.41201521646,earthquake_m6_5
Humacao,East,2028,43916.76240472425,44164.55196609616,44677.54972874389,45234.4597546656,45850.01002215988,46361.61811836637,46718.3624349427,earthquake_m6_5
Humacao,East,2029,42408.426200865164,42695.39016296189,43292.89166979243,43978.37869500973,44759.1633918663,45266.85056833556,45865.29917604122,earthquake_m6_5
Humacao,East,2030,40826.021218208254,41306.094788360155,42015.763313014075,42809.18923647898,43687.86100068338,44409.43320427733,45028.941158078844,earthquake_m6_5
Isabela,West,2025,41385.3180191484,41564.77707237405,41837.943036614575,42136.34168495712,42461.96968348014,42788.390220848254,42943.00892213418,earthquake_m6_5
Isabela,West,2026,39570.286691959336,39831.59290532762,40354.29476789934,40958.0499348724,41653.405839172134,42248.67911399413,42602.98054285363,earthquake_m6_5
Isabela,West,2027,37754.58462974923,38185.76739690675,38819.253766236056,39655.30258076892,40657.73781370045,41723.943342266204,42209.871451338775,earthquake_m6_5
Isabela,West,2028,35867.90056818641,36426.74850130111,37260.24179009497,38536.035442881715,39789.00150656512,41103.12193283125,41576.300851530774,earthquake_m6_5
Isabela,West,2029,34071.23780488434,34714.11239965034,35975.31459221376,37298.523889997465,38981.68355900109,40604.07480754079,41525.77190633604,earthquake_m6_5
Isabela,West,2030,32687.13066671941,33248.52420027103,34523.18008213848,36319.81772055928,37914.88954170076,40127.703990036505,41483.05929086967,earthquake_m6_5
Jayuya,Central Mountains,2025,14075.713003720835,14125.520135022844,14201.061026630934,14307.221547984624,14412.190736255327,14513.45160671296,14580.043698610987,earthquake_m6_5
Jayuya,Central Mountains,2026,13496.57216662892,13572.014713933553,13704.034485254208,13949.695638092322,14139.061119272323,14327.398697314366,14425.015627560064,earthquake_m6_5
Jayuya,Central Mountains,2027,12887.5096978782,12982.91843612566,13236.791154472558,13518.006688767133,13807.512908535258,14143.167411915576,14339.615079818199,earthquake_m6_5
Jayuya,Central Mountains,2028,12184.515008361119,12418.612816224306,12714.459321340595,13121.24794968787,13507.341882164219,13940.49548104054,14300.860502103946,earthquake_m6_5
Jayuya,Central Mountains,2029,11658.655681688051,11895.844435831372,12304.455231256374,12763.827351286125,13313.028053093636,13699.836963830236,14292.66793790198,earthquake_m6_5
Jayuya,Central Mountains,2030,11130.888320272987,11445.543450591036,11851.31256646808,12427.620113755047,13019.69012030906,13591.188891677753,14053.756085274106,earthquake_m6_5
Juana Díaz,South,2025,44818.09012543889,44924.56350536932,45099.106919815655,45349.74405970772,45613.02745384556,45837.37027793163,45920.62087365817,earthquake_m6_5
Juana Díaz,South,2026,42962.49850683427,43186.530887529145,43551.23040425048,44062.74450026494,44611.434457283794,45044.45688292858,45253.0343085801,earthquake_m6_5
Juana Díaz,South,2027,40893.24353273385,41223.42485531955,41894.459661925015,42651.464324836365,43383.27227186716,44311.83184179024,44533.925772645496,earthquake_m6_5
Juana Díaz,South,2028,38993.57881543432,39420.88135889231,40345.43519579449,41302.6334361928,42238.46596194804,43361.687287855486,43882.47361408754,earthquake_m6_5
Juana Díaz,South,2029,37127.94436907075,37624.656338538414,38874.16618792187,40051.808955054075,41065.55266600441,42525.97254161743,43156.78472789133,earthquake_m6_5
Juana Díaz,South,2030,35552.604961654484,36078.22831303508,37375.75449297786,38851.99009601435,40113.76867265692,41591.48874846562,42512.39658252568,earthquake_m6_5
Juncos,East,2025,35894.11618688595,35967.6385854086,36072.10112185223,36220.31757270392,36373.81257948839,36485.279948659794,36538.97241162314,earthquake_m6_5
Juncos,East,2026,34633.95935381466,34825.48579646788,35072.514505388,35284.7540580027,35608.97803993877,35814.76682517699,35953.41270321095,earthquake_m6_5
Juncos,East,2027,33223.76422542057,33469.02611753614,33837.14964854064,34300.71403800172,34770.75915094215,35131.53052261963,35346.93160828631,earthquake_m6_5
Juncos,East,2028,31946.089656539407,32196.86712058536,32592.543316085575,33329.8404953928,33875.962872157834,34428.3401493682,34648.801129369625,earthquake_m6_5
Juncos,East,2029,30666.487198882132,30918.712909352056,31496.648289481454,32358.166502944434,33021.388502716436,33754.862855914194,33945.03948072039,earthquake_m6_5
Juncos,East,2030,29536.538697949098,29899.99803976337,30598.776619356573,31531.919509857384,32274.0509545323,33048.25916530992,33454.26597680267,earthquake_m6_5
Lajas,West,2025,22213.189133995616,22335.170652133464,22503.147815118038,22669.39209314367,22817.7024802437,22923.573271533598,23063.27967883433,earthquake_m6_5
Lajas,West,2026,21267.476088144216,21422.03857781247,21717.20430855487,22088.434808048274,22385.225396549497,22647.23563284228,22870.387853334032,earthquake_m6_5
Lajas,West,2027,20364.513699217703,20513.492335511903,20870.90104590972,21472.693347235276,21926.609598566443,22364.241066895884,22640.795857056823,earthquake_m6_5
Lajas,West,2028,19281.357972273803,19624.105319094928,20131.85760133667,20784.017142067736,21405.585245628037,22117.952179500284,22422.463659667053,earthquake_m6_5
Lajas,West,2029,18404.897007961783,18787.56787901063,19278.522008570155,20118.452763094294,20906.685700260696,21717.666145492814,22336.36562219777,earthquake_m6_5
Lajas,West,2030,17605.09384543327,17900.658656241234,18575.25762374165,19542.103109195967,20425.737680232054,21417.79785573143,22033.69858488154,earthquake_m6_5
Lares,Central Mountains,2025,26397.219549715737,26560.27859520492,26945.31458170901,27368.133011834507,27853.790066312624,28326.10680910586,28478.215626333204,earthquake_m6_5
Lares,Central Mountains,2026,24296.013693791094,24710.086975531307,25608.435088707563,26735.30939995944,27545.610250273396,28468.491450738486,29080.30478723763,earthquake_m6_5
Lares,Central Mountains,2027,22411.593961161878,22991.362983680014,24175.782026931312,25842.535063648596,27198.31618325631,28350.29164427884,29576.236680873226,earthquake_m6_5
Lares,Central Mountains,2028,20606.93878236126,21415.337240322155,22878.71329757809,24899.372792064572,26617.804472273005,28273.06973101462,29568.22438479017,earthquake_m6_5
Lares,Central Mountains,2029,18623.124440851007,19691.606418830528,21970.4511172033,24284.158564521,26568.917896189043,28143.80336627833,29670.491344938997,earthquake_m6_5
Lares,Central Mountains,2030,17302.080072123863,18359.204200216605,21055.643597751616,23747.49870895753,26331.188137354846,28339.876982096343,30118.098955833404,earthquake_m6_5
Las Marías,West,2025,8344.549766734335,8388.589328368402,8474.999457517131,8571.121065575302,8676.995250205942,8776.99609649273,8821.409553732412,earthquake_m6_5
Las Marías,West,2026,7808.376660386881,7959.29606676468,8138.610079468737,8345.707058779402,8548.402914963797,8719.693925726222,8795.221365284098,earthquake_m6_5
Las Marías,West,2027,7345.199170978943,7454.834090768667,7796.075515680341,8119.735964420697,8411.892644428985,8640.02355511437,8762.143430899974,earthquake_m6_5
Las Marías,West,2028,6823.411025875951,7064.960053350596,7357.159275361491,7924.807562881491,8295.587158916984,8563.77014284047,8799.00548018561,earthquake_m6_5
Las Marías,West,2029,6387.741420448197,6618.192540648269,6996.39379417025,7658.721216967224,8118.997997120889,8560.329924904074,8823.77620265173,earthquake_m6_5
Las Marías,West,2030,6068.3500100331075,6170.865503329093,6680.540145177112,7356.092745066888,8076.4856710653585,8529.04332123911,8846.001795572278,earthquake_m6_5
Las Piedras,East,2025,33907.84659824233,33972.582433217045,34158.12424450906,34335.812187949836,34536.57893429402,34703.904858325324,34774.44101011549,earthquake_m6_5
Las Piedras,East,2026,32538.0018273396,32724.171354822553,33035.37347825523,33420.67634082677,33874.77496240417,34219.699335876845,34501.45912914399,earthquake_m6_5
Las Piedras,East,2027,31214.81290346682,31416.808882717673,31808.056200705803,32404.49710947024,33177.53988081821,33648.5611827713,34031.62620486845,earthquake_m6_5
Las Piedras,East,2028,29764.526985147742,30045.07355220084,30622.406845111487,31464.38287086875,32369.39332340024,33025.823275588446,33472.101085513714,earthquake_m6_5
Las Piedras,East,2029,28297.119206032727,28785.413651514194,29601.667260707105,30555.07631737276,31548.698029892672,32468.961915812775,33122.32696234704,earthquake_m6_5
Las Piedras,East,2030,27103.640802216887,27620.158502312952,28586.708469769186,29675.38821710982,30953.67050467648,32013.81098763899,32545.32933786623,earthquake_m6_5
Loíza,East,2025,22194.524284573625,22216.348970292256,22281.974051507466,22362.58681143115,22434.1064335268,22511.874701536744,22537.97658762192,earthquake_m6_5
Loíza,East,2026,21412.093819328238,21485.410441515487,21628.51147095394,21776.59569706851,21912.65955980849,22022.809273229464,22117.050491300804,earthquake_m6_5
Loíza,East,2027,20645.985663760774,20727.125071921364,20936.237423941595,21162.212777849898,21351.012745845517,21492.112202059372,21621.247795396583,earthquake_m6_5
Loíza,East,2028,19810.198672163293,19928.43972225977,20260.7950469342,20562.241610760888,20763.798297530957,20980.03247784917,21128.722196758186,earthquake_m6_5
Loíza,East,2029,19063.48789636157,19200.35573935266,19620.519171257332,19973.07723623317,20262.305974747702,20550.67709237511,20667.652737593893,earthquake_m6_5
Loíza,East,2030,18344.816101716387,18541.492442422277,18980.466638606697,19411.754442700105,19776.13125368091,20112.09116868091,20326.38554388498,earthquake_m6_5
Luquillo,East,2025,17088.284304527675,17126.01939940804,17184.804396828666,17230.239801101634,17280.340710647077,17328.050357329295,17353.96216677893,earthquake_m6_5
Luquillo,East,2026,16478.529641000314,16580.61685024449,16684.528800852917,16795.15757761452,16899.83074426576,16984.592927775648,17038.532277103943,earthquake_m6_5
Luquillo,East,2027,15919.803206798924,15996.851085586648,16157.55627044164,16326.892429777663,16472.59965416816,16622.90025058266,16728.961086004787,earthquake_m6_5
Luquillo,East,2028,15324.85046908361,15438.94913991033,15614.403962923721,15843.39083471357,16048.903168777444,16251.10016769639,16374.966185673682,earthquake_m6_5
Luquillo,East,2029,14774.133017678803,14859.489951451807,15095.652198519794,15413.138049785333,15644.565939820837,15894.041550231945,16063.972569934305,earthquake_m6_5
Luquillo,East,2030,14256.653248169625,14412.970470179445,14628.475606195196,14944.392710906435,15308.59765574829,15574.167710510632,15830.881697100991,earthquake_m6_5
Manatí,North,2025,37695.015619148704,37834.97847860505,37978.882954787055,38257.34701481955,38455.36539770688,38731.11237391872,38861.50518843764,earthquake_m6_5
Manatí,North,2026,36249.235830031714,36447.13327867866,36718.623860093445,37193.305504141674,37722.332513810594,38103.09622890187,38434.16455434097,earthquake_m6_5
Manatí,North,2027,34566.376841113546,34864.9379063831,35442.109495408426,36187.89295419252,36998.81449776521,37678.32632498926,38032.709412120304,earthquake_m6_5
Manatí,North,2028,33000.49419074808,33426.403540763975,34105.1658024438,35063.26311009684,36195.25452466553,37081.679550864246,37723.44750773335,earthquake_m6_5
Manatí,North,2029,31430.9898403338,31979.822039017123,32898.62397608869,34157.37324357128,35418.62095044556,36655.16345398616,37620.547297643316,earthquake_m6_5
Manatí,North,2030,30007.04718539624,30503.56223290062,31904.945518563818,33324.061383794695,34711.0435947997,36403.29188280198,37232.977207971286,earthquake_m6_5
Maricao,West,2025,4770.713596681651,4789.043469211772,4838.407500135392,4881.907367989805,4934.014076236492,4996.844128813088,5025.53566105575,earthquake_m6_5
Maricao,West,2026,4502.359077355363,4539.434380962317,4635.411609974611,4750.482398069769,4870.145525447612,4953.485581052476,4991.107344262108,earthquake_m6_5
Maricao,West,2027,4157.03636577146,4265.529685876555,4430.021063339162,4610.295315454332,4775.465153952745,4887.341892443216,4968.695699673345,earthquake_m6_5
Maricao,West,2028,3896.8027451111625,4025.250872737286,4237.944874521498,4469.13903413787,4678.569517510856,4871.8471288115825,4951.965977947616,earthquake_m6_5
Maricao,West,2029,3584.91862231977,3797.307837194219,4048.987061599939,4320.932450886619,4614.078594423512,4844.409428915055,4970.779095850338,earthquake_m6_5
Maricao,West,2030,3392.505221550319,3603.697611216454,3907.2072062283705,4164.998867562413,4531.794550736293,4866.258898444697,4977.444494516826,earthquake_m6_5
Maunabo,East,2025,10116.038995624707,10143.453073668998,10183.505401320353,10224.515308746373,10266.580859366406,10303.347172866577,10329.395426925652,earthquake_m6_5
Maunabo,East,2026,9728.487839956046,9799.024322107984,9891.254022978941,9968.613345285004,10051.215575377188,10130.92702463011,10165.961317738422,earthquake_m6_5
Maunabo,East,2027,9369.512444087251,9435.421342214442,9575.004342514245,9709.433204486844,9813.691950289352,9908.818420374824,10009.852967341982,earthquake_m6_5
Maunabo,East,2028,8999.525569391777,9078.0330157828,9264.40194776332,9417.13190382971,9585.802073952389,9720.546842957921,9808.84578183435,earthquake_m6_5
Maunabo,East,2029,8674.04187526758,8754.273107411505,8977.833112179644,9140.86605948509,9368.373000630363,9545.974025484042,9670.853196438566,earthquake_m6_5
Maunabo,East,2030,8325.735272901604,8469.71677301441,8670.095950519875,8876.381134072773,9147.712144303106,9384.248289055526,9547.760599290985,earthquake_m6_5
Mayagüez,West,2025,68820.54352543887,69013.31320475365,69235.83473207013,69562.61640111584,69874.11794532505,70093.52970406394,70273.53026721926,earthquake_m6_5
Mayagüez,West,2026,66389.76181385151,66489.94340487891,67009.26013271851,67623.35545249982,68340.31147804135,68914.10521981044,69318.36752251675,earthquake_m6_5
Mayagüez,West,2027,63381.40263500734,63698.29578484887,64515.3997146278,65560.68899114586,66698.6724041045,67410.2904146186,67879.16310577394,earthquake_m6_5
Mayagüez,West,2028,60299.75730114812,61117.747542157704,62045.13871779154,63541.19129423701,65109.947014775404,66051.90682291836,66933.69716612605,earthquake_m6_5
Mayagüez,West,2029,57669.29014738392,58505.720629578456,59640.49811125394,61675.926328176676,63367.568585894376,64666.93055703237,66227.17067722487,earthquake_m6_5
Mayagüez,West,2030,55189.18058060758,56267.916736279956,57466.71493724803,60078.87330734858,61777.60807299624,63784.459501014855,64814.4853394444,earthquake_m6_5
Moca,West,2025,36038.2270186571,36159.240066153194,36410.26923152735,36764.89184481699,37083.513617747616,37372.17028547818,37495.44715284428,earthquake_m6_5
Moca,West,2026,34224.39798826532,34503.964187526704,35004.7343488672,35722.922524423884,36468.31845604254,37029.85489656507,37282.740357282695,earthquake_m6_5
Moca,West,2027,32281.619701718333,32565.646693410123,33552.73791992455,34527.87912055802,35755.36359498734,36511.461212494614,36924.25938573694,earthquake_m6_5
Moca,West,2028,30508.714910736435,30849.74278799071,32106.93835753708,33343.23725806619,34757.24607771835,36261.32417143632,36542.51786880875,earthquake_m6_5
Moca,West,2029,28788.293307396005,29320.570275377388,30737.894253335588,32362.799212317128,33970.47594878379,35520.116807016995,36407.870280780895,earthquake_m6_5
Moca,West,2030,27086.190097105744,27997.183395366796,29479.4389042788,31393.664697496715,33399.06681939917,34970.7425838252,36746.763167911966,earthquake_m6_5
Morovis,Central Mountains,2025,27507.84162619742,27622.621094498045,27744.870880616374,27892.164740051783,28052.35175847417,28197.450506744437,28283.127637611004,earthquake_m6_5
Morovis,Central Mountains,2026,26357.965158000636,26664.974765718864,26860.13812950538,27197.46219098691,27437.153680200186,27776.073394140807,27888.764058312045,earthquake_m6_5
Morovis,Central Mountains,2027,25187.889813131686,25498.024004714734,25964.16038131217,26337.85403825943,26832.625859831758,27293.51261358804,27594.103070151625,earthquake_m6_5
Morovis,Central Mountains,2028,24054.785360262707,24307.837669123383,24956.602315704426,25603.119706851656,26210.286771655752,26806.454923998997,27231.678541068526,earthquake_m6_5
Morovis,Central Mountains,2029,22987.609374524745,23245.15354400773,24066.9227114165,24933.508292789702,25685.532844441666,26437.139341914044,26832.547400108724,earthquake_m6_5
Morovis,Central Mountains,2030,21922.421007112764,22338.965754622568,23238.80382109701,24253.324536991866,25077.194105130697,26034.186715220858,26807.93377261505,earthquake_m6_5
Naguabo,East,2025,22132.577588899458,22268.760513193585,22440.070977745454,22635.318809192067,22875.110824700903,23138.549806124014,23240.21486279241,earthquake_m6_5
Naguabo,East,2026,21009.79647824232,21214.554462848668,21652.95055316825,22076.30361488938,22569.43136043163,22938.65244364048,23076.066257432016,earthquake_m6_5
Naguabo,East,2027,19752.81034941991,19967.21893053592,20873.63190782333,21596.672482622555,22207.919282808514,22700.391684637863,23131.830173720373,earthquake_m6_5
Naguabo,East,2028,18568.558430654488,19114.099133817785,20041.96819287975,21105.690309550737,21905.703122597784,22679.334497326654,23243.45708020357,earthquake_m6_5
Naguabo,East,2029,17509.855787725795,18218.060204732217,19327.877502381165,20465.705033545088,21586.692808237698,22558.79858381842,23391.77662685256,earthquake_m6_5
Naguabo,East,2030,16667.68044232588,17341.113211589014,18738.158509176363,19925.311693059783,21282.173833687426,22449.434895499147,23039.454876901236,earthquake_m6_5
Naranjito,Central Mountains,2025,28273.67344102816,28341.43683933806,28527.301492153343,28770.287956619657,28922.18830971256,29126.2344706147,29228.60758031884,earthquake_m6_5
Naranjito,Central Mountains,2026,26983.090613317672,27135.043603650545,27596.340959425666,27988.618813065143,28247.11365597522,28677.167273512205,28845.50751875018,earthquake_m6_5
Naranjito,Central Mountains,2027,25516.088569138396,25841.91341397469,26469.33296460732,27102.422618693978,27583.486139672015,28229.034818078137,28486.475801891356,earthquake_m6_5
Naranjito,Central Mountains,2028,24211.710440223713,24706.952430311492,25379.382951488238,26238.998553838122,26995.086541096753,27761.747169061295,28136.95689324742,earthquake_m6_5
Naranjito,Central Mountains,2029,22848.761409188875,23502.165772167788,24439.54576699108,25457.94149774433,26410.802138914347,27169.728134480312,27505.98309024649,earthquake_m6_5
Naranjito,Central Mountains,2030,21709.718275970277,22327.89525920324,23531.431392815954,24693.540015809387,25721.505825079257,26738.807642286854,27462.586568385133,earthquake_m6_5
Orocovis,Central Mountains,2025,20547.11980968951,20643.67443242167,20778.622934179053,20922.070209120713,21063.89710330596,21188.67142294279,21243.31288791093,earthquake_m6_5
Orocovis,Central Mountains,2026,19649.85735349021,19790.631517854217,20068.663495889145,20335.982339877235,20603.271786866713,20900.443849032137,21033.152898735232,earthquake_m6_5
Orocovis,Central Mountains,2027,18716.417241138737,18910.32868376574,19287.736245835906,19711.98498939592,20191.138215913812,20473.068772415412,20766.179755893685,earthquake_m6_5
Orocovis,Central Mountains,2028,17684.638705995196,18080.6230921832,18545.401545399407,19122.140176015237,19662.131114105392,20077.69091779373,20247.245331819082,earthquake_m6_5
Orocovis,Central Mountains,2029,16728.511680183823,17335.874106902105,17794.71220427331,18555.143737839433,19177.485069222326,19735.789727223822,20018.07104401513,earthquake_m6_5
Orocovis,Central Mountains,2030,15988.37127578552,16565.817063750736,17127.375316693524,17994.047193164864,18676.091260106354,19460.9578762112,19735.01791112013,earthquake_m6_5
Patillas,South,2025,15184.359627189024,15209.267206367382,15246.791403330826,15286.59625231936,15322.164129339295,15364.926388260517,15389.414649376036,earthquake_m6_5
Patillas,South,2026,14664.811625870281,14703.934688772253,14780.789327310385,14864.9332021542,14928.406737298315,15009.485300535494,15058.537216224573,earthquake_m6_5
Patillas,South,2027,14099.83843685011,14150.203652439206,14282.337987079445,14398.151858326019,14510.34636331188,14617.21454125601,14683.556327029964,earthquake_m6_5
Patillas,South,2028,13515.63461896192,13631.11667648476,13778.72700906662,13926.443908882487,14127.29316169897,14247.590859201024,14367.655901543689,earthquake_m6_5
Patillas,South,2029,12981.985668645924,13122.423299703318,13277.907183885105,13463.296959379657,13752.550271486483,13897.051992360319,14052.606652757337,earthquake_m6_5
Patillas,South,2030,12534.608275575498,12674.365871030179,12834.570145333048,13085.58546237241,13363.363126590391,13542.293531452378,13743.004895264312,earthquake_m6_5
Peñuelas,South,2025,19130.39830364636,19217.283401280652,19329.61859103704,19492.490683364238,19634.4591518859,19814.22091215054,19892.247886940615,earthquake_m6_5
Peñuelas,South,2026,18228.116199136606,18338.722906156338,18574.837417504634,18976.026237800925,19269.493635362443,19564.827476919625,19766.370708894785,earthquake_m6_5
Peñuelas,South,2027,17190.750373847146,17403.71638453512,17767.881716414533,18312.639266015518,18810.609499147547,19293.285287046194,19499.164915494566,earthquake_m6_5
Peñuelas,South,2028,16225.800588280767,16513.523454163256,17042.1496242112,17649.494249432515,18397.623853500376,19013.888884277138,19315.3674630415,earthquake_m6_5
Peñuelas,South,2029,15360.305605381174,15706.855312808757,16217.223614118164,17113.643393005987,17940.037867947955,18866.507617716718,19242.985339635085,earthquake_m6_5
Peñuelas,South,2030,14545.52400497677,15030.36521718691,15582.324561702124,16584.1359706109,17499.613304373997,18499.343993393282,19163.9610211895,earthquake_m6_5
Ponce,South,2025,128426.54135325467,128940.26107829942,129638.94469523014,130451.07936581998,131283.46066636182,131957.70065053328,132370.44298025916,earthquake_m6_5
Ponce,South,2026,123070.44753696522,123860.9485854225,125223.80214115864,126737.65039372235,128245.27676397706,129556.50732284585,130571.31403319331,earthquake_m6_5
Ponce,South,2027,117151.24694576245,118169.76571457177,120522.10920182371,122808.09431500142,124906.18571377941,126820.60640500982,128402.45256715371,earthquake_m6_5
Ponce,South,2028,110939.1059584407,112821.38529734699,115661.4711487743,118985.57817158828,121559.11750645217,124486.74893227342,126604.24156152086,earthquake_m6_5
Ponce,South,2029,105401.53616152008,107896.11432234624,111492.5156282619,115167.21344969112,118447.86816030723,122262.9528397475,124518.53707663677,earthquake_m6_5
Ponce,South,2030,100644.4134828321,103222.04036498659,107274.82799195914,111384.45169893734,116267.41515513575,119926.3001150182,122094.96910802447,earthquake_m6_5
Quebradillas,North,2025,22747.529243299494,22795.030473995106,22883.064589963997,22977.00294678862,23078.66213911886,23170.165812319443,23272.356912177333,earthquake_m6_5
Quebradillas,North,2026,21932.2477791098,22015.052710293385,22191.20124641843,22365.96280961289,22561.218833045463,22767.369019475627,22925.947198199217,earthquake_m6_5
Quebradillas,North,2027,21061.458376979386,21189.052825372168,21457.08969569878,21697.07281804076,22038.284892695287,22293.65029400055,22459.79786409311,earthquake_m6_5
Quebradillas,North,2028,20149.88603916448,20350.4631279975,20709.616253648,21052.587667347478,21482.218252302428,21793.372104958744,22108.361155715444,earthquake_m6_5
Quebradillas,North,2029,19308.432927277292,19561.913059488583,20044.360020582717,20456.790063871587,20946.17879668192,21325.668446581833,21653.721424803953,earthquake_m6_5
Quebradillas,North,2030,18599.717538902813,18767.919645569724,19382.47091006994,19819.61860342227,20453.938984912293,20818.66685789083,21330.051843499026,earthquake_m6_5
Rincón,West,2025,14718.079543646878,14782.37438449093,14933.897511229974,15115.593130248993,15278.110084643431,15406.76920780497,15478.72741673996,earthquake_m6_5
Rincón,West,2026,13879.733148226185,14047.697088587927,14349.063946982773,14692.043797614107,15102.392421096743,15350.25155133765,15450.980075785292,earthquake_m6_5
Rincón,West,2027,12951.664711693807,13315.017074404914,13726.241645034834,14169.125726982753,14773.706834774388,15254.850629933671,15471.947126022951,earthquake_m6_5
Rincón,West,2028,12114.988711777953,12438.487645345269,13116.812838795755,13813.052550475637,14478.898884763483,15166.273519072902,15364.28072016109,earthquake_m6_5
Rincón,West,2029,11468.098553232334,11815.838288112052,12472.949841081858,13397.265952455222,14163.845399733103,14964.512299141037,15402.272180605232,earthquake_m6_5
Rincón,West,2030,10803.35522317774,11184.997837770328,12051.898408153778,12992.69305984005,13964.501933317579,14832.044865328615,15337.931280374189,earthquake_m6_5
Río Grande,East,2025,44846.68196939275,44939.50606198098,45055.045246896916,45269.07104105901,45416.05656995812,45573.523487395425,45684.31466761798,earthquake_m6_5
Río Grande,East,2026,43295.97334512385,43506.263657739226,43741.69112092703,44086.91757847255,44439.24034702846,44700.931648790625,44892.184669857605,earthquake_m6_5
Río Grande,East,2027,41563.3998655825,41892.434150560075,42237.99214406427,42807.66656675865,43358.47685282024,43724.16503160704,43972.6007801796,earthquake_m6_5
Río Grande,East,2028,40030.376307979925,40411.042672329066,40825.61650374672,41541.126896575224,42220.31505884352,42779.2435134165,43086.959359172004,earthquake_m6_5
Río Grande,East,2029,38458.52994635004,38907.13859953454,39489.381707589586,40277.88257874451,41221.76693627091,41926.403544801324,42176.86307093121,earthquake_m6_5
Río Grande,East,2030,37132.79933203585,37511.88846188351,38219.498404072845,39141.19408202589,40260.2119384017,41100.3041750125,41306.09340538641,earthquake_m6_5
Sabana Grande,West,2025,21700.822093653715,21767.379455182872,21864.269279364475,22020.858763154614,22144.53124068302,22263.45193844985,22358.639100568547,earthquake_m6_5
Sabana Grande,West,2026,20826.234499838127,20961.650522678236,21144.6780630593,21417.705870320573,21689.705099814637,21986.92301283589,22128.437819296665,earthquake_m6_5
Sabana Grande,West,2027,19952.49696412853,20115.488014827686,20473.605769577684,20750.98507529821,21176.638972552246,21647.521043306868,21818.876880340853,earthquake_m6_5
Sabana Grande,West,2028,18956.520520810303,19276.985762026427,19726.50210619869,20122.487145013,20709.380938650713,21383.22656794957,21629.200552425,earthquake_m6_5
Sabana Grande,West,2029,18175.80688998519,18428.800154351164,19097.88618526543,19495.373341855837,20271.6407640846,20987.370698051807,21441.38572335081,earthquake_m6_5
Sabana Grande,West,2030,17248.794087281618,17740.301200007918,18397.05887717475,18975.376231341186,19756.023965890694,20694.149519742223,21076.201475462123,earthquake_m6_5
Salinas,South,2025,24361.673248616677,24411.93964135731,24532.149914807203,24652.41632919725,24785.69819547166,24888.076429652177,24934.826827305573,earthquake_m6_5
Salinas,South,2026,23434.95044520128,23505.76742714654,23731.296976994297,23943.884538591203,24253.63233402174,24442.966110564546,24592.657499180965,earthquake_m6_5
Salinas,South,2027,22344.893386463493,22534.862696848242,22875.123911152532,23206.84667686464,23628.510002474937,23991.228442858563,24143.831102455035,earthquake_m6_5
Salinas,South,2028,21284.787795600758,21508.648020492394,21931.29646609733,22516.742987971473,23023.130945544515,23575.92250114701,23706.05109926306,earthquake_m6_5
Salinas,South,2029,20374.713590140185,20634.648632126813,21167.162988862623,21711.04189920057,22477.912533198665,22975.72833002411,23337.703497539478,earthquake_m6_5
Salinas,South,2030,19560.87767828083,19768.20334059959,20409.247809080385,21086.846905061804,21931.353260310716,22555.881409273043,22976.311656536018,earthquake_m6_5
San Germán,West,2025,30298.95183249662,30394.75417652762,30558.343876679475,30766.863393615356,30940.381421702397,31093.09547952489,31230.20271757892,earthquake_m6_5
San Germán,West,2026,29029.603685763483,29176.65397301123,29505.387379530537,29912.247097073952,30310.471486789032,30580.78156140841,30833.390561972992,earthquake_m6_5
San Germán,West,2027,27584.460784437793,27783.978648824603,28324.254771568718,29003.85242422949,29631.31648386855,30087.384271551455,30261.329785753354,earthquake_m6_5
San Germán,West,2028,26226.024373686138,26424.204472819783,27197.093385786888,28065.11397395352,28847.489502175762,29535.363344427482,30037.673428473037,earthquake_m6_5
San Germán,West,2029,24824.857348267466,25216.41934591989,26053.54529464925,27167.215202893793,28250.663980797275,28999.12368402843,29706.135263463846,earthquake_m6_5
San Germán,West,2030,23450.718800396146,24040.562681725245,25033.266562599303,26271.92626873273,27648.895097966215,28609.578547911202,29421.412324269248,earthquake_m6_5
San Juan,Metro,2025,324369.813883777,324964.0256250682,327485.60872067884,330058.55957999674,332617.0727813642,334544.193602874,335752.244815995,earthquake_m6_5
San Juan,Metro,2026,308218.6263142795,310587.9961530431,315683.9431278688,320633.48001768754,326294.0300204979,330200.78755080036,333424.913849237,earthquake_m6_5
San Juan,Metro,2027,290618.69660697825,294955.5091696993,303526.5636730916,310847.1620551423,318331.44298413047,326251.0807545445,330650.3199408323,earthquake_m6_5
San Juan,Metro,2028,273806.48848664085,282973.132416647,291379.09088361036,301811.75330017356,311540.97080704215,319787.22365856235,328260.2013280912,earthquake_m6_5
San Juan,Metro,2029,262809.50977188064,270464.3784313761,282004.94634016254,293122.3509789315,304663.438309743,318958.87829874177,326329.3514807778,earthquake_m6_5
San Juan,Metro,2030,251421.38085702006,256120.38372940995,271801.6928555232,284796.43641175923,298381.24673517793,316249.19436103746,324827.49504058354,earthquake_m6_5
San Lorenzo,East,2025,36228.47949228673,36356.71058261903,36586.957613001556,36775.72720263306,36978.912996848434,37154.13406621884,37255.573469333176,earthquake_m6_5
San Lorenzo,East,2026,34837.76969628552,34981.1494145262,35427.10192177947,35881.672642678735,36244.82601336161,36660.320083725346,36914.22661359747,earthquake_m6_5
San Lorenzo,East,2027,33395.67071055858,33612.51666632195,34118.72285344193,34832.14447695363,35489.75531565162,35956.555359752594,36487.10882027995,earthquake_m6_5
San Lorenzo,East,2028,31886.666764805013,32205.641266194154,32977.1023329544,33783.49553868307,34683.57001514525,35369.28162629065,35877.22121891051,earthquake_m6_5
San Lorenzo,East,2029,30612.296871063765,31011.96412779569,31820.05307881465,32885.66408949497,33932.42314121501,34889.13599894818,35399.30521518771,earthquake_m6_5
San Lorenzo,East,2030,29240.40027706401,29769.451782178872,30741.433502717737,32122.13538012958,33121.17481382184,34267.57033366599,34832.30640260178,earthquake_m6_5
San Sebastián,West,2025,37505.58306757127,37745.078348955634,38096.07859338734,38441.84559515812,38784.11353263252,39094.11124042022,39372.759688104044,earthquake_m6_5
San Sebastián,West,2026,35570.846123510855,36122.33745349209,36672.965895225294,37447.79684300523,38107.49999714819,38675.0246901809,39177.27456209259,earthquake_m6_5
San Sebastián,West,2027,33554.37851925464,34258.90110497955,35230.71235267371,36288.948413867794,37390.409117956384,38482.93339867297,38994.556906966965,earthquake_m6_5
San Sebastián,West,2028,31453.207361957953,32438.780466747034,33647.88991632813,35200.232964830684,36565.838679959044,38092.76325547449,39024.72886466231,earthquake_m6_5
San Sebastián,West,2029,29363.33368151767,30406.064092722525,32108.115342965597,34162.98263488989,35939.32507313746,38120.19057810221,39228.83644508196,earthquake_m6_5
San Sebastián,West,2030,27654.984221627237,28634.85017338183,30729.859201105766,33411.57010457062,35437.5007712258,38077.51320812541,39246.77665543755,earthquake_m6_5
Santa Isabel,South,2025,19326.853718671027,19380.316055070358,19455.401422791663,19553.870221246063,19648.606379318364,19738.65394225972,19804.913327564012,earthquake_m6_5
Santa Isabel,South,2026,18509.651273610612,18591.044950370648,18812.138535999107,19036.725988274626,19215.500206849945,19386.99158283523,19459.30014123946,earthquake_m6_5
Santa Isabel,South,2027,17674.5864095115,17810.778707331305,18108.21431444553,18479.82631979961,18737.00284264126,19012.044886504205,19122.468145362942,earthquake_m6_5
Santa Isabel,South,2028,16815.017593234807,17048.614713856576,17419.16550800053,17936.70056478904,18269.726691366,18638.412465215046,18842.43196749995,earthquake_m6_5
Santa Isabel,South,2029,16054.158321277768,16301.119390349753,16791.310179086173,17359.817657733394,17879.885855171062,18257.782962236364,18474.57239437283,earthquake_m6_5
Santa Isabel,South,2030,15312.447483151598,15640.897059880908,16218.0416047022,16852.168257185374,17484.735516835368,17961.6577089055,18292.185322269466,earthquake_m6_5
Toa Alta,Metro,2025,64003.19875453851,64235.74564950205,64589.16794463262,65137.92413793146,65601.51993910584,66020.87409945884,66301.27845724505,earthquake_m6_5
Toa Alta,Metro,2026,60772.925927976874,61489.74986304274,62198.28218127016,63372.38848612986,64217.58657738054,65228.799316741664,66047.8583693238,earthquake_m6_5
Toa Alta,Metro,2027,57825.420187893236,58408.62867240356,59853.67846701994,61498.17971721184,62927.86873500203,64403.461358203065,65297.97407568962,earthquake_m6_5
Toa Alta,Metro,2028,54857.46039492867,55353.62002338818,57621.93581769006,59926.072332928496,61847.928940703525,63595.9891784681,64982.01187334022,earthquake_m6_5
Toa Alta,Metro,2029,51830.42028717034,53389.07285241004,55630.72119060936,58095.39836991971,60786.20684450214,62667.87386702571,64398.84451322515,earthquake_m6_5
Toa Alta,Metro,2030,49153.27058563853,50828.07593368132,53422.95403263631,56664.25237314643,59348.94274457617,61838.82172827782,63328.991956531216,earthquake_m6_5
Toa Baja,Metro,2025,71081.02564937217,71182.51615812436,71426.91202149706,71747.31033468575,72001.00008690996,72228.21138080646,72386.18215938039,earthquake_m6_5
Toa Baja,Metro,2026,68577.65684942328,68824.62027096638,69244.48929605167,69806.10019953313,70352.43209221365,70901.57533043603,71199.66173241736,earthquake_m6_5
Toa Baja,Metro,2027,65831.7881349791,66278.71334082387,66838.454241037,67624.43323447177,68677.26805255056,69329.87205172659,69779.79658158204,earthquake_m6_5
Toa Baja,Metro,2028,63358.94151148845,63619.12679713219,64694.88511008012,65626.97750466174,66668.48484294895,67918.99282118723,68684.66152775519,earthquake_m6_5
Toa Baja,Metro,2029,60846.383588175595,61243.180964837586,62538.89551449939,63830.2371733663,65074.35361827285,66314.78572890219,67316.51830518633,earthquake_m6_5
Toa Baja,Metro,2030,58689.99181741588,59114.91528624988,60503.87617848576,62022.33281964754,63418.18789074885,64882.8842966572,66083.73295032792,earthquake_m6_5
Trujillo Alto,Metro,2025,64756.22260084788,64989.48866814003,65476.96953851188,65868.70638677706,66366.55748218222,66943.2603629167,67293.04311557524,earthquake_m6_5
Trujillo Alto,Metro,2026,61993.575621149495,62473.93943124132,63196.45002317941,64116.30738091085,65028.8742879281,65967.22769864529,66470.49047819595,earthquake_m6_5
Trujillo Alto,Metro,2027,58886.8044856875,59671.501099827634,60870.74247314204,62039.230887451835,63468.29067455012,65279.29167817942,65881.06686295247,earthquake_m6_5
Trujillo Alto,Metro,2028,56046.15841706834,56777.83680489679,58502.11822751134,60169.15218305879,62301.00150681723,64378.93393799478,65288.90900878597,earthquake_m6_5
Trujillo Alto,Metro,2029,53157.90421623664,54211.57112568006,56553.41759050535,58605.73724930688,60891.41224358363,63447.99389982143,65186.39657112265,earthquake_m6_5
Trujillo Alto,Metro,2030,50988.05356039525,52179.5072034758,54536.79805373344,56941.10608399725,59586.73789040856,62590.5514278204,64118.36335812073,earthquake_m6_5
Utuado,Central Mountains,2025,26779.754467955547,26870.33312870477,26996.71475931481,27134.415102603627,27257.800825138696,27353.740819348764,27410.819218422344,earthquake_m6_5
Utuado,Central Mountains,2026,25714.16525580372,25951.877414491148,26136.910670087505,26376.025231514897,26653.152980041497,26897.37995944647,27016.809193441186,earthquake_m6_5
Utuado,Central Mountains,2027,24644.64994639502,24912.60887078764,25191.569774310166,25587.287761981614,26026.458370134023,26372.13918044807,26503.366355332397,earthquake_m6_5
Utuado,Central Mountains,2028,23563.09295458155,23840.826103072326,24261.700452039935,24812.260471721147,25365.72371171487,25887.369621709957,26181.915917625975,earthquake_m6_5
Utuado,Central Mountains,2029,22553.855853862024,22836.171134666583,23400.911243336275,24073.959856537553,24736.171325290572,25393.419355374455,25621.027317581404,earthquake_m6_5
Utuado,Central Mountains,2030,21575.338279635875,21880.953946544927,22551.984898551058,23395.97920648932,24318.3201103054,24933.43389171476,25363.250783400283,earthquake_m6_5
Vega Alta,North,2025,34035.64209879339,34089.40247387042,34204.30339463804,34323.71459118315,34466.68545221109,34606.2699973091,34676.12111567927,earthquake_m6_5
Vega Alta,North,2026,32943.200918879375,33009.40602056078,33240.966045236615,33473.14371569503,33758.10634854232,33971.10945574773,34066.3954413317,earthquake_m6_5
Vega Alta,North,2027,31730.782223056332,31875.085613704905,32150.41834838805,32605.85614575344,32959.93421146572,33212.96681522934,33445.884258691425,earthquake_m6_5
Vega Alta,North,2028,30565.647882278387,30694.770569004606,31175.620609500435,31676.451878916734,32117.737770905787,32518.468329021794,32751.174203321483,earthquake_m6_5
Vega Alta,North,2029,29381.94924632376,29720.443669597917,30172.088054283788,30833.783930293233,31308.023106591732,31935.414334102985,32220.22668086105,earthquake_m6_5
Vega Alta,North,2030,28315.06284238302,28620.028396066227,29206.552636320732,30034.46768183759,30670.375338314483,31248.296086799757,31825.19492492878,earthquake_m6_5
Vega Baja,North,2025,51622.12035619504,51927.44595466592,52373.734280664605,52880.995661884546,53287.69587847821,53795.07505824968,54116.06804635085,earthquake_m6_5
Vega Baja,North,2026,48869.87823651294,49606.56777544396,50662.50648563758,51367.92823197023,52466.40612913045,53400.91965169394,53983.01497697099,earthquake_m6_5
Vega Baja,North,2027,46078.88625935037,47057.85775523157,48750.06037337912,49870.312901110214,51357.80191302017,52752.38066992516,53634.979403440695,earthquake_m6_5
Vega Baja,North,2028,43422.619805473885,44922.08620061942,46259.08107710312,48407.371822196925,50037.05967723847,52039.78554509724,53319.18683433378,earthquake_m6_5
Vega Baja,North,2029,40990.90734220541,42795.65659141986,44458.06994051532,46864.17660103949,49186.9482074781,51177.258232350156,53440.70739868269,earthquake_m6_5
Vega Baja,North,2030,39154.36690299031,40232.20026326793,42670.84803683689,45628.18197173247,48396.3765098699,50886.295237414764,52513.65505315908,earthquake_m6_5
Vieques,East,2025,7887.4772521218365,7896.092677690102,7919.098716893858,7938.548340713736,7957.554796629303,7987.7629496145555,7999.573832596951,earthquake_m6_5
Vieques,East,2026,7621.7614633166995,7650.37513825378,7686.7049203726365,7734.807331249231,7780.581966774715,7827.374623040504,7853.462307929197,earthquake_m6_5
Vieques,East,2027,7343.848672379646,7372.693875464735,7443.1904209157,7510.4837992504345,7586.793952410075,7651.389840269249,7699.005013088485,earthquake_m6_5
Vieques,East,2028,7066.634293304186,7111.871483386258,7193.928669036817,7291.01467923418,7379.022129723092,7486.086280487978,7525.746694433041,earthquake_m6_5
Vieques,East,2029,6792.724547375471,6871.813151321942,6962.199784836765,7087.477192439745,7190.1415249422025,7321.8618253082595,7399.564578453023,earthquake_m6_5
Vieques,East,2030,6577.106027448445,6611.108279535821,6751.371698487852,6886.6577581255115,6999.991688376774,7173.828318431415,7289.226796631114,earthquake_m6_5
Villalba,South,2025,20924.695017066104,21006.03414878086,21070.88893485639,21176.395722268826,21285.912362396877,21362.67579686909,21409.731361110353,earthquake_m6_5
Villalba,South,2026,20097.059007213426,20224.236060515395,20373.15583271545,20567.389685895745,20808.18594271231,20994.34707169871,21075.172492209596,earthquake_m6_5
Villalba,South,2027,19200.277609794946,19350.966085881002,19580.006239255563,19950.453062103643,20251.820237562053,20538.163852367532,20670.62717211352,earthquake_m6_5
Villalba,South,2028,18358.2151794541,18483.46427812104,18882.711981707576,19285.20516185384,19785.38167230897,20189.267055353423,20302.88275998052,earthquake_m6_5
Villalba,South,2029,17551.363166018295,17771.0612598404,18240.39779921652,18709.574760171716,19313.98191201651,19882.60308210627,19991.356892259762,earthquake_m6_5
Villalba,South,2030,16809.8212587701,17135.962395359486,17568.072445634054,18168.80931785327,18771.887178546393,19576.756114948228,19778.427227404292,earthquake_m6_5
Yabucoa,East,2025,28547.605525195773,28601.30074735159,28721.5706813156,28860.131640404306,29002.448032650213,29124.80782485746,29205.480359626563,earthquake_m6_5
Yabucoa,East,2026,27440.96481600721,27632.32658220563,27835.148195442664,28100.400123709453,28404.01114696259,28679.581056646533,28758.62710579657,earthquake_m6_5
Yabucoa,East,2027,26327.21942285234,26525.057561035388,26861.712498990564,27312.64355667612,27769.35125858561,28160.354229057048,28383.328337388186,earthquake_m6_5
Yabucoa,East,2028,25253.09437989816,25484.414406400774,25900.588782654435,26590.62951492204,27090.47484334957,27720.828286654854,28048.78129625719,earthquake_m6_5
Yabucoa,East,2029,24134.183678918256,24428.65322122482,24921.53052030481,25802.313690502702,26514.464030595867,27249.347743714367,27521.68529233624,earthquake_m6_5
Yabucoa,East,2030,23110.399289121313,23552.251313130975,24056.054914454475,24980.702527520916,25886.904746550576,26807.914775432382,27428.184005646697,earthquake_m6_5
Yauco,South,2025,32132.42560283575,32200.519271581827,32308.35012782416,32450.81825547221,32543.177513317445,32682.733417418727,32808.505499462946,earthquake_m6_5
Yauco,South,2026,30888.500475644294,31026.309195861893,31330.209037779,31561.63538836872,31780.781506180596,32032.91252442604,32214.776179758268,earthquake_m6_5
Yauco,South,2027,29642.693571601787,29788.4724335696,30211.65785706031,30549.870557098766,30988.668300559344,31379.250774202817,31451.67344653822,earthquake_m6_5
Yauco,South,2028,28221.262330915528,28541.68847252814,29106.740189926495,29496.548713239827,30128.957458606794,30593.137484841078,30984.3338620809,earthquake_m6_5
Yauco,South,2029,27100.34792488832,27477.89936496107,28121.722874075647,28610.74499486496,29284.490982075757,29938.399895714225,30434.157450695628,earthquake_m6_5
Yauco,South,2030,25925.888016440436,26384.751538846092,27100.73768006556,27773.89670009789,28518.460358274548,29406.921486612988,29924.433752531917,earthquake_m6_5
Adjuntas,Central Mountains,2025,17430.459120039384,17478.622738625156,17546.882256740177,17626.434268750367,17708.755830105663,17796.465484734017,17838.472227091705,earthquake_m6_8
Adjuntas,Central Mountains,2026,16738.436296649663,16800.062024026684,16922.12025235854,17116.51946085337,17252.09762926171,17413.271466882343,17488.030685230933,earthquake_m6_8
Adjuntas,Central Mountains,2027,15965.610739221085,16065.280397451837,16285.548469065838,16511.75578389926,16745.33687347061,17006.26317027296,17102.39808778903,earthquake_m6_8
Adjuntas,Central Mountains,2028,15149.81177871877,15323.598049037057,15593.670006365925,15972.657494638443,16323.98395315128,16616.167045143236,16738.824714179802,earthquake_m6_8
Adjuntas,Central Mountains,2029,14395.922224555325,14604.91184862591,14921.440755062002,15496.072926578494,15882.1021724467,16284.582421350557,16490.34225863566,earthquake_m6_8
Adjuntas,Central Mountains,2030,13749.572701927975,13959.853692538585,14411.535577467132,15013.799466898265,15498.421969734321,15931.818372492316,16146.098000741607,earthquake_m6_8
Aguada,West,2025,36642.00518704079,36730.20409274099,36920.58970140346,37065.26236253737,37229.14712039229,37412.99225477091,37488.88859127292,earthquake_m6_8
Aguada,West,2026,35047.11514084703,35201.26790481543,35569.547109098596,35928.31444106164,36234.81505568444,36594.29168977846,36910.35944742834,earthquake_m6_8
Aguada,West,2027,33428.962940021054,33576.487099003105,34123.66881397816,34667.239789904226,35183.39339177431,35669.79251317987,35978.33093462483,earthquake_m6_8
Aguada,West,2028,31719.383569811172,32133.40602091878,32718.26426587867,33488.103844974525,34060.21560048568,34803.99382919243,35168.23808932197,earthquake_m6_8
Aguada,West,2029,30236.457231554814,30757.494079484404,31381.639617407698,32418.545304791332,33264.52794871096,33998.91293031231,34595.38874167643,earthquake_m6_8
Aguada,West,2030,28736.95783350624,29456.493893681796,30252.018694246755,31171.90883483333,32384.81195462067,33258.406430893374,33905.85540652345,earthquake_m6_8
Aguadilla,West,2025,51664.187576380085,52094.08028784936,52654.684283167095,53205.92658345976,53696.40892097099,54121.26019987986,54726.328334689075,earthquake_m6_8
Aguadilla,West,2026,48853.19612156373,49520.72326252776,50510.600989124374,51587.585364826766,52548.623830968776,53446.01698732615,54124.580414892145,earthquake_m6_8
Aguadilla,West,2027,45947.06698289159,46676.27396058247,48184.71563550625,49654.78045210173,51075.868867146346,52917.71161951532,53501.487645889785,earthquake_m6_8
Aguadilla,West,2028,43443.54750280262,43978.88403889852,45542.774048726016,47828.85965033078,49991.4408846021,52063.80417734088,52879.45506361484,earthquake_m6_8
Aguadilla,West,2029,40521.08494809742,41767.546869826285,43492.348238230144,46239.48192544551,48567.62517125734,51006.25922554636,52840.273405591935,earthquake_m6_8
Aguadilla,West,2030,38299.374261457844,39580.03438703991,41808.629342933076,44633.104558824285,47603.0168423008,50114.374130653356,52862.30921649145,earthquake_m6_8
Aguas Buenas,Central Mountains,2025,23014.64895327138,23051.21297428669,23133.78043862887,23201.295076081664,23282.087852008917,23349.166582393857,23377.42995675338,earthquake_m6_8
Aguas Buenas,Central Mountains,2026,22116.15658361909,22230.90493874145,22373.42453071819,22530.479499844547,22671.215103951497,22810.412417346204,22918.628559368364,earthquake_m6_8
Aguas Buenas,Central Mountains,2027,21250.76960361742,21365.29939379551,21560.939144419455,21774.627154956594,22046.917515512534,22205.004752687903,22383.264245146605,earthquake_m6_8
Aguas Buenas,Central Mountains,2028,20304.684552529816,20506.549925753257,20757.87610713673,21018.254031449284,21363.827680391038,21604.7609218988,21729.066261596385,earthquake_m6_8
Aguas Buenas,Central Mountains,2029,19397.40079354118,19675.103514884377,19986.4762269916,20353.525305589475,20737.111705412834,21049.260543896085,21325.56430118107,earthquake_m6_8
Aguas Buenas,Central Mountains,2030,18661.53111970706,18856.777746461103,19292.419189020988,19746.28623350323,20143.23872812945,20551.926882459957,20833.42980611898,earthquake_m6_8
Aibonito,Central Mountains,2025,23565.150357405735,23765.00280570153,23964.373626156575,24220.722730907168,24493.028981363124,24645.288810818703,24894.964029943258,earthquake_m6_8
Aibonito,Central Mountains,2026,22175.11241865116,22420.578358476538,22929.707737833443,23516.482426653132,23993.67993128218,24475.651813295222,24714.6483320078,earthquake_m6_8
Aibonito,Central Mountains,2027,20855.850043540962,21072.110661043327,21977.936223889435,22755.62833601718,23475.393867518167,24082.512325611104,24447.83083235133,earthquake_m6_8
Aibonito,Central Mountains,2028,19440.408786244567,19811.78665200662,20901.746979148033,21988.191862251973,23004.969722792164,23850.231340627764,24352.42715328313,earthquake_m6_8
Aibonito,Central Mountains,2029,18102.019552687376,18619.237995450105,19825.563403639535,21261.08630572236,22503.96645483338,23641.689347037103,24546.043804614463,earthquake_m6_8
Aibonito,Central Mountains,2030,16858.233588270596,17539.64314205788,18787.958369654854,20751.946658381792,22096.251865470735,23566.323842747475,24610.74419779267,earthquake_m6_8
Arecibo,North,2025,83431.34602526145,83710.10932711989,84300.69332371948,84987.77694184791,85637.48016979947,86302.42810180798,86559.54904704043,earthquake_m6_8
Arecibo,North,2026,79247.9523483274,80031.7782103085,81138.52942582883,82644.02728373659,83858.78823902042,84900.48235070886,85673.77147170343,earthquake_m6_8
Arecibo,North,2027,75160.8223917878,75744.23527578352,77879.04317896183,80088.69265543879,81807.65544564572,83525.35384822088,84832.80838973173,earthquake_m6_8
Arecibo,North,2028,71144.48549350422,72713.63777537976,74784.09098052408,77538.93822018258,79927.65664103784,82455.04753261665,84305.14292534806,earthquake_m6_8
Arecibo,North,2029,67405.82544234357,69086.61469060695,71878.79800072951,75423.33649196115,78314.63054045232,81311.37477770673,83369.15505781898,earthquake_m6_8
Arecibo,North,2030,64265.73483667727,65669.56655098476,69502.80006502877,73016.94796754497,76687.95699308973,80041.12510893772,83015.69108668248,earthquake_m6_8
Arroyo,South,2025,14789.08221346261,14877.922809577727,14966.305302298188,15069.062062359468,15160.308460456155,15259.23803369746,15348.089764945973,earthquake_m6_8
Arroyo,South,2026,13939.27576799498,14118.612769165196,14382.025903026148,14556.937520546642,14746.201695292386,14948.403790812128,15110.530848211134,earthquake_m6_8
Arroyo,South,2027,12989.562633800857,13316.87742731815,13705.798035443975,14009.204946122787,14256.171299741303,14642.15811711659,14816.438566609559,earthquake_m6_8
Arroyo,South,2028,12150.154794083202,12520.95256939194,12988.035359438112,13431.985386776209,13811.117985576295,14255.024054380776,14520.069166865424,earthquake_m6_8
Arroyo,South,2029,11519.125796949887,11850.634174817857,12431.238786225742,12947.128553635377,13486.686095747824,13929.922033069684,14291.769745282305,earthquake_m6_8
Arroyo,South,2030,10921.48468256974,11271.493973713637,11852.614581614436,12520.49440087678,13144.005973703452,13612.762182601982,14162.375160212903,earthquake_m6_8
Añasco,West,2025,24470.445106451116,24505.317822025485,24573.508282062765,24664.19352043466,24735.68241620994,24810.795229058323,24840.655226798124,earthquake_m6_8
Añasco,West,2026,23530.0434811573,23622.97217181133,23735.761598858087,23908.917551303373,24067.886150583683,24201.366441924172,24254.804337937778,earthquake_m6_8
Añasco,West,2027,22517.05644357021,22602.73879358525,22808.377220468486,23067.387718890393,23297.583164067462,23516.24535273746,23676.707312328006,earthquake_m6_8
Añasco,West,2028,21534.559537974204,21652.239999399306,21917.52651165076,22225.50585190775,22547.79775430195,22907.495141850977,23064.66775077559,earthquake_m6_8
Añasco,West,2029,20633.602547491777,20767.72498939838,21116.105041257604,21476.99948623625,21892.30745933574,22309.87161466237,22611.285021018157,earthquake_m6_8
Añasco,West,2030,19732.930746799004,19941.879256203818,20341.835132711225,20767.598588413548,21296.81014983366,21785.76058669557,22068.824858297827,earthquake_m6_8
Barceloneta,North,2025,21789.083154618715,21881.516489979276,21991.353407088107,22098.915710341404,22217.35851635031,22355.57813778088,22412.859331739157,earthquake_m6_8
Barceloneta,North,2026,20882.816453638956,21050.081941470213,21221.732532644382,21468.716713952377,21717.230641438615,21922.52580985304,22131.595721633745,earthquake_m6_8
Barceloneta,North,2027,19827.21679750021,20087.474373020566,20390.543716694836,20788.296180071724,21206.873199449517,21506.26646256619,21772.851207288655,earthquake_m6_8
Barceloneta,North,2028,18893.82347949564,19184.326450289125,19627.751996099985,20130.91040003808,20578.04948617414,21105.077962215513,21294.79301615788,earthquake_m6_8
Barceloneta,North,2029,18006.865970073497,18365.861726463194,18938.695833289046,19482.702315315302,20124.906281444575,20727.655014783577,20988.249712893645,earthquake_m6_8
Barceloneta,North,2030,17269.216813919105,17640.333399012387,18242.434874537546,18841.18380124432,19594.98770106008,20327.391966426167,20762.753883713853,earthquake_m6_8
Barranquitas,Central Mountains,2025,28176.511359225755,28237.17501030902,28394.631759329655,28518.90337960369,28663.687794248694,28817.27076618669,28854.731504022988,earthquake_m6_8
Barranquitas,Central Mountains,2026,26838.194112646597,27065.37852588838,27341.8253711393,27723.915858838416,27961.32679166645,28259.903323043018,28359.881834788426,earthquake_m6_8
Barranquitas,Central Mountains,2027,25442.705075505368,25699.02915000133,26328.765645487,26845.197186815163,27177.5493645761,27642.07047490436,27828.801891071143,earthquake_m6_8
Barranquitas,Central Mountains,2028,24166.200312739933,24427.86840680794,25273.3778192356,25958.41391489614,26472.806286921357,26923.973852909556,27225.926713587694,earthquake_m6_8
Barranquitas,Central Mountains,2029,22879.44103253672,23451.27064515047,24267.895702022448,25123.751417881827,25849.260191086014,26377.671547619746,26811.67838289352,earthquake_m6_8
Barranquitas,Central Mountains,2030,21942.060031927133,22402.522041313176,23372.12513923241,24364.93795910022,25194.858813547387,26033.19471820971,26401.115690680122,earthquake_m6_8
Bayamón,Metro,2025,175164.083381076,175900.88499138053,177699.8229664888,179279.49523872585,180884.16031315978,182274.79857660548,182780.4263553279,earthquake_m6_8
Bayamón,Metro,2026,164720.60309019804,167681.67626760277,170259.75654232988,173729.17052030918,176943.46767094557,180746.28919770778,182325.6595637116,earthquake_m6_8
Bayamón,Metro,2027,155914.8691404754,158445.43506089516,162686.63060382116,168068.1556169343,172884.34011167608,178551.15516221515,180672.32677974447,earthquake_m6_8
Bayamón,Metro,2028,146337.56042832756,150234.85266771895,154694.76935290277,161326.9119640193,169553.72237171512,176289.23328610393,180526.57139423717,earthquake_m6_8
Bayamón,Metro,2029,138120.06218262474,141870.29868459873,148479.2541320025,155891.67858006986,166366.54548376653,174598.1355014691,179207.57381631996,earthquake_m6_8
Bayamón,Metro,2030,131045.50336163133,133706.44824313337,142146.26738982752,151952.59883720777,161935.8175865733,171326.62948715675,178082.98814839736,earthquake_m6_8
Cabo Rojo,West,2025,45705.1888577428,45801.6090988891,45914.20247732907,46034.86389361226,46178.58912430116,46322.22771007562,46420.07497941957,earthquake_m6_8
Cabo Rojo,West,2026,43965.224476402815,44109.31641389842,44347.07176568508,44623.03298511371,44895.106793979765,45267.17978571982,45360.65371913835,earthquake_m6_8
Cabo Rojo,West,2027,42121.48213775467,42230.47706823918,42626.00466747156,43091.65828449405,43451.8576610289,43880.1649168025,44192.39980460091,earthquake_m6_8
Cabo Rojo,West,2028,40284.144285646136,40519.82136927048,40987.29285819258,41477.693874742734,41997.22178558745,42621.46556333677,43050.905171982646,earthquake_m6_8
Cabo Rojo,West,2029,38674.65009986113,38924.87779495991,39544.100099878,40103.21457854484,40772.323148550175,41471.61020809725,41846.74297854249,earthquake_m6_8
Cabo Rojo,West,2030,37215.51749947795,37503.04836626138,38101.6929019194,38791.60723390314,39597.87548311106,40307.165497655405,40815.90539026739,earthquake_m6_8
Caguas,East,2025,122030.93440920163,122281.72178099104,122847.67864882699,123343.52740339714,123821.7238803867,124264.19520016764,124549.3149350224,earthquake_m6_8
Caguas,East,2026,117275.73763010603,117965.33179340205,118736.21572119708,119747.03244515843,120747.95556405766,121607.40816552658,122311.02419599435,earthquake_m6_8
Caguas,East,2027,112659.93573965887,113036.9292682224,114479.68875841508,115797.70142692038,117373.99229380916,118459.03475241433,119379.84717961652,earthquake_m6_8
Caguas,East,2028,107819.04390721887,108473.96341239502,110347.49280036529,111839.03295121534,113955.61151447633,115585.10694281898,116985.96217761017,earthquake_m6_8
Caguas,East,2029,103364.41486764222,104452.68767114004,106454.0938123253,108527.38517450364,110435.05146370518,112881.18330789614,115039.66631378644,earthquake_m6_8
Caguas,East,2030,99511.36879745738,100634.8424929992,102914.57953237306,105140.45653330575,107486.06896074332,110491.6295352556,113315.27217012866,earthquake_m6_8
Camuy,North,2025,31350.663357976126,31592.027184979404,31830.458163606145,32151.959298340727,32465.471432244736,32627.142011744752,32778.655583957654,earthquake_m6_8
Camuy,North,2026,29732.41729843314,30126.661833678914,30526.664925896002,31204.227152187235,31804.10381675357,32213.96735212161,32396.23526005359,earthquake_m6_8
Camuy,North,2027,28011.229406346145,28794.792476282633,29296.04309121208,30198.97399794042,31016.92892107572,31658.430343940123,32060.644919621085,earthquake_m6_8
Camuy,North,2028,26731.46756838903,27161.466211348645,28155.83271408172,29101.14501208763,30290.279453519986,31096.45315714464,31635.479516435975,earthquake_m6_8
Camuy,North,2029,25230.00911207558,25931.61023471307,27077.564969438034,28323.5345564637,29635.439515481234,30631.054805166023,31333.121052579907,earthquake_m6_8
Camuy,North,2030,23912.065821359774,24805.15803955526,26069.26898968074,27426.72822778225,28961.541942427633,30366.291888139654,31113.63514118535,earthquake_m6_8
Canóvanas,East,2025,40463.874155979654,40570.39628129078,40808.17930386512,41037.93935427813,41299.87044895912,41490.15130078743,41618.30706731941,earthquake_m6_8
Canóvanas,East,2026,38707.905910867,38880.88234132568,39285.289314326765,39927.167382296924,40347.17449855832,40646.18974350264,41090.684464221275,earthquake_m6_8
Canóvanas,East,2027,36794.72492684362,37211.945778668625,37843.66105290985,38625.62295819779,39208.883146947745,39815.04222860187,40242.82670485695,earthquake_m6_8
Canóvanas,East,2028,35111.307443411715,35469.27098271253,36353.68807232439,37339.50999746379,38179.134801883374,39091.2650337673,39567.60978068781,earthquake_m6_8
Canóvanas,East,2029,33482.19787792444,33799.14905087056,34993.8749470246,36236.646107089386,37168.49856978315,38383.63017638524,38931.810641509604,earthquake_m6_8
Canóvanas,East,2030,31788.633485704493,32184.69606564995,33615.124961422065,35100.70641244057,36434.49633159369,37651.36791366294,38249.61591887752,earthquake_m6_8
Carolina,Metro,2025,146973.28067110866,147718.79118461662,148600.5413473617,149569.12137933492,150280.649846312,151304.81611967398,151804.1620144201,earthquake_m6_8
Carolina,Metro,2026,140129.7295005313,140964.84454611727,142728.57225029616,145004.18921069207,147082.44381878793,148399.8753459684,149762.82593509965,earthquake_m6_8
Carolina,Metro,2027,132456.81881945784,134067.77319398924,137022.53983981442,140255.47933433458,143159.68689466483,145736.84940944484,147154.96064404486,earthquake_m6_8
Carolina,Metro,2028,125662.71477336054,127941.5923910447,131658.88041771197,136242.39850921047,139402.78457740907,142451.5734921721,144509.4422497208,earthquake_m6_8
Carolina,Metro,2029,119752.1315574059,122015.44783024272,126269.07919207655,131262.03878886707,136032.76659615606,140045.781686325,143148.81676932538,earthquake_m6_8
Carolina,Metro,2030,114046.59139483348,116330.90458081165,121200.50283001672,126988.50622043392,132743.3888028347,137583.87711324074,139934.80171594574,earthquake_m6_8
Cataño,Metro,2025,21926.45682374317,21951.038104173353,22010.10515813661,22060.519979920588,22113.546106188995,22200.53348753984,22233.92904509593,earthquake_m6_8
Cataño,Metro,2026,21135.869170573857,21199.975941885663,21308.614228878785,21413.603823421112,21535.87829737511,21695.797496643725,21783.27900686997,earthquake_m6_8
Cataño,Metro,2027,20253.055859289758,20370.732135549762,20542.51022001435,20721.845202209843,20907.683437101645,21135.62519951772,21213.627537719487,earthquake_m6_8
Cataño,Metro,2028,19383.43523572278,19529.879883239246,19788.757239539562,20055.02857467946,20307.11539186445,20565.113841193994,20730.027827835587,earthquake_m6_8
Cataño,Metro,2029,18538.481646953915,18787.973083564386,19103.218567011783,19472.346893012844,19748.92525131434,20086.266827588897,20213.33030942475,earthquake_m6_8
Cataño,Metro,2030,17794.625986406274,18056.356190456398,18441.463054053223,18855.47853309146,19211.91077898477,19591.172970253774,19728.88951829668,earthquake_m6_8
Cayey,Central Mountains,2025,39948.86828365295,40004.483571603465,40095.76897302785,40211.11517119473,40313.93216324447,40401.65009392707,40455.49192002089,earthquake_m6_8
Cayey,Central Mountains,2026,38415.92889688207,38497.91244276389,38788.87836720832,39018.4672315243,39259.340230237096,39501.67817310732,39609.98032691882,earthquake_m6_8
Cayey,Central Mountains,2027,36771.50287027713,36944.92933822348,37326.39195994873,37691.21457353318,38083.85770315174,38469.50769299047,38625.75465855044,earthquake_m6_8
Cayey,Central Mountains,2028,35220.536306399306,35460.860310807024,35806.133942860775,36429.13122530215,36929.84229261438,37379.260171128415,37678.04943392582,earthquake_m6_8
Cayey,Central Mountains,2029,33775.42461896981,34097.60039024447,34515.72364286073,35278.72828722796,35873.53788089061,36499.490267741305,36808.03717664106,earthquake_m6_8
Cayey,Central Mountains,2030,32446.798821942815,32796.45752853748,33381.28023417908,34166.8303784567,34884.79017558463,35645.248945818465,36003.83646530545,earthquake_m6_8
Ceiba,East,2025,10665.877203104925,10702.15712992603,10743.609374456744,10809.045972030362,10891.274510342384,10933.05049597037,10970.391533374257,earthquake_m6_8
Ceiba,East,2026,10265.83789257478,10292.19420578399,10404.675394514335,10511.11027216067,10639.451889632683,10749.175831351398,10803.282343604349,earthquake_m6_8
Ceiba,East,2027,9744.724296813025,9853.156496340453,10018.359089871494,10204.909705195627,10379.83779960012,10541.565888885027,10627.771792371756,earthquake_m6_8
Ceiba,East,2028,9227.19572589837,9418.52183140116,9646.681598365676,9882.437199667824,10113.421786824776,10313.863270459475,10456.153355458822,earthquake_m6_8
Ceiba,East,2029,8788.708966923512,9039.447902571499,9295.079397077985,9571.087722156804,9869.856306037947,10111.954504752399,10302.996117602514,earthquake_m6_8
Ceiba,East,2030,8395.503008411093,8671.100461697062,9030.48837391995,9286.97661430404,9618.885583913348,9929.719329151605,10187.994464284113,earthquake_m6_8
Ciales,Central Mountains,2025,16179.066173464573,16262.593628630799,16368.69421395844,16503.881122121187,16646.08772475347,16786.415829944814,16842.886692809785,earthquake_m6_8
Ciales,Central Mountains,2026,15332.87141790586,15444.020412487911,15701.77481982121,16013.12863368299,16276.168132918969,16589.294760340134,16793.243012594085,earthquake_m6_8
Ciales,Central Mountains,2027,14543.038663073004,14727.39222841768,15022.981324735107,15481.573537315784,15950.74912998679,16298.653102531083,16608.105077905067,earthquake_m6_8
Ciales,Central Mountains,2028,13656.049933462242,14020.583650953524,14392.60885679083,14936.192637137703,15561.380089916413,15985.444846881046,16398.671593580177,earthquake_m6_8
Ciales,Central Mountains,2029,12877.822884862144,13391.810938777377,13839.338784426105,14453.615140714966,15192.60520852606,15808.801233837667,16332.220023921569,earthquake_m6_8
Ciales,Central Mountains,2030,12294.186091833008,12731.314218848072,13301.132351320655,14014.125562877587,14893.193810529341,15667.887261326516,16059.597367411729,earthquake_m6_8
Cidra,Central Mountains,2025,38564.50628247969,38614.32289578547,38747.66003045315,38950.94426824925,39181.23241893125,39330.83474328954,39431.09539747708,earthquake_m6_8
Cidra,Central Mountains,2026,37027.40437655326,37112.72317246021,37441.101004534496,37862.37406173283,38242.16185271681,38625.23669861096,38829.67259904706,earthquake_m6_8
Cidra,Central Mountains,2027,35272.705096075275,35516.28699340939,35908.160068613506,36679.70703923145,37230.60613119662,37803.97804745113,38077.738822811734,earthquake_m6_8
Cidra,Central Mountains,2028,33466.477100715434,33861.77971243554,34524.187418580535,35414.214727250226,36199.35543626352,36950.25759060158,37395.005636636575,earthquake_m6_8
Cidra,Central Mountains,2029,31890.487388773137,32447.646996332838,33224.961104135604,34310.96380256003,35386.481045858905,36118.88835093417,36859.06019482666,earthquake_m6_8
Cidra,Central Mountains,2030,30353.89319456943,31154.02282982191,31911.042241217143,33156.76662638457,34510.396503426295,35489.5244440844,36293.72968437617,earthquake_m6_8
Coamo,South,2025,32644.355981675584,32845.438697842816,33080.480338228575,33382.19084205433,33685.15659174589,33925.776799770996,34078.894775105284,earthquake_m6_8
Coamo,South,2026,30760.05727681398,31112.700425201005,31613.202051149892,32196.205913129896,33076.33800445916,33594.99914188088,33852.68590517489,earthquake_m6_8
Coamo,South,2027,28880.16517749136,29358.32288508388,30097.00757604558,31084.868632517246,32366.16732123105,33260.08363457529,33505.81990619797,earthquake_m6_8
Coamo,South,2028,27003.906464110278,27746.64204010718,28633.92777840731,29929.712840297827,31451.739790366595,32666.110389384652,33030.55011009391,earthquake_m6_8
Coamo,South,2029,25320.915161987516,26293.997593850603,27332.082270762592,28902.51448960285,30742.28371663082,32217.033335997283,33054.67243979935,earthquake_m6_8
Coamo,South,2030,24041.0802918758,24806.557001271874,26299.74171614899,28089.29842810891,30096.87593422414,31999.974813270383,32879.187370867556,earthquake_m6_8
Comerío,Central Mountains,2025,18251.601889889294,18284.260977094997,18333.16239056814,18379.130212418437,18438.392302737677,18475.741740063684,18493.921402176395,earthquake_m6_8
Comerío,Central Mountains,2026,17545.51818456064,17611.849683155695,17727.764695431593,17846.838723472756,17954.80283513684,18021.69702952046,18073.00152552628,earthquake_m6_8
Comerío,Central Mountains,2027,16798.552808805594,16902.83456677396,17080.95407651702,17248.983309843148,17401.00422953944,17555.19507823963,17621.135117419057,earthquake_m6_8
Comerío,Central Mountains,2028,16115.498823186303,16215.856303438462,16450.53275951235,16687.200021180528,16859.1755999857,17068.498330557642,17146.052680013883,earthquake_m6_8
Comerío,Central Mountains,2029,15478.404108007422,15591.948904698473,15862.608205063425,16169.510480171839,16375.577555286218,16645.45787453996,16754.466839585886,earthquake_m6_8
Comerío,Central Mountains,2030,14895.903753494562,15025.98322551394,15354.038554610812,15695.49711489815,15943.564591359584,16280.076228432355,16453.483712920457,earthquake_m6_8
Corozal,Central Mountains,2025,33315.3439516347,33471.75016763737,33648.50902624084,33862.207627965035,34082.45722173894,34299.508779160366,34418.91902967445,earthquake_m6_8
Corozal,Central Mountains,2026,31791.533612979027,32072.869237972493,32477.379195640704,32907.69137572417,33366.06319593331,33727.55606599971,34030.04344444352,earthquake_m6_8
Corozal,Central Mountains,2027,30199.977152081494,30621.72629365672,31094.69432135345,31861.93713843076,32526.820419185933,33197.80012352039,33710.069847493534,earthquake_m6_8
Corozal,Central Mountains,2028,28552.205384242963,28954.411030336127,29881.64680431908,30798.032179190603,31731.341216969733,32636.15643286618,33059.38567633038,earthquake_m6_8
Corozal,Central Mountains,2029,26974.522158858308,27535.353670632318,28719.29785113535,29862.49350957911,31000.667707752495,32021.289259148856,32450.08993917287,earthquake_m6_8
Corozal,Central Mountains,2030,25592.299672160392,26161.17503566265,27649.09139353771,29044.739889583252,30380.258658221148,31320.48482149811,32271.904455520344,earthquake_m6_8
Culebra,East,2025,1290.809733752322,1308.553529600647,1338.021682012994,1368.6847729183037,1396.2557453122088,1418.4413047066373,1433.2607796623067,earthquake_m6_8
Culebra,East,2026,1184.330601219199,1220.443857654494,1280.0132794275157,1331.761688784766,1388.740136406411,1433.4200077077892,1474.8799492550054,earthquake_m6_8
Culebra,East,2027,1075.537775006749,1117.5981332014867,1215.7359111079095,1291.8140995637723,1398.3120793641992,1467.0181485635003,1521.5288897096273,earthquake_m6_8
Culebra,East,2028,958.6154916437337,1029.1130180725024,1138.781464597046,1261.6537219992945,1390.44993814587,1487.14658424635,1630.0458534694085,earthquake_m6_8
Culebra,East,2029,897.7549879251671,968.1786297956801,1073.6546536739302,1235.3858490290659,1401.4265005958491,1550.8861704462615,1676.6388364807096,earthquake_m6_8
Culebra,East,2030,807.4526075640083,903.6961727893356,1009.5500522261339,1208.5850139692566,1404.8865423169702,1568.6348605528,1718.8811865495577,earthquake_m6_8
Dorado,North,2025,34910.88301145414,34988.13520286642,35089.10357854946,35199.906256643284,35319.76218800504,35435.0076321814,35513.380681760624,earthquake_m6_8
Dorado,North,2026,33594.365112266605,33775.84522876927,34020.371956236006,34233.04933270723,34477.89956991629,34678.01710385287,34777.89108990928,earthquake_m6_8
Dorado,North,2027,32295.796860054023,32471.981594528297,32859.58326125174,33207.545708911566,33549.4907800557,33872.579185442184,33987.18239135511,earthquake_m6_8
Dorado,North,2028,30859.18592448478,31162.861003187485,31653.882506846567,32124.922140388964,32666.95559391257,33019.74936861251,33305.93483683503,earthquake_m6_8
Dorado,North,2029,29400.558727041825,30001.056698897166,30527.580442396298,31158.390988672,31834.51952613975,32350.643641066843,32607.538515582695,earthquake_m6_8
Dorado,North,2030,28427.453100129733,28896.648451637655,29561.22831174761,30342.710340168655,31013.77331860716,31617.369353689664,31999.322719500684,earthquake_m6_8
Fajardo,East,2025,30299.27972471351,30461.536364231608,30743.94490899572,31033.244595050328,31318.52884788214,31597.919055992388,31787.415014916623,earthquake_m6_8
Fajardo,East,2026,28613.47495179128,29093.541038019073,29557.17436372519,30261.916466359427,30756.388820553002,31348.110444810973,31593.797571887542,earthquake_m6_8
Fajardo,East,2027,27207.094639810635,27467.2543907056,28219.933136650972,29189.160261692115,30149.035148579576,30882.748477615318,31417.84800656433,earthquake_m6_8
Fajardo,East,2028,25377.36812712626,25916.013948270313,26673.051585518093,28224.601255562455,29693.04848868049,30410.497908715697,31114.648574694707,earthquake_m6_8
Fajardo,East,2029,23862.371535064984,24361.168964807726,25471.534366579188,27268.228077754666,28945.39490307102,30362.521664276774,31328.500763731805,earthquake_m6_8
Fajardo,East,2030,22382.34989610848,23114.712791052163,24238.5914096553,26475.210830949894,28383.58458891115,29912.891129141422,31326.13747373973,earthquake_m6_8
Florida,North,2025,11206.618265149264,11233.06896243295,11274.484751167458,11322.692794903982,11374.353264384466,11417.516116432986,11431.862672222507,earthquake_m6_8
Florida,North,2026,10767.83962441467,10833.074358409898,10909.764045469996,11010.24399979083,11091.57330645407,11166.48923615482,11216.376733473217,earthquake_m6_8
Florida,North,2027,10301.17311231714,10352.673819009946,10496.620099607326,10651.330061831019,10795.770649103984,10903.29259351279,10985.827100698922,earthquake_m6_8
Florida,North,2028,9788.519750110754,9929.391129576465,10077.76580257051,10290.75338336017,10491.65039148568,10644.119537427727,10798.954451018446,earthquake_m6_8
Florida,North,2029,9325.955557282547,9526.579549170905,9700.252289693106,9956.292479457887,10224.13746711083,10425.102901373104,10596.512489033881,earthquake_m6_8
Florida,North,2030,8984.92587822706,9155.674133994242,9367.213058505986,9665.283954021941,10002.472878022298,10195.321165758596,10343.416840063666,earthquake_m6_8
Guayama,South,2025,34052.93054391586,34160.52679712755,34433.711056922395,34684.05677829596,34867.92496934187,35096.044654805366,35203.65123050514,earthquake_m6_8
Guayama,South,2026,32492.589827264794,32635.655851580963,33036.191158225716,33522.45979680379,33981.37005075873,34421.73197571808,34646.550504104685,earthquake_m6_8
Guayama,South,2027,30641.780054948926,31023.73140228882,31627.688720067603,32201.702960665054,33159.42341330887,33619.42089020307,33838.78356793041,earthquake_m6_8
Guayama,South,2028,28767.95422550473,29399.945428433955,30195.595554843843,31087.350186221272,32229.214416935996,32873.3335375007,33366.869379582284,earthquake_m6_8
Guayama,South,2029,27301.964083369723,27861.71877133464,29016.270483920278,29989.992792621593,31181.58641107789,32192.172885946875,32922.800508617074,earthquake_m6_8
Guayama,South,2030,25905.57847706491,26632.587164041623,27773.158339381167,29127.429561705612,30247.068547881554,31822.682646347206,32583.863368443115,earthquake_m6_8
Guayanilla,South,2025,16705.850112813845,16740.212603763655,16792.078147291366,16848.4368426052,16889.73329209217,16952.084551698186,16972.527789929612,earthquake_m6_8
Guayanilla,South,2026,16017.443468346919,16089.315213916798,16181.38117599564,16298.575963957403,16410.24094411089,16510.71960774921,16569.148779799758,earthquake_m6_8
Guayanilla,South,2027,15329.243882327912,15373.965072878573,15518.737410419435,15710.31806052494,15891.844091889154,16024.241945957227,16169.579883633438,earthquake_m6_8
Guayanilla,South,2028,14554.878419203675,14689.741715543641,14907.325717393032,15117.261473625,15364.845116977222,15584.573685183279,15736.12379702331,earthquake_m6_8
Guayanilla,South,2029,13870.070320748371,14098.718994414656,14359.180380172922,14599.221650464231,14896.134474762166,15238.910606746616,15382.539721162388,earthquake_m6_8
Guayanilla,South,2030,13301.251989790579,13556.93251353821,13831.575671054747,14110.975878968557,14484.44732535389,14833.01349296734,15128.827021563595,earthquake_m6_8
Guaynabo,Metro,2025,86122.0507894987,86487.5188865013,87160.35256141613,87803.18443879008,88489.17332465615,89046.27579663077,89466.27933122583,earthquake_m6_8
Guaynabo,Metro,2026,82167.87952755025,82845.11381057827,83997.18900450667,85147.62020763452,86629.35345386517,87804.61479171427,88522.52902880042,earthquake_m6_8
Guaynabo,Metro,2027,78077.87813574904,79116.43410635903,80670.57311994456,82513.69571771988,84632.82899366402,86379.74917253027,87317.8893881699,earthquake_m6_8
Guaynabo,Metro,2028,73793.1996788151,75124.43164038571,77472.81517893104,79888.05219872229,82714.09710036698,84597.07188632214,86643.71873304404,earthquake_m6_8
Guaynabo,Metro,2029,69905.32658501565,71646.30321979293,74751.94820957494,77361.9305554005,81095.38040678932,83952.22823214633,85446.6885353473,earthquake_m6_8
Guaynabo,Metro,2030,66387.3859839308,68222.60564519034,71873.20963021045,75246.74372163918,79043.28643788636,82305.11273594003,85653.29131751401,earthquake_m6_8
Gurabo,East,2025,38148.19221516,38319.95145330648,38867.93385153781,39335.380787341426,39944.92047494095,40358.186998435645,40689.086299802635,earthquake_m6_8
Gurabo,East,2026,35924.39098735919,36343.61633532287,37155.944394729646,38107.96007099353,39336.79531514403,40041.43368071254,40502.177572127635,earthquake_m6_8
Gurabo,East,2027,33174.20982674773,33717.0707547054,35092.0243387609,36834.72424321181,38520.826879135544,39692.716049364455,40584.750949426925,earthquake_m6_8
Gurabo,East,2028,30553.59963484832,31597.800912342675,33427.72864675296,35676.897152347614,37437.846358812865,39766.13714162778,40413.4561418331,earthquake_m6_8
Gurabo,East,2029,28557.572928694262,29261.32163297762,31710.329187283594,34661.0092421983,37030.858660504295,39467.39577060504,40870.14912902961,earthquake_m6_8
Gurabo,East,2030,26276.88364803957,27329.236559345998,30478.44352272514,33416.42425573869,36179.485504628115,39662.389214950206,40780.50040640818,earthquake_m6_8
Guánica,West,2025,12407.138482434168,12449.595394168788,12534.96028766461,12617.650144394916,12722.808175160375,12806.659849207912,12836.935692349158,earthquake_m6_8
Guánica,West,2026,11786.125169533072,11869.74333653483,12004.083898205852,12225.695258337231,12390.703546111896,12528.344317552073,12637.111904009507,earthquake_m6_8
Guánica,West,2027,11051.342176724447,11234.577638572518,11483.846929276098,11740.741176143587,12054.411302051632,12302.303333619286,12460.633642989926,earthquake_m6_8
Guánica,West,2028,10342.546430972128,10577.989156391934,10951.348431849172,11312.87903887647,11705.195576422906,12049.947165703381,12390.347948485161,earthquake_m6_8
Guánica,West,2029,9710.607529300507,10010.769029198436,10471.587231488327,10929.464916257952,11419.772128482107,11892.65917527733,12132.194330206612,earthquake_m6_8
Guánica,West,2030,9178.406252464685,9533.32554317074,10081.207228941345,10605.546198555903,11180.268419023207,11748.437582181621,12088.13752628206,earthquake_m6_8
Hatillo,North,2025,37163.407405259866,37214.74682459124,37356.17574484524,37475.83233309611,37606.137767590364,37717.168613361384,37765.0762957821,earthquake_m6_8
Hatillo,North,2026,35743.20922013209,35945.513478559544,36148.5446118576,36440.526923627986,36711.959494793395,36910.63927763653,37011.24958566606,earthquake_m6_8
Hatillo,North,2027,34318.561636537896,34497.472222236065,34935.61286447805,35298.14989817924,35677.59040999054,36000.45785854726,36283.1421704989,earthquake_m6_8
Hatillo,North,2028,32789.15010353362,33119.93453962511,33704.01041274517,34205.304476428835,34658.44256116343,35099.15622593661,35425.39217035375,earthquake_m6_8
Hatillo,North,2029,31421.285124098227,31857.561180780493,32484.283810998728,33207.10034500483,33698.55564865096,34283.50069873835,34767.10532592126,earthquake_m6_8
Hatillo,North,2030,30018.311102965872,30727.87749211258,31399.39471864161,32318.653186442592,32856.168856077195,33705.9219597353,34115.72617258001,earthquake_m6_8
Hormigueros,West,2025,15079.134909482837,15098.173892553315,15126.959651659996,15170.82767311221,15209.661501389295,15247.11240013484,15269.90910595309,earthquake_m6_8
Hormigueros,West,2026,14511.968189210744,14540.799392285933,14610.497629081303,14704.293717835302,14793.985986252963,14877.92016746314,14929.394941305232,earthquake_m6_8
Hormigueros,West,2027,13879.131443891021,13939.744796305742,14065.187438071312,14192.097532214178,14334.346747358295,14447.35282111869,14512.861652168416,earthquake_m6_8
Hormigueros,West,2028,13280.948312274282,13378.554282737441,13543.079073948002,13682.769273077567,13882.356128183044,14052.74157359289,14124.918492020195,earthquake_m6_8
Hormigueros,West,2029,12711.155824540267,12835.30027940645,13040.236238462363,13241.849665144575,13487.349272842812,13666.896355980905,13760.585596857658,earthquake_m6_8
Hormigueros,West,2030,12221.748505356349,12365.504003954691,12584.687767318876,12817.866345444747,13077.51401052628,13313.36982673002,13423.136502071415,earthquake_m6_8
Humacao,East,2025,48856.68122627468,48926.45740555214,49079.24906160592,49247.88694350172,49380.206421631214,49484.793038175856,49595.94042605172,earthquake_m6_8
Humacao,East,2026,47121.76980691562,47284.25477498482,47521.38796378128,47841.64372498142,48116.6699001176,48368.70856221246,48498.64866616925,earthquake_m6_8
Humacao,East,2027,45250.02391986628,45470.234853750335,45879.084042081384,46311.730933153696,46805.51170890274,47060.62885512894,47388.8111050087,earthquake_m6_8
Humacao,East,2028,43462.70342141086,43709.33779452633,44218.43284346794,44770.66711820294,45381.62806644902,45889.167202258875,46243.575655414046,earthquake_m6_8
Humacao,East,2029,41844.173571143045,42128.56482032833,42719.19656321936,43397.95254250763,44170.53715772716,44673.85509132419,45265.95834949639,earthquake_m6_8
Humacao,East,2030,40183.18617732916,40657.91251660047,41357.629411047354,42141.60639249085,43008.72669398812,43721.52810908025,44333.47859031706,earthquake_m6_8
Isabela,West,2025,41385.3180191484,41564.77707237405,41837.943036614575,42136.34168495712,42461.96968348014,42788.390220848254,42943.00892213418,earthquake_m6_8
Isabela,West,2026,39428.35791918956,39687.634029171284,40209.76994349282,40812.79265914719,41506.24136054542,42102.51190400848,42455.19490398834,earthquake_m6_8
Isabela,West,2027,37446.72260563961,37874.4602373976,38504.56158471465,39337.06205270837,40333.61131292401,41394.414707288335,41876.046424019776,earthquake_m6_8
Isabela,West,2028,35412.93375540502,35969.28713550063,36794.053396182724,38058.91272134044,39297.80905946108,40600.920343505444,41070.970255958404,earthquake_m6_8
Isabela,West,2029,33515.247795552335,34150.02260303693,35394.94631318581,36703.5991334267,38364.60334270525,39964.36114199742,40877.13709976025,earthquake_m6_8
Isabela,West,2030,32058.771495206794,32609.937933168392,33865.645218926984,35632.68757776995,37204.39152602978,39382.21802274112,40716.772295741175,earthquake_m6_8
Jayuya,Central Mountains,2025,14075.713003720835,14125.520135022844,14201.061026630934,14307.221547984624,14412.190736255327,14513.45160671296,14580.043698610987,earthquake_m6_8
Jayuya,Central Mountains,2026,13452.424837486296,13527.196640105396,13659.286225809357,13904.772724864048,14093.5204890102,14281.945006208616,14379.692653999484,earthquake_m6_8
Jayuya,Central Mountains,2027,12791.57308935267,12886.012839537452,13139.204302446258,13418.652174266663,13707.278612325805,14040.942906877257,14237.13789951065,earthquake_m6_8
Jayuya,Central Mountains,2028,12043.643215230637,12275.383257577141,12569.285002604644,12972.535879259405,13355.394191736681,13785.152683466338,14142.585573666202,earthquake_m6_8
Jayuya,Central Mountains,2029,11485.092099369653,11719.77217782288,12123.842493160631,12577.354225310224,13121.028966435942,13502.952078744038,14089.415983478548,earthquake_m6_8
Jayuya,Central Mountains,2030,10935.219970732433,11244.945265214645,11645.106347074743,12212.914291508405,12797.112980404047,13360.60529476338,13817.236678565192,earthquake_m6_8
Juana Díaz,South,2025,44818.09012543889,44924.56350536932,45099.106919815655,45349.74405970772,45613.02745384556,45837.37027793163,45920.62087365817,earthquake_m6_8
Juana Díaz,South,2026,42794.93901204857,43017.517874634206,43382.30670156873,43893.37560190324,44440.239373767916,44872.869929970104,45079.99047965175,earthquake_m6_8
Juana Díaz,South,2027,40528.30341958155,40857.880166491224,41526.09567625039,42276.83833745097,43005.87036412126,43929.052070603204,44148.54561741236,earthquake_m6_8
Juana Díaz,South,2028,38459.18131634224,38881.206431468396,39797.52390376735,40743.74554603473,41670.95840432731,42784.16585142764,43298.71386262522,earthquake_m6_8
Juana Díaz,South,2029,36472.502202521646,36962.71414176654,38192.05935081153,39354.81349156302,40356.239624984446,41798.348312839065,42419.37104771041,earthquake_m6_8
Juana Díaz,South,2030,34809.4833166828,35325.9569161391,36603.34890735302,38054.503527953886,39295.95354468633,40746.44834159276,41653.86960592066,earthquake_m6_8
Juncos,East,2025,35894.11618688595,35967.6385854086,36072.10112185223,36220.31757270392,36373.81257948839,36485.279948659794,36538.97241162314,earthquake_m6_8
Juncos,East,2026,34531.461815221264,34722.48138269397,34969.388100163924,35181.22031904067,35504.98886355662,35710.5403732828,35849.41303663664,earthquake_m6_8
Juncos,East,2027,32999.747291748114,33245.53311626448,33611.668309237895,34073.790631246724,34540.69078944265,34901.467045950616,35114.12777062237,earthquake_m6_8
Juncos,East,2028,31616.001666633598,31863.160968703316,32256.272167565723,32988.655568003254,33530.08247065675,34078.966335857316,34298.28796287601,earthquake_m6_8
Juncos,East,2029,30256.804187435126,30506.470068122664,31078.19889222909,31931.341329709387,32587.647459329775,33313.262529312575,33501.63175813919,earthquake_m6_8
Juncos,East,2030,29070.225861682844,29428.432767979484,30118.578197878385,31039.62052911387,31772.58343337293,32537.220575011765,32938.66891792083,earthquake_m6_8
Lajas,West,2025,22213.189133995616,22335.170652133464,22503.147815118038,22669.39209314367,22817.7024802437,22923.573271533598,23063.27967883433,earthquake_m6_8
Lajas,West,2026,21190.076327892206,21344.928458231483,21639.789121662678,22010.044001281698,22306.467141177596,22568.66832422215,22791.054465581612,earthquake_m6_8
Lajas,West,2027,20198.056110062153,20346.002640403985,20701.165061188152,21300.241943427274,21751.906587681628,22187.90913460327,22461.215831890106,earthquake_m6_8
Lajas,West,2028,19037.600346561343,19377.623310695904,19879.747648977715,20525.619799210705,21142.75127604907,21848.472497130144,22150.050350669633,earthquake_m6_8
Lajas,West,2029,18104.708787132833,18481.070774978845,18968.558644328477,19796.78906980285,20575.266310769748,21376.78034996749,21986.57253551428,earthquake_m6_8
Lajas,West,2030,17266.139868908318,17556.945533215345,18222.096208584786,19172.712912516552,20042.55605325217,21020.498347380377,21627.545928172887,earthquake_m6_8
Lares,Central Mountains,2025,26397.219549715737,26560.27859520492,26945.31458170901,27368.133011834507,27853.790066312624,28326.10680910586,28478.215626333204,earthquake_m6_8
Lares,Central Mountains,2026,24213.725116230522,24626.39551459714,25523.182333098048,26650.23618611197,27458.725134065673,28380.28635371186,28990.033992348905,earthquake_m6_8
Lares,Central Mountains,2027,22237.106179906878,22816.54276358188,23993.69986367096,25651.955209239684,27004.69071063356,28149.05465440785,29370.263415435653,earthquake_m6_8
Lares,Central Mountains,2028,20360.189400580468,21159.852518593038,22613.35328689278,24616.466314294623,26322.577721928377,27963.77932268741,29245.325524323704,earthquake_m6_8
Lares,Central Mountains,2029,18335.13098692356,19389.675127945,21639.903271799216,23929.331119553175,26186.8572974848,27746.459451682756,29252.95366945648,earthquake_m6_8
Lares,Central Mountains,2030,16986.502891324373,18027.06747209026,20684.97831354691,23339.294653369572,25888.066219323387,27865.75482517183,29618.44716356188,earthquake_m6_8
Las Marías,West,2025,8344.549766734335,8388.589328368402,8474.999457517131,8571.121065575302,8676.995250205942,8776.99609649273,8821.409553732412,earthquake_m6_8
Las Marías,West,2026,7779.11381463242,7930.506229792962,8109.572079868685,8315.894286947403,8518.820812852924,8689.71296669436,8765.022395834138,earthquake_m6_8
Las Marías,West,2027,7283.916561129358,7393.263164648902,7732.054282368282,8055.097957544141,8345.080972738224,8571.881640265023,8693.510149041827,earthquake_m6_8
Las Marías,West,2028,6735.419835857535,6974.439896326203,7264.426329659703,7826.803423215397,8193.319943658582,8459.908253281052,8692.266700670243,earthquake_m6_8
Las Marías,West,2029,6281.300268553598,6508.932881054458,6882.437134232847,7536.215290231237,7990.705596578505,8426.744799451146,8687.894074895177,earthquake_m6_8
Las Marías,West,2030,5948.808141871265,6050.48836283847,6552.1729998531655,7217.176412493105,7926.878823988132,8371.784139518912,8684.303630722074,earthquake_m6_8
Las Piedras,East,2025,33907.84659824233,33972.582433217045,34158.12424450906,34335.812187949836,34536.57893429402,34703.904858325324,34774.44101011549,earthquake_m6_8
Las Piedras,East,2026,32441.037706318744,32626.69030498065,32938.3857055564,33322.802467835645,33776.19852154066,34120.978222975886,34402.402206234845,earthquake_m6_8
Las Piedras,East,2027,31004.965087476226,31206.469080635117,31594.77519409411,32188.76600054856,32958.92742220087,33428.033081538146,33809.11104889611,earthquake_m6_8
Las Piedras,East,2028,29453.941086164785,29732.920601926828,30305.0336561515,31141.82735454518,32038.962157032493,32690.6306743464,33135.47557647047,earthquake_m6_8
Las Piedras,East,2029,27915.400369022427,28400.43693079462,29208.846769890046,30151.526534227018,31135.073650198985,32046.872992599747,32692.628306726478,earthquake_m6_8
Las Piedras,East,2030,26672.786461596752,27182.692870731455,28137.145221533054,29211.828354431764,30474.57365578622,31521.30128606647,32047.04994368252,earthquake_m6_8
Loíza,East,2025,22194.524284573625,22216.348970292256,22281.974051507466,22362.58681143115,22434.1064335268,22511.874701536744,22537.97658762192,earthquake_m6_8
Loíza,East,2026,21348.73555578429,21422.112699093046,21565.10091675561,21712.910532794853,21848.8463741643,21958.886189185818,22052.91443761471,earthquake_m6_8
Loíza,East,2027,20507.56365097655,20588.138452841336,20796.67509242684,21022.00337917256,21209.68227162163,21349.904615860298,21479.038568616827,earthquake_m6_8
Loíza,East,2028,19604.89173558185,19722.41433222292,20051.934152550988,20351.439817569164,20551.355302952186,20766.001622679632,20913.54672192438,earthquake_m6_8
Loíza,East,2029,18809.259012956092,18944.664787020127,19360.638938695596,19709.315529273066,19995.586959872187,20280.98731200024,20397.04115647195,earthquake_m6_8
Loíza,East,2030,18055.49270622045,18249.680186127232,18682.6190540737,19109.093879808228,19468.502870818265,19800.418955124573,20011.80324332915,earthquake_m6_8
Luquillo,East,2025,17088.284304527675,17126.01939940804,17184.804396828666,17230.239801101634,17280.340710647077,17328.050357329295,17353.96216677893,earthquake_m6_8
Luquillo,East,2026,16429.7774059,16531.897894245507,16635.61429688218,16746.071688635384,16850.730332286104,16935.341177632145,16989.157468974394,earthquake_m6_8
Luquillo,East,2027,15813.030176861123,15889.366965846237,16049.83980924629,16218.432117985241,16363.462852835964,16513.444139904932,16618.80828642688,earthquake_m6_8
Luquillo,East,2028,15166.420633539205,15279.801602967724,15453.75120660699,15680.962650436206,15884.91730206947,16085.7171086186,16208.517365107284,earthquake_m6_8
Luquillo,East,2029,14577.519246792632,14661.426326517088,14895.432695218486,15209.518053758748,15438.634158848006,15685.654662083716,15853.85158744026,earthquake_m6_8
Luquillo,East,2030,14032.347452763439,14186.309235766485,14399.272089574435,14711.104459960061,15070.52332834863,15332.692956587938,15586.63876232841,earthquake_m6_8
Manatí,North,2025,37695.015619148704,37834.97847860505,37978.882954787055,38257.34701481955,38455.36539770688,38731.11237391872,38861.50518843764,earthquake_m6_8
Manatí,North,2026,36146.33428200837,36345.45059080966,36615.1388935835,37089.98863245145,37618.6963760252,37999.189042574224,38328.306307897175,earthquake_m6_8
Manatí,North,2027,34344.558782412416,34642.4786712066,35217.98366313355,35960.62106012751,36767.959061528076,37444.962739566006,37798.38474798701,earthquake_m6_8
Manatí,North,2028,32673.993864481836,33097.21201516587,33771.370303477306,34723.71478371413,35846.86219307133,36726.424301151455,37364.196032898064,earthquake_m6_8
Manatí,North,2029,31030.066284262175,31572.78191626414,32484.23018490681,33731.52566546842,34980.13525670278,36204.31931655164,37160.062347407606,earthquake_m6_8
Manatí,North,2030,29554.014300997296,30045.27802530796,31429.39949489572,32831.41934523266,34201.7703363147,35874.43448586984,36692.9600587953,earthquake_m6_8
Maricao,West,2025,4770.713596681651,4789.043469211772,4838.407500135392,4881.907367989805,4934.014076236492,4996.844128813088,5025.53566105575,earthquake_m6_8
Maricao,West,2026,4485.7481841525205,4522.659723517643,4618.723723277655,4733.525097987438,4853.251340770692,4936.53907079061,4974.128652651224,earthquake_m6_8
Maricao,West,2027,4122.178423112596,4229.993675867754,4393.8531088265145,4573.148406468815,4737.585584350296,4848.598578472529,4929.895196706078,earthquake_m6_8
Maricao,West,2028,3846.623123252273,3973.711526601379,4184.4808054742225,4413.434457057301,4621.358654276445,4812.4894183235065,4892.456611086476,earthquake_m6_8
Maricao,West,2029,3524.706782138149,3734.204310058532,3983.2410878103196,4251.892952632006,4541.136770868807,4769.008185197069,4893.82065926741,earthquake_m6_8
Maricao,West,2030,3326.02699585643,3533.2983815920593,3832.354474056043,4086.3531374359954,4447.316813953942,4776.715952410112,4886.494626880767,earthquake_m6_8
Maunabo,East,2025,10116.038995624707,10143.453073668998,10183.505401320353,10224.515308746373,10266.580859366406,10303.347172866577,10329.395426925652,earthquake_m6_8
Maunabo,East,2026,9699.717704457802,9770.112037588884,9862.072838338368,9939.488189166736,10021.938894582943,10101.524301000007,10136.45462265402,earthquake_m6_8
Maunabo,East,2027,9306.730447734457,9372.341516927245,9511.443135046848,9645.071313030323,9749.169346404604,9843.931427891217,9944.373030786508,earthquake_m6_8
Maunabo,East,2028,8906.192821386387,8983.783476189927,9168.984973658724,9320.669603741864,9488.064310436339,9621.520353885428,9709.537294946316,earthquake_m6_8
Maunabo,East,2029,8558.47576799662,8637.709678160405,8858.877902519964,9020.416157785132,9245.292322478801,9421.42915194602,9544.785312483426,earthquake_m6_8
Maunabo,East,2030,8194.120378972166,8336.657310283228,8533.995747182917,8737.750704416161,9005.846915939768,9239.701516686258,9400.974378807732,earthquake_m6_8
Mayagüez,West,2025,68820.54352543887,69013.31320475365,69235.83473207013,69562.61640111584,69874.11794532505,70093.52970406394,70273.53026721926,earthquake_m6_8
Mayagüez,West,2026,66153.07347155057,66251.14958746603,66770.72445230195,67383.52487990187,68099.59840712561,68672.57309602202,69075.82300460758,earthquake_m6_8
Mayagüez,West,2027,62865.92214717105,63179.48745171366,63992.9666862553,65032.587118923766,66167.43102000025,66873.8320820367,67339.85912174401,earthquake_m6_8
Mayagüez,West,2028,59536.78927257532,60346.96061994851,61266.68205753313,62750.65015928341,64306.14712454578,65239.33434522986,66115.2646637731,earthquake_m6_8
Mayagüez,West,2029,56731.67456628448,57557.76814920946,58679.82851844154,60689.94442844392,62358.89400819506,63644.90097003111,65185.745899673035,earthquake_m6_8
Mayagüez,West,2030,54129.08239476135,55191.56193179276,56372.21215089047,58944.83069675474,60616.31542433916,62593.6081864395,63606.83771125132,earthquake_m6_8
Moca,West,2025,36038.2270186571,36159.240066153194,36410.26923152735,36764.89184481699,37083.513617747616,37372.17028547818,37495.44715284428,earthquake_m6_8
Moca,West,2026,34100.61841773166,34378.72605332975,34879.65130139513,35595.92765592414,36339.23807540901,36902.281951080855,37154.413761221236,earthquake_m6_8
Moca,West,2027,32015.02144288277,32297.076561996073,33277.72163256288,34248.41652780363,35470.34964397026,36223.58584171556,36632.72578845617,earthquake_m6_8
Moca,West,2028,30118.798546813683,30458.010029873323,31704.229255674047,32928.180283232556,34327.976749055975,35820.658292808956,36099.976803156496,earthquake_m6_8
Moca,West,2029,28315.731928180252,28840.943760880375,30241.27239978272,31843.400613642887,33430.885955704594,34961.62502821393,35839.44804281017,earthquake_m6_8
Moca,West,2030,26559.275562165723,27453.380027584764,28915.110499621027,30797.87007276182,32774.341236201064,34320.70029759259,36069.70821993623,earthquake_m6_8
Morovis,Central Mountains,2025,27507.84162619742,27622.621094498045,27744.870880616374,27892.164740051783,28052.35175847417,28197.450506744437,28283.127637611004,earthquake_m6_8
Morovis,Central Mountains,2026,26271.367501328055,26577.933084617882,26772.273749690794,27109.601872055748,27348.8521789916,27687.22656243748,27799.679946822358,earthquake_m6_8
Morovis,Central Mountains,2027,24998.9639161396,25307.650922691595,25772.5184900585,26144.500854931466,26636.813376650585,27095.71558396775,27395.679216029166,earthquake_m6_8
Morovis,Central Mountains,2028,23777.811581446625,24027.477884945143,24671.131717316104,25313.153293833973,25914.710704589597,26507.139032795865,26928.85690433967,earthquake_m6_8
Morovis,Central Mountains,2029,22645.507373409488,22900.61812827084,23713.877153920195,24569.7427585981,25313.572139849835,26057.392633257565,26449.389381065248,earthquake_m6_8
Morovis,Central Mountains,2030,21537.059993450806,21947.957047027263,22835.260751637124,23835.90761142032,24647.37205175211,25591.722978456946,26354.477437702193,earthquake_m6_8
Naguabo,East,2025,22132.577588899458,22268.760513193585,22440.070977745454,22635.318809192067,22875.110824700903,23138.549806124014,23240.21486279241,earthquake_m6_8
Naguabo,East,2026,20946.233506926783,21151.058455867482,21589.32229122761,22011.93961011361,22504.270916437254,22872.968477279006,23010.49055449626,earthquake_m6_8
Naguabo,East,2027,19617.750483515276,19831.187581162252,20733.381168503285,21453.1632867761,22062.73836924723,22552.626328890325,22981.71975941982,earthquake_m6_8
Naguabo,East,2028,18372.236558507953,18913.44174867099,19834.44015350983,20889.558003929953,21684.949171670036,22451.1418552006,23012.428325637,earthquake_m6_8
Naguabo,East,2029,17270.718407877168,17971.870608448782,19070.12120234322,20196.02589416293,21304.96033835349,22268.07963296409,23092.754228036516,earthquake_m6_8
Naguabo,East,2030,16398.756499659215,17064.498740915842,18442.247092479993,19613.824650078295,20954.95240885635,22106.831915282415,22690.502020884578,earthquake_m6_8
Naranjito,Central Mountains,2025,28273.67344102816,28341.43683933806,28527.301492153343,28770.287956619657,28922.18830971256,29126.2344706147,29228.60758031884,earthquake_m6_8
Naranjito,Central Mountains,2026,26893.441611145518,27045.238596018986,27507.134517743754,27898.3437186674,28156.304061083647,28586.138666203075,28753.901741821242,earthquake_m6_8
Naranjito,Central Mountains,2027,25323.425900972245,25647.231027730875,26272.53337900113,26902.91409264539,27382.0785849786,28024.197802904408,28280.478127754424,earthquake_m6_8
Naranjito,Central Mountains,2028,23930.80117844228,24422.749444929155,25088.083220010187,25941.164525120406,26690.23798278583,27451.34558504326,27823.875018126124,earthquake_m6_8
Naranjito,Central Mountains,2029,22504.98671366909,23152.58936304556,24079.08618524132,25085.642688826843,26027.374406617782,26778.56498787435,27111.62335620344,earthquake_m6_8
Naranjito,Central Mountains,2030,21324.99065837639,21934.536540112917,23121.651894061524,24267.775895840463,25281.0096329792,26284.646260766527,26996.07372204702,earthquake_m6_8
Orocovis,Central Mountains,2025,20547.11980968951,20643.67443242167,20778.622934179053,20922.070209120713,21063.89710330596,21188.67142294279,21243.31288791093,earthquake_m6_8
Orocovis,Central Mountains,2026,19585.051865770183,19725.494274117344,20003.514424150315,20270.154191110836,20536.961979362884,20833.592879023123,20966.264213695547,earthquake_m6_8
Orocovis,Central Mountains,2027,18576.342274536393,18769.708918413453,19144.161179026014,19566.94060614519,20044.3958287906,20325.202557749235,20616.678626933906,earthquake_m6_8
Orocovis,Central Mountains,2028,17479.010159567602,17871.985200472627,18333.038253463048,18904.70996192482,19440.82081694612,19852.443229112567,20020.811524428947,earthquake_m6_8
Orocovis,Central Mountains,2029,16478.325418615324,17078.712107006926,17532.753535414715,18284.54898732212,18899.890020504492,19452.347345664748,19731.20055230816,earthquake_m6_8
Orocovis,Central Mountains,2030,15706.269684494255,16275.7985828882,16828.838329190723,17684.173456577337,18355.145496573732,19128.616290923026,19399.704064446094,earthquake_m6_8
Patillas,South,2025,15184.359627189024,15209.267206367382,15246.791403330826,15286.59625231936,15322.164129339295,15364.926388260517,15389.414649376036,earthquake_m6_8
Patillas,South,2026,14607.680693455677,14646.987051890286,14723.472361181564,14807.597511931674,14871.024403881913,14951.945101967543,15000.945644071018,earthquake_m6_8
Patillas,South,2027,13975.487916723596,14025.614074042434,14157.1722715294,14272.376453927212,14383.875093759223,14490.142226221385,14556.032007540845,earthquake_m6_8
Patillas,South,2028,13331.433017115696,13445.794086614145,13591.812994053671,13738.214426602855,13937.26152343328,14056.50587256873,14175.34493899321,earthquake_m6_8
Patillas,South,2029,12754.311699412632,12893.052604135697,13046.270320452675,13229.06415520839,13514.514556802727,13656.943514855226,13810.30920089565,earthquake_m6_8
Patillas,South,2030,12274.792275758879,12412.709987350077,12569.89343908309,12816.853178354366,13090.019046273123,13266.18084951523,13463.274151232772,earthquake_m6_8
Peñuelas,South,2025,19130.39830364636,19217.283401280652,19329.61859103704,19492.490683364238,19634.4591518859,19814.22091215054,19892.247886940615,earthquake_m6_8
Peñuelas,South,2026,18155.901859615922,18266.403285573244,18502.77578527455,18902.848166302487,19196.049052542818,19490.80887118807,19691.99884172017,earthquake_m6_8
Peñuelas,South,2027,17036.351451564864,17248.113639943247,17610.777912944908,18152.627822707655,18647.361317047336,19127.213646038195,19332.140824536105,earthquake_m6_8
Peñuelas,South,2028,16000.452492636905,16285.19287105131,16809.06548724287,17411.032104655587,18151.974674686764,18762.417662222095,19059.984452791694,earthquake_m6_8
Peñuelas,South,2029,15085.615020501356,15428.319706521246,15930.556796788846,16815.800090514582,17631.598707684403,18544.97437027225,18915.52665622362,earthquake_m6_8
Peñuelas,South,2030,14239.460439365934,14715.284566475433,15257.665863923496,16243.152466687221,17143.56597203495,18126.493292094456,18778.866099669875,earthquake_m6_8
Ponce,South,2025,128426.54135325467,128940.26107829942,129638.94469523014,130451.07936581998,131283.46066636182,131957.70065053328,132370.44298025916,earthquake_m6_8
Ponce,South,2026,122590.36908539404,123376.81881400062,124737.4963394804,126247.38714572357,127752.91926461834,129060.71590466492,130075.21782161685,earthquake_m6_8
Ponce,South,2027,116109.85684386815,117119.05920431955,119460.80903517213,121731.3992858267,123820.02774464915,125719.25951839474,127295.51333946864,earthquake_m6_8
Ponce,South,2028,109410.9653028897,111267.61694308124,114080.43300244607,117375.62534212832,119924.94378239011,122823.20479720217,124916.25622464002,earthquake_m6_8
Ponce,South,2029,103538.85673981623,105986.65296033923,109536.47463682282,113162.77260461696,116403.0070381528,120160.15033559428,122383.06280814695,earthquake_m6_8
Ponce,South,2030,98541.39935911054,101072.27847428947,105052.86276515345,109099.96185884351,113895.83273747534,117488.13803723356,119623.62738871797,earthquake_m6_8
Quebradillas,North,2025,22747.529243299494,22795.030473995106,22883.064589963997,22977.00294678862,23078.66213911886,23170.165812319443,23272.356912177333,earthquake_m6_8
Quebradillas,North,2026,21870.71681358223,21953.194263963902,22129.525236591715,22303.88766396486,22499.10200905404,22704.9293096219,22863.491693823602,earthquake_m6_8
Quebradillas,North,2027,20926.92628781529,21054.652888204815,21321.61335790219,21560.44146916987,21900.134923740512,22154.543972372536,22319.864537515674,earthquake_m6_8
Quebradillas,North,2028,19951.268360631653,20150.602446176847,20507.36338971516,20847.834652262514,21274.104128386978,21583.502155537964,21896.30443554241,earthquake_m6_8
Quebradillas,North,2029,19064.16307896622,19314.397927101523,19792.510182832782,20200.42639076118,20685.4288707632,21061.515445630946,21385.634834656077,earthquake_m6_8
Quebradillas,North,2030,18320.901672257874,18487.110300542292,19094.095329115626,19526.593992437025,20152.76398045285,20513.05347606563,21017.572464977533,earthquake_m6_8
Rincón,West,2025,14718.079543646878,14782.37438449093,14933.897511229974,15115.593130248993,15278.110084643431,15406.76920780497,15478.72741673996,earthquake_m6_8
Rincón,West,2026,13828.704219301722,13996.227306808623,14298.038020091451,14639.810424426443,15049.383338556167,15296.627356127683,15398.002960770591,earthquake_m6_8
Rincón,West,2027,12843.46151910558,13205.33981842259,13614.043575421427,14054.901242639258,14656.280002027925,15134.958495525785,15351.9538639996,earthquake_m6_8
Rincón,West,2028,11958.865322560963,12277.866096100943,12952.29206861165,13641.409635280179,14301.465416535826,14982.968887354831,15178.663684644058,earthquake_m6_8
Rincón,West,2029,11278.386619148752,11622.451110336726,12270.842647369962,13182.52080727274,13939.672605584647,14731.069740708419,15164.288440602415,earthquake_m6_8
Rincón,West,2030,10592.091819523814,10967.995106663682,11821.030758614443,12746.516919161924,13704.630808417342,14558.393489566624,15056.226852509628,earthquake_m6_8
Río Grande,East,2025,44846.68196939275,44939.50606198098,45055.045246896916,45269.07104105901,45416.05656995812,45573.523487395425,45684.31466761798,earthquake_m6_8
Río Grande,East,2026,43168.24571635606,43378.21806145194,43613.38138386637,43957.91649155246,44309.39269051538,44570.944642955634,44761.93134011489,earthquake_m6_8
Río Grande,East,2027,41284.638321485145,41611.49622363577,41956.26476357373,42524.54990218528,43071.43722686775,43435.87075362501,43683.70681546706,earthquake_m6_8
Río Grande,East,2028,39615.423693833036,39994.0691419212,40404.85240365306,41116.07576021405,41788.5160158324,42343.708849474955,42648.871303246335,earthquake_m6_8
Río Grande,East,2029,37944.990256274396,38389.71749506755,38965.13672633919,39746.40075322696,40680.34316197742,41376.74146883065,41624.69708565996,earthquake_m6_8
Río Grande,East,2030,36547.91469087543,36921.28450433583,37620.36345723452,38529.57301244432,39634.11765644443,40463.437941342105,40666.406258306844,earthquake_m6_8
Sabana Grande,West,2025,21700.822093653715,21767.379455182872,21864.269279364475,22020.858763154614,22144.53124068302,22263.45193844985,22358.639100568547,earthquake_m6_8
Sabana Grande,West,2026,20751.343877141906,20886.679388684355,21068.668501802276,21341.62758262711,21613.378679217705,21910.012040017984,22051.968188213206,earthquake_m6_8
Sabana Grande,West,2027,19788.616034056875,19952.20122866653,20308.247935851337,20583.639006782738,21007.646614055826,21476.26005422133,21645.69744748961,earthquake_m6_8
Sabana Grande,West,2028,18715.54055187394,19034.541296113868,19480.80854506183,19872.496171844265,20454.23400131471,21121.658548018488,21364.816774750085,earthquake_m6_8
Sabana Grande,West,2029,17879.711071206,18131.016930497048,18790.772797564354,19183.627855697072,19950.023328905558,20656.514145718156,21105.23736767611,earthquake_m6_8
Sabana Grande,West,2030,16916.991366811682,17400.373281117318,18047.33608130536,18616.504765771202,19384.718263385104,20309.713809463854,20685.17891444356,earthquake_m6_8
Salinas,South,2025,24361.673248616677,24411.93964135731,24532.149914807203,24652.41632919725,24785.69819547166,24888.076429652177,24934.826827305573,earthquake_m6_8
Salinas,South,2026,23343.368394384146,23414.205762813966,23639.765739049886,23851.550559727322,24160.783944672028,24350.107825241004,24499.27136983563,earthquake_m6_8
Salinas,South,2027,22146.667946473088,22334.83700783521,22673.240019255394,23004.333066461324,23422.993023373838,23784.275790888096,23934.709348934808,earthquake_m6_8
Salinas,South,2028,20992.18675188683,21215.084447911526,21632.776420018912,22212.702645265774,22713.752478360166,23261.666409913207,23390.439716547444,earthquake_m6_8
Salinas,South,2029,20015.854091111465,20270.307396316246,20796.267422388017,21333.040658808764,22089.2952353819,22581.497953318663,22938.53107035391,earthquake_m6_8
Salinas,South,2030,19152.93112467974,19356.65964883202,19986.830314777602,20653.44651894056,21484.356334861437,22097.735560952176,22510.982671868263,earthquake_m6_8
San Germán,West,2025,30298.95183249662,30394.75417652762,30558.343876679475,30766.863393615356,30940.381421702397,31093.09547952489,31230.20271757892,earthquake_m6_8
San Germán,West,2026,28924.900204832502,29072.098553960488,29399.951790275878,29806.286934465144,30203.02926133319,30473.772922573615,30725.969444753624,earthquake_m6_8
San Germán,West,2027,27358.070445111418,27556.851880558566,28094.30169102997,28770.272312702582,29394.995378220978,29849.11374544468,30021.03826596929,earthquake_m6_8
San Germán,West,2028,25894.106656644544,26089.84120032719,26855.727747091365,27715.226205917334,28491.490735623633,29174.89804482716,29673.542770688597,earthquake_m6_8
San Germán,West,2029,24419.388151675525,24806.675957092193,25632.019097635275,26732.3761366029,27802.198756862977,28541.980835783866,29238.792765150854,earthquake_m6_8
San Germán,West,2030,22998.178038887225,23577.312058711785,24554.354022716056,25774.113639597566,27130.465748419767,28076.946748278984,28875.726220199038,earthquake_m6_8
San Juan,Metro,2025,324369.813883777,324964.0256250682,327485.60872067884,330058.55957999674,332617.0727813642,334544.193602874,335752.244815995,earthquake_m6_8
San Juan,Metro,2026,307291.6540551227,309665.49693445687,314753.4250116098,319697.8228841507,325345.7878229781,329255.4265075835,332456.3198253869,earthquake_m6_8
San Juan,Metro,2027,288630.92423738516,292957.1840921231,301480.62091436156,308774.79156381707,316245.17639651,324104.0190167168,328503.86651703645,earthquake_m6_8
San Juan,Metro,2028,270918.95267040405,280017.03538255225,288360.35550055583,298716.65815306397,308377.5639351647,316547.9903503893,324976.9878648626,earthquake_m6_8
San Juan,Metro,2029,259257.1435567876,266814.324015384,278241.75275251345,289242.2513249981,300670.8571326276,314829.5161593063,322128.9809059099,earthquake_m6_8
San Juan,Metro,2030,247406.525744267,252037.69912358507,267513.7531746488,280347.0825816149,293748.8789240487,311410.44891808997,319877.0645575182,earthquake_m6_8
San Lorenzo,East,2025,36228.47949228673,36356.71058261903,36586.957613001556,36775.72720263306,36978.912996848434,37154.13406621884,37255.573469333176,earthquake_m6_8
San Lorenzo,East,2026,34734.55571269362,34877.20620411333,35322.90160486327,35777.19342335011,36139.18956652641,36554.66253409109,36808.79988587218,earthquake_m6_8
San Lorenzo,East,2027,33170.123172885535,33386.249298478535,33889.47736228864,34601.13784799636,35255.96827544286,35720.475558030805,36249.22086744911,earthquake_m6_8
San Lorenzo,East,2028,31553.357906036537,31871.269062068393,32636.673174406547,33437.23999537778,34331.08380601579,35011.334930027435,35514.73664250377,earthquake_m6_8
San Lorenzo,East,2029,30201.575528661077,30598.144965801035,31396.848556514306,32452.410873497523,33487.549880270584,34436.013049055975,34939.17544679981,earthquake_m6_8
San Lorenzo,East,2030,28777.642036229012,29297.778500780347,30259.15395399999,31621.969739590546,32607.346060904987,33740.285439628424,34296.25103196701,earthquake_m6_8
San Sebastián,West,2025,37505.58306757127,37745.078348955634,38096.07859338734,38441.84559515812,38784.11353263252,39094.11124042022,39372.759688104044,earthquake_m6_8
San Sebastián,West,2026,35440.66954855577,35992.2206554,36540.0260117787,37316.07940647968,37973.585592291776,38543.12060286399,39042.39304181336,earthquake_m6_8
San Sebastián,West,2027,33274.838205792126,33978.98545928908,34944.58705214608,35997.91189355566,37092.363846473505,38182.193824777336,38688.37593994972,earthquake_m6_8
San Sebastián,West,2028,31048.27621026224,32023.932112180726,33226.97338459917,34761.35515969085,36117.06078998123,37628.186366906244,38556.464483972224,earthquake_m6_8
San Sebastián,West,2029,28875.697194795794,29907.372037936446,31588.51301439652,33618.01597842417,35372.22996169745,37526.610056413316,38622.71136267446,earthquake_m6_8
San Sebastián,West,2030,27116.30290428736,28079.31935644474,30140.646729906737,32783.559969200025,34778.37471510816,37376.577118751535,38524.37553067702,earthquake_m6_8
Santa Isabel,South,2025,19326.853718671027,19380.316055070358,19455.401422791663,19553.870221246063,19648.606379318364,19738.65394225972,19804.913327564012,earthquake_m6_8
Santa Isabel,South,2026,18437.182865223585,18518.403175982075,18738.891324756063,18963.22121539928,19141.479736252208,19313.271731733465,19384.772902553294,earthquake_m6_8
Santa Isabel,South,2027,17517.612136115382,17652.853545772876,17948.190576436427,18318.136257345468,18574.165371298135,18847.389007647762,18957.58403620247,earthquake_m6_8
Santa Isabel,South,2028,16583.363294370232,16815.695807065596,17182.51570488488,17694.875644652413,18024.890074004572,18390.0296585597,18591.63348427641,earthquake_m6_8
Santa Isabel,South,2029,15770.222907323268,16014.014057278147,16497.472123466316,17058.432465537513,17571.46600331575,17944.338337690173,18157.31306216054,earthquake_m6_8
Santa Isabel,South,2030,14992.95227731504,15315.735124882794,15882.478168244394,16506.40476566676,17128.73762040433,17597.291585529485,17921.71966527493,earthquake_m6_8
Toa Alta,Metro,2025,64003.19875453851,64235.74564950205,64589.16794463262,65137.92413793146,65601.51993910584,66020.87409945884,66301.27845724505,earthquake_m6_8
Toa Alta,Metro,2026,60591.59629834905,61305.682532707724,62014.25458119352,63186.27417894307,64030.865399336166,65042.744987197024,65859.70732769747,earthquake_m6_8
Toa Alta,Metro,2027,57431.89770764716,58011.045392153974,59451.131916010585,61089.97513748596,62512.16610322156,63981.186136799064,64872.75403988912,earthquake_m6_8
Toa Alta,Metro,2028,54278.35734786148,54774.10595000391,57025.88648233873,59312.270579859556,61223.005861369435,62955.92123480762,64333.954433256935,earthquake_m6_8
Toa Alta,Metro,2029,51127.60658024373,52671.38111224669,54891.10942741387,57327.62502451477,59992.09849111507,61853.64822474491,63569.88529256812,earthquake_m6_8
Toa Alta,Metro,2030,48365.18843654458,50023.38893261174,52579.941468923105,55779.64070370345,58431.20457033714,60889.63246894991,62357.95643973644,earthquake_m6_8
Toa Baja,Metro,2025,71081.02564937217,71182.51615812436,71426.91202149706,71747.31033468575,72001.00008690996,72228.21138080646,72386.18215938039,earthquake_m6_8
Toa Baja,Metro,2026,68374.90960750524,68620.72343506676,69040.8675251254,69601.7058797198,70146.68921406772,70695.31272521194,70993.00164800475,earthquake_m6_8
Toa Baja,Metro,2027,65389.86829574133,65836.1729474991,66391.95233092821,67175.36817953299,68224.13120121625,68872.92096974366,69321.21207349614,earthquake_m6_8
Toa Baja,Metro,2028,62701.2871832323,62958.359614776324,64028.23378957693,64953.8056729984,65986.26337708451,67227.26592799065,67989.02105295821,earthquake_m6_8
Toa Baja,Metro,2029,60034.182164463506,60426.952400205926,61709.61036901051,62986.01475981262,64217.687674007415,65447.66350728048,66437.39048476995,earthquake_m6_8
Toa Baja,Metro,2030,57764.941825026945,58184.21346219941,59554.18070796886,61053.77313476168,62432.631135793534,63878.672557169295,65063.76264746421,earthquake_m6_8
Trujillo Alto,Metro,2025,64756.22260084788,64989.48866814003,65476.96953851188,65868.70638677706,66366.55748218222,66943.2603629167,67293.04311557524,earthquake_m6_8
Trujillo Alto,Metro,2026,61807.86394019867,62286.89124420424,63009.3685160529,63927.95564065797,64839.88488338525,65776.62458196389,66281.97283855242,earthquake_m6_8
Trujillo Alto,Metro,2027,58485.269384714426,59270.49129192915,60463.44536919147,61627.08057692449,63051.146968824825,64851.29477357271,65450.774851050286,earthquake_m6_8
Trujillo Alto,Metro,2028,55457.28077047479,56182.778670907006,57894.77232362286,59552.10935817522,61668.46420622981,63725.78734674969,64630.51434840563,earthquake_m6_8
Trujillo Alto,Metro,2029,52439.44798922341,53482.367552851334,55797.95096877216,57830.79730153183,60094.08688153043,62625.155580884755,64347.4528479788,earthquake_m6_8
Trujillo Alto,Metro,2030,50173.861703560986,51350.07100949284,53679.35794941369,56050.72857044615,58662.628892562294,61631.337527813754,63133.897303455844,earthquake_m6_8
Utuado,Central Mountains,2025,26779.754467955547,26870.33312870477,26996.71475931481,27134.415102603627,27257.800825138696,27353.740819348764,27410.819218422344,earthquake_m6_8
Utuado,Central Mountains,2026,25629.453891900626,25866.71047394822,26051.34737027609,26290.37465868613,26567.407543372112,26811.589968078533,26930.82745456306,earthquake_m6_8
Utuado,Central Mountains,2027,24461.674338198307,24727.06484435122,25005.394972260496,25398.60144845872,25836.97359262078,26179.98866104023,26311.359266603955,earthquake_m6_8
Utuado,Central Mountains,2028,23292.375203807896,23567.53431516378,23984.754838779772,24530.22818113012,25080.268534677554,25597.12623794916,25889.19143990235,earthquake_m6_8
Utuado,Central Mountains,2029,22219.6319500827,22498.321148711613,23055.82135104183,23722.596109368504,24376.790690860245,25026.94062669939,25252.30864935346,earthquake_m6_8
Utuado,Central Mountains,2030,21197.266861616434,21498.418445023748,22159.9232473589,22992.394046142843,23901.49818695312,24507.449134301933,24932.07869180197,earthquake_m6_8
Vega Alta,North,2025,34035.64209879339,34089.40247387042,34204.30339463804,34323.71459118315,34466.68545221109,34606.2699973091,34676.12111567927,earthquake_m6_8
Vega Alta,North,2026,32850.849576566085,32917.61416229698,33148.38378042914,33380.45487253177,33665.0176436661,33877.809756403076,33972.69414178831,earthquake_m6_8
Vega Alta,North,2027,31529.281187969824,31672.600109445437,31947.635619294233,32401.16480211491,32753.854998030136,33005.725961589436,33237.32411523051,earthquake_m6_8
Vega Alta,North,2028,30265.45951870465,30394.38013670498,30871.248179667393,31369.29284020616,31807.14236087967,32205.578564733503,32435.82352391149,earthquake_m6_8
Vega Alta,North,2029,29011.728767333512,29346.345813208332,29793.61013183472,30448.940974499983,30918.50732304524,31539.24998090704,31821.139603389194,earthquake_m6_8
Vega Alta,North,2030,27893.221839441165,28193.074879053755,28773.236778188213,29591.058747557414,30219.491492851317,30789.732665145333,31360.492504754005,earthquake_m6_8
Vega Baja,North,2025,51622.12035619504,51927.44595466592,52373.734280664605,52880.995661884546,53287.69587847821,53795.07505824968,54116.06804635085,earthquake_m6_8
Vega Baja,North,2026,48729.403927245185,49465.769260740395,50520.78337407466,51226.0697506468,52322.73843106368,53257.6707169876,53838.666660972485,earthquake_m6_8
Vega Baja,North,2027,45779.343863450384,46756.45114579891,48440.573247267785,49557.15345360254,51038.71015611061,52428.564903142025,53307.44833836939,earthquake_m6_8
Vega Baja,North,2028,42987.9034968551,44479.0334653185,45803.21685588879,47936.82364180479,49554.36792631549,51543.43458929495,52813.894040987674,earthquake_m6_8
Vega Baja,North,2029,40462.028263990396,42248.916741500005,43894.09666933727,46277.76629170553,48577.840603933364,50545.28766742993,52789.97281336963,earthquake_m6_8
Vega Baja,North,2030,38557.79756830855,39622.13976051514,42030.239626307375,44953.395061997486,47684.905215914725,50147.10823230362,51752.79047734291,earthquake_m6_8
Vieques,East,2025,7887.4772521218365,7896.092677690102,7919.098716893858,7938.548340713736,7957.554796629303,7987.7629496145555,7999.573832596951,earthquake_m6_8
Vieques,East,2026,7599.271606971424,7627.912037765145,7664.103019647962,7712.152834635701,7757.899154188603,7804.66277632451,7830.684887516635,earthquake_m6_8
Vieques,East,2027,7294.767138679171,7323.426632141576,7393.62704319904,7460.635535257736,7536.631325589735,7600.8248700934955,7648.284466644341,earthquake_m6_8
Vieques,East,2028,6993.480409027793,7038.375370007751,7119.847232327744,7216.328360567031,7303.610621021091,7410.039293717193,7449.26694474803,earthquake_m6_8
Vieques,East,2029,6702.164537252815,6780.448512663671,6869.958582947776,6993.947443656132,7095.564179908821,7226.095794174838,7302.873689843637,earthquake_m6_8
Vieques,East,2030,6473.475277522648,6507.1082621347805,6645.623386728472,6779.080185990888,6891.054851903335,7062.900629105572,7176.702740619801,earthquake_m6_8
Villalba,South,2025,20924.695017066104,21006.03414878086,21070.88893485639,21176.395722268826,21285.912362396877,21362.67579686909,21409.731361110353,earthquake_m6_8
Villalba,South,2026,20018.22005631786,20145.623942871985,20294.051722922755,20487.797240925964,20728.206732449173,20914.256786267713,20994.845047892813,earthquake_m6_8
Villalba,South,2027,19028.99258163864,19179.490449084427,19407.712290168376,19776.116424026743,20075.422245104044,20360.73869011819,20492.214455607078,earthquake_m6_8
Villalba,South,2028,18106.725430265575,18230.120063442188,18625.36433162668,19024.166339276082,19520.249805521584,19920.019796446923,20032.42633354102,earthquake_m6_8
Villalba,South,2029,17241.71046363567,17458.528105070007,17921.798217980373,18384.658854575755,18981.136961326447,19540.911566330793,19648.96506351495,earthquake_m6_8
Villalba,South,2030,16459.603335935706,16780.000928437476,17205.149759202923,17795.89558220296,18388.650570718306,19180.143912304055,19377.38965471546,earthquake_m6_8
Yabucoa,East,2025,28547.605525195773,28601.30074735159,28721.5706813156,28860.131640404306,29002.448032650213,29124.80782485746,29205.480359626563,earthquake_m6_8
Yabucoa,East,2026,27359.622766024517,27550.954331337656,27752.704979773785,28018.45282816587,28321.155947923053,28596.81305551248,28675.670815248264,earthquake_m6_8
Yabucoa,East,2027,26149.375432296918,26347.082656590614,26681.824116123295,27131.058807352245,27585.759520412194,27975.91112987842,28197.943278978124,earthquake_m6_8
Yabucoa,East,2028,24990.57466727107,25219.445728092665,25633.309797418446,26317.709239268304,26813.811094555378,27439.91715292184,27766.534372476424,earthquake_m6_8
Yabucoa,East,2029,23810.44844550146,24102.10793878674,24589.934252130188,25460.76771773831,26166.865741586214,26894.43282417721,27163.781677068746,earthquake_m6_8
Yabucoa,East,2030,22743.88258816911,23180.245652081692,23677.62751270653,24590.69151071296,25485.092543910367,26394.806241567283,27007.266625764398,earthquake_m6_8
Yauco,South,2025,32132.42560283575,32200.519271581827,32308.35012782416,32450.81825547221,32543.177513317445,32682.733417418727,32808.505499462946,earthquake_m6_8
Yauco,South,2026,30767.943203582185,30905.459181779563,31208.9183331924,31439.712596591093,31658.89736861489,31910.389729779698,32091.509299407153,earthquake_m6_8
Yauco,South,2027,29380.58990335125,29524.663066962257,29946.587891268093,30282.252479524566,30718.793887185948,31107.235870687808,31178.436464305334,earthquake_m6_8
Yauco,South,2028,27835.08289467633,28151.339444203622,28711.396224585256,29097.89695176817,29724.10726325996,30182.58191371929,30570.452330574084,earthquake_m6_8
Yauco,South,2029,26622.51092581309,26995.731305614252,27630.804522994633,28113.658915435222,28777.84810883266,29423.27561154488,29912.782864906534,earthquake_m6_8
Yauco,South,2030,25386.556945300486,25837.570291981217,26541.36995682455,27202.279375512215,27935.604697231,28809.022806800174,29318.57274979641,earthquake_m6_8
Adjuntas,Central Mountains,2025,17430.459120039384,17478.622738625156,17546.882256740177,17626.434268750367,17708.755830105663,17796.465484734017,17838.472227091705,earthquake_m7_2
Adjuntas,Central Mountains,2026,16683.312514248544,16745.056288028045,16867.0123267292,17060.843047754868,17196.351133601005,17357.33901177565,17432.16802931724,earthquake_m7_2
Adjuntas,Central Mountains,2027,15846.180624268502,15945.48313622787,16164.791138497863,16389.955816276262,16622.4502978391,16882.38653647833,16977.377381307488,earthquake_m7_2
Adjuntas,Central Mountains,2028,14974.716199586403,15147.425695432772,15414.85757876906,15790.446700812194,16139.180922716007,16429.215087007415,16550.965602935637,earthquake_m7_2
Adjuntas,Central Mountains,2029,14181.90661819152,14388.215302225517,14700.8061702292,15269.282261765122,15650.59774592158,16048.93217598257,16252.26531275323,earthquake_m7_2
Adjuntas,Central Mountains,2030,13507.237090926395,13714.972954120187,14160.26185093634,14753.73720008677,15232.23957512347,15658.864746185713,15870.3370656468,earthquake_m7_2
Aguada,West,2025,36642.00518704079,36730.20409274099,36920.58970140346,37065.26236253737,37229.14712039229,37412.99225477091,37488.88859127292,earthquake_m7_2
Aguada,West,2026,34919.97795407233,35074.64878909197,35442.46423399243,35800.3717066573,36106.429650657155,36465.65010327999,36780.836924861935,earthquake_m7_2
Aguada,West,2027,33154.12320778559,33303.03381283714,33846.18110178473,34386.799178123954,34900.38125514016,35384.10968707113,35691.377503559066,earthquake_m7_2
Aguada,West,2028,31318.487066711947,31728.42772762785,32307.389352668622,33070.014428825845,33637.83629022229,34375.1179873795,34734.58384664715,earthquake_m7_2
Aguada,West,2029,29743.367704110085,30257.87099732133,30874.133186106665,31898.189182761897,32733.7850814435,33458.21829898371,34048.79276432612,earthquake_m7_2
Aguada,West,2030,28182.570597523256,28890.731075528558,29675.196459255523,30580.468501963493,31774.710987320173,32633.96629767931,33271.6206145115,earthquake_m7_2
Aguadilla,West,2025,51664.187576380085,52094.08028784936,52654.684283167095,53205.92658345976,53696.40892097099,54121.26019987986,54726.328334689075,earthquake_m7_2
Aguadilla,West,2026,48675.21913272252,49341.49101949368,50328.72417938268,51403.12071678389,52364.02095739907,53261.022554638745,53937.385468024564,earthquake_m7_2
Aguadilla,West,2027,45565.26157926199,46292.4975117895,47791.77061640797,49254.6053192313,50665.06126048134,52504.04544084231,53080.60550954171,earthquake_m7_2
Aguadilla,West,2028,42887.67867360321,43410.27087275811,44967.115169115925,47231.834329282996,49374.223779759486,51427.05276873754,52242.02771706936,earthquake_m7_2
Aguadilla,West,2029,39849.71423198685,41078.95020567802,42783.528060086115,45498.00799549036,47795.09372892824,50205.25662894472,52019.018494901,earthquake_m7_2
Aguadilla,West,2030,37553.96923311385,38812.162111918486,41005.62201444349,43786.3286677072,46711.05935764681,49181.10084087846,51891.73343353146,earthquake_m7_2
Aguas Buenas,Central Mountains,2025,23014.64895327138,23051.21297428669,23133.78043862887,23201.295076081664,23282.087852008917,23349.166582393857,23377.42995675338,earthquake_m7_2
Aguas Buenas,Central Mountains,2026,22043.53277988385,22157.941860245657,22300.691799777363,22457.34014728802,22597.912653881445,22736.937941015483,22844.97164159135,earthquake_m7_2
Aguas Buenas,Central Mountains,2027,21092.584137398873,21207.125322336422,21401.429044038112,21614.47508700616,21885.39627848882,22042.854927124874,22220.127454959173,earthquake_m7_2
Aguas Buenas,Central Mountains,2028,20071.199731311986,20271.825670688373,20520.729798741275,20779.136614229974,21122.167994041884,21361.277987313384,21484.44638618001,earthquake_m7_2
Aguas Buenas,Central Mountains,2029,19110.802519416524,19384.74943216481,19692.359976111078,20055.550329511618,20434.978166006542,20743.67831673953,21016.76350963396,earthquake_m7_2
Aguas Buenas,Central Mountains,2030,18335.449457624876,18527.573945978955,18957.256735590003,19404.560132775252,19795.924595919747,20198.59338691471,20476.304899904153,earthquake_m7_2
Aibonito,Central Mountains,2025,23565.150357405735,23765.00280570153,23964.373626156575,24220.722730907168,24493.028981363124,24645.288810818703,24894.964029943258,earthquake_m7_2
Aibonito,Central Mountains,2026,22101.027791483015,22345.93744317315,22855.00307702094,23440.3456093157,23916.728459969283,24397.345708698253,24636.742760050536,earthquake_m7_2
Aibonito,Central Mountains,2027,20696.717441551948,20912.764986522736,21813.919059867978,22587.64384715935,23303.75406431502,23908.845860128884,24274.298873192176,earthquake_m7_2
Aibonito,Central Mountains,2028,19211.33923482489,19580.910171695552,20661.499946429245,21738.133587795382,22746.900171304405,23586.113015547777,24081.815894538617,earthquake_m7_2
Aibonito,Central Mountains,2029,17827.08631804684,18337.890644723833,19530.818451766347,20949.790770900105,22178.120363600643,23303.229221500413,24198.337430627384,earthquake_m7_2
Aibonito,Central Mountains,2030,16555.181672307088,17226.84053862187,18456.529854515196,20392.8321230215,21719.67713968187,23170.187918028656,24197.893342508287,earthquake_m7_2
Arecibo,North,2025,83431.34602526145,83710.10932711989,84300.69332371948,84987.77694184791,85637.48016979947,86302.42810180798,86559.54904704043,earthquake_m7_2
Arecibo,North,2026,79022.7353807331,79803.2281885167,80910.22167566973,82414.85425993979,83627.93364522391,84666.05514234466,85440.60966742797,earthquake_m7_2
Arecibo,North,2027,74676.36731897804,75256.77650895556,77383.39368881981,79585.67517946438,81297.97725601537,83007.41259692729,84309.15635818956,earthquake_m7_2
Arecibo,North,2028,70432.01840283841,71993.99636912344,74049.79055113862,76782.16802823018,79157.79347095231,81667.14143521173,83502.2442780975,earthquake_m7_2
Arecibo,North,2029,66540.59052956311,68205.62185718803,70970.22837077724,74480.04020506548,77343.31929153216,80311.99374670084,82346.67656679644,earthquake_m7_2
Arecibo,North,2030,63287.5597411291,64676.44604150962,68464.49209997787,71936.5182755019,75561.51948791902,78874.64702401716,81812.84831500085,earthquake_m7_2
Arroyo,South,2025,14789.08221346261,14877.922809577727,14966.305302298188,15069.062062359468,15160.308460456155,15259.23803369746,15348.089764945973,earthquake_m7_2
Arroyo,South,2026,13883.598591100219,14062.26182988717,14326.00642823049,14500.637033935813,14689.236280271572,14891.061322646061,15053.104091237647,earthquake_m7_2
Arroyo,South,2027,12871.764015994566,13197.196367074155,13583.911900644065,13885.51436863621,14131.996474457801,14514.904606606995,14688.392940979058,earthquake_m7_2
Arroyo,South,2028,11979.867434872262,12347.655236318342,12809.386541660871,13249.221845795597,13624.976364462624,14064.270884879166,14327.464754266406,earthquake_m7_2
Arroyo,South,2029,11311.908323459968,11638.891124089558,12211.90108683017,12720.411111232777,13254.168088852788,13690.217380976917,14047.837042180809,earthquake_m7_2
Arroyo,South,2030,10689.996786751657,11033.540896593197,11605.114295995883,12261.77154944199,12874.697671201639,13335.701685412025,13875.605873891987,earthquake_m7_2
Añasco,West,2025,24470.445106451116,24505.317822025485,24573.508282062765,24664.19352043466,24735.68241620994,24810.795229058323,24840.655226798124,earthquake_m7_2
Añasco,West,2026,23445.365558967158,23538.216951826977,23651.012737947127,23823.466006252864,23982.602171448285,24115.749853802587,24169.17170404772,earthquake_m7_2
Añasco,West,2027,22333.70574012969,22418.748472003394,22623.3046706577,22880.964948421875,23109.761999877755,23327.537395194984,23486.706003066487,earthquake_m7_2
Añasco,West,2028,21263.71655367292,21380.64606005414,21643.069284806457,21947.97787145633,22267.433433416045,22623.699248332105,22779.537608871506,earthquake_m7_2
Añasco,West,2029,20298.77732731869,20430.937785086517,20775.683184694197,21132.188844598953,21542.597291644655,21955.372305966674,22251.984720078148,earthquake_m7_2
Añasco,West,2030,19354.2967185244,19560.47534996575,19953.774825047127,20373.417955042052,20894.15711086391,21375.847402873533,21654.913667386514,earthquake_m7_2
Barceloneta,North,2025,21789.083154618715,21881.516489979276,21991.353407088107,22098.915710341404,22217.35851635031,22355.57813778088,22412.859331739157,earthquake_m7_2
Barceloneta,North,2026,20823.50312631036,20991.3955954346,21162.52145498277,21409.257982980846,21656.952238188227,21862.32128616805,22071.168127264904,earthquake_m7_2
Barceloneta,North,2027,19699.46710292899,19958.8999770376,20261.18201426968,20657.303719668656,21073.660256947936,21372.719282041475,21637.63011158568,earthquake_m7_2
Barceloneta,North,2028,18706.023199487736,18994.718541773505,19434.261462501687,19935.263189000158,20379.430290078475,20902.21451307832,21090.108659172125,earthquake_m7_2
Barceloneta,North,2029,17776.707840048686,18132.06152041242,18700.272963283263,19237.787352514533,19874.31157818757,20470.887539107804,20729.600349669665,earthquake_m7_2
Barceloneta,North,2030,17008.53185600554,17374.977751067938,17970.465808934467,18561.588858855186,19306.066307907127,20030.006288512333,20460.274094962653,earthquake_m7_2
Barranquitas,Central Mountains,2025,28176.511359225755,28237.17501030902,28394.631759329655,28518.90337960369,28663.687794248694,28817.27076618669,28854.731504022988,earthquake_m7_2
Barranquitas,Central Mountains,2026,26749.28581192181,26976.58083639927,27252.5061714118,27634.15663798533,27871.071599767776,28169.582988450646,28269.152914945862,earthquake_m7_2
Barranquitas,Central Mountains,2027,25250.996259654992,25507.651131309845,26133.671747062548,26647.54811063166,26978.96545905145,27440.70644217546,27626.91245263144,earthquake_m7_2
Barranquitas,Central Mountains,2028,23886.977581798597,24145.17557089388,24983.37105447295,25663.516603093638,26174.17855264742,26620.046751183934,26919.940803972713,earthquake_m7_2
Barranquitas,Central Mountains,2029,22536.745977280392,23102.652639312706,23909.0923832643,24756.238068343133,25473.794887751188,25995.363285015977,26424.22815421871,earthquake_m7_2
Barranquitas,Central Mountains,2030,21554.8932403064,22008.670291807863,22964.888622707993,23943.40462445325,24761.2248523991,25588.77533413833,25951.53179684138,earthquake_m7_2
Bayamón,Metro,2025,175164.083381076,175900.88499138053,177699.8229664888,179279.49523872585,180884.16031315978,182274.79857660548,182780.4263553279,earthquake_m7_2
Bayamón,Metro,2026,164225.43135724126,167178.4901209697,169754.32537930593,173219.61899396527,176431.31120365235,180232.69405937928,181803.54115028415,earthquake_m7_2
Bayamón,Metro,2027,154847.86812849029,157357.87117173214,161590.79236798408,166940.56492584525,171743.36734098548,177379.6775166362,179506.81842871156,earthquake_m7_2
Bayamón,Metro,2028,144778.51199923648,148651.10076278116,153083.3718237105,159657.8811578928,167828.75127016698,174508.66228514674,178723.75885461475,earthquake_m7_2
Bayamón,Metro,2029,136235.42833678643,139951.98043927018,146482.36742276445,153819.26612487732,164187.38161326718,172341.17551730698,176900.52997679025,earthquake_m7_2
Bayamón,Metro,2030,128937.76950834676,131557.94854294733,139889.05679835507,149569.4871663886,159427.39782089618,168681.0391334634,175360.06676848527,earthquake_m7_2
Cabo Rojo,West,2025,45705.1888577428,45801.6090988891,45914.20247732907,46034.86389361226,46178.58912430116,46322.22771007562,46420.07497941957,earthquake_m7_2
Cabo Rojo,West,2026,43807.32148003749,43952.12429284582,44189.24611348372,44463.92704640325,44735.915586401614,45107.32998033364,45200.34465822116,earthquake_m7_2
Cabo Rojo,West,2027,41778.30761995807,41887.441321664824,42280.46018903731,42743.23453795391,43101.39361417395,43527.028173403436,43838.5959129314,earthquake_m7_2
Cabo Rojo,West,2028,39777.32537574984,40011.55390007155,40474.27473161365,40960.50469897724,41475.42655812378,42092.557010841745,42518.32278621825,earthquake_m7_2
Cabo Rojo,West,2029,38048.041789736344,38295.56543449789,38907.45577180054,39459.244015284785,40119.4931204021,40809.89475809057,41181.41851322023,earthquake_m7_2
Cabo Rojo,West,2030,36503.687420338225,36787.62092591777,37376.5045964359,38054.906503298356,38849.17685798567,39547.01080950145,40048.85380843483,earthquake_m7_2
Caguas,East,2025,122030.93440920163,122281.72178099104,122847.67864882699,123343.52740339714,123821.7238803867,124264.19520016764,124549.3149350224,earthquake_m7_2
Caguas,East,2026,116926.81378804479,117617.74438317063,118387.1603789905,119396.29242934618,120396.09316490461,121253.22240179306,121956.78857380933,earthquake_m7_2
Caguas,East,2027,111900.66751069133,112275.29307203558,113715.17710447803,115025.50201200665,116597.04813418593,117676.44571449085,118590.81738198514,earthquake_m7_2
Caguas,East,2028,106697.42398204599,107345.83510244901,109205.64925202058,110688.69030734757,112787.24949316308,114405.56580857828,115794.29513142536,earthquake_m7_2
Caguas,East,2029,101977.10365731396,103056.66168406325,105037.71091046039,107089.48858789828,108976.34432341385,111400.74817008046,113538.774464995,earthquake_m7_2
Caguas,East,2030,97937.69165628274,99044.69171830348,101296.55759209784,103491.399692445,105809.68098890808,108778.43017930567,111562.47081906098,earthquake_m7_2
Camuy,North,2025,31350.663357976126,31592.027184979404,31830.458163606145,32151.959298340727,32465.471432244736,32627.142011744752,32778.655583957654,earthquake_m7_2
Camuy,North,2026,29647.530945320657,30040.87052863188,30441.45964831933,31117.6277072149,31716.178708605392,32125.216377676144,32307.866699218972,earthquake_m7_2
Camuy,North,2027,27829.396545213323,28609.51878892307,29109.864256273384,30008.12181017583,30822.410372671613,31461.76544315346,31862.228484569274,earthquake_m7_2
Camuy,North,2028,26464.748661210673,26890.564281307266,27879.1442482289,28816.103414542624,29998.06931823509,30798.19353481576,31333.090318459974,earthquake_m7_2
Camuy,North,2029,24905.554083254647,25598.35157623774,26733.956401246247,27968.71812947829,29267.212053334242,30253.588365886066,30948.512594824842,earthquake_m7_2
Camuy,North,2030,23548.751111066736,24430.57797607403,25678.88292379958,27019.315370752505,28535.690943789137,29924.484475745125,30662.866616402975,earthquake_m7_2
Canóvanas,East,2025,40463.874155979654,40570.39628129078,40808.17930386512,41037.93935427813,41299.87044895912,41490.15130078743,41618.30706731941,earthquake_m7_2
Canóvanas,East,2026,38592.593077888,38764.95206540994,39168.755427593875,39810.09326335038,40229.95935185278,40528.437366335296,40972.021780996634,earthquake_m7_2
Canóvanas,East,2027,36544.99007206645,36961.77274652965,37590.66366485206,38368.20122310144,38948.723556226774,39553.783989120326,39979.74660040953,earthquake_m7_2
Canóvanas,East,2028,34744.0049660471,35099.185802740765,35976.69879601388,36954.90527762343,37788.52071773362,38694.970244153286,39168.34018175304,earthquake_m7_2
Canóvanas,East,2029,33031.50972482889,33345.0406113842,34526.80213353575,35756.53722623602,36678.69394813176,37882.25116713476,38425.35887063078,earthquake_m7_2
Canóvanas,East,2030,31283.285526034982,31672.237143955674,33084.40659215741,34550.55813234202,35868.24047212744,37069.76958557586,37660.22903615813,earthquake_m7_2
Carolina,Metro,2025,146973.28067110866,147718.79118461662,148600.5413473617,149569.12137933492,150280.649846312,151304.81611967398,151804.1620144201,earthquake_m7_2
Carolina,Metro,2026,139706.30322900022,140543.8018290339,142306.33699503785,144579.77912771318,146654.41451739357,147970.15180593997,149331.0212084057,earthquake_m7_2
Carolina,Metro,2027,131551.20798318632,133161.3153788377,136100.4864087822,139315.92031764617,142213.55164624768,144781.8878489696,146194.05910590244,earthquake_m7_2
Carolina,Metro,2028,124340.55786206837,126607.06626615796,130291.32517578686,134841.1469616809,137982.63721124677,141006.2233145049,143046.77577450467,earthquake_m7_2
Carolina,Metro,2029,118134.60081978251,120372.71886282781,124581.62930361617,129522.42352315836,134241.55353896588,138213.43623355177,141286.6632894315,earthquake_m7_2
Carolina,Metro,2030,112227.79916589601,114477.86489413747,119283.46639120544,124999.48785908494,130682.29299210664,135452.85994864462,137778.6386772016,earthquake_m7_2
Cataño,Metro,2025,21926.45682374317,21951.038104173353,22010.10515813661,22060.519979920588,22113.546106188995,22200.53348753984,22233.92904509593,earthquake_m7_2
Cataño,Metro,2026,21073.06049668623,21137.388004268894,21245.926288413444,21350.695939346177,21472.887010011,21632.390727947306,21719.774237442747,earthquake_m7_2
Cataño,Metro,2027,20116.88132980741,20234.20101498195,20405.16947980743,20583.653816130638,20768.813528103336,20996.03837443249,21073.72738767408,earthquake_m7_2
Cataño,Metro,2028,19182.019818669167,19327.472651533288,19584.245289083374,19848.655959586315,20098.798180452377,20354.907488767014,20518.486406830994,earthquake_m7_2
Cataño,Metro,2029,18289.97311137767,18537.16913160865,18849.336881990967,19214.69859281365,19488.31206168556,19822.29041360084,19948.06650599139,earthquake_m7_2
Cataño,Metro,2030,17513.1233846556,17771.19842630021,18151.48042260138,18560.302653837716,18912.204933131874,19286.68572849185,19422.447763665612,earthquake_m7_2
Cayey,Central Mountains,2025,39948.86828365295,40004.483571603465,40095.76897302785,40211.11517119473,40313.93216324447,40401.65009392707,40455.49192002089,earthquake_m7_2
Cayey,Central Mountains,2026,38289.766803507926,38371.934546298515,38662.86171918068,38891.45377000744,39132.33916988092,39374.35720366348,39482.339840331464,earthquake_m7_2
Cayey,Central Mountains,2027,36497.849530943124,36670.28815306094,37049.57528071906,37413.65664333891,37804.19794996593,38188.94700474194,38343.60090220277,earthquake_m7_2
Cayey,Central Mountains,2028,34815.995760834776,35054.00709691219,35396.9282344073,36014.98264322083,36511.49079802794,36956.629428728884,37253.02704709786,earthquake_m7_2
Cayey,Central Mountains,2029,33275.710107498155,33594.80367324845,34007.862504433986,34761.94226881262,35349.82893632043,35969.68686910804,36273.82332535913,earthquake_m7_2
Cayey,Central Mountains,2030,31880.145104929903,32224.3354644143,32800.9894842493,33575.25701499845,34283.12039444217,35032.943176125635,35386.07549296294,earthquake_m7_2
Ceiba,East,2025,10665.877203104925,10702.15712992603,10743.609374456744,10809.045972030362,10891.274510342384,10933.05049597037,10970.391533374257,earthquake_m7_2
Ceiba,East,2026,10235.417557712279,10261.761468838822,10373.967841449563,10480.287483681732,10608.488522864136,10718.08554031675,10772.047926542356,earthquake_m7_2
Ceiba,East,2027,9678.649677052577,9786.533279101124,9951.566212159247,10137.215075821503,10311.29240268637,10472.251621609961,10558.245039894875,earthquake_m7_2
Ceiba,East,2028,9130.53485327356,9320.446887929687,9546.491743039896,9780.531348744084,10010.481779807189,10209.044943454792,10350.428050591316,earthquake_m7_2
Ceiba,East,2029,8670.168555022025,8918.593151627201,9171.276687270607,9444.618572285879,9740.115956223264,9979.461539793683,10168.850275528186,earthquake_m7_2
Ceiba,East,2030,8261.669538093101,8534.03475478838,8888.218547328363,9141.678989424863,9469.602871437386,9776.273268434194,10030.995413911663,earthquake_m7_2
Ciales,Central Mountains,2025,16179.066173464573,16262.593628630799,16368.69421395844,16503.881122121187,16646.08772475347,16786.415829944814,16842.886692809785,earthquake_m7_2
Ciales,Central Mountains,2026,15281.907359459447,15392.802824096605,15650.859575628796,15961.257758360407,16223.633261489318,16536.795048602755,16739.34770082247,earthquake_m7_2
Ciales,Central Mountains,2027,14433.730421466224,14616.795434626476,14910.96048810907,15368.020978393124,15834.883596478185,16180.34191189906,16489.714403049085,earthquake_m7_2
Ciales,Central Mountains,2028,13496.027379235717,13858.775804241335,14226.757366376267,14766.659805424568,15386.44718319622,15806.342455347825,16217.039660686542,earthquake_m7_2
Ciales,Central Mountains,2029,12683.66360930036,13193.105469140504,13634.02796667999,14242.169551399564,14972.50392316511,15581.081195084787,16099.08612902554,earthquake_m7_2
Ciales,Central Mountains,2030,12076.406483151723,12507.168633087627,13068.531991616537,13771.778090084548,14637.572221121298,15401.969420794683,15788.858588658997,earthquake_m7_2
Cidra,Central Mountains,2025,38564.50628247969,38614.32289578547,38747.66003045315,38950.94426824925,39181.23241893125,39330.83474328954,39431.09539747708,earthquake_m7_2
Cidra,Central Mountains,2026,36905.400992344104,36990.98134250973,37318.99460885897,37739.45407807129,38119.10222326849,38501.407484629926,38705.44234496593,earthquake_m7_2
Cidra,Central Mountains,2027,35010.208829758805,35252.02729249613,35641.439355849965,36410.5495354568,36957.360680871905,37529.11038480655,37801.90362789343,earthquake_m7_2
Cidra,Central Mountains,2028,33077.85609737355,33471.8689861093,34127.69717940363,35011.55975638983,35790.65684880802,36536.201664500295,36976.585382775986,earthquake_m7_2
Cidra,Central Mountains,2029,31416.022042575114,31967.980900209037,32734.86019284281,33809.08547331943,34873.316928493055,35597.32599981541,36328.93845198516,earthquake_m7_2
Cidra,Central Mountains,2030,29819.745055064996,30608.925602975047,31353.517421279776,32582.887917621374,33918.56089961674,34883.70418474072,35676.65270413613,earthquake_m7_2
Coamo,South,2025,32644.355981675584,32845.438697842816,33080.480338228575,33382.19084205433,33685.15659174589,33925.776799770996,34078.894775105284,earthquake_m7_2
Coamo,South,2026,30636.9243128054,30989.181737206356,31488.820014370613,32071.571606600268,32949.85993611364,33468.36828655301,33724.25003662491,earthquake_m7_2
Coamo,South,2027,28618.246124128582,29094.316385607457,29829.048731510644,30811.07153824974,32086.567748747748,32973.494440101495,33217.366276294604,earthquake_m7_2
Coamo,South,2028,26626.478317500514,27364.218352856824,28240.46696785215,29521.467515230066,31031.40335074154,32231.2567325708,32594.03563170114,earthquake_m7_2
Coamo,South,2029,24865.12999097484,25823.25964199822,26849.61536192319,28398.554452131095,30213.307268468518,31668.014619227197,32491.553518447716,earthquake_m7_2
Coamo,South,2030,23530.7615333027,24281.943848870033,25751.670600188427,27508.490698249265,29483.650510670926,31355.61510417029,32219.348752119906,earthquake_m7_2
Comerío,Central Mountains,2025,18251.601889889294,18284.260977094997,18333.16239056814,18379.130212418437,18438.392302737677,18475.741740063684,18493.921402176395,earthquake_m7_2
Comerío,Central Mountains,2026,17488.02357358548,17554.33977230007,17670.040438105265,17788.964152860244,17896.81121761448,17963.51101630873,18014.79702527505,earthquake_m7_2
Comerío,Central Mountains,2027,16673.46817531874,16777.276221524477,16954.692253974717,17121.72433355984,17273.17003392904,17426.75548941096,17492.416675486857,earthquake_m7_2
Comerío,Central Mountains,2028,15930.01293612259,16029.902118985394,16262.53730441734,16497.7252396252,16667.97708366777,16875.626325580837,16952.69614691005,earthquake_m7_2
Comerío,Central Mountains,2029,15249.56811196183,15361.515569969259,15629.354097528641,15932.694986782953,16136.536255493143,16403.6794253074,16511.003434632967,earthquake_m7_2
Comerío,Central Mountains,2030,14635.880545490047,14763.65989680169,15087.424023489179,15424.152911639669,15668.574658769532,16000.232261432135,16171.187240900425,earthquake_m7_2
Corozal,Central Mountains,2025,33315.3439516347,33471.75016763737,33648.50902624084,33862.207627965035,34082.45722173894,34299.508779160366,34418.91902967445,earthquake_m7_2
Corozal,Central Mountains,2026,31686.095496792088,31967.21422441275,32371.516344990017,32801.41456073265,33258.908459039376,33619.92764379325,33921.77970097595,earthquake_m7_2
Corozal,Central Mountains,2027,29973.125847569067,30392.36696072268,30864.021256864828,31627.970375527206,32290.01446649003,32958.22575744681,33467.24460083656,earthquake_m7_2
Corozal,Central Mountains,2028,28220.2200308915,28618.701944401346,29538.306530843503,30448.338188504556,31372.821540557263,32271.10428363331,32692.358122245612,earthquake_m7_2
Corozal,Central Mountains,2029,26570.007901791596,27124.744895192627,28296.642304834662,29425.839883721183,30550.276974533575,31560.31067700118,31982.92705894159,earthquake_m7_2
Corozal,Central Mountains,2030,25139.016094197203,25699.54171807601,27166.516986170944,28541.299556653823,29859.14404734406,30784.865091025844,31724.704709501315,earthquake_m7_2
Culebra,East,2025,1290.809733752322,1308.553529600647,1338.021682012994,1368.6847729183037,1396.2557453122088,1418.4413047066373,1433.2607796623067,earthquake_m7_2
Culebra,East,2026,1180.5381171659517,1216.635126119228,1276.2813071225512,1327.806744305972,1384.7968444497606,1429.389710562056,1470.7013098591663,earthquake_m7_2
Culebra,East,2027,1067.7857306243475,1109.7584376914856,1207.4388392853539,1283.2177329650758,1389.2221941733353,1457.761021988573,1512.0142764288114,earthquake_m7_2
Culebra,East,2028,948.051419353042,1018.0411422188284,1126.759851880183,1248.6778307807956,1376.4234514626455,1472.6945374502245,1614.6558032916869,earthquake_m7_2
Culebra,East,2029,885.0536184173136,954.7726296569715,1059.1233139805745,1219.0724724247652,1383.376557778764,1531.356875471484,1655.884974577666,earthquake_m7_2
Culebra,East,2030,793.9909536149648,888.788582780205,993.2610921817767,1189.8113118128922,1383.7034499916226,1545.252626191533,1693.9010876025295,earthquake_m7_2
Dorado,North,2025,34910.88301145414,34988.13520286642,35089.10357854946,35199.906256643284,35319.76218800504,35435.0076321814,35513.380681760624,earthquake_m7_2
Dorado,North,2026,33499.97224494827,33681.19624627443,33925.63886953003,34138.33921284939,34382.521600416425,34582.500008210205,34681.94582755018,earthquake_m7_2
Dorado,North,2027,32090.137561406777,32265.247802648453,32651.869774311526,32998.62705552308,33338.8678819024,33661.37514845734,33775.05444616556,earthquake_m7_2
Dorado,North,2028,30554.53305391911,30856.81983473421,31344.576765849495,31812.179596493384,32350.509134125175,32700.633879700967,32985.00226868786,earthquake_m7_2
Dorado,North,2029,29027.36120057888,29621.42773080633,30143.30363444934,30767.737563374154,31437.91681971575,31949.036180172057,32202.84411136776,earthquake_m7_2
Dorado,North,2030,28001.369271154865,28464.545750756504,29121.5840611658,29892.761830289055,30556.72381919186,31152.48143202865,31530.47826129072,earthquake_m7_2
Fajardo,East,2025,30299.27972471351,30461.536364231608,30743.94490899572,31033.244595050328,31318.52884788214,31597.919055992388,31787.415014916623,earthquake_m7_2
Fajardo,East,2026,28527.129427292984,29005.62022038688,29470.852677624578,30173.305339718172,30667.638086792722,31257.781558398405,31504.224672360073,earthquake_m7_2
Fajardo,East,2027,27019.177009521194,27279.946056721365,28029.809908665546,28993.704001789658,29951.06686716426,30680.855263792964,31214.60599857153,earthquake_m7_2
Fajardo,East,2028,25108.480296546957,25641.69458368555,26393.293702886727,27935.077816928217,29392.342640234303,30102.916575457202,30802.366245432982,earthquake_m7_2
Fajardo,East,2029,23535.830122622843,24030.193190073758,25127.954761338413,26907.660821344754,28567.757471663725,29968.64975117104,30926.28889874645,earthquake_m7_2
Fajardo,East,2030,22022.352931232388,22743.032414317582,23851.12874673641,26060.896251754835,27942.71541752148,29453.771293471953,30850.77342089747,earthquake_m7_2
Florida,North,2025,11206.618265149264,11233.06896243295,11274.484751167458,11322.692794903982,11374.353264384466,11417.516116432986,11431.862672222507,earthquake_m7_2
Florida,North,2026,10737.559659623998,10802.76161246028,10879.257543597681,10979.68372059747,11060.8908569367,11135.811512889104,11185.505291295935,earthquake_m7_2
Florida,North,2027,10235.421562260066,10286.625747891629,10430.169795576076,10584.193623907438,10727.950848028056,10834.950798105661,10917.30756850943,earthquake_m7_2
Florida,North,2028,9691.758172515814,9831.679621135363,9978.698762785636,10190.42274397751,10389.950983525665,10541.31133862234,10695.15489417054,earthquake_m7_2
Florida,North,2029,9206.967492854421,9405.744088716441,9577.696359254012,9831.124004499878,10096.487718486167,10295.556477395063,10465.331722504801,earthquake_m7_2
Florida,North,2030,8849.611083447759,9018.393272857893,9227.268297862243,9521.971016785217,9854.967127474774,10045.657396707367,10191.667005163907,earthquake_m7_2
Guayama,South,2025,34052.93054391586,34160.52679712755,34433.711056922395,34684.05677829596,34867.92496934187,35096.044654805366,35203.65123050514,earthquake_m7_2
Guayama,South,2026,32365.993786531002,32507.291798342638,32906.79395988184,33392.5345520757,33850.75761589945,34289.88452902926,34514.94144704404,earthquake_m7_2
Guayama,South,2027,30366.716597682163,30746.342441358967,31348.094397784727,31917.68885236232,32869.62550876022,33327.61134175399,33545.68542631282,earthquake_m7_2
Guayama,South,2028,28367.926639205343,28993.622435099198,29780.933882814676,30666.628748322455,31796.115480509296,32433.974904359842,32923.92941824573,earthquake_m7_2
Guayama,South,2029,26814.846691953782,27367.4396310582,28503.770938151,29465.958260573316,30639.32935812499,31637.916920666772,32361.08638847377,earthquake_m7_2
Guayama,South,2030,25359.110268640754,26072.77169833428,27194.498863086526,28526.572844845694,29627.21464904487,31177.368963533372,31926.346023491427,earthquake_m7_2
Guayanilla,South,2025,16705.850112813845,16740.212603763655,16792.078147291366,16848.4368426052,16889.73329209217,16952.084551698186,16972.527789929612,earthquake_m7_2
Guayanilla,South,2026,15954.927284173726,16026.503147160074,16118.243173131625,16235.431374499127,16347.048375770548,16447.24225142968,16505.501800587524,earthquake_m7_2
Guayanilla,South,2027,15193.133503594785,15238.004712583053,15381.558667442647,15572.297793524012,15752.52287451041,15884.808586638792,16028.765544631879,earthquake_m7_2
Guayanilla,South,2028,14354.941289084078,14488.210232425134,14703.99263194812,14911.815091637838,15156.988818062619,15374.74550660508,15525.031797178308,earthquake_m7_2
Guayanilla,South,2029,13624.964123871838,13850.144191012792,14107.421962753511,14344.201048349772,14637.02388002699,14975.50645765693,15116.940487863514,earthquake_m7_2
Guayanilla,South,2030,13023.603135019886,13275.378650694278,13544.91282630896,13819.645569038155,14187.041302212001,14529.30447743996,14820.200892223733,earthquake_m7_2
Guaynabo,Metro,2025,86122.0507894987,86487.5188865013,87160.35256141613,87803.18443879008,88489.17332465615,89046.27579663077,89466.27933122583,earthquake_m7_2
Guaynabo,Metro,2026,81920.59711986598,82597.84009989371,83747.45467605519,84897.71183429008,86378.13169194355,87550.53745735023,88266.8929743019,earthquake_m7_2
Guaynabo,Metro,2027,77543.52412665993,78577.52204812155,80130.1291636683,81963.95019493603,84077.36683625603,85813.56878543628,86747.84024395587,earthquake_m7_2
Guaynabo,Metro,2028,73016.53921653611,74335.77128276438,76668.44153383381,79066.86542355845,81873.86253389066,83743.6076360759,85772.62961649749,earthquake_m7_2
Guaynabo,Metro,2029,68959.05294188623,70679.31060393905,73753.03967059782,76338.59455659117,80031.51013062336,82863.21922793245,84339.46033509474,earthquake_m7_2
Guaynabo,Metro,2030,65321.98585102196,67138.56647232962,70738.95487455267,74070.4811359194,77817.85135777784,81039.21975381773,84344.34415476283,earthquake_m7_2
Gurabo,East,2025,38148.19221516,38319.95145330648,38867.93385153781,39335.380787341426,39944.92047494095,40358.186998435645,40689.086299802635,earthquake_m7_2
Gurabo,East,2026,35815.24810220813,36233.86704069253,37045.60592199987,37996.82284226797,39224.03120887885,39926.20030117657,40385.53264445104,earthquake_m7_2
Gurabo,East,2027,32941.260131944386,33483.85002762487,34855.749322313786,36588.835085319035,38271.36921637455,39434.59954965652,40323.64325833367,earthquake_m7_2
Gurabo,East,2028,30225.15902990229,31259.977148839836,33074.93944483191,35308.246269190626,37058.562186243114,39372.24291605956,40013.9477254488,earthquake_m7_2
Gurabo,East,2029,28161.84255159792,28861.63242876676,31283.055142007663,34201.70584086416,36545.22018162127,38959.17522611099,40345.260506094586,earthquake_m7_2
Gurabo,East,2030,25845.78153182399,26884.60583823543,29992.677821456557,32893.052536955656,35621.730990464726,39060.04203601059,40161.639195571704,earthquake_m7_2
Guánica,West,2025,12407.138482434168,12449.595394168788,12534.96028766461,12617.650144394916,12722.808175160375,12806.659849207912,12836.935692349158,earthquake_m7_2
Guánica,West,2026,11742.661505301745,11826.679554590948,11960.895290444008,12181.9113519071,12346.88430780607,12484.381939056862,12592.85092488547,earthquake_m7_2
Guánica,West,2027,10959.082401779911,11141.62819295046,11389.719440161125,11645.674038732684,11958.419687357848,12205.096070139642,12362.712361802896,earthquake_m7_2
Guánica,West,2028,10209.61000830826,10443.002367746674,10813.089031641195,11171.644028106359,11560.556875248934,11901.616368901809,12239.643866963628,earthquake_m7_2
Guánica,West,2029,9550.395023549829,9846.357538809358,10301.113434086928,10753.238437833981,11237.778749033081,11704.297061206827,11941.785248942522,earthquake_m7_2
Guánica,West,2030,8999.01210218248,9348.214557731984,9887.84771931314,10403.85331077256,10970.341147584439,11529.286714271278,11863.195348098523,earthquake_m7_2
Hatillo,North,2025,37163.407405259866,37214.74682459124,37356.17574484524,37475.83233309611,37606.137767590364,37717.168613361384,37765.0762957821,earthquake_m7_2
Hatillo,North,2026,35642.51911181886,35844.977043751,36047.633791609456,36339.26407032869,36609.922555155834,36808.4331011033,36909.298320209025,earthquake_m7_2
Hatillo,North,2027,34099.38256716292,34277.99790193052,34714.574450335145,35075.564146681005,35453.64313849161,35775.07475491853,36056.85138621751,earthquake_m7_2
Hatillo,North,2028,32465.794128462698,32794.74271827988,33374.83387001153,33872.41489868371,34322.06426353914,34759.65342729046,35084.22805417726,earthquake_m7_2
Hatillo,North,2029,31022.200172976543,31454.724818400235,32075.02968092647,32790.79294046013,33277.50913814515,33856.69763255158,34336.07186993827,earthquake_m7_2
Hatillo,North,2030,29568.026988402093,30268.272163368936,30931.198640862534,31840.097340230415,32370.48929940768,33210.76228260847,33615.707886046235,earthquake_m7_2
Hormigueros,West,2025,15079.134909482837,15098.173892553315,15126.959651659996,15170.82767311221,15209.661501389295,15247.11240013484,15269.90910595309,earthquake_m7_2
Hormigueros,West,2026,14460.001710308836,14488.674662632506,14558.251777871632,14652.004279266286,14741.44814908369,14825.321230626081,14876.78313922125,earthquake_m7_2
Hormigueros,West,2027,13765.786620215622,13826.173578355449,13951.415464247671,14077.496570791207,14219.107909439223,14331.641310222545,14396.875419089516,earthquake_m7_2
Hormigueros,West,2028,13113.488455670971,13210.547355443396,13373.738035388287,13511.917236461,13710.014667354353,13878.491020051057,13950.291713976494,earthquake_m7_2
Hormigueros,West,2029,12505.207656106286,12627.648103098518,12830.189410080402,13029.238635906135,13271.66419310086,13448.967273953955,13541.669890168545,earthquake_m7_2
Hormigueros,West,2030,11987.586032808194,12129.528651477645,12345.06046822104,12574.559960025417,12830.271305615119,13062.619864165528,13170.463848336676,earthquake_m7_2
Humacao,East,2025,48856.68122627468,48926.45740555214,49079.24906160592,49247.88694350172,49380.206421631214,49484.793038175856,49595.94042605172,earthquake_m7_2
Humacao,East,2026,46982.56401885286,47144.91884954859,47381.54463250525,47701.05756672926,47975.88641041538,48228.057662311185,48357.70373633881,earthquake_m7_2
Humacao,East,2027,44945.424841359454,45166.151501114124,45573.1631988465,46003.90719912984,46494.84608551038,46750.1387675591,47076.22952444401,earthquake_m7_2
Humacao,East,2028,43011.76594730495,43257.245671113684,43762.455482346995,44310.03841926872,44916.4297062544,45419.919568516365,45771.999368971505,earthquake_m7_2
Humacao,East,2029,41285.54793273475,41567.379241318915,42151.19840187477,42823.26708126502,43587.71232794194,44086.681099396716,44672.48664358954,earthquake_m7_2
Humacao,East,2030,39548.42823588341,40017.846403825,40707.87221188085,41482.32881310166,42338.01528963767,43042.12586958319,43646.586264302954,earthquake_m7_2
Isabela,West,2025,41385.3180191484,41564.77707237405,41837.943036614575,42136.34168495712,42461.96968348014,42788.390220848254,42943.00892213418,earthquake_m7_2
Isabela,West,2026,39286.42914641979,39543.67515301494,40065.245119086314,40668.22407829584,41359.07688191869,41956.344694022846,42307.40926512305,earthquake_m7_2
Isabela,West,2027,37140.10586950964,37564.40852950584,38191.13146383381,39020.08770171844,40010.526709679245,41066.175790312605,41543.52719100361,earthquake_m7_2
Isabela,West,2028,34961.80840259423,35515.650534954184,36331.74899590452,37585.7229821028,38810.65151065281,40102.80342111978,40569.73183420457,earthquake_m7_2
Isabela,West,2029,32966.0613493672,33592.934288198914,34821.59844143681,36115.79421273542,37754.85022780531,39332.20563505279,40236.0993824453,earthquake_m7_2
Isabela,West,2030,31440.057473784153,31981.139120391013,33218.3727237793,34955.93756335951,36504.52274714205,38647.78856514414,39961.77786064223,earthquake_m7_2
Jayuya,Central Mountains,2025,14075.713003720835,14125.520135022844,14201.061026630934,14307.221547984624,14412.190736255327,14513.45160671296,14580.043698610987,earthquake_m7_2
Jayuya,Central Mountains,2026,13408.277508343672,13482.37856627724,13614.537966364509,13859.849811635773,14047.979858748073,14236.491315102869,14334.369680438906,earthquake_m7_2
Jayuya,Central Mountains,2027,12695.989506061373,12789.464626209558,13041.973744122559,13319.845308436721,13607.404398026374,13939.083952630204,14135.023584478995,earthquake_m7_2
Jayuya,Central Mountains,2028,11903.855455473422,12133.253367302992,12425.213765650233,12824.945437059305,13204.584220948127,13630.962459740129,13985.476869155293,earthquake_m7_2
Jayuya,Central Mountains,2029,11313.46455415181,11545.654553526514,11945.2174759706,12392.923723404387,12931.09178264929,13308.187676959918,13888.331723004228,earthquake_m7_2
Jayuya,Central Mountains,2030,10742.295984677523,11047.152425010829,11441.762897410135,12001.146824168913,12577.571410206841,13133.14413026249,13583.895970433277,earthquake_m7_2
Juana Díaz,South,2025,44818.09012543889,44924.56350536932,45099.106919815655,45349.74405970772,45613.02745384556,45837.37027793163,45920.62087365817,earthquake_m7_2
Juana Díaz,South,2026,42627.379517262874,42848.50486173926,43213.38299888697,43724.00670354154,44269.04429025204,44701.28297701162,44906.946650723396,earthquake_m7_2
Juana Díaz,South,2027,40164.9736433618,40494.860155646675,41159.33539319657,41903.84064732435,42630.09256708586,43547.910141047185,43764.816252989,earthquake_m7_2
Juana Díaz,South,2028,37929.66006724899,38346.45092744597,39253.457530969914,40189.894492869746,41108.52855511907,42211.76662630052,42720.12914072963,earthquake_m7_2
Juana Díaz,South,2029,35825.74047437995,36309.51008028419,37518.93190248284,38666.91944258066,39656.11956777067,41080.06683269263,41691.41063481785,earthquake_m7_2
Juana Díaz,South,2030,34078.76630481512,34586.208679796335,35843.691596668505,37270.09424093855,38491.457383902816,39915.115127750476,40809.18362570732,earthquake_m7_2
Juncos,East,2025,35894.11618688595,35967.6385854086,36072.10112185223,36220.31757270392,36373.81257948839,36485.279948659794,36538.97241162314,earthquake_m7_2
Juncos,East,2026,34428.96427662788,34619.47696892005,34866.26169493985,35077.68658007865,35400.99968717446,35606.3139213886,35745.41337006232,earthquake_m7_2
Juncos,East,2027,32776.47599425558,33022.778486387084,33386.9298447289,33847.61016739292,34311.37450407155,34672.1485361127,34882.08088512827,earthquake_m7_2
Juncos,East,2028,31288.18414265178,31531.75513724211,31922.30958049443,32649.794618458298,33186.55173094834,33731.951376468896,33950.13359895287,earthquake_m7_2
Juncos,East,2029,29851.277234252597,30098.34647882821,30663.914681313494,31508.73633607375,32158.17551236226,32876.73758861691,33062.56478441589,earthquake_m7_2
Juncos,East,2030,28609.787406021205,28962.800686883533,29644.39134132227,30553.45377600654,31277.33175783972,32032.486150581793,32429.412058930724,earthquake_m7_2
Lajas,West,2025,22213.189133995616,22335.170652133464,22503.147815118038,22669.39209314367,22817.7024802437,22923.573271533598,23063.27967883433,earthquake_m7_2
Lajas,West,2026,21112.676567640203,21267.8183386505,21562.373934770483,21931.65319451512,22227.708885805703,22490.10101560202,22711.721077829196,earthquake_m7_2
Lajas,West,2027,20032.271124081057,20179.189829903407,20532.11210623932,21128.47582452693,21577.89288958658,22012.26473239683,22282.339443633362,earthquake_m7_2
Lajas,West,2028,18795.95858911627,19133.203590198667,19629.740188129486,20269.36080813531,20881.822815495354,21581.179789187598,21879.839658875346,earthquake_m7_2
Lajas,West,2029,17808.192968024297,18178.32255520194,18662.33319507416,19478.983756956084,20247.7861081339,21039.907140560714,21640.887611918177,earthquake_m7_2
Lajas,West,2030,16932.396480035353,17218.497412858786,17874.29466996384,18808.895546604363,19665.11263892019,20629.080875710886,21227.371879869326,earthquake_m7_2
Lares,Central Mountains,2025,26397.219549715737,26560.27859520492,26945.31458170901,27368.133011834507,27853.790066312624,28326.10680910586,28478.215626333204,earthquake_m7_2
Lares,Central Mountains,2026,24131.436538669957,24542.704053662976,25437.929577488532,26565.16297226451,27371.840017857954,28292.081256685233,28899.76319746018,earthquake_m7_2
Lares,Central Mountains,2027,22063.290564433573,22642.38169100216,23812.438323371207,25462.070798464745,26811.74730120851,27948.524814614953,29165.0011058926,earthquake_m7_2
Lares,Central Mountains,2028,20115.406812646725,20906.397272884184,22350.0446050606,24335.69931820508,26029.531988346633,27656.7408461353,28926.1704934933,earthquake_m7_2
Lares,Central Mountains,2029,18050.47942037192,19091.213662890736,21313.08205683741,23578.388931253325,25808.276696008703,27353.320948418008,28839.81497852073,earthquake_m7_2
Lares,Central Mountains,2030,16675.521716854386,17699.725096390965,20319.51927686762,22936.692110884444,25450.899686187124,27397.96328929851,29125.41076120744,earthquake_m7_2
Las Marías,West,2025,8344.549766734335,8388.589328368402,8474.999457517131,8571.121065575302,8676.995250205942,8776.99609649273,8821.409553732412,earthquake_m7_2
Las Marías,West,2026,7749.8509688779595,7901.716392821244,8080.534080268632,8286.28892024329,8489.23871074205,8659.732007662502,8734.823426384177,earthquake_m7_2
Las Marías,West,2027,7222.8882736226815,7331.943438714335,7668.293116323296,7990.71500103176,8278.531984207151,8504.005075173123,8625.143158204202,earthquake_m7_2
Las Marías,West,2028,6648.184470001303,6884.691633809441,7172.472308516337,7729.522406299715,8091.8911159055115,8356.88480451491,8586.38954388464,earthquake_m7_2
Las Marías,West,2029,6176.188580238298,6401.026319603657,6769.872273804631,7415.178978732847,7863.933376600187,8294.722003053168,8553.581146119643,earthquake_m7_2
Las Marías,West,2030,5831.143891470356,5931.986710206978,6425.775874009418,7080.354224672328,7779.483774141822,8216.84198572663,8524.964524714343,earthquake_m7_2
Las Piedras,East,2025,33907.84659824233,33972.582433217045,34158.12424450906,34335.812187949836,34536.57893429402,34703.904858325324,34774.44101011549,earthquake_m7_2
Las Piedras,East,2026,32344.073585297887,32529.33289135497,32841.39793285758,33224.789196086786,33677.62208067715,34022.25711007493,34303.345283325696,earthquake_m7_2
Las Piedras,East,2027,30795.81500059866,30996.826227937065,31382.201666951827,31973.614207184233,32741.026648176292,33208.21909058514,33587.3136831188,earthquake_m7_2
Las Piedras,East,2028,29145.510751667895,29422.96366543046,29989.84832437997,30821.47167937729,31710.77478478272,32357.699417458578,32801.10315786697,earthquake_m7_2
Las Piedras,East,2029,27537.53983345431,28019.319291615666,28819.9338366569,29751.970155711453,30725.51452684615,31628.108418827873,32267.10581042412,earthquake_m7_2
Las Piedras,East,2030,26247.395952210452,26750.755994739553,27693.22293783731,28754.044262942363,30001.394589697542,31034.83672917605,31554.856760644605,earthquake_m7_2
Loíza,East,2025,22194.524284573625,22216.348970292256,22281.974051507466,22362.58681143115,22434.1064335268,22511.874701536744,22537.97658762192,earthquake_m7_2
Loíza,East,2026,21285.377292240344,21358.8149566706,21501.746186542543,21649.22536852119,21785.107886471043,21894.96310514217,21988.778383928617,earthquake_m7_2
Loíza,East,2027,20369.6008673942,20449.61256710188,20657.572772768603,20882.2534806108,21068.814281414507,21208.162234382038,21337.291912269062,earthquake_m7_2
Loíza,East,2028,19401.0004540892,19517.805866328286,19844.50571977389,20142.07562721922,20340.358251932015,20553.958128595248,20699.82891182252,earthquake_m7_2
Loíza,East,2029,18557.570840079326,18691.525355008915,19103.338404883027,19448.1643735129,19731.498970175988,20013.949976281965,20129.084771471567,earthquake_m7_2
Loíza,East,2030,17769.808846930384,17961.531724449236,18388.500787742552,18810.198429516913,19164.6929137912,19492.600252140735,19701.104667560838,earthquake_m7_2
Luquillo,East,2025,17088.284304527675,17126.01939940804,17184.804396828666,17230.239801101634,17280.340710647077,17328.050357329295,17353.96216677893,earthquake_m7_2
Luquillo,East,2026,16381.025170799687,16483.178938246532,16586.699792911444,16696.98579965625,16801.62992030645,16886.089427488638,16939.78266084484,earthquake_m7_2
Luquillo,East,2027,15706.611173999969,15782.239804740037,15942.478554768732,16110.327907614535,16254.68343490865,16404.344606140698,16509.014051058333,earthquake_m7_2
Luquillo,East,2028,15009.080779381458,15121.74590257633,15294.198149044041,15519.642477957514,15722.046148312875,15921.453995875689,16043.194033355432,earthquake_m7_2
Luquillo,East,2029,14382.866740790534,14465.340492486155,14697.203319557218,15007.913744303298,15234.733926935172,15479.315420726414,15645.789917540078,earthquake_m7_2
Luquillo,East,2030,13810.856925342927,13962.491678436338,14172.934257371198,14480.7220722455,14835.402234470239,15094.205449695992,15345.402130154813,earthquake_m7_2
Manatí,North,2025,37695.015619148704,37834.97847860505,37978.882954787055,38257.34701481955,38455.36539770688,38731.11237391872,38861.50518843764,earthquake_m7_2
Manatí,North,2026,36043.960767754266,36243.76790294066,36511.67994358555,36986.67176076122,37515.060238239785,37895.28185624657,38222.44806145338,earthquake_m7_2
Manatí,North,2027,34123.443845942915,34420.7204002145,34994.55871533304,35734.054993078316,36537.49491093637,37212.31361259115,37564.772974850384,earthquake_m7_2
Manatí,North,2028,32349.64232704406,32770.176913280164,33439.74822107873,34386.35476730627,35500.69980096956,36373.4333411402,37007.221718982706,earthquake_m7_2
Manatí,North,2029,30632.975804451165,31169.62208337849,32073.746910033355,33309.65517240563,34545.71555315482,35757.628572143614,36703.799438662296,earthquake_m7_2
Manatí,North,2030,29106.43715452141,29592.485460853037,30959.50784352411,32344.58539992004,33698.45642863637,35351.70416593005,36159.1863465342,earthquake_m7_2
Maricao,West,2025,4770.713596681651,4789.043469211772,4838.407500135392,4881.907367989805,4934.014076236492,4996.844128813088,5025.53566105575,earthquake_m7_2
Maricao,West,2026,4469.137290949678,4505.88506607297,4602.054769396493,4716.446667223712,4836.357156093773,4919.592560528743,4957.14996104034,earthquake_m7_2
Maricao,West,2027,4087.4649250120415,4194.603603474725,4357.831461475485,4536.149652695056,4699.9178680725545,4810.006907570688,4891.244460967216,earthquake_m7_2
Maricao,West,2028,3796.873439138632,3922.611213272531,4131.465796759782,4358.192074720767,4564.613601145615,4753.61311923055,4833.423380689501,earthquake_m7_2
Maricao,West,2029,3465.2530454078815,3671.887106031097,3918.2957141146685,4183.68109984466,4469.059415841607,4694.4872871290445,4817.755757745686,earthquake_m7_2
Maricao,West,2030,3260.5889921793073,3463.9961692524753,3758.645880946284,4008.8924401102377,4364.097013447783,4688.488894781548,4796.872292649362,earthquake_m7_2
Maunabo,East,2025,10116.038995624707,10143.453073668998,10183.505401320353,10224.515308746373,10266.580859366406,10303.347172866577,10329.395426925652,earthquake_m7_2
Maunabo,East,2026,9670.947568959558,9741.199753069786,9832.891653697796,9910.32433301043,9992.662213788699,10072.1215773699,10106.94792756962,earthquake_m7_2
Maunabo,East,2027,9244.156504437218,9309.47050016384,9448.09052565508,9580.920417363955,9684.85681432956,9779.254810627279,9879.105029366356,earthquake_m7_2
Maunabo,East,2028,8813.504442433217,8890.184725727247,9074.221699883854,9224.97461979582,9390.98971740278,9523.095591990597,9610.897801535004,earthquake_m7_2
Maunabo,East,2029,8444.063672699534,8522.30954166157,8741.103928513447,8901.155587636022,9123.42355621686,9298.101971502592,9419.94878924525,earthquake_m7_2
Maunabo,East,2030,8064.165098501464,8205.265879048015,8399.600324850844,8600.847571349994,8865.7370696373,9096.931769164541,9255.988722976324,earthquake_m7_2
Mayagüez,West,2025,68820.54352543887,69013.31320475365,69235.83473207013,69562.61640111584,69874.11794532505,70093.52970406394,70273.53026721926,earthquake_m7_2
Mayagüez,West,2026,65916.38512924964,66012.35577005314,66532.18877188538,67143.69430730396,67858.88533620987,68431.04097223363,68833.27848669839,earthquake_m7_2
Mayagüez,West,2027,62352.519155397706,62662.769995768766,63472.62845856683,64506.482998484935,65638.28446493455,66339.48648888759,66802.6725614694,earthquake_m7_2
Mayagüez,West,2028,58780.24699492081,59582.63767565809,60494.72824661207,61966.65715543822,63508.95280766455,64433.4177028426,65303.49772426074,earthquake_m7_2
Mayagüez,West,2029,55805.49018590099,56621.33272864414,57730.76417549695,59715.785978357555,61362.25897730756,62634.986458926796,64156.60452851992,earthquake_m7_2
Mayagüez,West,2030,53085.23946084332,54131.648292476406,55294.34850627357,57827.87874260089,59472.45202239207,61420.21864550672,62417.15779969677,earthquake_m7_2
Moca,West,2025,36038.2270186571,36159.240066153194,36410.26923152735,36764.89184481699,37083.513617747616,37372.17028547818,37495.44715284428,earthquake_m7_2
Moca,West,2026,33976.838847197985,34253.48791913281,34754.568253923055,35468.932787424405,36210.15769477548,36774.70900559664,37026.08716515976,earthquake_m7_2
Moca,West,2027,31749.51296592228,32029.962644604737,33004.71399461511,33970.48697935178,35186.45658785071,35936.83580645045,36342.33066399354,earthquake_m7_2
Moca,West,2028,29732.198853747665,30069.59030995089,31304.884032320297,32516.562031407797,33904.427773586125,35383.55816768512,35661.007065585574,earthquake_m7_2
Moca,West,2029,27848.98788828219,28367.201715586616,29750.690006333694,31330.25350694837,32897.72463823031,34409.71791804075,35277.67893445932,earthquake_m7_2
Moca,West,2030,26040.54419069979,26918.011575144348,28359.406042026138,30211.098536034537,32158.946726218965,33680.304655830005,35402.60328490164,earthquake_m7_2
Morovis,Central Mountains,2025,27507.84162619742,27622.621094498045,27744.870880616374,27892.164740051783,28052.35175847417,28197.450506744437,28283.127637611004,earthquake_m7_2
Morovis,Central Mountains,2026,26184.76984465548,26490.891403516904,26684.40936987621,27021.741553124582,27260.94370228147,27598.37973073416,27710.595835332668,earthquake_m7_2
Morovis,Central Mountains,2027,24810.738287620487,25117.980870940126,25581.5761114299,25951.849881482092,26441.70784937938,26898.627234058593,27197.96212208155,earthquake_m7_2
Morovis,Central Mountains,2028,23502.960501471465,23749.26997300952,24387.83405208948,25024.814348793254,25621.35260714147,26210.048953566926,26628.277693044758,earthquake_m7_2
Morovis,Central Mountains,2029,22307.222216617123,22559.91313889477,23364.714572100143,24209.956816049824,24945.649692038005,25681.734948681256,26070.33315303565,earthquake_m7_2
Morovis,Central Mountains,2030,21157.106321951196,21562.41082981406,22437.309376880985,23424.22513914611,24223.43019447333,25155.224709281418,25907.142408461794,earthquake_m7_2
Naguabo,East,2025,22132.577588899458,22268.760513193585,22440.070977745454,22635.318809192067,22875.110824700903,23138.549806124014,23240.21486279241,earthquake_m7_2
Naguabo,East,2026,20882.67053561125,21087.562448886296,21525.69402928697,21947.575605337843,22439.11047244288,22807.284510917532,22944.9148515605,earthquake_m7_2
Naguabo,East,2027,19483.154646317398,19695.61409331596,20593.596259815182,21310.12445812866,21918.027892051883,22405.335572729557,22832.09054918753,earthquake_m7_2
Naguabo,East,2028,18177.295117045443,18714.186514844212,19628.342265315267,20674.89818199727,21464.64763658597,22224.47612479361,22782.927462930133,earthquake_m7_2
Naguabo,East,2029,17034.027687916096,17728.17446332441,18814.941626207874,19929.010328728207,21025.983333861586,21980.168350639273,22796.59640732017,earthquake_m7_2
Naguabo,East,2030,16133.294683602388,16791.40329228128,18150.063190707493,19306.222590487654,20631.745580956536,21768.401309778346,22345.769362121933,earthquake_m7_2
Naranjito,Central Mountains,2025,28273.67344102816,28341.43683933806,28527.301492153343,28770.287956619657,28922.18830971256,29126.2344706147,29228.60758031884,earthquake_m7_2
Naranjito,Central Mountains,2026,26803.79260897336,26955.43358838743,27417.928076061842,27808.06862426966,28065.494466192074,28495.11005889394,28662.295964892306,earthquake_m7_2
Naranjito,Central Mountains,2027,25131.482111144454,25453.271642154203,26076.45671171014,26704.132367569873,27181.398818946902,27820.095902092628,28075.218049947747,earthquake_m7_2
Naranjito,Central Mountains,2028,23652.060592153568,24138.77876504656,24799.008233872697,25645.58034762273,26387.680318497485,27143.25472959245,27513.112710865866,earthquake_m7_2
Naranjito,Central Mountains,2029,22165.08834178877,22806.911636196808,23722.611797619655,24717.42489998808,25648.117639000833,26391.6236574412,26721.503672903982,earthquake_m7_2
Naranjito,Central Mountains,2030,20945.701510486346,21546.706963443925,22717.566869928985,23847.874338496782,24846.536940950864,25836.643763138356,26535.881930116215,earthquake_m7_2
Orocovis,Central Mountains,2025,20547.11980968951,20643.67443242167,20778.622934179053,20922.070209120713,21063.89710330596,21188.67142294279,21243.31288791093,earthquake_m7_2
Orocovis,Central Mountains,2026,19520.24637805016,19660.654638920976,19938.36535241148,20204.326042344437,20470.65217185906,20766.741909014105,20899.375528655863,earthquake_m7_2
Orocovis,Central Mountains,2027,18436.785858385523,18629.60723262251,19001.51597129728,19422.551429586012,19898.1817492955,20177.86447574314,20467.710955686078,earthquake_m7_2
Orocovis,Central Mountains,2028,17274.97184520915,17664.948512172217,18122.29317098316,18688.980015938694,19221.168344069898,19628.875767458965,19796.063892171187,earthquake_m7_2
Orocovis,Central Mountains,2029,16230.944464474773,16824.41020955037,17273.686908361866,18016.913475975085,18625.307632725493,19171.95672019611,19447.412592883764,earthquake_m7_2
Orocovis,Central Mountains,2030,15428.143381188687,15989.833448489582,16534.455259845265,17378.559233765678,18038.602468527104,18800.80230454241,19068.937533012333,earthquake_m7_2
Patillas,South,2025,15184.359627189024,15209.267206367382,15246.791403330826,15286.59625231936,15322.164129339295,15364.926388260517,15389.414649376036,earthquake_m7_2
Patillas,South,2026,14550.54976104107,14590.03941500832,14666.155395052741,14750.321183165966,14813.66459463061,14894.404903399593,14943.354071917462,earthquake_m7_2
Patillas,South,2027,13851.67983438402,13901.567627783561,14032.59047632493,14147.144725064469,14257.94980890573,14363.616701823548,14429.055648979156,earthquake_m7_2
Patillas,South,2028,13148.90311590426,13262.149253816231,13406.507572452523,13551.679663368264,13748.906476466702,13867.12769333042,13984.749123915915,earthquake_m7_2
Patillas,South,2029,12529.633228790595,12666.689168865254,12817.665259093863,12997.888095259,13279.570236215259,13419.834430688286,13571.146255879814,earthquake_m7_2
Patillas,South,2030,12019.277282270872,12155.3691792662,12309.575849768231,12552.528541558844,12821.141155213805,12994.563417694555,13188.090319418974,earthquake_m7_2
Peñuelas,South,2025,19130.39830364636,19217.283401280652,19329.61859103704,19492.490683364238,19634.4591518859,19814.22091215054,19892.247886940615,earthquake_m7_2
Peñuelas,South,2026,18083.68752009524,18194.083664990147,18430.71415304446,18829.670094804045,19122.604469723196,19416.790265456522,19617.626974545554,earthquake_m7_2
Peñuelas,South,2027,16882.63852435047,17093.19958817404,17454.361906468814,17993.3080913437,18484.81336200404,18962.06756535309,19165.82411786456,earthquake_m7_2
Peñuelas,South,2028,15777.187652991423,16058.96577827439,16578.103856403017,17174.716073462638,17908.509760397512,18513.159639514597,18806.851175388907,earthquake_m7_2
Peñuelas,South,2029,14814.608087555747,15153.48936208101,15647.691498015753,16521.84605952094,17327.13853773386,18227.55342038179,18592.24498533332,earthquake_m7_2
Peñuelas,South,2030,13938.538006800634,14405.480514445857,14938.409779870053,15907.766061006496,16793.30480723844,17759.643207625486,18399.947196015757,earthquake_m7_2
Ponce,South,2025,128426.54135325467,128940.26107829942,129638.94469523014,130451.07936581998,131283.46066636182,131957.70065053328,132370.44298025916,earthquake_m7_2
Ponce,South,2026,122110.29063382286,122892.68904257874,124251.19053780218,125757.12389772478,127260.56176525957,128564.92448648399,129579.12161004038,earthquake_m7_2
Ponce,South,2027,115073.0474199462,116072.97846948216,118404.14024875069,120659.36772507438,122738.54123445775,124622.64548351137,126193.29643549673,earthquake_m7_2
Ponce,South,2028,107896.84323189562,109728.0931419867,112513.7859770935,115780.17465832861,118305.3984625364,121174.4689121043,123243.25792605897,earthquake_m7_2
Ponce,South,2029,101700.87890074361,104102.53423001917,107606.1760499058,111184.50493516271,114384.52224150766,118083.97089892889,120275.0562716513,earthquake_m7_2
Ponce,South,2030,96473.48911390227,98958.28583346003,102867.6484282175,106852.91022774883,111562.88053079613,115089.5642648564,117192.23959643305,earthquake_m7_2
Quebradillas,North,2025,22747.529243299494,22795.030473995106,22883.064589963997,22977.00294678862,23078.66213911886,23170.165812319443,23272.356912177333,earthquake_m7_2
Quebradillas,North,2026,21809.175520306697,21891.335817634423,22067.905421623425,22241.81251831683,22436.8891541158,22642.48959976817,22801.036189447987,earthquake_m7_2
Quebradillas,North,2027,20792.81877458724,20920.673851365027,21186.560051927154,21424.23531930765,21762.41274559658,22015.86629732866,22180.361708708788,earthquake_m7_2
Quebradillas,North,2028,19753.953008723365,19952.047726328212,20306.442714542594,20644.406113099692,21067.330765909708,21374.97684163132,21685.600239193987,earthquake_m7_2
Quebradillas,North,2029,18822.209075010025,19069.22898232104,19543.031487993645,19946.47010689704,20427.11123600712,20799.814525648115,21120.035699968652,earthquake_m7_2
Quebradillas,North,2030,18045.419825903857,18209.653430673618,18809.14234975967,19237.02568320305,19855.125830360626,20211.0186802188,20708.744230506876,earthquake_m7_2
Rincón,West,2025,14718.079543646878,14782.37438449093,14933.897511229974,15115.593130248993,15278.110084643431,15406.76920780497,15478.72741673996,earthquake_m7_2
Rincón,West,2026,13777.67529037726,13944.757525029316,14247.012093200134,14587.577051238775,14996.096331550361,15243.003160917715,15345.02584575589,earthquake_m7_2
Rincón,West,2027,12735.705993536098,13096.109723480044,13502.298373091056,13941.132204377764,14539.31491364865,15015.532517251208,15232.421112983324,earthquake_m7_2
Rincón,West,2028,11804.081442738758,12118.623005347159,12789.144351977235,13471.187861588685,14125.027327839962,14801.13921021268,14994.54001957082,earthquake_m7_2
Rincón,West,2029,11091.02840423255,11431.439723403144,12071.1919454793,12970.356506855442,13718.160078633959,14500.358590285718,14929.06269063404,earthquake_m7_2
Rincón,West,2030,10384.126965946212,10754.35031939392,11593.692133215052,12504.062973196145,13448.621283201754,14288.51489869008,14778.651654757892,earthquake_m7_2
Río Grande,East,2025,44846.68196939275,44939.50606198098,45055.045246896916,45269.07104105901,45416.05656995812,45573.523487395425,45684.31466761798,earthquake_m7_2
Río Grande,East,2026,43040.51808758828,43250.17246516464,43485.0716468057,43828.91540463237,44179.545034002294,44440.95763712065,44631.678010372176,earthquake_m7_2
Río Grande,East,2027,41006.801512945494,41331.4893421798,41675.466282528694,42242.35970386372,42785.33647876994,43148.516192307674,43395.75203377259,earthquake_m7_2
Río Grande,East,2028,39203.33207463238,39579.95895727898,39986.973574370844,40693.91892312668,41359.65450083078,41911.124782112725,42213.74664489073,earthquake_m7_2
Río Grande,East,2029,37436.58955115548,37877.4537077658,38446.10718223985,39220.17515396146,40144.24889118118,40832.48013947831,41077.94873089438,earthquake_m7_2
Río Grande,East,2030,35970.38336006504,36338.099357549516,37028.72293024472,37925.575570373796,39015.78887689755,39834.446175243254,40034.62200656312,earthquake_m7_2
Sabana Grande,West,2025,21700.822093653715,21767.379455182872,21864.269279364475,22020.858763154614,22144.53124068302,22263.45193844985,22358.639100568547,earthquake_m7_2
Sabana Grande,West,2026,20676.45325444569,20811.708254690475,20992.65894054525,21265.54929493364,21537.05225862078,21833.101067200074,21975.498557129747,earthquake_m7_2
Sabana Grande,West,2027,19625.399318363303,19789.569607782076,20143.551080550096,20416.960254279536,20839.32219560708,21305.669600929396,21475.059257618996,earthquake_m7_2
Sabana Grande,West,2028,18476.598715473177,18794.12693862357,19237.153821481108,19624.572927077286,20201.179704407055,20862.22068265374,21102.583502670725,earthquake_m7_2
Sabana Grande,West,2029,17587.2300604758,17836.843079044258,18487.36144707558,18875.621019643546,19632.2335060187,20329.57018102448,20773.04212932042,earthquake_m7_2
Sabana Grande,West,2030,16590.28329286889,17065.643375200976,17702.920818103332,18263.533735580022,19018.979861574167,19930.97970688421,20299.947971500766,earthquake_m7_2
Salinas,South,2025,24361.673248616677,24411.93964135731,24532.149914807203,24652.41632919725,24785.69819547166,24888.076429652177,24934.826827305573,earthquake_m7_2
Salinas,South,2026,23251.849804038102,23322.64409848139,23547.682248982193,23759.216580863438,24067.93555532232,24257.24953991746,24405.8852404903,earthquake_m7_2
Salinas,South,2027,21949.314066076946,22135.691491140085,22472.23788064787,22802.694799475466,23218.088449029172,23578.2067209218,23726.482927450987,earthquake_m7_2
Salinas,South,2028,20702.26494042084,20924.189409872753,21336.962113801597,21911.396776624904,22407.142957452925,22950.201070958898,23077.623525825507,earthquake_m7_2
Salinas,South,2029,19661.73794300159,19910.791879741,20430.247149145136,20959.97541697479,21705.718443123264,22192.342906754642,22544.48052635735,earthquake_m7_2
Salinas,South,2030,18751.781949416203,18951.954541520052,19571.394733442103,20227.159656989148,21044.63605573155,21647.02230247708,22053.183061248055,earthquake_m7_2
San Germán,West,2025,30298.95183249662,30394.75417652762,30558.343876679475,30766.863393615356,30940.381421702397,31093.09547952489,31230.20271757892,earthquake_m7_2
San Germán,West,2026,28820.196723901525,28967.543134909745,29294.51620102122,29700.32677185633,30095.94660213508,30366.730084601768,30618.548327534256,earthquake_m7_2
San Germán,West,2027,27132.600923773338,27330.64205677563,27865.27285331833,28537.622590225223,29159.60640703429,29611.778490999215,29781.688839642597,earthquake_m7_2
San Germán,West,2028,25564.985749082025,25758.294855796095,26517.214392095284,27368.241511977845,28138.41866302954,28817.362646589714,29312.3509332754,earthquake_m7_2
San Germán,West,2029,24018.88522627744,24401.927131924476,25215.606789286518,26302.57557985386,27359.073295086,28090.24285791183,28776.961546377785,earthquake_m7_2
San Germán,West,2030,22552.611513176427,23121.249177261467,24082.757383758148,25283.830782990688,26619.79519592676,27552.23199296893,28338.1246984979,earthquake_m7_2
San Juan,Metro,2025,324369.813883777,324964.0256250682,327485.60872067884,330058.55957999674,332617.0727813642,334544.193602874,335752.244815995,earthquake_m7_2
San Juan,Metro,2026,306364.6817959658,308742.9977158705,313822.9068953508,318761.4860861363,324397.5456254583,328310.0654643667,331487.7258015368,earthquake_m7_2
San Juan,Metro,2027,286649.86929820717,290965.5515330543,299441.4965864136,306709.23429931153,314165.67894495034,321963.945096751,326364.3063534038,earthquake_m7_2
San Juan,Metro,2028,268051.68247022,277081.4804946093,285362.8823046391,295642.68072799506,305235.53494654,313330.57514444465,321715.6264360619,earthquake_m7_2
San Juan,Metro,2029,255740.7640273332,263201.19079182035,274516.1774468352,285400.62598317734,296717.49820523814,310740.2095827781,317969.1374498176,earthquake_m7_2
San Juan,Metro,2030,243442.82862608234,248006.9670368905,263281.3244914038,275953.2174095557,289173.8583729562,306630.7716901087,314986.86655347917,earthquake_m7_2
San Lorenzo,East,2025,36228.47949228673,36356.71058261903,36586.957613001556,36775.72720263306,36978.912996848434,37154.13406621884,37255.573469333176,earthquake_m7_2
San Lorenzo,East,2026,34631.34172910172,34773.262993700475,35218.612230696854,35672.514028857,36033.55311969121,36449.004984456835,36703.37315814689,earthquake_m7_2
San Lorenzo,East,2027,32945.32801177163,33160.73568617671,33662.48931534284,34370.88785984812,35022.94258548528,35485.162593186426,36012.099781917204,earthquake_m7_2
San Lorenzo,East,2028,31222.365860514466,31539.560768090123,32298.582220247594,33093.345681969484,33980.98186015898,34655.79807243134,35154.68748561161,earthquake_m7_2
San Lorenzo,East,2029,29794.984819824112,30188.46431509401,30977.86277997618,32023.436840595074,33047.047162534014,33987.300616258646,34483.52668271177,earthquake_m7_2
San Lorenzo,East,2030,28320.724194505852,28831.51393566433,29782.9107370126,31128.017159852207,32099.876708549495,33219.473778994994,33766.77790083247,earthquake_m7_2
San Sebastián,West,2025,37505.58306757127,37745.078348955634,38096.07859338734,38441.84559515812,38784.11353263252,39094.11124042022,39372.759688104044,earthquake_m7_2
San Sebastián,West,2026,35310.960077987016,35859.99147412224,36407.08612833209,37184.36196995414,37839.67118743538,38411.21651554709,38907.51152153413,earthquake_m7_2
San Sebastián,West,2027,32996.44630143837,33700.204144827265,34659.61269577411,35707.9413149075,36795.4920837415,37882.617410490006,38383.38378799243,earthquake_m7_2
San Sebastián,West,2028,30646.812381901906,31612.612579263852,32809.56495291143,34326.11927778063,35671.95108462303,37167.38072985472,38091.94041899164,earthquake_m7_2
San Sebastián,West,2029,28394.130831359358,29414.815324490297,31075.2172045941,33077.741571934755,34811.84954000269,36939.958081368975,38023.60841735651,earthquake_m7_2
San Sebastián,West,2030,26585.997226115433,27532.398129390775,29560.45587106046,32164.973801974087,34129.17207959822,36685.93820278592,37812.577822176085,earthquake_m7_2
Santa Isabel,South,2025,19326.853718671027,19380.316055070358,19455.401422791663,19553.870221246063,19648.606379318364,19738.65394225972,19804.913327564012,earthquake_m7_2
Santa Isabel,South,2026,18364.71445683656,18445.7614015935,18665.64411351302,18889.73313972559,19067.459265654463,19239.5518806317,19310.245663867136,earthquake_m7_2
Santa Isabel,South,2027,17361.327892208803,17495.621907214798,17788.866593412982,18157.135970230163,18412.229802944134,18683.438499599808,18793.40328968364,earthquake_m7_2
Santa Isabel,South,2028,16353.833677132761,16584.89672221005,16948.00693798726,17455.07043540259,17782.239061811844,18143.852087408322,18343.05873360048,earthquake_m7_2
Santa Isabel,South,2029,15490.055027689794,15730.701605505576,16207.491219004805,16760.97254788183,17267.037522901614,17634.9303430677,17844.141245504918,earthquake_m7_2
Santa Isabel,South,2030,14678.782019434808,14995.98470572612,15552.457787936055,16166.274292195212,16778.527116074587,17238.82637803976,17557.244906807726,earthquake_m7_2
Toa Alta,Metro,2025,64003.19875453851,64235.74564950205,64589.16794463262,65137.92413793146,65601.51993910584,66020.87409945884,66301.27845724505,earthquake_m7_2
Toa Alta,Metro,2026,60410.26666872123,61121.61520237271,61830.22698111687,62999.88046796255,63844.09706282456,64856.690657652376,65671.55628607117,earthquake_m7_2
Toa Alta,Metro,2027,57039.700354107066,57614.800382268564,59049.924709978004,60683.11192924554,62097.82157399412,63560.27893543415,64448.8981404906,earthquake_m7_2
Toa Alta,Metro,2028,53703.31817922799,54198.63035409113,56433.94000012576,58702.6546155419,60602.2877786209,62320.13939939408,63690.19849677924,earthquake_m7_2
Toa Alta,Metro,2029,50431.93516306027,51960.91894412681,54158.868400830375,56567.4555490777,59205.76530987423,61047.35478756518,62748.924450091654,earthquake_m7_2
Toa Alta,Metro,2030,47587.184255251355,49228.87163262374,51747.54533329025,54906.04497795833,57524.78780309875,59952.06780249991,61398.79628500718,earthquake_m7_2
Toa Baja,Metro,2025,71081.02564937217,71182.51615812436,71426.91202149706,71747.31033468575,72001.00008690996,72228.21138080646,72386.18215938039,earthquake_m7_2
Toa Baja,Metro,2026,68172.16236558717,68416.82659916714,68837.24575419915,69397.31155990646,69940.94633592178,70489.05011998783,70786.34156359211,earthquake_m7_2
Toa Baja,Metro,2027,64949.414522923296,65394.1392816721,65946.92461790142,66727.77721074648,67772.47351225106,68417.45903261255,68864.11653979431,earthquake_m7_2
Toa Baja,Metro,2028,62048.17349192487,62303.52713706009,63366.153120470524,64285.386041953556,65308.684589779405,66540.22614163625,67298.06789150869,earthquake_m7_2
Toa Baja,Metro,2029,59230.10675601558,59618.87662180251,60888.750982283884,62150.16043739583,63369.46517033089,64589.03930920732,65566.86664889142,earthquake_m7_2
Toa Baja,Metro,2030,56851.52251025113,57265.20170177587,58616.380899383264,60097.282455208326,61459.2964792767,62886.86232387208,64056.353424793895,earthquake_m7_2
Trujillo Alto,Metro,2025,64756.22260084788,64989.48866814003,65476.96953851188,65868.70638677706,66366.55748218222,66943.2603629167,67293.04311557524,earthquake_m7_2
Trujillo Alto,Metro,2026,61622.15225924784,62099.84305716717,62822.28700892638,63739.60390040509,64650.89547884241,65585.99739316154,66093.4551989089,earthquake_m7_2
Trujillo Alto,Metro,2027,58085.08559087238,58870.815782198755,60057.49543674233,61216.284204658215,62635.35867005355,64424.685379090326,65021.87271979402,earthquake_m7_2
Trujillo Alto,Metro,2028,54872.519426170635,55591.868996571844,57291.56116096716,58939.278176442065,61040.200021565695,63077.05086363199,63976.53635684633,earthquake_m7_2
Trujillo Alto,Metro,2029,51728.27108797165,52760.513017173005,55050.0474289384,57063.53472213561,59304.58773023475,61810.31912578051,63516.59999081509,earthquake_m7_2
Trujillo Alto,Metro,2030,49370.03608115126,50531.16056394509,52831.1354496493,55171.45676926934,57749.95298132963,60683.84929471956,62161.493999637474,earthquake_m7_2
Utuado,Central Mountains,2025,26779.754467955547,26870.33312870477,26996.71475931481,27134.415102603627,27257.800825138696,27353.740819348764,27410.819218422344,earthquake_m7_2
Utuado,Central Mountains,2026,25544.74252799753,25781.543533405293,25965.78407046468,26204.72408585736,26481.634846870067,26725.799976710594,26844.845715684925,earthquake_m7_2
Utuado,Central Mountains,2027,24279.371709136387,24542.203769226835,24819.90033916489,25210.60340501884,25648.059182679568,25988.530089946176,26120.039632190874,earthquake_m7_2
Utuado,Central Mountains,2028,23023.728188321867,23296.3288159365,23709.913383964085,24250.329923949346,24796.95145680623,25308.94881590592,25598.645524263422,earthquake_m7_2
Utuado,Central Mountains,2029,21889.121994940255,22164.217134968298,22714.54516655984,23375.07688561276,24021.32366952138,24664.671820611533,24887.56850927895,earthquake_m7_2
Utuado,Central Mountains,2030,20824.482681660946,21121.221810278534,21773.3040755911,22594.365579875994,23490.376864671864,24087.2723382571,24506.75655331295,earthquake_m7_2
Vega Alta,North,2025,34035.64209879339,34089.40247387042,34204.30339463804,34323.71459118315,34466.68545221109,34606.2699973091,34676.12111567927,earthquake_m7_2
Vega Alta,North,2026,32758.4982342528,32825.82230403319,33055.801515621664,33287.7701047282,33571.92893878988,33784.51005705842,33878.99284224493,earthquake_m7_2
Vega Alta,North,2027,31328.412971146758,31470.749772742896,31745.48590213353,32197.108536778862,32548.412903635464,32799.12427661845,33029.406565602425,earthquake_m7_2
Vega Alta,North,2028,29967.23173166907,30095.945457809084,30568.852386987066,31064.115419009795,31498.54442500897,31894.691629948302,32122.492269834787,earthquake_m7_2
Vega Alta,North,2029,28645.003654887478,28975.288071069586,29418.689867599463,30067.69705263974,30532.62264639749,31146.76745670379,31425.75599198789,earthquake_m7_2
Vega Alta,North,2030,27476.395392926664,27771.200999236684,28345.04994006941,29152.872138645223,29773.896142966078,30336.53781779777,30901.203125147054,earthquake_m7_2
Vega Baja,North,2025,51622.12035619504,51927.44595466592,52373.734280664605,52880.995661884546,53287.69587847821,53795.07505824968,54116.06804635085,earthquake_m7_2
Vega Baja,North,2026,48588.92961797744,49324.97074603684,50379.06026251174,51084.21126932335,52179.0707329969,53114.42178228125,53694.31834497398,earthquake_m7_2
Vega Baja,North,2027,45480.76487289171,46455.998743573145,48132.05655475513,49243.64564200178,50720.29400907624,52105.73018007214,52980.9076506238,earthquake_m7_2
Vega Baja,North,2028,42556.08304107805,44038.88898743538,45350.33944253538,47469.32061175593,49074.774663938864,51050.23540561765,52311.78645743032,earthquake_m7_2
Vega Baja,North,2029,39938.261165857584,41707.41209038924,43335.48399205014,45696.8546430946,47974.03468215121,49922.269359329126,52145.17583288012,earthquake_m7_2
Vega Baja,North,2030,37968.48175068225,39019.46059936249,41397.30432822774,44286.56883660739,46981.77506509304,49416.48891549749,51000.71369119121,earthquake_m7_2
Vieques,East,2025,7887.4772521218365,7896.092677690102,7919.098716893858,7938.548340713736,7957.554796629303,7987.7629496145555,7999.573832596951,earthquake_m7_2
Vieques,East,2026,7576.781750626148,7605.448937276512,7641.501118923289,7689.488924965581,7735.216341602489,7781.950929608514,7807.9074671040735,earthquake_m7_2
Vieques,East,2027,7245.847689727529,7274.3221907276,7344.22679464542,7410.95083424056,7486.68708989544,7550.42501551178,7597.729088641221,earthquake_m7_2
Vieques,East,2028,6920.830305257743,6965.384451691213,7046.273383369679,7142.151140991813,7228.711920304111,7334.506323659328,7373.304288366098,earthquake_m7_2
Vieques,East,2029,6612.509326344856,6689.994180877977,6778.633247620473,6901.342782809041,7001.919345262411,7131.177229150661,7207.129674047119,earthquake_m7_2
Vieques,East,2030,6371.1471854056845,6404.413347869299,6541.196576695311,6672.843156241821,6783.470400720673,6953.341651312136,7065.564856692235,earthquake_m7_2
Villalba,South,2025,20924.695017066104,21006.03414878086,21070.88893485639,21176.395722268826,21285.912362396877,21362.67579686909,21409.731361110353,earthquake_m7_2
Villalba,South,2026,19939.381105422293,20067.01182522858,20214.94761313006,20408.204795956182,20648.181076455276,20834.166500836713,20914.51760357603,earthquake_m7_2
Villalba,South,2027,18858.526947793653,19008.765332378098,19236.16919211924,19602.534090541936,19899.43359920205,20184.072586219216,20314.563686884863,earthquake_m7_2
Villalba,South,2028,17857.529678337072,17979.087707814677,18370.35191147043,18765.48071373679,19257.48448152225,19652.99164194659,19764.369493421837,earthquake_m7_2
Villalba,South,2029,16936.15686310794,17150.11682906716,17607.37329606599,18063.976283412805,18652.595537425266,19203.62522745799,19310.97142333729,earthquake_m7_2
Villalba,South,2030,16115.2121032066,16429.943411652555,16848.216134986244,17429.095162820107,18011.593265464187,18789.949055953766,18982.84585211397,earthquake_m7_2
Yabucoa,East,2025,28547.605525195773,28601.30074735159,28721.5706813156,28860.131640404306,29002.448032650213,29124.80782485746,29205.480359626563,earthquake_m7_2
Yabucoa,East,2026,27278.280716041823,27469.582080469678,27670.261764104904,27936.505532622286,28238.300748883506,28514.045054378428,28592.714524699957,earthquake_m7_2
Yabucoa,East,2027,25972.124746593512,26169.698192842585,26502.531107076742,26950.071359785332,27402.768053777312,27792.065373050325,28013.15707211826,earthquake_m7_2
Yabucoa,East,2028,24729.8695722876,24956.31054463358,25367.865644337882,26046.651985307843,26539.026708436162,27160.870946372714,27486.177530790555,earthquake_m7_2
Yabucoa,East,2029,23489.966771111023,23778.83352988313,24261.644724098747,25122.609605442034,25822.721625071972,26542.98322912416,26809.364581243197,earthquake_m7_2
Yabucoa,East,2030,22382.005165397422,22812.927423493213,23304.211974323425,24205.53823086682,25088.25589640095,25987.488198675434,26591.503868607513,earthquake_m7_2
Yauco,South,2025,32132.42560283575,32200.519271581827,32308.35012782416,32450.81825547221,32543.177513317445,32682.733417418727,32808.505499462946,earthquake_m7_2
Yauco,South,2026,30647.385931520075,30784.609167697225,31087.627628605802,31317.74283107998,31537.013231049175,31788.20419109113,31968.242419056045,earthquake_m7_2
Yauco,South,2027,29119.63298702224,29262.008535872938,29682.66787866488,30015.79371520687,30450.082587873174,30836.387582392854,30906.48474639477,earthquake_m7_2
Yauco,South,2028,27452.422923387112,27764.544596573407,28319.645313745612,28702.83388344542,29322.880960567232,29775.6948745613,30160.251958381723,earthquake_m7_2
Yauco,South,2029,26150.994431756833,26519.911078754754,27146.317590765488,27623.051562702378,28277.78209270641,28914.79978045987,29398.109775673925,earthquake_m7_2
Yauco,South,2030,24856.186023771792,25299.452736282492,25991.221260404927,26640.05746791892,27362.26358562051,28220.831063603888,28721.490720440746,earthquake_m7_2
Adjuntas,Central Mountains,2025,17430.459120039384,17478.622738625156,17546.882256740177,17626.434268750367,17708.755830105663,17796.465484734017,17838.472227091705,earthquake_m7_5
Adjuntas,Central Mountains,2026,16683.312514248544,16745.056288028045,16867.0123267292,17060.843047754868,17196.351133601005,17357.33901177565,17432.16802931724,earthquake_m7_5
Adjuntas,Central Mountains,2027,15846.180624268502,15945.48313622787,16164.791138497863,16389.955816276262,16622.4502978391,16882.38653647833,16977.377381307488,earthquake_m7_5
Adjuntas,Central Mountains,2028,14974.716199586403,15147.425695432772,15414.85757876906,15790.446700812194,16139.180922716007,16429.215087007415,16550.965602935637,earthquake_m7_5
Adjuntas,Central Mountains,2029,14181.90661819152,14388.215302225517,14700.8061702292,15269.282261765122,15650.59774592158,16048.93217598257,16252.26531275323,earthquake_m7_5
Adjuntas,Central Mountains,2030,13507.237090926395,13714.972954120187,14160.26185093634,14753.73720008677,15232.23957512347,15658.864746185713,15870.3370656468,earthquake_m7_5
Aguada,West,2025,36642.00518704079,36730.20409274099,36920.58970140346,37065.26236253737,37229.14712039229,37412.99225477091,37488.88859127292,earthquake_m7_5
Aguada,West,2026,34919.97795407233,35074.64878909197,35442.46423399243,35800.3717066573,36106.429650657155,36465.65010327999,36780.836924861935,earthquake_m7_5
Aguada,West,2027,33154.12320778559,33303.03381283714,33846.18110178473,34386.799178123954,34900.38125514016,35384.10968707113,35691.377503559066,earthquake_m7_5
Aguada,West,2028,31318.487066711947,31728.42772762785,32307.389352668622,33070.014428825845,33637.83629022229,34375.1179873795,34734.58384664715,earthquake_m7_5
Aguada,West,2029,29743.367704110085,30257.87099732133,30874.133186106665,31898.189182761897,32733.7850814435,33458.21829898371,34048.79276432612,earthquake_m7_5
Aguada,West,2030,28182.570597523256,28890.731075528558,29675.196459255523,30580.468501963493,31774.710987320173,32633.96629767931,33271.6206145115,earthquake_m7_5
Aguadilla,West,2025,51664.187576380085,52094.08028784936,52654.684283167095,53205.92658345976,53696.40892097099,54121.26019987986,54726.328334689075,earthquake_m7_5
Aguadilla,West,2026,48675.21913272252,49341.49101949368,50328.72417938268,51403.12071678389,52364.02095739907,53261.022554638745,53937.385468024564,earthquake_m7_5
Aguadilla,West,2027,45565.26157926199,46292.4975117895,47791.77061640797,49254.6053192313,50665.06126048134,52504.04544084231,53080.60550954171,earthquake_m7_5
Aguadilla,West,2028,42887.67867360321,43410.27087275811,44967.115169115925,47231.834329282996,49374.223779759486,51427.05276873754,52242.02771706936,earthquake_m7_5
Aguadilla,West,2029,39849.71423198685,41078.95020567802,42783.528060086115,45498.00799549036,47795.09372892824,50205.25662894472,52019.018494901,earthquake_m7_5
Aguadilla,West,2030,37553.96923311385,38812.162111918486,41005.62201444349,43786.3286677072,46711.05935764681,49181.10084087846,51891.73343353146,earthquake_m7_5
Aguas Buenas,Central Mountains,2025,23014.64895327138,23051.21297428669,23133.78043862887,23201.295076081664,23282.087852008917,23349.166582393857,23377.42995675338,earthquake_m7_5
Aguas Buenas,Central Mountains,2026,22043.53277988385,22157.941860245657,22300.691799777363,22457.34014728802,22597.912653881445,22736.937941015483,22844.97164159135,earthquake_m7_5
Aguas Buenas,Central Mountains,2027,21092.584137398873,21207.125322336422,21401.429044038112,21614.47508700616,21885.39627848882,22042.854927124874,22220.127454959173,earthquake_m7_5
Aguas Buenas,Central Mountains,2028,20071.199731311986,20271.825670688373,20520.729798741275,20779.136614229974,21122.167994041884,21361.277987313384,21484.44638618001,earthquake_m7_5
Aguas Buenas,Central Mountains,2029,19110.802519416524,19384.74943216481,19692.359976111078,20055.550329511618,20434.978166006542,20743.67831673953,21016.76350963396,earthquake_m7_5
Aguas Buenas,Central Mountains,2030,18335.449457624876,18527.573945978955,18957.256735590003,19404.560132775252,19795.924595919747,20198.59338691471,20476.304899904153,earthquake_m7_5
Aibonito,Central Mountains,2025,23565.150357405735,23765.00280570153,23964.373626156575,24220.722730907168,24493.028981363124,24645.288810818703,24894.964029943258,earthquake_m7_5
Aibonito,Central Mountains,2026,22101.027791483015,22345.93744317315,22855.00307702094,23440.3456093157,23916.728459969283,24397.345708698253,24636.742760050536,earthquake_m7_5
Aibonito,Central Mountains,2027,20696.717441551948,20912.764986522736,21813.919059867978,22587.64384715935,23303.75406431502,23908.845860128884,24274.298873192176,earthquake_m7_5
Aibonito,Central Mountains,2028,19211.33923482489,19580.910171695552,20661.499946429245,21738.133587795382,22746.900171304405,23586.113015547777,24081.815894538617,earthquake_m7_5
Aibonito,Central Mountains,2029,17827.08631804684,18337.890644723833,19530.818451766347,20949.790770900105,22178.120363600643,23303.229221500413,24198.337430627384,earthquake_m7_5
Aibonito,Central Mountains,2030,16555.181672307088,17226.84053862187,18456.529854515196,20392.8321230215,21719.67713968187,23170.187918028656,24197.893342508287,earthquake_m7_5
Arecibo,North,2025,83431.34602526145,83710.10932711989,84300.69332371948,84987.77694184791,85637.48016979947,86302.42810180798,86559.54904704043,earthquake_m7_5
Arecibo,North,2026,79022.7353807331,79803.2281885167,80910.22167566973,82414.85425993979,83627.93364522391,84666.05514234466,85440.60966742797,earthquake_m7_5
Arecibo,North,2027,74676.36731897804,75256.77650895556,77383.39368881981,79585.67517946438,81297.97725601537,83007.41259692729,84309.15635818956,earthquake_m7_5
Arecibo,North,2028,70432.01840283841,71993.99636912344,74049.79055113862,76782.16802823018,79157.79347095231,81667.14143521173,83502.2442780975,earthquake_m7_5
Arecibo,North,2029,66540.59052956311,68205.62185718803,70970.22837077724,74480.04020506548,77343.31929153216,80311.99374670084,82346.67656679644,earthquake_m7_5
Arecibo,North,2030,63287.5597411291,64676.44604150962,68464.49209997787,71936.5182755019,75561.51948791902,78874.64702401716,81812.84831500085,earthquake_m7_5
Arroyo,South,2025,14789.08221346261,14877.922809577727,14966.305302298188,15069.062062359468,15160.308460456155,15259.23803369746,15348.089764945973,earthquake_m7_5
Arroyo,South,2026,13883.598591100219,14062.26182988717,14326.00642823049,14500.637033935813,14689.236280271572,14891.061322646061,15053.104091237647,earthquake_m7_5
Arroyo,South,2027,12871.764015994566,13197.196367074155,13583.911900644065,13885.51436863621,14131.996474457801,14514.904606606995,14688.392940979058,earthquake_m7_5
Arroyo,South,2028,11979.867434872262,12347.655236318342,12809.386541660871,13249.221845795597,13624.976364462624,14064.270884879166,14327.464754266406,earthquake_m7_5
Arroyo,South,2029,11311.908323459968,11638.891124089558,12211.90108683017,12720.411111232777,13254.168088852788,13690.217380976917,14047.837042180809,earthquake_m7_5
Arroyo,South,2030,10689.996786751657,11033.540896593197,11605.114295995883,12261.77154944199,12874.697671201639,13335.701685412025,13875.605873891987,earthquake_m7_5
Añasco,West,2025,24470.445106451116,24505.317822025485,24573.508282062765,24664.19352043466,24735.68241620994,24810.795229058323,24840.655226798124,earthquake_m7_5
Añasco,West,2026,23445.365558967158,23538.216951826977,23651.012737947127,23823.466006252864,23982.602171448285,24115.749853802587,24169.17170404772,earthquake_m7_5
Añasco,West,2027,22333.70574012969,22418.748472003394,22623.3046706577,22880.964948421875,23109.761999877755,23327.537395194984,23486.706003066487,earthquake_m7_5
Añasco,West,2028,21263.71655367292,21380.64606005414,21643.069284806457,21947.97787145633,22267.433433416045,22623.699248332105,22779.537608871506,earthquake_m7_5
Añasco,West,2029,20298.77732731869,20430.937785086517,20775.683184694197,21132.188844598953,21542.597291644655,21955.372305966674,22251.984720078148,earthquake_m7_5
Añasco,West,2030,19354.2967185244,19560.47534996575,19953.774825047127,20373.417955042052,20894.15711086391,21375.847402873533,21654.913667386514,earthquake_m7_5
Barceloneta,North,2025,21789.083154618715,21881.516489979276,21991.353407088107,22098.915710341404,22217.35851635031,22355.57813778088,22412.859331739157,earthquake_m7_5
Barceloneta,North,2026,20823.50312631036,20991.3955954346,21162.52145498277,21409.257982980846,21656.952238188227,21862.32128616805,22071.168127264904,earthquake_m7_5
Barceloneta,North,2027,19699.46710292899,19958.8999770376,20261.18201426968,20657.303719668656,21073.660256947936,21372.719282041475,21637.63011158568,earthquake_m7_5
Barceloneta,North,2028,18706.023199487736,18994.718541773505,19434.261462501687,19935.263189000158,20379.430290078475,20902.21451307832,21090.108659172125,earthquake_m7_5
Barceloneta,North,2029,17776.707840048686,18132.06152041242,18700.272963283263,19237.787352514533,19874.31157818757,20470.887539107804,20729.600349669665,earthquake_m7_5
Barceloneta,North,2030,17008.53185600554,17374.977751067938,17970.465808934467,18561.588858855186,19306.066307907127,20030.006288512333,20460.274094962653,earthquake_m7_5
Barranquitas,Central Mountains,2025,28176.511359225755,28237.17501030902,28394.631759329655,28518.90337960369,28663.687794248694,28817.27076618669,28854.731504022988,earthquake_m7_5
Barranquitas,Central Mountains,2026,26749.28581192181,26976.58083639927,27252.5061714118,27634.15663798533,27871.071599767776,28169.582988450646,28269.152914945862,earthquake_m7_5
Barranquitas,Central Mountains,2027,25250.996259654992,25507.651131309845,26133.671747062548,26647.54811063166,26978.96545905145,27440.70644217546,27626.91245263144,earthquake_m7_5
Barranquitas,Central Mountains,2028,23886.977581798597,24145.17557089388,24983.37105447295,25663.516603093638,26174.17855264742,26620.046751183934,26919.940803972713,earthquake_m7_5
Barranquitas,Central Mountains,2029,22536.745977280392,23102.652639312706,23909.0923832643,24756.238068343133,25473.794887751188,25995.363285015977,26424.22815421871,earthquake_m7_5
Barranquitas,Central Mountains,2030,21554.8932403064,22008.670291807863,22964.888622707993,23943.40462445325,24761.2248523991,25588.77533413833,25951.53179684138,earthquake_m7_5
Bayamón,Metro,2025,175164.083381076,175900.88499138053,177699.8229664888,179279.49523872585,180884.16031315978,182274.79857660548,182780.4263553279,earthquake_m7_5
Bayamón,Metro,2026,164225.43135724126,167178.4901209697,169754.32537930593,173219.61899396527,176431.31120365235,180232.69405937928,181803.54115028415,earthquake_m7_5
Bayamón,Metro,2027,154847.86812849029,157357.87117173214,161590.79236798408,166940.56492584525,171743.36734098548,177379.6775166362,179506.81842871156,earthquake_m7_5
Bayamón,Metro,2028,144778.51199923648,148651.10076278116,153083.3718237105,159657.8811578928,167828.75127016698,174508.66228514674,178723.75885461475,earthquake_m7_5
Bayamón,Metro,2029,136235.42833678643,139951.98043927018,146482.36742276445,153819.26612487732,164187.38161326718,172341.17551730698,176900.52997679025,earthquake_m7_5
Bayamón,Metro,2030,128937.76950834676,131557.94854294733,139889.05679835507,149569.4871663886,159427.39782089618,168681.0391334634,175360.06676848527,earthquake_m7_5
Cabo Rojo,West,2025,45705.1888577428,45801.6090988891,45914.20247732907,46034.86389361226,46178.58912430116,46322.22771007562,46420.07497941957,earthquake_m7_5
Cabo Rojo,West,2026,43807.32148003749,43952.12429284582,44189.24611348372,44463.92704640325,44735.915586401614,45107.32998033364,45200.34465822116,earthquake_m7_5
Cabo Rojo,West,2027,41778.30761995807,41887.441321664824,42280.46018903731,42743.23453795391,43101.39361417395,43527.028173403436,43838.5959129314,earthquake_m7_5
Cabo Rojo,West,2028,39777.32537574984,40011.55390007155,40474.27473161365,40960.50469897724,41475.42655812378,42092.557010841745,42518.32278621825,earthquake_m7_5
Cabo Rojo,West,2029,38048.041789736344,38295.56543449789,38907.45577180054,39459.244015284785,40119.4931204021,40809.89475809057,41181.41851322023,earthquake_m7_5
Cabo Rojo,West,2030,36503.687420338225,36787.62092591777,37376.5045964359,38054.906503298356,38849.17685798567,39547.01080950145,40048.85380843483,earthquake_m7_5
Caguas,East,2025,122030.93440920163,122281.72178099104,122847.67864882699,123343.52740339714,123821.7238803867,124264.19520016764,124549.3149350224,earthquake_m7_5
Caguas,East,2026,116926.81378804479,117617.74438317063,118387.1603789905,119396.29242934618,120396.09316490461,121253.22240179306,121956.78857380933,earthquake_m7_5
Caguas,East,2027,111900.66751069133,112275.29307203558,113715.17710447803,115025.50201200665,116597.04813418593,117676.44571449085,118590.81738198514,earthquake_m7_5
Caguas,East,2028,106697.42398204599,107345.83510244901,109205.64925202058,110688.69030734757,112787.24949316308,114405.56580857828,115794.29513142536,earthquake_m7_5
Caguas,East,2029,101977.10365731396,103056.66168406325,105037.71091046039,107089.48858789828,108976.34432341385,111400.74817008046,113538.774464995,earthquake_m7_5
Caguas,East,2030,97937.69165628274,99044.69171830348,101296.55759209784,103491.399692445,105809.68098890808,108778.43017930567,111562.47081906098,earthquake_m7_5
Camuy,North,2025,31350.663357976126,31592.027184979404,31830.458163606145,32151.959298340727,32465.471432244736,32627.142011744752,32778.655583957654,earthquake_m7_5
Camuy,North,2026,29647.530945320657,30040.87052863188,30441.45964831933,31117.6277072149,31716.178708605392,32125.216377676144,32307.866699218972,earthquake_m7_5
Camuy,North,2027,27829.396545213323,28609.51878892307,29109.864256273384,30008.12181017583,30822.410372671613,31461.76544315346,31862.228484569274,earthquake_m7_5
Camuy,North,2028,26464.748661210673,26890.564281307266,27879.1442482289,28816.103414542624,29998.06931823509,30798.19353481576,31333.090318459974,earthquake_m7_5
Camuy,North,2029,24905.554083254647,25598.35157623774,26733.956401246247,27968.71812947829,29267.212053334242,30253.588365886066,30948.512594824842,earthquake_m7_5
Camuy,North,2030,23548.751111066736,24430.57797607403,25678.88292379958,27019.315370752505,28535.690943789137,29924.484475745125,30662.866616402975,earthquake_m7_5
Canóvanas,East,2025,40463.874155979654,40570.39628129078,40808.17930386512,41037.93935427813,41299.87044895912,41490.15130078743,41618.30706731941,earthquake_m7_5
Canóvanas,East,2026,38592.593077888,38764.95206540994,39168.755427593875,39810.09326335038,40229.95935185278,40528.437366335296,40972.021780996634,earthquake_m7_5
Canóvanas,East,2027,36544.99007206645,36961.77274652965,37590.66366485206,38368.20122310144,38948.723556226774,39553.783989120326,39979.74660040953,earthquake_m7_5
Canóvanas,East,2028,34744.0049660471,35099.185802740765,35976.69879601388,36954.90527762343,37788.52071773362,38694.970244153286,39168.34018175304,earthquake_m7_5
Canóvanas,East,2029,33031.50972482889,33345.0406113842,34526.80213353575,35756.53722623602,36678.69394813176,37882.25116713476,38425.35887063078,earthquake_m7_5
Canóvanas,East,2030,31283.285526034982,31672.237143955674,33084.40659215741,34550.55813234202,35868.24047212744,37069.76958557586,37660.22903615813,earthquake_m7_5
Carolina,Metro,2025,146973.28067110866,147718.79118461662,148600.5413473617,149569.12137933492,150280.649846312,151304.81611967398,151804.1620144201,earthquake_m7_5
Carolina,Metro,2026,139706.30322900022,140543.8018290339,142306.33699503785,144579.77912771318,146654.41451739357,147970.15180593997,149331.0212084057,earthquake_m7_5
Carolina,Metro,2027,131551.20798318632,133161.3153788377,136100.4864087822,139315.92031764617,142213.55164624768,144781.8878489696,146194.05910590244,earthquake_m7_5
Carolina,Metro,2028,124340.55786206837,126607.06626615796,130291.32517578686,134841.1469616809,137982.63721124677,141006.2233145049,143046.77577450467,earthquake_m7_5
Carolina,Metro,2029,118134.60081978251,120372.71886282781,124581.62930361617,129522.42352315836,134241.55353896588,138213.43623355177,141286.6632894315,earthquake_m7_5
Carolina,Metro,2030,112227.79916589601,114477.86489413747,119283.46639120544,124999.48785908494,130682.29299210664,135452.85994864462,137778.6386772016,earthquake_m7_5
Cataño,Metro,2025,21926.45682374317,21951.038104173353,22010.10515813661,22060.519979920588,22113.546106188995,22200.53348753984,22233.92904509593,earthquake_m7_5
Cataño,Metro,2026,21073.06049668623,21137.388004268894,21245.926288413444,21350.695939346177,21472.887010011,21632.390727947306,21719.774237442747,earthquake_m7_5
Cataño,Metro,2027,20116.88132980741,20234.20101498195,20405.16947980743,20583.653816130638,20768.813528103336,20996.03837443249,21073.72738767408,earthquake_m7_5
Cataño,Metro,2028,19182.019818669167,19327.472651533288,19584.245289083374,19848.655959586315,20098.798180452377,20354.907488767014,20518.486406830994,earthquake_m7_5
Cataño,Metro,2029,18289.97311137767,18537.16913160865,18849.336881990967,19214.69859281365,19488.31206168556,19822.29041360084,19948.06650599139,earthquake_m7_5
Cataño,Metro,2030,17513.1233846556,17771.19842630021,18151.48042260138,18560.302653837716,18912.204933131874,19286.68572849185,19422.447763665612,earthquake_m7_5
Cayey,Central Mountains,2025,39948.86828365295,40004.483571603465,40095.76897302785,40211.11517119473,40313.93216324447,40401.65009392707,40455.49192002089,earthquake_m7_5
Cayey,Central Mountains,2026,38289.766803507926,38371.934546298515,38662.86171918068,38891.45377000744,39132.33916988092,39374.35720366348,39482.339840331464,earthquake_m7_5
Cayey,Central Mountains,2027,36497.849530943124,36670.28815306094,37049.57528071906,37413.65664333891,37804.19794996593,38188.94700474194,38343.60090220277,earthquake_m7_5
Cayey,Central Mountains,2028,34815.995760834776,35054.00709691219,35396.9282344073,36014.98264322083,36511.49079802794,36956.629428728884,37253.02704709786,earthquake_m7_5
Cayey,Central Mountains,2029,33275.710107498155,33594.80367324845,34007.862504433986,34761.94226881262,35349.82893632043,35969.68686910804,36273.82332535913,earthquake_m7_5
Cayey,Central Mountains,2030,31880.145104929903,32224.3354644143,32800.9894842493,33575.25701499845,34283.12039444217,35032.943176125635,35386.07549296294,earthquake_m7_5
Ceiba,East,2025,10665.877203104925,10702.15712992603,10743.609374456744,10809.045972030362,10891.274510342384,10933.05049597037,10970.391533374257,earthquake_m7_5
Ceiba,East,2026,10235.417557712279,10261.761468838822,10373.967841449563,10480.287483681732,10608.488522864136,10718.08554031675,10772.047926542356,earthquake_m7_5
Ceiba,East,2027,9678.649677052577,9786.533279101124,9951.566212159247,10137.215075821503,10311.29240268637,10472.251621609961,10558.245039894875,earthquake_m7_5
Ceiba,East,2028,9130.53485327356,9320.446887929687,9546.491743039896,9780.531348744084,10010.481779807189,10209.044943454792,10350.428050591316,earthquake_m7_5
Ceiba,East,2029,8670.168555022025,8918.593151627201,9171.276687270607,9444.618572285879,9740.115956223264,9979.461539793683,10168.850275528186,earthquake_m7_5
Ceiba,East,2030,8261.669538093101,8534.03475478838,8888.218547328363,9141.678989424863,9469.602871437386,9776.273268434194,10030.995413911663,earthquake_m7_5
Ciales,Central Mountains,2025,16179.066173464573,16262.593628630799,16368.69421395844,16503.881122121187,16646.08772475347,16786.415829944814,16842.886692809785,earthquake_m7_5
Ciales,Central Mountains,2026,15281.907359459447,15392.802824096605,15650.859575628796,15961.257758360407,16223.633261489318,16536.795048602755,16739.34770082247,earthquake_m7_5
Ciales,Central Mountains,2027,14433.730421466224,14616.795434626476,14910.96048810907,15368.020978393124,15834.883596478185,16180.34191189906,16489.714403049085,earthquake_m7_5
Ciales,Central Mountains,2028,13496.027379235717,13858.775804241335,14226.757366376267,14766.659805424568,15386.44718319622,15806.342455347825,16217.039660686542,earthquake_m7_5
Ciales,Central Mountains,2029,12683.66360930036,13193.105469140504,13634.02796667999,14242.169551399564,14972.50392316511,15581.081195084787,16099.08612902554,earthquake_m7_5
Ciales,Central Mountains,2030,12076.406483151723,12507.168633087627,13068.531991616537,13771.778090084548,14637.572221121298,15401.969420794683,15788.858588658997,earthquake_m7_5
Cidra,Central Mountains,2025,38564.50628247969,38614.32289578547,38747.66003045315,38950.94426824925,39181.23241893125,39330.83474328954,39431.09539747708,earthquake_m7_5
Cidra,Central Mountains,2026,36905.400992344104,36990.98134250973,37318.99460885897,37739.45407807129,38119.10222326849,38501.407484629926,38705.44234496593,earthquake_m7_5
Cidra,Central Mountains,2027,35010.208829758805,35252.02729249613,35641.439355849965,36410.5495354568,36957.360680871905,37529.11038480655,37801.90362789343,earthquake_m7_5
Cidra,Central Mountains,2028,33077.85609737355,33471.8689861093,34127.69717940363,35011.55975638983,35790.65684880802,36536.201664500295,36976.585382775986,earthquake_m7_5
Cidra,Central Mountains,2029,31416.022042575114,31967.980900209037,32734.86019284281,33809.08547331943,34873.316928493055,35597.32599981541,36328.93845198516,earthquake_m7_5
Cidra,Central Mountains,2030,29819.745055064996,30608.925602975047,31353.517421279776,32582.887917621374,33918.56089961674,34883.70418474072,35676.65270413613,earthquake_m7_5
Coamo,South,2025,32644.355981675584,32845.438697842816,33080.480338228575,33382.19084205433,33685.15659174589,33925.776799770996,34078.894775105284,earthquake_m7_5
Coamo,South,2026,30636.9243128054,30989.181737206356,31488.820014370613,32071.571606600268,32949.85993611364,33468.36828655301,33724.25003662491,earthquake_m7_5
Coamo,South,2027,28618.246124128582,29094.316385607457,29829.048731510644,30811.07153824974,32086.567748747748,32973.494440101495,33217.366276294604,earthquake_m7_5
Coamo,South,2028,26626.478317500514,27364.218352856824,28240.46696785215,29521.467515230066,31031.40335074154,32231.2567325708,32594.03563170114,earthquake_m7_5
Coamo,South,2029,24865.12999097484,25823.25964199822,26849.61536192319,28398.554452131095,30213.307268468518,31668.014619227197,32491.553518447716,earthquake_m7_5
Coamo,South,2030,23530.7615333027,24281.943848870033,25751.670600188427,27508.490698249265,29483.650510670926,31355.61510417029,32219.348752119906,earthquake_m7_5
Comerío,Central Mountains,2025,18251.601889889294,18284.260977094997,18333.16239056814,18379.130212418437,18438.392302737677,18475.741740063684,18493.921402176395,earthquake_m7_5
Comerío,Central Mountains,2026,17488.02357358548,17554.33977230007,17670.040438105265,17788.964152860244,17896.81121761448,17963.51101630873,18014.79702527505,earthquake_m7_5
Comerío,Central Mountains,2027,16673.46817531874,16777.276221524477,16954.692253974717,17121.72433355984,17273.17003392904,17426.75548941096,17492.416675486857,earthquake_m7_5
Comerío,Central Mountains,2028,15930.01293612259,16029.902118985394,16262.53730441734,16497.7252396252,16667.97708366777,16875.626325580837,16952.69614691005,earthquake_m7_5
Comerío,Central Mountains,2029,15249.56811196183,15361.515569969259,15629.354097528641,15932.694986782953,16136.536255493143,16403.6794253074,16511.003434632967,earthquake_m7_5
Comerío,Central Mountains,2030,14635.880545490047,14763.65989680169,15087.424023489179,15424.152911639669,15668.574658769532,16000.232261432135,16171.187240900425,earthquake_m7_5
Corozal,Central Mountains,2025,33315.3439516347,33471.75016763737,33648.50902624084,33862.207627965035,34082.45722173894,34299.508779160366,34418.91902967445,earthquake_m7_5
Corozal,Central Mountains,2026,31686.095496792088,31967.21422441275,32371.516344990017,32801.41456073265,33258.908459039376,33619.92764379325,33921.77970097595,earthquake_m7_5
Corozal,Central Mountains,2027,29973.125847569067,30392.36696072268,30864.021256864828,31627.970375527206,32290.01446649003,32958.22575744681,33467.24460083656,earthquake_m7_5
Corozal,Central Mountains,2028,28220.2200308915,28618.701944401346,29538.306530843503,30448.338188504556,31372.821540557263,32271.10428363331,32692.358122245612,earthquake_m7_5
Corozal,Central Mountains,2029,26570.007901791596,27124.744895192627,28296.642304834662,29425.839883721183,30550.276974533575,31560.31067700118,31982.92705894159,earthquake_m7_5
Corozal,Central Mountains,2030,25139.016094197203,25699.54171807601,27166.516986170944,28541.299556653823,29859.14404734406,30784.865091025844,31724.704709501315,earthquake_m7_5
Culebra,East,2025,1290.809733752322,1308.553529600647,1338.021682012994,1368.6847729183037,1396.2557453122088,1418.4413047066373,1433.2607796623067,earthquake_m7_5
Culebra,East,2026,1180.5381171659517,1216.635126119228,1276.2813071225512,1327.806744305972,1384.7968444497606,1429.389710562056,1470.7013098591663,earthquake_m7_5
Culebra,East,2027,1067.7857306243475,1109.7584376914856,1207.4388392853539,1283.2177329650758,1389.2221941733353,1457.761021988573,1512.0142764288114,earthquake_m7_5
Culebra,East,2028,948.051419353042,1018.0411422188284,1126.759851880183,1248.6778307807956,1376.4234514626455,1472.6945374502245,1614.6558032916869,earthquake_m7_5
Culebra,East,2029,885.0536184173136,954.7726296569715,1059.1233139805745,1219.0724724247652,1383.376557778764,1531.356875471484,1655.884974577666,earthquake_m7_5
Culebra,East,2030,793.9909536149648,888.788582780205,993.2610921817767,1189.8113118128922,1383.7034499916226,1545.252626191533,1693.9010876025295,earthquake_m7_5
Dorado,North,2025,34910.88301145414,34988.13520286642,35089.10357854946,35199.906256643284,35319.76218800504,35435.0076321814,35513.380681760624,earthquake_m7_5
Dorado,North,2026,33499.97224494827,33681.19624627443,33925.63886953003,34138.33921284939,34382.521600416425,34582.500008210205,34681.94582755018,earthquake_m7_5
Dorado,North,2027,32090.137561406777,32265.247802648453,32651.869774311526,32998.62705552308,33338.8678819024,33661.37514845734,33775.05444616556,earthquake_m7_5
Dorado,North,2028,30554.53305391911,30856.81983473421,31344.576765849495,31812.179596493384,32350.509134125175,32700.633879700967,32985.00226868786,earthquake_m7_5
Dorado,North,2029,29027.36120057888,29621.42773080633,30143.30363444934,30767.737563374154,31437.91681971575,31949.036180172057,32202.84411136776,earthquake_m7_5
Dorado,North,2030,28001.369271154865,28464.545750756504,29121.5840611658,29892.761830289055,30556.72381919186,31152.48143202865,31530.47826129072,earthquake_m7_5
Fajardo,East,2025,30299.27972471351,30461.536364231608,30743.94490899572,31033.244595050328,31318.52884788214,31597.919055992388,31787.415014916623,earthquake_m7_5
Fajardo,East,2026,28527.129427292984,29005.62022038688,29470.852677624578,30173.305339718172,30667.638086792722,31257.781558398405,31504.224672360073,earthquake_m7_5
Fajardo,East,2027,27019.177009521194,27279.946056721365,28029.809908665546,28993.704001789658,29951.06686716426,30680.855263792964,31214.60599857153,earthquake_m7_5
Fajardo,East,2028,25108.480296546957,25641.69458368555,26393.293702886727,27935.077816928217,29392.342640234303,30102.916575457202,30802.366245432982,earthquake_m7_5
Fajardo,East,2029,23535.830122622843,24030.193190073758,25127.954761338413,26907.660821344754,28567.757471663725,29968.64975117104,30926.28889874645,earthquake_m7_5
Fajardo,East,2030,22022.352931232388,22743.032414317582,23851.12874673641,26060.896251754835,27942.71541752148,29453.771293471953,30850.77342089747,earthquake_m7_5
Florida,North,2025,11206.618265149264,11233.06896243295,11274.484751167458,11322.692794903982,11374.353264384466,11417.516116432986,11431.862672222507,earthquake_m7_5
Florida,North,2026,10737.559659623998,10802.76161246028,10879.257543597681,10979.68372059747,11060.8908569367,11135.811512889104,11185.505291295935,earthquake_m7_5
Florida,North,2027,10235.421562260066,10286.625747891629,10430.169795576076,10584.193623907438,10727.950848028056,10834.950798105661,10917.30756850943,earthquake_m7_5
Florida,North,2028,9691.758172515814,9831.679621135363,9978.698762785636,10190.42274397751,10389.950983525665,10541.31133862234,10695.15489417054,earthquake_m7_5
Florida,North,2029,9206.967492854421,9405.744088716441,9577.696359254012,9831.124004499878,10096.487718486167,10295.556477395063,10465.331722504801,earthquake_m7_5
Florida,North,2030,8849.611083447759,9018.393272857893,9227.268297862243,9521.971016785217,9854.967127474774,10045.657396707367,10191.667005163907,earthquake_m7_5
Guayama,South,2025,34052.93054391586,34160.52679712755,34433.711056922395,34684.05677829596,34867.92496934187,35096.044654805366,35203.65123050514,earthquake_m7_5
Guayama,South,2026,32365.993786531002,32507.291798342638,32906.79395988184,33392.5345520757,33850.75761589945,34289.88452902926,34514.94144704404,earthquake_m7_5
Guayama,South,2027,30366.716597682163,30746.342441358967,31348.094397784727,31917.68885236232,32869.62550876022,33327.61134175399,33545.68542631282,earthquake_m7_5
Guayama,South,2028,28367.926639205343,28993.622435099198,29780.933882814676,30666.628748322455,31796.115480509296,32433.974904359842,32923.92941824573,earthquake_m7_5
Guayama,South,2029,26814.846691953782,27367.4396310582,28503.770938151,29465.958260573316,30639.32935812499,31637.916920666772,32361.08638847377,earthquake_m7_5
Guayama,South,2030,25359.110268640754,26072.77169833428,27194.498863086526,28526.572844845694,29627.21464904487,31177.368963533372,31926.346023491427,earthquake_m7_5
Guayanilla,South,2025,16705.850112813845,16740.212603763655,16792.078147291366,16848.4368426052,16889.73329209217,16952.084551698186,16972.527789929612,earthquake_m7_5
Guayanilla,South,2026,15954.927284173726,16026.503147160074,16118.243173131625,16235.431374499127,16347.048375770548,16447.24225142968,16505.501800587524,earthquake_m7_5
Guayanilla,South,2027,15193.133503594785,15238.004712583053,15381.558667442647,15572.297793524012,15752.52287451041,15884.808586638792,16028.765544631879,earthquake_m7_5
Guayanilla,South,2028,14354.941289084078,14488.210232425134,14703.99263194812,14911.815091637838,15156.988818062619,15374.74550660508,15525.031797178308,earthquake_m7_5
Guayanilla,South,2029,13624.964123871838,13850.144191012792,14107.421962753511,14344.201048349772,14637.02388002699,14975.50645765693,15116.940487863514,earthquake_m7_5
Guayanilla,South,2030,13023.603135019886,13275.378650694278,13544.91282630896,13819.645569038155,14187.041302212001,14529.30447743996,14820.200892223733,earthquake_m7_5
Guaynabo,Metro,2025,86122.0507894987,86487.5188865013,87160.35256141613,87803.18443879008,88489.17332465615,89046.27579663077,89466.27933122583,earthquake_m7_5
Guaynabo,Metro,2026,81920.59711986598,82597.84009989371,83747.45467605519,84897.71183429008,86378.13169194355,87550.53745735023,88266.8929743019,earthquake_m7_5
Guaynabo,Metro,2027,77543.52412665993,78577.52204812155,80130.1291636683,81963.95019493603,84077.36683625603,85813.56878543628,86747.84024395587,earthquake_m7_5
Guaynabo,Metro,2028,73016.53921653611,74335.77128276438,76668.44153383381,79066.86542355845,81873.86253389066,83743.6076360759,85772.62961649749,earthquake_m7_5
Guaynabo,Metro,2029,68959.05294188623,70679.31060393905,73753.03967059782,76338.59455659117,80031.51013062336,82863.21922793245,84339.46033509474,earthquake_m7_5
Guaynabo,Metro,2030,65321.98585102196,67138.56647232962,70738.95487455267,74070.4811359194,77817.85135777784,81039.21975381773,84344.34415476283,earthquake_m7_5
Gurabo,East,2025,38148.19221516,38319.95145330648,38867.93385153781,39335.380787341426,39944.92047494095,40358.186998435645,40689.086299802635,earthquake_m7_5
Gurabo,East,2026,35815.24810220813,36233.86704069253,37045.60592199987,37996.82284226797,39224.03120887885,39926.20030117657,40385.53264445104,earthquake_m7_5
Gurabo,East,2027,32941.260131944386,33483.85002762487,34855.749322313786,36588.835085319035,38271.36921637455,39434.59954965652,40323.64325833367,earthquake_m7_5
Gurabo,East,2028,30225.15902990229,31259.977148839836,33074.93944483191,35308.246269190626,37058.562186243114,39372.24291605956,40013.9477254488,earthquake_m7_5
Gurabo,East,2029,28161.84255159792,28861.63242876676,31283.055142007663,34201.70584086416,36545.22018162127,38959.17522611099,40345.260506094586,earthquake_m7_5
Gurabo,East,2030,25845.78153182399,26884.60583823543,29992.677821456557,32893.052536955656,35621.730990464726,39060.04203601059,40161.639195571704,earthquake_m7_5
Guánica,West,2025,12407.138482434168,12449.595394168788,12534.96028766461,12617.650144394916,12722.808175160375,12806.659849207912,12836.935692349158,earthquake_m7_5
Guánica,West,2026,11742.661505301745,11826.679554590948,11960.895290444008,12181.9113519071,12346.88430780607,12484.381939056862,12592.85092488547,earthquake_m7_5
Guánica,West,2027,10959.082401779911,11141.62819295046,11389.719440161125,11645.674038732684,11958.419687357848,12205.096070139642,12362.712361802896,earthquake_m7_5
Guánica,West,2028,10209.61000830826,10443.002367746674,10813.089031641195,11171.644028106359,11560.556875248934,11901.616368901809,12239.643866963628,earthquake_m7_5
Guánica,West,2029,9550.395023549829,9846.357538809358,10301.113434086928,10753.238437833981,11237.778749033081,11704.297061206827,11941.785248942522,earthquake_m7_5
Guánica,West,2030,8999.01210218248,9348.214557731984,9887.84771931314,10403.85331077256,10970.341147584439,11529.286714271278,11863.195348098523,earthquake_m7_5
Hatillo,North,2025,37163.407405259866,37214.74682459124,37356.17574484524,37475.83233309611,37606.137767590364,37717.168613361384,37765.0762957821,earthquake_m7_5
Hatillo,North,2026,35642.51911181886,35844.977043751,36047.633791609456,36339.26407032869,36609.922555155834,36808.4331011033,36909.298320209025,earthquake_m7_5
Hatillo,North,2027,34099.38256716292,34277.99790193052,34714.574450335145,35075.564146681005,35453.64313849161,35775.07475491853,36056.85138621751,earthquake_m7_5
Hatillo,North,2028,32465.794128462698,32794.74271827988,33374.83387001153,33872.41489868371,34322.06426353914,34759.65342729046,35084.22805417726,earthquake_m7_5
Hatillo,North,2029,31022.200172976543,31454.724818400235,32075.02968092647,32790.79294046013,33277.50913814515,33856.69763255158,34336.07186993827,earthquake_m7_5
Hatillo,North,2030,29568.026988402093,30268.272163368936,30931.198640862534,31840.097340230415,32370.48929940768,33210.76228260847,33615.707886046235,earthquake_m7_5
Hormigueros,West,2025,15079.134909482837,15098.173892553315,15126.959651659996,15170.82767311221,15209.661501389295,15247.11240013484,15269.90910595309,earthquake_m7_5
Hormigueros,West,2026,14460.001710308836,14488.674662632506,14558.251777871632,14652.004279266286,14741.44814908369,14825.321230626081,14876.78313922125,earthquake_m7_5
Hormigueros,West,2027,13765.786620215622,13826.173578355449,13951.415464247671,14077.496570791207,14219.107909439223,14331.641310222545,14396.875419089516,earthquake_m7_5
Hormigueros,West,2028,13113.488455670971,13210.547355443396,13373.738035388287,13511.917236461,13710.014667354353,13878.491020051057,13950.291713976494,earthquake_m7_5
Hormigueros,West,2029,12505.207656106286,12627.648103098518,12830.189410080402,13029.238635906135,13271.66419310086,13448.967273953955,13541.669890168545,earthquake_m7_5
Hormigueros,West,2030,11987.586032808194,12129.528651477645,12345.06046822104,12574.559960025417,12830.271305615119,13062.619864165528,13170.463848336676,earthquake_m7_5
Humacao,East,2025,48856.68122627468,48926.45740555214,49079.24906160592,49247.88694350172,49380.206421631214,49484.793038175856,49595.94042605172,earthquake_m7_5
Humacao,East,2026,46982.56401885286,47144.91884954859,47381.54463250525,47701.05756672926,47975.88641041538,48228.057662311185,48357.70373633881,earthquake_m7_5
Humacao,East,2027,44945.424841359454,45166.151501114124,45573.1631988465,46003.90719912984,46494.84608551038,46750.1387675591,47076.22952444401,earthquake_m7_5
Humacao,East,2028,43011.76594730495,43257.245671113684,43762.455482346995,44310.03841926872,44916.4297062544,45419.919568516365,45771.999368971505,earthquake_m7_5
Humacao,East,2029,41285.54793273475,41567.379241318915,42151.19840187477,42823.26708126502,43587.71232794194,44086.681099396716,44672.48664358954,earthquake_m7_5
Humacao,East,2030,39548.42823588341,40017.846403825,40707.87221188085,41482.32881310166,42338.01528963767,43042.12586958319,43646.586264302954,earthquake_m7_5
Isabela,West,2025,41385.3180191484,41564.77707237405,41837.943036614575,42136.34168495712,42461.96968348014,42788.390220848254,42943.00892213418,earthquake_m7_5
Isabela,West,2026,39286.42914641979,39543.67515301494,40065.245119086314,40668.22407829584,41359.07688191869,41956.344694022846,42307.40926512305,earthquake_m7_5
Isabela,West,2027,37140.10586950964,37564.40852950584,38191.13146383381,39020.08770171844,40010.526709679245,41066.175790312605,41543.52719100361,earthquake_m7_5
Isabela,West,2028,34961.80840259423,35515.650534954184,36331.74899590452,37585.7229821028,38810.65151065281,40102.80342111978,40569.73183420457,earthquake_m7_5
Isabela,West,2029,32966.0613493672,33592.934288198914,34821.59844143681,36115.79421273542,37754.85022780531,39332.20563505279,40236.0993824453,earthquake_m7_5
Isabela,West,2030,31440.057473784153,31981.139120391013,33218.3727237793,34955.93756335951,36504.52274714205,38647.78856514414,39961.77786064223,earthquake_m7_5
Jayuya,Central Mountains,2025,14075.713003720835,14125.520135022844,14201.061026630934,14307.221547984624,14412.190736255327,14513.45160671296,14580.043698610987,earthquake_m7_5
Jayuya,Central Mountains,2026,13408.277508343672,13482.37856627724,13614.537966364509,13859.849811635773,14047.979858748073,14236.491315102869,14334.369680438906,earthquake_m7_5
Jayuya,Central Mountains,2027,12695.989506061373,12789.464626209558,13041.973744122559,13319.845308436721,13607.404398026374,13939.083952630204,14135.023584478995,earthquake_m7_5
Jayuya,Central Mountains,2028,11903.855455473422,12133.253367302992,12425.213765650233,12824.945437059305,13204.584220948127,13630.962459740129,13985.476869155293,earthquake_m7_5
Jayuya,Central Mountains,2029,11313.46455415181,11545.654553526514,11945.2174759706,12392.923723404387,12931.09178264929,13308.187676959918,13888.331723004228,earthquake_m7_5
Jayuya,Central Mountains,2030,10742.295984677523,11047.152425010829,11441.762897410135,12001.146824168913,12577.571410206841,13133.14413026249,13583.895970433277,earthquake_m7_5
Juana Díaz,South,2025,44818.09012543889,44924.56350536932,45099.106919815655,45349.74405970772,45613.02745384556,45837.37027793163,45920.62087365817,earthquake_m7_5
Juana Díaz,South,2026,42627.379517262874,42848.50486173926,43213.38299888697,43724.00670354154,44269.04429025204,44701.28297701162,44906.946650723396,earthquake_m7_5
Juana Díaz,South,2027,40164.9736433618,40494.860155646675,41159.33539319657,41903.84064732435,42630.09256708586,43547.910141047185,43764.816252989,earthquake_m7_5
Juana Díaz,South,2028,37929.66006724899,38346.45092744597,39253.457530969914,40189.894492869746,41108.52855511907,42211.76662630052,42720.12914072963,earthquake_m7_5
Juana Díaz,South,2029,35825.74047437995,36309.51008028419,37518.93190248284,38666.91944258066,39656.11956777067,41080.06683269263,41691.41063481785,earthquake_m7_5
Juana Díaz,South,2030,34078.76630481512,34586.208679796335,35843.691596668505,37270.09424093855,38491.457383902816,39915.115127750476,40809.18362570732,earthquake_m7_5
Juncos,East,2025,35894.11618688595,35967.6385854086,36072.10112185223,36220.31757270392,36373.81257948839,36485.279948659794,36538.97241162314,earthquake_m7_5
Juncos,East,2026,34428.96427662788,34619.47696892005,34866.26169493985,35077.68658007865,35400.99968717446,35606.3139213886,35745.41337006232,earthquake_m7_5
Juncos,East,2027,32776.47599425558,33022.778486387084,33386.9298447289,33847.61016739292,34311.37450407155,34672.1485361127,34882.08088512827,earthquake_m7_5
Juncos,East,2028,31288.18414265178,31531.75513724211,31922.30958049443,32649.794618458298,33186.55173094834,33731.951376468896,33950.13359895287,earthquake_m7_5
Juncos,East,2029,29851.277234252597,30098.34647882821,30663.914681313494,31508.73633607375,32158.17551236226,32876.73758861691,33062.56478441589,earthquake_m7_5
Juncos,East,2030,28609.787406021205,28962.800686883533,29644.39134132227,30553.45377600654,31277.33175783972,32032.486150581793,32429.412058930724,earthquake_m7_5
Lajas,West,2025,22213.189133995616,22335.170652133464,22503.147815118038,22669.39209314367,22817.7024802437,22923.573271533598,23063.27967883433,earthquake_m7_5
Lajas,West,2026,21112.676567640203,21267.8183386505,21562.373934770483,21931.65319451512,22227.708885805703,22490.10101560202,22711.721077829196,earthquake_m7_5
Lajas,West,2027,20032.271124081057,20179.189829903407,20532.11210623932,21128.47582452693,21577.89288958658,22012.26473239683,22282.339443633362,earthquake_m7_5
Lajas,West,2028,18795.95858911627,19133.203590198667,19629.740188129486,20269.36080813531,20881.822815495354,21581.179789187598,21879.839658875346,earthquake_m7_5
Lajas,West,2029,17808.192968024297,18178.32255520194,18662.33319507416,19478.983756956084,20247.7861081339,21039.907140560714,21640.887611918177,earthquake_m7_5
Lajas,West,2030,16932.396480035353,17218.497412858786,17874.29466996384,18808.895546604363,19665.11263892019,20629.080875710886,21227.371879869326,earthquake_m7_5
Lares,Central Mountains,2025,26397.219549715737,26560.27859520492,26945.31458170901,27368.133011834507,27853.790066312624,28326.10680910586,28478.215626333204,earthquake_m7_5
Lares,Central Mountains,2026,24131.436538669957,24542.704053662976,25437.929577488532,26565.16297226451,27371.840017857954,28292.081256685233,28899.76319746018,earthquake_m7_5
Lares,Central Mountains,2027,22063.290564433573,22642.38169100216,23812.438323371207,25462.070798464745,26811.74730120851,27948.524814614953,29165.0011058926,earthquake_m7_5
Lares,Central Mountains,2028,20115.406812646725,20906.397272884184,22350.0446050606,24335.69931820508,26029.531988346633,27656.7408461353,28926.1704934933,earthquake_m7_5
Lares,Central Mountains,2029,18050.47942037192,19091.213662890736,21313.08205683741,23578.388931253325,25808.276696008703,27353.320948418008,28839.81497852073,earthquake_m7_5
Lares,Central Mountains,2030,16675.521716854386,17699.725096390965,20319.51927686762,22936.692110884444,25450.899686187124,27397.96328929851,29125.41076120744,earthquake_m7_5
Las Marías,West,2025,8344.549766734335,8388.589328368402,8474.999457517131,8571.121065575302,8676.995250205942,8776.99609649273,8821.409553732412,earthquake_m7_5
Las Marías,West,2026,7749.8509688779595,7901.716392821244,8080.534080268632,8286.28892024329,8489.23871074205,8659.732007662502,8734.823426384177,earthquake_m7_5
Las Marías,West,2027,7222.8882736226815,7331.943438714335,7668.293116323296,7990.71500103176,8278.531984207151,8504.005075173123,8625.143158204202,earthquake_m7_5
Las Marías,West,2028,6648.184470001303,6884.691633809441,7172.472308516337,7729.522406299715,8091.8911159055115,8356.88480451491,8586.38954388464,earthquake_m7_5
Las Marías,West,2029,6176.188580238298,6401.026319603657,6769.872273804631,7415.178978732847,7863.933376600187,8294.722003053168,8553.581146119643,earthquake_m7_5
Las Marías,West,2030,5831.143891470356,5931.986710206978,6425.775874009418,7080.354224672328,7779.483774141822,8216.84198572663,8524.964524714343,earthquake_m7_5
Las Piedras,East,2025,33907.84659824233,33972.582433217045,34158.12424450906,34335.812187949836,34536.57893429402,34703.904858325324,34774.44101011549,earthquake_m7_5
Las Piedras,East,2026,32344.073585297887,32529.33289135497,32841.39793285758,33224.789196086786,33677.62208067715,34022.25711007493,34303.345283325696,earthquake_m7_5
Las Piedras,East,2027,30795.81500059866,30996.826227937065,31382.201666951827,31973.614207184233,32741.026648176292,33208.21909058514,33587.3136831188,earthquake_m7_5
Las Piedras,East,2028,29145.510751667895,29422.96366543046,29989.84832437997,30821.47167937729,31710.77478478272,32357.699417458578,32801.10315786697,earthquake_m7_5
Las Piedras,East,2029,27537.53983345431,28019.319291615666,28819.9338366569,29751.970155711453,30725.51452684615,31628.108418827873,32267.10581042412,earthquake_m7_5
Las Piedras,East,2030,26247.395952210452,26750.755994739553,27693.22293783731,28754.044262942363,30001.394589697542,31034.83672917605,31554.856760644605,earthquake_m7_5
Loíza,East,2025,22194.524284573625,22216.348970292256,22281.974051507466,22362.58681143115,22434.1064335268,22511.874701536744,22537.97658762192,earthquake_m7_5
Loíza,East,2026,21285.377292240344,21358.8149566706,21501.746186542543,21649.22536852119,21785.107886471043,21894.96310514217,21988.778383928617,earthquake_m7_5
Loíza,East,2027,20369.6008673942,20449.61256710188,20657.572772768603,20882.2534806108,21068.814281414507,21208.162234382038,21337.291912269062,earthquake_m7_5
Loíza,East,2028,19401.0004540892,19517.805866328286,19844.50571977389,20142.07562721922,20340.358251932015,20553.958128595248,20699.82891182252,earthquake_m7_5
Loíza,East,2029,18557.570840079326,18691.525355008915,19103.338404883027,19448.1643735129,19731.498970175988,20013.949976281965,20129.084771471567,earthquake_m7_5
Loíza,East,2030,17769.808846930384,17961.531724449236,18388.500787742552,18810.198429516913,19164.6929137912,19492.600252140735,19701.104667560838,earthquake_m7_5
Luquillo,East,2025,17088.284304527675,17126.01939940804,17184.804396828666,17230.239801101634,17280.340710647077,17328.050357329295,17353.96216677893,earthquake_m7_5
Luquillo,East,2026,16381.025170799687,16483.178938246532,16586.699792911444,16696.98579965625,16801.62992030645,16886.089427488638,16939.78266084484,earthquake_m7_5
Luquillo,East,2027,15706.611173999969,15782.239804740037,15942.478554768732,16110.327907614535,16254.68343490865,16404.344606140698,16509.014051058333,earthquake_m7_5
Luquillo,East,2028,15009.080779381458,15121.74590257633,15294.198149044041,15519.642477957514,15722.046148312875,15921.453995875689,16043.194033355432,earthquake_m7_5
Luquillo,East,2029,14382.866740790534,14465.340492486155,14697.203319557218,15007.913744303298,15234.733926935172,15479.315420726414,15645.789917540078,earthquake_m7_5
Luquillo,East,2030,13810.856925342927,13962.491678436338,14172.934257371198,14480.7220722455,14835.402234470239,15094.205449695992,15345.402130154813,earthquake_m7_5
Manatí,North,2025,37695.015619148704,37834.97847860505,37978.882954787055,38257.34701481955,38455.36539770688,38731.11237391872,38861.50518843764,earthquake_m7_5
Manatí,North,2026,36043.960767754266,36243.76790294066,36511.67994358555,36986.67176076122,37515.060238239785,37895.28185624657,38222.44806145338,earthquake_m7_5
Manatí,North,2027,34123.443845942915,34420.7204002145,34994.55871533304,35734.054993078316,36537.49491093637,37212.31361259115,37564.772974850384,earthquake_m7_5
Manatí,North,2028,32349.64232704406,32770.176913280164,33439.74822107873,34386.35476730627,35500.69980096956,36373.4333411402,37007.221718982706,earthquake_m7_5
Manatí,North,2029,30632.975804451165,31169.62208337849,32073.746910033355,33309.65517240563,34545.71555315482,35757.628572143614,36703.799438662296,earthquake_m7_5
Manatí,North,2030,29106.43715452141,29592.485460853037,30959.50784352411,32344.58539992004,33698.45642863637,35351.70416593005,36159.1863465342,earthquake_m7_5
Maricao,West,2025,4770.713596681651,4789.043469211772,4838.407500135392,4881.907367989805,4934.014076236492,4996.844128813088,5025.53566105575,earthquake_m7_5
Maricao,West,2026,4469.137290949678,4505.88506607297,4602.054769396493,4716.446667223712,4836.357156093773,4919.592560528743,4957.14996104034,earthquake_m7_5
Maricao,West,2027,4087.4649250120415,4194.603603474725,4357.831461475485,4536.149652695056,4699.9178680725545,4810.006907570688,4891.244460967216,earthquake_m7_5
Maricao,West,2028,3796.873439138632,3922.611213272531,4131.465796759782,4358.192074720767,4564.613601145615,4753.61311923055,4833.423380689501,earthquake_m7_5
Maricao,West,2029,3465.2530454078815,3671.887106031097,3918.2957141146685,4183.68109984466,4469.059415841607,4694.4872871290445,4817.755757745686,earthquake_m7_5
Maricao,West,2030,3260.5889921793073,3463.9961692524753,3758.645880946284,4008.8924401102377,4364.097013447783,4688.488894781548,4796.872292649362,earthquake_m7_5
Maunabo,East,2025,10116.038995624707,10143.453073668998,10183.505401320353,10224.515308746373,10266.580859366406,10303.347172866577,10329.395426925652,earthquake_m7_5
Maunabo,East,2026,9670.947568959558,9741.199753069786,9832.891653697796,9910.32433301043,9992.662213788699,10072.1215773699,10106.94792756962,earthquake_m7_5
Maunabo,East,2027,9244.156504437218,9309.47050016384,9448.09052565508,9580.920417363955,9684.85681432956,9779.254810627279,9879.105029366356,earthquake_m7_5
Maunabo,East,2028,8813.504442433217,8890.184725727247,9074.221699883854,9224.97461979582,9390.98971740278,9523.095591990597,9610.897801535004,earthquake_m7_5
Maunabo,East,2029,8444.063672699534,8522.30954166157,8741.103928513447,8901.155587636022,9123.42355621686,9298.101971502592,9419.94878924525,earthquake_m7_5
Maunabo,East,2030,8064.165098501464,8205.265879048015,8399.600324850844,8600.847571349994,8865.7370696373,9096.931769164541,9255.988722976324,earthquake_m7_5
Mayagüez,West,2025,68820.54352543887,69013.31320475365,69235.83473207013,69562.61640111584,69874.11794532505,70093.52970406394,70273.53026721926,earthquake_m7_5
Mayagüez,West,2026,65916.38512924964,66012.35577005314,66532.18877188538,67143.69430730396,67858.88533620987,68431.04097223363,68833.27848669839,earthquake_m7_5
Mayagüez,West,2027,62352.519155397706,62662.769995768766,63472.62845856683,64506.482998484935,65638.28446493455,66339.48648888759,66802.6725614694,earthquake_m7_5
Mayagüez,West,2028,58780.24699492081,59582.63767565809,60494.72824661207,61966.65715543822,63508.95280766455,64433.4177028426,65303.49772426074,earthquake_m7_5
Mayagüez,West,2029,55805.49018590099,56621.33272864414,57730.76417549695,59715.785978357555,61362.25897730756,62634.986458926796,64156.60452851992,earthquake_m7_5
Mayagüez,West,2030,53085.23946084332,54131.648292476406,55294.34850627357,57827.87874260089,59472.45202239207,61420.21864550672,62417.15779969677,earthquake_m7_5
Moca,West,2025,36038.2270186571,36159.240066153194,36410.26923152735,36764.89184481699,37083.513617747616,37372.17028547818,37495.44715284428,earthquake_m7_5
Moca,West,2026,33976.838847197985,34253.48791913281,34754.568253923055,35468.932787424405,36210.15769477548,36774.70900559664,37026.08716515976,earthquake_m7_5
Moca,West,2027,31749.51296592228,32029.962644604737,33004.71399461511,33970.48697935178,35186.45658785071,35936.83580645045,36342.33066399354,earthquake_m7_5
Moca,West,2028,29732.198853747665,30069.59030995089,31304.884032320297,32516.562031407797,33904.427773586125,35383.55816768512,35661.007065585574,earthquake_m7_5
Moca,West,2029,27848.98788828219,28367.201715586616,29750.690006333694,31330.25350694837,32897.72463823031,34409.71791804075,35277.67893445932,earthquake_m7_5
Moca,West,2030,26040.54419069979,26918.011575144348,28359.406042026138,30211.098536034537,32158.946726218965,33680.304655830005,35402.60328490164,earthquake_m7_5
Morovis,Central Mountains,2025,27507.84162619742,27622.621094498045,27744.870880616374,27892.164740051783,28052.35175847417,28197.450506744437,28283.127637611004,earthquake_m7_5
Morovis,Central Mountains,2026,26184.76984465548,26490.891403516904,26684.40936987621,27021.741553124582,27260.94370228147,27598.37973073416,27710.595835332668,earthquake_m7_5
Morovis,Central Mountains,2027,24810.738287620487,25117.980870940126,25581.5761114299,25951.849881482092,26441.70784937938,26898.627234058593,27197.96212208155,earthquake_m7_5
Morovis,Central Mountains,2028,23502.960501471465,23749.26997300952,24387.83405208948,25024.814348793254,25621.35260714147,26210.048953566926,26628.277693044758,earthquake_m7_5
Morovis,Central Mountains,2029,22307.222216617123,22559.91313889477,23364.714572100143,24209.956816049824,24945.649692038005,25681.734948681256,26070.33315303565,earthquake_m7_5
Morovis,Central Mountains,2030,21157.106321951196,21562.41082981406,22437.309376880985,23424.22513914611,24223.43019447333,25155.224709281418,25907.142408461794,earthquake_m7_5
Naguabo,East,2025,22132.577588899458,22268.760513193585,22440.070977745454,22635.318809192067,22875.110824700903,23138.549806124014,23240.21486279241,earthquake_m7_5
Naguabo,East,2026,20882.67053561125,21087.562448886296,21525.69402928697,21947.575605337843,22439.11047244288,22807.284510917532,22944.9148515605,earthquake_m7_5
Naguabo,East,2027,19483.154646317398,19695.61409331596,20593.596259815182,21310.12445812866,21918.027892051883,22405.335572729557,22832.09054918753,earthquake_m7_5
Naguabo,East,2028,18177.295117045443,18714.186514844212,19628.342265315267,20674.89818199727,21464.64763658597,22224.47612479361,22782.927462930133,earthquake_m7_5
Naguabo,East,2029,17034.027687916096,17728.17446332441,18814.941626207874,19929.010328728207,21025.983333861586,21980.168350639273,22796.59640732017,earthquake_m7_5
Naguabo,East,2030,16133.294683602388,16791.40329228128,18150.063190707493,19306.222590487654,20631.745580956536,21768.401309778346,22345.769362121933,earthquake_m7_5
Naranjito,Central Mountains,2025,28273.67344102816,28341.43683933806,28527.301492153343,28770.287956619657,28922.18830971256,29126.2344706147,29228.60758031884,earthquake_m7_5
Naranjito,Central Mountains,2026,26803.79260897336,26955.43358838743,27417.928076061842,27808.06862426966,28065.494466192074,28495.11005889394,28662.295964892306,earthquake_m7_5
Naranjito,Central Mountains,2027,25131.482111144454,25453.271642154203,26076.45671171014,26704.132367569873,27181.398818946902,27820.095902092628,28075.218049947747,earthquake_m7_5
Naranjito,Central Mountains,2028,23652.060592153568,24138.77876504656,24799.008233872697,25645.58034762273,26387.680318497485,27143.25472959245,27513.112710865866,earthquake_m7_5
Naranjito,Central Mountains,2029,22165.08834178877,22806.911636196808,23722.611797619655,24717.42489998808,25648.117639000833,26391.6236574412,26721.503672903982,earthquake_m7_5
Naranjito,Central Mountains,2030,20945.701510486346,21546.706963443925,22717.566869928985,23847.874338496782,24846.536940950864,25836.643763138356,26535.881930116215,earthquake_m7_5
Orocovis,Central Mountains,2025,20547.11980968951,20643.67443242167,20778.622934179053,20922.070209120713,21063.89710330596,21188.67142294279,21243.31288791093,earthquake_m7_5
Orocovis,Central Mountains,2026,19520.24637805016,19660.654638920976,19938.36535241148,20204.326042344437,20470.65217185906,20766.741909014105,20899.375528655863,earthquake_m7_5
Orocovis,Central Mountains,2027,18436.785858385523,18629.60723262251,19001.51597129728,19422.551429586012,19898.1817492955,20177.86447574314,20467.710955686078,earthquake_m7_5
Orocovis,Central Mountains,2028,17274.97184520915,17664.948512172217,18122.29317098316,18688.980015938694,19221.168344069898,19628.875767458965,19796.063892171187,earthquake_m7_5
Orocovis,Central Mountains,2029,16230.944464474773,16824.41020955037,17273.686908361866,18016.913475975085,18625.307632725493,19171.95672019611,19447.412592883764,earthquake_m7_5
Orocovis,Central Mountains,2030,15428.143381188687,15989.833448489582,16534.455259845265,17378.559233765678,18038.602468527104,18800.80230454241,19068.937533012333,earthquake_m7_5
Patillas,South,2025,15184.359627189024,15209.267206367382,15246.791403330826,15286.59625231936,15322.164129339295,15364.926388260517,15389.414649376036,earthquake_m7_5
Patillas,South,2026,14550.54976104107,14590.03941500832,14666.155395052741,14750.321183165966,14813.66459463061,14894.404903399593,14943.354071917462,earthquake_m7_5
Patillas,South,2027,13851.67983438402,13901.567627783561,14032.59047632493,14147.144725064469,14257.94980890573,14363.616701823548,14429.055648979156,earthquake_m7_5
Patillas,South,2028,13148.90311590426,13262.149253816231,13406.507572452523,13551.679663368264,13748.906476466702,13867.12769333042,13984.749123915915,earthquake_m7_5
Patillas,South,2029,12529.633228790595,12666.689168865254,12817.665259093863,12997.888095259,13279.570236215259,13419.834430688286,13571.146255879814,earthquake_m7_5
Patillas,South,2030,12019.277282270872,12155.3691792662,12309.575849768231,12552.528541558844,12821.141155213805,12994.563417694555,13188.090319418974,earthquake_m7_5
Peñuelas,South,2025,19130.39830364636,19217.283401280652,19329.61859103704,19492.490683364238,19634.4591518859,19814.22091215054,19892.247886940615,earthquake_m7_5
Peñuelas,South,2026,18083.68752009524,18194.083664990147,18430.71415304446,18829.670094804045,19122.604469723196,19416.790265456522,19617.626974545554,earthquake_m7_5
Peñuelas,South,2027,16882.63852435047,17093.19958817404,17454.361906468814,17993.3080913437,18484.81336200404,18962.06756535309,19165.82411786456,earthquake_m7_5
Peñuelas,South,2028,15777.187652991423,16058.96577827439,16578.103856403017,17174.716073462638,17908.509760397512,18513.159639514597,18806.851175388907,earthquake_m7_5
Peñuelas,South,2029,14814.608087555747,15153.48936208101,15647.691498015753,16521.84605952094,17327.13853773386,18227.55342038179,18592.24498533332,earthquake_m7_5
Peñuelas,South,2030,13938.538006800634,14405.480514445857,14938.409779870053,15907.766061006496,16793.30480723844,17759.643207625486,18399.947196015757,earthquake_m7_5
Ponce,South,2025,128426.54135325467,128940.26107829942,129638.94469523014,130451.07936581998,131283.46066636182,131957.70065053328,132370.44298025916,earthquake_m7_5
Ponce,South,2026,122110.29063382286,122892.68904257874,124251.19053780218,125757.12389772478,127260.56176525957,128564.92448648399,129579.12161004038,earthquake_m7_5
Ponce,South,2027,115073.0474199462,116072.97846948216,118404.14024875069,120659.36772507438,122738.54123445775,124622.64548351137,126193.29643549673,earthquake_m7_5
Ponce,South,2028,107896.84323189562,109728.0931419867,112513.7859770935,115780.17465832861,118305.3984625364,121174.4689121043,123243.25792605897,earthquake_m7_5
Ponce,South,2029,101700.87890074361,104102.53423001917,107606.1760499058,111184.50493516271,114384.52224150766,118083.97089892889,120275.0562716513,earthquake_m7_5
Ponce,South,2030,96473.48911390227,98958.28583346003,102867.6484282175,106852.91022774883,111562.88053079613,115089.5642648564,117192.23959643305,earthquake_m7_5
Quebradillas,North,2025,22747.529243299494,22795.030473995106,22883.064589963997,22977.00294678862,23078.66213911886,23170.165812319443,23272.356912177333,earthquake_m7_5
Quebradillas,North,2026,21809.175520306697,21891.335817634423,22067.905421623425,22241.81251831683,22436.8891541158,22642.48959976817,22801.036189447987,earthquake_m7_5
Quebradillas,North,2027,20792.81877458724,20920.673851365027,21186.560051927154,21424.23531930765,21762.41274559658,22015.86629732866,22180.361708708788,earthquake_m7_5
Quebradillas,North,2028,19753.953008723365,19952.047726328212,20306.442714542594,20644.406113099692,21067.330765909708,21374.97684163132,21685.600239193987,earthquake_m7_5
Quebradillas,North,2029,18822.209075010025,19069.22898232104,19543.031487993645,19946.47010689704,20427.11123600712,20799.814525648115,21120.035699968652,earthquake_m7_5
Quebradillas,North,2030,18045.419825903857,18209.653430673618,18809.14234975967,19237.02568320305,19855.125830360626,20211.0186802188,20708.744230506876,earthquake_m7_5
Rincón,West,2025,14718.079543646878,14782.37438449093,14933.897511229974,15115.593130248993,15278.110084643431,15406.76920780497,15478.72741673996,earthquake_m7_5
Rincón,West,2026,13777.67529037726,13944.757525029316,14247.012093200134,14587.577051238775,14996.096331550361,15243.003160917715,15345.02584575589,earthquake_m7_5
Rincón,West,2027,12735.705993536098,13096.109723480044,13502.298373091056,13941.132204377764,14539.31491364865,15015.532517251208,15232.421112983324,earthquake_m7_5
Rincón,West,2028,11804.081442738758,12118.623005347159,12789.144351977235,13471.187861588685,14125.027327839962,14801.13921021268,14994.54001957082,earthquake_m7_5
Rincón,West,2029,11091.02840423255,11431.439723403144,12071.1919454793,12970.356506855442,13718.160078633959,14500.358590285718,14929.06269063404,earthquake_m7_5
Rincón,West,2030,10384.126965946212,10754.35031939392,11593.692133215052,12504.062973196145,13448.621283201754,14288.51489869008,14778.651654757892,earthquake_m7_5
Río Grande,East,2025,44846.68196939275,44939.50606198098,45055.045246896916,45269.07104105901,45416.05656995812,45573.523487395425,45684.31466761798,earthquake_m7_5
Río Grande,East,2026,43040.51808758828,43250.17246516464,43485.0716468057,43828.91540463237,44179.545034002294,44440.95763712065,44631.678010372176,earthquake_m7_5
Río Grande,East,2027,41006.801512945494,41331.4893421798,41675.466282528694,42242.35970386372,42785.33647876994,43148.516192307674,43395.75203377259,earthquake_m7_5
Río Grande,East,2028,39203.33207463238,39579.95895727898,39986.973574370844,40693.91892312668,41359.65450083078,41911.124782112725,42213.74664489073,earthquake_m7_5
Río Grande,East,2029,37436.58955115548,37877.4537077658,38446.10718223985,39220.17515396146,40144.24889118118,40832.48013947831,41077.94873089438,earthquake_m7_5
Río Grande,East,2030,35970.38336006504,36338.099357549516,37028.72293024472,37925.575570373796,39015.78887689755,39834.446175243254,40034.62200656312,earthquake_m7_5
Sabana Grande,West,2025,21700.822093653715,21767.379455182872,21864.269279364475,22020.858763154614,22144.53124068302,22263.45193844985,22358.639100568547,earthquake_m7_5
Sabana Grande,West,2026,20676.45325444569,20811.708254690475,20992.65894054525,21265.54929493364,21537.05225862078,21833.101067200074,21975.498557129747,earthquake_m7_5
Sabana Grande,West,2027,19625.399318363303,19789.569607782076,20143.551080550096,20416.960254279536,20839.32219560708,21305.669600929396,21475.059257618996,earthquake_m7_5
Sabana Grande,West,2028,18476.598715473177,18794.12693862357,19237.153821481108,19624.572927077286,20201.179704407055,20862.22068265374,21102.583502670725,earthquake_m7_5
Sabana Grande,West,2029,17587.2300604758,17836.843079044258,18487.36144707558,18875.621019643546,19632.2335060187,20329.57018102448,20773.04212932042,earthquake_m7_5
Sabana Grande,West,2030,16590.28329286889,17065.643375200976,17702.920818103332,18263.533735580022,19018.979861574167,19930.97970688421,20299.947971500766,earthquake_m7_5
Salinas,South,2025,24361.673248616677,24411.93964135731,24532.149914807203,24652.41632919725,24785.69819547166,24888.076429652177,24934.826827305573,earthquake_m7_5
Salinas,South,2026,23251.849804038102,23322.64409848139,23547.682248982193,23759.216580863438,24067.93555532232,24257.24953991746,24405.8852404903,earthquake_m7_5
Salinas,South,2027,21949.314066076946,22135.691491140085,22472.23788064787,22802.694799475466,23218.088449029172,23578.2067209218,23726.482927450987,earthquake_m7_5
Salinas,South,2028,20702.26494042084,20924.189409872753,21336.962113801597,21911.396776624904,22407.142957452925,22950.201070958898,23077.623525825507,earthquake_m7_5
Salinas,South,2029,19661.73794300159,19910.791879741,20430.247149145136,20959.97541697479,21705.718443123264,22192.342906754642,22544.48052635735,earthquake_m7_5
Salinas,South,2030,18751.781949416203,18951.954541520052,19571.394733442103,20227.159656989148,21044.63605573155,21647.02230247708,22053.183061248055,earthquake_m7_5
San Germán,West,2025,30298.95183249662,30394.75417652762,30558.343876679475,30766.863393615356,30940.381421702397,31093.09547952489,31230.20271757892,earthquake_m7_5
San Germán,West,2026,28820.196723901525,28967.543134909745,29294.51620102122,29700.32677185633,30095.94660213508,30366.730084601768,30618.548327534256,earthquake_m7_5
San Germán,West,2027,27132.600923773338,27330.64205677563,27865.27285331833,28537.622590225223,29159.60640703429,29611.778490999215,29781.688839642597,earthquake_m7_5
San Germán,West,2028,25564.985749082025,25758.294855796095,26517.214392095284,27368.241511977845,28138.41866302954,28817.362646589714,29312.3509332754,earthquake_m7_5
San Germán,West,2029,24018.88522627744,24401.927131924476,25215.606789286518,26302.57557985386,27359.073295086,28090.24285791183,28776.961546377785,earthquake_m7_5
San Germán,West,2030,22552.611513176427,23121.249177261467,24082.757383758148,25283.830782990688,26619.79519592676,27552.23199296893,28338.1246984979,earthquake_m7_5
San Juan,Metro,2025,324369.813883777,324964.0256250682,327485.60872067884,330058.55957999674,332617.0727813642,334544.193602874,335752.244815995,earthquake_m7_5
San Juan,Metro,2026,306364.6817959658,308742.9977158705,313822.9068953508,318761.4860861363,324397.5456254583,328310.0654643667,331487.7258015368,earthquake_m7_5
San Juan,Metro,2027,286649.86929820717,290965.5515330543,299441.4965864136,306709.23429931153,314165.67894495034,321963.945096751,326364.3063534038,earthquake_m7_5
San Juan,Metro,2028,268051.68247022,277081.4804946093,285362.8823046391,295642.68072799506,305235.53494654,313330.57514444465,321715.6264360619,earthquake_m7_5
San Juan,Metro,2029,255740.7640273332,263201.19079182035,274516.1774468352,285400.62598317734,296717.49820523814,310740.2095827781,317969.1374498176,earthquake_m7_5
San Juan,Metro,2030,243442.82862608234,248006.9670368905,263281.3244914038,275953.2174095557,289173.8583729562,306630.7716901087,314986.86655347917,earthquake_m7_5
San Lorenzo,East,2025,36228.47949228673,36356.71058261903,36586.957613001556,36775.72720263306,36978.912996848434,37154.13406621884,37255.573469333176,earthquake_m7_5
San Lorenzo,East,2026,34631.34172910172,34773.262993700475,35218.612230696854,35672.514028857,36033.55311969121,36449.004984456835,36703.37315814689,earthquake_m7_5
San Lorenzo,East,2027,32945.32801177163,33160.73568617671,33662.48931534284,34370.88785984812,35022.94258548528,35485.162593186426,36012.099781917204,earthquake_m7_5
San Lorenzo,East,2028,31222.365860514466,31539.560768090123,32298.582220247594,33093.345681969484,33980.98186015898,34655.79807243134,35154.68748561161,earthquake_m7_5
San Lorenzo,East,2029,29794.984819824112,30188.46431509401,30977.86277997618,32023.436840595074,33047.047162534014,33987.300616258646,34483.52668271177,earthquake_m7_5
San Lorenzo,East,2030,28320.724194505852,28831.51393566433,29782.9107370126,31128.017159852207,32099.876708549495,33219.473778994994,33766.77790083247,earthquake_m7_5
San Sebastián,West,2025,37505.58306757127,37745.078348955634,38096.07859338734,38441.84559515812,38784.11353263252,39094.11124042022,39372.759688104044,earthquake_m7_5
San Sebastián,West,2026,35310.960077987016,35859.99147412224,36407.08612833209,37184.36196995414,37839.67118743538,38411.21651554709,38907.51152153413,earthquake_m7_5
San Sebastián,West,2027,32996.44630143837,33700.204144827265,34659.61269577411,35707.9413149075,36795.4920837415,37882.617410490006,38383.38378799243,earthquake_m7_5
San Sebastián,West,2028,30646.812381901906,31612.612579263852,32809.56495291143,34326.11927778063,35671.95108462303,37167.38072985472,38091.94041899164,earthquake_m7_5
San Sebastián,West,2029,28394.130831359358,29414.815324490297,31075.2172045941,33077.741571934755,34811.84954000269,36939.958081368975,38023.60841735651,earthquake_m7_5
San Sebastián,West,2030,26585.997226115433,27532.398129390775,29560.45587106046,32164.973801974087,34129.17207959822,36685.93820278592,37812.577822176085,earthquake_m7_5
Santa Isabel,South,2025,19326.853718671027,19380.316055070358,19455.401422791663,19553.870221246063,19648.606379318364,19738.65394225972,19804.913327564012,earthquake_m7_5
Santa Isabel,South,2026,18364.71445683656,18445.7614015935,18665.64411351302,18889.73313972559,19067.459265654463,19239.5518806317,19310.245663867136,earthquake_m7_5
Santa Isabel,South,2027,17361.327892208803,17495.621907214798,17788.866593412982,18157.135970230163,18412.229802944134,18683.438499599808,18793.40328968364,earthquake_m7_5
Santa Isabel,South,2028,16353.833677132761,16584.89672221005,16948.00693798726,17455.07043540259,17782.239061811844,18143.852087408322,18343.05873360048,earthquake_m7_5
Santa Isabel,South,2029,15490.055027689794,15730.701605505576,16207.491219004805,16760.97254788183,17267.037522901614,17634.9303430677,17844.141245504918,earthquake_m7_5
Santa Isabel,South,2030,14678.782019434808,14995.98470572612,15552.457787936055,16166.274292195212,16778.527116074587,17238.82637803976,17557.244906807726,earthquake_m7_5
Toa Alta,Metro,2025,64003.19875453851,64235.74564950205,64589.16794463262,65137.92413793146,65601.51993910584,66020.87409945884,66301.27845724505,earthquake_m7_5
Toa Alta,Metro,2026,60410.26666872123,61121.61520237271,61830.22698111687,62999.88046796255,63844.09706282456,64856.690657652376,65671.55628607117,earthquake_m7_5
Toa Alta,Metro,2027,57039.700354107066,57614.800382268564,59049.924709978004,60683.11192924554,62097.82157399412,63560.27893543415,64448.8981404906,earthquake_m7_5
Toa Alta,Metro,2028,53703.31817922799,54198.63035409113,56433.94000012576,58702.6546155419,60602.2877786209,62320.13939939408,63690.19849677924,earthquake_m7_5
Toa Alta,Metro,2029,50431.93516306027,51960.91894412681,54158.868400830375,56567.4555490777,59205.76530987423,61047.35478756518,62748.924450091654,earthquake_m7_5
Toa Alta,Metro,2030,47587.184255251355,49228.87163262374,51747.54533329025,54906.04497795833,57524.78780309875,59952.06780249991,61398.79628500718,earthquake_m7_5
Toa Baja,Metro,2025,71081.02564937217,71182.51615812436,71426.91202149706,71747.31033468575,72001.00008690996,72228.21138080646,72386.18215938039,earthquake_m7_5
Toa Baja,Metro,2026,68172.16236558717,68416.82659916714,68837.24575419915,69397.31155990646,69940.94633592178,70489.05011998783,70786.34156359211,earthquake_m7_5
Toa Baja,Metro,2027,64949.414522923296,65394.1392816721,65946.92461790142,66727.77721074648,67772.47351225106,68417.45903261255,68864.11653979431,earthquake_m7_5
Toa Baja,Metro,2028,62048.17349192487,62303.52713706009,63366.153120470524,64285.386041953556,65308.684589779405,66540.22614163625,67298.06789150869,earthquake_m7_5
Toa Baja,Metro,2029,59230.10675601558,59618.87662180251,60888.750982283884,62150.16043739583,63369.46517033089,64589.03930920732,65566.86664889142,earthquake_m7_5
Toa Baja,Metro,2030,56851.52251025113,57265.20170177587,58616.380899383264,60097.282455208326,61459.2964792767,62886.86232387208,64056.353424793895,earthquake_m7_5
Trujillo Alto,Metro,2025,64756.22260084788,64989.48866814003,65476.96953851188,65868.70638677706,66366.55748218222,66943.2603629167,67293.04311557524,earthquake_m7_5
Trujillo Alto,Metro,2026,61622.15225924784,62099.84305716717,62822.28700892638,63739.60390040509,64650.89547884241,65585.99739316154,66093.4551989089,earthquake_m7_5
Trujillo Alto,Metro,2027,58085.08559087238,58870.815782198755,60057.49543674233,61216.284204658215,62635.35867005355,64424.685379090326,65021.87271979402,earthquake_m7_5
Trujillo Alto,Metro,2028,54872.519426170635,55591.868996571844,57291.56116096716,58939.278176442065,61040.200021565695,63077.05086363199,63976.53635684633,earthquake_m7_5
Trujillo Alto,Metro,2029,51728.27108797165,52760.513017173005,55050.0474289384,57063.53472213561,59304.58773023475,61810.31912578051,63516.59999081509,earthquake_m7_5
Trujillo Alto,Metro,2030,49370.03608115126,50531.16056394509,52831.1354496493,55171.45676926934,57749.95298132963,60683.84929471956,62161.493999637474,earthquake_m7_5
Utuado,Central Mountains,2025,26779.754467955547,26870.33312870477,26996.71475931481,27134.415102603627,27257.800825138696,27353.740819348764,27410.819218422344,earthquake_m7_5
Utuado,Central Mountains,2026,25544.74252799753,25781.543533405293,25965.78407046468,26204.72408585736,26481.634846870067,26725.799976710594,26844.845715684925,earthquake_m7_5
Utuado,Central Mountains,2027,24279.371709136387,24542.203769226835,24819.90033916489,25210.60340501884,25648.059182679568,25988.530089946176,26120.039632190874,earthquake_m7_5
Utuado,Central Mountains,2028,23023.728188321867,23296.3288159365,23709.913383964085,24250.329923949346,24796.95145680623,25308.94881590592,25598.645524263422,earthquake_m7_5
Utuado,Central Mountains,2029,21889.121994940255,22164.217134968298,22714.54516655984,23375.07688561276,24021.32366952138,24664.671820611533,24887.56850927895,earthquake_m7_5
Utuado,Central Mountains,2030,20824.482681660946,21121.221810278534,21773.3040755911,22594.365579875994,23490.376864671864,24087.2723382571,24506.75655331295,earthquake_m7_5
Vega Alta,North,2025,34035.64209879339,34089.40247387042,34204.30339463804,34323.71459118315,34466.68545221109,34606.2699973091,34676.12111567927,earthquake_m7_5
Vega Alta,North,2026,32758.4982342528,32825.82230403319,33055.801515621664,33287.7701047282,33571.92893878988,33784.51005705842,33878.99284224493,earthquake_m7_5
Vega Alta,North,2027,31328.412971146758,31470.749772742896,31745.48590213353,32197.108536778862,32548.412903635464,32799.12427661845,33029.406565602425,earthquake_m7_5
Vega Alta,North,2028,29967.23173166907,30095.945457809084,30568.852386987066,31064.115419009795,31498.54442500897,31894.691629948302,32122.492269834787,earthquake_m7_5
Vega Alta,North,2029,28645.003654887478,28975.288071069586,29418.689867599463,30067.69705263974,30532.62264639749,31146.76745670379,31425.75599198789,earthquake_m7_5
Vega Alta,North,2030,27476.395392926664,27771.200999236684,28345.04994006941,29152.872138645223,29773.896142966078,30336.53781779777,30901.203125147054,earthquake_m7_5
Vega Baja,North,2025,51622.12035619504,51927.44595466592,52373.734280664605,52880.995661884546,53287.69587847821,53795.07505824968,54116.06804635085,earthquake_m7_5
Vega Baja,North,2026,48588.92961797744,49324.97074603684,50379.06026251174,51084.21126932335,52179.0707329969,53114.42178228125,53694.31834497398,earthquake_m7_5
Vega Baja,North,2027,45480.76487289171,46455.998743573145,48132.05655475513,49243.64564200178,50720.29400907624,52105.73018007214,52980.9076506238,earthquake_m7_5
Vega Baja,North,2028,42556.08304107805,44038.88898743538,45350.33944253538,47469.32061175593,49074.774663938864,51050.23540561765,52311.78645743032,earthquake_m7_5
Vega Baja,North,2029,39938.261165857584,41707.41209038924,43335.48399205014,45696.8546430946,47974.03468215121,49922.269359329126,52145.17583288012,earthquake_m7_5
Vega Baja,North,2030,37968.48175068225,39019.46059936249,41397.30432822774,44286.56883660739,46981.77506509304,49416.48891549749,51000.71369119121,earthquake_m7_5
Vieques,East,2025,7887.4772521218365,7896.092677690102,7919.098716893858,7938.548340713736,7957.554796629303,7987.7629496145555,7999.573832596951,earthquake_m7_5
Vieques,East,2026,7576.781750626148,7605.448937276512,7641.501118923289,7689.488924965581,7735.216341602489,7781.950929608514,7807.9074671040735,earthquake_m7_5
Vieques,East,2027,7245.847689727529,7274.3221907276,7344.22679464542,7410.95083424056,7486.68708989544,7550.42501551178,7597.729088641221,earthquake_m7_5
Vieques,East,2028,6920.830305257743,6965.384451691213,7046.273383369679,7142.151140991813,7228.711920304111,7334.506323659328,7373.304288366098,earthquake_m7_5
Vieques,East,2029,6612.509326344856,6689.994180877977,6778.633247620473,6901.342782809041,7001.919345262411,7131.177229150661,7207.129674047119,earthquake_m7_5
Vieques,East,2030,6371.1471854056845,6404.413347869299,6541.196576695311,6672.843156241821,6783.470400720673,6953.341651312136,7065.564856692235,earthquake_m7_5
Villalba,South,2025,20924.695017066104,21006.03414878086,21070.88893485639,21176.395722268826,21285.912362396877,21362.67579686909,21409.731361110353,earthquake_m7_5
Villalba,South,2026,19939.381105422293,20067.01182522858,20214.94761313006,20408.204795956182,20648.181076455276,20834.166500836713,20914.51760357603,earthquake_m7_5
Villalba,South,2027,18858.526947793653,19008.765332378098,19236.16919211924,19602.534090541936,19899.43359920205,20184.072586219216,20314.563686884863,earthquake_m7_5
Villalba,South,2028,17857.529678337072,17979.087707814677,18370.35191147043,18765.48071373679,19257.48448152225,19652.99164194659,19764.369493421837,earthquake_m7_5
Villalba,South,2029,16936.15686310794,17150.11682906716,17607.37329606599,18063.976283412805,18652.595537425266,19203.62522745799,19310.97142333729,earthquake_m7_5
Villalba,South,2030,16115.2121032066,16429.943411652555,16848.216134986244,17429.095162820107,18011.593265464187,18789.949055953766,18982.84585211397,earthquake_m7_5
Yabucoa,East,2025,28547.605525195773,28601.30074735159,28721.5706813156,28860.131640404306,29002.448032650213,29124.80782485746,29205.480359626563,earthquake_m7_5
Yabucoa,East,2026,27278.280716041823,27469.582080469678,27670.261764104904,27936.505532622286,28238.300748883506,28514.045054378428,28592.714524699957,earthquake_m7_5
Yabucoa,East,2027,25972.124746593512,26169.698192842585,26502.531107076742,26950.071359785332,27402.768053777312,27792.065373050325,28013.15707211826,earthquake_m7_5
Yabucoa,East,2028,24729.8695722876,24956.31054463358,25367.865644337882,26046.651985307843,26539.026708436162,27160.870946372714,27486.177530790555,earthquake_m7_5
Yabucoa,East,2029,23489.966771111023,23778.83352988313,24261.644724098747,25122.609605442034,25822.721625071972,26542.98322912416,26809.364581243197,earthquake_m7_5
Yabucoa,East,2030,22382.005165397422,22812.927423493213,23304.211974323425,24205.53823086682,25088.25589640095,25987.488198675434,26591.503868607513,earthquake_m7_5
Yauco,South,2025,32132.42560283575,32200.519271581827,32308.35012782416,32450.81825547221,32543.177513317445,32682.733417418727,32808.505499462946,earthquake_m7_5
Yauco,South,2026,30647.385931520075,30784.609167697225,31087.627628605802,31317.74283107998,31537.013231049175,31788.20419109113,31968.242419056045,earthquake_m7_5
Yauco,South,2027,29119.63298702224,29262.008535872938,29682.66787866488,30015.79371520687,30450.082587873174,30836.387582392854,30906.48474639477,earthquake_m7_5
Yauco,South,2028,27452.422923387112,27764.544596573407,28319.645313745612,28702.83388344542,29322.880960567232,29775.6948745613,30160.251958381723,earthquake_m7_5
Yauco,South,2029,26150.994431756833,26519.911078754754,27146.317590765488,27623.051562702378,28277.78209270641,28914.79978045987,29398.109775673925,earthquake_m7_5
Yauco,South,2030,24856.186023771792,25299.452736282492,25991.221260404927,26640.05746791892,27362.26358562051,28220.831063603888,28721.490720440746,earthquake_m7_5
