year,municipio,geoid,total_population,poverty_rate_pct,unemployment_rate_pct,per_capita_income,no_hs_diploma_pct,under_18_pct,over_65_pct,disability_pct,single_parent_pct,minority_pct,limited_english_pct,multi_unit_housing_pct,mobile_homes_pct,crowding_pct,no_vehicle_pct,group_quarters_count
2010,Adjuntas Municipio,72001,19541.0,59.26,20.71,5974.0,42.18,26.95,13.0,0.0,9.5,99.13,14.52,4.15,0.2,7.1,24.56,94.0
2010,Aguada Municipio,72003,42232.0,56.55,25.59,7414.0,42.38,24.88,11.81,0.0,10.18,94.93,27.06,2.7,0.06,5.39,17.72,60.0
2010,Aguadilla Municipio,72005,61965.0,54.31,20.82,7908.0,38.52,24.51,14.7,0.0,13.07,98.3,26.74,10.37,0.12,4.59,23.11,1414.0
2010,Aguas Buenas Municipio,72007,28827.0,52.44,4.14,7494.0,40.1,25.95,12.74,0.0,13.22,99.0,11.85,1.65,0.56,9.48,19.55,77.0
2010,Aibonito Municipio,72009,26161.0,52.06,14.43,8213.0,35.08,25.39,13.65,0.0,15.54,99.57,23.21,2.46,0.0,6.31,24.17,0.0
2010,Arecibo Municipio,72013,97633.0,47.07,15.83,8867.0,34.1,23.79,15.55,0.0,13.34,99.4,23.83,4.6,0.1,3.25,19.41,1256.0
2010,Arroyo Municipio,72015,19607.0,53.41,27.0,7547.0,37.3,27.8,13.17,0.0,17.19,99.13,22.11,4.5,0.13,8.46,20.57,1.0
2010,Añasco Municipio,72011,29254.0,47.34,9.03,7584.0,41.16,24.8,13.92,0.0,12.16,98.81,18.09,2.97,0.44,6.77,20.28,10.0
2010,Barceloneta Municipio,72017,24506.0,48.87,17.0,8479.0,37.18,26.3,13.74,0.0,14.63,99.6,35.46,2.78,0.0,2.89,18.04,472.0
2010,Barranquitas Municipio,72019,30272.0,55.43,13.83,6588.0,38.52,29.03,10.45,0.0,18.22,99.73,19.0,2.49,0.0,10.2,21.01,365.0
2010,Bayamón Municipio,72021,212183.0,33.14,16.99,12180.0,25.57,23.51,15.58,0.0,14.37,99.16,27.7,10.35,0.06,4.52,15.67,5653.0
2010,Cabo Rojo Municipio,72023,50468.0,48.69,9.72,8999.0,38.64,23.87,16.95,0.0,8.7,99.01,18.58,8.92,3.72,5.76,18.94,86.0
2010,Caguas Municipio,72025,143301.0,36.95,12.58,11880.0,27.9,24.94,14.2,0.0,14.34,99.03,28.4,9.07,0.17,4.17,19.79,886.0
2010,Camuy Municipio,72027,35381.0,51.63,20.21,7368.0,40.95,25.59,13.28,0.0,9.92,99.56,15.3,1.8,0.21,3.72,20.02,13.0
2010,Canóvanas Municipio,72029,47151.0,42.51,15.33,9852.0,30.54,27.62,11.57,0.0,14.71,99.89,21.92,3.07,0.0,7.99,16.02,135.0
2010,Carolina Municipio,72031,179356.0,29.56,11.45,13740.0,22.22,23.75,15.16,0.0,14.52,99.04,29.28,12.13,0.07,6.87,16.27,663.0
2010,Cataño Municipio,72033,28663.0,47.04,23.5,9893.0,38.84,26.89,12.54,0.0,20.67,99.6,19.41,13.87,0.31,5.67,33.38,0.0
2010,Cayey Municipio,72035,48255.0,42.03,14.0,9633.0,35.73,24.69,13.96,0.0,16.73,99.71,17.2,3.1,0.14,6.55,24.55,139.0
2010,Ceiba Municipio,72037,14493.0,43.13,11.73,9658.0,32.01,25.74,15.12,0.0,15.16,99.3,33.28,12.35,0.33,9.29,17.38,0.0
2010,Ciales Municipio,72039,19067.0,59.01,23.61,6376.0,44.71,27.18,13.2,0.0,15.9,99.74,14.3,2.01,0.0,9.55,22.16,10.0
2010,Cidra Municipio,72041,43604.0,41.0,14.28,10175.0,32.04,26.08,11.17,0.0,17.05,99.7,18.79,2.02,0.21,7.18,18.76,0.0
2010,Coamo Municipio,72043,40229.0,54.16,13.92,7660.0,36.52,27.69,12.38,0.0,14.54,99.64,26.43,4.16,0.0,6.25,19.84,10.0
2010,Comerío Municipio,72045,20773.0,56.07,10.11,6755.0,43.67,26.5,12.37,0.0,15.17,99.38,9.88,2.11,0.0,11.21,20.61,27.0
2010,Corozal Municipio,72047,37312.0,54.55,9.38,6974.0,40.15,27.11,12.2,0.0,11.4,99.15,16.49,0.92,0.16,12.63,18.76,0.0
2010,Culebra Municipio,72049,1939.0,40.69,7.06,10349.0,45.03,20.27,20.78,0.0,16.1,93.04,31.69,4.33,3.07,35.25,30.0,0.0
2010,Dorado Municipio,72051,37631.0,33.43,13.77,14687.0,28.1,26.9,11.84,0.0,13.95,98.83,32.46,5.31,0.33,8.02,17.06,59.0
2010,Fajardo Municipio,72053,37875.0,42.12,17.63,9949.0,29.81,25.92,16.14,0.0,17.63,99.03,28.35,9.52,0.31,7.85,20.2,408.0
2010,Florida Municipio,72054,12697.0,51.05,14.15,7336.0,37.77,27.14,12.92,0.0,14.47,99.83,26.12,1.75,0.19,7.21,18.75,0.0
2010,Guayama Municipio,72057,45416.0,45.98,22.05,8821.0,28.69,26.73,12.06,0.0,16.59,99.72,27.67,5.79,0.0,7.95,21.64,85.0
2010,Guayanilla Municipio,72059,21986.0,54.72,23.76,6803.0,36.05,26.4,13.89,0.0,14.25,99.13,18.34,1.75,0.2,8.54,19.55,26.0
2010,Guaynabo Municipio,72061,98875.0,27.9,13.19,20409.0,22.5,22.51,15.43,0.0,11.26,98.84,37.31,15.63,0.09,4.13,15.38,1888.0
2010,Gurabo Municipio,72063,44073.0,33.47,11.64,12155.0,28.66,26.7,11.22,0.0,13.85,99.28,33.09,1.85,0.2,5.47,14.26,415.0
2010,Guánica Municipio,72055,19990.0,63.69,33.63,6104.0,40.83,25.8,15.63,0.0,12.16,98.24,16.78,4.61,0.14,8.83,21.67,7.0
2010,Hatillo Municipio,72065,41645.0,49.89,25.98,7934.0,40.79,25.27,13.69,0.0,12.24,99.63,16.0,3.8,0.19,4.37,14.06,0.0
2010,Hormigueros Municipio,72067,17213.0,31.59,9.27,9877.0,33.02,21.93,19.95,0.0,11.8,98.59,33.37,2.26,0.66,4.71,16.44,117.0
2010,Humacao Municipio,72069,58924.0,45.23,15.84,9640.0,31.46,24.68,13.91,0.0,13.23,99.13,24.53,9.37,0.0,8.29,20.21,245.0
2010,Isabela Municipio,72071,45681.0,58.68,16.95,6859.0,38.64,24.66,14.36,0.0,11.05,99.39,24.72,2.59,0.04,4.78,19.29,236.0
2010,Jayuya Municipio,72073,16865.0,54.46,26.86,6976.0,37.74,28.85,11.56,0.0,17.96,99.15,15.04,3.63,0.45,13.03,20.14,230.0
2010,Juana Díaz Municipio,72075,51020.0,51.05,22.23,7928.0,32.55,28.37,11.65,0.0,15.07,99.75,19.04,1.85,0.19,11.57,20.89,380.0
2010,Juncos Municipio,72077,39829.0,47.26,15.9,8968.0,34.38,27.16,11.6,0.0,14.97,99.17,23.73,5.08,0.06,4.63,18.47,328.0
2010,Lajas Municipio,72079,26000.0,56.82,14.23,6857.0,44.38,24.02,16.93,0.0,11.96,99.25,22.98,2.83,0.88,8.24,17.0,0.0
2010,Lares Municipio,72081,31600.0,59.91,25.04,6775.0,44.76,25.41,14.34,0.0,14.72,98.97,17.08,2.51,0.18,6.76,21.35,238.0
2010,Las Marías Municipio,72083,10156.0,59.46,9.12,6417.0,53.12,25.67,14.27,0.0,13.94,99.62,9.77,1.01,0.2,15.73,15.96,156.0
2010,Las Piedras Municipio,72085,38146.0,47.51,18.62,9078.0,35.03,25.97,11.86,0.0,14.09,99.85,21.03,1.87,0.0,5.41,14.89,389.0
2010,Loíza Municipio,72087,30703.0,45.03,18.77,8050.0,32.34,28.74,10.35,0.0,18.7,99.95,17.29,7.41,0.84,11.47,24.74,0.0
2010,Luquillo Municipio,72089,20131.0,44.88,20.96,10506.0,31.08,26.18,14.79,0.0,14.54,99.24,28.96,9.19,0.35,8.33,18.28,110.0
2010,Manatí Municipio,72091,44631.0,48.98,23.39,8949.0,36.74,26.17,14.63,0.0,13.97,99.35,23.93,7.67,0.24,9.77,23.98,163.0
2010,Maricao Municipio,72093,6244.0,64.72,8.62,5327.0,49.95,27.67,14.49,0.0,20.42,100.0,8.0,0.61,0.92,16.97,21.03,13.0
2010,Maunabo Municipio,72095,12393.0,56.62,20.3,7366.0,45.48,25.44,15.52,0.0,10.42,99.35,13.62,3.74,0.21,15.02,20.28,1.0
2010,Mayagüez Municipio,72097,91205.0,52.51,17.86,9416.0,36.43,21.04,16.89,0.0,13.19,98.88,26.32,17.51,0.09,4.85,24.61,1880.0
2010,Moca Municipio,72099,40280.0,55.74,27.8,6906.0,39.04,26.71,11.58,0.0,13.51,99.13,17.2,3.01,0.1,6.51,17.35,350.0
2010,Morovis Municipio,72101,32339.0,59.45,25.25,6212.0,42.24,29.06,10.72,0.0,17.87,99.71,19.65,3.7,0.24,9.32,19.84,202.0
2010,Naguabo Municipio,72103,26331.0,52.55,15.4,7548.0,35.76,27.06,13.42,0.0,14.46,98.39,25.24,4.6,0.19,11.31,19.87,49.0
2010,Naranjito Municipio,72105,30460.0,54.72,8.21,6384.0,39.83,26.17,12.46,0.0,10.54,99.46,14.19,0.78,0.0,13.77,17.92,83.0
2010,Orocovis Municipio,72107,23646.0,62.35,30.71,6134.0,42.89,28.58,11.87,0.0,23.81,99.41,12.94,1.68,0.0,9.43,18.3,129.0
2010,Patillas Municipio,72109,19552.0,55.1,20.78,6928.0,37.16,25.46,14.63,0.0,11.54,99.1,21.56,0.83,0.0,11.36,21.43,0.0
2010,Peñuelas Municipio,72111,24879.0,59.33,18.28,6480.0,37.92,29.02,11.15,0.0,17.39,99.44,20.56,0.27,0.09,12.15,15.36,0.0
2010,Ponce Municipio,72113,170920.0,49.44,19.86,9545.0,30.64,25.52,14.38,0.0,16.1,99.46,25.31,10.6,0.05,6.06,23.23,4849.0
2010,Quebradillas Municipio,72115,25985.0,59.23,17.49,6295.0,40.82,25.73,13.78,0.0,12.51,99.35,23.38,6.91,0.15,6.48,18.45,0.0
2010,Rincón Municipio,72117,15203.0,51.65,22.66,8768.0,43.28,23.28,17.76,0.0,11.1,91.92,36.1,9.23,0.65,6.83,14.06,2.0
2010,Río Grande Municipio,72119,54270.0,42.07,19.32,10049.0,31.3,25.82,13.11,0.0,14.33,99.54,21.78,9.84,0.22,9.51,16.17,1466.0
2010,Sabana Grande Municipio,72121,25532.0,50.46,24.87,7859.0,35.0,25.49,15.91,0.0,12.74,98.73,18.22,2.53,0.09,9.81,18.9,53.0
2010,Salinas Municipio,72123,31265.0,59.14,30.77,6944.0,37.93,28.14,13.1,0.0,18.75,99.77,17.31,2.41,0.09,12.18,23.44,0.0
2010,San Germán Municipio,72125,35997.0,49.76,9.16,8066.0,37.18,23.32,17.37,0.0,12.43,98.72,19.6,6.42,0.0,7.21,23.46,491.0
2010,San Juan Municipio,72127,404748.0,38.44,14.45,16031.0,26.4,22.42,16.42,0.0,15.53,98.79,31.57,24.33,0.15,4.16,27.18,10719.0
2010,San Lorenzo Municipio,72129,41300.0,44.19,13.64,8399.0,41.95,25.41,12.94,0.0,13.33,99.72,18.56,2.22,0.07,9.24,20.71,0.0
2010,San Sebastián Municipio,72131,42982.0,58.25,23.6,6456.0,47.94,24.66,16.02,0.0,11.37,99.01,20.84,3.07,0.07,6.51,20.12,0.0
2010,Santa Isabel Municipio,72133,23113.0,49.54,19.36,8530.0,33.6,29.93,11.92,0.0,20.18,99.86,23.63,4.15,0.0,11.98,21.88,10.0
2010,Toa Alta Municipio,72135,72756.0,40.21,10.83,11055.0,26.27,28.4,9.19,0.0,15.95,99.51,28.92,2.95,0.26,7.55,12.88,226.0
2010,Toa Baja Municipio,72137,90867.0,37.05,13.83,10938.0,28.07,25.37,12.71,0.0,15.52,99.4,26.15,3.48,0.08,7.27,16.22,213.0
2010,Trujillo Alto Municipio,72139,75464.0,31.27,8.27,14588.0,24.46,26.01,12.32,0.0,15.49,99.17,28.71,13.4,0.21,5.47,15.28,784.0
2010,Utuado Municipio,72141,33741.0,58.07,30.23,6775.0,40.34,25.89,14.76,0.0,13.57,97.91,24.1,3.11,0.23,9.49,24.52,0.0
2010,Vega Alta Municipio,72143,39807.0,51.31,20.82,8890.0,41.13,27.01,12.79,0.0,14.13,98.77,27.18,6.19,0.44,9.2,20.81,494.0
2010,Vega Baja Municipio,72145,60436.0,50.95,16.5,9053.0,41.28,26.39,13.62,0.0,12.22,98.69,34.93,3.04,0.03,4.95,21.71,102.0
2010,Vieques Municipio,72147,9313.0,47.52,11.3,8054.0,43.11,24.81,18.63,0.0,11.33,96.27,24.48,2.2,1.29,18.6,31.48,0.0
2010,Villalba Municipio,72149,26565.0,56.24,29.71,6877.0,38.23,28.97,11.17,0.0,17.78,99.82,16.08,4.25,0.0,16.91,19.42,136.0
2010,Yabucoa Municipio,72151,38387.0,51.46,20.97,7449.0,38.83,26.02,12.69,0.0,13.86,99.77,18.16,1.29,0.16,10.32,18.88,183.0
2010,Yauco Municipio,72153,43082.0,55.53,27.36,7374.0,39.28,25.32,14.31,0.0,11.78,98.89,15.38,4.67,0.13,8.57,20.1,13.0
2011,Adjuntas Municipio,72001,19514.0,55.83,25.34,6889.0,39.48,26.21,13.45,0.0,10.62,99.17,14.35,3.95,0.18,5.98,23.81,82.0
2011,Aguada Municipio,72003,42082.0,55.85,27.87,7951.0,42.03,24.19,12.32,0.0,10.96,94.31,28.33,2.24,0.04,3.8,17.55,92.0
2011,Aguadilla Municipio,72005,61384.0,52.19,23.28,8740.0,36.13,24.05,15.24,0.0,13.38,97.66,27.01,10.8,0.17,3.99,20.95,1360.0
2011,Aguas Buenas Municipio,72007,28745.0,56.71,8.51,7115.0,38.69,25.45,13.2,0.0,12.36,98.79,12.15,1.81,0.44,9.27,19.17,214.0
2011,Aibonito Municipio,72009,26011.0,51.15,11.97,8473.0,32.92,24.7,14.11,0.0,14.98,99.73,22.95,2.65,0.0,5.36,23.5,85.0
2011,Arecibo Municipio,72013,96984.0,47.35,14.35,9216.0,32.65,23.33,16.07,0.0,13.85,99.42,24.55,4.5,0.22,3.22,19.17,1805.0
2011,Arroyo Municipio,72015,19601.0,53.69,25.61,7633.0,33.87,27.23,13.66,0.0,18.8,99.1,21.34,3.88,0.14,7.73,20.11,41.0
2011,Añasco Municipio,72011,29266.0,49.1,8.44,7735.0,39.49,24.26,14.46,0.0,12.58,99.08,17.25,3.61,0.55,7.47,17.95,93.0
2011,Barceloneta Municipio,72017,24685.0,47.98,17.18,8818.0,35.28,25.8,14.16,0.0,15.17,99.63,37.18,4.07,0.0,2.61,18.19,44.0
2011,Barranquitas Municipio,72019,30317.0,55.84,12.43,6883.0,35.98,28.21,10.82,0.0,18.68,99.9,19.02,2.42,0.0,10.53,19.79,250.0
2011,Bayamón Municipio,72021,209900.0,34.38,17.95,12287.0,25.19,23.01,16.09,0.0,14.85,99.23,26.81,10.7,0.08,3.97,15.86,5533.0
2011,Cabo Rojo Municipio,72023,50733.0,50.08,9.95,8790.0,37.35,23.59,17.4,0.0,8.97,99.24,12.99,8.3,3.83,5.06,18.38,153.0
2011,Caguas Municipio,72025,143087.0,37.05,13.73,12261.0,27.0,24.5,14.64,0.0,15.43,99.23,28.23,9.59,0.16,3.78,19.45,946.0
2011,Camuy Municipio,72027,35260.0,49.51,19.74,7924.0,38.49,25.0,13.79,0.0,10.85,99.58,14.52,1.89,0.34,3.27,18.84,101.0
2011,Canóvanas Municipio,72029,47458.0,43.62,16.93,10084.0,31.0,27.06,11.99,0.0,15.22,99.88,20.74,2.94,0.02,7.91,16.21,128.0
2011,Carolina Municipio,72031,177873.0,30.29,12.75,14016.0,21.79,23.34,15.76,0.0,15.29,99.1,29.44,12.48,0.01,6.25,16.4,824.0
2011,Cataño Municipio,72033,28371.0,46.92,25.31,10206.0,36.17,26.19,13.01,0.0,20.95,99.53,18.41,14.07,0.09,5.58,33.01,11.0
2011,Cayey Municipio,72035,48184.0,37.84,14.17,10375.0,32.89,24.15,14.38,0.0,15.95,99.76,16.64,4.44,0.15,6.1,21.33,191.0
2011,Ceiba Municipio,72037,14087.0,41.03,12.94,9787.0,30.47,25.12,16.08,0.0,14.23,99.31,33.83,12.05,0.34,10.14,16.14,92.0
2011,Ciales Municipio,72039,18912.0,59.6,23.06,6402.0,43.12,26.31,13.68,0.0,15.59,99.69,13.93,2.2,0.0,8.57,20.35,48.0
2011,Cidra Municipio,72041,43564.0,38.67,12.37,11058.0,29.86,25.48,11.63,0.0,17.37,99.72,17.8,1.86,0.27,6.91,17.04,173.0
2011,Coamo Municipio,72043,40433.0,52.45,12.94,8100.0,33.36,27.02,12.72,0.0,15.53,99.79,29.13,4.36,0.0,6.1,18.1,114.0
2011,Comerío Municipio,72045,20778.0,56.73,10.21,6830.0,41.67,25.82,12.82,0.0,15.93,99.63,10.61,2.79,0.0,10.52,22.22,38.0
2011,Corozal Municipio,72047,37238.0,55.9,10.79,7044.0,37.42,26.51,12.66,0.0,13.81,99.08,17.45,1.37,0.17,12.75,19.06,147.0
2011,Culebra Municipio,72049,1831.0,44.02,8.14,9553.0,49.14,19.99,23.05,0.0,10.41,94.59,29.08,4.1,2.93,31.96,33.93,43.0
2011,Dorado Municipio,72051,37942.0,33.48,14.42,15125.0,25.27,26.57,12.22,0.0,12.55,98.41,32.96,5.14,0.31,7.16,15.72,65.0
2011,Fajardo Municipio,72053,37387.0,42.91,19.14,10358.0,27.93,25.44,16.7,0.0,18.46,99.36,29.89,10.07,0.46,7.3,20.7,261.0
2011,Florida Municipio,72054,12691.0,54.53,17.04,6807.0,35.73,26.59,13.36,0.0,16.22,99.7,28.8,2.07,0.0,7.12,17.44,10.0
2011,Guayama Municipio,72057,45390.0,44.67,20.15,9161.0,27.6,26.16,12.45,0.0,16.41,99.74,28.23,5.34,0.0,7.5,19.38,1182.0
2011,Guayanilla Municipio,72059,21767.0,52.66,24.03,7000.0,35.83,25.89,14.38,0.0,12.32,99.05,18.19,1.39,0.5,9.26,19.88,30.0
2011,Guaynabo Municipio,72061,98326.0,27.11,14.42,20809.0,21.87,21.95,15.92,0.0,11.56,98.78,34.89,15.76,0.08,4.28,14.68,1248.0
2011,Gurabo Municipio,72063,44868.0,34.03,11.96,12878.0,26.89,26.27,11.55,0.0,15.89,99.49,32.65,2.64,0.12,4.39,15.09,259.0
2011,Guánica Municipio,72055,19680.0,62.91,33.54,6336.0,38.82,25.17,16.3,0.0,10.0,98.65,17.35,4.58,0.12,7.16,20.75,85.0
2011,Hatillo Municipio,72065,41843.0,47.07,21.88,8578.0,38.86,24.68,14.21,0.0,13.1,99.53,14.99,3.86,0.19,4.63,12.44,103.0
2011,Hormigueros Municipio,72067,17239.0,34.58,13.04,9963.0,34.3,21.65,20.71,0.0,12.07,98.82,34.14,2.46,0.47,4.36,18.36,147.0
2011,Humacao Municipio,72069,58665.0,43.59,17.11,10212.0,30.66,24.12,14.45,0.0,13.85,99.24,25.72,9.5,0.04,6.74,18.54,623.0
2011,Isabela Municipio,72071,45668.0,59.08,16.02,7258.0,37.73,24.17,14.8,0.0,12.89,99.49,24.49,3.44,0.04,4.81,20.25,209.0
2011,Jayuya Municipio,72073,16744.0,53.17,26.64,7450.0,35.53,28.1,11.94,0.0,19.89,99.33,17.28,2.58,0.4,12.75,17.75,83.0
2011,Juana Díaz Municipio,72075,50894.0,52.59,19.59,8176.0,31.82,27.73,12.09,0.0,15.85,99.78,20.47,1.69,0.14,11.05,20.79,413.0
2011,Juncos Municipio,72077,40104.0,45.34,16.5,9515.0,30.57,26.74,11.91,0.0,15.33,99.1,25.23,5.16,0.06,3.88,16.93,285.0
2011,Lajas Municipio,72079,25856.0,57.38,14.02,6924.0,44.62,23.48,17.51,0.0,12.4,99.47,18.74,3.01,1.54,7.56,16.34,21.0
2011,Lares Municipio,72081,31120.0,61.0,27.2,6783.0,43.45,24.64,14.85,0.0,14.59,99.37,15.62,2.31,0.19,6.51,20.39,206.0
2011,Las Marías Municipio,72083,10012.0,55.88,5.6,6806.0,51.01,25.05,14.91,0.0,12.66,99.74,9.8,1.78,0.15,15.99,14.55,63.0
2011,Las Piedras Municipio,72085,38466.0,48.35,18.68,9621.0,32.45,25.55,12.28,0.0,15.52,99.86,20.3,1.92,0.15,5.28,15.42,104.0
2011,Loíza Municipio,72087,30359.0,45.07,21.97,8252.0,33.0,27.78,10.84,0.0,18.64,99.95,17.14,8.12,0.64,10.54,24.54,90.0
2011,Luquillo Municipio,72089,20106.0,45.96,23.98,10660.0,30.48,25.69,15.33,0.0,14.1,98.83,26.54,9.4,0.25,8.2,19.0,114.0
2011,Manatí Municipio,72091,44331.0,48.64,23.7,9230.0,34.3,25.67,15.19,0.0,13.89,99.21,24.48,8.52,0.23,9.58,23.24,374.0
2011,Maricao Municipio,72093,6300.0,64.4,7.52,5755.0,49.26,26.67,14.54,0.0,18.44,100.0,7.55,0.69,0.91,17.71,21.06,25.0
2011,Maunabo Municipio,72095,12304.0,58.66,25.69,7384.0,44.54,24.71,16.1,0.0,12.06,99.19,12.93,3.47,0.28,14.68,19.41,17.0
2011,Mayagüez Municipio,72097,89981.0,53.18,18.6,9397.0,35.93,20.71,17.44,0.0,13.98,98.95,26.56,18.46,0.09,4.15,24.61,1712.0
2011,Moca Municipio,72099,40199.0,54.96,26.79,7230.0,37.03,26.21,12.04,0.0,13.06,99.02,17.55,2.66,0.1,6.21,17.11,210.0
2011,Morovis Municipio,72101,32508.0,59.29,27.1,6460.0,42.2,28.31,11.09,0.0,19.76,99.91,18.9,3.5,0.22,9.75,18.68,48.0
2011,Naguabo Municipio,72103,26576.0,51.63,16.22,8079.0,35.33,26.73,13.73,0.0,15.68,98.6,27.09,4.83,0.0,11.59,19.69,150.0
2011,Naranjito Municipio,72105,30442.0,54.12,7.78,6669.0,39.64,25.48,12.93,0.0,10.95,99.75,15.2,0.63,0.0,11.4,18.48,87.0
2011,Orocovis Municipio,72107,23541.0,61.79,30.35,6322.0,42.83,27.76,12.23,0.0,21.86,99.4,12.81,2.62,0.0,8.0,20.58,130.0
2011,Patillas Municipio,72109,19397.0,55.04,24.06,7177.0,37.47,24.75,15.11,0.0,10.31,99.11,20.43,0.61,0.14,8.78,21.5,19.0
2011,Peñuelas Municipio,72111,24553.0,62.25,21.85,6504.0,38.49,28.24,11.63,0.0,18.0,99.17,19.67,0.31,0.1,12.64,17.27,12.0
2011,Ponce Municipio,72113,168382.0,49.73,21.56,10027.0,29.31,24.97,14.89,0.0,16.44,99.55,24.13,11.16,0.05,5.87,22.32,3869.0
2011,Quebradillas Municipio,72115,25951.0,56.54,15.95,7140.0,38.11,25.15,14.32,0.0,13.52,99.72,23.81,6.32,0.16,6.97,16.78,85.0
2011,Rincón Municipio,72117,15201.0,48.93,24.08,9152.0,41.78,22.77,18.47,0.0,10.19,92.99,35.53,10.59,0.61,6.77,13.29,23.0
2011,Río Grande Municipio,72119,54286.0,41.77,20.39,10459.0,29.95,25.22,13.65,0.0,15.84,99.6,22.99,9.25,0.16,9.28,16.13,1156.0
2011,Sabana Grande Municipio,72121,25392.0,50.35,26.9,7946.0,35.57,25.02,16.52,0.0,13.4,98.96,17.91,2.49,0.0,9.13,18.77,176.0
2011,Salinas Municipio,72123,31165.0,60.43,27.12,7163.0,36.15,27.51,13.57,0.0,18.24,99.84,18.2,2.82,0.08,10.23,21.72,126.0
2011,San Germán Municipio,72125,35736.0,48.79,7.76,8589.0,37.11,22.89,17.99,0.0,12.22,98.66,18.35,6.19,0.0,6.36,23.69,771.0
2011,San Juan Municipio,72127,399474.0,39.15,15.37,16388.0,25.95,22.04,16.77,0.0,15.66,98.64,31.38,24.48,0.18,3.77,27.57,8193.0
2011,San Lorenzo Municipio,72129,41176.0,46.45,12.7,8787.0,41.17,24.8,13.33,0.0,15.09,99.58,18.33,2.11,0.07,8.89,20.44,229.0
2011,San Sebastián Municipio,72131,42667.0,56.9,22.07,6736.0,46.03,24.22,16.59,0.0,12.4,99.27,20.43,2.82,0.0,5.74,18.59,162.0
2011,Santa Isabel Municipio,72133,23210.0,49.58,16.28,8690.0,33.1,29.35,12.27,0.0,19.28,99.86,25.66,3.81,0.08,10.08,20.89,26.0
2011,Toa Alta Municipio,72135,73553.0,37.55,12.13,11821.0,25.38,27.81,9.54,0.0,16.7,99.55,27.09,3.15,0.44,7.9,11.83,288.0
2011,Toa Baja Municipio,72137,90147.0,38.42,15.44,11124.0,26.51,24.85,13.24,0.0,15.84,99.38,25.28,3.73,0.13,6.85,15.58,280.0
2011,Trujillo Alto Municipio,72139,75122.0,32.33,8.38,14305.0,23.94,25.51,12.83,0.0,15.7,99.24,27.72,14.38,0.18,5.98,15.32,896.0
2011,Utuado Municipio,72141,33404.0,55.86,31.45,7234.0,39.27,25.19,15.26,0.0,14.49,98.46,24.13,2.82,0.36,9.19,23.68,106.0
2011,Vega Alta Municipio,72143,39906.0,52.07,22.36,8895.0,40.35,26.51,13.26,0.0,14.81,98.28,28.05,6.61,0.27,9.02,19.0,511.0
2011,Vega Baja Municipio,72145,59995.0,52.39,15.29,8864.0,43.39,25.78,14.14,0.0,11.87,98.11,35.89,3.43,0.03,4.68,21.34,261.0
2011,Vieques Municipio,72147,9318.0,46.29,11.27,8417.0,43.0,24.21,19.05,0.0,13.75,96.08,26.04,2.11,1.4,17.54,31.57,12.0
2011,Villalba Municipio,72149,26290.0,55.77,27.59,7318.0,36.74,28.14,11.65,0.0,18.02,99.81,16.54,4.01,0.0,15.41,18.32,181.0
2011,Yabucoa Municipio,72151,38138.0,51.71,22.1,7642.0,38.27,25.44,13.22,0.0,13.82,99.79,17.3,1.4,0.1,9.71,18.67,163.0
2011,Yauco Municipio,72153,42516.0,56.02,29.61,7403.0,39.05,24.69,14.87,0.0,12.2,98.88,15.07,3.96,0.12,8.59,18.54,260.0
2012,Adjuntas Municipio,72001,19458.0,56.25,23.06,7167.0,39.98,25.57,13.89,21.88,12.77,99.28,14.1,4.15,0.0,5.73,22.95,72.0
2012,Aguada Municipio,72003,41876.0,55.79,30.69,8231.0,40.38,23.53,12.84,28.94,11.23,95.47,26.92,2.19,0.0,3.69,18.32,95.0
2012,Aguadilla Municipio,72005,60714.0,50.26,24.46,8850.0,34.62,23.57,15.81,21.41,14.35,97.31,28.3,10.51,0.21,3.23,19.67,1480.0
2012,Aguas Buenas Municipio,72007,28573.0,57.31,13.16,6995.0,37.01,24.93,13.7,22.7,13.6,99.39,12.61,2.41,0.36,6.43,20.14,200.0
2012,Aibonito Municipio,72009,25823.0,48.92,10.02,8674.0,30.1,24.04,14.64,31.4,14.69,99.81,21.87,2.61,0.0,5.93,22.23,58.0
2012,Arecibo Municipio,72013,96176.0,47.09,14.98,9470.0,30.99,22.86,16.6,13.55,14.29,99.42,24.1,5.0,0.2,2.92,18.33,1938.0
2012,Arroyo Municipio,72015,19542.0,53.16,28.55,8091.0,32.87,26.64,14.19,25.02,19.24,99.22,23.21,3.86,0.15,5.89,20.63,35.0
2012,Añasco Municipio,72011,29236.0,49.49,9.32,7770.0,37.65,23.73,15.01,11.19,12.04,99.5,16.74,3.52,0.39,7.21,16.26,102.0
2012,Barceloneta Municipio,72017,24815.0,53.54,17.69,8310.0,35.07,25.25,14.66,36.29,14.38,99.38,37.05,4.95,0.0,3.02,18.2,49.0
2012,Barranquitas Municipio,72019,30322.0,56.71,12.37,6967.0,33.75,27.48,11.19,20.99,17.44,99.94,19.73,2.5,0.0,10.34,17.52,255.0
2012,Bayamón Municipio,72021,207337.0,35.16,18.53,12286.0,24.71,22.52,16.64,23.27,14.85,99.38,26.57,10.97,0.09,3.68,15.34,5684.0
2012,Cabo Rojo Municipio,72023,50866.0,49.25,10.75,9077.0,35.79,23.21,17.89,15.16,9.47,99.61,12.79,8.27,3.92,3.81,18.39,129.0
2012,Caguas Municipio,72025,142549.0,36.64,14.41,12822.0,25.84,24.04,15.11,20.05,15.44,99.43,26.98,9.56,0.15,3.17,18.78,938.0
2012,Camuy Municipio,72027,35085.0,48.18,18.93,8368.0,36.95,24.41,14.31,13.77,10.37,99.7,14.43,2.02,0.25,3.3,17.37,99.0
2012,Canóvanas Municipio,72029,47656.0,42.93,17.95,10309.0,29.85,26.46,12.45,18.65,14.99,100.0,22.01,3.28,0.03,8.46,15.37,122.0
2012,Carolina Municipio,72031,176157.0,29.21,13.65,14413.0,19.94,22.89,16.41,18.91,15.32,99.12,29.83,12.61,0.03,5.69,15.21,726.0
2012,Cataño Municipio,72033,28049.0,47.24,27.23,10246.0,34.2,25.55,13.56,17.95,19.97,99.43,16.83,13.67,0.13,5.09,29.96,10.0
2012,Cayey Municipio,72035,48008.0,38.56,14.68,10693.0,31.91,23.61,14.85,31.89,15.12,99.71,16.57,4.46,0.19,6.35,19.33,160.0
2012,Ceiba Municipio,72037,13726.0,40.97,12.76,9277.0,29.8,24.49,17.13,13.65,13.55,99.46,32.1,12.5,0.44,8.75,15.41,63.0
2012,Ciales Municipio,72039,18712.0,61.92,21.02,6231.0,43.89,25.48,14.16,14.46,15.36,99.71,15.56,3.67,0.0,7.68,20.76,39.0
2012,Cidra Municipio,72041,43414.0,38.45,12.12,11165.0,28.11,24.87,12.11,29.48,17.69,99.72,18.13,1.92,0.17,6.41,16.22,175.0
2012,Coamo Municipio,72043,40577.0,53.13,13.32,8317.0,33.4,26.34,13.12,27.97,16.79,99.69,30.65,3.63,0.0,5.35,16.76,110.0
2012,Comerío Municipio,72045,20745.0,59.12,10.14,6999.0,40.76,25.23,13.29,21.58,14.99,99.61,11.36,2.74,0.0,9.42,23.76,30.0
2012,Corozal Municipio,72047,37074.0,53.69,11.77,7372.0,35.34,25.92,13.13,19.66,13.0,99.55,18.75,1.48,0.1,12.64,17.75,173.0
2012,Culebra Municipio,72049,1535.0,57.13,8.99,8466.0,50.34,22.02,21.56,12.05,15.98,94.14,30.89,3.48,2.07,36.5,32.83,35.0
2012,Dorado Municipio,72051,38179.0,36.16,15.44,14591.0,24.73,26.25,12.67,17.93,13.78,97.89,32.21,5.1,0.11,8.05,14.93,58.0
2012,Fajardo Municipio,72053,36857.0,41.99,19.17,10611.0,26.3,24.93,17.3,21.77,18.95,99.44,30.77,10.94,0.4,6.07,19.15,272.0
2012,Florida Municipio,72054,12657.0,55.73,15.31,6867.0,33.97,26.0,13.83,32.8,15.22,99.75,29.23,2.4,0.0,7.86,15.3,11.0
2012,Guayama Municipio,72057,45250.0,47.5,21.36,9020.0,27.57,25.57,12.9,20.77,16.96,99.9,27.27,5.27,0.09,6.41,19.3,1566.0
2012,Guayanilla Municipio,72059,21493.0,55.53,27.13,7025.0,36.74,25.36,14.98,19.69,13.97,99.0,18.37,1.73,0.49,8.85,20.05,33.0
2012,Guaynabo Municipio,72061,97639.0,27.16,15.15,20977.0,21.48,21.39,16.44,14.67,12.28,99.05,33.7,15.99,0.18,3.78,14.11,967.0
2012,Gurabo Municipio,72063,45540.0,33.9,13.15,13590.0,24.87,25.83,11.92,17.02,14.82,99.58,30.87,2.7,0.0,4.4,14.43,260.0
2012,Guánica Municipio,72055,19363.0,61.35,33.02,6792.0,37.21,24.55,17.07,25.66,8.72,98.98,18.66,4.28,0.13,7.39,18.33,88.0
2012,Hatillo Municipio,72065,41945.0,47.07,20.06,8783.0,37.83,24.06,14.76,10.71,12.51,99.64,14.55,3.71,0.2,4.7,12.39,106.0
2012,Hormigueros Municipio,72067,17217.0,32.36,14.18,10368.0,32.12,21.28,21.53,19.96,11.65,98.89,32.71,2.97,0.43,3.66,17.7,173.0
2012,Humacao Municipio,72069,58333.0,44.26,16.99,10605.0,29.2,23.57,15.06,14.99,14.78,99.29,25.86,9.47,0.03,5.72,16.93,606.0
2012,Isabela Municipio,72071,45567.0,57.12,15.85,7727.0,36.06,23.67,15.3,28.19,12.9,99.55,22.87,3.81,0.05,4.37,19.11,242.0
2012,Jayuya Municipio,72073,16600.0,54.4,25.03,7642.0,36.12,27.36,12.35,29.56,19.8,99.65,15.19,2.02,0.34,11.83,18.72,56.0
2012,Juana Díaz Municipio,72075,50695.0,53.0,18.62,8090.0,31.71,27.06,12.58,20.61,15.82,99.8,20.06,1.48,0.24,11.7,18.57,508.0
2012,Juncos Municipio,72077,40292.0,44.64,18.39,9582.0,29.88,26.29,12.3,17.89,15.85,99.28,26.09,4.38,0.0,3.56,15.24,264.0
2012,Lajas Municipio,72079,25671.0,61.11,12.42,6587.0,44.43,22.87,18.2,17.81,12.22,99.51,12.68,3.65,1.02,7.71,16.27,27.0
2012,Lares Municipio,72081,30628.0,60.93,25.54,6599.0,41.58,23.89,15.42,21.37,14.36,99.6,15.0,1.81,0.18,6.96,20.57,213.0
2012,Las Marías Municipio,72083,9853.0,59.14,5.99,6490.0,49.07,24.48,15.59,7.88,14.38,99.65,10.84,2.39,0.15,14.07,14.53,68.0
2012,Las Piedras Municipio,72085,38687.0,47.91,18.51,9922.0,31.22,25.12,12.71,18.89,16.34,99.9,20.17,2.58,0.23,6.43,13.87,93.0
2012,Loíza Municipio,72087,29997.0,45.21,24.54,8435.0,31.55,26.92,11.44,17.32,17.84,100.0,17.17,8.79,0.54,9.65,23.25,79.0
2012,Luquillo Municipio,72089,20050.0,43.49,23.49,10823.0,28.95,25.17,15.95,22.85,14.06,98.69,27.14,9.1,0.25,7.69,17.84,100.0
2012,Manatí Municipio,72091,43974.0,49.0,22.61,9341.0,32.7,25.17,15.77,19.36,14.97,99.09,24.92,9.24,0.18,10.73,21.48,370.0
2012,Maricao Municipio,72093,6546.0,59.49,8.41,6015.0,43.01,24.9,16.09,9.29,16.93,100.0,8.23,1.04,1.29,16.93,21.91,25.0
2012,Maunabo Municipio,72095,12201.0,58.07,26.37,7416.0,41.85,24.01,16.79,24.36,12.05,99.45,14.72,3.02,0.28,12.4,19.57,14.0
2012,Mayagüez Municipio,72097,88664.0,51.44,17.21,9534.0,34.83,20.47,18.02,21.21,14.22,99.03,27.54,17.97,0.05,4.4,23.68,1575.0
2012,Moca Municipio,72099,40044.0,54.53,24.43,7318.0,35.34,25.71,12.52,18.44,12.26,99.19,18.44,2.66,0.0,5.57,15.65,239.0
2012,Morovis Municipio,72101,32617.0,57.77,26.36,6728.0,40.09,27.58,11.49,30.0,18.05,99.96,18.28,3.34,0.0,8.35,18.47,54.0
2012,Naguabo Municipio,72103,26761.0,53.05,17.95,8289.0,34.13,26.42,14.08,13.71,15.3,98.94,28.46,5.25,0.0,12.28,19.35,99.0
2012,Naranjito Municipio,72105,30385.0,51.98,8.49,8441.0,37.68,24.86,13.41,23.54,12.61,99.95,17.69,0.87,0.0,10.3,17.04,88.0
2012,Orocovis Municipio,72107,23386.0,59.95,28.99,6676.0,39.93,26.97,12.59,30.6,20.03,99.51,13.29,2.37,0.0,7.47,18.95,151.0
2012,Patillas Municipio,72109,19225.0,54.94,29.46,7375.0,35.99,24.03,15.73,27.8,8.72,99.63,18.76,0.77,0.13,8.29,21.59,7.0
2012,Peñuelas Municipio,72111,24193.0,59.77,24.36,6955.0,37.27,27.53,12.14,19.82,17.27,99.17,20.77,0.47,0.08,12.43,17.1,17.0
2012,Ponce Municipio,72113,165602.0,49.66,22.29,10051.0,28.74,24.41,15.46,20.8,16.16,99.46,24.12,11.4,0.06,5.72,21.3,3640.0
2012,Quebradillas Municipio,72115,25874.0,58.86,17.26,7039.0,36.54,24.59,14.86,29.06,12.42,99.73,24.2,6.11,0.17,6.49,16.01,68.0
2012,Rincón Municipio,72117,15182.0,49.9,24.29,8934.0,41.65,22.34,19.17,34.3,10.14,93.99,35.74,10.25,0.46,7.4,12.02,25.0
2012,Río Grande Municipio,72119,54203.0,40.28,21.33,10811.0,28.15,24.59,14.27,22.71,15.26,99.6,23.37,9.3,0.16,8.38,14.6,1164.0
2012,Sabana Grande Municipio,72121,25216.0,50.45,28.79,7815.0,33.29,24.53,17.17,23.93,13.07,98.72,18.34,2.39,0.0,8.84,17.91,171.0
2012,Salinas Municipio,72123,31019.0,59.49,23.1,7517.0,34.59,26.82,14.09,20.18,19.24,99.67,23.7,2.97,0.2,9.51,19.68,211.0
2012,San Germán Municipio,72125,35441.0,47.53,7.1,8889.0,34.84,22.48,18.69,10.64,13.13,99.57,18.3,5.89,0.14,5.71,23.59,702.0
2012,San Juan Municipio,72127,393633.0,39.38,16.04,16580.0,25.02,21.67,17.19,19.05,15.8,98.67,31.62,24.19,0.38,3.41,26.83,7757.0
2012,San Lorenzo Municipio,72129,40979.0,46.46,14.01,9846.0,40.37,24.18,13.78,21.56,15.41,99.58,18.38,2.04,0.07,8.6,19.57,201.0
2012,San Sebastián Municipio,72131,42291.0,56.27,22.13,6627.0,45.54,23.77,17.19,24.8,12.92,99.15,19.91,3.02,0.0,5.57,16.68,156.0
2012,Santa Isabel Municipio,72133,23261.0,48.39,13.2,9159.0,30.95,28.72,12.72,26.03,19.53,100.0,28.88,4.41,0.09,7.68,20.25,21.0
2012,Toa Alta Municipio,72135,74178.0,36.2,14.61,12340.0,24.76,27.18,9.92,19.17,16.36,99.69,26.54,3.42,0.56,7.55,11.09,292.0
2012,Toa Baja Municipio,72137,89294.0,38.58,16.99,11328.0,25.47,24.34,13.82,21.73,16.09,99.44,25.5,4.21,0.15,6.4,15.05,283.0
2012,Trujillo Alto Municipio,72139,74655.0,30.74,7.88,14500.0,22.02,24.97,13.36,17.14,16.01,99.43,28.06,15.35,0.11,6.16,14.73,847.0
2012,Utuado Municipio,72141,33033.0,54.47,30.94,7388.0,37.12,24.49,15.82,22.12,12.74,99.26,20.7,2.8,0.3,7.98,22.16,106.0
2012,Vega Alta Municipio,72143,39913.0,49.91,19.53,9109.0,40.75,26.0,13.77,20.45,13.97,98.09,28.94,5.99,0.18,7.88,18.39,537.0
2012,Vega Baja Municipio,72145,59444.0,51.45,12.73,8681.0,43.95,25.14,14.71,22.16,11.76,98.15,36.54,3.72,0.09,4.61,19.89,275.0
2012,Vieques Municipio,72147,9293.0,45.31,12.66,8209.0,43.78,23.61,19.55,12.04,11.23,96.97,27.05,1.32,1.5,15.68,28.07,10.0
2012,Villalba Municipio,72149,25983.0,54.24,28.23,7602.0,35.89,27.32,12.14,23.82,18.4,99.85,17.35,3.83,0.12,14.16,19.49,160.0
2012,Yabucoa Municipio,72151,37823.0,51.01,23.3,7848.0,37.62,24.84,13.79,25.91,14.88,99.77,16.03,1.25,0.0,9.73,17.04,159.0
2012,Yauco Municipio,72153,41876.0,55.21,31.09,7266.0,39.17,24.05,15.48,22.86,11.21,99.15,15.6,4.33,0.12,7.31,17.56,272.0
2013,Adjuntas Municipio,72001,19334.0,60.19,27.19,7235.0,41.03,24.9,14.47,22.51,12.3,99.42,14.69,3.55,0.0,4.94,22.16,65.0
2013,Aguada Municipio,72003,41595.0,54.37,30.34,8452.0,39.48,22.82,13.5,28.64,11.28,96.1,27.96,2.73,0.08,3.97,17.58,106.0
2013,Aguadilla Municipio,72005,59982.0,49.55,25.93,9184.0,33.61,23.1,16.47,22.42,14.47,97.79,28.55,10.19,0.13,3.3,19.64,1643.0
2013,Aguas Buenas Municipio,72007,28378.0,53.66,16.51,8058.0,35.04,24.39,14.36,22.67,12.67,99.4,15.54,3.39,0.36,5.65,18.63,216.0
2013,Aibonito Municipio,72009,25560.0,47.51,10.04,8955.0,28.62,23.38,15.23,28.8,15.43,99.74,20.46,2.33,0.19,5.7,20.77,45.0
2013,Arecibo Municipio,72013,95185.0,47.43,15.83,9529.0,29.66,22.4,17.2,13.72,14.9,99.47,24.53,4.92,0.2,2.43,18.17,2051.0
2013,Arroyo Municipio,72015,19443.0,51.65,29.41,8208.0,33.07,26.02,14.79,24.85,18.57,99.84,22.14,4.28,0.35,5.9,19.37,22.0
2013,Añasco Municipio,72011,29086.0,50.34,11.95,7892.0,37.69,23.09,15.67,14.49,11.67,99.45,16.31,3.69,0.41,7.76,15.7,102.0
2013,Barceloneta Municipio,72017,24884.0,54.15,20.3,7877.0,32.45,24.66,15.2,34.86,14.05,99.41,35.89,5.17,0.0,3.25,17.07,44.0
2013,Barranquitas Municipio,72019,30218.0,58.27,12.49,7287.0,32.53,26.81,11.68,19.21,17.72,99.94,17.1,2.53,0.0,9.61,16.0,291.0
2013,Bayamón Municipio,72021,204725.0,35.44,18.08,12648.0,23.77,21.96,17.21,23.26,15.23,99.4,27.01,11.32,0.1,3.29,15.74,5766.0
2013,Cabo Rojo Municipio,72023,50869.0,49.28,12.25,9257.0,32.91,22.75,18.47,15.88,9.91,99.56,16.41,9.14,4.14,4.19,17.45,127.0
2013,Caguas Municipio,72025,141600.0,37.35,15.78,12852.0,24.66,23.52,15.67,20.4,15.97,99.27,26.55,9.8,0.16,3.51,18.04,1002.0
2013,Camuy Municipio,72027,34806.0,44.72,19.91,9112.0,34.01,23.75,14.93,16.07,10.55,99.57,18.02,1.76,0.26,3.66,15.31,108.0
2013,Canóvanas Municipio,72029,47730.0,42.72,20.11,10473.0,28.96,25.86,12.98,18.52,14.81,100.0,23.38,3.44,0.08,7.78,15.86,99.0
2013,Carolina Municipio,72031,173994.0,30.02,14.47,14605.0,19.13,22.4,17.09,19.9,16.22,99.14,30.64,13.19,0.07,4.89,14.84,682.0
2013,Cataño Municipio,72033,27669.0,49.05,28.81,10567.0,30.41,24.88,14.18,17.01,19.69,99.6,14.72,14.22,0.04,5.92,28.23,8.0
2013,Cayey Municipio,72035,47700.0,39.04,15.12,11986.0,29.9,23.05,15.45,31.78,14.42,99.56,16.47,4.97,0.19,5.96,18.62,167.0
2013,Ceiba Municipio,72037,13419.0,42.28,13.43,9444.0,28.57,23.8,18.14,13.64,12.7,99.63,29.74,10.47,0.09,9.0,14.54,42.0
2013,Ciales Municipio,72039,18509.0,60.55,20.59,6488.0,40.11,24.7,14.78,12.55,14.99,99.76,15.67,3.25,0.0,7.72,20.36,32.0
2013,Cidra Municipio,72041,43238.0,38.9,13.06,11341.0,27.58,24.25,12.77,28.89,17.79,99.75,18.42,2.0,0.18,6.9,15.12,159.0
2013,Coamo Municipio,72043,40579.0,51.3,13.4,8912.0,31.68,25.61,13.57,26.91,18.73,99.76,31.05,3.36,0.0,5.54,15.24,119.0
2013,Comerío Municipio,72045,20676.0,59.3,11.53,6803.0,40.83,24.56,13.84,23.06,14.99,99.73,12.61,3.2,0.0,9.28,22.02,24.0
2013,Corozal Municipio,72047,36828.0,52.86,15.9,7879.0,33.55,25.31,13.67,17.99,12.6,99.77,19.58,1.52,0.33,12.15,17.41,218.0
2013,Culebra Municipio,72049,1478.0,53.59,6.65,8142.0,51.47,18.81,21.79,9.81,16.74,95.47,28.7,2.55,2.94,37.17,29.78,13.0
2013,Dorado Municipio,72051,38303.0,35.8,16.3,14374.0,24.54,25.81,13.23,17.16,13.2,97.91,32.75,4.67,0.19,8.43,12.45,51.0
2013,Fajardo Municipio,72053,36252.0,41.8,22.06,10703.0,23.84,24.36,17.93,21.43,19.03,99.75,31.48,11.29,0.39,5.88,16.47,266.0
2013,Florida Municipio,72054,12645.0,54.77,16.13,7184.0,29.56,25.4,14.44,29.28,14.0,99.78,26.42,3.2,0.0,7.22,12.47,11.0
2013,Guayama Municipio,72057,44725.0,49.64,20.3,9116.0,26.88,25.23,13.54,21.2,16.91,99.89,24.89,6.4,0.3,5.64,21.39,1843.0
2013,Guayanilla Municipio,72059,21218.0,53.04,27.11,7532.0,34.01,24.82,15.65,18.38,12.6,99.55,18.14,1.81,0.45,7.08,18.79,37.0
2013,Guaynabo Municipio,72061,96670.0,27.1,14.75,21584.0,20.04,20.79,17.0,15.12,12.24,98.82,31.95,16.3,0.22,3.82,12.78,815.0
2013,Gurabo Municipio,72063,46084.0,35.37,12.6,13898.0,23.75,25.28,12.32,19.55,13.05,99.51,28.16,4.12,0.09,4.18,13.25,289.0
2013,Guánica Municipio,72055,19019.0,63.2,33.13,6731.0,34.93,23.95,17.91,26.73,8.55,98.92,19.73,4.42,0.21,7.51,17.73,86.0
2013,Hatillo Municipio,72065,41932.0,46.15,19.18,9428.0,35.39,23.44,15.39,9.26,11.07,99.55,15.33,3.32,0.19,4.0,11.85,110.0
2013,Hormigueros Municipio,72067,17151.0,32.78,18.04,10609.0,31.38,20.87,22.39,22.27,10.47,98.71,30.31,2.88,0.37,3.55,16.49,159.0
2013,Humacao Municipio,72069,57823.0,43.02,15.34,10927.0,27.07,23.08,15.74,12.34,15.52,98.96,26.88,10.58,0.03,5.53,15.18,588.0
2013,Isabela Municipio,72071,45315.0,55.33,17.81,8067.0,34.09,23.1,15.86,27.51,13.42,99.49,25.02,4.12,0.05,4.69,18.25,261.0
2013,Jayuya Municipio,72073,16413.0,51.7,26.16,7879.0,32.67,26.59,12.9,28.29,17.99,99.82,15.68,3.62,0.46,11.31,20.06,51.0
2013,Juana Díaz Municipio,72075,50365.0,53.15,18.68,8325.0,29.85,26.36,13.15,21.11,16.45,99.6,21.11,1.7,0.23,9.41,17.2,529.0
2013,Juncos Municipio,72077,40346.0,46.31,19.9,9404.0,28.19,25.73,12.75,18.48,16.53,99.57,24.78,4.25,0.0,3.76,15.11,249.0
2013,Lajas Municipio,72079,25442.0,61.23,11.81,6715.0,42.43,22.3,18.95,17.05,10.66,99.62,10.29,3.89,1.47,8.01,14.78,32.0
2013,Lares Municipio,72081,30051.0,62.32,29.66,6609.0,42.45,23.15,16.09,23.79,14.08,99.63,14.33,1.59,0.09,6.52,20.8,208.0
2013,Las Marías Municipio,72083,9699.0,57.8,6.68,7000.0,47.15,23.95,16.3,8.1,16.01,99.25,11.13,2.88,0.18,13.54,14.76,73.0
2013,Las Piedras Municipio,72085,38777.0,49.04,19.99,9386.0,29.12,24.58,13.29,18.1,16.04,99.85,20.96,2.64,0.22,5.62,14.08,84.0
2013,Loíza Municipio,72087,29549.0,45.94,26.43,8739.0,28.61,26.03,12.07,16.53,17.43,100.0,15.17,9.22,0.31,9.15,22.95,83.0
2013,Luquillo Municipio,72089,19918.0,43.3,24.55,10408.0,27.15,24.61,16.69,22.33,13.76,98.51,26.07,9.05,0.15,7.56,17.82,72.0
2013,Manatí Municipio,72091,43497.0,46.83,22.19,9886.0,30.12,24.59,16.41,19.77,15.21,99.04,26.95,8.82,0.24,10.26,20.04,395.0
2013,Maricao Municipio,72093,6552.0,56.41,6.26,6368.0,43.26,24.63,16.96,8.61,14.34,100.0,9.62,0.98,1.35,16.12,19.73,24.0
2013,Maunabo Municipio,72095,12070.0,56.22,26.75,8134.0,38.5,23.33,17.56,24.03,11.64,99.9,18.78,2.22,0.0,14.3,18.24,13.0
2013,Mayagüez Municipio,72097,87161.0,51.27,18.74,9591.0,33.72,19.82,18.68,21.15,14.76,99.18,27.83,18.3,0.07,4.13,24.87,1486.0
2013,Moca Municipio,72099,39755.0,52.8,22.51,7701.0,34.66,25.13,13.08,21.31,11.42,99.46,20.69,2.77,0.16,4.85,15.26,247.0
2013,Morovis Municipio,72101,32609.0,56.17,28.07,7060.0,38.58,26.79,11.96,28.46,17.22,100.0,16.01,2.68,0.0,7.55,17.38,60.0
2013,Naguabo Municipio,72103,26867.0,51.75,16.35,9058.0,31.97,26.0,14.58,11.93,14.28,99.1,27.74,5.85,0.0,11.53,17.38,83.0
2013,Naranjito Municipio,72105,30256.0,51.46,12.99,8895.0,35.58,24.29,14.01,21.22,12.53,99.96,19.11,0.64,0.0,10.05,16.81,96.0
2013,Orocovis Municipio,72107,23194.0,60.36,29.52,6668.0,40.82,26.14,13.1,32.59,18.74,99.67,11.76,2.14,0.0,6.88,20.06,142.0
2013,Patillas Municipio,72109,19017.0,55.71,31.24,7851.0,34.76,23.32,16.43,25.92,9.99,99.84,17.1,0.96,0.63,6.11,21.07,6.0
2013,Peñuelas Municipio,72111,23783.0,60.33,27.32,6808.0,34.67,26.81,12.74,18.13,15.67,99.13,18.71,0.58,0.07,11.16,16.8,17.0
2013,Ponce Municipio,72113,162793.0,50.92,23.34,10088.0,27.84,23.89,16.07,19.81,16.35,99.53,23.95,11.1,0.13,5.35,20.92,3565.0
2013,Quebradillas Municipio,72115,25738.0,57.17,17.16,7348.0,34.85,24.03,15.53,27.26,12.22,99.76,23.73,5.67,0.0,6.03,14.19,55.0
2013,Rincón Municipio,72117,15094.0,53.49,24.03,8978.0,41.63,21.8,19.99,32.57,10.69,95.48,33.63,10.62,0.17,6.33,12.89,25.0
2013,Río Grande Municipio,72119,54035.0,40.52,22.07,10552.0,28.01,23.93,14.93,22.51,15.15,99.6,22.73,9.39,0.23,8.11,13.22,1151.0
2013,Sabana Grande Municipio,72121,24974.0,49.7,29.72,8049.0,32.91,24.0,17.89,23.47,11.87,98.51,19.13,2.44,0.0,7.83,17.28,167.0
2013,Salinas Municipio,72123,30807.0,58.33,21.02,7759.0,32.88,26.37,14.68,20.56,19.54,99.74,25.07,3.24,0.39,7.98,18.62,224.0
2013,San Germán Municipio,72125,35070.0,46.52,7.07,9054.0,33.48,22.07,19.43,10.54,11.8,99.71,19.53,6.29,0.15,5.84,22.81,626.0
2013,San Juan Municipio,72127,387336.0,40.14,16.07,16674.0,23.8,21.28,17.69,19.14,15.63,98.67,32.28,23.97,0.43,3.37,26.46,7614.0
2013,San Lorenzo Municipio,72129,40701.0,46.85,16.62,9929.0,37.81,23.57,14.3,20.9,14.69,99.59,18.9,2.26,0.18,7.58,18.11,177.0
2013,San Sebastián Municipio,72131,41798.0,55.18,23.96,7174.0,44.56,23.31,17.91,27.3,13.24,99.14,19.6,3.33,0.0,4.99,16.49,157.0
2013,Santa Isabel Municipio,72133,23231.0,48.99,11.72,9412.0,30.65,28.04,13.25,25.75,21.48,100.0,32.32,3.89,0.09,6.25,18.55,20.0
2013,Toa Alta Municipio,72135,74561.0,35.19,16.24,12584.0,24.37,26.47,10.36,19.98,16.6,99.69,26.43,3.55,0.57,7.87,10.03,309.0
2013,Toa Baja Municipio,72137,88195.0,38.07,17.6,11562.0,24.19,23.81,14.45,22.25,16.54,99.54,25.7,4.74,0.2,6.45,12.98,317.0
2013,Trujillo Alto Municipio,72139,73970.0,29.78,8.77,14915.0,20.47,24.38,13.96,17.36,15.8,99.5,27.28,15.9,0.06,6.1,13.38,830.0
2013,Utuado Municipio,72141,32593.0,55.75,33.69,7408.0,37.77,23.84,16.51,21.58,13.71,99.55,20.2,2.68,0.24,6.94,21.99,112.0
2013,Vega Alta Municipio,72143,39856.0,50.57,21.46,9257.0,41.63,25.44,14.29,19.15,15.18,98.39,29.46,6.04,0.07,8.52,17.72,683.0
2013,Vega Baja Municipio,72145,58782.0,50.65,13.36,9017.0,46.79,24.47,15.34,21.58,12.13,97.6,37.54,3.99,0.09,4.15,18.86,304.0
2013,Vieques Municipio,72147,9273.0,43.19,10.13,8370.0,41.69,23.24,20.18,9.68,9.98,96.87,21.47,1.23,2.15,14.43,26.28,2.0
2013,Villalba Municipio,72149,25618.0,53.58,28.17,7997.0,34.57,26.54,12.82,22.44,18.16,99.86,17.97,3.42,0.11,14.07,17.32,185.0
2013,Yabucoa Municipio,72151,37404.0,51.48,22.26,7956.0,36.25,24.18,14.48,24.03,15.88,99.83,17.49,1.27,0.0,8.99,16.98,145.0
2013,Yauco Municipio,72153,41194.0,54.3,29.81,7491.0,36.19,23.41,16.21,22.81,10.41,99.15,16.7,3.86,0.05,5.48,17.64,289.0
2014,Adjuntas Municipio,72001,19188.0,62.07,34.05,7042.0,41.71,24.24,15.14,19.9,12.85,99.82,13.76,3.46,0.0,5.21,20.51,72.0
2014,Aguada Municipio,72003,41176.0,53.28,27.88,9043.0,37.84,22.1,14.19,26.82,11.6,96.18,28.32,2.46,0.08,4.2,17.2,115.0
2014,Aguadilla Municipio,72005,59068.0,49.41,24.52,9938.0,32.46,22.55,17.21,22.88,14.57,98.21,29.79,10.38,0.16,3.12,18.49,1771.0
2014,Aguas Buenas Municipio,72007,28083.0,54.06,21.63,8357.0,35.47,23.78,15.08,24.93,13.42,99.12,16.92,3.09,0.0,5.2,18.11,229.0
2014,Aibonito Municipio,72009,25241.0,48.54,9.52,8766.0,27.92,22.71,15.93,27.57,14.0,99.81,17.4,3.14,0.27,6.05,18.93,36.0
2014,Arecibo Municipio,72013,93969.0,48.57,16.6,9638.0,28.25,21.86,17.87,14.59,14.66,99.55,24.8,5.06,0.21,2.04,18.19,1966.0
2014,Arroyo Municipio,72015,19255.0,51.71,26.06,7996.0,28.73,25.4,15.4,23.57,17.1,99.74,21.79,3.95,0.47,7.74,18.86,20.0
2014,Añasco Municipio,72011,28874.0,48.91,13.44,8223.0,35.69,22.41,16.4,17.98,12.05,99.28,17.24,3.48,0.29,6.48,14.84,108.0
2014,Barceloneta Municipio,72017,24908.0,54.18,17.13,7967.0,30.99,24.06,15.87,33.6,13.25,99.49,36.58,5.13,0.23,3.44,17.49,41.0
2014,Barranquitas Municipio,72019,30045.0,59.28,7.96,7611.0,32.02,26.15,12.2,20.86,17.44,99.94,15.4,2.31,0.0,8.92,15.16,303.0
2014,Bayamón Municipio,72021,201273.0,35.39,16.85,12975.0,22.64,21.4,17.81,23.49,15.41,99.42,27.79,11.47,0.13,3.15,14.94,6136.0
2014,Cabo Rojo Municipio,72023,50706.0,50.89,12.02,9145.0,31.17,22.19,19.12,16.58,10.71,99.63,16.13,9.51,4.64,3.89,16.02,133.0
2014,Caguas Municipio,72025,140166.0,37.45,16.02,13149.0,23.19,22.94,16.27,21.56,16.44,99.29,26.08,10.68,0.14,3.28,17.27,1065.0
2014,Camuy Municipio,72027,34438.0,44.14,19.34,9493.0,32.21,23.04,15.64,18.04,10.49,99.62,17.89,1.68,0.25,3.42,14.29,114.0
2014,Canóvanas Municipio,72029,47655.0,44.11,21.34,10304.0,29.04,25.13,13.57,18.54,14.68,99.95,21.47,3.35,0.08,8.52,14.78,90.0
2014,Carolina Municipio,72031,171310.0,30.07,14.42,14937.0,18.06,21.84,17.83,21.19,16.49,99.21,30.55,13.97,0.1,4.59,14.17,668.0
2014,Cataño Municipio,72033,27211.0,49.63,30.58,10592.0,28.05,24.21,14.9,17.75,18.94,99.63,16.66,14.18,0.16,6.5,28.38,10.0
2014,Cayey Municipio,72035,47252.0,41.29,14.9,12281.0,29.08,22.45,16.12,31.26,15.14,99.57,16.06,5.15,0.09,5.32,18.78,160.0
2014,Ceiba Municipio,72037,13122.0,43.84,11.75,10640.0,27.54,23.08,19.23,12.09,13.39,99.47,31.08,9.78,0.09,8.82,12.66,42.0
2014,Ciales Municipio,72039,18242.0,59.68,21.29,6684.0,37.84,23.91,15.52,13.72,14.54,99.59,15.91,3.67,0.0,7.42,20.49,21.0
2014,Cidra Municipio,72041,42878.0,38.93,13.62,11572.0,26.57,23.62,13.45,29.55,17.48,99.73,18.74,2.01,0.44,6.8,13.89,169.0
2014,Coamo Municipio,72043,40496.0,50.03,13.38,9311.0,30.77,24.8,14.15,25.97,20.1,99.8,31.43,3.38,0.0,5.7,15.35,125.0
2014,Comerío Municipio,72045,20533.0,57.34,14.23,7152.0,39.85,23.89,14.49,25.75,15.13,99.92,12.05,4.02,0.0,8.54,23.54,17.0
2014,Corozal Municipio,72047,36463.0,52.71,16.07,7820.0,32.83,24.66,14.28,18.34,12.18,99.9,20.31,1.75,0.78,12.88,15.05,242.0
2014,Culebra Municipio,72049,1585.0,43.91,3.06,9041.0,49.91,19.75,22.4,7.57,15.84,96.34,26.95,2.95,2.46,34.98,32.92,4.0
2014,Dorado Municipio,72051,38305.0,36.11,17.8,14753.0,24.86,25.28,13.88,16.27,14.59,97.98,33.11,4.09,0.27,8.1,11.53,48.0
2014,Fajardo Municipio,72053,35539.0,44.34,25.56,10590.0,22.84,23.75,18.6,21.92,17.94,99.31,33.45,12.74,0.41,7.07,17.23,261.0
2014,Florida Municipio,72054,12565.0,54.62,18.01,7193.0,26.38,24.71,15.09,25.9,14.86,99.85,27.11,5.11,0.0,7.3,10.55,11.0
2014,Guayama Municipio,72057,44261.0,49.98,20.04,9260.0,26.59,24.56,14.2,20.35,16.86,99.8,22.26,6.61,0.31,4.48,20.29,2137.0
2014,Guayanilla Municipio,72059,20862.0,54.29,24.04,7565.0,32.76,24.24,16.44,19.73,12.93,99.79,17.93,1.9,0.44,5.88,18.13,41.0
2014,Guaynabo Municipio,72061,95428.0,27.7,13.67,21992.0,18.21,20.15,17.65,16.51,12.63,98.85,32.23,16.19,0.22,3.8,12.28,678.0
2014,Gurabo Municipio,72063,46460.0,34.74,13.63,14523.0,23.25,24.64,12.78,21.54,11.91,99.6,28.47,4.86,0.08,3.8,12.77,293.0
2014,Guánica Municipio,72055,18627.0,64.36,31.83,6653.0,35.16,23.3,18.88,28.46,8.5,99.48,20.47,3.88,0.1,7.4,16.95,93.0
2014,Hatillo Municipio,72065,41830.0,46.12,17.18,9632.0,35.09,22.79,16.1,8.04,10.66,99.61,14.33,3.3,0.0,3.93,13.17,112.0
2014,Hormigueros Municipio,72067,17023.0,35.82,21.14,10700.0,31.51,20.35,23.33,25.14,9.09,99.47,26.97,3.1,0.39,3.69,14.21,170.0
2014,Humacao Municipio,72069,57181.0,43.35,15.03,10826.0,26.06,22.46,16.57,11.52,15.78,99.25,26.64,10.54,0.03,5.73,13.64,551.0
2014,Isabela Municipio,72071,44965.0,55.37,19.49,8472.0,32.54,22.48,16.49,26.79,13.87,99.41,24.3,4.25,0.05,4.67,17.24,288.0
2014,Jayuya Municipio,72073,16183.0,56.66,31.79,7454.0,31.85,25.8,13.51,27.91,17.38,99.81,15.73,3.73,0.08,10.23,21.26,51.0
2014,Juana Díaz Municipio,72075,49876.0,50.63,16.58,9205.0,29.36,25.63,13.79,21.43,15.44,99.65,23.1,1.59,0.23,7.13,16.8,504.0
2014,Juncos Municipio,72077,40284.0,46.01,21.19,9473.0,26.35,25.09,13.25,19.88,16.6,99.62,24.53,4.12,0.0,4.97,14.04,228.0
2014,Lajas Municipio,72079,25117.0,60.9,14.82,6893.0,41.57,21.65,19.81,18.23,10.97,99.67,10.32,3.66,1.96,8.15,13.62,34.0
2014,Lares Municipio,72081,29426.0,59.66,32.93,7055.0,42.11,22.45,16.84,21.48,13.68,99.88,13.57,1.55,0.07,6.06,18.38,232.0
2014,Las Marías Municipio,72083,9521.0,56.74,6.48,6963.0,46.58,23.44,17.18,8.38,15.62,99.01,11.69,2.85,0.16,13.45,15.11,79.0
2014,Las Piedras Municipio,72085,38759.0,47.61,21.25,9816.0,26.68,24.03,13.94,19.47,14.77,99.86,20.59,2.58,0.23,5.59,12.76,76.0
2014,Loíza Municipio,72087,29054.0,47.93,26.43,8563.0,27.41,25.19,12.82,17.54,16.73,100.0,15.06,9.49,0.11,8.34,22.16,78.0
2014,Luquillo Municipio,72089,19731.0,44.68,26.85,10495.0,26.36,23.89,17.52,22.98,14.91,98.28,26.0,9.62,0.0,9.2,17.66,58.0
2014,Manatí Municipio,72091,42900.0,45.31,20.8,10390.0,28.82,23.95,17.1,20.11,14.65,99.0,27.84,8.51,0.23,10.24,18.66,474.0
2014,Maricao Municipio,72093,6384.0,58.94,9.26,6373.0,47.44,23.67,17.73,10.1,12.9,100.0,10.62,1.28,0.84,16.89,20.92,25.0
2014,Maunabo Municipio,72095,11904.0,56.3,30.51,8436.0,36.96,22.56,18.48,21.16,10.16,99.88,19.56,4.06,0.0,12.76,16.93,13.0
2014,Mayagüez Municipio,72097,85425.0,50.32,21.26,10074.0,32.37,19.46,19.42,23.0,14.36,99.06,28.26,17.43,0.1,3.97,24.1,1488.0
2014,Moca Municipio,72099,39349.0,53.04,22.67,7834.0,33.79,24.52,13.72,22.94,11.06,99.49,21.62,2.46,0.24,4.44,15.25,263.0
2014,Morovis Municipio,72101,32484.0,55.34,23.36,7722.0,37.19,25.95,12.5,24.19,17.45,99.89,13.99,2.65,0.0,6.13,17.04,65.0
2014,Naguabo Municipio,72103,26881.0,53.49,12.93,9776.0,32.86,25.51,15.1,10.59,13.34,99.74,25.98,6.06,0.0,10.45,17.67,66.0
2014,Naranjito Municipio,72105,30034.0,49.75,15.7,9481.0,31.23,23.66,14.72,21.98,14.14,99.89,18.45,0.64,0.1,9.36,14.77,96.0
2014,Orocovis Municipio,72107,22927.0,59.22,27.7,6968.0,39.08,25.28,13.7,34.17,17.34,99.83,12.7,2.67,0.09,6.52,19.86,137.0
2014,Patillas Municipio,72109,18766.0,56.49,30.26,7745.0,34.73,22.56,17.24,23.39,9.83,99.88,17.51,0.8,0.66,5.68,20.06,4.0
2014,Peñuelas Municipio,72111,23307.0,60.9,27.5,6997.0,35.22,26.17,13.37,17.2,16.52,99.16,17.99,0.63,0.08,11.85,15.79,20.0
2014,Ponce Municipio,72113,159660.0,51.45,22.56,10564.0,27.16,23.34,16.8,18.38,17.12,99.6,24.06,11.82,0.1,4.61,20.84,3567.0
2014,Quebradillas Municipio,72115,25512.0,57.09,16.99,7602.0,33.16,23.38,16.27,27.57,13.57,99.58,22.15,5.5,0.0,5.35,13.48,50.0
2014,Rincón Municipio,72117,14998.0,50.45,23.21,9330.0,37.67,21.14,20.88,31.3,11.42,95.31,35.18,11.7,0.0,5.77,10.79,25.0
2014,Río Grande Municipio,72119,53628.0,40.69,24.18,10391.0,28.04,23.2,15.7,22.76,14.89,99.63,23.14,10.04,0.31,7.34,13.14,1160.0
2014,Sabana Grande Municipio,72121,24692.0,50.56,25.63,8013.0,32.71,23.4,18.77,26.41,9.98,98.96,19.58,2.8,0.0,6.08,19.59,165.0
2014,Salinas Municipio,72123,30506.0,58.27,16.07,7992.0,32.72,25.66,15.42,20.56,19.26,99.68,29.41,3.32,0.54,6.5,16.91,245.0
2014,San Germán Municipio,72125,34725.0,48.43,7.65,9098.0,33.38,21.56,20.18,10.39,10.63,99.59,19.55,6.19,0.14,6.0,21.58,579.0
2014,San Juan Municipio,72127,380149.0,40.94,15.83,16931.0,22.93,20.85,18.29,18.93,15.01,98.74,33.49,23.66,0.43,3.09,26.58,7338.0
2014,San Lorenzo Municipio,72129,40313.0,49.29,16.59,9912.0,37.11,22.88,14.91,22.3,13.27,99.77,19.27,1.71,0.4,6.7,17.82,157.0
2014,San Sebastián Municipio,72131,41204.0,56.71,29.76,7384.0,43.4,22.81,18.72,27.0,13.61,99.33,19.42,3.16,0.1,4.44,17.01,177.0
2014,Santa Isabel Municipio,72133,23114.0,50.83,12.29,8863.0,30.32,27.15,13.89,26.09,20.48,100.0,34.43,4.01,0.08,6.46,16.79,15.0
2014,Toa Alta Municipio,72135,74688.0,32.9,15.43,13197.0,23.84,25.67,10.88,20.62,16.27,99.69,27.22,3.85,0.7,6.88,9.61,311.0
2014,Toa Baja Municipio,72137,86873.0,37.77,17.86,11736.0,23.6,23.27,15.18,22.75,16.08,99.62,28.8,4.73,0.2,6.32,12.51,327.0
2014,Trujillo Alto Municipio,72139,73030.0,30.81,8.62,15182.0,19.72,23.71,14.64,17.82,15.75,99.58,27.2,16.27,0.02,6.19,12.53,831.0
2014,Utuado Municipio,72141,32086.0,54.03,32.66,7642.0,35.42,23.13,17.28,18.52,13.77,99.74,19.98,2.99,0.15,5.51,21.05,110.0
2014,Vega Alta Municipio,72143,39670.0,50.9,19.5,10072.0,39.25,24.83,14.93,16.85,15.89,98.82,28.6,6.27,0.06,8.05,17.18,758.0
2014,Vega Baja Municipio,72145,57915.0,50.36,12.19,9145.0,47.32,23.72,16.04,20.45,12.35,97.21,38.86,4.3,0.22,4.03,18.58,319.0
2014,Vieques Municipio,72147,9217.0,41.55,14.3,8611.0,39.8,22.71,20.83,8.99,9.15,97.92,19.24,0.42,2.33,13.03,25.12,1.0
2014,Villalba Municipio,72149,25196.0,53.82,26.53,8271.0,34.64,25.75,13.53,21.7,15.36,99.85,18.58,3.61,0.2,12.01,16.73,189.0
2014,Yabucoa Municipio,72151,36903.0,51.73,25.43,7864.0,35.77,23.47,15.3,22.15,14.88,99.82,20.56,1.39,0.0,8.08,17.85,118.0
2014,Yauco Municipio,72153,40391.0,52.12,28.01,7858.0,33.26,22.75,17.04,24.3,9.59,99.42,17.69,3.42,0.0,4.97,17.79,307.0
2015,Adjuntas Municipio,72001,18962.0,61.7,36.5,7270.0,38.6,23.66,15.8,20.25,13.89,99.79,13.56,3.41,0.35,4.56,19.25,70.0
2015,Aguada Municipio,72003,40603.0,54.22,25.05,8465.0,36.71,21.45,14.86,26.88,11.83,96.65,28.82,2.1,0.07,4.74,15.76,115.0
2015,Aguadilla Municipio,72005,57973.0,49.14,23.25,10297.0,30.49,22.07,17.93,23.38,14.64,98.28,30.7,10.39,0.16,2.91,17.77,1873.0
2015,Aguas Buenas Municipio,72007,27693.0,53.59,24.57,8441.0,35.03,23.12,15.85,26.67,12.61,99.24,17.15,3.45,0.0,4.7,18.24,223.0
2015,Aibonito Municipio,72009,24829.0,47.19,6.05,8867.0,26.96,22.12,16.63,28.24,13.88,99.81,15.14,3.04,0.53,5.93,16.62,25.0
2015,Arecibo Municipio,72013,92511.0,49.58,17.72,9461.0,27.46,21.38,18.45,16.32,14.09,99.57,24.35,5.0,0.18,2.1,18.68,1860.0
2015,Arroyo Municipio,72015,19018.0,52.72,22.88,7562.0,26.21,24.74,16.12,23.3,17.8,99.84,20.52,4.02,0.7,6.64,18.47,18.0
2015,Añasco Municipio,72011,28579.0,49.14,15.01,8536.0,32.99,21.79,17.09,21.16,11.02,99.1,19.95,3.51,0.27,6.08,14.45,118.0
2015,Barceloneta Municipio,72017,24775.0,55.88,17.11,7849.0,29.33,23.53,16.5,28.9,14.68,99.68,33.22,5.11,0.21,4.1,15.72,37.0
2015,Barranquitas Municipio,72019,29805.0,61.16,6.84,7361.0,30.51,25.51,12.74,23.34,17.18,100.0,13.72,2.62,0.13,8.87,15.16,373.0
2015,Bayamón Municipio,72021,197287.0,35.57,16.09,13068.0,21.81,20.94,18.35,23.91,14.96,99.46,28.12,11.48,0.12,3.0,14.52,6172.0
2015,Cabo Rojo Municipio,72023,50380.0,50.72,11.78,9500.0,29.99,21.63,19.73,16.12,11.56,99.72,16.89,9.37,4.8,3.9,15.77,137.0
2015,Caguas Municipio,72025,138262.0,38.03,15.94,13486.0,21.89,22.39,16.85,22.72,16.1,99.31,24.37,10.56,0.14,3.26,17.1,1075.0
2015,Camuy Municipio,72027,33949.0,48.63,21.44,9234.0,31.83,22.31,16.36,21.03,11.66,99.43,17.35,1.99,0.22,3.15,12.94,109.0
2015,Canóvanas Municipio,72029,47432.0,43.79,22.59,10621.0,28.52,24.48,14.11,18.93,15.28,99.94,21.65,3.83,0.08,8.35,14.67,110.0
2015,Carolina Municipio,72031,168114.0,30.46,14.46,15185.0,17.77,21.34,18.54,22.62,16.21,99.18,31.33,14.6,0.22,3.79,14.61,704.0
2015,Cataño Municipio,72033,26680.0,48.95,30.76,10820.0,27.52,23.71,15.64,19.3,18.05,99.69,20.27,14.09,0.17,6.19,26.94,7.0
2015,Cayey Municipio,72035,46647.0,41.48,12.82,12453.0,28.32,21.88,16.86,30.73,14.22,99.49,17.04,5.97,0.25,5.15,17.45,145.0
2015,Ceiba Municipio,72037,12810.0,43.27,12.15,10269.0,26.12,22.46,20.1,11.41,12.85,99.72,29.12,10.69,0.17,8.46,12.48,28.0
2015,Ciales Municipio,72039,17928.0,59.55,17.69,6774.0,37.23,23.26,16.23,15.98,14.9,99.53,16.73,4.04,0.0,6.15,20.12,16.0
2015,Cidra Municipio,72041,42298.0,39.24,13.68,11678.0,24.31,23.1,14.02,28.5,16.73,99.7,20.78,2.07,0.39,5.8,12.62,168.0
2015,Coamo Municipio,72043,40293.0,49.38,11.54,9634.0,29.24,24.01,14.73,24.35,19.53,99.78,31.4,3.22,0.0,5.86,15.72,120.0
2015,Comerío Municipio,72045,20339.0,60.02,20.59,7076.0,38.68,23.28,15.14,27.38,15.97,99.88,15.5,5.43,0.0,7.3,22.77,15.0
2015,Corozal Municipio,72047,35975.0,56.6,23.08,7459.0,31.94,24.08,14.88,19.11,11.93,99.94,19.67,1.78,0.86,11.58,14.39,331.0
2015,Culebra Municipio,72049,1557.0,45.47,3.22,9333.0,50.0,19.85,24.41,9.38,13.13,96.6,26.83,3.35,2.55,32.63,30.5,0.0
2015,Dorado Municipio,72051,38166.0,35.61,19.36,14412.0,24.39,24.81,14.52,15.15,14.92,98.18,32.36,4.19,0.28,8.01,11.35,50.0
2015,Fajardo Municipio,72053,34720.0,45.42,25.14,10609.0,22.45,23.16,19.23,21.7,18.57,99.35,34.34,13.77,0.43,6.52,16.49,287.0
2015,Florida Municipio,72054,12408.0,53.97,15.75,7263.0,25.68,24.15,15.72,22.49,15.28,99.76,25.53,4.91,0.0,6.92,7.86,13.0
2015,Guayama Municipio,72057,43700.0,52.95,17.36,8831.0,26.83,23.92,14.86,21.27,16.75,99.73,17.74,6.85,0.61,3.91,19.75,2127.0
2015,Guayanilla Municipio,72059,20442.0,55.98,22.55,7811.0,30.64,23.76,17.22,17.69,13.78,99.55,19.76,2.55,0.35,5.32,16.19,48.0
2015,Guaynabo Municipio,72061,93899.0,26.89,12.44,23166.0,17.38,19.55,18.28,18.44,12.93,98.89,33.13,16.37,0.2,3.25,11.43,577.0
2015,Gurabo Municipio,72063,46765.0,34.09,13.36,15111.0,22.45,24.01,13.28,23.43,12.13,99.16,27.04,5.75,0.08,2.95,12.49,316.0
2015,Guánica Municipio,72055,18207.0,61.03,27.22,7245.0,34.72,22.8,19.82,28.43,9.35,99.54,23.23,3.59,0.24,7.13,16.99,85.0
2015,Hatillo Municipio,72065,41578.0,44.66,13.27,9876.0,33.8,22.14,16.81,7.13,10.81,99.65,15.26,3.15,0.0,3.17,13.38,114.0
2015,Hormigueros Municipio,72067,16845.0,37.39,22.61,11096.0,29.15,19.89,24.21,28.13,10.39,99.77,25.24,3.12,0.17,4.43,14.3,162.0
2015,Humacao Municipio,72069,56384.0,44.87,13.81,10678.0,26.16,21.94,17.4,11.39,15.73,99.25,24.77,11.16,0.03,5.1,13.42,552.0
2015,Isabela Municipio,72071,44438.0,55.95,20.27,8371.0,30.94,21.88,17.1,27.71,12.3,99.34,22.99,4.59,0.0,4.65,15.94,303.0
2015,Jayuya Municipio,72073,15890.0,57.85,31.68,7242.0,30.7,25.17,14.1,25.97,17.06,99.84,16.23,4.03,0.1,10.21,20.05,200.0
2015,Juana Díaz Municipio,72075,49259.0,51.23,17.19,9328.0,28.52,24.97,14.45,22.18,15.92,99.74,24.53,1.96,0.19,5.86,16.12,547.0
2015,Juncos Municipio,72077,40104.0,47.4,24.01,9446.0,24.57,24.52,13.7,20.81,17.17,99.54,24.56,4.42,0.0,5.89,13.12,205.0
2015,Lajas Municipio,72079,24722.0,59.32,17.57,6974.0,40.72,21.07,20.64,19.31,11.39,99.92,11.71,4.69,1.87,7.54,13.79,37.0
2015,Lares Municipio,72081,28727.0,58.32,35.24,7598.0,40.63,21.84,17.55,21.64,13.04,99.77,15.11,1.62,0.23,6.1,17.94,251.0
2015,Las Marías Municipio,72083,9306.0,58.0,4.58,6792.0,49.7,22.95,18.04,8.02,15.08,98.95,10.66,2.89,0.0,13.33,15.11,88.0
2015,Las Piedras Municipio,72085,38605.0,49.23,22.45,9833.0,25.48,23.47,14.59,17.75,15.67,99.86,23.13,2.86,0.22,6.22,12.81,63.0
2015,Loíza Municipio,72087,28454.0,47.7,26.2,8665.0,27.05,24.43,13.6,18.5,15.89,99.97,14.34,9.9,0.0,9.26,21.78,73.0
2015,Luquillo Municipio,72089,19497.0,45.79,28.49,10284.0,26.47,23.26,18.27,23.58,12.32,98.45,27.2,10.24,0.0,8.63,17.68,110.0
2015,Manatí Municipio,72091,42167.0,46.2,18.92,10190.0,29.17,23.32,17.78,19.32,14.41,99.0,27.66,8.14,0.26,10.16,20.06,501.0
2015,Maricao Municipio,72093,6315.0,64.2,10.66,5878.0,48.38,22.64,18.48,9.26,12.17,100.0,9.86,1.83,1.09,16.1,22.02,24.0
2015,Maunabo Municipio,72095,11701.0,55.91,27.91,8374.0,38.38,22.0,19.29,17.83,9.77,99.86,18.67,4.75,0.0,13.22,16.76,11.0
2015,Mayagüez Municipio,72097,83418.0,51.13,22.85,9930.0,30.76,19.18,20.14,24.25,14.62,99.28,27.93,17.27,0.1,3.52,23.33,1340.0
2015,Moca Municipio,72099,38815.0,54.29,22.95,7685.0,34.34,23.93,14.35,24.33,11.84,99.57,24.0,2.65,0.21,4.1,14.57,286.0
2015,Morovis Municipio,72101,32294.0,55.16,24.66,7465.0,33.93,25.13,13.06,20.58,15.83,99.9,15.6,2.71,0.0,5.55,17.42,65.0
2015,Naguabo Municipio,72103,26804.0,52.55,10.88,9749.0,32.27,25.03,15.64,11.09,14.05,99.86,22.06,5.87,0.0,10.11,16.93,56.0
2015,Naranjito Municipio,72105,29751.0,49.38,21.87,9347.0,31.9,23.12,15.41,24.46,12.51,99.87,17.69,0.95,0.11,8.14,14.01,92.0
2015,Orocovis Municipio,72107,22595.0,59.48,31.21,6792.0,39.31,24.54,14.3,36.62,18.55,99.91,14.58,2.72,0.09,5.82,20.11,143.0
2015,Patillas Municipio,72109,18441.0,59.11,27.5,7643.0,34.05,21.86,18.11,19.18,10.86,99.9,19.27,1.13,0.69,5.8,20.09,0.0
2015,Peñuelas Municipio,72111,22770.0,60.17,26.14,7299.0,32.76,25.63,14.04,16.05,15.33,99.31,19.29,0.62,0.09,10.34,16.35,24.0
2015,Ponce Municipio,72113,156054.0,51.84,20.0,10562.0,25.81,22.87,17.51,17.25,16.67,99.46,23.99,11.86,0.14,3.9,20.95,3573.0
2015,Quebradillas Municipio,72115,25205.0,55.45,16.12,8649.0,31.1,22.81,17.01,24.8,13.07,99.51,21.05,5.58,0.0,5.06,12.72,38.0
2015,Rincón Municipio,72117,14841.0,48.77,17.64,9412.0,37.18,20.57,21.7,30.66,12.45,94.99,34.98,13.03,0.15,5.37,12.82,24.0
2015,Río Grande Municipio,72119,53029.0,39.08,23.88,10363.0,26.41,22.5,16.46,22.91,13.68,99.35,24.53,9.86,0.39,6.33,12.02,1082.0
2015,Sabana Grande Municipio,72121,24307.0,47.12,24.29,7943.0,30.07,22.81,19.57,28.21,8.4,99.0,21.44,2.97,0.19,5.37,19.21,171.0
2015,Salinas Municipio,72123,30114.0,56.17,12.09,8286.0,30.05,25.06,16.15,20.13,18.16,99.73,32.79,3.74,0.59,5.32,15.72,199.0
2015,San Germán Municipio,72125,34125.0,50.96,6.82,9399.0,31.25,21.21,20.97,10.37,11.04,99.73,21.31,5.58,0.13,5.79,20.16,596.0
2015,San Juan Municipio,72127,371400.0,42.32,15.76,16691.0,22.25,20.44,18.89,19.03,14.46,98.8,34.32,23.88,0.43,2.74,26.48,6972.0
2015,San Lorenzo Municipio,72129,39778.0,48.43,15.76,10021.0,33.84,22.26,15.49,21.48,12.94,99.78,20.91,1.83,0.38,5.33,18.93,125.0
2015,San Sebastián Municipio,72131,40471.0,56.53,29.36,7519.0,41.26,22.29,19.5,25.73,13.64,99.44,18.13,3.41,0.1,4.0,17.51,182.0
2015,Santa Isabel Municipio,72133,22913.0,50.06,12.23,9199.0,26.2,26.34,14.45,25.27,20.21,99.83,35.85,4.25,0.11,6.34,15.94,12.0
2015,Toa Alta Municipio,72135,74603.0,31.34,15.7,13689.0,22.15,24.9,11.37,20.2,16.22,99.74,27.1,3.26,0.75,6.31,9.15,305.0
2015,Toa Baja Municipio,72137,85242.0,38.44,18.99,11673.0,22.18,22.77,15.87,23.54,15.32,99.71,29.91,5.02,0.21,5.65,13.31,329.0
2015,Trujillo Alto Municipio,72139,71886.0,29.77,7.9,15409.0,18.32,23.1,15.31,17.62,15.2,99.61,26.79,16.01,0.03,6.09,12.4,765.0
2015,Utuado Municipio,72141,31474.0,52.31,28.78,7717.0,34.04,22.59,18.04,17.4,12.02,99.72,20.51,3.04,0.14,4.57,19.16,109.0
2015,Vega Alta Municipio,72143,39319.0,50.31,21.69,9918.0,35.82,24.27,15.52,16.46,15.82,98.87,30.13,6.49,0.0,7.5,16.39,883.0
2015,Vega Baja Municipio,72145,56858.0,48.54,15.19,9102.0,44.49,23.02,16.72,21.38,11.24,96.59,38.11,3.97,0.27,4.33,18.62,331.0
2015,Vieques Municipio,72147,9130.0,39.09,12.22,8821.0,37.43,22.27,21.35,7.46,9.41,97.06,19.29,0.41,2.22,12.55,22.76,0.0
2015,Villalba Municipio,72149,24685.0,53.99,25.89,8420.0,33.12,25.07,14.23,21.94,17.37,99.98,18.91,4.32,0.21,9.22,15.46,188.0
2015,Yabucoa Municipio,72151,36279.0,52.28,24.28,7960.0,34.96,22.8,16.15,20.89,16.17,99.84,21.71,1.52,0.0,7.27,17.44,95.0
2015,Yauco Municipio,72153,39474.0,51.67,27.14,7743.0,33.58,22.14,17.89,26.91,7.34,99.54,18.18,3.7,0.0,4.61,18.13,337.0
2016,Adjuntas Municipio,72001,18760.0,63.01,35.62,7124.0,38.2,22.96,16.55,20.58,15.16,99.85,0.0,3.17,0.42,4.03,19.05,71.0
2016,Aguada Municipio,72003,40083.0,54.52,21.17,8592.0,35.25,20.7,15.7,27.33,12.04,96.16,0.0,2.46,0.08,4.63,15.25,90.0
2016,Aguadilla Municipio,72005,56893.0,49.68,22.17,10335.0,30.39,21.46,18.73,23.19,15.02,98.75,0.0,10.29,0.17,2.79,18.35,1963.0
2016,Aguas Buenas Municipio,72007,27323.0,50.76,24.56,9647.0,34.59,22.39,16.65,26.69,13.03,99.46,0.0,3.83,0.0,4.1,18.46,197.0
2016,Aibonito Municipio,72009,24438.0,46.8,6.0,9262.0,26.6,21.38,17.51,26.21,14.37,99.77,0.0,3.12,0.55,5.86,15.57,24.0
2016,Arecibo Municipio,72013,91096.0,48.93,18.11,9438.0,26.31,20.75,19.14,17.29,13.7,99.63,0.0,5.56,0.08,2.23,18.24,1695.0
2016,Arroyo Municipio,72015,18778.0,53.06,22.26,7655.0,25.92,24.03,16.86,23.11,16.86,99.85,0.0,4.89,0.67,6.0,16.36,17.0
2016,Añasco Municipio,72011,28250.0,48.89,15.45,8673.0,32.81,21.03,17.89,24.28,11.43,98.55,0.0,2.98,0.28,4.36,15.01,117.0
2016,Barceloneta Municipio,72017,24699.0,53.03,17.68,8245.0,26.48,22.81,17.22,25.23,13.43,99.6,0.0,4.4,0.21,3.59,14.26,36.0
2016,Barranquitas Municipio,72019,29548.0,60.71,9.18,7369.0,30.67,24.73,13.4,24.97,16.84,100.0,0.0,2.42,0.12,8.22,14.12,417.0
2016,Bayamón Municipio,72021,192974.0,35.27,15.19,13472.0,20.72,20.25,19.03,24.39,15.05,99.36,0.0,11.18,0.15,2.76,13.45,6477.0
2016,Cabo Rojo Municipio,72023,50096.0,50.12,11.01,9833.0,31.07,20.9,20.52,15.45,11.3,99.75,0.0,9.61,4.65,4.12,14.69,134.0
2016,Caguas Municipio,72025,136372.0,37.16,15.43,13911.0,20.74,21.68,17.55,23.43,15.66,99.13,0.0,10.06,0.14,3.35,16.7,1087.0
2016,Camuy Municipio,72027,33481.0,48.37,20.0,9271.0,31.63,21.49,17.16,21.75,12.16,99.32,0.0,1.79,0.0,3.32,12.14,109.0
2016,Canóvanas Municipio,72029,47174.0,43.53,22.25,10664.0,26.95,23.69,14.75,18.49,14.93,99.9,0.0,3.59,0.06,8.34,14.32,111.0
2016,Carolina Municipio,72031,165040.0,29.9,14.25,15403.0,17.06,20.69,19.35,22.71,15.98,99.14,0.0,14.86,0.22,3.57,13.55,716.0
2016,Cataño Municipio,72033,26137.0,49.13,29.68,11039.0,27.76,22.98,16.49,21.38,17.83,99.55,0.0,13.98,0.31,5.95,26.68,7.0
2016,Cayey Municipio,72035,46071.0,43.09,12.14,12441.0,27.51,21.18,17.69,30.92,14.31,99.47,0.0,5.8,0.27,4.28,16.93,142.0
2016,Ceiba Municipio,72037,12538.0,44.81,11.41,10584.0,25.9,21.63,21.1,10.5,12.96,99.03,0.0,11.16,0.16,7.07,14.85,24.0
2016,Ciales Municipio,72039,17644.0,60.8,14.13,7080.0,36.31,22.52,17.16,20.02,17.15,99.61,0.0,4.66,0.0,5.46,20.23,17.0
2016,Cidra Municipio,72041,41782.0,41.98,16.54,11107.0,24.4,22.38,14.79,28.18,15.71,99.71,0.0,1.84,0.33,4.76,13.7,177.0
2016,Coamo Municipio,72043,40090.0,49.27,10.36,9699.0,28.51,23.1,15.45,24.16,19.51,99.42,0.0,3.14,0.0,4.96,15.07,113.0
2016,Comerío Municipio,72045,20153.0,61.01,22.04,6975.0,39.03,22.56,15.88,29.02,16.31,99.63,0.0,4.75,0.0,6.37,23.27,15.0
2016,Corozal Municipio,72047,35484.0,56.09,27.75,7793.0,31.87,23.36,15.54,21.62,11.07,99.31,0.0,1.75,0.99,8.81,14.19,334.0
2016,Culebra Municipio,72049,1508.0,45.75,3.57,10069.0,44.44,25.13,24.07,6.7,17.09,95.09,0.0,4.54,2.37,34.38,25.34,0.0
2016,Dorado Municipio,72051,38013.0,35.8,21.06,14504.0,24.82,24.13,15.24,15.75,16.08,98.56,0.0,3.8,0.3,7.88,10.79,50.0
2016,Fajardo Municipio,72053,33912.0,44.14,25.79,10784.0,22.69,22.38,19.92,21.57,18.56,99.31,0.0,13.74,0.2,6.78,15.39,267.0
2016,Florida Municipio,72054,12287.0,54.63,16.9,7451.0,22.1,23.32,16.45,19.53,15.17,99.57,0.0,4.21,0.0,6.71,9.59,9.0
2016,Guayama Municipio,72057,43210.0,53.88,14.52,9034.0,26.65,23.07,15.61,22.08,16.75,99.32,0.0,6.74,0.72,3.19,21.54,2132.0
2016,Guayanilla Municipio,72059,20025.0,58.77,22.34,7864.0,29.44,23.1,18.1,16.45,14.96,99.64,0.0,2.73,0.1,4.4,14.01,62.0
2016,Guaynabo Municipio,72061,92444.0,27.22,11.56,23834.0,17.0,18.87,19.05,19.22,12.56,98.98,0.0,16.37,0.25,3.07,10.9,596.0
2016,Gurabo Municipio,72063,46990.0,32.4,14.9,16238.0,21.77,23.22,13.85,23.63,11.25,98.84,0.0,4.96,0.12,3.13,12.67,329.0
2016,Guánica Municipio,72055,17788.0,62.99,30.83,7223.0,34.31,22.13,20.91,31.81,9.45,99.69,0.0,4.4,0.22,6.51,16.7,84.0
2016,Hatillo Municipio,72065,41327.0,44.65,10.49,10116.0,32.86,21.38,17.58,7.67,10.72,99.81,0.0,3.43,0.0,2.66,13.66,105.0
2016,Hormigueros Municipio,72067,16678.0,36.35,22.04,11432.0,28.23,19.26,25.16,29.88,10.59,99.67,0.0,3.15,0.16,4.88,13.33,184.0
2016,Humacao Municipio,72069,55621.0,45.31,12.59,10994.0,24.65,21.28,18.35,11.15,15.34,99.14,0.0,11.62,0.09,5.65,13.41,551.0
2016,Isabela Municipio,72071,43919.0,54.84,20.15,8578.0,30.43,21.15,17.77,27.12,11.32,99.12,0.0,4.32,0.0,3.86,14.55,311.0
2016,Jayuya Municipio,72073,15605.0,59.76,28.07,7258.0,29.34,24.31,14.89,23.34,15.7,99.84,0.0,4.25,0.08,8.28,20.02,226.0
2016,Juana Díaz Municipio,72075,48658.0,48.18,19.76,10053.0,27.71,24.19,15.18,21.01,14.98,99.81,0.0,2.05,0.13,5.45,14.37,511.0
2016,Juncos Municipio,72077,39942.0,49.04,26.02,9282.0,25.1,23.77,14.27,21.67,18.09,99.44,0.0,5.16,0.0,6.43,14.48,203.0
2016,Lajas Municipio,72079,24323.0,59.92,17.37,7097.0,39.31,20.33,21.58,19.59,10.76,99.88,0.0,4.82,1.88,7.41,13.07,39.0
2016,Lares Municipio,72081,28052.0,57.56,36.04,7958.0,40.1,21.19,18.32,21.77,12.71,99.6,0.0,1.57,0.41,5.7,16.22,274.0
2016,Las Marías Municipio,72083,9093.0,58.85,2.81,6730.0,49.36,22.31,18.96,7.09,15.4,98.93,0.0,2.47,0.0,13.47,15.34,92.0
2016,Las Piedras Municipio,72085,38466.0,47.52,20.76,9906.0,24.64,22.74,15.34,16.89,14.99,99.86,0.0,2.96,0.11,6.36,12.05,57.0
2016,Loíza Municipio,72087,27857.0,49.56,26.06,8694.0,25.91,23.58,14.5,18.66,15.81,99.97,0.0,10.79,0.0,9.1,22.08,75.0
2016,Luquillo Municipio,72089,19237.0,44.28,26.35,10617.0,25.7,22.36,19.21,23.24,12.51,98.83,0.0,10.19,0.0,8.37,16.98,123.0
2016,Manatí Municipio,72091,41468.0,46.26,17.02,10216.0,29.8,22.52,18.58,19.89,15.13,99.01,0.0,7.56,0.31,9.29,18.73,209.0
2016,Maricao Municipio,72093,6274.0,63.77,12.26,5663.0,49.16,20.43,19.72,9.04,10.55,99.82,0.0,1.18,1.06,15.47,20.34,18.0
2016,Maunabo Municipio,72095,11506.0,56.0,24.39,8552.0,37.65,21.27,20.24,16.74,9.67,98.76,0.0,5.64,0.0,12.66,15.24,8.0
2016,Mayagüez Municipio,72097,81594.0,51.35,23.68,10133.0,29.7,18.82,21.0,25.48,14.41,99.39,0.0,16.82,0.14,3.48,21.58,1241.0
2016,Moca Municipio,72099,38289.0,56.56,23.7,7621.0,34.28,23.21,15.08,24.46,10.63,99.67,0.0,2.94,0.22,4.06,14.39,279.0
2016,Morovis Municipio,72101,32087.0,51.86,21.82,8294.0,32.69,24.18,13.75,20.68,15.05,99.91,0.0,2.6,0.18,4.92,16.08,64.0
2016,Naguabo Municipio,72103,26722.0,49.87,11.59,9809.0,33.18,24.34,16.28,10.62,13.3,99.81,0.0,6.98,0.0,7.54,16.74,48.0
2016,Naranjito Municipio,72105,29467.0,47.86,21.97,9886.0,30.77,22.44,16.26,25.06,13.24,99.87,0.0,0.94,0.29,7.58,13.45,90.0
2016,Orocovis Municipio,72107,22258.0,57.72,28.65,7187.0,37.52,23.66,15.01,35.16,18.81,99.79,0.0,2.43,0.19,5.28,19.26,149.0
2016,Patillas Municipio,72109,18135.0,56.68,25.99,8127.0,30.7,21.07,19.11,16.19,11.46,99.81,0.0,1.14,0.55,6.5,18.94,0.0
2016,Peñuelas Municipio,72111,22231.0,57.7,24.59,7581.0,30.42,25.02,14.73,14.8,15.36,99.65,0.0,0.76,0.11,9.02,15.0,26.0
2016,Ponce Municipio,72113,152594.0,51.27,17.04,10587.0,24.8,22.25,18.37,16.03,15.87,99.31,0.0,12.01,0.16,3.53,20.13,3683.0
2016,Quebradillas Municipio,72115,24904.0,56.05,16.41,8499.0,31.08,22.08,17.84,24.14,13.09,99.4,0.0,5.55,0.28,4.11,12.8,29.0
2016,Rincón Municipio,72117,14700.0,48.15,14.61,9445.0,36.04,19.86,22.67,31.42,11.13,94.27,0.0,11.84,0.14,5.85,13.84,25.0
2016,Río Grande Municipio,72119,52479.0,37.58,22.85,10648.0,24.61,21.66,17.3,22.04,12.79,99.5,0.0,10.31,0.39,5.91,11.91,950.0
2016,Sabana Grande Municipio,72121,24013.0,49.21,21.72,8638.0,28.61,22.03,20.44,29.18,7.86,99.28,0.0,2.96,0.2,5.53,19.25,169.0
2016,Salinas Municipio,72123,29722.0,53.24,11.35,8535.0,28.61,24.27,16.99,20.67,19.01,99.75,0.0,3.22,0.64,5.3,14.89,160.0
2016,San Germán Municipio,72125,33546.0,51.3,7.66,9445.0,31.05,20.74,21.86,10.72,10.44,99.69,0.0,5.33,0.13,6.41,20.44,651.0
2016,San Juan Municipio,72127,363744.0,42.26,15.41,17348.0,21.36,19.93,19.62,19.2,14.36,98.71,0.0,24.13,0.37,2.76,25.44,7445.0
2016,San Lorenzo Municipio,72129,39283.0,46.79,14.21,10671.0,31.53,21.52,16.23,21.1,12.82,99.92,0.0,1.7,0.38,5.69,18.8,113.0
2016,San Sebastián Municipio,72131,39755.0,56.48,30.13,7578.0,39.21,21.61,20.39,26.2,12.7,99.23,0.0,3.66,0.27,3.62,18.33,175.0
2016,Santa Isabel Municipio,72133,22732.0,50.37,10.91,9545.0,24.28,25.38,15.07,22.97,21.68,99.65,0.0,4.68,0.19,6.14,15.24,11.0
2016,Toa Alta Municipio,72135,74467.0,30.58,15.04,13816.0,21.08,23.96,11.99,18.57,14.35,99.66,0.0,3.49,0.79,5.22,8.63,295.0
2016,Toa Baja Municipio,72137,83645.0,36.92,18.33,12008.0,21.74,22.12,16.67,23.04,14.7,99.56,0.0,4.92,0.19,5.25,13.11,335.0
2016,Trujillo Alto Municipio,72139,70737.0,29.9,8.0,15760.0,16.84,22.33,16.14,18.15,14.97,99.39,0.0,15.16,0.03,5.8,11.76,788.0
2016,Utuado Municipio,72141,30869.0,52.21,29.07,7841.0,32.51,21.9,18.91,17.52,11.35,99.63,0.0,2.81,0.19,3.66,17.36,102.0
2016,Vega Alta Municipio,72143,39018.0,48.66,21.02,10448.0,34.17,23.56,16.19,16.68,15.41,98.87,0.0,5.6,0.14,6.65,16.47,895.0
2016,Vega Baja Municipio,72145,55866.0,46.01,17.29,9632.0,42.42,22.22,17.51,23.88,12.06,96.75,0.0,3.59,0.39,4.21,18.05,318.0
2016,Vieques Municipio,72147,9046.0,35.87,12.27,9808.0,34.23,21.73,22.02,8.41,6.51,96.78,0.0,0.5,2.2,11.71,20.16,0.0
2016,Villalba Municipio,72149,24186.0,50.79,24.81,8733.0,31.08,24.22,15.04,22.6,16.7,99.96,0.0,4.07,0.21,7.57,14.19,189.0
2016,Yabucoa Municipio,72151,35670.0,49.51,24.19,8531.0,33.5,21.98,17.13,18.59,15.91,99.91,0.0,1.7,0.0,5.74,16.88,79.0
2016,Yauco Municipio,72153,38519.0,50.26,24.05,7998.0,31.28,21.42,18.89,27.81,6.77,99.66,0.0,3.8,0.04,4.89,18.14,311.0
2017,Adjuntas Municipio,72001,18525.0,64.14,40.89,7117.0,37.42,22.29,17.35,21.26,14.27,99.68,0.0,3.61,0.35,3.29,19.01,74.0
2017,Aguada Municipio,72003,39470.0,52.16,17.58,9001.0,34.52,19.98,16.53,28.86,11.43,95.91,0.0,2.35,0.07,4.56,14.1,93.0
2017,Aguadilla Municipio,72005,55722.0,51.63,22.57,10872.0,29.41,20.88,19.5,22.69,14.44,98.98,0.0,10.6,0.08,2.69,18.49,1982.0
2017,Aguas Buenas Municipio,72007,26855.0,48.31,20.71,10615.0,33.53,21.59,17.49,28.01,10.8,99.42,0.0,2.8,0.0,3.04,18.34,206.0
2017,Aibonito Municipio,72009,24008.0,49.22,6.4,10224.0,26.25,20.75,18.37,26.67,13.5,99.65,0.0,3.8,0.55,5.44,15.86,32.0
2017,Arecibo Municipio,72013,89550.0,48.61,17.42,9954.0,25.55,20.18,19.78,19.2,13.36,99.59,0.0,5.45,0.05,2.15,18.01,1505.0
2017,Arroyo Municipio,72015,18504.0,56.71,15.68,7639.0,25.65,23.32,17.65,24.83,18.48,99.82,0.0,5.08,0.68,7.54,16.76,19.0
2017,Añasco Municipio,72011,27892.0,45.41,14.29,9344.0,32.69,20.28,18.66,26.58,10.74,97.96,0.0,3.46,0.29,3.8,13.29,116.0
2017,Barceloneta Municipio,72017,24583.0,48.61,18.95,8762.0,26.79,22.17,17.9,23.3,14.7,99.89,0.0,4.25,0.21,4.25,14.47,33.0
2017,Barranquitas Municipio,72019,29237.0,60.72,11.71,7716.0,30.39,24.06,14.04,25.9,18.05,100.0,0.0,1.4,0.14,8.05,14.45,402.0
2017,Bayamón Municipio,72021,188614.0,34.7,14.48,14138.0,20.43,19.67,19.68,25.38,14.84,99.38,0.0,10.71,0.34,2.7,13.57,6590.0
2017,Cabo Rojo Municipio,72023,49726.0,52.51,12.78,9523.0,30.32,20.2,21.26,15.68,12.53,99.75,0.0,9.39,4.58,5.21,14.22,169.0
2017,Caguas Municipio,72025,134269.0,37.74,15.36,13904.0,19.95,21.01,18.23,23.13,15.19,99.17,0.0,9.91,0.17,3.24,16.12,1132.0
2017,Camuy Municipio,72027,32936.0,48.45,19.14,9738.0,28.99,20.72,17.98,21.66,11.67,99.22,0.0,1.96,0.16,3.34,11.41,125.0
2017,Canóvanas Municipio,72029,46779.0,42.84,23.35,11094.0,27.12,22.88,15.39,19.1,14.33,99.89,0.0,4.06,0.06,7.24,13.57,121.0
2017,Carolina Municipio,72031,161684.0,29.03,14.06,16188.0,16.83,20.1,20.12,22.89,15.32,99.22,0.0,13.98,0.25,3.01,13.72,750.0
2017,Cataño Municipio,72033,25595.0,49.42,27.9,11627.0,28.12,22.19,17.43,22.49,17.15,99.55,0.0,13.91,0.28,6.43,27.53,7.0
2017,Cayey Municipio,72035,45431.0,43.63,10.64,12594.0,27.44,20.51,18.53,31.19,15.61,99.52,0.0,5.35,0.4,3.17,17.82,149.0
2017,Ceiba Municipio,72037,12238.0,43.24,11.85,11840.0,28.77,20.8,22.05,10.15,13.11,99.18,0.0,11.92,0.5,8.03,15.69,20.0
2017,Ciales Municipio,72039,17325.0,58.16,20.13,8049.0,33.54,21.86,18.04,24.47,16.61,99.48,0.0,3.11,0.0,5.03,18.39,18.0
2017,Cidra Municipio,72041,41181.0,43.17,16.88,10965.0,25.1,21.75,15.52,28.32,14.4,99.74,0.0,1.77,0.45,4.24,15.05,163.0
2017,Coamo Municipio,72043,39796.0,48.31,8.2,10307.0,26.1,22.21,16.12,24.5,17.58,99.54,0.0,3.59,0.0,5.33,15.29,114.0
2017,Comerío Municipio,72045,19914.0,58.95,25.01,7047.0,36.56,21.89,16.6,30.02,16.71,99.61,0.0,4.22,0.0,5.17,23.09,13.0
2017,Corozal Municipio,72047,34933.0,55.19,29.11,7887.0,32.21,22.64,16.29,21.88,10.69,99.14,0.0,1.69,1.25,6.68,15.13,333.0
2017,Culebra Municipio,72049,1494.0,41.75,1.59,11450.0,44.41,19.34,28.51,7.03,11.15,92.3,0.0,5.29,2.31,30.96,22.5,0.0
2017,Dorado Municipio,72051,37722.0,33.11,20.7,15495.0,22.42,23.48,15.92,14.62,13.32,98.73,0.0,3.53,0.53,6.54,9.73,51.0
2017,Fajardo Municipio,72053,33075.0,43.7,28.45,10900.0,21.63,21.67,20.57,22.75,17.39,99.24,0.0,13.7,0.21,6.62,15.63,234.0
2017,Florida Municipio,72054,12140.0,56.42,17.3,7837.0,22.62,22.57,17.2,18.77,15.42,98.99,0.0,3.43,0.0,6.79,10.42,18.0
2017,Guayama Municipio,72057,42623.0,55.08,7.87,9183.0,25.77,22.22,16.29,23.24,16.52,99.2,0.0,6.68,0.68,3.2,20.5,2295.0
2017,Guayanilla Municipio,72059,19578.0,55.78,23.89,8347.0,28.25,22.45,18.98,15.78,15.38,99.64,0.0,2.01,0.24,3.85,13.96,83.0
2017,Guaynabo Municipio,72061,90773.0,26.86,10.59,24264.0,16.18,18.25,19.84,20.47,11.27,98.62,0.0,15.66,0.15,2.69,10.98,593.0
2017,Gurabo Municipio,72063,47074.0,31.13,14.83,16559.0,22.25,22.43,14.43,22.87,12.18,98.87,0.0,4.69,0.11,3.69,12.29,331.0
2017,Guánica Municipio,72055,17327.0,65.22,31.2,7207.0,33.57,21.52,21.96,34.2,10.24,99.49,0.0,4.89,0.22,5.92,18.54,88.0
2017,Hatillo Municipio,72065,40978.0,45.33,9.37,10360.0,31.08,20.62,18.31,8.23,10.16,99.83,0.0,3.32,0.0,1.97,13.26,100.0
2017,Hormigueros Municipio,72067,16474.0,39.34,23.05,11588.0,27.35,18.62,26.08,29.7,11.75,99.74,0.0,2.49,0.0,5.23,16.12,117.0
2017,Humacao Municipio,72069,54736.0,45.75,13.33,11682.0,25.04,20.66,19.29,10.45,15.03,98.92,0.0,11.9,0.19,5.59,13.16,461.0
2017,Isabela Municipio,72071,43314.0,54.03,19.38,8798.0,30.09,20.49,18.4,26.68,12.42,99.07,0.0,4.06,0.27,3.46,13.86,329.0
2017,Jayuya Municipio,72073,15297.0,60.26,27.1,7179.0,27.56,23.63,15.62,22.55,16.13,99.88,0.0,3.85,0.08,6.35,19.84,259.0
2017,Juana Díaz Municipio,72075,47952.0,47.72,21.95,10244.0,25.1,23.5,15.9,20.57,14.4,99.68,0.0,2.14,0.05,3.6,13.91,529.0
2017,Juncos Municipio,72077,39704.0,51.0,26.86,9017.0,26.83,23.08,14.8,22.28,18.73,99.4,0.0,5.77,0.0,5.75,14.69,204.0
2017,Lajas Municipio,72079,23893.0,60.61,17.79,7229.0,39.14,19.69,22.44,19.58,9.95,99.88,0.0,4.43,2.6,6.85,12.17,47.0
2017,Lares Municipio,72081,27321.0,56.38,36.18,8212.0,40.02,20.59,19.05,19.91,11.79,99.7,0.0,2.1,0.59,4.19,16.48,260.0
2017,Las Marías Municipio,72083,8874.0,57.62,2.41,7154.0,46.94,21.81,19.89,7.45,13.02,98.84,0.0,1.4,0.0,13.09,16.19,93.0
2017,Las Piedras Municipio,72085,38253.0,45.47,21.0,10342.0,22.9,22.04,16.08,13.62,13.41,99.85,0.0,2.65,0.0,5.55,10.9,53.0
2017,Loíza Municipio,72087,27242.0,51.9,28.55,8729.0,27.06,22.76,15.49,19.87,16.67,99.97,0.0,10.95,0.0,8.61,24.15,83.0
2017,Luquillo Municipio,72089,18952.0,46.03,27.34,10434.0,26.42,21.53,20.09,25.19,12.04,98.63,0.0,10.17,0.0,7.04,16.32,138.0
2017,Manatí Municipio,72091,40705.0,46.11,18.08,10559.0,29.33,21.82,19.38,19.69,14.42,99.11,0.0,7.19,0.43,8.63,18.73,206.0
2017,Maricao Municipio,72093,6180.0,65.05,12.09,5943.0,53.7,20.92,19.94,7.7,11.7,99.81,0.0,1.72,0.84,15.36,17.14,16.0
2017,Maunabo Municipio,72095,11297.0,52.65,24.57,8830.0,38.2,20.59,21.19,14.55,8.68,98.87,0.0,5.27,0.0,13.03,18.26,7.0
2017,Mayagüez Municipio,72097,79615.0,51.96,25.88,10656.0,29.13,18.46,21.83,26.5,13.38,99.5,0.0,16.78,0.11,3.05,21.76,1227.0
2017,Moca Municipio,72099,37676.0,57.66,26.24,7881.0,34.58,22.45,15.82,22.78,11.72,99.62,0.0,2.88,0.59,3.72,14.79,254.0
2017,Morovis Municipio,72101,31785.0,49.28,20.53,8816.0,33.32,23.25,14.43,19.83,15.89,99.91,0.0,3.29,0.18,4.02,14.46,61.0
2017,Naguabo Municipio,72103,26584.0,49.34,11.16,10016.0,31.47,23.74,16.84,9.54,12.9,99.8,0.0,6.66,0.0,6.64,16.07,51.0
2017,Naranjito Municipio,72105,29112.0,47.47,23.81,8996.0,30.5,21.74,17.17,26.74,11.63,99.87,0.0,0.75,0.27,5.6,15.95,83.0
2017,Orocovis Municipio,72107,21906.0,56.3,32.1,7326.0,36.82,22.93,15.69,33.64,18.29,99.7,0.0,2.56,0.18,5.24,19.3,137.0
2017,Patillas Municipio,72109,17769.0,57.3,19.93,8679.0,30.92,20.37,20.03,12.99,10.61,99.81,0.0,1.54,0.7,5.66,18.84,0.0
2017,Peñuelas Municipio,72111,21661.0,57.29,23.26,7983.0,28.7,24.37,15.44,14.05,14.29,99.86,0.0,0.49,0.05,7.32,15.19,21.0
2017,Ponce Municipio,72113,148863.0,51.6,15.29,10775.0,23.99,21.56,19.2,16.02,16.02,99.43,0.0,11.64,0.22,3.25,20.89,3718.0
2017,Quebradillas Municipio,72115,24548.0,51.66,13.11,9287.0,30.34,21.38,18.68,23.28,13.26,99.44,0.0,4.53,0.38,4.16,13.01,25.0
2017,Rincón Municipio,72117,14526.0,48.59,14.32,10220.0,34.84,19.11,23.6,30.98,11.01,93.4,0.0,13.02,0.14,5.18,17.58,27.0
2017,Río Grande Municipio,72119,51768.0,38.17,22.93,10804.0,24.95,20.88,18.1,22.21,13.75,99.5,0.0,10.59,0.33,5.89,12.97,904.0
2017,Sabana Grande Municipio,72121,23610.0,48.96,21.42,9158.0,28.98,21.3,21.34,32.53,8.65,99.78,0.0,2.54,0.21,5.11,18.91,167.0
2017,Salinas Municipio,72123,29239.0,53.6,9.09,8738.0,28.36,23.49,17.85,20.63,19.4,99.95,0.0,3.79,0.47,4.41,15.08,112.0
2017,San Germán Municipio,72125,32937.0,51.84,8.3,9563.0,31.36,20.28,22.72,11.06,9.42,99.61,0.0,4.83,0.0,5.95,19.66,693.0
2017,San Juan Municipio,72127,355181.0,41.99,15.04,18160.0,20.46,19.43,20.35,19.2,13.78,98.76,0.0,24.24,0.17,2.68,25.38,7268.0
2017,San Lorenzo Municipio,72129,38689.0,45.63,11.67,10497.0,30.17,20.79,17.0,20.31,12.41,100.0,0.0,1.44,0.37,5.08,17.21,101.0
2017,San Sebastián Municipio,72131,38970.0,55.33,27.96,8072.0,36.57,20.92,21.28,25.01,12.21,99.11,0.0,3.59,0.26,3.19,16.72,215.0
2017,Santa Isabel Municipio,72133,22475.0,49.14,9.72,10478.0,22.78,24.37,15.69,21.68,21.86,99.64,0.0,3.3,0.37,5.17,15.31,8.0
2017,Toa Alta Municipio,72135,74169.0,29.81,13.81,14162.0,19.97,23.06,12.59,18.09,13.74,99.56,0.0,3.72,0.8,4.8,8.39,308.0
2017,Toa Baja Municipio,72137,81905.0,35.84,18.67,12240.0,21.37,21.47,17.44,22.23,13.68,99.46,0.0,4.59,0.26,4.74,11.7,341.0
2017,Trujillo Alto Municipio,72139,69478.0,30.42,7.33,15703.0,17.04,21.57,16.95,17.85,13.57,99.37,0.0,14.04,0.11,5.68,10.99,769.0
2017,Utuado Municipio,72141,30209.0,53.01,30.0,8140.0,30.65,21.24,19.79,17.44,11.73,99.55,0.0,2.79,0.27,3.25,17.39,95.0
2017,Vega Alta Municipio,72143,38589.0,50.59,21.52,10492.0,31.06,22.85,16.85,15.87,15.32,99.09,0.0,5.84,0.38,6.67,15.82,938.0
2017,Vega Baja Municipio,72145,54754.0,43.79,16.75,10197.0,37.05,21.49,18.29,22.18,10.62,96.88,0.0,3.18,0.38,3.56,16.74,312.0
2017,Vieques Municipio,72147,8931.0,36.81,12.76,11136.0,29.59,21.05,22.69,7.65,9.47,96.0,0.0,0.78,1.74,13.58,23.84,0.0
2017,Villalba Municipio,72149,23659.0,50.04,24.81,10449.0,28.75,23.44,15.88,23.11,17.01,99.84,0.0,4.62,0.12,6.84,12.45,166.0
2017,Yabucoa Municipio,72151,35025.0,52.4,25.42,8672.0,32.88,21.2,18.16,15.35,15.24,99.93,0.0,1.63,0.0,4.8,18.24,78.0
2017,Yauco Municipio,72153,37585.0,50.37,24.04,8124.0,29.26,20.66,19.94,28.59,7.81,99.79,0.0,3.92,0.04,4.04,17.97,276.0
2018,Adjuntas Municipio,72001,18181.0,62.48,38.44,7126.0,36.7,21.49,18.17,20.15,14.09,99.71,0.0,3.81,0.38,3.8,17.59,77.0
2018,Aguada Municipio,72003,38643.0,51.19,14.25,9287.0,34.15,19.13,17.42,27.99,10.75,94.53,0.0,1.54,0.0,3.64,15.29,85.0
2018,Aguadilla Municipio,72005,54166.0,51.33,20.37,11339.0,28.18,20.22,20.27,21.95,15.1,98.63,0.0,10.49,0.15,2.08,18.5,1753.0
2018,Aguas Buenas Municipio,72007,26275.0,50.47,18.47,10188.0,32.9,20.68,18.33,30.18,13.17,99.16,0.0,1.72,0.37,2.37,19.18,195.0
2018,Aibonito Municipio,72009,23457.0,45.94,5.38,10630.0,23.89,20.01,19.27,26.08,14.5,99.82,0.0,3.93,0.36,4.96,14.48,27.0
2018,Arecibo Municipio,72013,87242.0,47.98,17.61,10203.0,24.42,19.53,20.46,20.22,12.78,99.47,0.0,5.49,0.05,2.29,16.97,1217.0
2018,Arroyo Municipio,72015,18111.0,58.03,12.08,7979.0,23.25,22.58,18.42,23.36,17.98,99.79,0.0,4.7,0.69,7.35,15.39,18.0
2018,Añasco Municipio,72011,27368.0,43.45,12.94,10259.0,31.11,19.39,19.43,25.26,10.8,96.81,0.0,3.47,0.14,2.24,12.92,122.0
2018,Barceloneta Municipio,72017,24299.0,50.17,18.41,9170.0,27.1,21.33,18.58,20.47,16.22,99.85,0.0,3.96,0.2,3.61,13.73,18.0
2018,Barranquitas Municipio,72019,28755.0,59.0,13.27,8221.0,28.82,23.23,14.74,25.65,18.39,100.0,0.0,1.48,0.62,7.21,15.38,376.0
2018,Bayamón Municipio,72021,182955.0,35.01,13.69,14377.0,19.96,18.97,20.38,26.04,14.39,99.38,0.0,10.19,0.39,2.52,12.92,6183.0
2018,Cabo Rojo Municipio,72023,49005.0,53.14,14.02,9245.0,31.28,19.35,21.96,15.52,12.08,99.87,0.0,8.89,4.47,4.5,13.53,152.0
2018,Caguas Municipio,72025,131363.0,37.41,13.85,14654.0,19.41,20.22,18.93,23.66,14.57,99.18,0.0,9.53,0.13,2.62,15.95,1106.0
2018,Camuy Municipio,72027,32222.0,50.22,16.01,10252.0,28.95,19.79,18.8,20.01,11.01,99.38,0.0,2.21,0.26,2.7,11.6,113.0
2018,Canóvanas Municipio,72029,46108.0,43.51,23.38,11920.0,26.01,21.95,16.04,18.48,14.42,99.84,0.0,4.14,0.08,7.69,12.46,114.0
2018,Carolina Municipio,72031,157453.0,29.47,14.77,16536.0,16.04,19.38,20.91,22.52,14.74,99.28,0.0,13.68,0.28,2.92,13.52,740.0
2018,Cataño Municipio,72033,24888.0,47.38,25.1,12195.0,28.06,21.35,18.39,22.93,16.4,99.36,0.0,11.49,0.35,5.74,26.52,7.0
2018,Cayey Municipio,72035,44530.0,42.97,8.89,12088.0,26.64,19.7,19.37,32.06,14.84,99.71,0.0,5.37,0.4,2.82,17.33,130.0
2018,Ceiba Municipio,72037,11853.0,43.26,11.87,13044.0,28.42,19.89,22.89,9.15,14.59,98.98,0.0,13.39,0.52,6.89,17.61,18.0
2018,Ciales Municipio,72039,16912.0,55.86,20.02,8398.0,34.24,21.02,19.05,26.34,15.93,99.11,0.0,3.88,0.0,4.14,18.14,17.0
2018,Cidra Municipio,72041,40343.0,42.55,16.94,11079.0,24.39,21.0,16.31,28.8,13.1,99.63,0.0,1.63,0.5,3.14,15.17,174.0
2018,Coamo Municipio,72043,39265.0,46.96,7.42,10761.0,24.88,21.25,16.81,24.64,16.06,99.45,0.0,3.23,0.0,4.11,14.4,109.0
2018,Comerío Municipio,72045,19539.0,60.27,26.2,6903.0,34.5,21.19,17.34,28.88,15.49,99.52,0.0,3.81,0.0,3.98,24.73,11.0
2018,Corozal Municipio,72047,34165.0,56.29,30.19,7619.0,31.63,21.88,17.04,25.44,10.34,99.05,0.0,1.54,1.28,5.49,14.68,322.0
2018,Culebra Municipio,72049,1314.0,41.91,0.84,11830.0,42.97,20.17,31.05,7.15,9.47,92.62,0.0,5.45,1.69,35.37,25.26,0.0
2018,Dorado Municipio,72051,37208.0,34.17,22.03,16570.0,22.3,22.69,16.57,15.29,13.92,98.54,0.0,3.37,0.84,5.84,11.34,48.0
2018,Fajardo Municipio,72053,32001.0,44.38,28.35,11663.0,21.54,20.87,21.21,23.28,16.91,99.15,0.0,13.02,0.19,6.02,16.48,195.0
2018,Florida Municipio,72054,11910.0,52.35,17.22,8871.0,22.36,21.65,18.02,19.29,15.08,98.82,0.0,2.59,0.0,6.53,10.44,15.0
2018,Guayama Municipio,72057,41706.0,51.82,7.79,9806.0,24.33,21.27,17.03,23.57,15.34,98.99,0.0,5.92,0.59,2.58,17.5,2271.0
2018,Guayanilla Municipio,72059,19008.0,55.58,22.69,8717.0,26.99,21.65,19.83,15.53,16.67,99.58,0.0,2.9,0.22,4.6,13.43,76.0
2018,Guaynabo Municipio,72061,88663.0,26.63,10.26,23895.0,16.04,17.52,20.67,22.73,10.8,98.82,0.0,15.0,0.16,2.36,11.36,590.0
2018,Gurabo Municipio,72063,46894.0,29.3,16.42,17393.0,22.05,21.52,15.03,22.93,12.22,98.48,0.0,3.0,0.05,3.39,13.35,332.0
2018,Guánica Municipio,72055,16783.0,63.81,30.11,7430.0,32.36,20.85,22.98,34.17,10.42,99.15,0.0,4.87,0.13,4.63,16.36,82.0
2018,Hatillo Municipio,72065,40390.0,46.47,7.05,10659.0,30.74,19.74,19.06,9.19,10.32,99.89,0.0,3.56,0.0,2.23,12.68,99.0
2018,Hormigueros Municipio,72067,16180.0,40.77,23.14,11874.0,25.72,17.91,26.93,29.67,11.77,99.91,0.0,2.81,0.0,5.18,17.26,135.0
2018,Humacao Municipio,72069,53466.0,44.5,13.56,12093.0,24.06,19.92,20.26,9.93,13.67,99.42,0.0,11.88,0.25,5.04,12.24,434.0
2018,Isabela Municipio,72071,42420.0,54.92,18.45,9228.0,29.22,19.7,19.01,26.3,12.28,99.07,0.0,4.09,0.27,2.88,13.4,324.0
2018,Jayuya Municipio,72073,14906.0,60.41,22.16,7519.0,24.64,22.8,16.4,21.32,18.62,99.62,0.0,3.01,0.31,5.09,18.05,259.0
2018,Juana Díaz Municipio,72075,46960.0,46.46,22.05,10611.0,24.5,22.66,16.64,20.32,15.04,99.89,0.0,2.13,0.05,3.62,13.12,517.0
2018,Juncos Municipio,72077,39128.0,50.48,27.04,9316.0,25.77,22.29,15.33,21.96,17.95,99.34,0.0,5.57,0.0,6.04,12.53,204.0
2018,Lajas Municipio,72079,23315.0,61.49,21.23,7233.0,39.05,18.91,23.35,21.69,10.42,99.82,0.0,4.82,2.65,5.45,14.01,43.0
2018,Lares Municipio,72081,26451.0,55.28,28.48,8735.0,38.28,19.89,19.79,17.66,10.94,99.75,0.0,2.62,0.6,3.76,14.3,260.0
2018,Las Marías Municipio,72083,8599.0,57.06,3.15,7098.0,48.24,21.19,20.69,7.59,10.58,99.42,0.0,1.24,0.0,12.26,15.04,92.0
2018,Las Piedras Municipio,72085,37768.0,43.22,18.26,11239.0,23.33,21.2,16.86,12.2,13.66,99.92,0.0,2.41,0.0,6.08,10.47,53.0
2018,Loíza Municipio,72087,26463.0,50.76,26.99,8809.0,26.34,21.86,16.52,19.78,15.63,99.97,0.0,11.04,0.05,8.04,23.66,83.0
2018,Luquillo Municipio,72089,18547.0,45.06,25.22,11007.0,25.27,20.56,20.93,25.71,12.2,98.9,0.0,11.43,0.0,6.26,14.01,139.0
2018,Manatí Municipio,72091,39692.0,45.84,17.18,10946.0,28.75,20.95,20.24,19.27,14.25,99.02,0.0,7.07,0.34,8.05,18.47,221.0
2018,Maricao Municipio,72093,6202.0,64.16,12.52,5974.0,52.57,19.69,20.91,8.42,12.44,99.84,0.0,2.01,0.31,16.22,16.84,15.0
2018,Maunabo Municipio,72095,11023.0,48.68,26.96,9471.0,35.9,19.86,22.12,12.1,8.53,98.85,0.0,5.87,0.0,12.06,18.7,6.0
2018,Mayagüez Municipio,72097,77255.0,53.19,26.84,10678.0,29.04,18.0,22.66,26.98,13.32,99.46,0.0,16.85,0.08,3.01,20.81,1174.0
2018,Moca Municipio,72099,36872.0,57.22,26.46,8806.0,33.09,21.58,16.57,21.13,13.48,99.62,0.0,2.71,0.47,3.75,13.95,250.0
2018,Morovis Municipio,72101,31320.0,45.49,20.79,9715.0,31.68,22.22,15.14,21.93,16.82,99.68,0.0,3.82,0.19,4.0,13.99,61.0
2018,Naguabo Municipio,72103,26266.0,49.56,10.29,9263.0,29.94,22.99,17.43,9.21,13.37,99.64,0.0,6.71,0.0,6.46,15.64,45.0
2018,Naranjito Municipio,72105,28557.0,45.9,24.08,9150.0,30.6,20.99,18.08,30.01,10.49,99.87,0.0,0.92,0.32,4.82,15.96,86.0
2018,Orocovis Municipio,72107,21407.0,57.54,34.15,7889.0,34.74,22.07,16.42,31.37,19.99,99.72,0.0,2.46,0.19,6.34,18.46,142.0
2018,Patillas Municipio,72109,17334.0,53.27,19.17,9223.0,30.15,19.53,21.07,11.0,10.25,99.75,0.0,1.44,0.18,5.92,18.93,0.0
2018,Peñuelas Municipio,72111,20984.0,56.5,23.85,8609.0,29.23,23.71,16.11,15.71,14.8,99.8,0.0,0.61,0.06,7.53,15.27,18.0
2018,Ponce Municipio,72113,143926.0,50.91,14.18,11368.0,23.34,20.86,20.11,17.2,15.55,99.44,0.0,12.69,0.16,2.94,20.33,3552.0
2018,Quebradillas Municipio,72115,24036.0,52.03,11.83,9819.0,28.8,20.57,19.48,20.87,13.93,99.31,0.0,4.18,0.38,3.87,14.6,24.0
2018,Rincón Municipio,72117,14269.0,42.18,9.85,11650.0,33.8,18.27,24.5,27.02,9.96,90.87,0.0,13.46,0.28,5.19,14.41,25.0
2018,Río Grande Municipio,72119,50550.0,38.8,23.33,10931.0,24.23,20.07,18.97,23.45,13.49,99.46,0.0,9.97,0.41,5.46,14.12,777.0
2018,Sabana Grande Municipio,72121,23054.0,47.24,17.44,9560.0,28.31,20.47,22.19,32.69,9.04,99.84,0.0,2.9,0.43,4.9,15.57,173.0
2018,Salinas Municipio,72123,28633.0,53.79,8.48,9034.0,27.66,22.67,18.66,20.52,19.12,99.95,0.0,3.95,0.27,4.89,15.2,100.0
2018,San Germán Municipio,72125,32114.0,52.21,7.6,9874.0,31.19,19.62,23.6,10.95,9.44,99.46,0.0,4.02,0.0,5.29,18.91,701.0
2018,San Juan Municipio,72127,344606.0,41.77,15.39,18569.0,19.79,18.81,21.11,19.25,13.44,98.71,0.0,24.35,0.13,2.26,25.8,7200.0
2018,San Lorenzo Municipio,72129,37873.0,45.0,9.28,10974.0,29.17,19.96,17.83,18.39,11.69,100.0,0.0,1.02,0.28,4.71,17.76,94.0
2018,San Sebastián Municipio,72131,37964.0,54.43,25.86,8739.0,34.43,20.13,22.09,21.94,11.45,98.31,0.0,2.92,0.46,3.17,16.01,203.0
2018,Santa Isabel Municipio,72133,22066.0,47.1,8.44,10895.0,19.6,23.29,16.19,23.35,19.08,99.6,0.0,2.73,0.38,4.94,13.44,6.0
2018,Toa Alta Municipio,72135,73405.0,29.01,12.1,14241.0,19.25,22.03,13.24,16.71,13.42,99.51,0.0,3.49,0.76,3.78,8.0,294.0
2018,Toa Baja Municipio,72137,79726.0,36.18,17.51,12763.0,20.2,20.67,18.22,20.34,12.66,99.21,0.0,4.12,0.3,4.43,12.5,347.0
2018,Trujillo Alto Municipio,72139,67780.0,31.03,6.75,15886.0,16.63,20.71,17.77,17.52,13.26,99.39,0.0,13.08,0.26,5.48,11.74,756.0
2018,Utuado Municipio,72141,29402.0,51.98,29.37,8639.0,28.28,20.49,20.69,18.06,11.78,99.45,0.0,2.86,0.26,2.93,16.02,93.0
2018,Vega Alta Municipio,72143,37724.0,47.75,20.35,11678.0,27.69,22.15,17.6,17.59,13.57,99.03,0.0,5.42,0.68,5.25,15.53,782.0
2018,Vega Baja Municipio,72145,53371.0,45.3,18.82,10601.0,31.67,20.64,19.07,22.41,11.54,97.23,0.0,3.37,0.51,4.25,15.86,308.0
2018,Vieques Municipio,72147,8771.0,41.26,14.89,11156.0,28.57,20.36,23.32,6.82,9.47,94.32,0.0,0.81,0.53,14.33,24.98,0.0
2018,Villalba Municipio,72149,22993.0,48.16,22.79,10677.0,25.86,22.55,16.82,24.71,16.27,99.84,0.0,4.78,0.12,6.57,12.16,130.0
2018,Yabucoa Municipio,72151,34149.0,53.47,25.88,9148.0,31.12,20.27,19.22,13.58,14.83,99.96,0.0,1.6,0.0,4.56,17.23,73.0
2018,Yauco Municipio,72153,36439.0,48.39,19.94,8339.0,28.72,19.83,20.91,28.46,7.66,99.87,0.0,4.11,0.11,3.93,15.51,253.0
2019,Adjuntas Municipio,72001,17891.0,62.03,34.12,7595.0,35.26,20.65,19.04,19.38,13.33,99.7,0.0,4.11,0.46,2.91,16.15,75.0
2019,Aguada Municipio,72003,37954.0,49.59,11.21,9692.0,34.6,18.31,18.37,27.61,11.36,93.28,0.0,1.74,0.0,2.67,13.62,83.0
2019,Aguadilla Municipio,72005,52803.0,51.55,20.77,11298.0,26.36,19.61,21.04,22.99,15.05,98.44,0.0,10.18,0.12,2.14,17.98,1501.0
2019,Aguas Buenas Municipio,72007,25748.0,46.64,12.74,11097.0,29.77,19.75,19.23,31.58,13.47,99.65,0.0,2.08,0.36,2.83,18.24,190.0
2019,Aibonito Municipio,72009,22988.0,43.62,5.08,11363.0,22.43,19.29,20.24,26.73,14.2,99.82,0.0,3.86,0.26,4.07,14.01,25.0
2019,Arecibo Municipio,72013,85390.0,47.37,17.9,10596.0,23.31,18.85,21.13,20.68,13.67,99.4,0.0,5.61,0.08,2.41,15.58,1185.0
2019,Arroyo Municipio,72015,17805.0,59.23,13.77,8611.0,21.47,21.83,19.23,23.02,19.23,99.85,0.0,5.3,0.48,5.59,14.32,20.0
2019,Añasco Municipio,72011,26934.0,45.95,10.88,10603.0,30.86,18.58,20.18,24.98,10.6,95.64,0.0,3.17,0.16,2.32,12.79,130.0
2019,Barceloneta Municipio,72017,24079.0,48.55,19.76,9847.0,26.46,20.37,19.29,17.7,16.69,99.73,0.0,3.65,0.0,3.29,10.45,15.0
2019,Barranquitas Municipio,72019,28393.0,55.91,18.11,8537.0,27.75,22.58,15.45,24.02,17.01,99.88,0.0,1.54,0.65,5.62,14.01,381.0
2019,Bayamón Municipio,72021,178192.0,34.57,12.66,14782.0,19.35,18.25,21.1,26.53,13.68,99.33,0.0,10.6,0.35,2.21,13.2,5915.0
2019,Cabo Rojo Municipio,72023,48487.0,51.1,14.82,9903.0,29.94,18.47,22.7,15.69,11.76,99.72,0.0,7.71,4.37,4.58,13.6,145.0
2019,Caguas Municipio,72025,128937.0,37.73,13.23,15244.0,18.66,19.4,19.63,23.61,13.74,98.93,0.0,9.12,0.09,2.66,15.86,1115.0
2019,Camuy Municipio,72027,31598.0,49.97,12.63,10709.0,29.44,19.01,19.51,18.41,10.86,98.97,0.0,2.16,0.25,2.42,11.6,114.0
2019,Canóvanas Municipio,72029,45588.0,42.07,23.48,12924.0,25.26,21.06,16.66,18.73,14.48,99.93,0.0,4.07,0.09,6.3,12.68,122.0
2019,Carolina Municipio,72031,153779.0,30.9,14.77,16846.0,15.53,18.59,21.72,21.93,14.46,99.3,0.0,13.49,0.34,2.48,12.98,735.0
2019,Cataño Municipio,72033,24271.0,48.6,20.97,12796.0,27.08,20.45,19.43,22.27,15.59,99.1,0.0,10.65,0.18,4.63,26.25,6.0
2019,Cayey Municipio,72035,43785.0,40.94,9.31,12819.0,24.91,19.0,20.14,32.5,14.33,99.66,0.0,5.3,0.41,2.55,16.54,139.0
2019,Ceiba Municipio,72037,11515.0,41.51,12.7,11204.0,28.09,18.88,23.76,9.64,15.98,98.82,0.0,14.86,0.53,6.13,18.02,18.0
2019,Ciales Municipio,72039,16513.0,55.09,19.63,9106.0,33.82,20.11,20.02,29.24,15.07,99.14,0.0,3.62,0.1,5.52,16.89,15.0
2019,Cidra Municipio,72041,39607.0,44.73,15.06,10980.0,24.32,20.28,17.09,29.72,12.42,99.66,0.0,1.43,0.15,2.2,14.53,170.0
2019,Coamo Municipio,72043,38906.0,46.03,6.1,11063.0,22.52,20.34,17.51,26.78,14.45,99.37,0.0,3.63,0.11,3.69,13.98,108.0
2019,Comerío Municipio,72045,19224.0,58.74,23.8,7352.0,30.59,20.47,18.12,26.56,15.58,99.48,0.0,2.66,0.0,3.45,22.12,11.0
2019,Corozal Municipio,72047,33500.0,56.0,32.05,8124.0,31.19,21.18,17.82,25.9,10.41,99.06,0.0,1.14,0.7,3.88,15.7,333.0
2019,Culebra Municipio,72049,1311.0,36.02,3.11,15027.0,42.15,19.45,32.57,11.67,8.51,92.6,0.0,6.02,1.9,37.55,24.07,0.0
2019,Dorado Municipio,72051,36803.0,32.73,19.1,16876.0,19.54,21.81,17.22,16.25,10.03,97.9,0.0,3.16,0.68,5.11,11.54,44.0
2019,Fajardo Municipio,72053,31111.0,43.68,26.16,12846.0,20.5,20.06,21.85,22.63,17.55,99.65,0.0,11.25,0.07,4.77,14.97,164.0
2019,Florida Municipio,72054,11697.0,50.46,17.95,9250.0,23.98,20.87,18.65,20.37,15.73,98.86,0.0,1.49,0.0,5.92,10.98,13.0
2019,Guayama Municipio,72057,40889.0,50.17,7.76,10387.0,23.58,20.51,17.76,23.96,13.57,99.23,0.0,5.84,0.8,3.1,16.56,2254.0
2019,Guayanilla Municipio,72059,18514.0,54.81,21.68,9136.0,24.14,20.88,20.7,13.29,18.46,99.56,0.0,2.37,0.32,5.27,12.75,84.0
2019,Guaynabo Municipio,72061,86937.0,25.33,9.55,24887.0,15.74,16.81,21.51,23.48,10.43,98.73,0.0,15.0,0.11,2.5,11.47,615.0
2019,Gurabo Municipio,72063,46910.0,30.7,16.92,18518.0,20.11,20.58,15.67,21.78,12.44,98.05,0.0,2.41,0.03,4.2,12.95,336.0
2019,Guánica Municipio,72055,16293.0,63.37,29.57,7293.0,31.21,20.32,23.91,37.45,10.48,99.18,0.0,4.89,0.14,4.9,14.43,82.0
2019,Hatillo Municipio,72065,39950.0,45.36,6.73,11144.0,27.88,18.87,19.83,11.16,10.52,99.8,0.0,3.78,0.0,2.1,11.03,100.0
2019,Hormigueros Municipio,72067,15943.0,43.62,22.63,12479.0,24.76,17.09,27.86,27.7,13.54,99.87,0.0,3.15,0.0,5.32,17.28,138.0
2019,Humacao Municipio,72069,52507.0,42.95,11.33,13043.0,23.74,19.12,21.4,10.56,12.83,99.35,0.0,12.4,0.25,5.14,13.64,412.0
2019,Isabela Municipio,72071,41707.0,55.69,15.19,9002.0,29.96,18.86,19.68,26.37,11.0,99.15,0.0,4.11,0.35,2.64,13.44,327.0
2019,Jayuya Municipio,72073,14539.0,60.98,15.07,7308.0,25.89,22.22,17.08,20.57,17.57,99.67,0.0,3.03,0.29,4.92,17.72,281.0
2019,Juana Díaz Municipio,72075,46152.0,46.7,21.61,10550.0,23.44,21.82,17.39,21.15,15.75,99.82,0.0,2.31,0.04,3.58,13.16,476.0
2019,Juncos Municipio,72077,38780.0,47.4,23.51,10222.0,25.08,21.46,15.95,20.83,19.93,99.38,0.0,6.1,0.49,4.71,11.38,211.0
2019,Lajas Municipio,72079,22835.0,63.18,22.9,7432.0,38.2,18.13,24.17,24.23,8.92,99.47,0.0,4.62,2.67,4.2,16.36,46.0
2019,Lares Municipio,72081,25696.0,55.89,19.61,9091.0,36.27,19.19,20.58,17.12,9.11,99.75,0.0,2.95,0.5,3.62,15.02,263.0
2019,Las Marías Municipio,72083,8370.0,50.64,4.87,7585.0,48.27,20.62,21.67,7.78,8.49,99.58,0.0,1.77,0.1,11.37,15.51,97.0
2019,Las Piedras Municipio,72085,37499.0,41.91,14.49,11475.0,22.76,20.38,17.71,10.09,13.53,99.93,0.0,2.45,0.18,6.21,11.18,60.0
2019,Loíza Municipio,72087,25778.0,48.22,24.78,9335.0,25.93,21.01,17.6,19.01,15.55,99.95,0.0,11.0,0.06,7.51,22.99,83.0
2019,Luquillo Municipio,72089,18224.0,42.56,25.17,11123.0,24.28,19.59,21.77,25.24,11.17,99.09,0.0,10.65,0.0,4.92,13.99,151.0
2019,Manatí Municipio,72091,38836.0,46.95,18.35,11084.0,27.99,20.09,21.17,19.66,13.62,98.61,0.0,7.26,0.34,7.35,19.06,227.0
2019,Maricao Municipio,72093,6075.0,64.49,9.09,6118.0,51.97,19.09,21.96,7.7,12.84,99.11,0.0,2.28,0.35,16.14,15.87,14.0
2019,Maunabo Municipio,72095,10776.0,45.36,26.85,9319.0,35.67,19.15,23.09,12.82,11.92,98.84,0.0,4.9,0.0,11.04,17.48,6.0
2019,Mayagüez Municipio,72097,75232.0,53.85,26.48,10994.0,28.4,17.56,23.51,25.69,12.88,99.46,0.0,18.63,0.06,2.96,21.35,1130.0
2019,Moca Municipio,72099,36161.0,54.21,24.36,10342.0,31.3,20.71,17.33,19.95,13.4,99.69,0.0,3.33,0.38,3.39,11.87,243.0
2019,Morovis Municipio,72101,30962.0,44.94,21.81,9728.0,30.3,21.2,15.9,25.09,17.46,99.7,0.0,3.44,0.19,3.85,14.13,63.0
2019,Naguabo Municipio,72103,26075.0,47.36,15.18,9283.0,27.4,22.3,18.08,10.57,15.05,99.37,0.0,6.38,0.0,6.89,14.35,46.0
2019,Naranjito Municipio,72105,28112.0,46.44,23.59,9120.0,30.13,20.21,19.06,28.7,8.44,99.98,0.0,0.74,0.18,4.89,18.16,82.0
2019,Orocovis Municipio,72107,20982.0,56.17,31.61,8299.0,33.53,21.23,17.17,27.47,17.81,99.75,0.0,1.67,0.09,5.73,17.25,146.0
2019,Patillas Municipio,72109,16929.0,54.0,18.64,9636.0,28.42,18.68,22.19,11.67,10.37,99.81,0.0,1.52,0.34,6.9,18.91,0.0
2019,Peñuelas Municipio,72111,20383.0,57.36,22.04,9480.0,27.54,22.92,16.85,16.05,14.12,99.62,0.0,0.64,0.06,6.12,16.1,16.0
2019,Ponce Municipio,72113,139671.0,51.41,12.37,11393.0,22.09,20.14,21.03,18.85,15.37,99.36,0.0,12.62,0.24,3.05,19.95,3561.0
2019,Quebradillas Municipio,72115,23629.0,49.34,7.98,10451.0,27.19,19.75,20.34,17.54,13.83,99.09,0.0,4.01,0.31,3.45,15.66,22.0
2019,Rincón Municipio,72117,14056.0,41.75,7.27,12507.0,34.67,17.48,25.31,24.52,9.43,90.05,0.0,13.45,0.5,4.74,16.66,26.0
2019,Río Grande Municipio,72119,49613.0,39.44,22.01,11341.0,22.42,19.3,19.72,23.44,12.77,99.33,0.0,9.64,0.38,5.17,13.8,667.0
2019,Sabana Grande Municipio,72121,22560.0,46.46,16.8,9810.0,26.91,19.71,22.98,31.41,9.26,99.74,0.0,3.13,0.44,5.07,13.86,177.0
2019,Salinas Municipio,72123,28109.0,49.92,5.33,9557.0,27.24,21.96,19.41,22.51,18.23,99.94,0.0,4.04,0.12,5.2,14.96,83.0
2019,San Germán Municipio,72125,31442.0,50.68,6.57,10535.0,29.26,19.06,24.4,10.42,9.68,99.52,0.0,3.92,0.0,5.04,18.44,706.0
2019,San Juan Municipio,72127,335468.0,40.99,15.83,19361.0,18.74,18.14,21.93,19.47,13.43,98.49,0.0,24.74,0.13,2.22,24.92,7377.0
2019,San Lorenzo Municipio,72129,37209.0,43.86,8.03,11307.0,28.86,19.13,18.69,15.85,12.69,99.95,0.0,1.25,0.0,5.16,18.1,94.0
2019,San Sebastián Municipio,72131,37120.0,53.46,20.03,9498.0,32.98,19.3,23.0,22.92,11.53,97.29,0.0,3.25,0.46,2.73,15.11,200.0
2019,Santa Isabel Municipio,72133,21757.0,45.35,7.07,11596.0,17.56,22.18,16.77,24.47,19.06,99.55,0.0,2.43,0.59,4.71,12.81,5.0
2019,Toa Alta Municipio,72135,72864.0,29.4,11.5,14661.0,17.85,20.99,13.88,14.82,12.63,99.18,0.0,2.8,0.61,3.6,7.34,301.0
2019,Toa Baja Municipio,72137,77810.0,36.54,15.91,13106.0,19.24,19.79,19.03,19.69,12.02,98.87,0.0,4.2,0.57,4.2,11.57,355.0
2019,Trujillo Alto Municipio,72139,66338.0,29.46,5.4,16482.0,16.04,19.86,18.62,18.33,13.1,99.24,0.0,13.18,0.27,4.71,11.84,756.0
2019,Utuado Municipio,72141,28676.0,52.6,31.01,8683.0,28.81,19.78,21.58,19.79,11.3,99.47,0.0,2.49,0.48,2.9,17.33,94.0
2019,Vega Alta Municipio,72143,37106.0,45.87,21.55,11735.0,27.83,21.34,18.29,20.37,14.47,99.12,0.0,5.6,0.68,5.31,15.28,692.0
2019,Vega Baja Municipio,72145,52192.0,45.18,17.42,11116.0,29.02,19.83,19.88,21.79,12.41,97.04,0.0,3.5,0.44,4.67,14.69,315.0
2019,Vieques Municipio,72147,8642.0,45.88,7.5,10426.0,32.29,19.63,23.93,6.68,7.66,94.93,0.0,0.37,0.33,14.57,19.88,0.0
2019,Villalba Municipio,72149,22403.0,47.8,21.86,10894.0,23.45,21.68,17.7,24.7,18.77,99.83,0.0,4.39,0.0,5.73,11.44,117.0
2019,Yabucoa Municipio,72151,33499.0,53.12,19.76,9929.0,29.98,19.31,20.47,13.0,14.46,99.95,0.0,1.5,0.06,5.1,16.14,81.0
2019,Yauco Municipio,72153,35428.0,49.03,20.22,8404.0,27.44,19.06,21.9,29.0,7.12,99.67,0.0,4.21,0.11,3.76,13.7,229.0
2020,Adjuntas Municipio,72001,17614.0,64.78,29.79,7349.0,35.57,19.85,19.93,17.66,13.89,99.63,0.0,4.22,0.0,2.46,15.9,73.0
2020,Aguada Municipio,72003,37307.0,48.36,7.69,10001.0,34.38,17.55,19.39,28.35,11.22,93.74,0.0,2.09,0.0,1.75,13.18,90.0
2020,Aguadilla Municipio,72005,51552.0,51.27,17.39,11733.0,26.21,18.85,21.82,22.84,15.65,98.59,0.0,10.92,0.14,2.04,18.0,1199.0
2020,Aguas Buenas Municipio,72007,25298.0,44.79,9.68,12245.0,27.72,18.86,20.11,31.01,14.16,99.63,0.0,1.85,0.36,3.45,16.72,197.0
2020,Aibonito Municipio,72009,22545.0,44.83,6.01,12078.0,22.09,18.55,21.25,28.41,14.25,99.72,0.0,4.33,0.0,3.91,14.08,29.0
2020,Arecibo Municipio,72013,83682.0,47.03,17.68,11199.0,22.68,18.2,21.83,19.78,14.56,99.5,0.0,5.93,0.12,2.45,14.63,1104.0
2020,Arroyo Municipio,72015,17502.0,60.09,12.9,8899.0,24.2,20.94,20.12,23.6,19.23,99.81,0.0,5.43,0.27,5.75,13.87,18.0
2020,Añasco Municipio,72011,26555.0,45.51,9.6,10618.0,32.15,17.75,20.94,25.22,10.7,95.73,0.0,2.92,0.33,2.02,11.75,124.0
2020,Barceloneta Municipio,72017,23913.0,46.4,18.62,10314.0,26.95,19.53,19.89,17.52,16.38,99.62,0.0,3.61,0.34,2.6,10.72,20.0
2020,Barranquitas Municipio,72019,28026.0,52.99,17.97,9187.0,26.73,21.78,16.33,21.69,15.54,99.88,0.0,1.06,0.52,4.76,11.68,292.0
2020,Bayamón Municipio,72021,173695.0,34.14,11.56,15301.0,18.32,17.59,21.82,26.13,12.88,99.25,0.0,10.68,0.38,2.12,12.96,5606.0
2020,Cabo Rojo Municipio,72023,47977.0,50.88,12.85,10176.0,28.75,17.71,23.3,15.71,11.07,99.69,0.0,7.01,3.9,4.68,12.81,167.0
2020,Caguas Municipio,72025,126734.0,37.08,12.78,15757.0,17.47,18.62,20.33,23.66,12.93,98.68,0.0,9.24,0.1,2.47,14.91,1140.0
2020,Camuy Municipio,72027,31066.0,45.61,7.34,11339.0,27.92,18.15,20.44,16.59,9.29,99.3,0.0,2.29,0.26,2.21,11.38,122.0
2020,Canóvanas Municipio,72029,45120.0,41.32,22.23,13610.0,24.18,20.14,17.36,19.37,14.16,99.92,0.0,4.01,0.1,6.68,11.46,68.0
2020,Carolina Municipio,72031,150378.0,30.5,14.31,16992.0,14.06,17.91,22.42,20.9,14.16,99.14,0.0,12.81,0.24,2.91,11.66,740.0
2020,Cataño Municipio,72033,23698.0,46.75,16.66,12918.0,24.97,19.65,20.5,21.51,16.36,98.91,0.0,10.31,0.39,4.23,25.6,6.0
2020,Cayey Municipio,72035,43126.0,40.32,8.14,13567.0,22.65,18.11,21.06,31.81,14.77,99.84,0.0,5.23,0.23,1.84,17.05,140.0
2020,Ceiba Municipio,72037,11207.0,42.21,10.51,12240.0,27.37,17.91,24.56,9.55,14.25,98.52,0.0,14.62,0.44,4.79,16.85,20.0
2020,Ciales Municipio,72039,16188.0,54.78,21.55,9730.0,32.05,19.47,20.97,28.13,14.62,99.26,0.0,2.94,0.15,5.32,15.12,13.0
2020,Cidra Municipio,72041,38977.0,43.35,12.66,11566.0,23.17,19.54,17.95,31.36,11.95,99.65,0.0,1.35,0.1,2.29,14.45,164.0
2020,Coamo Municipio,72043,38603.0,48.49,6.9,10700.0,21.49,19.4,18.24,28.59,13.1,99.3,0.0,4.38,0.12,3.04,14.43,107.0
2020,Comerío Municipio,72045,18942.0,53.73,17.21,7746.0,29.88,19.7,18.9,25.57,14.78,99.58,0.0,1.75,0.0,3.08,22.78,11.0
2020,Corozal Municipio,72047,32928.0,52.34,25.91,8829.0,29.0,20.41,18.61,25.48,10.72,98.83,0.0,1.06,0.77,3.71,15.75,229.0
2020,Culebra Municipio,72049,1371.0,30.95,3.28,15830.0,34.62,20.5,33.26,8.9,9.34,92.78,0.0,6.36,0.87,35.41,17.12,0.0
2020,Dorado Municipio,72051,36475.0,33.0,18.77,17204.0,19.6,20.96,17.79,16.36,10.14,97.18,0.0,2.48,0.74,4.63,11.1,45.0
2020,Fajardo Municipio,72053,30263.0,44.33,25.87,12913.0,19.31,19.29,22.41,22.45,16.58,99.66,0.0,10.25,0.07,4.93,15.02,143.0
2020,Florida Municipio,72054,11513.0,52.29,18.9,9563.0,24.22,19.91,19.63,20.41,15.35,98.71,0.0,2.8,0.0,5.86,12.37,18.0
2020,Guayama Municipio,72057,40198.0,49.41,8.77,10385.0,23.3,19.53,18.59,22.54,13.02,99.26,0.0,6.37,0.49,2.67,18.17,2591.0
2020,Guayanilla Municipio,72059,18080.0,54.86,23.65,8980.0,23.87,20.04,21.64,13.91,16.93,99.74,0.0,1.91,0.24,5.54,13.82,88.0
2020,Guaynabo Municipio,72061,85312.0,25.3,9.55,24527.0,14.7,16.13,22.43,23.05,9.43,98.68,0.0,15.04,0.14,2.57,11.19,622.0
2020,Gurabo Municipio,72063,46948.0,29.84,15.99,18880.0,18.47,19.69,16.25,21.83,12.76,98.34,0.0,1.32,0.05,4.35,12.19,328.0
2020,Guánica Municipio,72055,15825.0,66.19,34.85,7017.0,31.7,19.46,24.96,39.39,10.03,99.18,0.0,5.03,0.0,4.53,13.84,89.0
2020,Hatillo Municipio,72065,39561.0,45.2,6.06,11675.0,25.93,18.0,20.64,13.8,9.99,99.77,0.0,4.29,0.0,2.65,10.0,105.0
2020,Hormigueros Municipio,72067,15731.0,42.44,20.54,12503.0,23.69,16.36,28.58,26.48,11.97,99.89,0.0,3.38,0.0,5.09,16.01,143.0
2020,Humacao Municipio,72069,51586.0,39.84,9.5,13832.0,21.1,18.33,22.42,9.55,12.08,99.15,0.0,12.23,0.29,5.0,13.62,358.0
2020,Isabela Municipio,72071,41084.0,51.25,10.76,9853.0,29.49,18.12,20.34,24.06,11.35,99.15,0.0,3.58,0.39,2.4,13.38,376.0
2020,Jayuya Municipio,72073,14239.0,57.92,14.46,7536.0,23.84,21.31,18.02,21.11,17.36,99.16,0.0,2.84,0.29,4.39,16.3,39.0
2020,Juana Díaz Municipio,72075,45414.0,45.69,21.36,10717.0,22.69,20.99,18.14,22.51,14.57,99.85,0.0,1.99,0.03,3.52,12.29,525.0
2020,Juncos Municipio,72077,38471.0,43.46,19.81,10936.0,26.05,20.66,16.51,20.58,19.19,99.64,0.0,5.41,0.79,3.85,10.31,220.0
2020,Lajas Municipio,72079,22391.0,61.36,19.5,8251.0,34.76,17.41,25.01,22.15,8.4,98.94,0.0,3.34,2.58,3.42,14.28,46.0
2020,Lares Municipio,72081,24945.0,57.75,13.96,8716.0,35.14,18.49,21.31,17.41,9.69,99.82,0.0,2.87,0.49,3.48,14.39,244.0
2020,Las Marías Municipio,72083,8131.0,48.39,6.05,7726.0,38.78,20.02,22.64,8.09,9.06,99.58,0.0,2.93,0.1,10.35,13.87,105.0
2020,Las Piedras Municipio,72085,37233.0,37.78,13.05,12093.0,21.81,19.5,18.6,10.75,13.14,99.91,0.0,3.15,0.19,5.8,10.95,58.0
2020,Loíza Municipio,72087,25164.0,50.38,25.64,9515.0,25.32,20.1,18.79,19.18,17.04,99.98,0.0,11.56,0.06,7.0,22.67,83.0
2020,Luquillo Municipio,72089,17924.0,42.16,25.52,11479.0,22.65,18.68,22.54,24.34,12.03,99.24,0.0,10.43,0.0,5.6,12.61,33.0
2020,Manatí Municipio,72091,38062.0,45.95,18.22,11627.0,26.06,19.31,22.1,20.5,13.14,98.37,0.0,7.66,0.19,7.03,18.75,211.0
2020,Maricao Municipio,72093,5900.0,58.05,7.13,6936.0,49.68,17.81,23.17,7.59,12.01,99.08,0.0,2.04,0.0,16.07,14.9,15.0
2020,Maunabo Municipio,72095,10568.0,43.86,25.6,9872.0,28.69,18.42,24.15,11.67,12.61,98.52,0.0,3.27,0.0,11.07,16.36,6.0
2020,Mayagüez Municipio,72097,73336.0,53.41,25.9,11598.0,28.39,17.07,24.29,24.73,12.51,99.39,0.0,18.88,0.08,2.82,20.76,1055.0
2020,Moca Municipio,72099,35547.0,53.34,22.88,11214.0,30.53,19.8,18.16,19.66,14.02,99.71,0.0,3.01,0.42,3.51,10.73,187.0
2020,Morovis Municipio,72101,30652.0,44.53,18.06,10319.0,27.67,20.26,16.7,24.88,19.4,99.69,0.0,3.2,0.19,3.77,13.45,74.0
2020,Naguabo Municipio,72103,25931.0,48.05,17.17,9337.0,26.03,21.47,18.77,9.04,14.9,99.38,0.0,6.2,0.0,6.88,12.02,52.0
2020,Naranjito Municipio,72105,27719.0,45.94,18.18,10084.0,29.04,19.48,20.05,27.72,10.07,100.0,0.0,0.45,0.23,5.13,17.64,78.0
2020,Orocovis Municipio,72107,20608.0,57.51,25.46,8538.0,32.51,20.48,17.97,24.04,15.42,99.83,0.0,1.23,0.08,6.21,16.7,146.0
2020,Patillas Municipio,72109,16591.0,50.84,18.85,10142.0,25.52,18.0,23.16,12.07,10.18,99.72,0.0,1.58,0.36,6.33,18.64,0.0
2020,Peñuelas Municipio,72111,19797.0,54.51,17.97,9729.0,27.78,22.13,17.64,15.52,14.4,99.58,0.0,0.82,0.05,4.92,13.84,5.0
2020,Ponce Municipio,72113,135674.0,51.2,11.69,11680.0,22.25,19.44,22.01,20.2,14.95,99.52,0.0,12.71,0.22,3.1,18.83,3658.0
2020,Quebradillas Municipio,72115,23261.0,46.67,5.13,10085.0,27.34,19.01,21.09,18.56,13.51,98.93,0.0,3.87,0.6,3.1,15.4,23.0
2020,Rincón Municipio,72117,13849.0,43.48,7.04,13154.0,30.6,16.54,26.29,26.34,10.9,91.78,0.0,13.25,0.4,4.25,13.89,24.0
2020,Río Grande Municipio,72119,48828.0,38.28,20.57,12257.0,22.19,18.37,20.54,23.86,12.15,99.65,0.0,9.26,0.33,5.42,13.46,646.0
2020,Sabana Grande Municipio,72121,22140.0,49.09,18.4,10130.0,26.78,18.9,23.84,31.7,10.35,99.44,0.0,3.81,0.22,4.87,12.93,188.0
2020,Salinas Municipio,72123,27638.0,49.83,5.84,9860.0,26.99,21.0,20.29,23.73,17.91,99.93,0.0,3.44,0.18,4.64,14.49,105.0
2020,San Germán Municipio,72125,30811.0,48.78,7.49,10203.0,30.21,18.36,25.28,10.85,9.06,99.15,0.0,4.51,0.0,4.04,18.54,620.0
2020,San Juan Municipio,72127,326953.0,40.09,16.15,20027.0,17.2,17.55,22.71,19.67,13.26,98.5,0.0,24.44,0.13,2.35,23.78,7661.0
2020,San Lorenzo Municipio,72129,36586.0,43.81,8.88,11387.0,28.05,18.4,19.52,15.62,12.32,99.98,0.0,1.43,0.0,4.64,17.26,95.0
2020,San Sebastián Municipio,72131,36292.0,51.6,15.46,10069.0,32.95,18.61,23.8,24.93,11.19,97.06,0.0,3.02,0.44,2.75,12.51,221.0
2020,Santa Isabel Municipio,72133,21474.0,48.36,6.5,11413.0,18.64,21.16,17.28,25.73,17.1,99.78,0.0,1.76,0.65,4.59,11.97,5.0
2020,Toa Alta Municipio,72135,72450.0,31.1,10.26,14408.0,17.78,19.99,14.6,13.82,11.51,99.02,0.0,3.02,0.6,3.14,6.75,319.0
2020,Toa Baja Municipio,72137,76008.0,36.5,14.36,13510.0,18.94,18.96,19.79,21.03,12.68,98.86,0.0,4.84,0.63,4.27,9.59,392.0
2020,Trujillo Alto Municipio,72139,65011.0,29.29,4.72,16824.0,15.52,18.95,19.48,19.11,12.59,99.18,0.0,12.47,0.25,4.52,10.54,799.0
2020,Utuado Municipio,72141,28041.0,54.35,33.33,8918.0,28.67,18.92,22.65,20.11,12.9,99.42,0.0,2.67,0.58,2.82,17.88,93.0
2020,Vega Alta Municipio,72143,36559.0,45.25,19.72,13439.0,26.82,20.54,19.0,23.05,14.11,99.19,0.0,6.05,0.78,5.2,14.69,455.0
2020,Vega Baja Municipio,72145,51089.0,45.66,18.06,11444.0,27.02,19.0,20.69,22.19,13.58,97.36,0.0,3.87,0.48,4.39,13.98,327.0
2020,Vieques Municipio,72147,8508.0,52.6,13.12,9096.0,32.91,19.09,24.72,7.6,8.98,93.89,0.0,1.34,0.53,14.01,16.22,0.0
2020,Villalba Municipio,72149,21899.0,46.42,20.04,11596.0,23.01,20.8,18.74,24.71,17.01,99.84,0.0,4.36,0.2,6.2,12.59,116.0
2020,Yabucoa Municipio,72151,32867.0,51.69,18.11,10124.0,29.08,18.45,21.61,12.62,13.33,99.93,0.0,1.6,0.06,5.0,15.32,84.0
2020,Yauco Municipio,72153,34501.0,48.88,17.55,9124.0,25.14,18.22,22.97,29.52,9.49,99.6,0.0,4.16,0.11,3.22,13.29,214.0
2021,Adjuntas Municipio,72001,18068.0,67.07,24.64,7527.0,35.44,19.03,20.97,14.9,11.66,99.51,0.0,4.61,0.0,2.35,14.06,74.0
2021,Aguada Municipio,72003,38307.0,45.06,7.57,10695.0,33.81,16.94,20.55,28.66,10.32,95.38,0.0,1.51,0.0,1.62,12.31,88.0
2021,Aguadilla Municipio,72005,55241.0,49.66,17.31,12055.0,25.06,18.1,22.45,23.46,13.36,98.65,0.0,10.16,0.1,1.98,16.77,1009.0
2021,Aguas Buenas Municipio,72007,24567.0,42.75,5.7,13057.0,26.37,18.06,20.88,29.45,14.41,99.68,0.0,1.62,0.33,3.95,13.33,169.0
2021,Aibonito Municipio,72009,24565.0,43.72,7.53,12370.0,21.28,17.79,22.41,30.41,11.78,99.77,0.0,4.22,0.0,3.37,13.67,28.0
2021,Arecibo Municipio,72013,88017.0,47.04,18.79,11810.0,22.17,17.52,22.38,20.47,14.13,99.47,0.0,5.19,0.11,2.18,13.75,1212.0
2021,Arroyo Municipio,72015,16183.0,60.84,11.22,10310.0,24.18,20.28,20.84,23.09,20.63,99.64,0.0,4.55,0.22,5.3,12.9,22.0
2021,Añasco Municipio,72011,25859.0,44.73,9.14,11641.0,29.26,17.15,21.55,25.59,9.58,96.4,0.0,2.73,0.38,1.87,10.95,105.0
2021,Barceloneta Municipio,72017,22836.0,44.95,15.88,12308.0,26.11,18.6,20.35,17.3,17.2,99.65,0.0,3.62,0.45,2.28,9.28,12.0
2021,Barranquitas Municipio,72019,28982.0,51.84,15.97,10307.0,25.23,21.19,17.35,18.29,16.69,99.9,0.0,1.63,0.53,5.09,10.09,270.0
2021,Bayamón Municipio,72021,185939.0,33.71,10.83,15703.0,17.61,16.97,22.51,25.02,11.94,99.41,0.0,10.74,0.35,1.93,12.84,5484.0
2021,Cabo Rojo Municipio,72023,47403.0,47.55,15.25,11802.0,26.4,16.99,23.6,17.69,11.03,99.55,0.0,7.15,3.97,4.23,12.11,147.0
2021,Caguas Municipio,72025,128182.0,37.53,11.27,16904.0,16.61,17.84,20.86,23.68,12.77,98.72,0.0,9.44,0.13,2.11,13.61,1119.0
2021,Camuy Municipio,72027,32885.0,44.36,7.05,11692.0,27.84,17.57,21.17,17.0,8.59,99.32,0.0,2.0,0.24,1.58,10.74,133.0
2021,Canóvanas Municipio,72029,42811.0,38.39,20.96,15824.0,22.59,19.35,17.97,19.9,14.39,99.93,0.0,4.26,0.1,6.8,9.85,55.0
2021,Carolina Municipio,72031,155886.0,29.8,14.01,17865.0,13.06,17.19,22.9,20.26,12.99,99.26,0.0,12.45,0.25,2.87,11.51,692.0
2021,Cataño Municipio,72033,23536.0,46.08,14.1,13653.0,23.76,18.86,21.62,19.63,16.57,99.04,0.0,10.2,0.3,4.35,24.53,6.0
2021,Cayey Municipio,72035,42134.0,40.15,7.51,14492.0,22.83,17.38,21.74,31.91,14.98,99.93,0.0,4.71,0.18,1.31,18.01,137.0
2021,Ceiba Municipio,72037,11463.0,41.29,9.85,13503.0,26.11,17.03,24.87,10.5,13.61,99.34,0.0,13.48,0.42,5.72,15.13,19.0
2021,Ciales Municipio,72039,17045.0,55.25,23.7,9435.0,33.8,18.79,21.99,26.47,13.23,99.31,0.0,2.55,0.45,5.1,14.0,10.0
2021,Cidra Municipio,72041,40125.0,39.93,7.5,12639.0,22.69,18.86,18.84,33.29,11.5,99.68,0.0,1.6,0.11,2.37,12.5,157.0
2021,Coamo Municipio,72043,35268.0,49.58,7.32,11454.0,19.71,18.8,19.0,30.42,12.69,99.7,0.0,4.83,0.14,3.45,13.81,95.0
2021,Comerío Municipio,72045,18990.0,53.78,14.88,8655.0,28.62,18.91,19.75,26.24,13.54,99.82,0.0,1.75,0.21,4.06,19.62,11.0
2021,Corozal Municipio,72047,34631.0,47.8,19.49,9639.0,28.0,19.79,19.39,22.53,10.77,99.62,0.0,0.74,0.72,4.05,15.39,256.0
2021,Culebra Municipio,72049,1293.0,23.02,2.51,16250.0,31.28,17.01,32.64,7.12,8.38,94.35,0.0,7.38,0.55,34.15,17.18,0.0
2021,Dorado Municipio,72051,36030.0,30.86,16.13,18004.0,18.27,19.87,18.22,15.01,10.31,97.01,0.0,2.35,0.7,4.19,10.47,53.0
2021,Fajardo Municipio,72053,32336.0,42.71,25.64,13423.0,17.47,18.57,22.63,23.18,14.32,99.73,0.0,10.08,0.07,3.73,14.76,140.0
2021,Florida Municipio,72054,11725.0,49.12,19.74,9963.0,23.12,19.2,20.45,21.05,15.89,99.05,0.0,3.68,0.0,5.43,13.11,14.0
2021,Guayama Municipio,72057,37388.0,50.6,7.51,11032.0,21.89,18.8,19.24,21.95,13.16,99.7,0.0,6.83,0.34,2.47,15.71,2579.0
2021,Guayanilla Municipio,72059,18047.0,53.25,23.88,9273.0,23.95,19.29,22.21,14.25,15.81,99.77,0.0,1.44,0.22,5.08,15.34,79.0
2021,Guaynabo Municipio,72061,90014.0,25.06,9.02,25140.0,14.45,15.52,23.4,23.1,8.96,98.76,0.0,15.26,0.08,2.22,11.1,648.0
2021,Gurabo Municipio,72063,41237.0,30.53,15.0,21634.0,18.73,18.85,16.75,23.03,13.35,98.53,0.0,1.65,0.0,4.24,10.16,313.0
2021,Guánica Municipio,72055,14297.0,66.81,34.08,7489.0,31.0,19.05,25.3,37.03,12.45,99.33,0.0,4.29,0.15,4.3,11.07,88.0
2021,Hatillo Municipio,72065,38739.0,42.58,6.84,12738.0,24.09,17.24,21.37,14.67,8.62,99.77,0.0,3.51,0.25,2.58,8.85,105.0
2021,Hormigueros Municipio,72067,15726.0,42.84,19.59,13178.0,21.66,15.47,28.97,26.06,12.07,99.34,0.0,3.14,0.0,4.11,15.82,153.0
2021,Humacao Municipio,72069,51398.0,39.2,9.16,14352.0,21.39,17.54,23.35,9.15,11.63,99.36,0.0,11.93,0.18,4.84,13.21,342.0
2021,Isabela Municipio,72071,42985.0,50.52,8.78,10745.0,26.53,17.37,20.95,22.68,11.01,99.3,0.0,3.55,0.4,1.93,12.87,334.0
2021,Jayuya Municipio,72073,14877.0,56.93,18.78,7859.0,21.92,20.76,18.87,24.56,16.45,98.77,0.0,2.44,0.52,4.28,15.79,37.0
2021,Juana Díaz Municipio,72075,46704.0,45.08,20.69,10721.0,23.0,20.2,18.89,24.31,13.1,99.82,0.0,1.87,0.1,3.19,13.55,582.0
2021,Juncos Municipio,72077,37290.0,39.96,16.37,12112.0,24.65,19.85,17.09,23.21,17.99,99.77,0.0,5.12,0.72,3.13,9.74,211.0
2021,Lajas Municipio,72079,23407.0,59.77,21.53,8538.0,33.83,16.85,25.56,24.01,7.6,98.71,0.0,3.41,2.38,3.66,15.51,41.0
2021,Lares Municipio,72081,28092.0,56.09,11.83,9079.0,33.68,17.83,22.02,19.15,9.44,99.63,0.0,2.46,0.34,3.18,14.14,258.0
2021,Las Marías Municipio,72083,8896.0,49.41,6.84,8026.0,39.08,19.5,23.38,11.41,7.31,99.67,0.0,2.15,0.1,9.5,14.43,105.0
2021,Las Piedras Municipio,72085,35495.0,37.19,12.48,12824.0,20.33,18.64,19.5,11.93,12.65,99.97,0.0,3.11,0.15,4.41,9.5,57.0
2021,Loíza Municipio,72087,24216.0,47.17,25.33,10440.0,24.95,19.47,19.97,19.62,16.92,99.92,0.0,11.1,0.2,6.11,20.96,87.0
2021,Luquillo Municipio,72089,17917.0,43.95,24.6,12277.0,23.13,17.97,23.01,25.02,11.33,99.31,0.0,11.74,0.0,5.75,12.6,34.0
2021,Manatí Municipio,72091,39693.0,46.67,19.17,11824.0,25.16,18.56,23.0,20.42,12.84,98.49,0.0,8.2,0.28,6.98,18.54,241.0
2021,Maricao Municipio,72093,5389.0,52.42,2.57,8789.0,45.31,18.19,24.96,7.57,10.54,99.24,0.0,3.48,0.0,15.1,13.08,13.0
2021,Maunabo Municipio,72095,10700.0,46.1,27.18,10077.0,28.47,17.76,25.19,12.28,13.62,99.61,0.0,2.64,0.0,11.67,16.73,5.0
2021,Mayagüez Municipio,72097,74146.0,53.56,25.02,12156.0,28.09,16.52,24.77,23.54,11.96,99.41,0.0,18.76,0.04,2.8,21.36,1110.0
2021,Moca Municipio,72099,37532.0,49.93,24.64,12184.0,30.45,18.93,18.97,20.33,15.48,99.72,0.0,2.5,0.41,3.76,10.57,175.0
2021,Morovis Municipio,72101,29069.0,46.82,15.99,10788.0,26.95,19.59,17.59,23.42,18.26,99.7,0.0,3.24,0.0,3.13,13.27,74.0
2021,Naguabo Municipio,72103,23722.0,50.4,15.04,9609.0,24.25,20.68,19.37,7.42,14.78,99.34,0.0,5.93,0.0,6.46,10.8,48.0
2021,Naranjito Municipio,72105,29200.0,45.41,16.94,10818.0,29.57,18.83,21.14,28.34,10.8,100.0,0.0,0.37,0.0,5.34,16.96,76.0
2021,Orocovis Municipio,72107,21510.0,55.84,24.26,8911.0,31.0,20.01,18.86,22.1,14.75,99.45,0.0,0.28,0.0,6.88,16.3,169.0
2021,Patillas Municipio,72109,16231.0,49.86,15.24,10695.0,23.95,17.47,24.02,12.08,9.63,100.0,0.0,2.06,0.55,6.9,17.65,0.0
2021,Peñuelas Municipio,72111,20625.0,53.77,14.78,10237.0,27.08,21.24,18.42,15.67,13.6,99.57,0.0,0.59,0.15,4.53,12.95,4.0
2021,Ponce Municipio,72113,139245.0,50.62,12.8,12323.0,22.07,18.8,22.88,22.21,13.9,99.63,0.0,12.19,0.22,3.2,18.07,3715.0
2021,Quebradillas Municipio,72115,23743.0,45.43,5.28,10502.0,26.55,18.23,21.7,17.69,13.67,98.7,0.0,6.21,0.26,3.57,14.2,27.0
2021,Rincón Municipio,72117,15097.0,40.88,8.18,14491.0,28.49,15.68,26.81,27.46,11.15,93.5,0.0,12.77,0.39,4.45,12.48,25.0
2021,Río Grande Municipio,72119,47630.0,37.63,21.24,12836.0,22.78,17.64,21.04,23.92,11.45,99.6,0.0,8.6,0.34,4.71,12.7,674.0
2021,Sabana Grande Municipio,72121,22860.0,44.77,18.47,10154.0,25.92,18.35,24.4,34.03,7.78,99.31,0.0,3.42,0.22,3.86,11.55,188.0
2021,Salinas Municipio,72123,26208.0,50.5,4.87,10502.0,24.25,20.17,20.86,25.25,16.73,99.87,0.0,4.03,0.37,4.86,14.85,99.0
2021,San Germán Municipio,72125,32031.0,49.95,7.34,10625.0,29.89,17.63,25.83,11.45,8.5,99.02,0.0,4.67,0.05,4.32,17.12,559.0
2021,San Juan Municipio,72127,344791.0,39.71,16.58,20286.0,16.51,16.87,23.46,19.83,12.72,98.66,0.0,24.15,0.14,2.22,23.26,7577.0
2021,San Lorenzo Municipio,72129,37822.0,45.47,8.79,10965.0,28.41,17.79,20.36,14.7,11.0,99.97,0.0,1.72,0.0,4.39,16.82,94.0
2021,San Sebastián Municipio,72131,39351.0,50.65,13.13,10537.0,31.22,17.97,24.49,24.84,10.08,96.94,0.0,2.64,0.32,3.01,11.17,208.0
2021,Santa Isabel Municipio,72133,20530.0,46.31,8.39,12308.0,17.56,20.38,17.59,28.46,16.55,100.0,0.0,1.97,0.42,4.06,12.08,5.0
2021,Toa Alta Municipio,72135,67602.0,32.39,10.1,15038.0,16.99,19.07,15.33,14.17,13.29,99.16,0.0,2.83,0.45,3.11,6.95,332.0
2021,Toa Baja Municipio,72137,76248.0,35.64,13.41,14621.0,18.53,18.11,20.38,23.63,12.06,99.19,0.0,5.1,0.58,4.06,8.6,428.0
2021,Trujillo Alto Municipio,72139,68001.0,28.25,5.54,17543.0,15.01,18.09,20.22,19.76,11.27,99.4,0.0,12.25,0.27,4.1,9.76,795.0
2021,Utuado Municipio,72141,28585.0,54.6,31.87,9462.0,27.48,18.22,23.53,20.09,11.31,99.13,0.0,2.62,0.42,2.71,17.64,92.0
2021,Vega Alta Municipio,72143,35728.0,44.96,21.22,14645.0,25.46,19.71,19.56,24.61,13.46,99.62,0.0,7.08,0.65,6.21,14.09,444.0
2021,Vega Baja Municipio,72145,54544.0,43.36,17.6,12361.0,24.43,18.22,21.41,20.31,13.03,98.0,0.0,4.13,0.59,4.93,13.15,318.0
2021,Vieques Municipio,72147,8317.0,53.2,15.2,8834.0,30.69,18.72,25.53,12.58,10.03,93.88,0.0,2.4,0.28,16.26,15.21,0.0
2021,Villalba Municipio,72149,22341.0,44.49,18.64,12179.0,22.87,20.28,19.74,22.95,16.92,99.77,0.0,3.99,0.28,5.93,12.3,109.0
2021,Yabucoa Municipio,72151,31047.0,52.62,15.22,10507.0,27.85,17.76,22.62,12.5,12.95,99.91,0.0,1.53,0.06,5.17,15.22,91.0
2021,Yauco Municipio,72153,34704.0,46.44,17.37,10231.0,23.03,17.72,23.69,31.46,8.83,99.56,0.0,4.28,0.08,2.41,12.05,213.0
2022,Adjuntas Municipio,72001,17972.0,63.38,21.86,8705.0,32.16,18.23,21.78,14.9,10.32,99.6,17.76,4.49,0.0,2.76,11.55,70.0
2022,Aguada Municipio,72003,37998.0,47.2,7.59,11364.0,33.42,16.21,21.67,27.95,10.87,95.67,26.26,2.11,0.08,2.18,12.01,141.0
2022,Aguadilla Municipio,72005,54752.0,48.68,15.48,12887.0,24.29,17.37,23.16,24.36,13.88,98.72,33.75,10.79,0.12,2.06,16.29,962.0
2022,Aguas Buenas Municipio,72007,24136.0,42.91,5.19,14065.0,26.66,17.26,21.88,29.44,15.82,99.68,17.04,2.04,0.35,3.69,13.27,174.0
2022,Aibonito Municipio,72009,24555.0,42.47,6.44,13395.0,20.61,17.04,23.41,31.46,12.35,99.84,31.84,4.41,0.0,2.59,13.23,43.0
2022,Arecibo Municipio,72013,87217.0,44.95,17.57,12995.0,20.59,16.88,23.04,19.87,13.77,99.59,24.86,5.39,0.17,2.12,13.05,1517.0
2022,Arroyo Municipio,72015,15797.0,57.7,11.16,12921.0,22.64,19.36,21.88,21.95,19.12,99.66,19.5,2.93,0.42,4.5,10.33,30.0
2022,Añasco Municipio,72011,25497.0,46.6,8.41,12593.0,28.47,16.34,22.45,25.21,11.16,97.02,23.43,2.53,0.4,1.68,10.56,155.0
2022,Barceloneta Municipio,72017,22604.0,46.64,15.78,13368.0,22.79,17.81,21.02,17.26,16.4,99.69,24.19,3.91,0.5,1.24,8.6,21.0
2022,Barranquitas Municipio,72019,28899.0,49.95,15.54,11396.0,22.24,20.53,18.2,17.95,15.96,99.91,23.2,2.69,0.51,4.34,9.85,245.0
2022,Bayamón Municipio,72021,184326.0,34.81,9.86,16905.0,16.64,16.38,23.21,23.61,12.3,99.41,33.9,10.92,0.2,1.44,12.5,5604.0
2022,Cabo Rojo Municipio,72023,46983.0,42.15,14.59,14453.0,24.34,16.24,24.25,19.41,9.34,99.47,25.15,7.09,3.38,3.35,10.89,167.0
2022,Caguas Municipio,72025,126772.0,37.03,9.6,19240.0,15.55,17.1,21.59,24.75,12.57,98.61,26.97,9.89,0.12,2.03,12.95,1187.0
2022,Camuy Municipio,72027,32733.0,41.68,5.37,13429.0,28.62,16.82,22.04,22.48,8.25,99.36,17.53,1.8,0.09,1.7,10.71,155.0
2022,Canóvanas Municipio,72029,42218.0,36.37,17.67,17181.0,20.69,18.56,18.62,20.33,14.65,99.91,26.17,3.97,0.1,6.99,9.69,68.0
2022,Carolina Municipio,72031,154126.0,30.95,13.33,19220.0,12.37,16.53,23.65,19.26,13.28,99.25,33.02,13.57,0.25,3.2,10.8,650.0
2022,Cataño Municipio,72033,23060.0,45.61,13.75,14094.0,22.83,18.0,22.82,18.72,16.76,99.16,30.15,10.62,0.29,3.75,23.23,6.0
2022,Cayey Municipio,72035,41509.0,39.76,6.72,16510.0,21.87,16.64,22.64,32.25,14.79,99.93,19.03,4.91,0.05,1.45,16.27,135.0
2022,Ceiba Municipio,72037,11256.0,41.77,11.22,14198.0,22.41,16.1,25.87,10.75,12.46,98.92,30.72,12.78,0.0,4.81,12.69,34.0
2022,Ciales Municipio,72039,16924.0,55.73,17.65,9386.0,33.17,18.0,23.05,24.14,14.03,99.4,20.16,2.92,0.49,4.33,13.4,7.0
2022,Cidra Municipio,72041,39831.0,39.03,6.28,14451.0,21.03,18.14,19.79,34.87,11.71,99.8,20.82,1.63,0.0,2.41,11.53,176.0
2022,Coamo Municipio,72043,34557.0,49.85,7.45,12371.0,18.07,17.86,20.0,31.42,12.08,99.7,34.43,5.17,0.14,2.59,12.54,138.0
2022,Comerío Municipio,72045,18817.0,53.28,12.67,9825.0,28.89,18.09,20.59,26.93,12.77,99.87,15.02,2.39,0.18,3.78,19.06,25.0
2022,Corozal Municipio,72047,34459.0,46.11,15.24,11254.0,25.29,19.1,19.95,24.16,11.98,99.74,23.26,0.89,0.71,4.48,13.18,284.0
2022,Culebra Municipio,72049,1186.0,23.52,3.2,17226.0,31.65,17.37,32.12,8.18,9.62,96.37,20.81,8.32,0.95,36.91,24.16,0.0
2022,Dorado Municipio,72051,35786.0,30.61,14.2,21280.0,17.7,19.03,19.06,15.56,10.68,97.47,36.64,2.8,0.55,4.17,11.05,80.0
2022,Fajardo Municipio,72053,31984.0,42.61,22.58,15367.0,16.38,17.84,23.27,21.13,15.44,99.6,31.99,10.48,0.11,3.37,13.45,162.0
2022,Florida Municipio,72054,11641.0,47.36,22.72,11174.0,23.94,18.31,21.42,20.65,17.19,99.56,27.32,4.26,0.0,3.18,12.91,28.0
2022,Guayama Municipio,72057,36365.0,48.03,6.85,12626.0,22.0,17.98,20.01,22.42,13.47,99.72,22.82,6.46,0.6,2.63,14.4,2532.0
2022,Guayanilla Municipio,72059,17670.0,53.41,20.59,10149.0,22.49,18.47,23.04,14.39,15.66,99.79,17.75,1.76,0.08,5.14,13.72,77.0
2022,Guaynabo Municipio,72061,89554.0,25.11,8.25,28637.0,13.83,14.88,24.3,22.02,9.69,98.9,46.56,15.66,0.14,2.17,10.25,680.0
2022,Gurabo Municipio,72063,40517.0,31.94,14.73,25112.0,16.71,17.99,17.28,24.33,12.55,98.17,29.61,1.67,0.0,3.13,10.15,327.0
2022,Guánica Municipio,72055,13682.0,66.32,31.31,8318.0,30.56,18.26,26.28,34.04,12.69,99.79,18.42,4.35,0.15,4.62,10.0,87.0
2022,Hatillo Municipio,72065,38330.0,39.33,6.01,14528.0,22.62,16.37,22.48,21.33,8.24,99.73,22.15,4.33,0.56,2.64,7.49,157.0
2022,Hormigueros Municipio,72067,15571.0,41.14,16.54,14338.0,20.82,14.67,30.06,28.28,10.43,99.23,25.02,3.78,0.0,4.43,13.0,153.0
2022,Humacao Municipio,72069,50729.0,37.12,7.29,15510.0,20.29,16.81,24.46,9.3,10.17,99.56,22.42,11.81,0.07,4.22,14.61,403.0
2022,Isabela Municipio,72071,42817.0,48.22,7.01,12242.0,24.14,16.63,21.64,26.29,9.61,99.15,20.88,4.38,0.12,1.64,12.32,399.0
2022,Jayuya Municipio,72073,14726.0,54.73,19.82,8747.0,21.98,19.97,19.72,24.2,17.47,98.3,19.15,3.62,0.55,5.02,14.18,39.0
2022,Juana Díaz Municipio,72075,46333.0,44.32,18.51,11915.0,24.29,19.34,19.75,24.81,14.37,99.83,29.79,1.94,0.19,3.83,13.57,509.0
2022,Juncos Municipio,72077,36928.0,38.06,14.58,13924.0,20.98,19.06,17.74,25.56,17.62,99.79,27.34,5.4,0.84,3.52,8.84,191.0
2022,Lajas Municipio,72079,23202.0,56.06,19.85,10169.0,28.99,16.12,26.57,26.86,10.39,98.65,19.81,3.41,1.77,3.57,13.93,52.0
2022,Lares Municipio,72081,27990.0,55.97,11.04,10348.0,33.61,17.05,22.78,21.34,9.76,99.64,16.57,2.12,0.21,3.27,13.26,323.0
2022,Las Marías Municipio,72083,8826.0,52.81,8.11,8514.0,37.1,18.94,23.93,10.66,9.44,100.0,14.81,2.9,0.1,10.03,12.53,89.0
2022,Las Piedras Municipio,72085,35099.0,39.12,10.95,13909.0,20.18,17.8,20.69,13.49,12.32,99.97,30.53,3.18,0.17,3.84,10.03,88.0
2022,Loíza Municipio,72087,23580.0,45.35,21.73,11835.0,23.59,18.42,21.26,20.63,17.24,99.9,15.09,11.18,0.2,5.87,19.41,83.0
2022,Luquillo Municipio,72089,17716.0,45.31,22.38,13578.0,21.36,17.07,24.01,24.42,11.26,99.6,29.62,12.18,0.0,6.0,14.9,47.0
2022,Manatí Municipio,72091,39310.0,45.49,17.37,13136.0,24.77,17.73,23.99,21.11,13.45,98.62,25.89,8.19,0.13,5.96,17.96,318.0
2022,Maricao Municipio,72093,5354.0,52.02,1.96,9522.0,44.62,16.98,26.84,8.22,11.78,99.29,7.89,2.83,0.0,14.25,11.93,13.0
2022,Maunabo Municipio,72095,10563.0,49.91,23.74,10593.0,26.88,16.94,26.35,15.33,16.34,99.64,16.18,3.29,0.0,12.23,14.97,8.0
2022,Mayagüez Municipio,72097,72721.0,53.51,23.89,13487.0,25.86,15.99,25.56,23.21,12.27,99.38,26.17,19.56,0.03,2.53,19.83,1330.0
2022,Moca Municipio,72099,37363.0,46.66,21.35,14052.0,28.84,18.11,19.82,21.14,15.47,99.64,25.61,1.93,0.0,3.69,9.07,228.0
2022,Morovis Municipio,72101,28659.0,47.5,15.86,12329.0,24.69,18.67,18.47,21.28,16.49,99.69,22.36,2.83,0.22,3.54,14.1,76.0
2022,Naguabo Municipio,72103,23340.0,47.94,10.04,10940.0,23.63,19.9,20.06,7.84,15.91,99.44,23.56,6.66,0.0,5.72,10.35,72.0
2022,Naranjito Municipio,72105,29153.0,48.78,17.47,11370.0,29.17,18.13,22.06,27.04,12.96,100.0,15.85,0.56,0.25,6.29,15.99,79.0
2022,Orocovis Municipio,72107,21378.0,55.87,19.62,9952.0,29.33,19.33,19.42,20.81,16.17,99.48,17.64,0.89,0.09,6.95,15.77,180.0
2022,Patillas Municipio,72109,15927.0,48.49,13.02,11832.0,21.86,16.48,25.37,12.77,10.8,100.0,21.58,1.46,0.34,5.89,15.4,14.0
2022,Peñuelas Municipio,72111,20298.0,52.13,12.05,11405.0,28.25,20.4,19.3,16.72,12.16,99.6,23.79,0.58,0.17,4.77,11.64,6.0
2022,Ponce Municipio,72113,136542.0,50.43,12.75,13507.0,21.26,18.17,23.9,23.03,13.69,99.58,26.1,12.66,0.29,3.03,16.82,3860.0
2022,Quebradillas Municipio,72115,23540.0,46.1,5.65,11617.0,26.13,17.59,22.39,24.42,12.65,98.9,18.4,7.26,0.38,4.13,12.07,175.0
2022,Rincón Municipio,72117,15164.0,41.28,6.16,15789.0,28.57,14.95,27.6,30.26,9.72,94.74,39.55,12.46,0.37,5.23,9.53,28.0
2022,Río Grande Municipio,72119,46838.0,36.24,17.59,14161.0,20.59,16.82,21.81,22.8,10.78,99.57,25.37,8.0,0.43,4.62,12.1,669.0
2022,Sabana Grande Municipio,72121,22639.0,46.01,11.47,11255.0,22.74,17.7,25.14,30.85,8.66,99.32,16.78,3.28,0.4,3.65,10.35,178.0
2022,Salinas Municipio,72123,25688.0,50.52,6.01,11477.0,23.36,19.18,21.89,28.08,15.41,99.87,32.77,3.81,0.51,5.67,14.53,137.0
2022,San Germán Municipio,72125,31680.0,49.82,6.51,11808.0,27.69,17.29,26.96,10.5,9.1,99.15,18.3,4.97,0.06,4.07,17.02,414.0
2022,San Juan Municipio,72127,340903.0,39.5,15.66,22553.0,15.51,16.28,24.17,20.41,12.44,98.58,32.52,24.2,0.16,2.15,22.63,7488.0
2022,San Lorenzo Municipio,72129,37552.0,45.27,8.31,12220.0,27.99,17.02,21.22,14.06,12.33,99.99,24.88,2.04,0.1,5.35,16.9,101.0
2022,San Sebastián Municipio,72131,39183.0,52.44,14.89,11370.0,30.69,17.27,25.31,27.1,10.6,96.88,23.83,2.47,0.3,3.2,11.73,277.0
2022,Santa Isabel Municipio,72133,20207.0,46.43,8.56,13541.0,18.29,19.38,18.18,30.1,14.84,99.86,37.5,3.08,0.23,3.93,11.2,15.0
2022,Toa Alta Municipio,72135,66699.0,32.29,8.63,16887.0,15.52,18.05,16.31,15.06,13.98,99.42,37.61,2.99,0.2,3.58,6.37,360.0
2022,Toa Baja Municipio,72137,74854.0,35.45,11.31,16260.0,17.05,17.32,21.31,26.5,12.8,99.23,32.61,4.93,0.56,3.83,9.07,482.0
2022,Trujillo Alto Municipio,72139,67497.0,29.25,6.5,19492.0,14.27,17.24,21.04,21.16,11.52,99.5,33.32,12.22,0.24,3.69,10.44,817.0
2022,Utuado Municipio,72141,28155.0,53.7,30.54,10708.0,27.69,17.5,24.49,22.64,11.72,98.61,16.03,2.79,0.29,3.35,15.99,144.0
2022,Vega Alta Municipio,72143,35279.0,42.28,21.57,16582.0,24.26,18.93,20.34,26.47,13.52,99.58,38.25,7.53,0.46,6.07,13.49,381.0
2022,Vega Baja Municipio,72145,54182.0,43.21,16.34,14818.0,23.8,17.46,22.2,21.72,12.66,98.21,29.26,4.18,0.67,6.21,13.06,307.0
2022,Vieques Municipio,72147,8199.0,54.07,13.14,9193.0,31.36,17.98,26.36,12.45,11.08,96.18,15.07,2.7,0.26,14.88,14.42,0.0
2022,Villalba Municipio,72149,21984.0,42.74,13.93,12133.0,22.5,19.46,20.68,22.36,14.39,99.71,23.12,3.22,0.26,6.43,12.31,142.0
2022,Yabucoa Municipio,72151,30313.0,49.75,11.11,11720.0,26.21,16.82,23.88,12.02,13.13,99.83,22.99,2.22,0.06,5.56,14.53,114.0
2022,Yauco Municipio,72153,33988.0,43.67,13.47,11934.0,21.84,16.97,24.6,30.25,8.85,99.54,22.35,4.8,0.12,2.33,11.32,259.0
2023,Adjuntas Municipio,72001,17975.0,61.95,21.39,9457.0,30.7,17.63,22.49,17.26,10.54,99.72,16.73,4.43,0.0,2.28,12.33,70.0
2023,Aguada Municipio,72003,37904.0,46.47,6.05,12509.0,30.37,15.61,22.51,28.47,9.8,96.81,26.52,2.39,0.09,2.06,10.89,162.0
2023,Aguadilla Municipio,72005,54486.0,47.92,15.99,13785.0,22.51,16.85,23.75,25.91,13.72,99.06,34.09,11.08,0.05,1.93,15.69,867.0
2023,Aguas Buenas Municipio,72007,23888.0,43.63,4.46,14407.0,24.66,16.54,22.62,29.95,13.19,99.94,16.7,2.55,0.0,3.65,12.6,149.0
2023,Aibonito Municipio,72009,24610.0,44.64,6.38,13689.0,21.7,16.41,24.31,35.03,10.56,99.86,31.96,5.26,0.0,1.73,14.39,48.0
2023,Arecibo Municipio,72013,86875.0,42.9,16.44,14219.0,19.09,16.39,23.54,20.42,13.44,99.57,26.47,5.24,0.38,1.71,13.15,1793.0
2023,Arroyo Municipio,72015,15573.0,54.44,8.84,13707.0,21.64,18.69,22.53,23.87,19.77,99.63,20.63,2.4,0.17,4.18,11.93,38.0
2023,Añasco Municipio,72011,25316.0,44.92,6.43,13873.0,27.58,15.72,23.06,26.73,10.25,98.17,24.72,2.49,0.6,1.97,9.75,166.0
2023,Barceloneta Municipio,72017,22565.0,45.41,14.7,14312.0,22.52,17.14,21.45,20.19,16.05,99.77,25.04,4.41,0.5,1.74,9.5,35.0
2023,Barranquitas Municipio,72019,28984.0,49.55,15.14,12989.0,21.89,19.96,18.89,17.9,17.45,99.91,20.28,3.2,0.0,5.18,10.08,220.0
2023,Bayamón Municipio,72021,183456.0,34.44,8.57,18125.0,15.47,15.88,23.81,22.41,12.37,99.48,36.21,11.17,0.24,1.14,12.35,5505.0
2023,Cabo Rojo Municipio,72023,46955.0,38.46,14.37,15883.0,22.91,15.62,24.67,21.28,9.16,99.5,28.07,6.57,2.84,2.73,10.54,159.0
2023,Caguas Municipio,72025,126239.0,36.65,9.06,20696.0,14.77,16.48,22.13,24.94,13.26,98.72,27.75,10.49,0.12,2.04,12.51,1129.0
2023,Camuy Municipio,72027,32753.0,38.99,3.29,14617.0,27.06,16.2,22.66,29.27,8.85,99.41,18.16,1.3,0.0,1.99,11.33,162.0
2023,Canóvanas Municipio,72029,42037.0,33.87,15.3,18153.0,20.4,17.91,19.14,19.69,14.79,99.95,26.89,4.31,0.0,6.43,10.01,64.0
2023,Carolina Municipio,72031,153226.0,29.31,11.73,20747.0,11.97,16.0,24.22,19.32,12.78,99.21,33.81,13.9,0.16,3.31,9.99,560.0
2023,Cataño Municipio,72033,22768.0,44.22,12.17,15583.0,22.15,17.34,23.79,17.93,16.05,99.14,32.23,13.24,0.27,3.26,22.09,6.0
2023,Cayey Municipio,72035,41231.0,37.9,5.86,18126.0,20.7,16.02,23.37,32.15,16.37,99.95,19.64,5.47,0.05,1.52,15.8,135.0
2023,Ceiba Municipio,72037,11128.0,41.61,10.32,14428.0,22.03,15.39,26.58,11.59,11.88,98.73,28.63,12.31,0.0,5.32,11.05,44.0
2023,Ciales Municipio,72039,16874.0,58.24,14.81,9927.0,30.31,17.35,24.07,24.14,14.54,99.57,19.45,3.12,0.52,5.33,12.59,8.0
2023,Cidra Municipio,72041,39765.0,36.25,5.36,15571.0,19.85,17.55,20.5,36.14,13.02,99.9,20.16,1.48,0.0,2.36,10.39,194.0
2023,Coamo Municipio,72043,34294.0,51.96,7.04,12686.0,18.52,17.11,20.75,32.09,12.34,99.81,34.22,5.44,0.16,2.68,12.52,154.0
2023,Comerío Municipio,72045,18775.0,53.01,15.07,10954.0,28.01,17.48,21.28,26.43,15.45,100.0,15.43,2.68,0.16,3.83,17.21,42.0
2023,Corozal Municipio,72047,34474.0,44.15,8.32,12491.0,22.82,18.53,20.59,22.04,11.66,99.75,20.79,1.23,0.52,4.53,11.76,288.0
2023,Culebra Municipio,72049,1281.0,20.84,3.28,18319.0,28.64,15.93,27.79,8.35,8.18,94.54,19.86,7.87,1.04,36.45,20.09,0.0
2023,Dorado Municipio,72051,35816.0,29.22,11.4,22517.0,15.17,18.37,19.52,15.56,10.7,97.39,37.76,2.8,0.2,3.54,10.75,104.0
2023,Fajardo Municipio,72053,31756.0,41.48,18.29,16001.0,15.79,17.26,23.73,21.72,15.99,99.33,33.34,10.09,0.06,3.6,12.77,176.0
2023,Florida Municipio,72054,11624.0,50.6,20.48,11186.0,26.03,17.71,22.03,22.31,16.99,99.72,26.69,5.03,0.42,3.7,11.36,40.0
2023,Guayama Municipio,72057,35845.0,48.59,6.97,12927.0,20.97,17.32,20.62,23.1,14.44,99.94,24.49,6.36,0.54,2.97,15.26,2193.0
2023,Guayanilla Municipio,72059,17418.0,50.18,20.07,11462.0,21.34,17.79,23.75,15.29,16.07,99.81,19.68,1.36,0.08,4.15,14.02,74.0
2023,Guaynabo Municipio,72061,89503.0,24.3,7.52,31718.0,13.1,14.35,25.07,21.35,9.3,98.52,46.8,15.42,0.22,1.82,9.97,1788.0
2023,Gurabo Municipio,72063,40383.0,32.0,13.01,25058.0,16.13,17.29,17.71,23.37,11.88,98.41,29.82,2.35,0.0,2.79,9.01,327.0
2023,Guánica Municipio,72055,13266.0,64.75,26.7,9705.0,30.81,17.63,27.1,32.59,15.31,99.86,20.94,5.28,0.17,4.93,11.8,75.0
2023,Hatillo Municipio,72065,38266.0,36.36,7.4,15314.0,21.95,15.7,23.12,25.08,8.59,99.63,22.51,4.11,0.55,2.87,7.2,191.0
2023,Hormigueros Municipio,72067,15520.0,40.05,13.51,15222.0,19.96,14.09,30.67,29.48,8.85,99.02,27.18,3.42,0.0,5.08,11.63,144.0
2023,Humacao Municipio,72069,50441.0,38.53,5.62,16423.0,19.36,16.25,25.29,8.93,10.95,99.58,22.79,10.91,0.0,3.83,14.41,401.0
2023,Isabela Municipio,72071,42878.0,46.67,8.11,12925.0,23.83,16.06,22.14,25.47,9.12,99.16,22.33,4.53,0.12,1.58,12.2,399.0
2023,Jayuya Municipio,72073,14653.0,54.92,17.85,9779.0,22.3,19.31,20.42,26.09,18.27,98.34,19.28,3.23,0.72,5.43,16.18,47.0
2023,Juana Díaz Municipio,72075,46276.0,42.86,17.42,12698.0,23.49,18.63,20.38,26.21,12.09,99.82,31.53,1.78,0.19,4.25,14.36,487.0
2023,Juncos Municipio,72077,36895.0,34.0,9.32,15368.0,21.21,18.39,18.18,28.5,15.8,99.93,25.83,5.74,1.03,2.36,11.36,174.0
2023,Lajas Municipio,72079,23133.0,52.97,20.34,10924.0,28.43,15.58,27.28,29.13,11.0,98.54,20.48,3.33,1.42,3.3,13.82,62.0
2023,Lares Municipio,72081,27944.0,54.87,13.08,10871.0,31.58,16.45,23.4,24.28,11.69,99.66,18.67,1.97,0.21,4.08,12.67,350.0
2023,Las Marías Municipio,72083,8790.0,53.97,7.1,9744.0,33.8,18.41,24.7,9.72,11.09,99.97,13.04,3.71,0.1,9.32,12.47,73.0
2023,Las Piedras Municipio,72085,35034.0,37.55,7.87,15683.0,17.6,17.15,21.34,12.99,12.57,99.97,31.05,3.0,0.15,3.99,9.57,124.0
2023,Loíza Municipio,72087,23176.0,44.81,18.52,12788.0,23.43,17.59,22.43,21.24,17.24,99.9,14.58,11.11,0.24,6.05,19.62,87.0
2023,Luquillo Municipio,72089,17631.0,43.8,22.5,14463.0,20.59,16.41,24.73,26.0,10.18,99.19,29.04,10.77,0.0,5.77,15.02,52.0
2023,Manatí Municipio,72091,39152.0,45.94,17.02,14330.0,25.11,17.1,24.7,20.8,13.29,98.81,26.25,8.91,0.12,4.66,17.77,355.0
2023,Maricao Municipio,72093,5176.0,52.65,0.0,10659.0,43.6,16.63,29.13,7.61,8.73,99.09,6.8,3.3,0.0,11.66,11.06,11.0
2023,Maunabo Municipio,72095,10482.0,52.85,16.82,10951.0,28.9,16.29,27.2,16.03,17.84,99.64,16.36,4.3,0.0,10.74,15.76,12.0
2023,Mayagüez Municipio,72097,71824.0,53.02,22.7,14394.0,24.17,15.7,26.18,22.97,11.23,99.34,25.85,20.07,0.03,2.51,18.5,1470.0
2023,Moca Municipio,72099,37402.0,46.0,19.16,14506.0,28.05,17.46,20.47,21.7,15.48,99.68,27.0,2.02,0.0,3.58,8.75,240.0
2023,Morovis Municipio,72101,28534.0,48.69,13.12,12646.0,23.96,17.91,19.2,21.38,17.06,99.9,21.02,2.18,0.29,2.81,12.7,78.0
2023,Naguabo Municipio,72103,23205.0,48.0,9.23,12016.0,20.87,19.29,20.47,8.19,16.82,99.52,19.11,7.26,0.0,6.38,10.47,89.0
2023,Naranjito Municipio,72105,29246.0,50.55,15.88,11970.0,27.84,17.54,22.87,24.21,13.23,100.0,16.6,1.62,0.18,5.94,14.58,80.0
2023,Orocovis Municipio,72107,21351.0,52.53,13.99,10068.0,28.82,18.74,20.13,19.81,13.35,99.44,15.97,1.13,0.07,6.27,14.55,172.0
2023,Patillas Municipio,72109,15753.0,47.77,10.16,12412.0,20.49,15.8,26.33,14.0,9.73,100.0,21.26,1.48,0.33,5.9,13.31,26.0
2023,Peñuelas Municipio,72111,20082.0,51.0,9.34,12235.0,26.89,19.72,20.06,15.77,14.05,99.58,22.49,0.5,0.19,4.55,10.63,13.0
2023,Ponce Municipio,72113,134676.0,50.94,14.07,14020.0,19.85,17.65,24.67,24.29,13.94,99.58,29.05,12.78,0.32,3.22,16.49,3894.0
2023,Quebradillas Municipio,72115,23486.0,45.05,8.06,12345.0,25.73,16.98,22.95,27.7,10.95,98.82,16.97,7.43,0.4,4.53,10.63,297.0
2023,Rincón Municipio,72117,15276.0,44.58,6.18,15831.0,27.41,14.35,28.38,33.61,11.07,96.17,37.76,11.5,0.46,5.25,11.48,29.0
2023,Río Grande Municipio,72119,46478.0,37.01,16.5,15109.0,20.82,16.19,22.4,23.23,11.73,99.58,24.49,7.73,0.25,4.17,11.67,600.0
2023,Sabana Grande Municipio,72121,22541.0,44.51,13.54,14001.0,19.62,17.11,25.8,31.06,9.09,99.36,16.44,2.6,0.16,4.05,11.17,154.0
2023,Salinas Municipio,72123,25397.0,48.03,7.0,12533.0,22.26,18.55,22.59,30.85,15.0,99.83,33.69,3.48,0.55,4.83,13.49,163.0
2023,San Germán Municipio,72125,31514.0,51.92,6.6,12371.0,26.14,16.84,27.64,11.02,10.4,99.18,18.54,5.3,0.16,4.6,17.02,352.0
2023,San Juan Municipio,72127,338661.0,39.48,14.45,24332.0,14.57,15.79,24.85,20.75,12.02,98.59,32.99,24.05,0.15,2.14,21.57,6362.0
2023,San Lorenzo Municipio,72129,37515.0,44.61,7.31,13440.0,27.32,16.38,21.94,13.55,13.79,99.98,23.04,2.04,0.12,5.24,15.87,108.0
2023,San Sebastián Municipio,72131,39168.0,52.39,13.79,11827.0,29.0,16.74,25.97,29.88,9.93,98.03,24.15,2.9,0.11,3.03,10.06,295.0
2023,Santa Isabel Municipio,72133,20064.0,45.74,6.17,15896.0,18.5,18.55,18.54,30.17,13.86,99.72,36.76,4.03,0.25,4.24,11.72,21.0
2023,Toa Alta Municipio,72135,66536.0,33.83,8.16,18128.0,15.05,17.26,16.91,16.63,13.69,99.45,36.76,3.63,0.18,3.31,6.26,404.0
2023,Toa Baja Municipio,72137,73987.0,33.83,9.26,17390.0,16.27,16.7,21.94,28.42,13.8,99.48,30.47,5.07,0.48,2.98,9.09,501.0
2023,Trujillo Alto Municipio,72139,67329.0,28.16,7.21,21652.0,13.18,16.54,21.71,22.46,10.55,99.46,38.8,13.94,0.05,3.12,9.07,808.0
2023,Utuado Municipio,72141,27896.0,53.49,26.75,10916.0,26.08,16.89,25.33,22.1,12.24,98.73,17.09,2.21,0.65,3.82,14.51,164.0
2023,Vega Alta Municipio,72143,35114.0,41.26,19.45,17637.0,22.69,18.23,20.98,24.71,14.15,99.73,33.48,8.29,0.19,5.54,12.64,293.0
2023,Vega Baja Municipio,72145,54058.0,42.28,13.42,15647.0,23.03,16.8,22.87,21.45,13.94,98.56,29.97,4.59,0.49,5.65,11.83,290.0
2023,Vieques Municipio,72147,8147.0,59.53,8.56,9346.0,33.78,17.43,27.07,15.58,12.39,97.56,14.16,2.73,0.25,14.23,16.03,0.0
2023,Villalba Municipio,72149,21778.0,41.83,13.51,13451.0,22.56,18.89,21.58,21.31,14.71,99.71,23.83,2.8,0.27,6.08,12.17,138.0
2023,Yabucoa Municipio,72151,29868.0,49.72,9.67,11901.0,26.5,16.1,24.93,12.25,13.47,99.6,22.77,2.45,0.07,5.82,14.34,129.0
2023,Yauco Municipio,72153,33509.0,44.56,13.06,12939.0,21.37,16.34,25.5,29.05,8.52,99.62,22.28,4.38,0.09,2.91,11.15,275.0
2024,Adjuntas Municipio,72001,17960.0,60.89,20.26,9682.0,30.24,17.07,23.22,20.72,9.34,99.64,15.03,4.81,0.0,2.27,11.42,56.0
2024,Aguada Municipio,72003,37758.0,46.53,5.05,13065.0,29.52,14.98,23.39,28.22,8.95,98.42,28.37,2.65,0.27,2.34,12.5,220.0
2024,Aguadilla Municipio,72005,54137.0,44.84,14.78,15387.0,21.83,16.34,24.7,24.73,13.28,98.99,34.01,11.49,0.05,1.55,14.91,944.0
2024,Aguas Buenas Municipio,72007,23614.0,45.45,5.0,15546.0,22.6,15.88,23.32,28.41,13.18,99.94,16.38,2.94,0.0,2.96,13.56,148.0
2024,Aibonito Municipio,72009,24636.0,46.58,6.79,14094.0,21.86,15.7,25.3,36.06,11.05,99.73,32.97,5.71,0.0,1.73,15.8,59.0
2024,Arecibo Municipio,72013,86467.0,41.25,14.45,15244.0,18.34,15.86,24.18,20.57,12.77,99.69,27.95,5.68,0.41,1.49,12.83,1955.0
2024,Arroyo Municipio,72015,15341.0,52.14,7.31,14862.0,20.22,18.03,23.06,24.46,19.25,99.82,20.92,2.49,0.13,3.64,12.69,59.0
2024,Añasco Municipio,72011,25094.0,42.95,6.14,14759.0,25.86,15.1,23.75,24.73,11.84,98.53,26.48,3.29,0.62,1.41,9.1,177.0
2024,Barceloneta Municipio,72017,22494.0,41.95,10.88,16031.0,21.05,16.49,21.86,20.57,14.64,99.69,22.79,4.82,0.45,1.77,8.77,40.0
2024,Barranquitas Municipio,72019,29054.0,48.51,12.72,14715.0,20.1,19.36,19.69,20.2,17.63,99.78,18.33,3.4,0.0,5.49,9.23,155.0
2024,Bayamón Municipio,72021,182469.0,34.33,7.4,19277.0,14.37,15.45,24.47,22.09,12.57,99.64,38.59,10.83,0.25,1.44,11.93,4980.0
2024,Cabo Rojo Municipio,72023,46876.0,38.45,13.08,17031.0,23.48,14.99,25.05,22.93,10.32,99.52,29.03,6.54,2.21,2.75,10.17,179.0
2024,Caguas Municipio,72025,125586.0,35.73,8.15,21862.0,14.19,15.88,22.56,24.66,13.44,98.75,28.48,11.29,0.14,1.97,11.83,1028.0
2024,Camuy Municipio,72027,32734.0,37.79,3.03,15830.0,26.56,15.56,23.28,32.78,8.09,99.72,18.6,1.06,0.0,1.89,11.0,189.0
2024,Canóvanas Municipio,72029,41816.0,33.22,14.52,18596.0,19.07,17.27,19.64,18.93,13.81,99.94,26.26,5.54,0.0,6.75,9.31,65.0
2024,Carolina Municipio,72031,152204.0,27.87,10.36,22102.0,11.12,15.48,24.81,19.27,12.82,99.22,35.79,14.3,0.04,3.72,9.56,665.0
2024,Cataño Municipio,72033,22467.0,42.24,9.79,16629.0,21.15,16.71,24.77,17.17,15.43,99.4,33.22,14.92,0.26,2.99,20.71,5.0
2024,Cayey Municipio,72035,40917.0,37.31,4.97,18854.0,19.85,15.37,24.13,32.8,15.29,99.95,19.46,5.74,0.11,1.42,14.76,147.0
2024,Ceiba Municipio,72037,10995.0,40.34,9.53,16091.0,21.22,14.79,27.39,12.28,11.07,99.04,29.85,10.87,0.0,5.01,9.67,63.0
2024,Ciales Municipio,72039,16805.0,54.3,11.55,10672.0,30.19,16.69,25.15,24.64,14.41,99.87,19.88,2.84,0.32,3.34,13.44,22.0
2024,Cidra Municipio,72041,39643.0,34.72,6.27,17010.0,19.03,16.87,21.28,35.76,12.7,99.86,19.21,2.18,0.0,2.78,9.37,206.0
2024,Coamo Municipio,72043,33998.0,50.24,7.06,14023.0,17.68,16.38,21.59,30.39,13.84,99.95,33.91,5.4,0.03,3.22,11.01,209.0
2024,Comerío Municipio,72045,18711.0,52.81,15.26,11382.0,28.22,16.87,22.15,27.06,15.2,100.0,14.04,3.4,0.19,3.08,18.52,79.0
2024,Corozal Municipio,72047,34444.0,43.14,6.6,12915.0,22.59,17.95,21.28,22.61,12.76,99.7,20.24,2.36,0.51,5.13,11.78,272.0
2024,Culebra Municipio,72049,1387.0,25.74,0.0,16635.0,22.78,15.28,31.65,6.56,10.11,96.61,17.18,8.12,0.97,29.39,18.89,0.0
2024,Dorado Municipio,72051,35810.0,27.46,11.03,28640.0,14.5,17.82,19.74,15.23,11.26,97.43,38.72,3.54,0.17,3.41,9.71,101.0
2024,Fajardo Municipio,72053,31489.0,40.35,15.06,15319.0,14.61,16.69,24.21,20.87,14.86,99.16,33.27,10.89,0.08,3.09,12.54,238.0
2024,Florida Municipio,72054,11532.0,48.99,18.17,12320.0,23.47,17.17,22.44,20.24,13.86,99.66,25.86,4.81,0.38,3.56,12.17,41.0
2024,Guayama Municipio,72057,35298.0,49.01,4.47,13751.0,19.36,16.7,21.38,22.94,15.74,99.92,25.46,7.15,0.4,2.81,14.92,1785.0
2024,Guayanilla Municipio,72059,17141.0,46.36,17.32,13081.0,20.65,17.09,24.45,16.99,14.98,99.83,21.61,2.0,0.0,3.27,13.6,71.0
2024,Guaynabo Municipio,72061,89378.0,24.29,6.06,34713.0,13.14,13.83,26.03,20.73,8.28,98.52,46.05,14.39,0.26,1.51,9.61,1800.0
2024,Gurabo Municipio,72063,40228.0,29.05,10.41,25845.0,15.91,16.61,18.13,22.36,11.9,99.0,33.23,3.36,0.0,2.82,9.84,357.0
2024,Guánica Municipio,72055,12855.0,63.65,22.93,10594.0,28.44,17.07,27.82,27.72,15.95,99.74,19.51,5.85,0.19,4.5,10.76,55.0
2024,Hatillo Municipio,72065,38157.0,37.17,6.98,16420.0,22.69,15.03,23.73,27.36,8.85,99.74,23.38,3.79,0.58,2.82,7.42,270.0
2024,Hormigueros Municipio,72067,15441.0,36.98,10.73,16601.0,19.38,13.54,31.09,28.92,8.26,98.69,27.7,3.14,0.0,4.35,11.1,187.0
2024,Humacao Municipio,72069,50100.0,38.23,5.24,17542.0,18.32,15.62,26.34,8.75,9.5,99.38,22.87,11.59,0.0,2.78,13.58,452.0
2024,Isabela Municipio,72071,42890.0,43.59,9.43,14167.0,23.78,15.41,22.75,23.39,9.26,99.25,22.0,4.42,0.14,1.21,10.85,437.0
2024,Jayuya Municipio,72073,14566.0,46.85,14.34,11628.0,17.91,18.63,21.19,24.61,16.19,98.44,22.72,3.97,0.7,5.39,14.68,50.0
2024,Juana Díaz Municipio,72075,46156.0,44.06,16.12,13613.0,22.28,17.87,21.09,26.91,12.32,99.89,33.27,2.11,0.19,4.81,12.63,615.0
2024,Juncos Municipio,72077,36829.0,34.62,8.86,16242.0,20.9,17.74,18.56,30.44,15.02,100.0,23.58,6.21,0.31,2.35,10.0,186.0
2024,Lajas Municipio,72079,23035.0,52.65,16.54,11343.0,25.84,15.03,27.95,27.22,10.96,98.81,22.16,3.97,1.56,3.04,12.23,84.0
2024,Lares Municipio,72081,27855.0,55.36,13.02,11029.0,31.31,15.86,24.18,25.63,11.82,99.68,20.1,1.75,0.22,3.57,12.27,348.0
2024,Las Marías Municipio,72083,8744.0,57.82,6.01,10495.0,34.7,17.82,25.53,8.04,13.19,99.97,10.69,3.5,0.0,7.86,11.76,84.0
2024,Las Piedras Municipio,72085,34951.0,38.68,6.46,16474.0,17.27,16.51,21.69,13.58,13.97,100.0,28.62,3.07,0.0,3.91,8.87,171.0
2024,Loíza Municipio,72087,22768.0,42.84,20.16,13835.0,22.56,16.8,23.62,21.56,16.21,99.84,14.67,11.73,0.21,6.23,19.03,87.0
2024,Luquillo Municipio,72089,17532.0,44.8,17.59,16377.0,20.41,15.77,25.5,25.92,10.95,98.77,28.57,11.72,0.0,5.0,13.03,66.0
2024,Manatí Municipio,72091,38943.0,42.27,13.2,15901.0,25.02,16.48,25.43,20.48,13.19,99.34,27.16,8.41,0.11,4.3,15.67,303.0
2024,Maricao Municipio,72093,4988.0,52.89,0.0,10934.0,45.78,16.14,29.43,7.66,9.23,99.9,8.62,3.51,0.0,12.18,8.84,8.0
2024,Maunabo Municipio,72095,10399.0,54.64,12.09,11302.0,28.03,15.69,28.02,16.49,14.33,99.68,17.81,4.13,0.0,10.8,17.06,16.0
2024,Mayagüez Municipio,72097,70828.0,53.26,20.33,14431.0,24.29,15.46,26.91,24.02,11.03,99.42,25.4,19.55,0.03,2.44,17.68,1680.0
2024,Moca Municipio,72099,37424.0,45.9,17.74,14548.0,26.72,16.82,21.3,22.09,14.21,99.55,26.65,1.62,0.0,3.01,9.94,338.0
2024,Morovis Municipio,72101,28397.0,44.91,10.45,15456.0,22.13,17.17,19.98,20.76,15.04,100.0,20.87,2.86,0.31,2.77,11.99,89.0
2024,Naguabo Municipio,72103,23054.0,46.33,6.89,13083.0,22.41,18.63,20.85,8.35,16.01,99.65,20.78,8.25,0.0,6.64,10.86,103.0
2024,Naranjito Municipio,72105,29310.0,51.09,11.67,12849.0,27.68,16.93,23.73,25.28,14.67,99.86,14.44,1.69,0.17,6.03,14.5,102.0
2024,Orocovis Municipio,72107,21309.0,50.39,10.7,11696.0,26.97,18.13,20.95,22.07,13.6,99.46,14.53,1.55,0.1,6.33,14.91,140.0
2024,Patillas Municipio,72109,15563.0,48.91,8.34,12868.0,21.0,15.09,27.77,16.05,13.07,99.86,20.11,1.25,0.18,5.67,12.54,46.0
2024,Peñuelas Municipio,72111,19853.0,52.32,11.23,12056.0,27.32,19.04,20.88,16.94,14.08,99.85,21.0,0.67,0.19,5.57,9.56,13.0
2024,Ponce Municipio,72113,132760.0,49.68,15.1,14625.0,18.67,17.12,25.33,25.76,14.27,99.74,30.28,13.48,0.26,3.16,15.58,3768.0
2024,Quebradillas Municipio,72115,23409.0,45.05,8.1,13202.0,26.6,16.21,23.83,30.92,10.56,99.24,18.05,8.11,0.48,4.38,8.85,451.0
2024,Rincón Municipio,72117,15378.0,46.11,7.8,15582.0,29.18,13.75,29.17,33.35,10.02,96.15,35.7,11.46,0.16,5.09,10.24,42.0
2024,Río Grande Municipio,72119,46051.0,33.82,15.03,16144.0,19.8,15.61,23.09,23.13,12.25,99.69,25.19,7.14,0.21,4.38,11.86,629.0
2024,Sabana Grande Municipio,72121,22407.0,43.95,11.53,15462.0,18.34,16.52,26.46,26.6,8.91,99.61,16.47,3.06,0.28,4.69,11.21,180.0
2024,Salinas Municipio,72123,25079.0,47.94,7.22,14275.0,19.62,17.39,23.29,31.28,15.14,99.53,37.24,3.64,0.63,4.47,13.32,202.0
2024,San Germán Municipio,72125,31305.0,49.57,8.16,12961.0,24.77,16.3,28.47,14.58,10.41,99.26,21.62,5.84,0.17,4.33,15.79,345.0
2024,San Juan Municipio,72127,336160.0,38.84,12.28,25758.0,13.98,15.29,25.52,20.95,11.57,98.91,32.48,23.72,0.12,2.14,20.78,5838.0
2024,San Lorenzo Municipio,72129,37431.0,43.41,7.35,14903.0,25.54,15.73,22.74,13.08,13.84,100.0,24.56,2.28,0.11,5.18,13.13,126.0
2024,San Sebastián Municipio,72131,39088.0,49.69,13.03,12443.0,29.77,16.17,26.71,30.09,8.68,98.98,24.51,2.56,0.05,2.98,9.63,292.0
2024,Santa Isabel Municipio,72133,19903.0,41.76,5.9,17827.0,18.24,17.76,19.02,28.76,14.2,99.74,40.06,3.47,0.0,3.92,11.41,32.0
2024,Toa Alta Municipio,72135,66320.0,32.75,7.27,19840.0,14.41,16.52,17.57,17.78,14.77,99.71,36.38,4.94,0.24,3.52,5.53,426.0
2024,Toa Baja Municipio,72137,73039.0,32.4,8.2,18984.0,15.77,16.1,22.55,30.34,13.37,99.75,31.45,5.26,0.25,2.71,9.15,463.0
2024,Trujillo Alto Municipio,72139,67088.0,27.7,7.89,23034.0,11.43,15.84,22.38,22.22,9.75,99.44,39.71,14.83,0.05,2.38,7.16,854.0
2024,Utuado Municipio,72141,27621.0,50.31,21.21,12937.0,23.61,16.29,26.19,20.68,12.8,98.82,18.94,2.91,0.47,4.2,12.38,188.0
2024,Vega Alta Municipio,72143,34921.0,40.8,15.49,18289.0,20.18,17.56,21.59,22.32,13.27,99.68,31.93,8.51,0.18,5.07,11.22,226.0
2024,Vega Baja Municipio,72145,53892.0,41.06,11.02,16650.0,21.67,16.17,23.57,21.86,13.58,99.52,27.81,4.76,0.45,4.87,11.48,332.0
2024,Vieques Municipio,72147,8078.0,59.1,6.06,11056.0,32.82,16.87,27.82,13.57,16.19,97.86,16.16,3.49,0.71,12.38,17.89,0.0
2024,Villalba Municipio,72149,21556.0,38.87,11.36,14365.0,22.16,18.27,22.8,22.75,13.02,99.62,23.43,2.88,0.27,6.67,12.47,131.0
2024,Yabucoa Municipio,72151,29400.0,47.75,8.75,12580.0,25.34,15.41,26.15,12.75,13.54,99.6,22.82,2.56,0.0,4.81,14.82,160.0
2024,Yauco Municipio,72153,32993.0,41.87,11.86,14145.0,21.23,15.72,26.38,27.38,9.36,99.73,23.07,4.54,0.14,2.89,11.42,345.0
