municipio,region,year,p05,p10,p25,p50,p75,p90,p95,scenario,baseline_p50,abs_impact_vs_baseline,pct_impact_vs_baseline
Adjuntas,Central Mountains,2030,16328.147234981041,16403.237872279344,16514.50798648328,16647.181575143695,16788.355204535765,16877.093699662648,16908.529429868144,baseline,16647.181575143695,0.0,0.0
Aguada,West,2030,34146.884804624526,34288.48157328169,34535.52235908629,34859.66725551234,35101.24204360685,35317.92622282295,35491.89965028336,baseline,34859.66725551234,0.0,0.0
Aguadilla,West,2030,48352.29597740099,48758.179199919396,49626.07433863566,50417.569028251695,51180.21737449553,51996.71276891614,52439.72685532882,baseline,50417.569028251695,0.0,0.0
Aguas Buenas,Central Mountains,2030,21807.45244391226,21854.095801179552,21975.901727012308,22086.09770908545,22189.743250960746,22309.363044898324,22379.744809805514,baseline,22086.09770908545,0.0,0.0
Aibonito,Central Mountains,2030,21551.81359283784,21762.276130565122,22206.401130817107,22731.402166710017,23213.17331873396,23617.310955148638,23921.40627114205,baseline,22731.402166710017,0.0,0.0
Arecibo,North,2030,77824.48284364046,78544.22127476666,79212.04691163215,80310.6389455789,81430.05395614402,82440.8294509169,82779.05024315818,baseline,80310.6389455789,0.0,0.0
Arroyo,South,2030,13643.799802806352,13736.463409991178,13906.619679869476,14093.527209486529,14281.396698375283,14477.675294936487,14564.364227258206,baseline,14093.527209486529,0.0,0.0
Añasco,West,2030,23025.15058693201,23095.076925363508,23163.330146019704,23278.3665829994,23391.12942776884,23496.500113989852,23607.942153160908,baseline,23278.3665829994,0.0,0.0
Barceloneta,North,2030,20649.131851805083,20755.963893774904,20909.924737383764,21045.245601220828,21218.628808697675,21360.977042017614,21500.322657413308,baseline,21045.245601220828,0.0,0.0
Barranquitas,Central Mountains,2030,26289.601934710132,26452.077207228238,26714.627821374204,26980.262347385942,27176.578152947914,27406.394468774117,27566.44311792732,baseline,26980.262347385942,0.0,0.0
Bayamón,Metro,2030,163070.22923054785,163961.1106053425,165832.7599011776,169446.80948216617,173042.57368443633,175496.88845483575,176481.39876395956,baseline,169446.80948216617,0.0,0.0
Cabo Rojo,West,2030,43067.152027313765,43159.46188077902,43356.185047201674,43532.96597100729,43742.953573718965,43907.37748368459,43992.120029122714,baseline,43532.96597100729,0.0,0.0
Caguas,East,2030,111533.86944116779,111869.35612452945,112545.29839607951,113363.7689145086,114038.66574994847,114640.47083688708,115094.34371461713,baseline,113363.7689145086,0.0,0.0
Camuy,North,2030,29467.2836263596,29563.078124626194,29970.528938393312,30339.18476970377,30775.361715450308,31051.20228745702,31244.91106411637,baseline,30339.18476970377,0.0,0.0
Canóvanas,East,2030,36481.189184540344,36668.899648531005,37138.144098332086,37599.62264991276,38009.31432508519,38459.73211097496,38624.93865685661,baseline,37599.62264991276,0.0,0.0
Carolina,Metro,2030,138862.2557063077,139652.9814522828,140635.26262320526,141932.0138946838,143705.58592466346,145187.95445499558,145776.7174410091,baseline,141932.0138946838,0.0,0.0
Cataño,Metro,2030,20758.613643887344,20805.770110551326,20894.496870850147,20969.203016134095,21071.500204064567,21146.14128878403,21187.08856281418,baseline,20969.203016134095,0.0,0.0
Cayey,Central Mountains,2030,37686.63580640415,37780.79183103061,37933.6828804292,38086.7952469601,38258.210016770005,38411.462754964516,38478.72072599962,baseline,38086.7952469601,0.0,0.0
Ceiba,East,2030,9718.544348327958,9766.351470981042,9861.161004089558,9978.408707773167,10076.315474717121,10170.968962629682,10226.387164764401,baseline,9978.408707773167,0.0,0.0
Ciales,Central Mountains,2030,15195.13278278941,15282.55041109222,15438.945263741301,15658.303086217293,15862.626111974272,16008.553191136885,16174.896912035121,baseline,15658.303086217293,0.0,0.0
Cidra,Central Mountains,2030,36324.885425859575,36485.32033458495,36765.01014654717,37080.33487365955,37346.50289198742,37616.43652182804,37687.8229278603,baseline,37080.33487365955,0.0,0.0
Coamo,South,2030,29867.187059208172,30049.837355209656,30520.665689599777,31152.415515213885,31668.69044394173,32144.199622152257,32420.04677613906,baseline,31152.415515213885,0.0,0.0
Comerío,Central Mountains,2030,17081.05511670303,17133.98036077779,17207.717640619314,17301.10597745925,17382.83490370163,17447.275533625623,17466.199063323387,baseline,17301.10597745925,0.0,0.0
Corozal,Central Mountains,2030,30823.241144477022,30986.20928740564,31391.821367017492,31823.819648701457,32174.60467465848,32476.92643871525,32681.581042048307,baseline,31823.819648701457,0.0,0.0
Culebra,East,2030,1092.3411169534822,1108.9311039863953,1140.957961856046,1180.105559312577,1225.3607880493983,1257.353192849897,1284.995338529812,baseline,1180.105559312577,0.0,0.0
Dorado,North,2030,33350.010709413684,33421.68070020779,33626.17875392776,33753.78543226719,33897.98241591432,34008.520283731654,34134.45677057596,baseline,33753.78543226719,0.0,0.0
Fajardo,East,2030,26847.623790203907,27061.43640876894,27559.75498940062,28262.108458523766,28878.235484561617,29353.756369954233,29796.00368240917,baseline,28262.108458523766,0.0,0.0
Florida,North,2030,10546.75431295396,10581.001080432561,10626.962631121194,10695.185279016081,10771.652970199593,10822.099235816082,10848.697353668387,baseline,10695.185279016081,0.0,0.0
Guayama,South,2030,31343.440564080483,31537.751699172,31975.83033025393,32338.237816122353,32704.357284896778,33113.690857862224,33392.06225591664,baseline,32338.237816122353,0.0,0.0
Guayanilla,South,2030,15666.600663494186,15703.205589724437,15778.998485765127,15842.0905790383,15913.414036843813,15982.784607106645,16021.95901277097,baseline,15842.0905790383,0.0,0.0
Guaynabo,Metro,2030,80211.14382968374,80883.69053448188,82005.77197384581,82912.2346749084,84072.43868613243,85278.9135284055,85888.03587272335,baseline,82912.2346749084,0.0,0.0
Gurabo,East,2030,33509.34394011118,34004.80709021697,35066.32212580086,36179.665216461544,37295.97820694861,38113.16450591165,39313.00159617647,baseline,36179.665216461544,0.0,0.0
Guánica,West,2030,10911.806136239402,11000.930243533727,11144.451742344578,11335.862882680696,11495.684326217812,11646.618439428385,11759.896736231776,baseline,11335.862882680696,0.0,0.0
Hatillo,North,2030,34857.854321992425,34992.15569269949,35184.88249285647,35368.99650051414,35549.95298439605,35718.90368726515,35826.59894808056,baseline,35368.99650051414,0.0,0.0
Hormigueros,West,2030,14443.026587765242,14455.125149562862,14492.640200817328,14549.020087097077,14596.608909711758,14647.986008839209,14687.652409975775,baseline,14549.020087097077,0.0,0.0
Humacao,East,2030,44599.229747009216,44722.02496960249,44895.56845205475,45129.71975553989,45350.79440560624,45546.567238199576,45701.114249195314,baseline,45129.71975553989,0.0,0.0
Isabela,West,2030,38821.968173829075,39081.63029148127,39475.610800835864,39926.01246073446,40323.34930694217,40776.60744657784,41049.17721586455,baseline,39926.01246073446,0.0,0.0
Jayuya,Central Mountains,2030,13319.543466897589,13394.584238366439,13495.62018959353,13621.04626839892,13780.918383857183,13913.42129652277,14014.047944997015,baseline,13621.04626839892,0.0,0.0
Juana Díaz,South,2030,41212.49062301834,41418.7935913605,41736.59843092005,42155.15328884795,42454.616016652435,42706.31316673584,42821.821363675255,baseline,42155.15328884795,0.0,0.0
Juncos,East,2030,32491.47680037634,32621.01391380708,32849.21610603192,33106.945590090705,33341.133511779175,33533.88048212982,33650.17534376849,baseline,33106.945590090705,0.0,0.0
Lajas,West,2030,20916.863765693968,21009.778649935633,21218.875088354045,21422.921487632306,21693.704567875793,21874.492789904154,22054.543200809283,baseline,21422.921487632306,0.0,0.0
Lares,Central Mountains,2030,23779.969945159657,24063.11227932859,24734.626753301716,25590.747049413683,26377.52577140107,26933.31159422186,27203.719743380316,baseline,25590.747049413683,0.0,0.0
Las Marías,West,2030,7585.371913813742,7679.366168454686,7834.489891558818,8049.579860901684,8258.517928386214,8390.070302213388,8447.129197936565,baseline,8049.579860901684,0.0,0.0
Las Piedras,East,2030,30456.7658752282,30617.632995509535,30824.5998816493,31230.785702213627,31566.011271643118,31966.43155117228,32113.61530730039,baseline,31230.785702213627,0.0,0.0
Loíza,East,2030,20197.236386726934,20265.0345012035,20395.057059163897,20512.134818766455,20623.86621032831,20723.204484945512,20785.76407249722,baseline,20512.134818766455,0.0,0.0
Luquillo,East,2030,15616.509088586005,15651.039870285318,15730.250861391221,15806.022570802419,15922.736961910763,15985.327053689294,16035.311506306036,baseline,15806.022570802419,0.0,0.0
Manatí,North,2030,35608.51501221045,35772.418489856165,36161.859851013796,36535.84858434396,36940.24839976363,37399.66781255984,37562.12397452828,baseline,36535.84858434396,0.0,0.0
Maricao,West,2030,4428.722954424273,4502.796382009846,4588.805134099937,4677.782158268017,4768.66230942394,4853.672789908971,4895.38708628344,baseline,4677.782158268017,0.0,0.0
Maunabo,East,2030,9137.671005966033,9178.19084883414,9240.330813430617,9309.07364214358,9385.934924518457,9478.456725432174,9510.32421039691,baseline,9309.07364214358,0.0,0.0
Mayagüez,West,2030,65614.5764238715,65884.08558070657,66443.27904827532,66867.39021199415,67340.88793968587,67826.06670224432,67998.35822172205,baseline,66867.39021199415,0.0,0.0
Moca,West,2030,33657.07451562011,33802.90219306122,34339.62063710383,34742.95357387347,35206.728859371564,35720.259903692226,36041.86981283263,baseline,34742.95357387347,0.0,0.0
Morovis,Central Mountains,2030,25915.87782444321,26017.677084725943,26290.868128786933,26552.394959899975,26754.367985743622,26972.134829892108,27153.104449964598,baseline,26552.394959899975,0.0,0.0
Naguabo,East,2030,19634.297804814138,20002.135398003353,20363.16847041701,20835.569424872057,21191.955798657516,21504.054394507733,21789.191204742434,baseline,20835.569424872057,0.0,0.0
Naranjito,Central Mountains,2030,26200.68051639353,26402.436280702026,26683.24757896237,27054.91814229432,27314.210517489948,27619.148843182847,27843.145086202305,baseline,27054.91814229432,0.0,0.0
Orocovis,Central Mountains,2030,19195.962061209015,19326.539259043137,19474.73360656686,19689.119154910142,19893.251663983567,20118.347961141164,20197.243758559915,baseline,19689.119154910142,0.0,0.0
Patillas,South,2030,14174.502807479463,14187.719403615094,14231.342977537837,14289.465266436884,14332.215749284449,14378.498903254324,14406.812708945547,baseline,14289.465266436884,0.0,0.0
Peñuelas,South,2030,17711.09179106282,17764.18543062568,17975.107475020635,18236.39065058706,18497.582990624956,18718.338590803167,18914.132415301872,baseline,18236.39065058706,0.0,0.0
Ponce,South,2030,118913.07570649189,119726.12705442775,120608.47786895925,121835.7014722952,123155.70621210907,124112.07538753477,124754.66119850174,baseline,121835.7014722952,0.0,0.0
Quebradillas,North,2030,21412.66593152723,21468.93958865713,21566.742853859516,21718.489381874017,21850.090722704335,21954.748296720518,22017.156419838775,baseline,21718.489381874017,0.0,0.0
Rincón,West,2030,13632.846809484703,13828.689655001986,14025.217354073553,14244.388569365885,14503.23290340484,14741.359050601875,14848.964295894819,baseline,14244.388569365885,0.0,0.0
Río Grande,East,2030,40867.10938606709,41010.83899974355,41216.481508128665,41547.05316009508,41815.330416114506,42120.82165818116,42180.7617150418,baseline,41547.05316009508,0.0,0.0
Sabana Grande,West,2030,20458.606773820306,20569.53890095531,20721.130433443817,20905.327787036724,21132.09422323507,21281.59943321052,21364.838623384996,baseline,20905.327787036724,0.0,0.0
Salinas,South,2030,22565.432698183977,22664.12060226907,22798.146564341758,22996.56796986937,23168.446213291005,23289.049575538207,23395.293310367375,baseline,22996.56796986937,0.0,0.0
San Germán,West,2030,28351.359871414716,28461.360130342397,28741.889677197305,29026.13266835802,29367.149382186573,29718.52197726287,29811.18412006684,baseline,29026.13266835802,0.0,0.0
San Juan,Metro,2030,303025.50435515796,305754.74931861734,309609.8755100297,313570.74356182804,317855.36351372814,322483.1268850349,324541.8272567878,baseline,313570.74356182804,0.0,0.0
San Lorenzo,East,2030,32706.28651131283,32954.63795957397,33379.631951327,33723.683622525394,34033.49131627013,34319.57465738715,34478.18460573618,baseline,33723.683622525394,0.0,0.0
San Sebastián,West,2030,34642.283260447795,35189.99694181593,35743.44911562188,36389.793602099926,37079.23002416195,37766.53488842106,38227.22240866069,baseline,36389.793602099926,0.0,0.0
Santa Isabel,South,2030,17903.76202325002,17970.98045252423,18132.17632530537,18286.112818647067,18450.303517014923,18575.333997419963,18708.249698920037,baseline,18286.112818647067,0.0,0.0
Toa Alta,Metro,2030,59827.337382191006,60280.53771479639,61057.458197908934,61837.095974803306,62604.60233098708,63288.911571096796,63563.1084435274,baseline,61837.095974803306,0.0,0.0
Toa Baja,Metro,2030,68146.64460594274,68334.55283658391,68677.18398262633,69008.37393374855,69352.06840917043,69744.553346177,69848.7319727789,baseline,69008.37393374855,0.0,0.0
Trujillo Alto,Metro,2030,60730.979929478424,61019.29238274425,61613.37447263798,62332.9130376063,63161.59474400151,63686.49126689487,63970.64165643158,baseline,62332.9130376063,0.0,0.0
Utuado,Central Mountains,2030,25470.853454112308,25618.728722329182,25826.077590173976,26035.619712503343,26222.44983608772,26344.591414249553,26467.67195030305,baseline,26035.619712503343,0.0,0.0
Vega Alta,North,2030,31994.24982234923,32047.33271017696,32243.401321359914,32407.4615294028,32575.479617055345,32716.551373320915,32826.0583541394,baseline,32407.4615294028,0.0,0.0
Vega Baja,North,2030,47552.92092441234,48100.22269472272,49059.8591455039,49774.03328269624,50498.223403807366,51318.458011384915,51910.741751832866,baseline,49774.03328269624,0.0,0.0
Vieques,East,2030,7198.536953835518,7219.459173742284,7254.914493792832,7291.941246743885,7345.637721161283,7391.788102570014,7416.132068773482,baseline,7291.941246743885,0.0,0.0
Villalba,South,2030,19495.81815088641,19524.401741708654,19629.887944947972,19782.9354313594,19942.616937838407,20069.04566001044,20126.160820354205,baseline,19782.9354313594,0.0,0.0
Yabucoa,East,2030,25763.82794952784,25883.685564504798,26099.413074259202,26403.347347586023,26658.342449767748,26945.32441207717,27111.270060515762,baseline,26403.347347586023,0.0,0.0
Yauco,South,2030,30043.11820909102,30129.782193831128,30285.117329224384,30440.912489701623,30657.493385337537,30818.69327524328,30910.14131598892,baseline,30440.912489701623,0.0,0.0
Adjuntas,Central Mountains,2030,16261.218874707927,16342.888132546837,16457.043055388545,16594.903473373044,16723.61227969642,16832.563066962455,16860.74393519066,hurricane_cat1,16647.181575143695,-52.27810177065112,-0.3140357515455277
Aguada,West,2030,34014.42198218498,34164.71500697914,34370.09479541708,34709.90787137176,34974.84616337632,35199.47542739949,35312.672852876276,hurricane_cat1,34859.66725551234,-149.759384140576,-0.42960646480896814
Aguadilla,West,2030,48113.478647787335,48564.10960213302,49496.94061506974,50276.58782173277,51077.32745719513,51899.44225792317,52295.351665125345,hurricane_cat1,50417.569028251695,-140.98120651892532,-0.2796271403722895
Aguas Buenas,Central Mountains,2030,21700.015814810402,21785.33387095628,21878.57556547792,21977.00011785976,22104.758659905747,22201.128894543475,22259.129924080495,hurricane_cat1,22086.09770908545,-109.09759122569085,-0.49396499400983773
Aibonito,Central Mountains,2030,21455.94022063801,21692.57192104961,22123.68290924949,22620.659908975846,23116.008292610866,23518.56429378174,23783.798113468536,hurricane_cat1,22731.402166710017,-110.74225773417129,-0.4871774161664016
Arecibo,North,2030,77473.38282473331,78342.34680294436,78881.44659149158,80023.87710554796,81090.35805720263,82069.38850811828,82485.12868848971,hurricane_cat1,80310.6389455789,-286.76184003094386,-0.357065818172936
Arroyo,South,2030,13570.04903236701,13663.01273284427,13835.063497617044,14023.07585590281,14208.064214485672,14399.377757241597,14481.471929091796,hurricane_cat1,14093.527209486529,-70.45135358371772,-0.49988446849768053
Añasco,West,2030,22924.1945654879,22998.634128276346,23087.664499417944,23196.30185340494,23321.943218668563,23415.760271673178,23496.252448547904,hurricane_cat1,23278.3665829994,-82.06472959445819,-0.35253646041639153
Barceloneta,North,2030,20576.77590167002,20710.905352190966,20828.506475599344,20968.81016845751,21132.22255175598,21303.524583762584,21397.499589362276,hurricane_cat1,21045.245601220828,-76.43543276331911,-0.3631957270143957
Barranquitas,Central Mountains,2030,26232.501725967595,26354.23192839945,26613.859046598882,26880.343643400658,27070.83386805239,27307.50093931677,27463.017613166492,hurricane_cat1,26980.262347385942,-99.91870398528408,-0.3703400015121239
Bayamón,Metro,2030,162572.58125547096,163285.20436602188,165295.1922033871,169017.40141263,172225.9737236603,174714.77409343253,175950.97520523364,hurricane_cat1,169446.80948216617,-429.4080695361772,-0.2534176186901715
Cabo Rojo,West,2030,42890.33374878342,42979.432817435605,43175.575393826824,43400.409902557236,43624.7096662697,43789.413740514545,43869.87679177484,hurricane_cat1,43532.96597100729,-132.5560684500524,-0.3044958354970208
Caguas,East,2030,110935.82053965906,111285.83839594695,111883.75714006819,112703.22682570768,113409.18398379,113951.31424282743,114391.53672306243,hurricane_cat1,113363.7689145086,-660.5420888009248,-0.5826747779522589
Camuy,North,2030,29340.089169999246,29442.598921129542,29871.795988766255,30250.506075425095,30659.627584101512,30996.66619936807,31155.61052713491,hurricane_cat1,30339.18476970377,-88.67869427867481,-0.2922909595356957
Canóvanas,East,2030,36295.511008515896,36493.2294325539,36976.36763053622,37388.05989786709,37788.02105008611,38234.98775674825,38462.98849200009,hurricane_cat1,37599.62264991276,-211.56275204566919,-0.5626725406675327
Carolina,Metro,2030,138689.12687853095,139005.6311205292,140158.91699307883,141482.09463288588,143178.023518091,144575.05035205057,145151.05162965215,hurricane_cat1,141932.0138946838,-449.91926179791335,-0.3169963205987916
Cataño,Metro,2030,20677.171448812944,20707.389583069926,20790.78717645354,20892.45589345738,20997.07147386014,21072.704268588735,21128.1776329022,hurricane_cat1,20969.203016134095,-76.74712267671566,-0.36599923524830674
Cayey,Central Mountains,2030,37559.20033917928,37629.19339604664,37759.1151727565,37937.44506635989,38111.39393683257,38248.82285289494,38321.02986624206,hurricane_cat1,38086.7952469601,-149.35018060020957,-0.3921311300459966
Ceiba,East,2030,9668.496861987796,9713.886980274976,9805.525930791868,9918.566343086684,10011.012436397741,10107.62755451196,10173.199192032182,hurricane_cat1,9978.408707773167,-59.84236468648305,-0.599718516639491
Ciales,Central Mountains,2030,15117.444741895713,15217.309884937164,15385.047054262126,15584.222011562186,15801.47749996713,15969.377120913663,16101.117370798236,hurricane_cat1,15658.303086217293,-74.08107465510693,-0.4731104912659046
Cidra,Central Mountains,2030,36171.2617690221,36309.65079680927,36644.87849368408,36931.62242937296,37238.92039931332,37470.69755548086,37576.15032687281,hurricane_cat1,37080.33487365955,-148.71244428658974,-0.40105474989177986
Coamo,South,2030,29696.701573220267,29900.704548284368,30353.818523724054,30956.569833814698,31484.130779309548,31952.364507877373,32203.09374634226,hurricane_cat1,31152.415515213885,-195.84568139918701,-0.6286693283977994
Comerío,Central Mountains,2030,17020.34337140608,17058.34646089845,17130.06386824765,17234.832587957055,17309.785366580538,17364.956047513748,17395.47433382317,hurricane_cat1,17301.10597745925,-66.27338950219564,-0.38305868762690626
Corozal,Central Mountains,2030,30768.846431919876,30921.126193828273,31292.679859308366,31718.578706796805,32091.060170555553,32341.442207391457,32532.397790143303,hurricane_cat1,31823.819648701457,-105.24094190465257,-0.33069864983648134
Culebra,East,2030,1090.255414341271,1106.991389728914,1138.9992429110569,1177.9889579740247,1222.9621106375996,1255.06687392412,1282.3561513337856,hurricane_cat1,1180.105559312577,-2.1166013385523,-0.17935695004989563
Dorado,North,2030,33203.36341202966,33285.27706461228,33505.38742787583,33638.22796350873,33772.9909011262,33913.10873661996,34007.65207639403,hurricane_cat1,33753.78543226719,-115.55746875845944,-0.3423541012617547
Fajardo,East,2030,26655.696472836462,26883.867977948255,27427.217642805543,28123.6439321826,28682.25023950482,29152.17002619952,29562.067116685455,hurricane_cat1,28262.108458523766,-138.46452634116577,-0.48992992346756525
Florida,North,2030,10518.138700377332,10542.9476383923,10591.21560499775,10659.512640960696,10729.53655567298,10783.65557576795,10812.465284315622,hurricane_cat1,10695.185279016081,-35.672638055384596,-0.3335392246581665
Guayama,South,2030,31191.502299803884,31351.732215716194,31794.587457205904,32160.01958314164,32546.63440215083,32924.59300994229,33247.259689629704,hurricane_cat1,32338.237816122353,-178.21823298071467,-0.5511068166239512
Guayanilla,South,2030,15613.174475483374,15679.69591856371,15739.369233665977,15809.663145301896,15875.10543879397,15939.180365893046,15988.46920275786,hurricane_cat1,15842.0905790383,-32.427433736404055,-0.20469163191953277
Guaynabo,Metro,2030,79936.35872797926,80518.42569369587,81667.90689534218,82595.53070032105,83706.37128990318,84973.50253547932,85549.61557262157,hurricane_cat1,82912.2346749084,-316.70397458734806,-0.381974959219368
Gurabo,East,2030,33314.5853322072,33776.71258743021,34780.211238275515,35951.66465611468,37011.80443851695,37852.12262169418,38942.50215198059,hurricane_cat1,36179.665216461544,-228.00056034686713,-0.6301898013227832
Guánica,West,2030,10855.491556802941,10965.378446105591,11099.555878145036,11291.403802709672,11446.867779786538,11593.733608949335,11704.907349460527,hurricane_cat1,11335.862882680696,-44.45907997102404,-0.39219846280030507
Hatillo,North,2030,34721.84843414453,34853.27606287669,35042.20981299477,35256.1619513306,35426.240931994944,35556.228587439946,35685.01629565626,hurricane_cat1,35368.99650051414,-112.83454918354255,-0.31902106462619695
Hormigueros,West,2030,14382.032309256649,14405.589107120222,14445.035602923148,14493.402791157776,14551.690232091223,14603.122522690792,14638.47686441001,hurricane_cat1,14549.020087097077,-55.617295939300675,-0.38227520208474625
Humacao,East,2030,44377.20495001651,44470.3151609564,44624.77690367839,44849.298116720835,45057.31097704979,45233.43129437864,45381.77379850083,hurricane_cat1,45129.71975553989,-280.42163881905435,-0.6213680039185957
Isabela,West,2030,38687.39792733199,38924.28197838543,39306.686509375155,39797.45399973383,40193.17291139599,40589.80654838549,40926.5503488979,hurricane_cat1,39926.01246073446,-128.55846100063354,-0.32199173690852634
Jayuya,Central Mountains,2030,13268.938593309143,13317.595339001833,13440.600003717307,13559.387444426682,13745.61453390827,13902.677988008678,13961.488083954308,hurricane_cat1,13621.04626839892,-61.65882397223868,-0.45267318499084974
Juana Díaz,South,2030,40985.23033197661,41210.61494640716,41504.27771310748,41940.06315706946,42243.973881520316,42512.022627014674,42629.49906339418,hurricane_cat1,42155.15328884795,-215.09013177848828,-0.5102344909166536
Juncos,East,2030,32294.99881544209,32457.22236252398,32679.33582597675,32913.88150402181,33141.25469633996,33338.637789430904,33410.83826848999,hurricane_cat1,33106.945590090705,-193.06408606889454,-0.5831528177177446
Lajas,West,2030,20827.44397523311,20927.834610538175,21103.504145325005,21299.77632574759,21585.74177432366,21777.93300155233,21891.16838971536,hurricane_cat1,21422.921487632306,-123.1451618847168,-0.5748289837864079
Lares,Central Mountains,2030,23655.91844943486,24008.77735881575,24718.038662243835,25528.829956623165,26252.35037696507,26789.213442024084,27068.400095545152,hurricane_cat1,25590.747049413683,-61.91709279051793,-0.24195109533520448
Las Marías,West,2030,7571.247133330269,7655.996311711915,7809.474860892069,8012.9487716802805,8221.236913059032,8363.192177644125,8418.715234884661,hurricane_cat1,8049.579860901684,-36.63108922140327,-0.4550683371603943
Las Piedras,East,2030,30273.580600088477,30443.790793324762,30646.942953139034,31037.193240844244,31353.2627704696,31772.645343699292,31895.751191281044,hurricane_cat1,31230.785702213627,-193.59246136938236,-0.6198770124302719
Loíza,East,2030,20083.206997587822,20171.392671442874,20282.795737208413,20395.84896460797,20503.206059482243,20616.65754050213,20658.664655746154,hurricane_cat1,20512.134818766455,-116.28585415848647,-0.5669124895381299
Luquillo,East,2030,15529.531745417722,15569.870329080577,15652.855311815676,15712.919085917532,15827.511335560499,15885.538635164567,15935.36248445546,hurricane_cat1,15806.022570802419,-93.10348488488671,-0.589038035772969
Manatí,North,2030,35475.388434167064,35632.76207948539,35991.191296354926,36406.83531842416,36770.45865726282,37269.899027124586,37411.96191037503,hurricane_cat1,36535.84858434396,-129.01326591980614,-0.35311419036012165
Maricao,West,2030,4428.806436464063,4496.868945489487,4575.3754114560015,4670.204854018901,4747.371861952686,4832.283969869799,4886.6592993168815,hurricane_cat1,4677.782158268017,-7.577304249116423,-0.16198497477535326
Maunabo,East,2030,9092.97258565196,9123.251063722208,9183.006263050178,9249.296538055656,9324.80029443789,9409.280244137502,9445.83646039502,hurricane_cat1,9309.07364214358,-59.77710408792336,-0.6421380513878782
Mayagüez,West,2030,65375.204043885315,65623.80419213814,66228.20694117075,66630.04931342448,67183.72646768489,67590.61865233567,67813.14977688644,hurricane_cat1,66867.39021199415,-237.3408985696733,-0.35494266759509474
Moca,West,2030,33577.61632431528,33772.52299911654,34222.229443900695,34606.73582538392,35106.384000427744,35587.55638996949,35894.020211553034,hurricane_cat1,34742.95357387347,-136.217748489551,-0.3920730233827503
Morovis,Central Mountains,2030,25799.32301447939,25899.204616942658,26170.746927842738,26451.895352147498,26629.492098089457,26844.287236055847,27011.351071465295,hurricane_cat1,26552.394959899975,-100.49960775247746,-0.37849545362764536
Naguabo,East,2030,19525.315785786745,19850.099128085192,20238.7842019315,20683.065014588974,21038.078132749433,21360.82198574178,21641.738747645668,hurricane_cat1,20835.569424872057,-152.50441028308342,-0.7319426082064944
Naranjito,Central Mountains,2030,26113.999105318508,26307.279876207813,26575.697355243246,26938.371598666883,27220.794848884187,27499.179472805274,27663.50585563776,hurricane_cat1,27054.91814229432,-116.54654362743531,-0.43077766125354056
Orocovis,Central Mountains,2030,19132.19284156623,19243.97967930376,19409.569932163467,19616.15776606904,19819.73046680183,20065.558365838227,20139.720468779287,hurricane_cat1,19689.119154910142,-72.96138884110405,-0.37056705415340374
Patillas,South,2030,14109.025594257178,14121.849209937216,14168.686944157815,14225.581523074936,14271.158702450139,14310.87530975407,14347.199180715492,hurricane_cat1,14289.465266436884,-63.88374336194829,-0.4470688172775682
Peñuelas,South,2030,17647.467599368425,17738.097744238392,17915.909156368994,18167.84095438197,18422.8319054031,18627.56916304329,18840.296011174956,hurricane_cat1,18236.39065058706,-68.54969620508928,-0.3758950853736101
Ponce,South,2030,118099.96235280282,119062.55008812167,120066.4707790988,121205.6536038761,122488.96625506574,123346.94591279172,124068.54273396813,hurricane_cat1,121835.7014722952,-630.0478684191039,-0.5171291015732146
Quebradillas,North,2030,21326.807691848306,21391.105828712844,21504.309698767902,21642.893421305234,21783.382615478866,21894.878034392103,21940.36314065545,hurricane_cat1,21718.489381874017,-75.59596056878217,-0.3480719088679972
Rincón,West,2030,13590.331994273078,13778.149677624997,13982.559709909836,14198.97855080213,14438.236159327344,14700.673332546854,14791.917660230265,hurricane_cat1,14244.388569365885,-45.41001856375442,-0.3187923324516268
Río Grande,East,2030,40675.03463576971,40812.67113335683,40994.95132333978,41302.84360343772,41554.97401284456,41846.400432368864,41914.44312556076,hurricane_cat1,41547.05316009508,-244.20955665735528,-0.5877903198485147
Sabana Grande,West,2030,20401.556382905434,20538.257343988298,20683.21185290387,20837.760236904927,21092.254278629305,21242.753858018972,21330.486992132093,hurricane_cat1,20905.327787036724,-67.56755013179645,-0.32320732217217235
Salinas,South,2030,22456.828472298468,22549.600122865442,22701.633081247714,22889.3303386504,23062.62599692082,23179.483159505624,23259.923748098165,hurricane_cat1,22996.56796986937,-107.23763121896991,-0.4663201542050758
San Germán,West,2030,28246.4018335742,28382.62574073756,28631.243550935404,28907.671555446857,29288.488864950647,29639.270267315795,29708.34893541665,hurricane_cat1,29026.13266835802,-118.46111291116176,-0.40811882955492257
San Juan,Metro,2030,302011.9618004797,304570.11835935607,308426.3098628704,312478.3607519538,316367.29039546195,320842.0749930232,323128.1208744131,hurricane_cat1,313570.74356182804,-1092.3828098742524,-0.3483688552911387
San Lorenzo,East,2030,32522.267943799317,32765.97779555993,33194.951931294716,33534.879362779364,33820.82908723394,34128.501879404655,34280.38664928419,hurricane_cat1,33723.683622525394,-188.80425974602986,-0.5598565739714151
San Sebastián,West,2030,34476.112811776904,35091.475659526404,35559.19415283001,36219.66043697717,36973.16299634614,37519.60996818787,38057.5692835819,hurricane_cat1,36389.793602099926,-170.13316512275924,-0.4675298985838201
Santa Isabel,South,2030,17806.535774330856,17866.167259410733,18043.252624265468,18199.59985587589,18357.29386608819,18479.03582081806,18608.24365670788,hurricane_cat1,18286.112818647067,-86.51296277117581,-0.4731074538868378
Toa Alta,Metro,2030,59675.35786401367,60001.11139399227,60777.20637066095,61574.56685368187,62349.7940298553,63131.83999997735,63324.76923768641,hurricane_cat1,61837.095974803306,-262.5291211214353,-0.4245495636282916
Toa Baja,Metro,2030,67918.8612201773,68113.27019445744,68421.9497325233,68816.86115864964,69150.94271908037,69477.96828350556,69624.06293898553,hurricane_cat1,69008.37393374855,-191.51277509890497,-0.2775210661864989
Trujillo Alto,Metro,2030,60445.71060661211,60736.49412417148,61356.222067764014,62083.53589807759,62929.019586640075,63402.63026201588,63660.07923494889,hurricane_cat1,62332.9130376063,-249.377139528704,-0.40007297489570454
Utuado,Central Mountains,2030,25428.784980743865,25510.82434770011,25739.490183636262,25935.902462905986,26151.580986191006,26285.745500557463,26392.51602664903,hurricane_cat1,26035.619712503343,-99.7172495973573,-0.3830031729548926
Vega Alta,North,2030,31874.390363952738,31942.14515070466,32123.896282751462,32295.322533498373,32460.151197263338,32593.664020330212,32686.800085774845,hurricane_cat1,32407.4615294028,-112.13899590442816,-0.34602832376329795
Vega Baja,North,2030,47441.53955120648,47970.981467268095,48866.92519592584,49588.775021898706,50337.449401369566,51041.60373450066,51717.36635651578,hurricane_cat1,49774.03328269624,-185.2582607975346,-0.3721986115638713
Vieques,East,2030,7152.6829287036935,7166.898374879432,7205.502119010698,7239.652000494994,7289.463382005503,7334.258398279588,7361.588444172973,hurricane_cat1,7291.941246743885,-52.28924624889078,-0.7170826598779826
Villalba,South,2030,19384.119375077364,19444.958253386732,19544.893619976225,19686.193038448517,19842.01967618925,19975.645822804927,20047.83147927811,hurricane_cat1,19782.9354313594,-96.74239291088452,-0.4890194038521248
Yabucoa,East,2030,25581.21399201423,25731.20101529084,25936.918104871445,26218.429738617,26470.03912516139,26759.82132716072,26915.455258341342,hurricane_cat1,26403.347347586023,-184.9176089690227,-0.7003566878649163
Yauco,South,2030,29969.934587289845,30053.125940150967,30224.445165593585,30370.557804530654,30592.610753507037,30748.68544671202,30842.75861412939,hurricane_cat1,30440.912489701623,-70.35468517096888,-0.2311188443998529
Adjuntas,Central Mountains,2030,16221.904518136309,16282.658541780354,16394.943082448088,16532.02047567888,16664.961927000324,16776.523797271708,16805.25198135503,hurricane_cat2,16647.181575143695,-115.16109946481447,-0.6917753551553991
Aguada,West,2030,33865.18892317959,34041.165674312826,34263.07985984661,34616.426604386834,34890.350305669475,35130.91103329654,35225.31245021883,hurricane_cat2,34859.66725551234,-243.24065112550306,-0.6977710066553764
Aguadilla,West,2030,47986.90080760875,48555.53188039279,49374.1648351119,50130.548070604644,50885.38082182997,51698.304482592735,52142.91055739731,hurricane_cat2,50417.569028251695,-287.02095764705155,-0.5692875780786221
Aguas Buenas,Central Mountains,2030,21582.326259085108,21671.83869419116,21782.292382594642,21876.271577961277,21997.266807888533,22106.900164413175,22162.13571832132,hurricane_cat2,22086.09770908545,-209.82613112417312,-0.9500371405033582
Aibonito,Central Mountains,2030,21370.85092986928,21594.227806755698,22024.9013131441,22520.69044899592,23021.665533381616,23466.948764269175,23884.191704855974,hurricane_cat2,22731.402166710017,-210.71171771409718,-0.9269631330648096
Arecibo,North,2030,77157.24919465005,78079.63748246734,78667.99255148914,79855.24720609505,80743.07351685749,81842.04206126928,82279.99686824139,hurricane_cat2,80310.6389455789,-455.39173948384996,-0.5670378737646928
Arroyo,South,2030,13510.81332766432,13597.449587605066,13764.848482687928,13956.930501099141,14121.868594507487,14334.39159422474,14399.482209691238,hurricane_cat2,14093.527209486529,-136.59670838738748,-0.9692159127875564
Añasco,West,2030,22808.21611891109,22913.68067107867,23008.447153465742,23124.59356776613,23241.23765790176,23352.263232853802,23418.491988721697,hurricane_cat2,23278.3665829994,-153.7730152332697,-0.6605833561602764
Barceloneta,North,2030,20511.304690959085,20637.94716898781,20753.114202369048,20907.9989843313,21057.2466542237,21227.822976547024,21336.23567486109,hurricane_cat2,21045.245601220828,-137.2466168895262,-0.6521502266600517
Barranquitas,Central Mountains,2030,26074.779388557305,26260.47088408623,26504.31805692267,26782.692330749047,26958.284157530306,27175.974475041152,27336.603761392893,hurricane_cat2,26980.262347385942,-197.57001663689516,-0.7322761138978965
Bayamón,Metro,2030,161959.07366997012,162610.21664301126,164612.58968956774,168176.01878407176,171501.857517881,173834.6093359084,175161.3239350002,hurricane_cat2,169446.80948216617,-1270.79069809441,-0.7499643705172019
Cabo Rojo,West,2030,42635.284025540896,42786.481789020436,42939.001806512824,43181.10121818501,43353.58981851769,43525.694753116564,43643.81292507649,hurricane_cat2,43532.96597100729,-351.8647528222791,-0.8082719497141984
Caguas,East,2030,110255.34111313007,110633.87302177664,111268.10995970374,112013.74765627284,112696.78961302625,113255.49235095055,113661.44850206086,hurricane_cat2,113363.7689145086,-1350.0212582357635,-1.1908754191595903
Camuy,North,2030,29197.098181419664,29364.482420379907,29793.54661270384,30182.413009318858,30546.924102241,30931.081386073132,31127.223947935036,hurricane_cat2,30339.18476970377,-156.77176038491234,-0.5167302996930297
Canóvanas,East,2030,36067.89648349692,36304.20147326633,36737.27720072365,37176.939150032485,37547.951136308664,37984.24550261544,38207.68635245873,hurricane_cat2,37599.62264991276,-422.6834998802733,-1.1241695264227713
Carolina,Metro,2030,138016.58277031907,138439.76164231554,139534.36737049004,140854.90012601513,142690.28507422036,144020.79784624162,144516.40053732292,hurricane_cat2,141932.0138946838,-1077.1137686686707,-0.7588941628545546
Cataño,Metro,2030,20573.970962484273,20626.954173357313,20703.2226180353,20799.000698349002,20916.331856305293,20998.869727302914,21056.960663681486,hurricane_cat2,20969.203016134095,-170.20231778509333,-0.8116775714085867
Cayey,Central Mountains,2030,37391.181424957496,37457.22952708119,37612.5147239037,37776.893153402154,37909.31691059079,38077.6175261321,38225.34864963272,hurricane_cat2,38086.7952469601,-309.9020935579465,-0.8136733257510852
Ceiba,East,2030,9598.421052971,9650.780087845149,9741.027564501768,9852.19684425799,9941.206819731426,10041.583012698798,10113.568917172212,hurricane_cat2,9978.408707773167,-126.21186351517827,-1.2648496089046681
Ciales,Central Mountains,2030,15021.695092506663,15153.270715011022,15321.910202239564,15508.379619134403,15752.724236500697,15903.266884905212,16039.046498633123,hurricane_cat2,15658.303086217293,-149.92346708289006,-0.9574694413397533
Cidra,Central Mountains,2030,36072.644031831325,36204.28969530611,36511.614321927234,36803.266212072514,37115.84344685514,37307.57112509978,37424.00815467334,hurricane_cat2,37080.33487365955,-277.06866158703633,-0.7472118645397006
Coamo,South,2030,29565.572207341247,29757.415418347624,30180.27893644629,30787.733831451857,31373.32821578267,31788.702716001037,32019.43907545394,hurricane_cat2,31152.415515213885,-364.6816837620281,-1.170636940124045
Comerío,Central Mountains,2030,16952.573793318847,16984.308385589655,17057.081926593564,17163.752831760135,17239.464729144725,17290.163066926816,17322.685490261018,hurricane_cat2,17301.10597745925,-137.35314569911498,-0.7938980656962945
Corozal,Central Mountains,2030,30615.19330469161,30799.216171712065,31140.627958044184,31594.794259997296,31939.968870492434,32227.53560802318,32306.752252205904,hurricane_cat2,31823.819648701457,-229.02538870416174,-0.7196665618154574
Culebra,East,2030,1086.5890336531634,1103.39714838052,1135.8055195620634,1174.378142164749,1218.7101965683146,1250.6436301752808,1277.6689032198103,hurricane_cat2,1180.105559312577,-5.727417147827964,-0.4853309182921094
Dorado,North,2030,33063.919085769856,33168.760376768616,33387.895794208955,33512.19275440551,33655.42074904235,33776.80026527723,33880.71504736173,hurricane_cat2,33753.78543226719,-241.59267786168493,-0.715749877436658
Fajardo,East,2030,26530.487572630784,26735.180615871737,27242.548875089677,27945.022947936006,28499.681339343682,28946.69065907053,29339.539404732877,hurricane_cat2,28262.108458523766,-317.0855105877599,-1.121945700028364
Florida,North,2030,10476.595408417084,10514.84511566366,10556.3060518093,10627.25595626996,10690.999803133016,10753.005947956099,10779.67966357562,hurricane_cat2,10695.185279016081,-67.9293227461203,-0.6351392797224132
Guayama,South,2030,31056.851002044852,31141.994112369688,31618.001848597713,31996.150880217945,32382.639521354104,32755.970144796887,33060.50673874454,hurricane_cat2,32338.237816122353,-342.08693590440816,-1.0578403741401747
Guayanilla,South,2030,15507.552536390862,15567.194106917685,15629.212063922543,15695.258784654181,15765.476056940233,15846.732722384271,15876.557722231835,hurricane_cat2,15842.0905790383,-146.83179438411935,-0.9268460728182052
Guaynabo,Metro,2030,79599.81439249637,80179.66914244229,81421.84859317608,82276.35570153766,83488.86792833483,84602.26709905757,85459.77389185039,hurricane_cat2,82912.2346749084,-635.8789733707381,-0.7669302074222988
Gurabo,East,2030,33087.97757556941,33543.08512545844,34560.376563846,35693.93160297837,36782.48979130627,37587.19331353924,38667.505010554545,hurricane_cat2,36179.665216461544,-485.7336134831712,-1.3425597240246578
Guánica,West,2030,10773.52659006455,10885.147512246676,11018.96603608862,11212.466786285826,11378.418790124932,11514.065085031329,11625.209885488259,hurricane_cat2,11335.862882680696,-123.39609639487026,-1.088546127206592
Hatillo,North,2030,34605.234914895525,34689.392814236686,34915.99663154788,35125.04386588519,35307.45229492301,35447.914636724876,35551.2926069798,hurricane_cat2,35368.99650051414,-243.95263462894945,-0.689735810359797
Hormigueros,West,2030,14315.07385862415,14339.463683931925,14379.101304285225,14430.613556870096,14481.859999475291,14539.558331290153,14578.231570740725,hurricane_cat2,14549.020087097077,-118.40653022698098,-0.813845396584412
Humacao,East,2030,44078.39584038501,44167.752843618,44324.04432613485,44558.71394567994,44764.08364266278,44937.33834230033,45066.01045733565,hurricane_cat2,45129.71975553989,-571.0058098599475,-1.265254499591378
Isabela,West,2030,38584.2019715964,38802.84913496274,39170.24899611781,39653.46110576407,40036.138338631616,40472.049175284155,40831.043847620385,hurricane_cat2,39926.01246073446,-272.5513549703901,-0.6826410607331067
Jayuya,Central Mountains,2030,13196.250155618753,13274.867580185462,13377.050734680453,13503.566991020529,13683.531802687117,13849.412599465897,13917.096437770762,hurricane_cat2,13621.04626839892,-117.479277378392,-0.8624835057711102
Juana Díaz,South,2030,40843.971162840615,41036.33920744741,41324.16775335303,41732.47833659944,42037.15319217628,42326.0951996618,42460.596013831135,hurricane_cat2,42155.15328884795,-422.67495224851154,-1.0026649632900972
Juncos,East,2030,32096.635741491955,32291.442040772577,32492.85216957683,32714.30015140194,32937.301429142055,33125.411147728795,33241.1798939458,hurricane_cat2,33106.945590090705,-392.64543868876353,-1.1859911317409084
Lajas,West,2030,20738.76356635158,20818.572906345427,20987.8751475029,21185.326551262187,21447.56198852788,21656.839117626998,21781.103292051568,hurricane_cat2,21422.921487632306,-237.59493637011838,-1.1090687911416965
Lares,Central Mountains,2030,23588.009118856713,23975.158772047853,24660.49725256937,25420.488356860667,26194.992916932853,26700.079700451955,26990.737772369484,hurricane_cat2,25590.747049413683,-170.25869255301586,-0.6653134909436601
Las Marías,West,2030,7551.400480846482,7643.821399983124,7792.314639155779,7996.336245122824,8188.407634692208,8368.693297762835,8409.26878726177,hurricane_cat2,8049.579860901684,-53.24361577885975,-0.6614458977849758
Las Piedras,East,2030,30115.549040957638,30240.29674956367,30430.91366161469,30827.098352592373,31139.88404097089,31553.439441506707,31678.832070241388,hurricane_cat2,31230.785702213627,-403.6873496212538,-1.2925942801132941
Loíza,East,2030,19979.14495790152,20061.95627328461,20168.01561242913,20271.40459556122,20377.01233951716,20492.612346360023,20533.96146598315,hurricane_cat2,20512.134818766455,-240.73022320523523,-1.1735990687083058
Luquillo,East,2030,15446.397282277245,15477.463268456142,15553.88412538274,15624.328628967867,15734.495055904368,15793.148539326348,15833.371745763563,hurricane_cat2,15806.022570802419,-181.69394183455188,-1.1495234871433433
Manatí,North,2030,35356.280164881806,35550.01577736198,35854.901576025564,36275.62673066035,36658.241128212,37082.961467070534,37319.10345158675,hurricane_cat2,36535.84858434396,-260.22185368361534,-0.7122370596727386
Maricao,West,2030,4424.916266050865,4479.681733026361,4559.066657575926,4654.1614058388805,4731.391168271726,4808.915046468577,4875.152121903068,hurricane_cat2,4677.782158268017,-23.6207524291367,-0.504956229895974
Maunabo,East,2030,9038.602652063086,9066.999158546201,9126.492961009817,9192.402025477732,9263.082631436304,9345.45611892253,9372.725071877469,hurricane_cat2,9309.07364214358,-116.67161666584798,-1.2533107068533433
Mayagüez,West,2030,65136.59008598719,65415.469033534275,65940.23139481767,66362.5446529362,66852.37906270403,67327.13264271304,67533.00311477947,hurricane_cat2,66867.39021199415,-504.84555905795423,-0.754995159011603
Moca,West,2030,33476.38593848293,33720.04693922384,34077.238977213914,34532.22697736781,35007.85811926132,35498.349923495036,35756.11103892443,hurricane_cat2,34742.95357387347,-210.72659650565765,-0.6065304610835477
Morovis,Central Mountains,2030,25685.836197985886,25810.24659777213,26047.972278347173,26314.718434606923,26527.824498836733,26735.977460937316,26938.37575407341,hurricane_cat2,26552.394959899975,-237.6765252930527,-0.8951227399712799
Naguabo,East,2030,19427.38663438894,19722.940742337625,20101.613056197813,20542.029954246616,20897.88040982302,21207.171575282176,21476.489322227848,hurricane_cat2,20835.569424872057,-293.539470625441,-1.408838245020719
Naranjito,Central Mountains,2030,26012.490140189515,26198.197405585543,26497.66709188448,26832.53202446447,27117.129486188573,27347.1616439704,27605.447337569556,hurricane_cat2,27054.91814229432,-222.38611782984663,-0.82198037584226
Orocovis,Central Mountains,2030,19084.769098094705,19148.354918336394,19325.765462596828,19533.688740188347,19762.00559641111,19942.677789206402,20086.240587101413,hurricane_cat2,19689.119154910142,-155.4304147217954,-0.7894228964683451
Patillas,South,2030,14032.07012158625,14049.901684030327,14093.323872945148,14148.946275832011,14197.847307590011,14235.987105222412,14280.004852827058,hurricane_cat2,14289.465266436884,-140.51899060487267,-0.983374730858011
Peñuelas,South,2030,17555.065719476803,17643.623607452966,17812.056103412833,18078.148234485398,18341.070021667903,18527.27552900812,18748.125753482207,hurricane_cat2,18236.39065058706,-158.24241610166064,-0.867728812864439
Ponce,South,2030,117830.06885333126,118857.40111315166,119655.68147105683,120830.98080247267,122112.25635805703,123211.75122998086,123606.79772606374,hurricane_cat2,121835.7014722952,-1004.7206698225345,-0.8246520992461334
Quebradillas,North,2030,21240.510330169192,21308.00695066798,21423.533343856525,21582.60168403606,21716.554137927953,21819.216903354656,21882.48898201877,hurricane_cat2,21718.489381874017,-135.88769783795578,-0.62567748358855
Rincón,West,2030,13595.19871313883,13732.891902142625,13958.223590609488,14170.443247471472,14432.606374260995,14662.68185482363,14795.678049039714,hurricane_cat2,14244.388569365885,-73.9453218944127,-0.519118960665256
Río Grande,East,2030,40436.5080274013,40600.62437765101,40764.734444225774,41047.20614637689,41317.37479075087,41579.058981499955,41650.197293441,hurricane_cat2,41547.05316009508,-499.84701371818664,-1.20308656258268
Sabana Grande,West,2030,20299.67525432829,20438.34840172788,20573.74786436557,20759.085549780793,20996.163234731277,21138.899006897132,21225.724536889236,hurricane_cat2,20905.327787036724,-146.24223725593038,-0.6995452965182127
Salinas,South,2030,22346.150648814822,22431.681640835926,22573.34156821372,22775.89836011792,22947.61647365472,23069.60900796676,23142.00393029677,hurricane_cat2,22996.56796986937,-220.66960975145048,-0.9595762726010979
San Germán,West,2030,28103.78049835519,28204.785524882536,28495.329836980494,28761.27425327535,29141.430048027454,29454.480947966134,29609.428863750298,hurricane_cat2,29026.13266835802,-264.8584150826682,-0.9124826173326073
San Juan,Metro,2030,300977.9226865131,303282.4409619778,306810.9017372962,311304.09693834337,315144.64760133356,319931.6654641456,321732.49949672085,hurricane_cat2,313570.74356182804,-2266.646623484674,-0.7228501606170251
San Lorenzo,East,2030,32322.79304930002,32566.911871842734,32985.321134552,33331.507299164514,33631.24854636299,33880.15267522312,34074.599775782706,hurricane_cat2,33723.683622525394,-392.1763233608799,-1.1629106943078118
San Sebastián,West,2030,34406.84685092458,34994.63538260866,35455.65223989513,36118.08575197929,36881.50115272969,37449.061118418475,37945.24052456798,hurricane_cat2,36389.793602099926,-271.70785012063425,-0.7466594976921083
Santa Isabel,South,2030,17724.16544546923,17778.52084165287,17964.870749318827,18119.733406623836,18260.17616346961,18415.579683831973,18523.46870934657,hurricane_cat2,18286.112818647067,-166.37941202323054,-0.909867579147641
Toa Alta,Metro,2030,59470.05269834846,59828.21149333631,60455.5138852368,61311.092698965615,62061.30955541856,62789.42586939901,63059.6042649158,hurricane_cat2,61837.095974803306,-526.003275837691,-0.8506273904777498
Toa Baja,Metro,2030,67608.47151077703,67798.53694504221,68116.18607971541,68529.98643594689,68845.84065658851,69150.63462633178,69307.86036514783,hurricane_cat2,69008.37393374855,-478.3874978016538,-0.6932310827392187
Trujillo Alto,Metro,2030,60261.578730740745,60478.685624694255,61106.958206579904,61923.02126778321,62628.21904839859,63159.507520754145,63342.01081026652,hurricane_cat2,62332.9130376063,-409.8917698230871,-0.657584813300469
Utuado,Central Mountains,2030,25328.68459164515,25437.159393653703,25646.84132560897,25870.882612312857,26085.57293842338,26222.16693002583,26305.096052695284,hurricane_cat2,26035.619712503343,-164.73710019048667,-0.6327373882764671
Vega Alta,North,2030,31750.3796263506,31846.48882935762,31998.053293576537,32183.60615726326,32317.973326608502,32468.6415113224,32588.285255226576,hurricane_cat2,32407.4615294028,-223.85537213954012,-0.6907525661534444
Vega Baja,North,2030,47201.998984762045,47763.6064007792,48721.05340938545,49401.86961549774,50157.20728482015,50803.07549077054,51387.611069378836,hurricane_cat2,49774.03328269624,-372.1636671985034,-0.747706469927332
Vieques,East,2030,7106.327942027377,7119.80676540813,7156.041497073348,7189.013826732172,7239.158751350455,7282.874226884829,7300.4598614989445,hurricane_cat2,7291.941246743885,-102.92742001171337,-1.4115228925860335
Villalba,South,2030,19289.88021450912,19331.469487283575,19464.72359089162,19594.51126477959,19751.091277796382,19889.606114821385,19961.655462907824,hurricane_cat2,19782.9354313594,-188.42416657981084,-0.9524580779914273
Yabucoa,East,2030,25407.22012428743,25571.468194880494,25768.438988882117,26039.26739264574,26277.93026882121,26570.131525814897,26707.559703902865,hurricane_cat2,26403.347347586023,-364.07995494028364,-1.3789159008794025
Yauco,South,2030,29721.327368456485,29796.31523944995,29965.407756173703,30122.024508533854,30335.81058923192,30507.30032751502,30590.895808690475,hurricane_cat2,30440.912489701623,-318.8879811677689,-1.0475638050457619
Adjuntas,Central Mountains,2030,16121.339457894961,16178.65755477564,16287.004520197765,16429.27907861612,16545.42269822269,16654.890638769524,16707.606763910357,hurricane_cat3,16647.181575143695,-217.90249652757484,-1.308945274273516
Aguada,West,2030,33664.406098237174,33834.793676527435,34057.443299955165,34401.79552138631,34653.38393800793,34895.83603981595,35040.493194173636,hurricane_cat3,34859.66725551234,-457.87173412602715,-1.3134713271068994
Aguadilla,West,2030,47679.367347254454,48242.65041012903,49005.16723613697,49819.038617892016,50575.482366863886,51384.977259043226,51860.67460290583,hurricane_cat3,50417.569028251695,-598.5304103596791,-1.1871465084409167
Aguas Buenas,Central Mountains,2030,21442.69417994062,21532.622800330697,21645.916202927314,21754.36660045587,21857.483646039807,21951.335315213433,22004.189135876422,hurricane_cat3,22086.09770908545,-331.7311086295813,-1.5019905870158252
Aibonito,Central Mountains,2030,21256.243704039614,21523.539061796346,21898.951819390404,22392.685096819117,22955.19920056518,23325.475047318334,23709.31224576488,hurricane_cat3,22731.402166710017,-338.71706989089944,-1.4900843661415144
Arecibo,North,2030,76775.49559512007,77501.3646026283,78302.49600982752,79436.1592879561,80354.03660882855,81508.51677082526,81913.37907725568,hurricane_cat3,80310.6389455789,-874.4796576227964,-1.088871498352008
Arroyo,South,2030,13433.20681249413,13506.402073522695,13679.678646751869,13867.062279476108,14020.758867486784,14240.688837270984,14302.197606897025,hurricane_cat3,14093.527209486529,-226.46493001042109,-1.6068719110854288
Añasco,West,2030,22670.46656529149,22720.90797878985,22837.71999468213,22944.12950070028,23066.809733428632,23158.93668660615,23228.854902313786,hurricane_cat3,23278.3665829994,-334.2370822991179,-1.4358270418475887
Barceloneta,North,2030,20417.218911042193,20524.125625975437,20655.899094925924,20801.059938299375,20967.02643386497,21099.42303617297,21259.21853213538,hurricane_cat3,21045.245601220828,-244.1856629214526,-1.1602889676292847
Barranquitas,Central Mountains,2030,25907.391553912574,26100.58927608011,26368.64815418709,26635.221120619062,26819.742234163874,27054.838627241592,27219.83254561032,hurricane_cat3,26980.262347385942,-345.04122676687984,-1.278865350989851
Bayamón,Metro,2030,160747.52284811903,161773.2486295684,163884.11160246423,167362.1137323486,170721.78595302178,172869.63217173333,174514.98767139367,hurricane_cat3,169446.80948216617,-2084.6957498175616,-1.2302950738278553
Cabo Rojo,West,2030,42379.62006156753,42494.847559773596,42690.237064766996,42886.73179807806,43087.22630685062,43257.125314374585,43321.30484083798,hurricane_cat3,43532.96597100729,-646.2341729292311,-1.484470810832461
Caguas,East,2030,109181.34391304624,109623.77021346646,110185.06878105359,110978.2130334868,111568.5471748911,112091.24569493954,112573.00154693925,hurricane_cat3,113363.7689145086,-2385.5558810218063,-2.1043371298115834
Camuy,North,2030,28998.225757930755,29219.84032890605,29668.632004831903,30021.718435728802,30404.515297841543,30727.37735194147,30971.07837188098,hurricane_cat3,30339.18476970377,-317.4663339749677,-1.0463904563842616
Canóvanas,East,2030,35741.898243593605,35972.08637451064,36390.43478242804,36807.19147545732,37185.00820212833,37590.392909701746,37757.82358952065,hurricane_cat3,37599.62264991276,-792.4311744554361,-2.107550870480012
Carolina,Metro,2030,137032.72752871847,137777.69615265733,138645.80219142273,140127.617707022,141681.1320856982,142900.9494089301,143639.2967154612,hurricane_cat3,141932.0138946838,-1804.3961876617977,-1.2713102126492009
Cataño,Metro,2030,20435.308322094857,20470.909959714292,20551.160118232525,20641.792115341785,20746.450859350487,20899.91072001616,20937.623406220056,hurricane_cat3,20969.203016134095,-327.4109007923107,-1.5613893410273851
Cayey,Central Mountains,2030,37160.46424933331,37237.43510226795,37377.91827577161,37560.10131763838,37724.890041349456,37833.70384321915,37942.109833055074,hurricane_cat3,38086.7952469601,-526.693929321722,-1.3828780444943318
Ceiba,East,2030,9501.122865004607,9558.035588375078,9644.635144080325,9756.080066992203,9841.040406918104,9938.461779597028,9996.3950237949,hurricane_cat3,9978.408707773167,-222.32864078096463,-2.2280971574933677
Ciales,Central Mountains,2030,14959.259179578767,15072.221084938594,15245.572669292225,15419.643251348629,15654.177715100217,15836.09809929427,15980.443326806162,hurricane_cat3,15658.303086217293,-238.6598348686639,-1.5241743217931218
Cidra,Central Mountains,2030,35830.92095373465,35977.167907259885,36273.65266236252,36580.04442321521,36870.17361660116,37117.314412050924,37244.51399354932,hurricane_cat3,37080.33487365955,-500.29045044434315,-1.3492069371782571
Coamo,South,2030,29318.44639616848,29512.044914052032,29927.214452775173,30554.04008367547,31143.47746393159,31503.200788361082,31768.431257662636,hurricane_cat3,31152.415515213885,-598.375431538414,-1.9207994681702476
Comerío,Central Mountains,2030,16883.766989327734,16904.054969819652,16976.89863407611,17062.087989212567,17124.98672546596,17190.598363217312,17225.629333923313,hurricane_cat3,17301.10597745925,-239.01798824668367,-1.3815185489187125
Corozal,Central Mountains,2030,30422.467692881804,30682.610868285272,30985.495434199394,31442.29913338512,31794.180348974947,32020.66373066903,32267.491338308195,hurricane_cat3,31823.819648701457,-381.52051531633697,-1.1988520533609315
Culebra,East,2030,1076.3794672661618,1094.029690404924,1126.1091153638656,1164.889577137752,1208.0322565197603,1239.196252206808,1266.727456793257,hurricane_cat3,1180.105559312577,-15.215982174825058,-1.2893746711682736
Dorado,North,2030,32854.77518247481,32999.4404326208,33172.285507680244,33328.80541591135,33456.66138665175,33607.706769542776,33664.690865751065,hurricane_cat3,33753.78543226719,-424.9800163558393,-1.2590588312194946
Fajardo,East,2030,26268.638263076195,26502.128453740177,26956.058459082094,27645.786370666025,28209.264173032425,28618.043674731634,29047.95494026346,hurricane_cat3,28262.108458523766,-616.3220878577413,-2.180736404582937
Florida,North,2030,10426.774606895062,10457.631782791528,10505.683595148319,10577.427928075354,10637.509777268748,10703.544015900468,10728.307216841313,hurricane_cat3,10695.185279016081,-117.75735094072661,-1.1010314255309457
Guayama,South,2030,30832.00494866161,30931.546233190144,31405.921553823624,31797.441811647084,32152.063055529732,32518.599991376257,32836.74543242553,hurricane_cat3,32338.237816122353,-540.796004475269,-1.672311297697406
Guayanilla,South,2030,15281.23456353887,15317.01040559765,15401.688672653847,15469.301000212126,15537.957879686734,15622.291119719528,15658.579239361075,hurricane_cat3,15842.0905790383,-372.78957882617397,-2.3531589910200115
Guaynabo,Metro,2030,79182.42069795338,79649.46330636852,81026.92541108829,81865.8680454245,83058.73784971493,84128.09571423878,84992.93245829326,hurricane_cat3,82912.2346749084,-1046.3666294838913,-1.2620171601773889
Gurabo,East,2030,32771.391132476914,33189.4361342913,34252.12818389423,35332.47625406437,36425.66553985112,37195.50927197004,38298.78994345818,hurricane_cat3,36179.665216461544,-847.1889623971729,-2.3416163674497095
Guánica,West,2030,10660.98944219118,10777.846486313692,10916.399456741769,11103.643418479922,11265.068764579124,11414.156056204332,11529.214685458941,hurricane_cat3,11335.862882680696,-232.21946420077438,-2.048538047823134
Hatillo,North,2030,34404.176342019484,34525.54043974727,34734.67495211242,34948.2505264334,35125.92771347558,35294.38355736726,35349.704264591215,hurricane_cat3,35368.99650051414,-420.74597408073896,-1.1895897981573291
Hormigueros,West,2030,14213.97587823996,14236.012248555036,14281.604586542155,14328.298233782214,14380.553157739074,14427.108769643732,14480.497956827945,hurricane_cat3,14549.020087097077,-220.72185331486253,-1.5170908555594862
Humacao,East,2030,43664.86684590327,43733.094176357044,43892.71978615459,44103.560275723285,44313.37976835449,44463.33612096119,44602.99954102718,hurricane_cat3,45129.71975553989,-1026.1594798166043,-2.2737998050400883
Isabela,West,2030,38324.3138726856,38592.36523737774,38921.27803948278,39415.59908206232,39864.26936179107,40265.15194849742,40611.97054984854,hurricane_cat3,39926.01246073446,-510.41337867214315,-1.278398084892933
Jayuya,Central Mountains,2030,13123.38238322223,13185.87555101996,13280.273138209202,13418.463067704666,13619.57205403258,13744.553006864506,13826.082789431828,hurricane_cat3,13621.04626839892,-202.58320069425463,-1.48728076171543
Juana Díaz,South,2030,40472.62404248452,40691.39529620974,40947.857199948616,41350.96949462431,41654.707701390114,41966.92963024726,42094.75755760606,hurricane_cat3,42155.15328884795,-804.183794223638,-1.907676123754917
Juncos,East,2030,31810.935936137004,31966.73470692941,32167.36899018417,32380.55125303522,32602.948576975534,32798.63368514333,32866.61156599667,hurricane_cat3,33106.945590090705,-726.3943370554844,-2.19408442581578
Lajas,West,2030,20558.26108240946,20689.6187279629,20832.77981805897,21035.88676914321,21276.384632034224,21540.359079050624,21608.761777858257,hurricane_cat3,21422.921487632306,-387.0347184890961,-1.8066383649519306
Lares,Central Mountains,2030,23427.283182989733,23789.08402238934,24530.986353452772,25256.081370612083,25996.219775900798,26547.30479984692,26843.614998358884,hurricane_cat3,25590.747049413683,-334.66567880160073,-1.3077604891931764
Las Marías,West,2030,7497.280710066247,7600.24883006652,7739.439314275185,7932.478214844665,8145.337199713759,8304.583821308144,8341.90866963685,hurricane_cat3,8049.579860901684,-117.10164605701902,-1.4547547583918465
Las Piedras,East,2030,29808.577966627283,29921.817043002695,30127.71817708243,30497.914191127453,30811.2584267312,31208.371852337266,31337.936628430114,hurricane_cat3,31230.785702213627,-732.871511086174,-2.346631679632153
Loíza,East,2030,19819.987820760107,19852.101253025456,19977.188986050256,20085.82909037314,20188.71858882779,20287.03683195787,20332.77625624763,hurricane_cat3,20512.134818766455,-426.3057283933158,-2.0783098987984943
Luquillo,East,2030,15291.590808826337,15330.667616016768,15402.733396939419,15476.41040119175,15576.3936622715,15633.31994126338,15685.587806436655,hurricane_cat3,15806.022570802419,-329.6121696106693,-2.085358085085513
Manatí,North,2030,35105.60812004284,35302.37211776924,35677.66856564683,36112.01113383825,36460.23340482817,36925.130834000716,37111.80180567178,hurricane_cat3,36535.84858434396,-423.8374505057145,-1.1600591389776391
Maricao,West,2030,4385.261366503103,4451.43503924638,4532.955334930955,4615.941890033018,4695.0598231884305,4779.274837408392,4828.605970638043,hurricane_cat3,4677.782158268017,-61.8402682349988,-1.3219997456635648
Maunabo,East,2030,8942.568656819876,8981.225986070232,9029.57986229339,9094.421905724752,9166.269947666104,9245.953677330646,9270.94442166688,hurricane_cat3,9309.07364214358,-214.65173641882757,-2.305833476781909
Mayagüez,West,2030,64579.331805750815,64887.64656015614,65438.821925306154,65813.93176803477,66316.19810046718,66746.71322474863,67004.32829709881,hurricane_cat3,66867.39021199415,-1053.4584439593746,-1.5754442346553754
Moca,West,2030,33231.019473267675,33524.31491047482,33907.938609001154,34322.361547500885,34777.661625803405,35217.839660042126,35513.84645218311,hurricane_cat3,34742.95357387347,-420.5920263725857,-1.2105822421754862
Morovis,Central Mountains,2030,25572.316047872835,25670.3913531661,25889.66367163829,26179.51861907745,26395.09828691526,26604.450579919594,26759.89377462125,hurricane_cat3,26552.394959899975,-372.87634082252407,-1.404303986083554
Naguabo,East,2030,19221.448528866065,19526.597784187587,19895.624451100863,20322.684056233542,20660.63993149119,20954.903762234488,21227.637244745285,hurricane_cat3,20835.569424872057,-512.8853686385155,-2.46158556159386
Naranjito,Central Mountains,2030,25876.43439814538,26042.11932108856,26355.020248921704,26687.47783994158,26955.28705542002,27223.848172740734,27439.790374914814,hurricane_cat3,27054.91814229432,-367.4403023527375,-1.358127570078753
Orocovis,Central Mountains,2030,18987.2003998477,19053.996714139375,19222.634358842828,19442.760117947288,19642.95529449388,19866.636031656493,19965.289808839487,hurricane_cat3,19689.119154910142,-246.3590369628546,-1.2512445834907586
Patillas,South,2030,13936.889472617342,13953.749723298304,13994.252561063195,14053.129235080723,14104.397376107012,14145.967538735986,14184.46462679836,hurricane_cat3,14289.465266436884,-236.33603135616067,-1.6539179524881666
Peñuelas,South,2030,17277.53538479492,17368.27967957147,17571.8549233689,17835.27450516963,18085.012128554947,18306.3603223936,18475.607428241554,hurricane_cat3,18236.39065058706,-401.1161454174289,-2.19953692099986
Ponce,South,2030,116514.7996491885,117420.99571466428,118279.18952407881,119446.81252497621,120769.5988537508,121559.96737399203,122270.124666556,hurricane_cat3,121835.7014722952,-2388.888947318992,-1.9607462496222527
Quebradillas,North,2030,21134.21410583342,21195.829389986196,21306.052426560513,21467.799171170424,21606.911313905293,21703.65510439164,21756.159186424487,hurricane_cat3,21718.489381874017,-250.69021070359304,-1.1542709361398589
Rincón,West,2030,13481.69960654519,13622.37315903359,13848.056416948819,14081.951904293126,14314.31097553462,14572.249359757929,14678.311451141119,hurricane_cat3,14244.388569365885,-162.43666507275884,-1.1403554759949237
Río Grande,East,2030,40041.255139198394,40232.26171748604,40398.48999226312,40663.288076497505,40913.48055398454,41179.5216076026,41248.67895202102,hurricane_cat3,41547.05316009508,-883.7650835975728,-2.1271426403988802
Sabana Grande,West,2030,20159.144991605648,20259.596198162373,20410.883457073396,20623.111684165953,20837.52125638899,20983.988816087283,21051.50038895212,hurricane_cat3,20905.327787036724,-282.21610287077056,-1.3499721494238957
Salinas,South,2030,22202.795630622517,22276.473751422847,22419.75613839896,22624.99325698542,22780.922697020025,22921.61910348774,22979.768313340766,hurricane_cat3,22996.56796986937,-371.57471288395027,-1.6157833350211037
San Germán,West,2030,27852.784248556796,27992.76416097261,28257.591005583392,28573.674508794273,28931.110183088287,29214.047954400776,29429.34107549551,hurricane_cat3,29026.13266835802,-452.45815956374645,-1.558795877953732
San Juan,Metro,2030,299593.7651559916,301445.5463843707,305345.97101044893,309290.9050966506,313826.77754922997,318130.45471928763,320657.13398746675,hurricane_cat3,313570.74356182804,-4279.838465177454,-1.3648717404446185
San Lorenzo,East,2030,31974.28183174038,32277.321273313515,32667.109673716277,32995.144213773514,33292.38521815196,33563.43518509736,33765.45506651342,hurricane_cat3,33723.683622525394,-728.5394087518798,-2.1603197826979352
San Sebastián,West,2030,34177.18041735486,34774.72370162902,35229.84971073182,35906.78809791885,36698.28703397859,37203.57990715644,37657.8479831873,hurricane_cat3,36389.793602099926,-483.0055041810774,-1.3273103702165678
Santa Isabel,South,2030,17569.713890638064,17627.245642913764,17809.144289047337,17963.97587923882,18103.159184535652,18275.73571618882,18364.262609403144,hurricane_cat3,18286.112818647067,-322.1369394082467,-1.761647992676448
Toa Alta,Metro,2030,59102.00514300062,59533.181609192965,60167.77842703296,60925.71713318491,61701.41592519064,62464.625104207254,62721.53031573989,hurricane_cat3,61837.095974803306,-911.3788416183961,-1.4738383606981715
Toa Baja,Metro,2030,67222.80845471905,67400.65214066154,67658.1342041377,68091.19740305751,68432.01385145204,68675.43104179329,68987.27239556891,hurricane_cat3,69008.37393374855,-917.1765306910384,-1.3290800498669526
Trujillo Alto,Metro,2030,59940.55667880105,60137.09244458212,60743.99300682558,61606.37547499758,62331.62171322307,62719.72993626153,62981.09392196854,hurricane_cat3,62332.9130376063,-726.5375626087189,-1.1655761414044437
Utuado,Central Mountains,2030,25124.85189262317,25260.656768395525,25440.47522839569,25697.579712454593,25903.516531633402,26053.36294254642,26107.199069717528,hurricane_cat3,26035.619712503343,-338.0400000487498,-1.2983750868292545
Vega Alta,North,2030,31567.467786322333,31654.83471130748,31828.227504104274,32000.715261010308,32165.789116072898,32301.545444484324,32411.95538799255,hurricane_cat3,32407.4615294028,-406.7462683924932,-1.2551006749586309
Vega Baja,North,2030,46991.90121327713,47551.45516045375,48451.80335892581,49186.86736793633,50003.24809765252,50560.6455709411,51296.61644037147,hurricane_cat3,49774.03328269624,-587.165914759913,-1.1796631215819897
Vieques,East,2030,7035.133084320872,7048.094751909642,7088.713975129589,7119.848920167931,7165.199312576044,7208.724684204996,7224.617948156068,hurricane_cat3,7291.941246743885,-172.09232657595385,-2.360034464797687
Villalba,South,2030,19119.20199424333,19162.85181570288,19306.10895543696,19438.309974179603,19583.3826354836,19727.75351767261,19810.914184626487,hurricane_cat3,19782.9354313594,-344.6254571797981,-1.7420339786051502
Yabucoa,East,2030,25144.96484377888,25297.385766447158,25515.68622641832,25782.67930516712,25996.58637329316,26275.208282575117,26426.12166884633,hurricane_cat3,26403.347347586023,-620.6680424189035,-2.35071725659682
Yauco,South,2030,29290.451145762683,29367.507604567916,29539.422751250364,29700.55166106346,29913.511786807558,30082.355813542974,30226.935499224383,hurricane_cat3,30440.912489701623,-740.3608286381641,-2.432124296170929
Adjuntas,Central Mountains,2030,15953.732103219947,16028.903154022531,16125.338835340797,16248.806704222301,16371.359150318323,16465.391508498447,16524.360109989648,hurricane_cat4,16647.181575143695,-398.3748709213942,-2.393046949858571
Aguada,West,2030,33402.20553734984,33483.05877301376,33765.64113601251,34053.29064402191,34322.87459135778,34565.91414242969,34675.76936280046,hurricane_cat4,34859.66725551234,-806.3766114904283,-2.3132079993188017
Aguadilla,West,2030,47050.19573425951,47657.24757283719,48481.0395486771,49204.95212021159,50012.94190422761,50961.53523335163,51351.02062386697,hurricane_cat4,50417.569028251695,-1212.6169080401087,-2.4051475138767873
Aguas Buenas,Central Mountains,2030,21213.773993351257,21249.144838912984,21363.176438804094,21485.51056284606,21617.86064491658,21724.686188263975,21777.13804784398,hurricane_cat4,22086.09770908545,-600.5871462393916,-2.7192995075464643
Aibonito,Central Mountains,2030,20994.652534675755,21313.045795278875,21664.295968480554,22184.971745635557,22731.779797212323,23140.55641925016,23452.212092141,hurricane_cat4,22731.402166710017,-546.4304210744594,-2.403857083109035
Arecibo,North,2030,75962.5039767327,76752.09006502347,77470.78111460446,78716.25394836158,79590.83184637455,80612.60415450574,81127.14497387779,hurricane_cat4,80310.6389455789,-1594.3849972173193,-1.985272459726944
Arroyo,South,2030,13158.4478226384,13235.740831615085,13434.581712133224,13609.642798554602,13754.869682251496,13967.482027264643,14055.025062295605,hurricane_cat4,14093.527209486529,-483.88441093192705,-3.433380471328841
Añasco,West,2030,22388.84907109523,22454.54437120208,22563.992854125412,22680.80180323625,22800.13927467037,22914.78921174521,22985.418946377722,hurricane_cat4,23278.3665829994,-597.56477976315,-2.5670391332335236
Barceloneta,North,2030,20233.140434368648,20340.276342777444,20453.06645474162,20604.342044300436,20757.122439823892,20888.24861478871,21034.815575550856,hurricane_cat4,21045.245601220828,-440.90355692039157,-2.0950269019184784
Barranquitas,Central Mountains,2030,25667.06552161196,25821.20887370224,26116.421918612632,26365.956687878544,26561.87553555624,26768.4532601938,26949.104229261695,hurricane_cat4,26980.262347385942,-614.3056595073976,-2.2768705937617257
Bayamón,Metro,2030,159177.91338436224,159915.54580539736,162222.4829718511,165555.56645449932,168978.52832584622,171427.67955042035,172778.2312192533,hurricane_cat4,169446.80948216617,-3891.2430276668456,-2.2964392422368913
Cabo Rojo,West,2030,41936.68945389459,42089.81911335092,42234.90898110196,42432.75765796078,42656.07004995811,42810.76195524159,42893.82983899571,hurricane_cat4,43532.96597100729,-1100.2083130465107,-2.5272992283118114
Caguas,East,2030,107242.53131178416,107721.3075698261,108332.3292998265,109074.24720910907,109720.41825070624,110244.65588044001,110647.36393514444,hurricane_cat4,113363.7689145086,-4289.521705399529,-3.783855941340836
Camuy,North,2030,28738.155770084788,28969.736343330034,29370.348489121745,29752.69496800707,30083.891916765795,30481.226609357404,30719.932058820046,hurricane_cat4,30339.18476970377,-586.4898016967018,-1.9331099571349102
Canóvanas,East,2030,35159.953092930904,35336.825360425704,35769.98524830899,36166.81633249982,36579.68950469997,36974.54790896616,37177.357215304044,hurricane_cat4,37599.62264991276,-1432.806317412942,-3.8106933432648864
Carolina,Metro,2030,135535.85661208813,136254.9770064371,137172.35023208498,138662.7148442966,140318.52908951946,141560.3665220971,142024.96522384972,hurricane_cat4,141932.0138946838,-3269.299050387199,-2.303426098648244
Cataño,Metro,2030,20195.31633353593,20224.095969672486,20331.707217964675,20427.117772606412,20520.540269699522,20661.033861165644,20719.148057081693,hurricane_cat4,20969.203016134095,-542.0852435276829,-2.5851494837957953
Cayey,Central Mountains,2030,36671.18760062676,36754.59478613286,36908.95389282835,37083.43768014395,37258.05543602971,37401.85438560908,37533.43805377388,hurricane_cat4,38086.7952469601,-1003.3575668161502,-2.6343974606165723
Ceiba,East,2030,9351.222891460297,9394.969794149558,9482.05677842037,9596.207634551381,9677.268436158094,9773.080965324285,9825.774168222833,hurricane_cat4,9978.408707773167,-382.2010732217859,-3.830280803431631
Ciales,Central Mountains,2030,14805.755155744682,14921.245535595845,15069.857829095043,15262.345521006659,15488.423146611618,15679.8691075958,15760.390908064706,hurricane_cat4,15658.303086217293,-395.95756521063413,-2.528738670023336
Cidra,Central Mountains,2030,35433.558080414754,35599.35600282182,35898.31194735006,36243.51346852917,36495.82424079611,36761.01331630775,36901.909327981826,hurricane_cat4,37080.33487365955,-836.8214051303803,-2.256779524730846
Coamo,South,2030,28761.729965672235,28924.68140430523,29384.591001759196,29951.04020178883,30557.406582814314,30927.023395078635,31242.2551690482,hurricane_cat4,31152.415515213885,-1201.3753134250546,-3.8564435327281115
Comerío,Central Mountains,2030,16696.648697551675,16737.97348544097,16812.034225844298,16907.0904025926,16968.40064710863,17048.156817297848,17075.88675451532,hurricane_cat4,17301.10597745925,-394.01557486665115,-2.277401082797796
Corozal,Central Mountains,2030,30183.646911003638,30356.02460858395,30669.329433388513,31086.14610646432,31449.78585794825,31706.161613006323,31880.56456042664,hurricane_cat4,31823.819648701457,-737.6735422371385,-2.317991838755404
Culebra,East,2030,1060.1351097041768,1078.0283353588854,1108.8935969223376,1147.708225510767,1190.1904766608102,1221.127734111523,1248.3473902841647,hurricane_cat4,1180.105559312577,-32.397333801809964,-2.7452911772300883
Dorado,North,2030,32530.020425346152,32689.647212335145,32853.57797992552,33021.57771697419,33175.522708158715,33290.859808030786,33361.12729550817,hurricane_cat4,33753.78543226719,-732.2077152929996,-2.1692610352172235
Fajardo,East,2030,25806.519954550033,26031.655592592917,26466.42791419972,27190.992956062226,27745.727994639637,28117.56153928794,28626.758457106156,hurricane_cat4,28262.108458523766,-1071.11550246154,-3.7899348664430406
Florida,North,2030,10328.124070687036,10368.068974186797,10403.025069890895,10477.271031027572,10541.886835333442,10605.400787692437,10633.611894070898,hurricane_cat4,10695.185279016081,-217.91424798850858,-2.037498578131747
Guayama,South,2030,30242.84110356295,30317.71283411627,30822.148848348777,31221.814768687967,31600.725817615108,31933.995137639267,32279.889579676594,hurricane_cat4,32338.237816122353,-1116.4230474343858,-3.4523311189139343
Guayanilla,South,2030,15020.47638068659,15062.505916886386,15138.658075345822,15214.131423782559,15284.459365411718,15375.325500801284,15409.41722249134,hurricane_cat4,15842.0905790383,-627.9591552557413,-3.9638654514867806
Guaynabo,Metro,2030,78215.39683075997,78826.7783827278,80140.29093210821,81066.79264187074,82135.77715400854,83323.26655631226,84131.9066606684,hurricane_cat4,82912.2346749084,-1845.4420330376597,-2.2257777037049795
Gurabo,East,2030,32164.444821781814,32636.665328873183,33645.13161948732,34693.91149834123,35765.0256224321,36567.01215841482,37620.72723304937,hurricane_cat4,36179.665216461544,-1485.7537181203152,-4.106598856653615
Guánica,West,2030,10508.079401750578,10618.304101859498,10765.199474013438,10946.89802724096,11125.155717760439,11262.03211261322,11389.73908935496,hurricane_cat4,11335.862882680696,-388.9648554397354,-3.4312769964252894
Hatillo,North,2030,34122.499078494715,34224.78850519322,34452.76017356281,34635.58617972213,34838.774871205824,34970.85620760103,35060.58682924957,hurricane_cat4,35368.99650051414,-733.4103207920125,-2.0735966336544247
Hormigueros,West,2030,14052.81988951244,14075.75449013644,14115.115520137839,14167.996335671663,14217.19420256195,14271.949671380044,14312.946385160276,hurricane_cat4,14549.020087097077,-381.02375142541314,-2.6188963184079133
Humacao,East,2030,42906.50740807698,42974.63248517481,43141.197380271304,43355.18337487052,43550.240190969766,43725.855621724375,43863.91048096722,hurricane_cat4,45129.71975553989,-1774.5363806693713,-3.9320793266205434
Isabela,West,2030,37946.37262557603,38210.3839526308,38540.370315651104,39026.63083277839,39493.5242322776,39826.152317279484,40152.03747561516,hurricane_cat4,39926.01246073446,-899.3816279560706,-2.252620716482955
Jayuya,Central Mountains,2030,12999.184079397577,13049.321387730217,13146.949911930607,13284.815749920483,13476.410627803903,13612.204742542364,13686.70811834071,hurricane_cat4,13621.04626839892,-336.23051847843817,-2.468463228544339
Juana Díaz,South,2030,39652.25256112586,39880.733696022304,40196.57748154185,40570.47473588711,40931.9298441541,41193.67733423141,41353.48156197695,hurricane_cat4,42155.15328884795,-1584.6785529608387,-3.75915737300868
Juncos,East,2030,31240.112572838712,31375.09257048975,31594.601747154502,31823.25753519838,32036.825672133906,32233.063664746795,32322.58870489273,hurricane_cat4,33106.945590090705,-1283.6880548923255,-3.8773980263420866
Lajas,West,2030,20368.901083578632,20467.67072168198,20592.011573714914,20821.08455799875,21072.805443173907,21285.236151225767,21390.015536767878,hurricane_cat4,21422.921487632306,-601.836929633555,-2.80931305275521
Lares,Central Mountains,2030,23159.274844653166,23479.899936634345,24150.469010757686,25023.572699375778,25657.611671778475,26222.173136777703,26606.148147060703,hurricane_cat4,25590.747049413683,-567.1743500379052,-2.2163258811582836
Las Marías,West,2030,7408.30500133521,7516.241145311158,7656.997922396629,7832.955027360699,8045.968505722786,8204.189903896418,8266.885382910606,hurricane_cat4,8049.579860901684,-216.62483354098458,-2.6911321744029393
Las Piedras,East,2030,29270.437814086155,29401.720862921396,29590.61896167193,29986.369067689666,30297.566222668574,30680.213964220322,30789.404974354708,hurricane_cat4,31230.785702213627,-1244.416634523961,-3.9845831814463675
Loíza,East,2030,19460.237390592803,19520.267553974783,19625.34701215831,19739.549521863788,19839.59743902393,19931.273389569476,19982.083982997487,hurricane_cat4,20512.134818766455,-772.5852969026673,-3.7664792267055143
Luquillo,East,2030,15033.244382212095,15071.970980021522,15141.414930007737,15207.034946900225,15313.001630265771,15372.401811141313,15423.071193030926,hurricane_cat4,15806.022570802419,-598.9876239021942,-3.7896164023495102
Manatí,North,2030,34825.035362696595,34926.32860741331,35360.86378143154,35750.22817403579,36130.97287948377,36543.91537686385,36757.772286992215,hurricane_cat4,36535.84858434396,-785.6204103081764,-2.150272788914567
Maricao,West,2030,4359.939146725292,4409.421177851623,4485.751372732256,4572.299491879316,4648.2667721916405,4732.329230300825,4775.160542133749,hurricane_cat4,4677.782158268017,-105.48266638870155,-2.254971754130536
Maunabo,East,2030,8776.571761498533,8814.725593397685,8868.933772132514,8935.195842166155,9001.778415615438,9082.51082815135,9106.811743155711,hurricane_cat4,9309.07364214358,-373.87779997742473,-4.016272879020137
Mayagüez,West,2030,63766.00035875797,64093.882875683594,64644.88497700905,65079.290079351405,65655.90192676178,66047.29989168597,66426.2525513324,hurricane_cat4,66867.39021199415,-1788.1001326427431,-2.674098879848324
Moca,West,2030,32925.92733381179,33086.516484567495,33563.03613656471,33999.253462838904,34387.3845799132,34888.55178057743,35150.26167185943,hurricane_cat4,34742.95357387347,-743.7001110345664,-2.140578259857058
Morovis,Central Mountains,2030,25289.756634650505,25379.46930464272,25591.045206914823,25862.124717274746,26126.59790119698,26317.872761146995,26480.039539257432,hurricane_cat4,26552.394959899975,-690.270242625229,-2.599653416076744
Naguabo,East,2030,18866.607868095933,19181.09314761974,19542.053598347982,19968.6561454428,20316.881106230183,20608.099577109744,20846.11052765342,hurricane_cat4,20835.569424872057,-866.9132794292564,-4.160737159380897
Naranjito,Central Mountains,2030,25643.15017422062,25760.251647627585,26125.04861960315,26415.80188547132,26681.42512128547,27025.446488617785,27168.77039105233,hurricane_cat4,27054.91814229432,-639.1162568229993,-2.3622923324387513
Orocovis,Central Mountains,2030,18768.9133439209,18871.695130190838,19041.65291999419,19256.029327968536,19439.963296950453,19654.239655376317,19783.435609247914,hurricane_cat4,19689.119154910142,-433.0898269416066,-2.1996404386308015
Patillas,South,2030,13673.992785790893,13693.994777647082,13738.162575741593,13798.865001597369,13844.174389287393,13892.399335503706,13928.127131780617,hurricane_cat4,14289.465266436884,-490.60026483951515,-3.4333003768296195
Peñuelas,South,2030,16956.537119572233,17064.620348833505,17274.46064287234,17527.145660387534,17786.71402875307,17996.144292392077,18196.67346999212,hurricane_cat4,18236.39065058706,-709.2449901995242,-3.889174145195735
Ponce,South,2030,114447.60853291857,115097.63751518137,115939.45213131653,117183.2209754695,118473.29252822322,119458.581957224,120112.98536660607,hurricane_cat4,121835.7014722952,-4652.480496825694,-3.818651216846848
Quebradillas,North,2030,20954.758854874264,21026.912314750734,21129.354278560626,21266.238689848906,21400.52547599034,21530.63805886648,21584.64046170932,hurricane_cat4,21718.489381874017,-452.25069202511077,-2.0823303318809714
Rincón,West,2030,13314.3593204205,13509.565515143664,13711.08790309279,13926.484516277736,14159.906044519319,14394.62254805764,14529.883002341114,hurricane_cat4,14244.388569365885,-317.90405308814843,-2.2317844780774645
Río Grande,East,2030,39396.2265780646,39527.792774309506,39703.63594644639,39969.26690877021,40221.687532817436,40501.595131506605,40568.590713570426,hurricane_cat4,41547.05316009508,-1577.7862513248692,-3.7975888331841885
Sabana Grande,West,2030,19957.78990817508,20026.142122417397,20169.178897649537,20378.008990211994,20588.761717540285,20738.03060336934,20841.972321887508,hurricane_cat4,20905.327787036724,-527.3187968247294,-2.5224134354483394
Salinas,South,2030,21759.54719988423,21880.220750516368,22012.17177691818,22212.476577526315,22361.960558448067,22518.29573269417,22581.77850077729,hurricane_cat4,22996.56796986937,-784.0913923430562,-3.4096017865378463
San Germán,West,2030,27477.3026291381,27694.746553160014,27904.02148824665,28240.837846004044,28606.311690191225,28920.41235888582,29091.064766353506,hurricane_cat4,29026.13266835802,-785.2948223539752,-2.7054752051417483
San Juan,Metro,2030,296404.2703635996,298505.0779216089,302118.9399230817,306350.39628907933,310680.4334976092,314604.3375562975,316949.193950152,hurricane_cat4,313570.74356182804,-7220.34727274871,-2.302621472505149
San Lorenzo,East,2030,31402.74617703621,31714.17856474903,32099.782420342606,32428.183555600895,32729.24677783353,32983.41549789291,33191.5282299243,hurricane_cat4,33723.683622525394,-1295.5000669244982,-3.841514116385501
San Sebastián,West,2030,33656.98712908992,34286.259766577496,34856.23964372906,35498.74794594712,36290.29705243047,36828.615551649185,37256.60814378904,hurricane_cat4,36389.793602099926,-891.0456561528044,-2.448614207312749
Santa Isabel,South,2030,17232.041224577984,17288.126883510085,17475.807647284426,17624.13922888825,17763.20308497022,17908.563373704183,18013.326461003715,hurricane_cat4,18286.112818647067,-661.973589758818,-3.6200891699835602
Toa Alta,Metro,2030,58471.983788373494,58832.84373702755,59555.318262776695,60308.53896405894,61097.27762476533,61807.7124334146,62093.005356206464,hurricane_cat4,61837.095974803306,-1528.5570107443637,-2.4719094366384913
Toa Baja,Metro,2030,66429.73779996153,66577.12132226842,66938.29647339921,67344.63602863473,67698.80042928756,67976.66945896002,68134.58400538734,hurricane_cat4,69008.37393374855,-1663.7379051138123,-2.4109217624966544
Trujillo Alto,Metro,2030,59330.59628940788,59544.7828345922,60164.26869395228,60890.30719396402,61673.491899791334,62108.207243269775,62337.97954791243,hurricane_cat4,62332.9130376063,-1442.6058436422754,-2.31435653066933
Utuado,Central Mountains,2030,24862.483364663003,24944.728049824098,25142.96927192463,25387.99597235472,25608.934830985647,25785.283843073375,25842.169059816817,hurricane_cat4,26035.619712503343,-647.6237401486214,-2.4874527562622473
Vega Alta,North,2030,31231.501175989266,31345.21387955519,31533.615578336343,31698.68586635867,31873.38638737912,32000.81595758384,32123.014564528163,hurricane_cat4,32407.4615294028,-708.775663044129,-2.1870755362960703
Vega Baja,North,2030,46627.69334790289,47114.07706532027,47976.48555526597,48700.64504906209,49520.110888049174,50166.812363074,50722.41477387432,hurricane_cat4,49774.03328269624,-1073.3882336341485,-2.1565225135317854
Vieques,East,2030,6922.480978513173,6937.746742172963,6974.689138503547,7004.564276865498,7049.4022145604395,7089.939661532273,7108.987389901673,hurricane_cat4,7291.941246743885,-287.3769698783872,-3.9410214667693784
Villalba,South,2030,18745.908640705296,18834.563849353744,18949.58453418457,19084.344955303,19240.704649074927,19387.384741092923,19453.041680608367,hurricane_cat4,19782.9354313594,-698.5904760564008,-3.531278148686737
Yabucoa,East,2030,24684.02325154024,24856.3513832475,25045.886551070405,25313.63138168425,25551.096442343154,25804.552930061214,25968.845173528993,hurricane_cat4,26403.347347586023,-1089.7159659017743,-4.1271886914800735
Yauco,South,2030,28793.700672311516,28900.553193031898,29036.880771157128,29208.458510695018,29439.472180814857,29618.585275451365,29722.559237308305,hurricane_cat4,30440.912489701623,-1232.4539790066046,-4.048676199912051
Adjuntas,Central Mountains,2030,15727.2671119782,15780.982888206972,15906.573426318333,16016.152199082608,16143.19485655322,16260.559128923602,16318.898624037643,hurricane_cat5_maria_like,16647.181575143695,-631.0293760610875,-3.7906078768510136
Aguada,West,2030,32917.0448127858,33077.76697144566,33327.31923523152,33552.511831481796,33860.30885428349,34106.3200812705,34305.74146749818,hurricane_cat5_maria_like,34859.66725551234,-1307.1554240305413,-3.749764489859959
Aguadilla,West,2030,46234.49599301209,46863.42145742348,47767.29319332812,48517.656414022014,49233.45047759919,50261.34913619164,50669.82724642568,hurricane_cat5_maria_like,50417.569028251695,-1899.912614229681,-3.7683542678645554
Aguas Buenas,Central Mountains,2030,20874.113457969095,20923.685839417663,21040.609711172943,21173.873138629424,21300.48824695863,21433.2147419132,21484.8697966402,hurricane_cat5_maria_like,22086.09770908545,-912.2245704560264,-4.1303112141932115
Aibonito,Central Mountains,2030,20706.529916300868,20946.131124222655,21301.42278419016,21841.75595374439,22305.64116814617,22760.23786222108,23093.62671590849,hurricane_cat5_maria_like,22731.402166710017,-889.6462129656284,-3.9137322301591637
Arecibo,North,2030,74996.8559675301,75645.9193549287,76414.90815525225,77540.00849694411,78507.79600414689,79408.53019145447,80060.9641486921,hurricane_cat5_maria_like,80310.6389455789,-2770.6304486347944,-3.449892174948656
Arroyo,South,2030,12844.560771995313,12923.422028705401,13130.769798640353,13314.57865315483,13469.752523427735,13673.756846161645,13780.851183544586,hurricane_cat5_maria_like,14093.527209486529,-778.9485563316994,-5.526995086136985
Añasco,West,2030,22055.02378651271,22108.788146052804,22232.317614242907,22355.131600570843,22485.54588792324,22598.861052029086,22661.403062138546,hurricane_cat5_maria_like,23278.3665829994,-923.2349824285557,-3.966064281773148
Barceloneta,North,2030,19959.629369747763,20029.290286598767,20188.157531546414,20314.17601120117,20482.72066684939,20644.779318151956,20701.883862125524,hurricane_cat5_maria_like,21045.245601220828,-731.0695900196588,-3.473799279288286
Barranquitas,Central Mountains,2030,25239.279152627005,25446.4784888927,25766.351424873876,26011.078134124415,26196.49572238376,26383.119815173213,26564.570088041186,hurricane_cat5_maria_like,26980.262347385942,-969.1842132615275,-3.59219714316614
Bayamón,Metro,2030,156685.79153449845,157700.7708519406,159833.5249247813,162960.4761505006,166233.29254687647,168746.1912048963,170090.46292106077,hurricane_cat5_maria_like,169446.80948216617,-6486.333331665577,-3.8279465700699706
Cabo Rojo,West,2030,41341.52701840704,41481.75573076891,41671.92163980372,41831.551055873875,42062.20011951687,42209.46961179033,42330.31711102669,hurricane_cat5_maria_like,43532.96597100729,-1701.4149151334132,-3.908336767741821
Caguas,East,2030,104937.79549121442,105410.18325190553,106055.49007694417,106736.36595360453,107420.53646414645,107964.04161435441,108304.93651861623,hurricane_cat5_maria_like,113363.7689145086,-6627.402960904074,-5.84613851882608
Camuy,North,2030,28414.776966784626,28572.76912762485,28934.2156593285,29321.83375406082,29670.053449560743,30028.27745061413,30265.183557143395,hurricane_cat5_maria_like,30339.18476970377,-1017.3510156429511,-3.3532575887103655
Canóvanas,East,2030,34373.848261717285,34555.93875274706,34995.763545497604,35397.21615720467,35822.316665940016,36238.047724022435,36440.265399009484,hurricane_cat5_maria_like,37599.62264991276,-2202.406492708091,-5.857522861903512
Carolina,Metro,2030,133795.87915272405,134209.08822550482,135422.22865028773,136859.10238424386,138556.20815692985,139617.42740796623,140463.56561196322,hurricane_cat5_maria_like,141932.0138946838,-5072.911510439939,-3.5741841260733
Cataño,Metro,2030,19928.60294038424,19987.63119217002,20069.51374789964,20171.085873046122,20291.653873202962,20400.714007291255,20458.843040279062,hurricane_cat5_maria_like,20969.203016134095,-798.1171430879731,-3.8061396156729796
Cayey,Central Mountains,2030,36044.7486896228,36111.735683005696,36309.217685305484,36494.419217655595,36684.075941350486,36877.90706479762,36956.96452336916,hurricane_cat5_maria_like,38086.7952469601,-1592.3760293045052,-4.180913670943739
Ceiba,East,2030,9143.9519027203,9196.261655435015,9280.420866332572,9386.458117216942,9469.449782387783,9567.80689728017,9641.720860959773,hurricane_cat5_maria_like,9978.408707773167,-591.9505905562255,-5.932314539242081
Ciales,Central Mountains,2030,14603.381493181165,14701.53118815264,14830.155374457594,15039.095245967936,15274.225756051908,15419.555225964034,15539.301648305405,hurricane_cat5_maria_like,15658.303086217293,-619.2078402493571,-3.954501562780417
Cidra,Central Mountains,2030,34819.76412001245,35034.65848302068,35400.260292726256,35686.28055595072,35993.50759844605,36231.8548395167,36357.897104231975,hurricane_cat5_maria_like,37080.33487365955,-1394.054317708833,-3.75955158565495
Coamo,South,2030,28092.96322921213,28338.805273923856,28753.733280207212,29319.362134692878,29896.10567488361,30386.570733481356,30606.055632452386,hurricane_cat5_maria_like,31152.415515213885,-1833.053380521007,-5.884145258738604
Comerío,Central Mountains,2030,16452.41439025538,16500.981939298632,16571.460129695588,16653.267370386187,16749.5656734816,16804.988370083942,16850.215185973666,hurricane_cat5_maria_like,17301.10597745925,-647.838607073063,-3.744492449887884
Corozal,Central Mountains,2030,29676.133965516332,29879.493463857005,30249.827387218113,30630.200370819082,30957.487735049617,31281.422319671176,31423.763983742643,hurricane_cat5_maria_like,31823.819648701457,-1193.6192778823752,-3.7507102888923005
Culebra,East,2030,1036.728225437761,1055.2096540604784,1085.6062982557023,1124.3263129074294,1166.3610184382246,1196.3739073365514,1223.5730940517128,hurricane_cat5_maria_like,1180.105559312577,-55.77924640514766,-4.726631949572343
Dorado,North,2030,32109.416191792978,32246.53431673057,32419.868484628714,32574.952096453344,32706.416857651388,32844.078869574085,32920.46783396773,hurricane_cat5_maria_like,33753.78543226719,-1178.833335813848,-3.4924477972385675
Fajardo,East,2030,25278.371055090178,25509.41248840767,25910.69126006906,26594.418139625934,27193.734669273075,27554.608971158374,28030.221465365943,hurricane_cat5_maria_like,28262.108458523766,-1667.6903188978322,-5.900799373639308
Florida,North,2030,10199.194569191832,10227.535539923832,10270.212125428074,10348.944035441546,10410.599537628286,10467.364512794516,10499.533400082239,hurricane_cat5_maria_like,10695.185279016081,-346.2412435745355,-3.2373561985303767
Guayama,South,2030,29542.988240100934,29686.382889930523,30153.50362602785,30560.19850766001,30943.62216082394,31286.172185365052,31661.405104537997,hurricane_cat5_maria_like,32338.237816122353,-1778.039308462343,-5.498256641479378
Guayanilla,South,2030,14738.574714150673,14765.040030859744,14842.362692803968,14911.87697339879,14987.693154983594,15079.300034631407,15105.090099565663,hurricane_cat5_maria_like,15842.0905790383,-930.2136056395102,-5.8717856775187
Guaynabo,Metro,2030,77054.77701756141,77801.41184065804,78894.97392192329,80007.25814695813,80953.29764292529,82176.23590270155,82784.30730943549,hurricane_cat5_maria_like,82912.2346749084,-2904.976527950261,-3.503676555505251
Gurabo,East,2030,31502.644865321407,31916.761360122804,32981.69715402652,33935.569209864196,34993.8556151243,35874.97658505082,36787.65791684194,hurricane_cat5_maria_like,36179.665216461544,-2244.0960065973486,-6.202644477694884
Guánica,West,2030,10319.947934444854,10429.826576230953,10588.474941585435,10759.145891669552,10928.017932090726,11062.933000939169,11200.071769496257,hurricane_cat5_maria_like,11335.862882680696,-576.7169910111443,-5.087543815409689
Hatillo,North,2030,33702.55230242347,33800.63585282929,34013.95156725739,34200.115785954215,34396.55644358711,34555.41992268764,34636.38738435996,hurricane_cat5_maria_like,35368.99650051414,-1168.8807145599276,-3.3048172982316197
Hormigueros,West,2030,13851.622309165456,13878.57492802609,13914.995729853366,13973.652687261761,14023.361012228484,14072.27804801461,14100.607556309646,hurricane_cat5_maria_like,14549.020087097077,-575.3673998353152,-3.954681458894848
Humacao,East,2030,41973.72079962664,42085.839923499094,42230.38572263439,42444.41781882389,42634.410957644766,42809.75380670167,42907.59195442514,hurricane_cat5_maria_like,45129.71975553989,-2685.3019367160014,-5.950185268736059
Isabela,West,2030,37309.54159344148,37727.536486031335,38045.09572528267,38506.44309880557,38935.17227838257,39327.209829016545,39637.1864633209,hurricane_cat5_maria_like,39926.01246073446,-1419.569361928894,-3.5554999721672185
Jayuya,Central Mountains,2030,12757.770540300875,12838.706767237396,12957.035756539039,13095.714287004692,13256.90124035464,13414.919391319914,13494.485929987493,hurricane_cat5_maria_like,13621.04626839892,-525.3319813942289,-3.8567667346744785
Juana Díaz,South,2030,38772.70965377205,39054.796962949935,39336.528695840694,39737.79860074161,40108.68670664114,40371.155956096976,40530.49606417246,hurricane_cat5_maria_like,42155.15328884795,-2417.3546881063376,-5.734422720616327
Juncos,East,2030,30582.18304783351,30692.533209721896,30895.062110215094,31134.96655888518,31347.93547009592,31541.201446332747,31630.44252338131,hurricane_cat5_maria_like,33106.945590090705,-1971.9790312055266,-5.956390709131932
Lajas,West,2030,20088.034848220548,20172.326698192872,20300.412286929713,20533.85107706738,20803.498384929015,20995.825676738725,21102.35642056093,hurricane_cat5_maria_like,21422.921487632306,-889.0704105649274,-4.15008947812369
Lares,Central Mountains,2030,22730.794004232983,23032.060994734184,23708.628377519668,24622.32792450647,25210.037464306082,25816.713402939997,26144.35367413471,hurricane_cat5_maria_like,25590.747049413683,-968.4191249072137,-3.7842550005956213
Las Marías,West,2030,7308.1055718542775,7390.4109914223445,7551.293871015387,7726.464767603487,7955.121899334516,8079.9962820288565,8148.452920054354,hurricane_cat5_maria_like,8049.579860901684,-323.11509329819637,-4.014061589321287
Las Piedras,East,2030,28629.565594704283,28773.250603675377,28952.234657208104,29357.254011564677,29668.898583762646,30053.86964983082,30144.8339938781,hurricane_cat5_maria_like,31230.785702213627,-1873.5316906489497,-5.998989934205063
Loíza,East,2030,19024.524472166933,19100.257475189064,19214.624975793973,19314.417498035084,19419.68729241301,19515.656650432556,19566.12131084862,hurricane_cat5_maria_like,20512.134818766455,-1197.7173207313717,-5.839067124478851
Luquillo,East,2030,14715.795890772752,14754.515490184114,14825.105123586052,14892.646158012121,14991.585072236994,15052.258258826447,15110.50681819258,hurricane_cat5_maria_like,15806.022570802419,-913.3764127902978,-5.778660688980205
Manatí,North,2030,34283.98754413272,34470.47365392801,34875.04637381162,35237.83069149809,35657.830353349906,36081.954938174655,36291.537903611366,hurricane_cat5_maria_like,36535.84858434396,-1298.01789284587,-3.552724086452684
Maricao,West,2030,4310.213295688287,4366.906401982725,4431.126351914307,4513.375063341627,4604.147431120836,4687.361099956786,4736.147734671036,hurricane_cat5_maria_like,4677.782158268017,-164.40709492639053,-3.5146376929032423
Maunabo,East,2030,8586.959997881422,8623.4377831975,8678.208229648506,8739.909648321453,8812.179728611336,8885.574837565115,8914.427586576967,hurricane_cat5_maria_like,9309.07364214358,-569.1639938221269,-6.114077680570016
Mayagüez,West,2030,62851.49047200327,63194.45287821656,63697.15871726074,64150.41973592715,64697.17630914223,65049.861446463015,65509.735827064615,hurricane_cat5_maria_like,66867.39021199415,-2716.9704760669993,-4.063221949373538
Moca,West,2030,32344.967135417024,32484.719397050278,33044.80872208948,33551.32180095218,33906.25699876187,34349.77746432682,34717.806401521266,hurricane_cat5_maria_like,34742.95357387347,-1191.6317729212897,-3.4298516687348966
Morovis,Central Mountains,2030,24882.109438816944,25004.514010707135,25237.7430576687,25438.27401435518,25719.43134496318,26010.057619292795,26095.63628389438,hurricane_cat5_maria_like,26552.394959899975,-1114.120945544797,-4.195933915668879
Naguabo,East,2030,18464.76519813637,18790.28487039174,19117.338714045018,19537.8763883921,19895.684897550578,20178.14465324036,20462.200299390643,hurricane_cat5_maria_like,20835.569424872057,-1297.6930364799591,-6.228258081254372
Naranjito,Central Mountains,2030,25277.357612392563,25415.260435521282,25725.81841795217,26007.695026790116,26292.629390273993,26612.92783491696,26806.66598487093,hurricane_cat5_maria_like,27054.91814229432,-1047.2231155042027,-3.8707310441538665
Orocovis,Central Mountains,2030,18519.700755997845,18594.106420588043,18759.456920036377,18975.9431246456,19165.424928435357,19375.46178643755,19509.114295988104,hurricane_cat5_maria_like,19689.119154910142,-713.1760302645416,-3.622183525090239
Patillas,South,2030,13367.671964267458,13389.712218004264,13431.35241428516,13491.665819808444,13546.081436770715,13590.63085512838,13629.763641675807,hurricane_cat5_maria_like,14289.465266436884,-797.7994466284399,-5.5831301714439405
Peñuelas,South,2030,16595.74821750695,16724.42015396357,16936.90052588436,17167.34537077073,17453.011876472938,17671.878847778797,17860.027005126816,hurricane_cat5_maria_like,18236.39065058706,-1069.0452798163278,-5.862153867502907
Ponce,South,2030,112041.29480379795,112640.81473594542,113483.06439930249,114813.82893568023,116168.93261921407,117130.90277255962,117702.16429064242,hurricane_cat5_maria_like,121835.7014722952,-7021.872536614974,-5.763394843843626
Quebradillas,North,2030,20685.86126926215,20741.20853219078,20835.92924092767,20979.844820923012,21130.57375428619,21258.09733655484,21335.55070904958,hurricane_cat5_maria_like,21718.489381874017,-738.6445609510047,-3.4009941850166996
Rincón,West,2030,13102.483742269129,13314.177724752693,13483.12617730831,13728.288725754092,13961.646389814172,14225.248277292896,14367.227165503977,hurricane_cat5_maria_like,14244.388569365885,-516.0998436117934,-3.6231800410283848
Río Grande,East,2030,38551.36431651342,38680.802644129435,38853.391516236705,39124.264344481926,39381.13190141295,39621.489710722475,39726.89526537596,hurricane_cat5_maria_like,41547.05316009508,-2422.788815613152,-5.83143359476619
Sabana Grande,West,2030,19665.21025681654,19760.323225451462,19912.82008732237,20084.060459321343,20333.602299225764,20495.76552012163,20586.50030880355,hurricane_cat5_maria_like,20905.327787036724,-821.2673277153808,-3.9285072976690856
Salinas,South,2030,21250.482237597695,21377.771062245458,21542.248250831442,21723.05247461368,21893.171089909192,22055.618705103545,22133.608870763277,hurricane_cat5_maria_like,22996.56796986937,-1273.5154952556913,-5.537850243237514
San Germán,West,2030,27077.90542554456,27320.745198606204,27530.28772314118,27888.14208715864,28215.876599994263,28544.488616301373,28605.615940852484,hurricane_cat5_maria_like,29026.13266835802,-1137.9905811993776,-3.9205725206373234
San Juan,Metro,2030,291705.06816215935,294733.959817922,297836.8000656715,302049.77374135004,306619.92701383744,310001.63237347116,311939.6489047447,hurricane_cat5_maria_like,313570.74356182804,-11520.969820478,-3.674121408653152
San Lorenzo,East,2030,30698.795839924744,31007.412058447702,31401.096760448563,31713.319537181247,32024.345566225405,32290.453817223424,32492.35510033346,hurricane_cat5_maria_like,33723.683622525394,-2010.3640853441466,-5.961282604375236
San Sebastián,West,2030,33070.653880272985,33692.3803320739,34401.43493889719,35003.76843710626,35699.57351256602,36285.65688724519,36767.80285465849,hurricane_cat5_maria_like,36389.793602099926,-1386.025164993669,-3.8088294210981357
Santa Isabel,South,2030,16851.378579726508,16926.02162969509,17107.542534604094,17262.9304254321,17419.632014568007,17559.782147051177,17656.51356384974,hurricane_cat5_maria_like,18286.112818647067,-1023.1823932149673,-5.595406762292247
Toa Alta,Metro,2030,57605.088556253206,57939.30281069016,58593.890472389045,59437.76317472411,60290.52353008751,60996.67919328066,61189.22181609607,hurricane_cat5_maria_like,61837.095974803306,-2399.3328000791953,-3.8800864792500103
Toa Baja,Metro,2030,65404.553101022015,65576.97783804403,65975.04989511798,66398.26808787369,66770.8187909257,67048.38283857374,67307.00473917094,hurricane_cat5_maria_like,69008.37393374855,-2610.1058458748594,-3.7823030700313125
Trujillo Alto,Metro,2030,58489.02925648959,58645.401558500096,59304.106447078964,60070.76488720655,60812.347172422276,61311.15126858856,61628.12170470245,hurricane_cat5_maria_like,62332.9130376063,-2262.1481503997493,-3.6291391500265107
Utuado,Central Mountains,2030,24445.992385906327,24510.220838932237,24728.77541366967,24977.13252826383,25210.48226826453,25380.92150335025,25468.465009111427,hurricane_cat5_maria_like,26035.619712503343,-1058.4871842395114,-4.06553481702294
Vega Alta,North,2030,30831.21393489789,30945.3574344304,31107.96600348965,31273.379137716238,31482.528683283705,31616.45608743977,31666.50735548655,hurricane_cat5_maria_like,32407.4615294028,-1134.082391686563,-3.4994483929499602
Vega Baja,North,2030,45984.394857271094,46423.11485837919,47281.92215481984,48087.071700622095,48825.90822006359,49501.08362086243,50043.09048930829,hurricane_cat5_maria_like,49774.03328269624,-1686.9615820741456,-3.389240274126251
Vieques,East,2030,6779.245095339535,6792.075570014588,6830.174565636733,6857.497909539828,6902.21823231652,6944.448387234481,6961.6695874461975,hurricane_cat5_maria_like,7291.941246743885,-434.44333720405757,-5.957855699921502
Villalba,South,2030,18368.922277214664,18411.28836510508,18556.508221197088,18686.590911751453,18831.94431217189,18982.84361165255,19077.687327495874,hurricane_cat5_maria_like,19782.9354313594,-1096.3445196079483,-5.5418697766664655
Yabucoa,East,2030,24164.384889767167,24302.727927923923,24494.477622878214,24758.184212254215,24998.791550173868,25265.237723198657,25435.19399686792,hurricane_cat5_maria_like,26403.347347586023,-1645.163135331808,-6.230888506953723
Yauco,South,2030,28239.048522352026,28333.595122222952,28474.499655967775,28655.507168773267,28879.52771809187,29070.466201439132,29202.67852584522,hurricane_cat5_maria_like,30440.912489701623,-1785.4053209283556,-5.865150466604347
Adjuntas,Central Mountains,2030,16214.31809803424,16309.173955115579,16426.43095132776,16555.71687750805,16690.296794082016,16791.28723093846,16821.241996778095,earthquake_m6_0,16647.181575143695,-91.46469763564528,-0.5494305280613591
Aguada,West,2030,33931.97347052457,34060.86446585094,34296.446382293914,34618.63193040126,34881.440266453246,35113.35277576134,35250.201211605716,earthquake_m6_0,34859.66725551234,-241.03532511107915,-0.6914447098543788
Aguadilla,West,2030,47937.3566598094,48409.31272994269,49322.05227148188,50140.31891575975,50953.39304826904,51780.451034876336,52198.203172488465,earthquake_m6_0,50417.569028251695,-277.2501124919436,-0.549907736203198
Aguas Buenas,Central Mountains,2030,21677.015321604456,21747.926016930225,21858.720681199215,21962.72251123866,22073.233547666052,22169.06477611141,22228.03080500781,earthquake_m6_0,22086.09770908545,-123.3751978467917,-0.5586102147689017
Aibonito,Central Mountains,2030,21403.930770086623,21650.467817555404,22085.767385125895,22567.646729343698,23080.1570145694,23526.70702211443,23782.93878822936,earthquake_m6_0,22731.402166710017,-163.7554373663188,-0.7203930323582833
Arecibo,North,2030,77315.69552247907,78251.56862361239,78788.34973093824,79950.90100752498,80982.09804348787,81978.23697948248,82414.01189327605,earthquake_m6_0,80310.6389455789,-359.7379380539205,-0.44793310422756144
Arroyo,South,2030,13539.290398780178,13624.131806052766,13804.178358597073,14001.641573242776,14175.147266007556,14371.916691477367,14449.998248359878,earthquake_m6_0,14093.527209486529,-91.88563624375274,-0.6519704746580641
Añasco,West,2030,22852.820176654048,22938.921323767543,23042.293997552908,23139.761360363576,23260.67829639969,23359.701850688878,23479.774258049172,earthquake_m6_0,23278.3665829994,-138.60522263582243,-0.5954250361236612
Barceloneta,North,2030,20541.733473294244,20681.273760910473,20809.96821780291,20949.24875597081,21124.16708670671,21286.456056909963,21381.936930265627,earthquake_m6_0,21045.245601220828,-95.99684525001794,-0.45614504610223794
Barranquitas,Central Mountains,2030,26175.20426349582,26305.001940707545,26564.78164528178,26835.35659913496,27026.937568531153,27249.33439965614,27420.085043924806,earthquake_m6_0,26980.262347385942,-144.90574825098156,-0.5370805753674266
Bayamón,Metro,2030,162156.3978480847,162974.66580681363,165126.46038677805,168612.72525472142,172103.86344783235,174627.23491813266,175581.0772995179,earthquake_m6_0,169446.80948216617,-834.0842274447496,-0.49223955882895204
Cabo Rojo,West,2030,42757.44769072732,42867.60322009993,43049.5158330305,43249.41306360787,43441.60785640581,43630.21448952657,43708.79167112636,earthquake_m6_0,43532.96597100729,-283.5529073994185,-0.6513521444605064
Caguas,East,2030,110816.58913761957,111145.41086162669,111747.91562479304,112590.54075903726,113267.12328142696,113857.10953900777,114349.35667186434,earthquake_m6_0,113363.7689145086,-773.2281554713409,-0.6820769659259106
Camuy,North,2030,29293.995082630907,29410.550555435242,29813.977600747225,30219.516861113596,30641.02090090901,30946.455477812833,31148.902328563836,earthquake_m6_0,30339.18476970377,-119.66790859017419,-0.3944335007632528
Canóvanas,East,2030,36206.434718170385,36415.082652029145,36896.204091436186,37323.93814622646,37755.678780485294,38201.975755582214,38464.47790483977,earthquake_m6_0,37599.62264991276,-275.68450368630147,-0.7332108256861486
Carolina,Metro,2030,138533.04250805904,138834.3087849971,139937.8127772665,141216.38477251306,143026.07953074985,144425.0912535238,145007.93351219269,earthquake_m6_0,141932.0138946838,-715.6291221707361,-0.5042055717618058
Cataño,Metro,2030,20659.7716629569,20689.301945790197,20777.509095356592,20875.49604335153,20974.37849964757,21051.118835926347,21111.344889232103,earthquake_m6_0,20969.203016134095,-93.70697278256557,-0.4468790383233244
Cayey,Central Mountains,2030,37481.25518681487,37580.54779848183,37708.475360360855,37898.940435469456,38050.83838757828,38182.679903113014,38266.00943630341,earthquake_m6_0,38086.7952469601,-187.85481149064435,-0.49322819174616167
Ceiba,East,2030,9653.2115283432,9697.457572079202,9794.417773827534,9907.462523608752,10005.038641756997,10105.372166545512,10171.917455196764,earthquake_m6_0,9978.408707773167,-70.94618416441517,-0.710996975992256
Ciales,Central Mountains,2030,15094.582817082726,15178.94442726357,15364.661377975885,15554.817070896212,15787.857608227945,15952.267511124779,16068.818130327392,earthquake_m6_0,15658.303086217293,-103.48601532108114,-0.6609018534848218
Cidra,Central Mountains,2030,36130.80818794394,36261.624660849324,36581.91766408104,36866.10177724466,37197.02416793033,37413.301182445386,37538.995039659814,earthquake_m6_0,37080.33487365955,-214.23309641489323,-0.5777539419339932
Coamo,South,2030,29625.52739424387,29852.1934713665,30280.639851141383,30898.03766962984,31431.328687116,31887.324533617037,32139.43444384221,earthquake_m6_0,31152.415515213885,-254.37784558404383,-0.8165589774565426
Comerío,Central Mountains,2030,16994.210003797903,17022.327166141342,17099.49685647162,17204.792915742462,17287.840882261742,17337.593744382928,17355.527416058158,earthquake_m6_0,17301.10597745925,-96.31306171678807,-0.5566873114485835
Corozal,Central Mountains,2030,30674.740420414015,30843.449145138326,31227.438041908757,31634.25074547995,32029.2339851605,32286.904611307433,32461.881304908293,earthquake_m6_0,31823.819648701457,-189.56890322150866,-0.5956824332029668
Culebra,East,2030,1084.6248690963862,1101.2063398829737,1133.3468547348425,1172.006001984349,1216.8918140202948,1248.6100125484215,1276.2364267681262,earthquake_m6_0,1180.105559312577,-8.099557328228002,-0.6863417653032727
Dorado,North,2030,33170.87715555076,33243.50346594256,33459.551822507696,33587.4968503408,33730.15690477301,33863.20805470396,33973.401211436256,earthquake_m6_0,33753.78543226719,-166.28858192639018,-0.4926516531311043
Fajardo,East,2030,26638.14039012768,26871.326393917163,27390.76752617643,28083.510724160617,28680.903125747318,29182.638088008945,29593.198752614564,earthquake_m6_0,28262.108458523766,-178.59773436314936,-0.6319335113487784
Florida,North,2030,10503.599989130518,10530.009216640607,10578.048040328562,10642.563257769261,10716.576589126882,10766.703246162415,10797.45722060152,earthquake_m6_0,10695.185279016081,-52.62202124681971,-0.4920159854552866
Guayama,South,2030,31096.009679188875,31264.400132756862,31717.678604238678,32088.12433404843,32486.17180638405,32889.75010676217,33184.74066219959,earthquake_m6_0,32338.237816122353,-250.1134820739244,-0.7734295340892983
Guayanilla,South,2030,15544.017015226604,15603.997993245892,15673.433079743298,15735.95084921001,15808.818463658152,15880.791739181115,15922.26702564385,earthquake_m6_0,15842.0905790383,-106.13972982829,-0.6699856265733664
Guaynabo,Metro,2030,79780.18405028673,80368.93380164214,81552.6109775426,82480.81666479267,83657.51350628554,84925.15817395895,85566.18754663157,earthquake_m6_0,82912.2346749084,-431.41801011572534,-0.5203309400684683
Gurabo,East,2030,33288.405992618864,33759.928125869985,34778.08565261548,35929.19127995926,37042.79887960216,37875.309582291586,39056.124374131985,earthquake_m6_0,36179.665216461544,-250.47393650228332,-0.6923058436381525
Guánica,West,2030,10816.471499036033,10918.04724207771,11055.586397914467,11247.498473471125,11408.552597395088,11555.191601415378,11660.644482146921,earthquake_m6_0,11335.862882680696,-88.36440920957102,-0.7795119800238328
Hatillo,North,2030,34690.20011278028,34813.565016414745,35003.228431213305,35200.82846526835,35377.91237395379,35508.331621288264,35652.07007337203,earthquake_m6_0,35368.99650051414,-168.16803524579154,-0.4754673637499073
Hormigueros,West,2030,14334.01593759724,14360.758915643319,14404.396463924706,14455.50071306823,14513.2534661656,14565.08688800151,14608.354638809058,earthquake_m6_0,14549.020087097077,-93.51937402884687,-0.6427881291591956
Humacao,East,2030,44313.93030131704,44414.543069803956,44564.48697556705,44795.527267067184,45020.16833595649,45197.064183064234,45346.767367178116,earthquake_m6_0,45129.71975553989,-334.192488472705,-0.7405153195786935
Isabela,West,2030,38554.696698881206,38842.95039648684,39231.01426458639,39720.02898434188,40076.801763407406,40538.66368438579,40858.37221742757,earthquake_m6_0,39926.01246073446,-205.98347639258282,-0.5159129692582218
Jayuya,Central Mountains,2030,13241.530834266712,13301.02107149659,13418.758309232602,13539.383581742626,13722.059314429855,13886.443503825563,13935.451757823577,earthquake_m6_0,13621.04626839892,-81.66268665629468,-0.5995331419272367
Juana Díaz,South,2030,40876.80696092021,41106.0352299695,41407.93661288996,41837.4768094008,42146.548750248185,42418.01370197705,42534.40892913057,earthquake_m6_0,42155.15328884795,-317.67647944714554,-0.7535887184905247
Juncos,East,2030,32248.00566561304,32417.78672115096,32643.563546878955,32879.49225529382,33100.08611395349,33309.66539289763,33383.16600339216,earthquake_m6_0,33106.945590090705,-227.4533347968827,-0.6870260325826075
Lajas,West,2030,20815.87157873438,20895.590022673856,21092.482356166693,21301.667758598433,21559.21986643394,21782.105668032076,21885.771137927357,earthquake_m6_0,21422.921487632306,-121.25372903387324,-0.5659999692566412
Lares,Central Mountains,2030,23594.415922472064,23932.50742218672,24646.43102656203,25465.332328950433,26225.522455487244,26717.815248988278,27044.396947173624,earthquake_m6_0,25590.747049413683,-125.41472046324998,-0.4900783873994932
Las Marías,West,2030,7550.188971244223,7631.936045230511,7788.832755513202,8005.215811932436,8197.377936975752,8348.720106006296,8409.645622971053,earthquake_m6_0,8049.579860901684,-44.36404896924796,-0.5511349627665967
Las Piedras,East,2030,30221.350650365144,30390.082757786648,30608.91527276219,31012.78618067577,31336.935494871494,31751.679486322468,31884.973403633117,earthquake_m6_0,31230.785702213627,-217.99952153785853,-0.6980276564812995
Loíza,East,2030,20054.636587182646,20130.91102509017,20250.508639499283,20371.59089994191,20480.06258890955,20594.72629923917,20627.26690787821,earthquake_m6_0,20512.134818766455,-140.54391882454365,-0.6851745079988489
Luquillo,East,2030,15503.510214264983,15545.380414671496,15627.996184459425,15693.34529487657,15807.200588764896,15872.665031638451,15925.521043326262,earthquake_m6_0,15806.022570802419,-112.67727592584924,-0.7128755853733353
Manatí,North,2030,35410.31250302075,35602.544504568876,35955.03471560478,36366.20464907001,36728.72165153952,37247.625423730125,37395.24433221022,earthquake_m6_0,36535.84858434396,-169.6439352739544,-0.46432186974479855
Maricao,West,2030,4415.9282792995455,4480.360211167587,4559.667942403622,4656.991047246655,4736.641405623807,4819.953977458783,4880.943992579771,earthquake_m6_0,4677.782158268017,-20.791111021361758,-0.4444651400581642
Maunabo,East,2030,9080.782088824104,9115.143602848253,9174.721446743115,9242.555797772726,9320.238911182463,9405.961863884415,9445.356003897767,earthquake_m6_0,9309.07364214358,-66.51784437085371,-0.7145484817062505
Mayagüez,West,2030,65185.260157610755,65473.936117996,66014.15535871846,66437.97726319125,66963.94925387348,67388.47937916567,67576.40248781696,earthquake_m6_0,66867.39021199415,-429.41294880289934,-0.6421858957580112
Moca,West,2030,33445.15287607514,33698.705149026006,34105.481360107355,34540.69338561065,35016.47953086317,35492.23266381115,35808.98565038667,earthquake_m6_0,34742.95357387347,-202.26018826282234,-0.5821617549951799
Morovis,Central Mountains,2030,25763.717134586634,25856.757725280804,26133.86629438737,26402.622501056085,26594.835165448567,26826.276570638653,27014.962053390875,earthquake_m6_0,26552.394959899975,-149.7724588438905,-0.5640638408327393
Naguabo,East,2030,19503.87713113995,19841.996091729037,20228.915967272784,20676.715826365937,21035.62633339295,21363.671627801523,21643.663741486613,earthquake_m6_0,20835.569424872057,-158.85359850612076,-0.762415440954987
Naranjito,Central Mountains,2030,26064.19487474789,26247.319714859983,26538.819475271866,26895.735846706888,27151.910350337763,27426.585911420814,27643.458379624048,earthquake_m6_0,27054.91814229432,-159.18229558743042,-0.5883673155106852
Orocovis,Central Mountains,2030,19130.25046389626,19210.87440237733,19361.355623285486,19577.857512729694,19787.84253572208,20031.654756057236,20114.092129807028,earthquake_m6_0,19689.119154910142,-111.26164218044869,-0.5650920252199392
Patillas,South,2030,14066.858718511405,14081.423771943111,14130.417769277552,14187.67560472927,14235.287874437257,14279.636290597093,14315.043787135333,earthquake_m6_0,14289.465266436884,-101.78966170761487,-0.712340593644876
Peñuelas,South,2030,17562.386493348964,17652.188547397407,17840.96384274145,18103.713876717517,18380.70000053748,18573.76749584071,18806.73826476687,earthquake_m6_0,18236.39065058706,-132.67677386954165,-0.7275385596396542
Ponce,South,2030,117857.74126645018,118789.62089356717,119781.21629073574,120952.30371457312,122290.40936879528,123101.061343765,123846.35989569036,earthquake_m6_0,121835.7014722952,-883.3977577220794,-0.7250729852144032
Quebradillas,North,2030,21294.665063462493,21348.475975642752,21470.783475501976,21604.829300524816,21759.782152850366,21865.679783256914,21916.288290266017,earthquake_m6_0,21718.489381874017,-113.66008134920048,-0.5233332730961472
Rincón,West,2030,13564.686699450738,13731.83231792685,13938.58572310966,14172.43221556918,14417.404186044794,14712.617601171818,14785.370996246163,earthquake_m6_0,14244.388569365885,-71.9563537967042,-0.5051557913230071
Río Grande,East,2030,40602.62320310229,40731.03443124734,40933.08808165539,41238.96580370222,41517.229834559446,41788.72496635835,41894.09453461034,earthquake_m6_0,41547.05316009508,-308.0873563928617,-0.741538407563336
Sabana Grande,West,2030,20345.93184047758,20459.645701519665,20596.273351642583,20772.276841642204,21023.7297687075,21165.271642225787,21242.893633124888,earthquake_m6_0,20905.327787036724,-133.05094539451966,-0.6364451528811894
Salinas,South,2030,22407.033550416923,22498.025806159923,22652.406386494134,22839.166844293963,23015.725555842328,23141.33802127862,23216.929543860493,earthquake_m6_0,22996.56796986937,-157.4011255754085,-0.6844548533574186
San Germán,West,2030,28176.558103388255,28293.815845560384,28569.945761127434,28841.058621634,29209.35894353478,29541.692318132606,29661.25432272053,earthquake_m6_0,29026.13266835802,-185.07404672401753,-0.6376117991280683
San Juan,Metro,2030,301542.40997333673,304102.66374250536,307768.97776276385,312133.3897778987,316044.446021315,320529.06535218837,323491.61404506065,earthquake_m6_0,313570.74356182804,-1437.3537839293713,-0.45838261809841396
San Lorenzo,East,2030,32485.167004509993,32724.319286330658,33161.75403174449,33506.670504529306,33808.60317821477,34107.32772978223,34271.660508824265,earthquake_m6_0,33723.683622525394,-217.0131179960881,-0.6435035995033959
San Sebastián,West,2030,34338.36823945359,34963.88570405024,35482.432695113086,36124.52218788775,36883.98713403771,37458.3460750159,38002.97610410333,earthquake_m6_0,36389.793602099926,-265.27141421217675,-0.7289720219706574
Santa Isabel,South,2030,17766.93372641979,17824.160022587632,18005.895519662823,18159.4851152899,18312.56570926957,18447.526976752157,18573.433110476715,earthquake_m6_0,18286.112818647067,-126.62770335716777,-0.6924801602888534
Toa Alta,Metro,2030,59512.938316799766,59851.60026136059,60661.96549173701,61478.107816535135,62289.01922762198,63020.636760254994,63254.780325875996,earthquake_m6_0,61837.095974803306,-358.9881582681701,-0.5805385143158188
Toa Baja,Metro,2030,67799.5797501271,68030.23305252068,68333.40021165257,68733.13041179473,69074.53000792784,69408.3404337264,69618.4141496985,earthquake_m6_0,69008.37393374855,-275.2435219538165,-0.39885524939055067
Trujillo Alto,Metro,2030,60413.229630981725,60647.571234355404,61277.57755056701,62038.64801710098,62860.18386683984,63328.84828730708,63622.42733691012,earthquake_m6_0,62332.9130376063,-294.26502050531417,-0.4720861037374911
Utuado,Central Mountains,2030,25370.170518428073,25480.115205257738,25704.233770549632,25897.214854225585,26111.879159035932,26261.438440992104,26315.571650228976,earthquake_m6_0,26035.619712503343,-138.40485827775774,-0.531598094480118
Vega Alta,North,2030,31833.738626244627,31911.16967915013,32078.14938451573,32257.28280051075,32407.670718258625,32576.465883252156,32660.29337559502,earthquake_m6_0,32407.4615294028,-150.17872889204955,-0.46340787523822147
Vega Baja,North,2030,47388.657235839,47857.57237883312,48775.510202286925,49543.598293792485,50264.48557316018,50975.65341136903,51655.23132977956,earthquake_m6_0,49774.03328269624,-230.43498890375486,-0.4629622590457517
Vieques,East,2030,7144.449279849976,7159.845049276836,7198.779419518801,7234.136013304587,7285.785504289648,7331.122038097151,7359.009091131714,earthquake_m6_0,7291.941246743885,-57.80523343929781,-0.7927276356636846
Villalba,South,2030,19337.161020521497,19400.305948585683,19503.24596148616,19643.956779493026,19806.2635402031,19938.32666333851,20006.386546105223,earthquake_m6_0,19782.9354313594,-138.978651866375,-0.7025178459920038
Yabucoa,East,2030,25558.24843871568,25702.448701004025,25927.442622781007,26208.957535558467,26461.57712204462,26757.24502116863,26923.071355088705,earthquake_m6_0,26403.347347586023,-194.3898120275553,-0.7362316961880508
Yauco,South,2030,29837.843768942217,29912.40213915678,30084.67896782336,30246.56726988812,30461.322939086058,30631.04406618109,30733.91413611684,earthquake_m6_0,30440.912489701623,-194.3452198135019,-0.6384342778136177
Adjuntas,Central Mountains,2030,16156.225626456053,16250.555127737824,16356.128276627196,16489.539291929337,16625.665057406903,16709.102338725705,16755.831100671523,earthquake_m6_5,16647.181575143695,-157.64228321435803,-0.9469607963532848
Aguada,West,2030,33779.23873242461,33891.34688546356,34144.15256409324,34479.96365242319,34728.99312955596,34955.510205678445,35097.948004076876,earthquake_m6_5,34859.66725551234,-379.7036030891468,-1.0892347316628632
Aguadilla,West,2030,47650.767864463116,48240.78952912329,49122.51295619003,49919.07909470177,50707.18070468011,51519.31935088904,51986.79031345639,earthquake_m6_5,50417.569028251695,-498.48993354992854,-0.9887226678275536
Aguas Buenas,Central Mountains,2030,21562.250283595404,21651.01731033808,21766.347937467315,21873.403639769207,21989.839154835536,22100.847357102102,22152.359162662582,earthquake_m6_5,22086.09770908545,-212.69406931624326,-0.9630224049436689
Aibonito,Central Mountains,2030,21295.467171997785,21530.082667605424,21975.18538823804,22483.207187049866,22986.43051888383,23426.789487576363,23773.83269454277,earthquake_m6_5,22731.402166710017,-248.19497966015115,-1.0918595247222849
Arecibo,North,2030,77052.23122370323,77931.38221425582,78528.14807838807,79728.71549961121,80662.94345121569,81775.63586288082,82269.61082907507,earthquake_m6_5,80310.6389455789,-581.9234459676954,-0.7245907312006641
Arroyo,South,2030,13466.931959234014,13547.05939146286,13725.906231105684,13929.79166805719,14096.53121827761,14313.990494826516,14369.186346553317,earthquake_m6_5,14093.527209486529,-163.7355414293379,-1.161778304292239
Añasco,West,2030,22740.443295152756,22831.51014694017,22940.7114180357,23041.321430184904,23164.798217190222,23264.456553021675,23318.179786655695,earthquake_m6_5,23278.3665829994,-237.04515281449494,-1.0183066409290642
Barceloneta,North,2030,20472.210981081313,20610.003048392915,20732.689766982505,20877.750392605773,21044.548009351765,21214.31587570974,21327.51142995227,earthquake_m6_5,21045.245601220828,-167.49520861505516,-0.7958814631526031
Barranquitas,Central Mountains,2030,26047.014142887074,26232.46573770961,26447.491198788626,26740.553636274548,26933.486757213563,27158.698938204496,27321.979470423223,earthquake_m6_5,26980.262347385942,-239.70871111139422,-0.8884595265420726
Bayamón,Metro,2030,161596.45950923138,162316.60983826974,164522.89689930697,168041.02929560718,171364.82160663386,173869.17255278613,175240.7531933159,earthquake_m6_5,169446.80948216617,-1405.7801865589863,-0.8296291862060353
Cabo Rojo,West,2030,42578.41688104368,42674.59876475617,42855.036938233905,43058.50937882853,43238.549150501865,43404.21075068168,43508.32244464376,earthquake_m6_5,43532.96597100729,-474.456592178758,-1.0898788575415317
Caguas,East,2030,110291.16002822905,110602.05181111078,111316.70500317347,112097.11340569277,112818.09848164977,113334.11100472698,113811.21376659718,earthquake_m6_5,113363.7689145086,-1266.6555088158348,-1.1173371536112757
Camuy,North,2030,29173.520057022866,29313.863879671517,29738.33949632903,30142.855850344313,30520.950087677003,30910.925140168987,31092.136104723566,earthquake_m6_5,30339.18476970377,-196.32891935945736,-0.6471133646132388
Canóvanas,East,2030,36039.4641909136,36248.49585730125,36728.078052626035,37153.81662258808,37575.293486309136,38012.17090888196,38291.52547123128,earthquake_m6_5,37599.62264991276,-445.80602732468105,-1.1856662272266594
Carolina,Metro,2030,137849.33890980695,138255.60164104274,139471.16750847115,140751.0522762207,142519.4663702977,143966.3562985427,144538.02412789981,earthquake_m6_5,141932.0138946838,-1180.9616184631013,-0.8320614821539818
Cataño,Metro,2030,20575.288427914176,20622.828971834897,20709.589201619077,20789.866258084963,20905.532153327164,20997.228778974037,21059.773829842467,earthquake_m6_5,20969.203016134095,-179.3367580491322,-0.8552387895293262
Cayey,Central Mountains,2030,37326.653363211706,37403.826077654296,37556.31385698484,37730.96931215056,37889.42964455942,38011.00017925143,38158.39129088036,earthquake_m6_5,38086.7952469601,-355.825934809538,-0.9342501318431046
Ceiba,East,2030,9609.210874151964,9654.031140546955,9747.599535129011,9859.698237280336,9959.304253097755,10059.480448623692,10129.402217916879,earthquake_m6_5,9978.408707773167,-118.71047049283152,-1.189673363452794
Ciales,Central Mountains,2030,15011.265842387495,15115.957582022631,15299.19341987085,15491.257911269358,15722.127159362053,15872.955724929065,16066.953025514007,earthquake_m6_5,15658.303086217293,-167.04517494793436,-1.0668153121583805
Cidra,Central Mountains,2030,35973.463696356666,36140.990939084055,36440.40939908437,36724.47113722052,37042.17934303795,37257.788442591256,37383.996236123385,earthquake_m6_5,37080.33487365955,-355.8637364390306,-0.9597101473099764
Coamo,South,2030,29470.51950990199,29672.49530457155,30112.26191667316,30721.916558789184,31323.97408309151,31732.82428110776,31987.94132924752,earthquake_m6_5,31152.415515213885,-430.49895642470074,-1.381911961897331
Comerío,Central Mountains,2030,16930.57478702335,16966.39180088432,17033.769825131167,17136.903690620304,17219.284727036465,17271.757486109545,17297.088189088867,earthquake_m6_5,17301.10597745925,-164.20228683894675,-0.9490854922967221
Corozal,Central Mountains,2030,30513.978833127567,30698.607217541263,31063.477992745633,31549.272570377812,31889.779470430563,32183.117341073354,32292.10703731714,earthquake_m6_5,31823.819648701457,-274.5470783236451,-0.8627093835822682
Culebra,East,2030,1079.1468543920366,1096.1229243355265,1128.2964018348498,1166.8989234623534,1211.1908418400997,1242.725734425754,1270.3694473174926,earthquake_m6_5,1180.105559312577,-13.20663585022362,-1.1191063160414747
Dorado,North,2030,33039.51658929165,33129.39702343833,33334.83750449515,33483.85873090969,33636.31457216352,33763.752550184945,33843.923777373064,earthquake_m6_5,33753.78543226719,-269.92670135750086,-0.799693124491638
Fajardo,East,2030,26509.170699346636,26739.126337871632,27260.909221984723,27956.977284017907,28561.098903166887,29046.42831021051,29451.46448069698,earthquake_m6_5,28262.108458523766,-305.13117450585924,-1.0796475958389884
Florida,North,2030,10465.336769192067,10493.21653454053,10542.244410150955,10610.236603588948,10683.620139428762,10736.921725312113,10763.607269056598,earthquake_m6_5,10695.185279016081,-84.94867542713291,-0.7942702553624942
Guayama,South,2030,30931.359270329107,31060.827259416004,31539.995022173403,31931.227520112996,32311.369845555186,32707.36889526672,33024.11956697937,earthquake_m6_5,32338.237816122353,-407.01029600935726,-1.25860381856194
Guayanilla,South,2030,15469.963754339877,15517.789112587712,15592.59619508759,15656.954380175932,15729.404969351857,15816.275298236025,15855.915401692766,earthquake_m6_5,15842.0905790383,-185.13619886236847,-1.1686348966299576
Guaynabo,Metro,2030,79444.37611052311,80055.39463892531,81262.99858757152,82215.33741734142,83354.07686571847,84662.79870827895,85443.22127589132,earthquake_m6_5,82912.2346749084,-696.8972575669759,-0.8405240315852648
Gurabo,East,2030,33116.22443303402,33591.48207482934,34617.38290823821,35771.1848035788,36863.13092824996,37681.47471581807,38837.52884027607,earthquake_m6_5,36179.665216461544,-408.48041288274544,-1.1290331473185915
Guánica,West,2030,10752.709972818662,10858.556764482682,10993.285717682398,11189.297449082012,11350.128040322576,11488.43234153028,11593.554770082603,earthquake_m6_5,11335.862882680696,-146.56543359868374,-1.2929358366058858
Hatillo,North,2030,34568.846673573455,34702.64382585747,34899.00906561233,35080.94822208089,35259.85927267815,35438.67059291049,35518.56129512007,earthquake_m6_5,35368.99650051414,-288.0482784332489,-0.8144089652898738
Hormigueros,West,2030,14284.576325714756,14301.893756029896,14342.69557227799,14392.711936181575,14442.33390468727,14496.838346767077,14534.28788967816,earthquake_m6_5,14549.020087097077,-156.30815091550176,-1.0743551797974695
Humacao,East,2030,44104.05855042244,44199.842937448644,44360.27865520036,44598.25713320393,44809.54862153303,45005.88859187778,45159.37565500774,earthquake_m6_5,45129.71975553989,-531.4626223359592,-1.1776333316820997
Isabela,West,2030,38385.251194419674,38665.83651241496,39051.024855422635,39518.79838455691,39937.34754126949,40383.34089735044,40717.44458887379,earthquake_m6_5,39926.01246073446,-407.21407617755176,-1.0199217279161787
Jayuya,Central Mountains,2030,13192.264926140733,13242.348786913348,13358.593198194569,13488.128312768542,13670.93394564142,13837.708565102621,13896.947552547346,earthquake_m6_5,13621.04626839892,-132.91795563037886,-0.9758277962739982
Juana Díaz,South,2030,40654.08232738039,40877.225790001336,41187.64668417009,41610.10991934848,41926.55001565696,42194.595232164946,42338.67592342754,earthquake_m6_5,42155.15328884795,-545.0433694994717,-1.2929460029828945
Juncos,East,2030,32085.080684546596,32274.937641147535,32497.23779402388,32734.198524613836,32956.746803195296,33165.60037676965,33258.926717601345,earthquake_m6_5,33106.945590090705,-372.74706547686947,-1.12588781246083
Lajas,West,2030,20741.330437899316,20828.908365711308,21003.68416357659,21205.528659080133,21458.56521749881,21693.89246167395,21815.068700151016,earthquake_m6_5,21422.921487632306,-217.39282855217243,-1.0147674241240896
Lares,Central Mountains,2030,23509.41407350632,23819.46308526973,24570.208803150657,25363.303339735874,26111.42154038709,26634.630670220296,26973.87113889446,earthquake_m6_5,25590.747049413683,-227.44370967780924,-0.8887732321320423
Las Marías,West,2030,7517.318006442955,7602.812895239931,7761.50310533509,7961.124826065467,8156.677798347353,8317.008766371713,8382.874326227504,earthquake_m6_5,8049.579860901684,-88.45503483621724,-1.0988776602597596
Las Piedras,East,2030,30120.428229484925,30231.21948348178,30463.291968625308,30863.588363721596,31193.024476675466,31617.789293056358,31742.03484048306,earthquake_m6_5,31230.785702213627,-367.1973384920311,-1.1757544046226296
Loíza,East,2030,19961.224022079692,20045.615416008466,20163.053664483275,20278.475714931592,20395.208862024516,20506.11908388337,20539.551062859784,earthquake_m6_5,20512.134818766455,-233.65910383486334,-1.1391262094333046
Luquillo,East,2030,15441.794823605442,15472.170012242295,15559.106607126592,15626.754425757183,15742.105118947386,15810.868589054271,15848.341721438865,earthquake_m6_5,15806.022570802419,-179.26814504523645,-1.1341761929176823
Manatí,North,2030,35308.47965778237,35488.971784194066,35824.02541648629,36239.27776673704,36618.582041398244,37054.64023448317,37326.63677927664,earthquake_m6_5,36535.84858434396,-296.5708176069238,-0.8117255492842388
Maricao,West,2030,4400.94685788541,4454.618590955222,4545.385133409938,4635.055044639614,4722.406996965816,4802.544596980959,4854.589269777222,earthquake_m6_5,4677.782158268017,-42.72711362840346,-0.9134053742302417
Maunabo,East,2030,9040.539104290723,9076.816846401049,9136.388366997298,9200.065002481031,9276.151997913215,9362.397751538685,9396.007493791802,earthquake_m6_5,9309.07364214358,-109.00863966254838,-1.1709934183896649
Mayagüez,West,2030,64933.88023363436,65280.11661513053,65767.67416043908,66197.61831608819,66679.88196243704,67174.09221327255,67373.87008290482,earthquake_m6_5,66867.39021199415,-669.7718959059566,-1.0016420467174418
Moca,West,2030,33286.365961357275,33551.59204460021,33938.31898298205,34394.290404094805,34848.999842618476,35383.07863346746,35627.513313561714,earthquake_m6_5,34742.95357387347,-348.6631697786652,-1.0035507460161883
Morovis,Central Mountains,2030,25664.594101902196,25769.145234902724,26026.05222021869,26292.211475869935,26488.362282680824,26708.762630628342,26926.43095816484,earthquake_m6_5,26552.394959899975,-260.18348403003984,-0.9798870663944808
Naguabo,East,2030,19436.66072205924,19740.490590268997,20139.065924440998,20578.10956988528,20937.242001820952,21266.311043463225,21571.303931895618,earthquake_m6_5,20835.569424872057,-257.4598549867769,-1.2356746760155217
Naranjito,Central Mountains,2030,25953.129510247163,26167.98701790864,26443.083768110107,26776.78476493224,27062.352957412604,27303.781057713528,27576.778474224717,earthquake_m6_5,27054.91814229432,-278.13337736207905,-1.0280325961411048
Orocovis,Central Mountains,2030,19073.82008919264,19115.969004310653,19290.795420431212,19515.53057021215,19729.985487447942,19940.95755206716,20072.867482890575,earthquake_m6_5,19689.119154910142,-173.58858469799088,-0.8816472861595779
Patillas,South,2030,13990.49699128704,14007.145528256659,14056.65800059277,14112.550894050171,14161.831427293582,14207.280738988511,14249.037926177138,earthquake_m6_5,14289.465266436884,-176.91437238671278,-1.2380755268865764
Peñuelas,South,2030,17461.78071220244,17550.896168499476,17741.7033777724,18008.293915830902,18279.920399298673,18488.26670075641,18723.180679376714,earthquake_m6_5,18236.39065058706,-228.09673475615637,-1.2507778492276023
Ponce,South,2030,117329.21984071333,118285.63616036413,119148.39783475247,120334.07916214358,121734.83961087084,122721.15544268991,123266.43912396554,earthquake_m6_5,121835.7014722952,-1501.6223101516225,-1.2324977752872244
Quebradillas,North,2030,21215.004298962882,21285.723433192066,21390.569370102647,21558.34459969873,21687.796536172777,21793.3439857228,21846.31875001479,earthquake_m6_5,21718.489381874017,-160.14478217528813,-0.7373661186074156
Rincón,West,2030,13515.240436392207,13662.930577278492,13886.552077100929,14125.759711564415,14364.067706406666,14626.461728446717,14737.798249003943,earthquake_m6_5,14244.388569365885,-118.62885780147008,-0.8328111608566646
Río Grande,East,2030,40424.14445772274,40555.46063450455,40756.2943802441,41059.35513197939,41310.27258073649,41562.96980148522,41690.54992798685,earthquake_m6_5,41547.05316009508,-487.6980281156866,-1.1738450528282198
Sabana Grande,West,2030,20250.920147497472,20368.707066960626,20507.021039003124,20705.77870964978,20917.155074535527,21075.770947185374,21149.347517132126,earthquake_m6_5,20905.327787036724,-199.54907738694237,-0.9545369458912843
Salinas,South,2030,22296.291020849047,22391.065464926443,22528.204987185927,22731.909273455887,22906.78368461837,23037.174921994574,23115.705174360755,earthquake_m6_5,22996.56796986937,-264.658696413484,-1.1508617144969018
San Germán,West,2030,28072.931660851646,28160.178472342537,28461.857976686235,28718.4404684841,29054.92171743246,29403.03781671005,29541.73054568763,earthquake_m6_5,29026.13266835802,-307.6921998739199,-1.060052344518295
San Juan,Metro,2030,300356.0575971862,302884.86260608514,306627.83350147074,310963.1163058904,314931.46694040217,319767.70877043105,322091.74024180847,earthquake_m6_5,313570.74356182804,-2607.6272559376666,-0.8315913743475593
San Lorenzo,East,2030,32326.11384526784,32564.060884711962,33000.88699635051,33358.7400989173,33658.88452820001,33960.26841559566,34123.593374984295,earthquake_m6_5,33723.683622525394,-364.94352360809717,-1.0821579507534487
San Sebastián,West,2030,34231.97459648638,34836.02885896506,35299.21510785367,35960.99702233803,36794.71105685657,37310.080085905334,37830.49666265712,earthquake_m6_5,36389.793602099926,-428.7965797618963,-1.1783429838886252
Santa Isabel,South,2030,17665.12673358393,17725.405017992776,17909.021677178585,18068.443683687467,18216.171187823948,18366.006268170942,18474.928900705123,earthquake_m6_5,18286.112818647067,-217.66913495960034,-1.1903521383595237
Toa Alta,Metro,2030,59317.66214375289,59679.602320193415,60425.13332951278,61249.19996571697,62029.606371080474,62827.940059470406,63038.2697747871,earthquake_m6_5,61837.095974803306,-587.8960090863329,-0.9507173644213213
Toa Baja,Metro,2030,67609.91487319763,67763.07553179274,68093.06201195477,68525.35908476703,68863.61550575747,69106.74168672206,69296.6680598854,earthquake_m6_5,69008.37393374855,-483.0148489815183,-0.6999365750093408
Trujillo Alto,Metro,2030,60178.257156727566,60380.11190728941,61041.722553272695,61833.66300962988,62593.93199674559,63062.907102875826,63321.481939445344,earthquake_m6_5,62332.9130376063,-499.25002797641355,-0.8009412742754525
Utuado,Central Mountains,2030,25276.639322516305,25401.67888090605,25600.191011587558,25812.93451655757,26040.633021842437,26176.748605903733,26241.110098281588,earthquake_m6_5,26035.619712503343,-222.68519594577447,-0.8553097579576036
Vega Alta,North,2030,31720.18981538056,31787.035496701134,31968.305345509834,32143.907844762005,32304.42986786525,32444.984467023918,32564.981412490662,earthquake_m6_5,32407.4615294028,-263.55368464079584,-0.8132500115804429
Vega Baja,North,2030,47179.073316184775,47667.874089457815,48619.8211097611,49329.6197290557,50092.25169370529,50779.42551086567,51327.22154207229,earthquake_m6_5,49774.03328269624,-444.41355364053743,-0.8928622503152385
Vieques,East,2030,7108.3109339767525,7129.509759083727,7164.643971481907,7198.0953264996915,7252.309614591605,7298.152669413495,7321.155733494619,earthquake_m6_5,7291.941246743885,-93.84592024419362,-1.286981299884982
Villalba,South,2030,19232.483059327304,19290.37659199007,19411.043326853272,19549.884229128224,19706.69907987154,19858.992437762066,19930.50342861824,earthquake_m6_5,19782.9354313594,-233.05120223117774,-1.1780415653672456
Yabucoa,East,2030,25428.577645004953,25585.39497278357,25806.415561235,26073.929912237647,26332.349548535174,26605.931297218092,26801.09523713864,earthquake_m6_5,26403.347347586023,-329.4174353483759,-1.2476351237279522
Yauco,South,2030,29687.112884466143,29771.96964867072,29940.094322167493,30085.67166028024,30314.2537344928,30487.297305924527,30595.545779402593,earthquake_m6_5,30440.912489701623,-355.24082942138193,-1.1669848252464916
Adjuntas,Central Mountains,2030,16099.883187827483,16171.94115371575,16288.792671934489,16421.263563746543,16544.80039109062,16640.550550798227,16690.83987025073,earthquake_m6_8,16647.181575143695,-225.91801139715244,-1.3570946551966252
Aguada,West,2030,33613.831853889424,33757.31813406866,34006.429200085724,34347.87111800766,34542.70151256633,34805.68496502059,34958.67938777779,earthquake_m6_8,34859.66725551234,-511.7961375046798,-1.4681612814986058
Aguadilla,West,2030,47474.57283606029,47974.1943504593,48867.01618437058,49690.70050630566,50496.13559272701,51312.80341435067,51832.8882001944,earthquake_m6_8,50417.569028251695,-726.8685219460385,-1.4416968845497782
Aguas Buenas,Central Mountains,2030,21483.375846889732,21555.587841184584,21665.906812524074,21777.203719826444,21915.1397701683,22008.106186870205,22059.009212456203,earthquake_m6_8,22086.09770908545,-308.89398925900605,-1.3985901598720982
Aibonito,Central Mountains,2030,21177.590819947345,21446.482657237724,21881.010233262336,22383.864081269723,22924.80273336321,23335.23598258805,23756.77256111112,earthquake_m6_8,22731.402166710017,-347.5380854402938,-1.5288897837954798
Arecibo,North,2030,76730.00106432244,77618.63695963343,78367.95915739449,79448.0379362586,80390.27505021663,81546.64189747281,81924.16251880344,earthquake_m6_8,80310.6389455789,-862.6010093203076,-1.0740806207566522
Arroyo,South,2030,13392.723823799888,13470.926351747854,13654.481104951683,13861.622641898019,14021.092842870714,14238.953440833218,14301.617432524661,earthquake_m6_8,14093.527209486529,-231.90456758850996,-1.6454686193276875
Añasco,West,2030,22668.153665627065,22718.78324610609,22833.06563912848,22926.56079173489,23064.430856134204,23146.815815344646,23222.43500802393,earthquake_m6_8,23278.3665829994,-351.805791264509,-1.5112993001898982
Barceloneta,North,2030,20413.776017055337,20533.310109595484,20645.959918969296,20800.752923081927,20973.570370738693,21146.154253528097,21257.720646082318,earthquake_m6_8,21045.245601220828,-244.49267813890037,-1.1617478017206766
Barranquitas,Central Mountains,2030,25945.62467079618,26131.519682317947,26353.798072302227,26622.679735715483,26822.845766829545,27075.069834766247,27206.831263227916,earthquake_m6_8,26980.262347385942,-357.5826116704593,-1.3253489053085679
Bayamón,Metro,2030,160929.55042789018,161593.53191971994,163851.9387880333,167331.91111991726,170687.11106236168,173300.8268786529,174693.02883914745,earthquake_m6_8,169446.80948216617,-2114.898362248903,-1.248119317626627
Cabo Rojo,West,2030,42363.20081990229,42492.69065365854,42677.34360770631,42868.96060191191,43061.98526136984,43226.275628395655,43341.40133834799,earthquake_m6_8,43532.96597100729,-664.0053690953791,-1.5252931985787574
Caguas,East,2030,109770.8403115034,110083.5382799204,110784.50155967781,111557.54797652097,112279.88715633276,112882.37602668784,113282.90959946612,earthquake_m6_8,113363.7689145086,-1806.2209379876294,-1.593296478480493
Camuy,North,2030,29095.173654879713,29248.82983562571,29646.07634479019,30045.19208875693,30412.54180264805,30807.69377424322,30981.749899029535,earthquake_m6_8,30339.18476970377,-293.9926809468416,-0.9690197122251551
Canóvanas,East,2030,35862.64372559148,36096.51849290775,36542.81690817513,36996.00513850663,37401.47631609354,37870.358158465875,38078.35607492215,earthquake_m6_8,37599.62264991276,-603.6175114061261,-1.6053818332869005
Carolina,Metro,2030,137239.89314443048,137774.57985199502,138881.40045191423,140220.56088272925,142004.43069109388,143386.69395058067,143832.62067972284,earthquake_m6_8,141932.0138946838,-1711.4530119545525,-1.2058259197424497
Cataño,Metro,2030,20490.99410451121,20548.769862686648,20628.448942260544,20722.735531463884,20835.21219409757,20932.81883817185,20991.10020124839,earthquake_m6_8,20969.203016134095,-246.46748467021098,-1.1753784084238885
Cayey,Central Mountains,2030,37180.80871681592,37246.37037650098,37386.63901946372,37592.76040206371,37737.639729374205,37824.257516434234,37938.42512868174,earthquake_m6_8,38086.7952469601,-494.0348448963923,-1.2971289437533438
Ceiba,East,2030,9561.997818770067,9610.35734049639,9701.914044049314,9815.979341917744,9912.318379065078,10013.69311669696,10083.88698027727,earthquake_m6_8,9978.408707773167,-162.42936585542338,-1.627808307038888
Ciales,Central Mountains,2030,14956.457175939724,15073.443836162673,15226.946896301833,15421.437755234547,15661.689810995498,15818.044671336807,15981.361355662293,earthquake_m6_8,15658.303086217293,-236.86533098274595,-1.5127139235875366
Cidra,Central Mountains,2030,35806.737100336424,35993.767987652864,36282.416910604115,36573.08923236037,36910.576604455826,37138.206335470844,37244.57905083259,earthquake_m6_8,37080.33487365955,-507.24564129918144,-1.3679640246709566
Coamo,South,2030,29300.641956307718,29495.399694133637,29937.333959763877,30558.21745494999,31163.93743400756,31589.532251025623,31849.87209911874,earthquake_m6_8,31152.415515213885,-594.1980602638941,-1.907390006318149
Comerío,Central Mountains,2030,16869.09369292657,16904.099562395164,16982.37016346325,17066.65221149157,17154.477934151022,17208.0617851246,17248.543033583494,earthquake_m6_8,17301.10597745925,-234.45376596767892,-1.3551374477050024
Corozal,Central Mountains,2030,30370.193114520724,30589.92387487314,30930.084092806675,31423.125841909263,31769.315583877593,32042.498250675137,32237.74419942892,earthquake_m6_8,31823.819648701457,-400.69380679219466,-1.2591002941048424
Culebra,East,2030,1073.643068081862,1090.9304448357882,1123.1079764272786,1161.5542589925835,1205.530218677005,1236.6876221982916,1264.2727278136613,earthquake_m6_8,1180.105559312577,-18.551300319993516,-1.5720034681304127
Dorado,North,2030,32896.12300368928,33019.105355841,33222.02156431567,33356.88887694354,33523.27842384828,33663.38788521636,33716.57162668735,earthquake_m6_8,33753.78543226719,-396.8965553236485,-1.1758579082043703
Fajardo,East,2030,26389.15590920191,26616.344526402467,27130.767120044806,27823.368156562654,28445.22938016526,28898.113170854398,29308.972932692963,earthquake_m6_8,28262.108458523766,-438.740301961112,-1.55239763022277
Florida,North,2030,10429.317697833776,10458.070300465943,10506.499281858012,10573.140711563103,10645.258970438179,10703.478749421896,10722.02706566757,earthquake_m6_8,10695.185279016081,-122.0445674529783,-1.1411169069920588
Guayama,South,2030,30755.027957677645,30868.2358653388,31366.421986866917,31770.896768333623,32138.865404364384,32528.627943112897,32842.9227064451,earthquake_m6_8,32338.237816122353,-567.3410477887301,-1.7543969186406316
Guayanilla,South,2030,15390.042811097268,15422.781278071758,15502.412551290194,15577.260605874293,15651.689008422587,15734.929570855576,15781.679847297799,earthquake_m6_8,15842.0905790383,-264.82997316400724,-1.6716857654785853
Guaynabo,Metro,2030,79082.01259144077,79707.45120693117,80955.44431874444,81882.11724579986,83014.58622761292,84366.4831843009,85146.78633551784,earthquake_m6_8,82912.2346749084,-1030.1174291085335,-1.2424190870593872
Gurabo,East,2030,32966.42663598942,33428.15641271745,34449.022737928244,35613.72523045147,36703.08071850316,37522.55734985068,38617.12298748436,earthquake_m6_8,36179.665216461544,-565.9399860100748,-1.5642488193964141
Guánica,West,2030,10690.148862251266,10803.016157945365,10935.248126272672,11127.02691952288,11284.911613718908,11434.747254214933,11540.029010412067,earthquake_m6_8,11335.862882680696,-208.83596315781688,-1.8422590791644395
Hatillo,North,2030,34457.719787652684,34572.19214540239,34791.75623113086,34953.202205468624,35142.79335118761,35313.38071165801,35435.859788741676,earthquake_m6_8,35368.99650051414,-415.7942950455181,-1.1755897429531932
Hormigueros,West,2030,14220.47583666566,14234.037863260903,14278.74538488656,14330.395119863435,14382.540893447327,14423.19965184265,14480.512468846897,earthquake_m6_8,14549.020087097077,-218.62496723364166,-1.5026782967158805
Humacao,East,2030,43902.10713553501,43997.51011948456,44138.346922635625,44384.93118646242,44601.524296993055,44785.39741047094,44936.784886981055,earthquake_m6_8,45129.71975553989,-744.788569077471,-1.650328371440961
Isabela,West,2030,38234.135362501314,38518.981560414424,38865.888203877825,39337.66649618124,39779.804962545575,40207.53158966011,40571.9981292928,earthquake_m6_8,39926.01246073446,-588.3459645532203,-1.4735905949331491
Jayuya,Central Mountains,2030,13120.545996453013,13187.852256655411,13298.809995493291,13444.052697335488,13628.306979538098,13772.959779722112,13835.281410129912,earthquake_m6_8,13621.04626839892,-176.99357106343268,-1.2994124502319697
Juana Díaz,South,2030,40401.45967709233,40664.5737249276,40968.34032364635,41359.813733102324,41708.38782434579,41984.63858406873,42116.348764529255,earthquake_m6_8,42155.15328884795,-795.3395557456242,-1.8866959166200672
Juncos,East,2030,31929.810399494956,32128.53646711226,32344.371679745796,32573.527602851573,32804.80898316709,33003.310152123464,33115.20808815246,earthquake_m6_8,33106.945590090705,-533.4179872391323,-1.6111966166966203
Lajas,West,2030,20654.22799616149,20768.083410672712,20902.96950704405,21118.219526062392,21360.152067749637,21616.907969371838,21702.96353040667,earthquake_m6_8,21422.921487632306,-304.7019615699137,-1.422317501120571
Lares,Central Mountains,2030,23408.364917121122,23749.308238401572,24489.134310403973,25244.531000506126,25989.1080989394,26590.020501992178,26877.874177181686,earthquake_m6_8,25590.747049413683,-346.2160489075577,-1.352895436147457
Las Marías,West,2030,7486.568709090912,7578.416508332585,7725.639209085676,7927.693889029738,8134.268743406477,8301.59924881645,8344.397765165628,earthquake_m6_8,8049.579860901684,-121.88597187194591,-1.514190479231952
Las Piedras,East,2030,29983.29590000686,30101.608945925786,30310.257054432113,30720.354131415683,31060.792687085297,31471.060013387407,31593.484436086725,earthquake_m6_8,31230.785702213627,-510.431570797944,-1.634385941054838
Loíza,East,2030,19879.639845485806,19963.535997785817,20077.1714706132,20186.331644389902,20299.868506118477,20416.631983825082,20461.36664438097,earthquake_m6_8,20512.134818766455,-325.8031743765532,-1.588343569575593
Luquillo,East,2030,15365.806452181463,15402.839922365087,15482.484601658382,15554.227021689672,15670.737802079848,15737.297213837703,15775.421279533644,earthquake_m6_8,15806.022570802419,-251.7955491127468,-1.593035490015525
Manatí,North,2030,35159.29208119126,35350.65151241516,35717.257893060516,36121.88922733064,36503.50314836611,36942.52485019308,37166.08096532986,earthquake_m6_8,36535.84858434396,-413.959357013322,-1.133022423326739
Maricao,West,2030,4386.1087473656335,4447.494257691639,4532.236733819044,4616.285563924944,4703.668698089478,4781.070034720743,4837.744095696241,earthquake_m6_8,4677.782158268017,-61.49659434307341,-1.3146528047352033
Maunabo,East,2030,8998.563206361567,9033.044307308566,9093.716696658037,9157.556896577325,9230.58550810858,9318.12969336701,9355.467597284067,earthquake_m6_8,9309.07364214358,-151.51674556625403,-1.6276243092579576
Mayagüez,West,2030,64649.796479338715,64928.40507326687,65514.938717631856,65868.49156806948,66411.18326803135,66831.22325406506,67150.82123021892,earthquake_m6_8,66867.39021199415,-998.8986439246655,-1.4938502022552256
Moca,West,2030,33125.012014001695,33421.937619885015,33841.318915925054,34255.85979861775,34710.48283238794,35207.81261672296,35513.118271008025,earthquake_m6_8,34742.95357387347,-487.093775255722,-1.401992994694654
Morovis,Central Mountains,2030,25546.117638208107,25703.930054803957,25899.33356503281,26179.61774337721,26399.635409537135,26614.250783360516,26810.323902999386,earthquake_m6_8,26552.394959899975,-372.77721652276523,-1.40393067023047
Naguabo,East,2030,19351.110907845978,19641.91697457973,20021.86539108413,20472.39483370498,20840.314677553888,21158.846717950943,21455.76351674085,earthquake_m6_8,20835.569424872057,-363.17459116707687,-1.7430509517706976
Naranjito,Central Mountains,2030,25860.158629572124,26050.17142297399,26326.237767136194,26665.31006885794,26965.94225334774,27239.23117638146,27480.660682373033,earthquake_m6_8,27054.91814229432,-389.6080734363786,-1.4400637672871517
Orocovis,Central Mountains,2030,18998.45448992262,19051.74657956643,19219.558919065326,19431.237574426763,19638.181542919112,19862.021164281945,19982.117903799564,earthquake_m6_8,19689.119154910142,-257.88158048337937,-1.309766975629623
Patillas,South,2030,13909.684257973733,13926.745735099614,13974.620824700833,14034.578338641157,14082.327999100427,14129.411696566465,14169.921519577068,earthquake_m6_8,14289.465266436884,-254.8869277957274,-1.783740140328457
Peñuelas,South,2030,17358.02708078524,17452.96465737565,17654.003763700457,17918.204646031154,18184.868520939148,18402.557096858818,18625.0535812617,earthquake_m6_8,18236.39065058706,-318.1860045559042,-1.7447860744618415
Ponce,South,2030,116720.08623296609,117606.42683242535,118472.11645136951,119727.94472616015,121065.94968240625,122048.73765748646,122716.15950614914,earthquake_m6_8,121835.7014722952,-2107.7567461350554,-1.7299992700533253
Quebradillas,North,2030,21140.839683245533,21219.655158472015,21316.009362863017,21483.566332785776,21626.24353348151,21720.2576452028,21777.528535829373,earthquake_m6_8,21718.489381874017,-234.92304908824008,-1.0816730618672952
Rincón,West,2030,13436.349905968245,13608.609971292417,13818.6360538083,14062.44305583569,14300.203150163978,14563.149853550858,14671.718253941115,earthquake_m6_8,14244.388569365885,-181.94551353019415,-1.2773136077001428
Río Grande,East,2030,40234.16083657388,40387.421522150944,40556.08421559076,40858.08591723817,41135.85474944322,41412.37447253526,41504.29421573044,earthquake_m6_8,41547.05316009508,-688.9672428569102,-1.6582818526312384
Sabana Grande,West,2030,20183.57515641935,20265.274584716237,20419.64730749406,20615.75503422122,20832.497163353793,21006.636814650996,21078.02919147227,earthquake_m6_8,20905.327787036724,-289.5727528155039,-1.3851624608109057
Salinas,South,2030,22163.925565021727,22271.205268514554,22410.589065180193,22619.17810734297,22779.370979678162,22929.13569905517,23005.642463779644,earthquake_m6_8,22996.56796986937,-377.389862526401,-1.641070367634274
San Germán,West,2030,27930.380373256925,28042.156973783804,28320.698880086646,28611.962223187373,28938.57966506555,29282.702550815215,29379.607839232205,earthquake_m6_8,29026.13266835802,-414.1704451706464,-1.4268881421538533
San Juan,Metro,2030,299371.031716154,301760.43136225926,305444.695399262,309807.9280747526,314158.6965529588,318408.43667074916,320575.6868238815,earthquake_m6_8,313570.74356182804,-3762.8154870754224,-1.1999893371217818
San Lorenzo,East,2030,32166.162236761123,32426.845669422677,32855.2680762135,33214.906645807365,33524.501018900024,33783.08887719166,33968.47151604874,earthquake_m6_8,33723.683622525394,-508.7769767180289,-1.5086637106813459
San Sebastián,West,2030,34025.148355120495,34654.79166928791,35142.34427582928,35816.208596067576,36653.16812408331,37134.227674906026,37615.54299524525,earthquake_m6_8,36389.793602099926,-573.5850060323501,-1.5762249500619605
Santa Isabel,South,2030,17573.21334614737,17626.244979514704,17807.426633392664,17968.174870798935,18119.328751166897,18283.569344636264,18374.844328813455,earthquake_m6_8,18286.112818647067,-317.93794784813144,-1.738685258049582
Toa Alta,Metro,2030,59089.1901545572,59565.271034870224,60167.169641650435,60988.3998294122,61810.39111724997,62614.21579492645,62950.08774517696,earthquake_m6_8,61837.095974803306,-848.6961453911063,-1.3724708963320715
Toa Baja,Metro,2030,67354.07517976656,67522.84605831027,67849.81035683797,68252.39524078112,68627.47188546763,68894.7252210804,69135.47175089468,earthquake_m6_8,69008.37393374855,-755.9786929674301,-1.0954883442018313
Trujillo Alto,Metro,2030,59977.29619982901,60120.88942162987,60822.482315346424,61554.71042866912,62422.13242302973,62825.36501953043,63095.18544081178,earthquake_m6_8,62332.9130376063,-778.2026089371793,-1.2484618013402953
Utuado,Central Mountains,2030,25180.700049561292,25291.389521628585,25479.927788789086,25736.339242743474,25946.50356973357,26102.82046916168,26152.209415301433,earthquake_m6_8,26035.619712503343,-299.28046975986945,-1.149503922182974
Vega Alta,North,2030,31605.274919213407,31679.828022301783,31839.427194426724,32045.57618854029,32181.88728900151,32346.987805596615,32456.14860198248,earthquake_m6_8,32407.4615294028,-361.88534086251093,-1.1166729011902947
Vega Baja,North,2030,46999.714541523914,47482.28363877536,48451.29843323089,49161.13337127626,49929.65638320209,50584.417672834075,51214.31283675136,earthquake_m6_8,49774.03328269624,-612.8999114199833,-1.2313647719463707
Vieques,East,2030,7080.211887228209,7094.444567906976,7130.9573273758315,7164.091188176035,7216.557975936685,7261.292973808511,7281.397148296032,earthquake_m6_8,7291.941246743885,-127.85005856785028,-1.7533062080682555
Villalba,South,2030,19120.102062886544,19172.775176624116,19310.554354167118,19453.577017261072,19602.081311434973,19742.103929005996,19825.391138453248,earthquake_m6_8,19782.9354313594,-329.3584140983294,-1.6648611892865954
Yabucoa,East,2030,25323.72097937136,25463.69432694807,25680.104083627146,25945.01622950114,26196.517024129724,26510.903878672918,26668.377404925122,earthquake_m6_8,26403.347347586023,-458.3311180848832,-1.7358826214388572
Yauco,South,2030,29524.42860666415,29611.317651492758,29777.86360534361,29924.8794323045,30154.883690228,30332.442069684465,30442.448821086353,earthquake_m6_8,30440.912489701623,-516.0330573971223,-1.6951957585755681
Adjuntas,Central Mountains,2030,16042.384834852333,16115.220980018905,16227.52700783321,16358.253964961317,16468.152017346216,16579.56398401593,16631.07303643995,earthquake_m7_2,16647.181575143695,-288.927610182378,-1.7355947544525057
Aguada,West,2030,33421.85679898189,33626.759548880786,33875.5296774762,34191.410509558074,34400.82248618057,34668.48151563575,34786.09287153879,earthquake_m7_2,34859.66725551234,-668.2567459542624,-1.916991177959656
Aguadilla,West,2030,47240.61744847205,47784.92466152783,48627.798971027536,49495.843100437356,50265.14814084452,51137.28739323925,51652.37152197622,earthquake_m7_2,50417.569028251695,-921.7259278143392,-1.8281839953406842
Aguas Buenas,Central Mountains,2030,21398.422965051854,21460.187773018235,21569.24682855353,21689.339772831423,21811.864348286203,21909.107317507987,21943.521647517686,earthquake_m7_2,22086.09770908545,-396.7579362540273,-1.796414837424245
Aibonito,Central Mountains,2030,21075.064296065917,21396.574544870884,21796.45879403869,22282.29016892414,22839.32618148071,23228.484717996653,23634.330948125214,earthquake_m7_2,22731.402166710017,-449.11199778587616,-1.9757338086411476
Arecibo,North,2030,76464.73493851052,77296.71862541478,78087.47512845481,79150.40804506154,80144.53052811061,81220.57694906883,81799.18042611452,earthquake_m7_2,80310.6389455789,-1160.2309005173593,-1.4446789563006333
Arroyo,South,2030,13310.799462157127,13388.284444631783,13602.599896197424,13784.25531193105,13945.622030518065,14156.510956931508,14243.502571522386,earthquake_m7_2,14093.527209486529,-309.27189755547806,-2.194425092870316
Añasco,West,2030,22570.711585359728,22607.798438123027,22715.41109579765,22822.376658751775,22950.31347146713,23065.180416040763,23142.072078507023,earthquake_m7_2,23278.3665829994,-455.989924247624,-1.958857047043161
Barceloneta,North,2030,20352.796613674367,20452.15976474633,20586.07825453928,20739.416601462686,20904.11450749648,21067.52491344541,21192.840694606955,earthquake_m7_2,21045.245601220828,-305.82899975814144,-1.4531975798866439
Barranquitas,Central Mountains,2030,25815.8245997681,26004.220102130632,26252.708482783775,26516.61553711407,26733.178110065313,26934.905400923813,27093.27438593842,earthquake_m7_2,26980.262347385942,-463.6468102718718,-1.7184666490716816
Bayamón,Metro,2030,160145.48942713224,160962.87970671238,163179.7258895593,166748.405521147,170069.9522636627,172530.78955846906,173967.36423266373,earthquake_m7_2,169446.80948216617,-2698.403961019154,-1.5924784711294042
Cabo Rojo,West,2030,42185.27390495,42319.06094985542,42502.854371141024,42697.76451854643,42888.374673381615,43059.14397581491,43132.24003590035,earthquake_m7_2,43532.96597100729,-835.2014524608603,-1.9185493885647484
Caguas,East,2030,109253.0137208702,109637.05696706542,110299.08685691806,111028.69064508978,111761.8339038286,112313.64380084243,112753.1142863602,earthquake_m7_2,113363.7689145086,-2335.0782694188238,-2.05981001847229
Camuy,North,2030,28979.08302615646,29168.665376074543,29541.609983776845,29914.719559986617,30319.329394729575,30719.768211438182,30853.703443522656,earthquake_m7_2,30339.18476970377,-424.4652097171529,-1.399065970094942
Canóvanas,East,2030,35685.90985418084,35928.98628232796,36359.01256245174,36829.4901566647,37240.932259757494,37714.50574427423,37876.289032941255,earthquake_m7_2,37599.62264991276,-770.1324932480566,-2.0482452720834514
Carolina,Metro,2030,136754.77464527416,137219.00143321927,138342.8036814373,139692.05980723104,141345.95969472948,142778.226694055,143289.61204963387,earthquake_m7_2,141932.0138946838,-2239.9540874527593,-1.5781880535527715
Cataño,Metro,2030,20409.346735943564,20455.294487883977,20532.8728327758,20638.087019606777,20759.305241309205,20854.17081067937,20906.31404906902,earthquake_m7_2,20969.203016134095,-331.1159965273182,-1.5790585663773267
Cayey,Central Mountains,2030,37006.89328327289,37065.739109858216,37222.17119144282,37417.45858698452,37589.71471937126,37686.67123271814,37807.51255188665,earthquake_m7_2,38086.7952469601,-669.3366599755827,-1.757398215406443
Ceiba,East,2030,9515.348096998876,9564.944101912039,9655.97428671255,9771.948932778463,9865.439005913157,9966.490364101403,10033.75544294281,earthquake_m7_2,9978.408707773167,-206.45977499470428,-2.0690651289305517
Ciales,Central Mountains,2030,14893.533044527947,15010.202801392921,15167.066180394682,15347.266321335544,15594.447732489565,15768.61814176859,15896.323849435019,earthquake_m7_2,15658.303086217293,-311.03676488174824,-1.9864014840505173
Cidra,Central Mountains,2030,35625.680110958456,35843.15071824492,36117.21659176006,36447.12445810335,36730.59783576656,37020.02936550782,37099.16488969586,earthquake_m7_2,37080.33487365955,-633.2104155561974,-1.7076717826677608
Coamo,South,2030,29117.667649247935,29313.488277121076,29795.173266020553,30383.204032056645,30998.156205198633,31386.875034012544,31689.751313908564,earthquake_m7_2,31152.415515213885,-769.2114831572399,-2.4691872859155355
Comerío,Central Mountains,2030,16803.343637512575,16854.77389591508,16914.607313129753,17017.126374637544,17089.752573492755,17150.20339257665,17173.391755366316,earthquake_m7_2,17301.10597745925,-283.97960282170607,-1.6413956610154805
Corozal,Central Mountains,2030,30292.23743593018,30464.9617921459,30833.59139888139,31299.425949011318,31650.65109228204,31935.085552100645,32103.067157831254,earthquake_m7_2,31823.819648701457,-524.3936996901393,-1.64780251232833
Culebra,East,2030,1068.325946351478,1085.7584525947811,1117.9161939768223,1156.6538569223876,1200.0063691013488,1230.6450566638819,1258.5699249186787,earthquake_m7_2,1180.105559312577,-23.45170239018944,-1.987254632022095
Dorado,North,2030,32768.5080176247,32891.68825465048,33094.641932044855,33262.30644777388,33380.524676453,33547.23786650395,33603.93594602262,earthquake_m7_2,33753.78543226719,-491.47898449331115,-1.4560707138449662
Fajardo,East,2030,26278.142504867574,26490.58000435146,26998.654555344103,27687.294962004824,28307.518914895732,28782.19859394144,29174.646948077363,earthquake_m7_2,28262.108458523766,-574.813496518942,-2.0338662890722152
Florida,North,2030,10395.864514963227,10425.32476423916,10468.586862197364,10538.215544629384,10607.038485384674,10670.405257545233,10697.704897668276,earthquake_m7_2,10695.185279016081,-156.96973438669738,-1.4676672754297346
Guayama,South,2030,30587.269398175573,30679.75447895016,31205.89851798959,31592.943589668474,31974.172351093242,32350.576416071326,32678.024444461487,earthquake_m7_2,32338.237816122353,-745.2942264538797,-2.3046841039752337
Guayanilla,South,2030,15301.815501633688,15334.743084625436,15418.711943777831,15489.264718238936,15564.105960065463,15647.108940503595,15690.531436908579,earthquake_m7_2,15842.0905790383,-352.8258607993648,-2.227142049460389
Guaynabo,Metro,2030,78682.49543878814,79361.46861847812,80694.17070744034,81660.87053329614,82708.8785463786,84089.6832975324,84798.88262837245,earthquake_m7_2,82912.2346749084,-1251.3641416122555,-1.5092635562396124
Gurabo,East,2030,32809.92006791718,33257.04781120615,34281.315045745105,35458.77284654381,36532.917559373105,37330.43496950373,38480.903506679286,earthquake_m7_2,36179.665216461544,-720.8923699177321,-1.9925346616798714
Guánica,West,2030,10627.040212305492,10741.783406504053,10877.077880468638,11063.137646385985,11231.169527920723,11369.445917063751,11488.934215473919,earthquake_m7_2,11335.862882680696,-272.72523629471107,-2.405862166094031
Hatillo,North,2030,34312.51770723755,34442.5163562118,34672.67473400696,34844.65547072617,35026.80280318427,35187.06360923105,35323.78247062686,earthquake_m7_2,35368.99650051414,-524.3410297879745,-1.4824877199452138
Hormigueros,West,2030,14141.57763375453,14173.736635012174,14218.66163376622,14272.407582067575,14314.775805035812,14366.832665157543,14414.632248434886,earthquake_m7_2,14549.020087097077,-276.61250502950134,-1.9012449180327788
Humacao,East,2030,43716.466968525914,43792.9926778413,43945.91102511837,44182.1563405111,44391.9584528548,44556.841205844525,44712.058666655226,earthquake_m7_2,45129.71975553989,-947.5634150287879,-2.0996439157202387
Isabela,West,2030,38049.776735599335,38313.77848931941,38716.55126012591,39167.98322386888,39608.02973438299,39987.25497703423,40392.23440559333,earthquake_m7_2,39926.01246073446,-758.0292368655792,-1.898584882752989
Jayuya,Central Mountains,2030,13059.474639362275,13140.918103264408,13247.814419457274,13371.84418922449,13579.4208983951,13708.233684816,13766.7877112991,earthquake_m7_2,13621.04626839892,-249.20207917443076,-1.8295369846337297
Juana Díaz,South,2030,40172.76097122528,40424.59162053926,40746.07035303023,41125.271062128915,41477.34352028049,41755.53700026654,41903.411651488015,earthquake_m7_2,42155.15328884795,-1029.8822267190335,-2.4430755112245945
Juncos,East,2030,31794.654620148835,31979.467994367707,32191.196365333126,32432.51512618149,32643.488683588992,32859.267625113884,32947.09092811726,earthquake_m7_2,33106.945590090705,-674.4304639092152,-2.0371268079501723
Lajas,West,2030,20556.45797387293,20678.626253489205,20802.78980911625,21023.509803702713,21282.248846999737,21513.08253346181,21606.626231868257,earthquake_m7_2,21422.921487632306,-399.411683929593,-1.8644127700331528
Lares,Central Mountains,2030,23289.807867878466,23639.399852091065,24352.352451623854,25196.722358674026,25864.087528234628,26482.653745073443,26771.94160694882,earthquake_m7_2,25590.747049413683,-394.0246907396577,-1.5397154681683483
Las Marías,West,2030,7452.056216909388,7543.469511495432,7684.437797676854,7881.618141995387,8105.665829407651,8261.884142008197,8310.625331529682,earthquake_m7_2,8049.579860901684,-167.96171890629648,-2.086589881816292
Las Piedras,East,2030,29839.93984994732,29955.800238948803,30168.535758138045,30578.356668190892,30918.633243810644,31325.718021422064,31445.877461593638,earthquake_m7_2,31230.785702213627,-652.4290340227344,-2.089057381532641
Loíza,East,2030,19799.98691828839,19866.115647776067,19984.59975185103,20094.37139407958,20205.488737383504,20320.739712372182,20374.78179556667,earthquake_m7_2,20512.134818766455,-417.76342468687653,-2.0366647761337195
Luquillo,East,2030,15291.551280368787,15332.902785195836,15409.397263067709,15482.752638085049,15599.467811593438,15665.79942592052,15702.559559708572,earthquake_m7_2,15806.022570802419,-323.26993271737047,-2.0452326400857412
Manatí,North,2030,35000.24283931362,35189.5132101098,35613.337590163974,36009.56808319762,36373.7417049875,36839.70764439317,37044.96271553069,earthquake_m7_2,36535.84858434396,-526.2805011463424,-1.4404496447685076
Maricao,West,2030,4392.103775571038,4428.859245112391,4512.485807828789,4598.041036777862,4681.455266197518,4766.118628153677,4812.5571444121515,earthquake_m7_2,4677.782158268017,-79.74112149015491,-1.7046779604563638
Maunabo,East,2030,8956.546286985962,8991.939617600683,9050.450190437125,9112.402177639804,9190.969874299772,9277.243490172843,9309.047817194,earthquake_m7_2,9309.07364214358,-196.6714645037755,-2.1126856663096327
Mayagüez,West,2030,64258.07094628769,64644.71921566343,65185.50497011679,65592.54159748145,66160.0689727354,66620.30076534432,66836.30369403357,earthquake_m7_2,66867.39021199415,-1274.8486145126953,-1.9065326319315854
Moca,West,2030,32988.26191863808,33255.284046354725,33713.890439753646,34111.712981172765,34521.473871310074,35053.421271103136,35364.194593374,earthquake_m7_2,34742.95357387347,-631.2405927007057,-1.8168881104437693
Morovis,Central Mountains,2030,25425.038839271903,25579.723441977134,25808.772143194445,26067.006703450854,26299.4894733379,26496.348262225376,26666.889689797204,earthquake_m7_2,26552.394959899975,-485.3882564491214,-1.828039456260596
Naguabo,East,2030,19253.342267164775,19549.538760706087,19926.971813180222,20374.441209048047,20743.47317907719,21053.138045429558,21328.301738338112,earthquake_m7_2,20835.569424872057,-461.1282158240101,-2.2131778902742503
Naranjito,Central Mountains,2030,25748.867387484737,25915.75377728736,26233.022441525954,26548.210970559205,26842.30913601798,27119.568472417734,27392.883622671412,earthquake_m7_2,27054.91814229432,-506.70717173511366,-1.8728837731835168
Orocovis,Central Mountains,2030,18900.1093416505,18965.851780811397,19145.048561270007,19359.40084066065,19570.869333058316,19786.0532116993,19899.431983997278,earthquake_m7_2,19689.119154910142,-329.7183142494905,-1.6746219658448467
Patillas,South,2030,13827.26242611119,13845.223334553852,13893.299392364934,13952.914300800814,14007.19325572247,14053.171992977586,14096.672845393261,earthquake_m7_2,14289.465266436884,-336.55096563607003,-2.3552383476977363
Peñuelas,South,2030,17254.599462131166,17342.92312500847,17565.79307737342,17811.654290906466,18088.539569467775,18326.9984197672,18504.991201783105,earthquake_m7_2,18236.39065058706,-424.7363596805917,-2.3290593397488926
Ponce,South,2030,116159.10704021085,116868.22655966396,117816.63779836595,119083.6935545827,120429.09381632657,121302.52415708147,122068.86959894383,earthquake_m7_2,121835.7014722952,-2752.007917712501,-2.258786122997201
Quebradillas,North,2030,21070.656141730025,21130.84374595689,21248.08260206052,21400.388878746264,21555.083614879324,21647.77125041224,21695.623142710112,earthquake_m7_2,21718.489381874017,-318.10050312775275,-1.4646529854568775
Rincón,West,2030,13378.588692388847,13557.638468899462,13752.083965513306,13999.621210333216,14241.952954408996,14502.076557106106,14601.34092210283,earthquake_m7_2,14244.388569365885,-244.76735903266854,-1.718342334181107
Río Grande,East,2030,40037.18134759905,40201.319415346814,40369.9197983785,40656.94596978284,40955.2489028549,41204.72684894471,41304.75877604252,earthquake_m7_2,41547.05316009508,-890.1071903122356,-2.1424075177662942
Sabana Grande,West,2030,20104.261310104604,20176.842207813424,20331.72611421827,20538.952351362546,20750.608937044817,20894.90661269231,20983.947894675603,earthquake_m7_2,20905.327787036724,-366.3754356741774,-1.7525457596573288
Salinas,South,2030,22039.428129436572,22151.01380225181,22287.7584017405,22495.499863882473,22659.261384008783,22805.922971768163,22881.31748003885,earthquake_m7_2,22996.56796986937,-501.06810598689844,-2.178882112510916
San Germán,West,2030,27810.12860924392,27910.063681333082,28186.891929512432,28488.683386913,28817.852101679477,29163.15606433284,29281.407717236558,earthquake_m7_2,29026.13266835802,-537.4492814450205,-1.8516048541006804
San Juan,Metro,2030,298105.07197721204,300419.39796227694,304218.5222843912,308651.91734769393,313051.54146044975,317016.34836287523,319851.48130617046,earthquake_m7_2,313570.74356182804,-4918.826214134111,-1.568649599851539
San Lorenzo,East,2030,32007.41384194224,32284.81638897882,32705.8491988863,33069.86365541605,33377.38017593487,33647.90274726354,33831.448564389,earthquake_m7_2,33723.683622525394,-653.8199671093462,-1.9387560814164255
San Sebastián,West,2030,33825.56580236052,34446.41697504211,34958.31662332996,35640.865941267475,36449.59271516429,37020.72603922978,37458.2152317571,earthquake_m7_2,36389.793602099926,-748.9276608324508,-2.058070647559905
Santa Isabel,South,2030,17469.259059563887,17525.821985715032,17707.080642115074,17866.788569843055,18011.210577433925,18176.432673595013,18270.50933776411,earthquake_m7_2,18286.112818647067,-419.3242488040123,-2.293129507417295
Toa Alta,Metro,2030,58883.15721319599,59320.38380416989,59950.633914811835,60758.33110832583,61621.21169385529,62341.20856074562,62607.37656855065,earthquake_m7_2,61837.095974803306,-1078.7648664774752,-1.7445270504246162
Toa Baja,Metro,2030,67022.26222227086,67241.41529810872,67586.29175912081,67974.24015178287,68340.1393888216,68611.2458242299,68941.85989383639,earthquake_m7_2,69008.37393374855,-1034.1337819656765,-1.4985627439337956
Trujillo Alto,Metro,2030,59694.83092357013,59903.029728430156,60568.79139602546,61342.41673692403,62197.1382698048,62658.62625622431,62847.783126767616,earthquake_m7_2,62332.9130376063,-990.4963006822654,-1.5890422128750592
Utuado,Central Mountains,2030,25078.01076952321,25192.884005790514,25374.970794393586,25615.330379534986,25842.310629968462,26013.41539079239,26073.114759200398,earthquake_m7_2,26035.619712503343,-420.2893329683575,-1.6142858806872102
Vega Alta,North,2030,31482.651384510737,31557.99228322439,31731.618793413687,31921.001959901743,32081.849210380155,32211.475756958007,32332.102152374104,earthquake_m7_2,32407.4615294028,-486.45956950105756,-1.5010727361650962
Vega Baja,North,2030,46843.0368284319,47314.058194096535,48241.76980581011,48998.4876129701,49784.74642839665,50428.19490668629,51039.67828567211,earthquake_m7_2,49774.03328269624,-775.5456697261397,-1.5581330637229178
Vieques,East,2030,7046.41340841325,7061.707924539558,7099.30822739278,7131.676897160507,7179.319454569516,7224.953174007509,7244.8423123887915,earthquake_m7_2,7291.941246743885,-160.26434958337813,-2.1978283170471506
Villalba,South,2030,19010.587026273475,19076.034106731982,19201.851326826916,19341.770317931085,19493.84054182149,19632.144535380925,19721.580850251827,earthquake_m7_2,19782.9354313594,-441.16511342831654,-2.2300285766944015
Yabucoa,East,2030,25184.475549419632,25341.05688058439,25548.70791618752,25838.96738879411,26073.940719192164,26374.107655601503,26550.03706703994,earthquake_m7_2,26403.347347586023,-564.3799587919129,-2.137531849133184
Yauco,South,2030,29351.768905102614,29439.074299284643,29602.901504122266,29769.61835954776,29990.755705577278,30168.668127450244,30285.61329156186,earthquake_m7_2,30440.912489701623,-671.2941301538631,-2.20523655583901
Adjuntas,Central Mountains,2030,16042.384834852333,16115.220980018905,16227.52700783321,16358.253964961317,16468.152017346216,16579.56398401593,16631.07303643995,earthquake_m7_5,16647.181575143695,-288.927610182378,-1.7355947544525057
Aguada,West,2030,33421.85679898189,33626.759548880786,33875.5296774762,34191.410509558074,34400.82248618057,34668.48151563575,34786.09287153879,earthquake_m7_5,34859.66725551234,-668.2567459542624,-1.916991177959656
Aguadilla,West,2030,47240.61744847205,47784.92466152783,48627.798971027536,49495.843100437356,50265.14814084452,51137.28739323925,51652.37152197622,earthquake_m7_5,50417.569028251695,-921.7259278143392,-1.8281839953406842
Aguas Buenas,Central Mountains,2030,21398.422965051857,21460.187773018235,21569.24682855353,21689.33977283143,21811.864348286206,21909.107317507987,21943.521647517686,earthquake_m7_5,22086.09770908545,-396.75793625402,-1.7964148374242122
Aibonito,Central Mountains,2030,21075.064296065917,21396.574544870884,21796.45879403869,22282.29016892414,22839.32618148071,23228.484717996653,23634.330948125214,earthquake_m7_5,22731.402166710017,-449.11199778587616,-1.9757338086411476
Arecibo,North,2030,76464.73493851052,77296.71862541478,78087.47512845481,79150.40804506154,80144.53052811061,81220.57694906883,81799.18042611453,earthquake_m7_5,80310.6389455789,-1160.2309005173593,-1.4446789563006333
Arroyo,South,2030,13310.799462157127,13388.284444631783,13602.599896197424,13784.25531193105,13945.622030518065,14156.510956931508,14243.502571522386,earthquake_m7_5,14093.527209486529,-309.27189755547806,-2.194425092870316
Añasco,West,2030,22570.711585359728,22607.798438123027,22715.41109579765,22822.376658751775,22950.313471467132,23065.180416040763,23142.072078507023,earthquake_m7_5,23278.3665829994,-455.989924247624,-1.958857047043161
Barceloneta,North,2030,20352.796613674367,20452.159764746328,20586.07825453928,20739.416601462686,20904.11450749648,21067.52491344541,21192.840694606955,earthquake_m7_5,21045.245601220828,-305.82899975814144,-1.4531975798866439
Barranquitas,Central Mountains,2030,25815.8245997681,26004.220102130632,26252.708482783775,26516.61553711407,26733.178110065313,26934.905400923813,27093.27438593842,earthquake_m7_5,26980.262347385942,-463.6468102718718,-1.7184666490716816
Bayamón,Metro,2030,160145.4894271323,160962.87970671238,163179.7258895593,166748.40552114698,170069.9522636627,172530.78955846906,173967.36423266373,earthquake_m7_5,169446.80948216617,-2698.403961019183,-1.5924784711294213
Cabo Rojo,West,2030,42185.27390495,42319.06094985542,42502.85437114102,42697.76451854643,42888.374673381615,43059.14397581491,43132.24003590035,earthquake_m7_5,43532.96597100729,-835.2014524608603,-1.9185493885647484
Caguas,East,2030,109253.0137208702,109637.05696706542,110299.08685691806,111028.69064508978,111761.8339038286,112313.64380084243,112753.11428636019,earthquake_m7_5,113363.7689145086,-2335.0782694188238,-2.05981001847229
Camuy,North,2030,28979.08302615646,29168.665376074543,29541.609983776845,29914.719559986617,30319.329394729575,30719.768211438182,30853.703443522652,earthquake_m7_5,30339.18476970377,-424.4652097171529,-1.399065970094942
Canóvanas,East,2030,35685.90985418084,35928.98628232796,36359.01256245174,36829.4901566647,37240.932259757494,37714.50574427423,37876.289032941255,earthquake_m7_5,37599.62264991276,-770.1324932480566,-2.0482452720834514
Carolina,Metro,2030,136754.77464527416,137219.00143321927,138342.8036814373,139692.05980723104,141345.95969472945,142778.226694055,143289.61204963387,earthquake_m7_5,141932.0138946838,-2239.9540874527593,-1.5781880535527715
Cataño,Metro,2030,20409.346735943564,20455.294487883977,20532.8728327758,20638.087019606777,20759.305241309205,20854.17081067937,20906.31404906902,earthquake_m7_5,20969.203016134095,-331.1159965273182,-1.5790585663773267
Cayey,Central Mountains,2030,37006.89328327289,37065.739109858216,37222.17119144282,37417.45858698452,37589.71471937126,37686.67123271814,37807.51255188665,earthquake_m7_5,38086.7952469601,-669.3366599755827,-1.757398215406443
Ceiba,East,2030,9515.348096998876,9564.944101912039,9655.97428671255,9771.948932778463,9865.439005913157,9966.490364101403,10033.75544294281,earthquake_m7_5,9978.408707773167,-206.45977499470428,-2.0690651289305517
Ciales,Central Mountains,2030,14893.533044527947,15010.202801392921,15167.066180394684,15347.266321335544,15594.447732489565,15768.61814176859,15896.32384943502,earthquake_m7_5,15658.303086217293,-311.03676488174824,-1.9864014840505173
Cidra,Central Mountains,2030,35625.680110958456,35843.15071824492,36117.21659176006,36447.12445810335,36730.59783576656,37020.02936550782,37099.16488969585,earthquake_m7_5,37080.33487365955,-633.2104155561974,-1.7076717826677608
Coamo,South,2030,29117.66764924793,29313.488277121076,29795.173266020553,30383.204032056645,30998.156205198633,31386.875034012544,31689.751313908564,earthquake_m7_5,31152.415515213885,-769.2114831572399,-2.4691872859155355
Comerío,Central Mountains,2030,16803.343637512575,16854.77389591508,16914.607313129753,17017.126374637544,17089.752573492755,17150.203392576645,17173.391755366316,earthquake_m7_5,17301.10597745925,-283.97960282170607,-1.6413956610154805
Corozal,Central Mountains,2030,30292.23743593018,30464.961792145903,30833.59139888139,31299.425949011318,31650.65109228204,31935.085552100645,32103.067157831254,earthquake_m7_5,31823.819648701457,-524.3936996901393,-1.64780251232833
Culebra,East,2030,1068.325946351478,1085.7584525947814,1117.9161939768226,1156.6538569223876,1200.0063691013488,1230.6450566638819,1258.5699249186787,earthquake_m7_5,1180.105559312577,-23.45170239018944,-1.987254632022095
Dorado,North,2030,32768.5080176247,32891.68825465048,33094.641932044855,33262.30644777388,33380.524676453,33547.23786650395,33603.93594602262,earthquake_m7_5,33753.78543226719,-491.47898449331115,-1.4560707138449662
Fajardo,East,2030,26278.142504867574,26490.58000435146,26998.6545553441,27687.294962004824,28307.518914895732,28782.198593941444,29174.646948077363,earthquake_m7_5,28262.108458523766,-574.813496518942,-2.0338662890722152
Florida,North,2030,10395.864514963227,10425.32476423916,10468.586862197364,10538.215544629384,10607.038485384674,10670.405257545233,10697.704897668276,earthquake_m7_5,10695.185279016081,-156.96973438669738,-1.4676672754297346
Guayama,South,2030,30587.269398175573,30679.75447895016,31205.89851798959,31592.943589668477,31974.172351093242,32350.576416071326,32678.024444461487,earthquake_m7_5,32338.237816122353,-745.294226453876,-2.3046841039752226
Guayanilla,South,2030,15301.815501633688,15334.743084625436,15418.711943777831,15489.264718238936,15564.105960065463,15647.108940503595,15690.531436908579,earthquake_m7_5,15842.0905790383,-352.8258607993648,-2.227142049460389
Guaynabo,Metro,2030,78682.49543878816,79361.46861847812,80694.17070744034,81660.87053329614,82708.8785463786,84089.6832975324,84798.88262837243,earthquake_m7_5,82912.2346749084,-1251.3641416122555,-1.5092635562396124
Gurabo,East,2030,32809.92006791718,33257.04781120615,34281.315045745105,35458.77284654381,36532.917559373105,37330.43496950373,38480.903506679286,earthquake_m7_5,36179.665216461544,-720.8923699177321,-1.9925346616798714
Guánica,West,2030,10627.040212305492,10741.783406504052,10877.077880468638,11063.137646385985,11231.169527920725,11369.44591706375,11488.934215473919,earthquake_m7_5,11335.862882680696,-272.72523629471107,-2.405862166094031
Hatillo,North,2030,34312.51770723755,34442.5163562118,34672.67473400696,34844.65547072617,35026.80280318427,35187.06360923105,35323.78247062685,earthquake_m7_5,35368.99650051414,-524.3410297879745,-1.4824877199452138
Hormigueros,West,2030,14141.57763375453,14173.736635012174,14218.66163376622,14272.407582067575,14314.775805035812,14366.832665157543,14414.632248434886,earthquake_m7_5,14549.020087097077,-276.61250502950134,-1.9012449180327788
Humacao,East,2030,43716.466968525914,43792.9926778413,43945.91102511837,44182.1563405111,44391.9584528548,44556.841205844525,44712.058666655226,earthquake_m7_5,45129.71975553989,-947.5634150287879,-2.0996439157202387
Isabela,West,2030,38049.776735599335,38313.77848931941,38716.55126012591,39167.98322386888,39608.02973438299,39987.25497703423,40392.23440559333,earthquake_m7_5,39926.01246073446,-758.0292368655792,-1.898584882752989
Jayuya,Central Mountains,2030,13059.474639362275,13140.918103264408,13247.814419457274,13371.84418922449,13579.4208983951,13708.233684816,13766.7877112991,earthquake_m7_5,13621.04626839892,-249.20207917443076,-1.8295369846337297
Juana Díaz,South,2030,40172.76097122528,40424.59162053926,40746.07035303023,41125.271062128915,41477.34352028049,41755.53700026653,41903.411651488015,earthquake_m7_5,42155.15328884795,-1029.8822267190335,-2.4430755112245945
Juncos,East,2030,31794.654620148827,31979.467994367707,32191.19636533313,32432.51512618149,32643.48868358899,32859.267625113884,32947.09092811726,earthquake_m7_5,33106.945590090705,-674.4304639092152,-2.0371268079501723
Lajas,West,2030,20556.45797387293,20678.626253489205,20802.78980911625,21023.509803702713,21282.248846999737,21513.08253346181,21606.626231868257,earthquake_m7_5,21422.921487632306,-399.411683929593,-1.8644127700331528
Lares,Central Mountains,2030,23289.807867878466,23639.399852091065,24352.352451623854,25196.722358674026,25864.087528234628,26482.653745073443,26771.941606948814,earthquake_m7_5,25590.747049413683,-394.0246907396577,-1.5397154681683483
Las Marías,West,2030,7452.056216909388,7543.469511495432,7684.437797676854,7881.618141995386,8105.665829407651,8261.884142008199,8310.625331529684,earthquake_m7_5,8049.579860901684,-167.9617189062974,-2.086589881816303
Las Piedras,East,2030,29839.939849947317,29955.800238948803,30168.535758138045,30578.356668190892,30918.633243810644,31325.718021422064,31445.877461593645,earthquake_m7_5,31230.785702213627,-652.4290340227344,-2.089057381532641
Loíza,East,2030,19799.986918288392,19866.115647776067,19984.59975185103,20094.37139407958,20205.488737383504,20320.739712372182,20374.78179556667,earthquake_m7_5,20512.134818766455,-417.76342468687653,-2.0366647761337195
Luquillo,East,2030,15291.551280368789,15332.902785195836,15409.397263067709,15482.752638085049,15599.46781159344,15665.79942592052,15702.559559708572,earthquake_m7_5,15806.022570802419,-323.26993271737047,-2.0452326400857412
Manatí,North,2030,35000.24283931362,35189.513210109806,35613.337590163974,36009.56808319762,36373.7417049875,36839.70764439317,37044.96271553069,earthquake_m7_5,36535.84858434396,-526.2805011463424,-1.4404496447685076
Maricao,West,2030,4392.103775571038,4428.859245112391,4512.485807828789,4598.041036777862,4681.4552661975185,4766.118628153677,4812.5571444121515,earthquake_m7_5,4677.782158268017,-79.74112149015491,-1.7046779604563638
Maunabo,East,2030,8956.546286985962,8991.939617600683,9050.450190437125,9112.402177639804,9190.969874299772,9277.243490172843,9309.047817194,earthquake_m7_5,9309.07364214358,-196.6714645037755,-2.1126856663096327
Mayagüez,West,2030,64258.07094628769,64644.71921566343,65185.50497011679,65592.54159748144,66160.0689727354,66620.30076534432,66836.30369403357,earthquake_m7_5,66867.39021199415,-1274.84861451271,-1.9065326319316072
Moca,West,2030,32988.26191863808,33255.284046354725,33713.890439753646,34111.712981172765,34521.473871310074,35053.42127110314,35364.194593374,earthquake_m7_5,34742.95357387347,-631.2405927007057,-1.8168881104437693
Morovis,Central Mountains,2030,25425.038839271903,25579.723441977134,25808.772143194445,26067.006703450854,26299.4894733379,26496.348262225376,26666.889689797204,earthquake_m7_5,26552.394959899975,-485.3882564491214,-1.828039456260596
Naguabo,East,2030,19253.342267164775,19549.538760706087,19926.971813180222,20374.441209048047,20743.47317907719,21053.138045429558,21328.301738338112,earthquake_m7_5,20835.569424872057,-461.1282158240101,-2.2131778902742503
Naranjito,Central Mountains,2030,25748.86738748474,25915.75377728736,26233.022441525954,26548.2109705592,26842.30913601798,27119.568472417734,27392.883622671412,earthquake_m7_5,27054.91814229432,-506.7071717351173,-1.8728837731835302
Orocovis,Central Mountains,2030,18900.1093416505,18965.851780811397,19145.048561270007,19359.40084066065,19570.869333058316,19786.0532116993,19899.431983997278,earthquake_m7_5,19689.119154910142,-329.7183142494905,-1.6746219658448467
Patillas,South,2030,13827.26242611119,13845.223334553852,13893.299392364934,13952.914300800814,14007.19325572247,14053.171992977586,14096.672845393263,earthquake_m7_5,14289.465266436884,-336.55096563607003,-2.3552383476977363
Peñuelas,South,2030,17254.59946213117,17342.92312500847,17565.79307737342,17811.654290906466,18088.539569467775,18326.9984197672,18504.991201783105,earthquake_m7_5,18236.39065058706,-424.7363596805917,-2.3290593397488926
Ponce,South,2030,116159.10704021085,116868.22655966395,117816.63779836593,119083.6935545827,120429.09381632657,121302.52415708147,122068.86959894383,earthquake_m7_5,121835.7014722952,-2752.007917712501,-2.258786122997201
Quebradillas,North,2030,21070.656141730025,21130.84374595689,21248.08260206052,21400.388878746264,21555.083614879324,21647.77125041224,21695.623142710112,earthquake_m7_5,21718.489381874017,-318.10050312775275,-1.4646529854568775
Rincón,West,2030,13378.588692388847,13557.638468899462,13752.083965513306,13999.621210333216,14241.952954408996,14502.076557106106,14601.34092210283,earthquake_m7_5,14244.388569365885,-244.76735903266854,-1.718342334181107
Río Grande,East,2030,40037.18134759905,40201.31941534682,40369.9197983785,40656.94596978284,40955.2489028549,41204.72684894471,41304.75877604252,earthquake_m7_5,41547.05316009508,-890.1071903122356,-2.1424075177662942
Sabana Grande,West,2030,20104.261310104604,20176.842207813424,20331.72611421827,20538.952351362546,20750.608937044817,20894.90661269231,20983.947894675603,earthquake_m7_5,20905.327787036724,-366.3754356741774,-1.7525457596573288
Salinas,South,2030,22039.428129436572,22151.01380225181,22287.7584017405,22495.499863882473,22659.261384008783,22805.922971768163,22881.31748003885,earthquake_m7_5,22996.56796986937,-501.06810598689844,-2.178882112510916
San Germán,West,2030,27810.12860924392,27910.063681333082,28186.891929512432,28488.683386913,28817.852101679477,29163.15606433284,29281.407717236558,earthquake_m7_5,29026.13266835802,-537.4492814450205,-1.8516048541006804
San Juan,Metro,2030,298105.07197721204,300419.39796227694,304218.5222843912,308651.91734769393,313051.54146044975,317016.34836287523,319851.48130617046,earthquake_m7_5,313570.74356182804,-4918.826214134111,-1.568649599851539
San Lorenzo,East,2030,32007.413841942245,32284.81638897882,32705.8491988863,33069.86365541605,33377.38017593487,33647.90274726354,33831.448564389,earthquake_m7_5,33723.683622525394,-653.8199671093462,-1.9387560814164255
San Sebastián,West,2030,33825.56580236052,34446.41697504211,34958.31662332996,35640.865941267475,36449.59271516429,37020.72603922978,37458.2152317571,earthquake_m7_5,36389.793602099926,-748.9276608324508,-2.058070647559905
Santa Isabel,South,2030,17469.259059563887,17525.821985715032,17707.080642115074,17866.788569843055,18011.210577433925,18176.432673595016,18270.509337764106,earthquake_m7_5,18286.112818647067,-419.3242488040123,-2.293129507417295
Toa Alta,Metro,2030,58883.15721319599,59320.38380416989,59950.633914811835,60758.33110832583,61621.21169385529,62341.20856074562,62607.37656855065,earthquake_m7_5,61837.095974803306,-1078.7648664774752,-1.7445270504246162
Toa Baja,Metro,2030,67022.26222227086,67241.41529810872,67586.29175912081,67974.24015178287,68340.1393888216,68611.2458242299,68941.85989383639,earthquake_m7_5,69008.37393374855,-1034.1337819656765,-1.4985627439337956
Trujillo Alto,Metro,2030,59694.83092357013,59903.02972843015,60568.79139602546,61342.41673692403,62197.1382698048,62658.62625622431,62847.783126767616,earthquake_m7_5,62332.9130376063,-990.4963006822654,-1.5890422128750592
Utuado,Central Mountains,2030,25078.01076952321,25192.884005790514,25374.970794393586,25615.330379534986,25842.310629968462,26013.41539079239,26073.114759200398,earthquake_m7_5,26035.619712503343,-420.2893329683575,-1.6142858806872102
Vega Alta,North,2030,31482.651384510737,31557.99228322439,31731.618793413683,31921.001959901743,32081.849210380155,32211.475756958007,32332.102152374104,earthquake_m7_5,32407.4615294028,-486.45956950105756,-1.5010727361650962
Vega Baja,North,2030,46843.0368284319,47314.058194096535,48241.76980581011,48998.4876129701,49784.74642839665,50428.19490668627,51039.67828567211,earthquake_m7_5,49774.03328269624,-775.5456697261397,-1.5581330637229178
Vieques,East,2030,7046.41340841325,7061.707924539558,7099.30822739278,7131.676897160507,7179.319454569516,7224.953174007508,7244.8423123887915,earthquake_m7_5,7291.941246743885,-160.26434958337813,-2.1978283170471506
Villalba,South,2030,19010.587026273475,19076.034106731982,19201.851326826916,19341.770317931085,19493.84054182149,19632.144535380925,19721.580850251827,earthquake_m7_5,19782.9354313594,-441.16511342831654,-2.2300285766944015
Yabucoa,East,2030,25184.475549419632,25341.05688058439,25548.70791618752,25838.96738879411,26073.940719192164,26374.1076556015,26550.03706703994,earthquake_m7_5,26403.347347586023,-564.3799587919129,-2.137531849133184
Yauco,South,2030,29351.768905102614,29439.074299284643,29602.901504122266,29769.618359547756,29990.75570557728,30168.668127450248,30285.61329156186,earthquake_m7_5,30440.912489701623,-671.2941301538667,-2.205236555839022
