year,municipio,total_population,total_population_moe,total_population_16plus,total_population_16plus_moe,total_housing_units,total_housing_units_moe,median_income_nominal,median_income_real,median_income_moe,cpi,total_population_25plus,hs_graduate_pct,hs_graduate_count,hs_graduate_moe,bachelors_plus_pct,bachelors_count,doctorate_count,doctorate_moe,establishment_count,uninsured_pct,uninsured_moe,poverty_rate_pct,unemployment_rate_pct.1,per_capita_income,no_hs_diploma_pct,under_18_pct,over_65_pct,disability_pct,single_parent_pct,minority_pct,limited_english_pct,multi_unit_housing_pct,mobile_homes_pct,crowding_pct,no_vehicle_pct,group_quarters_count,pct_group_quarters,lat,lon,murder,robbery,burglary,larceny / theft,total,income_source_nominal,income_source_real,income_source_cpi,state_fips,county_fips,geoid,unemployment_rate_pct,unemployment_rate_moe,emp_pop_ratio_pct,emp_pop_ratio_moe,labor_force_participation_pct,labor_force_participation_moe,establishments_total_all_sectors,establishments_micro_1to4,establishments_pct_micro,establishments_tourism_hospitality,establishments_retail_trade,establishments_professional_services,establishments_healthcare,establishments_construction,max_wind_knots,storm_count_100km,storm_count_200km,wind_exposure_score_100km,wind_exposure_score_200km,ts_windfield_hit,hurricane_windfield_hit,major_hurricane_count_200km,min_storm_distance_km,pr_annual_storm_count,pr_annual_max_wind,max_seismic_mag,quake_count_50km,quake_count_100km,quake_count_mag35_100km,seismic_exposure_score_50km,seismic_exposure_score_100km,min_quake_distance_km,lag_max_wind_knots,lag_storm_count_100km,lag_storm_count_200km,lag_wind_exposure_score_100km,lag_wind_exposure_score_200km,lag_hurricane_windfield_hit,lag_pr_annual_storm_count,lag_pr_annual_max_wind,lag_max_seismic_mag,lag_quake_count_50km,lag_quake_count_100km,lag_seismic_exposure_score_50km,lag_seismic_exposure_score_100km,target_pop_change,target_pop_change_1y,target_pop_change_2y_avg,target_pop_change_3y_avg,per_capita_income_inv,svi_composite_z15,svi_pca_1,baseline_svi_composite_z15,baseline_svi_pca_1,baseline_vulnerability_index_current,baseline_vulnerability_index,vulnerability_index,high_svi_q75,murder_rate,robbery_rate,burglary_rate,violent_crime_rate,property_crime_rate,total_crime_rate,violent_crime_change,property_crime_change,lag_violent_crime_change,lag_property_crime_change,lag_total_crime_rate,lag_pop_change_1,lag_pop_change_2,income_growth,income_growth_3yr_avg,employment_proxy_count,employment_proxy_growth,employment_ratio_change,unemployment_rate_change,labor_force_participation_change,establishment_growth,lag_establishment_growth,hurricane_event,earthquake_event,hurricane_event_lag1,earthquake_event_lag1,wind_3yr_sum,seismic_3yr_sum,post_maria,post_earthquake_2020,maria_window_2017_2019,quake_window_2020_2022,hurricane_x_svi,earthquake_x_svi,post_maria_x_high_svi,post_quake2020_x_high_svi,wind_3yr_x_svi,seismic_3yr_x_svi,hurricane_x_svi_current,earthquake_x_svi_current,wind_3yr_x_svi_current,seismic_3yr_x_svi_current,years_since_hurricane,years_since_earthquake,years_since_hurricane_capped_5,years_since_earthquake_capped_5,target_pop_change_1y_winsor_1_99,target_pop_change_2y_avg_winsor_1_99,target_pop_change_3y_avg_winsor_1_99,municipality_id,region,target_pop_change_3y_avg_lag1,target_pop_change_3y_avg_lag2,target_pop_change_3y_avg_roll3_mean,target_pop_change_3y_avg_yoy_change,svi_pca_1_lag1,svi_pca_1_lag2,svi_pca_1_roll3_mean,svi_pca_1_yoy_change,wind_3yr_sum_lag1,wind_3yr_sum_lag2,wind_3yr_sum_roll3_mean,wind_3yr_sum_yoy_change,seismic_3yr_sum_lag1,seismic_3yr_sum_lag2,seismic_3yr_sum_roll3_mean,seismic_3yr_sum_yoy_change,income_growth_lag1,income_growth_lag2,income_growth_roll3_mean,income_growth_yoy_change,establishment_growth_lag1,establishment_growth_lag2,establishment_growth_roll3_mean,establishment_growth_yoy_change,lag_total_crime_rate_lag1,lag_total_crime_rate_lag2,lag_total_crime_rate_roll3_mean,lag_total_crime_rate_yoy_change,total_population_lag1,total_population_lag2,total_population_roll3_mean,total_population_yoy_change,scenario,analysis_level,predicted_pop_change_3y_avg
2021.0,Vega Baja,54544.0,0.0,45974.0,184.0,24695.0,300.0,21507.0,24184.680581803197,1165.0,270.96791666666667,39632.0,76.1,11932.0,711.5195008,22.7,8988.0,208.0,120.0,448.0,9.6,1.4,43.36,17.6,12361.0,24.43,18.22,21.41,20.31,13.03,98.0,0.0,4.13,0.59,4.93,13.15,318.0,0.58,18.4438,-66.3874,20.0,14.0,52.0,196.0,352.0,21507.0,24184.680581803197,270.96791666666667,72.0,145.0,72145.0,17.6,2.5,35.5,1.8,43.1,1.7,448.0,262.0,58.5,53.0,122.0,30.0,81.0,26.0,35.0,0.0,2.0,0.0,0.6364429592827845,0.0,0.0,0.0,130.77084340006462,2.0,35.0,4.46,64.0,5527.0,45.0,2008.2460411401848,25385.042901392066,1.9859696820438264,45.0,1.0,1.0,0.4188303000259331,0.7574661983920044,0.0,2.0,60.0,6.4,31.0,12087.0,602.3952258502939,193657.085850226,6.762708215075652,-0.6636843649163948,-0.4465087305490889,-0.4000533626554503,-12361.0,-0.3299630471999777,-1.7354822136138008,0.045353484626113,2.7505250835558357,0.045353484626113,2.7505250835558357,-1.7354822136138008,0.0,36.667644470519214,25.66735112936345,95.33587562334996,62.33499559988266,95.33587562334996,157.6708712232326,-12.045007923380666,-123.88939791889985,-59.74016815055643,33.373035651385294,293.6052770655131,-2.113350705088901,-2.209064847951137,2.085088811818725,1.436333668843015,16320.77,8.800150286450181,0.3999999999999986,-0.5,0.2000000000000028,3.2258064516129004,6.896551724137923,1.0,1.0,1.0,1.0,4.35305821747309,231390.77431820787,1.0,1.0,0.0,1.0,2.7505250835558357,2.7505250835558357,0.0,0.0,11.973195817338588,636446.1288656382,0.045353484626113,0.045353484626113,0.197426358942741,10494.377925665243,0.0,0.0,0.0,0.0,-0.6636843649163948,-0.4465087305490889,-0.4000533626554503,73.0,North,1.9007836704861836,1.2551288990971354,1.2944058716762261,-2.300837033141634,-1.240102967336302,-0.94888834171801,-0.9057501875453999,-0.49537924627749885,3.913916189529675,13.195975752774224,9.115572878426608,0.43914202794341506,214811.7173312132,29884.520769001618,90184.98537329677,16579.056986994663,1.325147674743743,0.8987645199665772,0.28510981462357043,0.759941137074982,6.896551724137923,5.181347150259064,4.287062897209785,-3.6707452725250223,319.97240956468426,344.75651571077924,923.503717077186,-26.367132499171134,51089.0,52192.0,52217.333333333336,3455.0,baseline,municipio,-0.6726487946706119
2021.0,Yabucoa,31047.0,0.0,26282.0,169.0,14548.0,318.0,17267.0,19416.78893411428,1475.0,270.96791666666667,22690.0,73.1,6011.0,550.4416409,17.4,3951.0,53.0,47.0,177.0,5.6,1.2,52.62,15.22,10507.0,27.85,17.76,22.62,12.5,12.95,99.91,0.0,1.53,0.06,5.17,15.22,91.0,0.29,18.0505,-65.8794,9.0,4.0,24.0,24.0,116.0,17267.0,19416.78893411428,270.96791666666667,72.0,151.0,72151.0,15.2,3.0,31.9,2.5,37.7,2.5,177.0,111.0,62.7,22.0,53.0,10.0,30.0,12.0,35.0,1.0,2.0,0.3620838082084655,0.9363630811215408,0.0,0.0,0.0,86.66270406615135,2.0,35.0,4.8,78.0,784.0,11.0,1999.331372317464,6851.435975978414,6.102498439096153,45.0,1.0,1.0,0.9177166047001452,1.3988864144472577,0.0,2.0,60.0,6.4,41.0,3210.0,961.38711109657,69772.44766095818,-5.5374691940244025,-2.364157567558866,-1.9171107452632064,-1.8005106100797974,-10507.0,-0.2395690599287228,-0.6091235904350528,0.1112680882896196,3.2259404024552207,0.1112680882896196,3.2259404024552207,-0.6091235904350528,0.0,28.988308049086868,12.883692466260827,77.30215479756498,41.87200051534769,77.30215479756498,119.17415531291267,29.7017385504589,31.663672429232,-17.681375397420528,-34.9609385099022,57.808744333221775,-1.8866234812979443,-1.9034232334768195,-1.9778261118764464,-0.0120176373978209,8383.958,-2.8536196941171377,0.6999999999999993,-2.900000000000002,-0.5,2.3121387283236983,0.5813953488372103,1.0,1.0,1.0,1.0,7.015573438220777,82052.97580538136,1.0,1.0,0.0,1.0,3.2259404024552207,3.2259404024552207,0.0,0.0,22.63182180074809,264698.0097922604,0.1112680882896196,0.1112680882896196,0.7806094447262601,9129.8777563392,0.0,0.0,0.0,0.0,-2.364157567558866,-1.9171107452632064,-1.8005106100797974,76.0,East,-3.139057052474747,-3.276420816222414,-3.1799980753134283,1.3385464423949496,-0.2692669702583902,0.2219512001020637,0.2607579550153442,-0.3398566201766626,6.468534193254994,21.77245183314426,15.111037972297177,0.5470392449657826,78976.35312972889,13356.680154924,36394.52123253,3076.62267565247,1.9930332136436135,-0.05126001396063,0.7450846102597497,-3.9708593255200597,0.5813953488372103,2.9940119760478945,-1.887907703299167,1.730743379486488,110.4510582405445,149.34551524202757,313.1037352959989,-52.64231390732272,32867.0,33499.0,33505.0,-1820.0,baseline,municipio,-1.8648196247632902
2021.0,Villalba,22341.0,0.0,18348.0,100.0,9380.0,176.0,20722.0,23301.94592533249,1975.0,270.96791666666667,15523.0,78.6,5469.0,545.5135195,21.5,3333.0,89.0,72.0,138.0,3.2,1.0,44.49,18.64,12179.0,22.87,20.28,19.74,22.95,16.92,99.77,0.0,3.99,0.28,5.93,12.3,109.0,0.49,18.1275,-66.4925,3.0,1.0,8.0,15.0,60.0,20722.0,23301.94592533249,270.96791666666667,72.0,149.0,72149.0,18.6,3.5,34.8,2.4,42.8,2.7,138.0,95.0,68.8,16.0,42.0,6.0,26.0,11.0,35.0,0.0,2.0,0.0,0.9491275510213248,0.0,0.0,0.0,100.97010557829026,2.0,35.0,4.46,2740.0,5512.0,38.0,19022.4001551618,35135.69894244134,6.2889059328167525,50.0,1.0,2.0,0.9194115960882656,1.18883113685217,0.0,2.0,60.0,6.4,8517.0,12071.0,271934.3704511804,327069.6174830621,2.0183570026028663,-1.5979589096280389,-1.2680550365346877,-1.18523197249516,-12179.0,-0.1409755970720051,-1.093449951690187,0.4897668740429002,4.613141755449551,0.4897668740429002,4.613141755449551,-1.093449951690187,1.0,13.428226131328053,4.476075377109351,35.808603016874805,17.904301508437403,35.808603016874805,53.71290452531221,-4.927791281187691,-60.0861866995506,-8.413722502969648,33.403159131235924,118.7268825060505,-2.249698701066827,-2.565998347323095,2.277107656202104,-1.0753715167040787,6385.103999999999,-1.8954534468859088,-1.3000000000000045,-1.3999999999999986,-2.3000000000000043,14.049586776859504,-0.8196721311475419,1.0,1.0,1.0,1.0,4.500219936519927,374912.4688010154,1.0,1.0,0.0,1.0,4.613141755449551,4.613141755449551,1.0,1.0,20.7601524978666,1729524.364464641,0.4897668740429002,0.4897668740429002,2.2040586508149036,183619.7078843797,0.0,0.0,0.0,0.0,-1.5979589096280389,-1.2680550365346877,-1.18523197249516,75.0,South,-0.1845191455744244,-0.6273559341701151,-0.5887226909924864,-1.0007128269207357,-0.7825158467590513,-0.376113525307703,-0.4137770012510235,-0.3109341049311357,3.7990654031087225,11.559426717972014,8.185219196802105,0.7011545334112044,346410.8391298689,24621.63746012064,129951.69607976917,28501.62967114651,-3.831087043509507,-1.672135162804833,-2.6902082509077516,6.1081946997116106,-0.8196721311475419,7.964601769911495,-0.077373180521305,14.869258908007046,93.73744587778422,108.72874353063976,209.78834798898106,24.989436628266276,21899.0,22403.0,22431.666666666668,442.0,baseline,municipio,-1.3529794822055825
2021.0,Vega Alta,35728.0,0.0,29794.0,101.0,16019.0,284.0,21828.0,24545.645963621155,1113.0,270.96791666666667,25251.0,75.4,7350.0,703.8870648,22.0,5560.0,399.0,180.0,412.0,5.5,1.5,44.96,21.22,14645.0,25.46,19.71,19.56,24.61,13.46,99.62,0.0,7.08,0.65,6.21,14.09,444.0,1.24,18.4119,-66.3314,5.0,11.0,16.0,99.0,218.0,21828.0,24545.645963621155,270.96791666666667,72.0,143.0,72143.0,21.2,3.9,36.5,2.9,46.4,2.8,412.0,227.0,55.1,46.0,107.0,28.0,82.0,22.0,35.0,0.0,2.0,0.0,0.7894888472803642,0.0,0.0,0.0,126.03989020804924,2.0,35.0,4.46,75.0,5497.0,46.0,2069.1338416494086,24738.088932618182,8.874460293719572,45.0,1.0,1.0,0.4439720883386583,0.7737805300980659,0.0,2.0,60.0,6.4,36.0,12078.0,746.6808814729154,190521.2903137596,-2.273038102792746,-1.2567174205105225,-0.8629938320755204,-0.7586518537710751,-14645.0,-0.0516855766287827,-1.6258047934537565,0.2405535004670204,3.121451575841775,0.2405535004670204,3.121451575841775,-1.6258047934537565,0.0,13.99462606359158,30.788177339901477,44.782803403493055,44.782803403493055,44.782803403493055,89.56560680698611,-1.7173743913043893,-61.89407506692464,-34.34928051383189,-95.44676730115565,153.17705626521513,-1.4741551231606698,-1.6382143993213916,0.2080657013455944,2.3106840513754223,10874.81,-1.3755248500836537,-0.1000000000000014,1.5,0.7999999999999972,0.7334963325183352,0.4914004914004843,1.0,1.0,1.0,1.0,4.92959166414526,226843.81936912335,1.0,1.0,0.0,1.0,3.121451575841775,3.121451575841775,0.0,0.0,15.3874816683027,708081.9974397172,0.2405535004670204,0.2405535004670204,1.185830530683187,54568.07480855111,0.0,0.0,0.0,0.0,-1.2567174205105225,-0.8629938320755204,-0.7586518537710751,72.0,North,-1.335254735176672,-1.6689427485480524,-1.5999794825249714,0.5766028814055968,-1.1983572716781736,-0.6856552917463498,-0.794900071381023,-0.4274475217755829,4.33779123006625,14.0626498854765,9.698922904750807,0.5918004340790102,210326.10938703353,28222.957908495984,87990.87342681503,16517.709982089815,2.511485192803309,4.212501259977364,2.96535165171059,-2.3034194914577144,0.4914004914004843,0.0,0.08210081739493297,0.24209584111785093,282.9731040802027,188.2090976566642,503.44614598999686,-129.79604781498756,36559.0,37106.0,37129.666666666664,-831.0,baseline,municipio,-0.9465632292356092
2021.0,Vieques,8317.0,0.0,7041.0,178.0,4967.0,156.0,14942.0,16802.32004711505,2258.0,270.96791666666667,5970.0,73.0,2872.0,607.5532898,14.2,845.0,212.0,299.0,111.0,13.7,6.8,53.2,15.2,8834.0,30.69,18.72,25.53,12.58,10.03,93.88,0.0,2.4,0.28,16.26,15.21,0.0,0.0,18.1261,-65.44,8.0,2.0,22.0,20.0,77.0,14942.0,16802.32004711505,270.96791666666667,72.0,147.0,72147.0,15.2,7.8,28.4,6.1,33.4,6.7,111.0,71.0,64.0,37.0,24.0,6.0,7.0,7.0,35.0,0.0,2.0,0.0,0.7956456400179198,1.0,0.0,0.0,115.43453788809406,2.0,35.0,4.8,48.0,162.0,18.0,4878.308284864812,7900.2379997547905,13.735633325022606,45.0,1.0,1.0,0.5774869564926637,0.8504237545926516,0.0,2.0,60.0,4.54,28.0,83.0,1561.8622599564758,2818.1784399598373,-2.2449459332393062,-1.4187808103883648,-1.0272796434565137,-0.9672020784520784,-8834.0,-0.3292648321740621,-0.1645022239787236,0.3385961249579651,3.267847132498316,0.3385961249579651,3.267847132498316,-0.1645022239787236,0.0,96.188529517855,24.04713237946375,264.51845617410123,120.23566189731876,264.51845617410123,384.7541180714199,49.71380012016783,-88.09085271165338,-68.33488434643158,-87.10372050558993,423.1311706629056,-1.5505669983800097,-1.470755900125409,1.66736517557724,-3.695725417081305,1999.644,-2.649666272327622,-0.6000000000000014,2.0999999999999996,0.0,5.714285714285716,6.060606060606055,1.0,1.0,1.0,1.0,10.18577571377641,15008.576882786672,1.0,1.0,0.0,1.0,3.267847132498316,3.267847132498316,0.0,0.0,33.28555795853523,49045.734929294944,0.3385961249579651,0.3385961249579651,3.4488641863756433,5081.845973645262,0.0,0.0,0.0,0.0,-1.4187808103883648,-1.0272796434565137,-0.9672020784520784,74.0,East,-1.4348444347060174,-1.7387672928234288,-1.643216950140891,0.467642356253939,0.005803925840569,-0.184967012614605,-0.040784772489496426,-0.1703061498192926,9.584203898000524,20.121592127619735,13.762560611358053,0.6015718157758858,10642.220910678345,11886.328005500232,12641.637352013116,4366.3559721083275,-7.162129108929993,-5.59241231789116,-6.489942169054745,8.829494284507234,6.060606060606055,2.0618556701030855,-0.6875744848253493,-0.34632034632033903,578.5697755149271,752.4797628548627,977.404673876781,-155.43860485202146,8508.0,8642.0,8640.333333333334,-191.0,baseline,municipio,-1.1345853055239516
2021.0,Juana Díaz,46704.0,0.0,38738.0,133.0,18513.0,306.0,21420.0,24086.848842805804,1445.0,270.96791666666667,32836.0,77.4,10002.0,813.3369535,27.2,8930.0,184.0,147.0,310.0,5.8,1.1,45.08,20.69,10721.0,23.0,20.2,18.89,24.31,13.1,99.82,0.0,1.87,0.1,3.19,13.55,582.0,1.25,18.0525,-66.5064,11.0,6.0,12.0,55.0,127.0,21420.0,24086.848842805804,270.96791666666667,72.0,75.0,72075.0,20.7,2.6,36.4,1.9,46.2,1.8,310.0,192.0,61.9,33.0,83.0,17.0,53.0,28.0,35.0,1.0,2.0,0.3362091535071878,1.140400666060296,0.0,0.0,0.0,94.10186526718624,2.0,35.0,4.46,3566.0,5499.0,36.0,25589.447266872325,38122.00042577887,4.061612262668618,50.0,1.0,2.0,0.9526289323879912,1.2344203592102478,0.0,2.0,60.0,6.4,10612.0,12062.0,344636.0214994213,368846.2233308797,2.8405337561104416,-0.794364508393286,-0.4592594609420075,-0.39265544389675,-10721.0,-0.1933003693211516,-1.1162781240137911,0.1807892502817623,3.4615440286222676,0.1807892502817623,3.4615440286222676,-1.1162781240137911,1.0,23.552586502226788,12.846865364850975,25.69373072970195,36.399451867077765,25.69373072970195,62.09318259677972,-7.6398311733943345,-38.16322967898259,-7.962797042731225,-33.64693974732169,107.89624344915666,-1.5990639625585,-1.7206132879046043,-2.041582448112933,-1.6122016205649607,14100.632,2.1765676878551465,-0.6000000000000014,-0.6999999999999993,-1.0999999999999943,9.1549295774648,1.067615658362997,1.0,1.0,1.0,1.0,4.872270316596342,420444.0908184479,1.0,1.0,0.0,1.0,3.4615440286222676,3.4615440286222676,1.0,1.0,16.865578220247595,1455385.7319421165,0.1807892502817623,0.1807892502817623,0.8808540977075373,76011.77196446437,0.0,0.0,0.0,0.0,-0.794364508393286,-0.4592594609420075,-0.39265544389675,38.0,South,0.6287363212201136,0.1305569260323436,0.1924157018949361,-1.0213917651168636,-0.8612720656219751,-0.4304701799315769,-0.5107266892179685,-0.255006058391816,3.9946431752840974,10.581578237578428,7.553450119705052,0.877627141312245,388751.74280803715,24357.530631988997,143533.95600836913,31692.34801041073,-0.1282247906601807,-2.6667976229217683,-0.7327824735774903,-1.9133576574527522,1.067615658362997,5.63909774436091,3.5376544675746353,8.087313919101803,149.50598023920958,161.839863713799,324.8363357053906,-41.60973679005292,45414.0,46152.0,46175.333333333336,1290.0,baseline,municipio,-0.6454243145607741
2021.0,Trujillo Alto,68001.0,0.0,57546.0,177.0,29042.0,326.0,33948.0,38174.61925843005,1506.0,270.96791666666667,49339.0,85.4,11237.0,736.5140868,36.9,18229.0,827.0,275.0,587.0,6.3,1.0,28.25,5.54,17543.0,15.01,18.09,20.22,19.76,11.27,99.4,0.0,12.25,0.27,4.1,9.76,795.0,1.17,18.3547,-66.0072,13.0,17.0,28.0,102.0,268.0,33948.0,38174.61925843005,270.96791666666667,72.0,139.0,72139.0,5.5,1.4,49.1,1.5,52.1,1.4,587.0,358.0,61.0,63.0,97.0,66.0,81.0,50.0,35.0,0.0,2.0,0.0,0.786928464715688,0.0,0.0,0.0,117.68797038728506,2.0,35.0,4.8,49.0,1662.0,25.0,1445.3481457815833,11035.227205581865,9.561741341283394,45.0,1.0,1.0,0.5377857133958786,0.809480957719128,0.0,2.0,60.0,6.4,23.0,4976.0,685.8806242409828,89525.61800505032,4.599221670178899,-0.7411655710945375,-0.4953371753159463,-0.4495604555251997,-17543.0,-0.6741080373221654,-4.515405276592189,-0.3237364443868938,-0.4697626497830386,-0.3237364443868938,-0.4697626497830386,-4.515405276592189,0.0,19.11736592108939,24.999632358347668,41.17586506080793,44.11699827943706,41.17586506080793,85.29286334024499,-2.029038545100327,5.797236828662598,-44.299861453975694,-50.54497513244209,81.52466505668272,-2.0003617835931187,-2.127471230451461,-0.5533812847285602,0.2952068279703956,28255.086,5.30868189636895,-0.1000000000000014,0.7999999999999998,0.3999999999999986,5.197132616487465,1.454545454545464,1.0,1.0,1.0,1.0,5.936760937424561,107604.967614731,1.0,1.0,0.0,1.0,-0.4697626497830386,-0.4697626497830386,0.0,0.0,-2.788868549092998,-50548.7947165141,-0.3237364443868938,-0.3237364443868938,-1.9219458770568296,-34835.649613959875,0.0,0.0,0.0,0.0,-0.7411655710945375,-0.4953371753159463,-0.4495604555251997,70.0,Metro,1.1746644219006397,0.5790120691529399,0.6207478471675613,-1.6242248774258394,-4.090026369710985,-3.689218501217003,-3.673319110260637,-0.4253789068812033,5.332814892526744,16.674733064715305,11.44730983565587,0.6039460448978167,102844.90664198702,19643.801925915064,47616.94431930807,4760.060972743973,-1.0371464127862828,2.47614818142603,-0.32336148319043545,0.48376512805772265,1.454545454545464,5.162523900573612,1.0371780999228422,3.7425871619420015,176.3695016431005,166.71584538211863,482.8237415230633,-94.84483658641778,65011.0,66338.0,66376.33333333333,2990.0,baseline,municipio,-0.7059630109014803
2021.0,Ceiba,11463.0,0.0,9676.0,60.0,7328.0,163.0,20748.0,23331.182996756997,1798.0,270.96791666666667,8438.0,75.2,2934.0,446.03251,21.1,1778.0,91.0,66.0,81.0,5.7,2.2,41.29,9.85,13503.0,26.11,17.03,24.87,10.5,13.61,99.34,0.0,13.48,0.42,5.72,15.13,19.0,0.17,18.2633,-65.6474,2.0,2.0,12.0,17.0,45.0,20748.0,23331.182996756997,270.96791666666667,72.0,37.0,72037.0,9.8,3.8,38.3,3.1,42.5,3.3,81.0,43.0,53.1,7.0,12.0,5.0,12.0,6.0,35.0,0.0,2.0,0.0,0.61636326104755,0.0,0.0,0.0,117.34532667469284,2.0,35.0,4.8,61.0,225.0,24.0,2822.753239952846,6836.768134409611,5.335535435139409,45.0,1.0,1.0,0.5762167223896209,1.032543323567425,0.0,2.0,60.0,4.54,32.0,116.0,1005.7830636051794,2757.297758812503,2.284286606585173,-1.805809997382879,-1.4720578368908943,-1.3798526468108083,-13503.0,-0.2460842624804272,-2.394518011387713,0.119457750028245,1.2253205710354662,0.119457750028245,1.2253205710354662,-2.394518011387713,0.0,17.447439588240425,17.447439588240425,104.68463752944254,34.89487917648085,104.68463752944254,139.5795167059234,8.12589550556089,51.14667018760262,-68.75858906030018,-146.20150291434766,80.30695101275987,-2.67477203647416,-2.851598751370965,3.8161114413219455,0.3129959119290185,3705.907999999999,10.44467153815456,2.5999999999999943,-0.6999999999999993,2.5,-5.813953488372093,-4.444444444444439,1.0,1.0,1.0,1.0,7.5370179431568,14681.204173555372,1.0,1.0,0.0,1.0,1.2253205710354662,1.2253205710354662,0.0,0.0,9.235263130013443,17989.18148142914,0.119457750028245,0.119457750028245,0.9003552054120225,1753.783618278205,0.0,0.0,0.0,0.0,-1.805809997382879,-1.4720578368908943,-1.3798526468108083,18.0,East,-0.2355264817263891,-0.7554392206744365,-0.6999960988982701,-1.1443261650844192,-1.9521275443857131,-1.3310565819318751,-1.518946561476885,-0.442390467002,7.096900298018486,16.885824030260128,11.66014566666564,0.4401176451383142,12469.080281901788,14743.99549986727,15060.64060882946,2212.123891653584,2.9862323302664695,-5.86335603580136,-1.5728405911034455,0.829879111055476,-4.444444444444439,3.4482758620689724,2.1370796083439836,-1.3695090439276534,295.26704298740776,244.66379819454988,343.40234336723853,-214.9600919746479,11207.0,11515.0,11525.0,256.0,baseline,municipio,-1.5291188011563808
2021.0,Ciales,17045.0,0.0,14266.0,95.0,7335.0,139.0,18990.0,21354.30716736145,2051.0,270.96791666666667,12399.0,67.1,3599.0,379.8855091,15.4,1914.0,95.0,86.0,113.0,4.1,1.3,55.25,23.7,9435.0,33.8,18.79,21.99,26.47,13.23,99.31,0.0,2.55,0.45,5.1,14.0,10.0,0.06,18.3361,-66.4688,6.0,2.0,13.0,32.0,70.0,18990.0,21354.30716736145,270.96791666666667,72.0,39.0,72039.0,23.7,4.9,25.5,2.4,33.4,2.8,113.0,67.0,59.3,13.0,33.0,8.0,17.0,10.0,35.0,0.0,2.0,0.0,0.8334455813367947,0.0,0.0,0.0,121.64424375033248,2.0,35.0,4.46,411.0,5569.0,44.0,4677.462724901975,29223.21831638987,8.381539764984362,50.0,1.0,2.0,0.4375475934373934,1.0541236912562135,0.0,2.0,60.0,6.4,1318.0,12108.0,30276.85842149594,238108.9389402004,5.2940449715839,-0.7098855969492557,-0.5028778067995621,-0.4715660996084336,-9435.0,0.0384413247895331,-0.0533085518897571,0.3610064256909522,4.373532400600018,0.3610064256909522,4.373532400600018,-0.0533085518897571,1.0,35.20093869169845,11.73364623056615,76.26870049867996,46.9345849222646,76.26870049867996,123.20328542094455,40.75716955285516,-53.45702225891826,-36.21342820837776,-39.837651553550586,135.90313812700765,-1.968146308968688,-2.3592715231788075,2.014024364438538,5.354612522615451,3637.83,-1.0368762318261115,-1.8000000000000007,2.1999999999999993,-1.3999999999999986,10.784313725490202,-4.672897196261683,1.0,1.0,1.0,1.0,4.687452015520994,279921.7887143283,1.0,1.0,0.0,1.0,4.373532400600018,4.373532400600018,1.0,1.0,20.500723266138923,1224247.0125760273,0.3610064256909522,0.3610064256909522,1.6922002977210835,101053.5644167776,0.0,0.0,0.0,0.0,-0.7098855969492557,-0.5028778067995621,-0.4715660996084336,19.0,Central Mountains,1.3930723595907637,0.8228598125555209,0.8257964195489335,-1.8646384591991974,-0.0014561634173448,0.3649687250027524,0.39183213710946546,-0.051852388472412296,4.068934741018835,12.96876896398202,9.068863308684962,0.6185172745021585,258981.18906672648,28551.247131554715,103621.06880980142,20940.599647601834,4.126088079079593,9.92372512432822,5.330375279017532,-2.112063714641055,-4.672897196261683,5.940594059405946,-0.2246835698904238,15.457210921751885,211.954217888936,206.95364238410593,339.7321535205474,-76.05107976192835,16188.0,16513.0,16537.666666666668,857.0,baseline,municipio,-0.7294913505867151
2021.0,Cidra,40125.0,0.0,33584.0,187.0,16129.0,224.0,23327.0,26231.275581518723,1182.0,270.96791666666667,28848.0,77.7,9378.0,765.3731116,24.3,7011.0,396.0,178.0,380.0,6.6,1.3,39.93,7.5,12639.0,22.69,18.86,18.84,33.29,11.5,99.68,0.0,1.6,0.11,2.37,12.5,157.0,0.39,18.1758,-66.1617,11.0,6.0,22.0,40.0,139.0,23327.0,26231.275581518723,270.96791666666667,72.0,41.0,72041.0,7.5,1.8,38.1,2.1,41.6,2.0,380.0,241.0,63.4,43.0,95.0,23.0,62.0,21.0,35.0,1.0,2.0,0.3252682239598114,0.8995349039038125,0.0,0.0,0.0,97.60350203874953,2.0,35.0,4.8,84.0,4950.0,26.0,2093.6132359541275,19979.783919756926,1.2443137822133006,50.0,1.0,2.0,0.6455095469481542,1.1977989710338304,0.0,2.0,60.0,6.4,57.0,11913.0,1076.9309270938782,187657.8350487696,2.945326731149134,-0.7327102803738272,-0.4496088715279067,-0.4020294796950652,-12639.0,-0.5089914343787496,-2.3211353085108715,-0.1281186278794675,2.0349718716664373,-0.1281186278794675,2.0349718716664373,-2.3211353085108715,0.0,27.41433021806853,14.953271028037385,54.82866043613706,42.36760124610592,54.82866043613706,97.19626168224298,14.145829431959118,0.9507324273113512,-4.600709060446075,-47.11432083607544,82.09969982297251,-1.590627919307197,-1.8243561460476456,7.8411326007331805,2.807032055561302,12795.504,8.95014681933446,1.8999999999999984,-5.199999999999999,-0.1000000000000014,4.109589041095885,7.038123167155419,1.0,1.0,1.0,1.0,5.436483390279707,217383.23311627447,1.0,1.0,0.0,1.0,2.0349718716664373,2.0349718716664373,0.0,0.0,11.063090780000994,442368.7647635265,-0.1281186278794675,-0.1281186278794675,-0.6965147924521518,-27850.841550859503,0.0,0.0,0.0,0.0,-0.7327102803738272,-0.4496088715279067,-0.4020294796950652,20.0,Central Mountains,0.6694105982250509,0.1881645833349932,0.22570921492878945,-1.071440077920116,-1.5369796033512455,-1.0659004271892485,-1.1421157171133525,-0.784155705159626,4.916924566346763,20.55072343795009,14.226407308968296,0.5195588239329441,203043.6902673706,20603.81115570568,80668.18480860034,14339.54284890386,3.4588706753105214,-2.878907109359796,-1.3025368091463974,4.382261925422659,7.038123167155419,1.7910447761193993,4.725026630986788,-2.9285341260595343,133.81472971949404,185.9058572738765,490.2456107830794,-51.71502989652153,38977.0,39607.0,39642.333333333336,1148.0,baseline,municipio,-0.654603199690605
2021.0,Coamo,35268.0,0.0,29581.0,139.0,16120.0,228.0,19267.0,21665.794428307163,2335.0,270.96791666666667,25865.0,80.7,10081.0,894.3019624,23.0,5942.0,291.0,158.0,274.0,4.3,1.2,49.58,7.32,11454.0,19.71,18.8,19.0,30.42,12.69,99.7,0.0,4.83,0.14,3.45,13.81,95.0,0.27,18.0855,-66.3579,6.0,1.0,14.0,14.0,61.0,19267.0,21665.794428307163,270.96791666666667,72.0,43.0,72043.0,7.3,2.1,36.7,2.3,39.8,2.2,274.0,163.0,59.5,44.0,71.0,17.0,47.0,14.0,35.0,1.0,2.0,0.3447707095617282,0.9714413563868828,0.0,0.0,0.0,91.51674440236503,2.0,35.0,4.46,603.0,5481.0,36.0,6279.373257893189,29156.223335727052,8.699734349297497,50.0,1.0,2.0,0.6024655326660762,1.2367670530602024,0.0,2.0,60.0,6.4,2645.0,12059.0,80479.50274944323,264219.0493129888,-8.63922493070487,-2.015991833957131,-1.3905229363387115,-1.2150360235912094,-11454.0,-0.3483356670657684,-1.83835479235703,0.1039467491299684,3.006188217764195,0.1039467491299684,3.006188217764195,-1.83835479235703,0.0,17.01258931609391,2.8354315526823184,39.696041737552456,19.848020868776228,39.696041737552456,59.54406260632868,-13.828118291392666,-48.38001452750466,0.262269834100941,-9.595254072679992,121.752195425226,-0.7788001850614346,-0.9143002674137256,0.4736729851244181,-3.3763653659468464,10856.227,-4.910071123256943,1.2000000000000028,0.3999999999999994,1.5999999999999943,5.384615384615388,1.9607843137254832,1.0,1.0,1.0,1.0,5.2777494065444,304951.42109503766,1.0,1.0,0.0,1.0,3.006188217764195,3.006188217764195,0.0,0.0,15.865908082265747,916741.36908635,0.1039467491299684,0.1039467491299684,0.5486048935329103,31698.708865393233,0.0,0.0,0.0,0.0,-2.015991833957131,-1.3905229363387115,-1.2150360235912094,21.0,South,-3.868505172332226,-3.8742332807535584,-3.752682499974362,2.6534691487410167,-1.4857828205297172,-1.264361149530273,-1.1353898255089834,-0.3525719718273128,4.714753228317454,14.489586084521784,10.208128133421235,0.5629961782269461,281602.6256021155,22440.825374912383,107308.2967849684,23348.79549292213,-8.123529174197019,-2.4792399087679384,-3.09680578406258,8.597202159321437,1.9607843137254832,2.0000000000000018,1.320261437908495,3.4238310708899045,131.08517966380506,142.62065452693238,235.30335860768741,-9.332984238579058,38603.0,38906.0,38924.666666666664,-3335.0,baseline,municipio,-1.3207152592686977
2021.0,Comerío,18990.0,0.0,15805.0,106.0,7243.0,195.0,14666.0,16491.95728891643,1925.0,270.96791666666667,13618.0,72.2,3864.0,525.6320005,15.0,2046.0,107.0,113.0,120.0,5.3,2.0,53.78,14.88,8655.0,28.62,18.91,19.75,26.24,13.54,99.82,0.0,1.75,0.21,4.06,19.62,11.0,0.06,18.2183,-66.2257,0.0,4.0,7.0,21.0,55.0,14666.0,16491.95728891643,270.96791666666667,72.0,45.0,72045.0,14.9,5.3,35.9,4.2,42.3,4.1,120.0,79.0,65.8,12.0,39.0,,19.0,8.0,35.0,0.0,2.0,0.0,0.8803434446993486,0.0,0.0,0.0,102.97424578383624,2.0,35.0,4.8,102.0,5413.0,37.0,2286.1563872342717,24082.973578992205,7.041186089147417,50.0,1.0,2.0,0.5833206727091931,1.1473003338951329,0.0,2.0,60.0,6.4,91.0,12044.0,1504.299122037879,199259.4519202175,0.2534051314539098,-0.9110057925223792,-0.5676988242036551,-0.4921495761806782,-8655.0,-0.0511686005945448,0.042714856022611,0.109025601425624,3.6678824375818624,0.109025601425624,3.6678824375818624,0.042714856022611,1.0,0.0,21.063717746182203,36.86150605581886,21.063717746182203,36.86150605581886,57.92522380200106,-0.053376541643793,-26.489776807659126,-20.4975540683954,-51.08900011613084,84.46837715130398,-1.466916354556802,-1.6121602947950286,-2.0043703602130813,2.031284796416588,5673.995,5.813263482344788,1.5,-2.299999999999999,0.6999999999999957,9.090909090909085,1.85185185185186,1.0,1.0,1.0,1.0,5.5773129572084805,233548.13401710155,1.0,1.0,0.0,1.0,3.6678824375818624,3.6678824375818624,1.0,1.0,20.456928244642747,856627.099091342,0.109025601425624,0.109025601425624,0.6080698994985803,25462.725773046735,0.0,0.0,0.0,0.0,-0.9110057925223792,-0.5676988242036551,-0.4921495761806782,22.0,Central Mountains,-0.2947474693289376,-0.7107548342601633,-0.6503340635803045,-0.19740210685174064,0.6729893295612372,1.2473483880755647,1.2630892918645802,-0.6302744735386262,4.909012307473164,20.95914713670565,14.425879134090158,0.6683006497353166,215616.50406572985,22032.844589302396,85723.05173111173,17931.629951371695,2.818642636625901,5.279582112836945,0.19492309630797866,-4.823012996838982,1.85185185185186,5.882352941176472,4.296281322762023,7.2390572390572245,156.05493133583022,179.12892164389172,376.19850772050114,-71.58655418452624,18942.0,19224.0,19235.0,48.0,baseline,municipio,-0.7210095226563076
2021.0,Corozal,34631.0,0.0,28704.0,187.0,13001.0,263.0,19285.0,21686.0354777549,2104.0,270.96791666666667,24558.0,72.5,7022.0,721.3910174,21.4,5258.0,45.0,44.0,322.0,7.1,2.1,47.8,19.49,9639.0,28.0,19.79,19.39,22.53,10.77,99.62,0.0,0.74,0.72,4.05,15.39,256.0,0.74,18.3411,-66.3161,2.0,4.0,14.0,43.0,98.0,19285.0,21686.0354777549,270.96791666666667,72.0,47.0,72047.0,19.5,3.4,33.6,2.8,41.7,2.9,322.0,212.0,65.8,38.0,88.0,16.0,53.0,34.0,35.0,0.0,2.0,0.0,0.8220112745578184,0.0,0.0,0.0,118.00360147330326,2.0,35.0,4.46,89.0,5498.0,43.0,2169.23539313782,25146.75462440223,3.06109982005999,45.0,1.0,1.0,0.4798891260447013,0.8141993375076293,0.0,2.0,60.0,6.4,54.0,12083.0,966.411925360392,200942.19976791792,5.171890184645278,-0.4966648378620264,-0.2269330148974679,-0.1803178270431304,-9639.0,-0.14138343006266,-0.5132851928553284,-0.0103731398337402,3.2874558487432908,-0.0103731398337402,3.2874558487432908,-0.5132851928553284,0.0,5.775172533279432,11.550345066558863,40.42620773295602,17.325517599838296,40.42620773295602,57.75172533279432,-25.191489202882796,-38.53394775781171,0.7259620266016853,-31.48760570326212,121.47716229348882,-1.7074626865671627,-1.9464364115322708,8.799194240448838,5.9385188643052675,9644.544,12.630854161781269,2.0,-6.399999999999999,-1.0,6.270627062706269,0.6644518272425293,1.0,1.0,1.0,1.0,5.0195970618576675,237422.6605363209,1.0,1.0,0.0,1.0,3.2874558487432908,3.2874558487432908,0.0,0.0,16.50170371933863,780516.5140043211,-0.0103731398337402,-0.0103731398337402,-0.0520689822316815,-2462.81845744191,0.0,0.0,0.0,0.0,-0.4966648378620264,-0.2269330148974679,-0.1803178270431304,23.0,Central Mountains,1.54115710522591,0.9452654343102608,0.9796757544411486,-1.7214749322690406,0.0324016077605891,0.6319814493036828,0.5017866906728349,-0.5456868006159175,4.402198341735076,14.171654255770534,9.787373467827974,0.6173987201225914,219915.098784208,26753.41136837235,90203.19366760754,17507.561752112902,10.458820722817896,-1.4424583703509295,2.952953849531529,-1.6596264823690579,0.6644518272425293,5.98591549295775,2.814160671846929,5.6061752354637395,152.23880597014926,99.5170496121762,287.1648327088749,-30.76164367666044,32928.0,33500.0,33531.0,1703.0,baseline,municipio,-0.4670565035994181
2021.0,Cayey,42134.0,0.0,35912.0,141.0,19742.0,313.0,23823.0,26789.028944078556,1807.0,270.96791666666667,30858.0,77.5,9928.0,805.067078,26.4,8160.0,453.0,159.0,504.0,6.6,1.3,40.15,7.51,14492.0,22.83,17.38,21.74,31.91,14.98,99.93,0.0,4.71,0.18,1.31,18.01,137.0,0.33,18.1119,-66.1663,2.0,22.0,33.0,92.0,222.0,23823.0,26789.028944078556,270.96791666666667,72.0,35.0,72035.0,7.5,2.1,37.3,2.1,40.5,2.1,504.0,295.0,58.5,57.0,121.0,34.0,103.0,26.0,35.0,1.0,2.0,0.3480789184799411,0.9406181235830776,0.0,0.0,0.0,90.55190975898462,2.0,35.0,4.8,93.0,5126.0,30.0,2282.4638168571687,21479.200660143262,1.3642541829675665,50.0,1.0,2.0,0.7056126047326056,1.2693659806446749,0.0,2.0,60.0,6.4,115.0,11978.0,1914.6771074739177,194554.93899444863,-2.3002365162546945,-1.483362605022076,-1.0773849373844624,-0.9722227604056944,-14492.0,-0.3166827137043292,-2.5486776659054486,0.0136398735063443,2.200618898196422,0.0136398735063443,2.200618898196422,-2.5486776659054486,0.0,4.746760336070632,52.21436369677695,78.32154554516542,56.96112403284758,78.32154554516542,135.282669578013,1.310240575072683,31.945809330353008,-12.865731821430316,-40.41197647218085,102.02661967258732,-1.5050816489665442,-1.6730294183696426,-1.497054093603345,1.1912566213310083,13395.176,0.195226655903502,0.5999999999999943,-0.5999999999999996,0.5,3.2786885245901676,3.609341825902334,1.0,1.0,1.0,1.0,5.703175510937491,226047.96362217015,1.0,1.0,0.0,1.0,2.200618898196422,2.200618898196422,0.0,0.0,12.550515809100078,497445.42064576497,0.0136398735063443,0.0136398735063443,0.0777905925536682,3083.2656301731326,0.0,0.0,0.0,0.0,-1.483362605022076,-1.0773849373844624,-0.9722227604056944,17.0,Central Mountains,-1.486693374869208,-1.7636301305558044,-1.692345515976316,0.5144706144635135,-2.3472463895182716,-1.942392653741036,-1.9094977656126455,-0.20143127638717706,5.155121778094166,18.757279857909865,13.058830029068053,0.548053732843325,209784.2807642095,20228.35823071313,82528.69324203763,16263.682857960637,1.332726984569077,3.738096973027294,2.294237093167576,-2.829781078172422,3.609341825902334,2.3913043478260843,1.712859069403727,-0.33065330131216664,155.30432796619846,222.3220300920728,489.7972975350555,-53.27770829361114,43126.0,43785.0,43813.666666666664,-992.0,baseline,municipio,-1.138314926374674
2021.0,Culebra,1293.0,246.0,1103.0,207.0,1464.0,109.0,25104.0,28229.5169631091,5802.0,270.96791666666667,940.0,81.6,332.0,86.31338251,17.6,165.0,0.0,15.0,47.0,13.5,5.7,23.02,2.51,16250.0,31.28,17.01,32.64,7.12,8.38,94.35,0.0,7.38,0.55,34.15,17.18,0.0,0.0,18.303,-65.301,2.0,1.0,9.0,9.0,24.0,25104.0,28229.5169631091,270.96791666666667,72.0,49.0,72049.0,2.5,2.9,56.3,6.8,57.8,7.0,47.0,35.0,74.5,11.0,8.0,3.0,,,35.0,0.0,2.0,0.0,0.5613918908041875,1.0,0.0,0.0,139.9785456025938,2.0,35.0,4.8,21.0,175.0,31.0,2979.9287015981126,7549.188354730026,7.725398746774338,45.0,1.0,1.0,0.4401377479233436,0.7095401250890069,0.0,2.0,60.0,4.54,16.0,81.0,1156.5317675068886,2930.2718692161543,-5.689277899343548,-8.275328692962102,-0.4651188004625606,2.366843528140561,-16250.0,-0.392810927978437,-2.516269741650251,0.5933776139579584,2.772809558604166,0.5933776139579584,2.772809558604166,-2.516269741650251,0.0,154.67904098994586,77.33952049497293,696.0556844547564,232.0185614849188,696.0556844547564,928.0742459396752,232.0185614849188,-106.27837827317956,-76.27765064836004,192.11285754105563,802.3340627279359,4.576659038901609,-0.2283105022831022,-6.532619879877711,-0.5484077506058578,620.9889999999999,0.2630134332213929,1.0,-0.7999999999999998,0.6999999999999957,14.634146341463406,2.499999999999991,1.0,1.0,1.0,1.0,12.060340174521588,14821.370874678456,1.0,1.0,0.0,1.0,2.772809558604166,2.772809558604166,0.0,0.0,33.44102651593129,41096.838832925816,0.5933776139579584,0.5933776139579584,7.156335876278927,8794.669685202682,0.0,0.0,0.0,0.0,-6.8200324295359085,-0.4651188004625606,1.9548955238758428,24.0,East,-2.2378918145158355,-3.2849637094283235,-2.019481150789948,4.604735342656396,-1.506950179745392,-0.439548727696477,-0.4750745929174866,-1.009319561904859,11.67450568744222,21.91272223057618,14.903513996655397,0.38583448707936796,11275.150575878062,13282.069651055404,13573.729780668591,3546.2202988003937,8.603691859827034,-3.716295231766898,1.4582785115208161,-15.136311739704745,2.499999999999991,2.564102564102555,2.565227170490325,12.134146341463415,686.4988558352403,1141.552511415525,966.3339452638651,115.83520689269562,1371.0,1311.0,1332.0,-78.0,baseline,municipio,1.909877213450131
2021.0,Fajardo,32336.0,0.0,26977.0,128.0,18336.0,298.0,21701.0,24402.834114739904,1617.0,270.96791666666667,23310.0,83.1,7870.0,703.3327804,28.9,6743.0,171.0,90.0,495.0,8.1,1.6,42.71,25.64,13423.0,17.47,18.57,22.63,23.18,14.32,99.73,0.0,10.08,0.07,3.73,14.76,140.0,0.43,18.3258,-65.6524,13.0,9.0,32.0,64.0,172.0,21701.0,24402.834114739904,270.96791666666667,72.0,53.0,72053.0,25.6,3.0,37.2,2.0,50.0,2.1,495.0,289.0,58.4,64.0,110.0,33.0,92.0,12.0,35.0,0.0,2.0,0.0,0.5920210444001153,1.0,0.0,0.0,123.51431442066088,2.0,35.0,4.8,33.0,240.0,32.0,2259.3816395944737,7427.715339631954,11.009986161263118,45.0,1.0,1.0,0.5335011795645682,0.982693254070981,0.0,2.0,60.0,4.54,23.0,119.0,838.1631616200071,2826.6869935522777,6.849948782341464,-1.0885700148441368,-0.9008912763247,-0.8808602311259239,-13423.0,-0.1456210953822196,-2.224516902553789,0.1588273299407502,1.4878972133334556,0.1588273299407502,1.4878972133334556,-2.224516902553789,0.0,40.20286986640277,27.832756061355763,98.96091044037608,68.03562592775853,98.96091044037608,166.9965363681346,5.252689668960656,-13.387501812209608,-62.57465430402557,-6.580583922400663,175.13134851138355,-2.7257240204429323,-2.781163088653482,3.878204365861726,1.8010671362715132,10035.444,4.235676252393117,-1.1999999999999955,-0.2999999999999971,-1.8999999999999984,4.210526315789465,-0.4192872117400381,1.0,1.0,1.0,1.0,7.72839758172373,15763.059659339053,1.0,1.0,0.0,1.0,1.4878972133334556,1.4878972133334556,0.0,0.0,11.499061225379757,23453.812540739586,0.1588273299407502,0.1588273299407502,1.2274807526257314,2503.604677389574,0.0,0.0,0.0,0.0,-1.0885700148441368,-0.9008912763247,-0.8808602311259239,26.0,East,1.6181471152217908,0.9267453820075212,0.9642097717956322,-2.4990073463477147,-1.687859630128747,-1.516758949027394,-1.4305598822767314,-0.536657272425042,7.30668754263624,16.864312706994596,11.627209891124267,0.4217100390874897,13233.570945947387,16633.06420881864,16457.73984428804,2529.4887133916654,1.4413045869839936,0.0836924559688201,-0.06713089765375917,2.4368997788777325,-0.4192872117400381,-0.4175365344467607,-0.6913123827495501,4.629813527529502,244.28658673780976,268.74160182494296,505.60249268544254,-69.1552382264262,30263.0,31111.0,31125.0,2073.0,baseline,municipio,-1.1052739636582862
2021.0,Florida,11725.0,0.0,9775.0,93.0,5001.0,133.0,21487.0,24162.190526861268,3659.0,270.96791666666667,8137.0,78.4,2789.0,488.9836398,18.9,1536.0,45.0,69.0,54.0,4.4,1.8,49.12,19.74,9963.0,23.12,19.2,20.45,21.05,15.89,99.05,0.0,3.68,0.0,5.43,13.11,14.0,0.12,18.3625,-66.5614,2.0,1.0,9.0,16.0,47.0,21487.0,24162.190526861268,270.96791666666667,72.0,54.0,72054.0,19.7,6.5,36.9,3.9,46.0,4.3,54.0,30.0,55.6,9.0,17.0,,8.0,5.0,35.0,0.0,2.0,0.0,0.6849292934335598,0.0,0.0,0.0,127.84161221372872,2.0,35.0,4.46,679.0,5571.0,48.0,5886.9449365751025,31225.741906229603,15.410542191903833,50.0,0.0,2.0,0.0,1.045162512543136,0.0,2.0,60.0,6.4,2047.0,12124.0,47666.34844558686,251267.04537979988,1.8413966820116423,-0.7164179104477642,-0.4316351693304909,-0.5517235361698569,-9963.0,-0.1978619864331322,-0.7123316544361543,0.0863913708960629,2.9799113813528546,0.0863913708960629,2.9799113813528546,-0.7123316544361543,0.0,17.057569296375267,8.528784648187633,76.75906183368869,25.5863539445629,76.75906183368869,102.3454157782516,16.900520538847623,33.329894805112296,-34.06016984298096,-59.16124076829458,52.11500043429167,-1.5730529195520204,-1.788413098236774,1.5109983034672814,-0.6537031252570065,3606.975,1.876696426806168,-0.1000000000000014,0.8000000000000007,0.2999999999999971,-6.896551724137934,11.538461538461542,1.0,1.0,1.0,1.0,4.398186999088191,297926.86739715474,1.0,1.0,0.0,1.0,2.9799113813528546,2.9799113813528546,0.0,0.0,13.106207495901057,887795.6629675841,0.0863913708960629,0.0863913708960629,0.3799654043084698,25738.31050120975,0.0,0.0,0.0,0.0,-0.7164179104477642,-0.4316351693304909,-0.5517235361698569,27.0,North,0.3203485085031765,-0.1598404323078894,-0.11998945381290389,-0.8720720446730335,-0.3703135055160226,-0.2343441118583738,-0.24970666552808654,-0.3420181489201317,3.9299351875802095,12.32873548253357,8.639770319845285,0.46825181150798123,275746.6757823671,32598.390634003143,111108.09168348694,22180.191614787618,-2.3051626165083494,-1.1669450627299516,4.58038978128021,3.816160919975631,11.538461538461542,-3.703703703703709,3.2405167625293405,-18.435013262599476,145.33641104556722,176.32241813602013,370.81104300561424,-93.22141061127554,11513.0,11697.0,11706.666666666666,212.0,baseline,municipio,-0.7850895677193965
2021.0,Guayama,37388.0,0.0,31280.0,173.0,17904.0,393.0,17815.0,20033.01643952313,1606.0,270.96791666666667,26525.0,78.6,10365.0,790.9652331,21.1,5595.0,156.0,107.0,458.0,5.5,1.6,50.6,7.51,11032.0,21.89,18.8,19.24,21.95,13.16,99.7,0.0,6.83,0.34,2.47,15.71,2579.0,6.9,17.9741,-66.11,8.0,19.0,35.0,59.0,194.0,17815.0,20033.01643952313,270.96791666666667,72.0,57.0,72057.0,7.5,3.0,28.8,2.8,31.1,2.7,458.0,276.0,60.3,61.0,120.0,29.0,95.0,21.0,35.0,1.0,2.0,0.4119392223244564,1.037543958540896,0.0,0.0,0.0,74.96399008209247,2.0,35.0,4.8,113.0,4783.0,24.0,2126.696061466031,18873.572221496128,6.104586963453984,50.0,1.0,2.0,0.9429361813297794,1.7067840817831574,0.0,2.0,60.0,6.4,77.0,11797.0,1201.2295221007712,184833.1181192417,-6.990397532215531,-2.736172033807638,-2.085237383708216,-1.8991836070832544,-11032.0,0.248432513142572,-2.774356316071649,0.135326041666041,2.504548882712824,0.135326041666041,2.504548882712824,-2.774356316071649,0.0,21.397239756071468,50.818444420669735,93.61292393281268,72.2156841767412,93.61292393281268,165.8286081095539,2.560477450038377,-20.82062997534196,13.40535957954834,-51.87034200517169,184.08876063485744,-1.6899410599427678,-1.958950750491539,-1.734072275937737,0.300012252716216,9008.64,-5.494325656341859,0.1999999999999993,-1.3000000000000007,-0.2999999999999971,1.55210643015522,2.499999999999991,1.0,1.0,1.0,1.0,6.3711080007278635,214728.6227471328,1.0,1.0,0.0,1.0,2.504548882712824,2.504548882712824,0.0,0.0,15.956751424865704,537798.3321877948,0.135326041666041,0.135326041666041,0.8621768267653465,29058.374548770105,0.0,0.0,0.0,0.0,-2.736172033807638,-2.085237383708216,-1.8991836070832544,28.0,South,-3.7483803355875978,-3.8330813279223057,-3.7196900856562873,1.8491967285043434,-2.24870281099205,-1.915690236367262,-1.8716148604290133,-0.5256535050795987,5.751091366230332,17.173176163119802,12.15688791068871,0.6200166344975315,200397.1712585891,19247.37510165663,78386.99720240968,14331.45148854368,-0.9055734559661356,3.5396824900525203,2.3776587702608523,-0.8284988199716014,2.499999999999991,4.761904761904767,1.1239148596127995,-0.947893569844771,222.55374306048083,203.80760562029445,445.5559968782167,-38.46498242562339,40198.0,40889.0,40931.0,-2810.0,baseline,municipio,-1.9447206027051687
2021.0,Guayanilla,18047.0,0.0,14897.0,93.0,8271.0,163.0,19023.0,21391.41575801563,1725.0,270.96791666666667,12883.0,77.1,3840.0,352.286815,24.3,3125.0,74.0,59.0,108.0,3.7,1.2,53.25,23.88,9273.0,23.95,19.29,22.21,14.25,15.81,99.77,0.0,1.44,0.22,5.08,15.34,79.0,0.44,18.013,-66.7919,8.0,1.0,10.0,13.0,67.0,19023.0,21391.41575801563,270.96791666666667,72.0,59.0,72059.0,23.9,4.3,28.8,2.6,37.8,2.6,108.0,69.0,63.9,21.0,20.0,5.0,20.0,10.0,35.0,1.0,2.0,0.3420036471674896,1.1954351855858834,0.0,0.0,0.0,92.33808992937269,2.0,35.0,4.46,5319.0,5483.0,39.0,87433.14248970449,89611.82192099879,0.1399598402562567,55.0,1.0,2.0,0.5957130080708339,1.5940043998579132,0.0,2.0,60.0,6.4,11990.0,12061.0,993157.358311552,994086.6557498826,-0.1825221238938024,-2.0889898598104972,-1.758126964342921,-1.702219423450846,-9273.0,-0.0363955159800328,-0.0840854244179384,0.1495780371059543,3.2481078277989313,0.1495780371059543,3.2481078277989313,-0.0840854244179384,0.0,44.32869729040838,5.541087161301047,55.41087161301048,49.86978445170943,55.41087161301048,105.2806560647199,22.21491719507226,16.694057453718443,-4.753040272800014,-4.493729213290877,66.3716814159292,-2.344171977962628,-2.59890572390572,2.116649049282171,1.3735120320675032,4290.336,-4.288818998676214,-1.3999999999999986,0.2999999999999971,-1.7000000000000028,18.68131868131868,-3.1914893617021267,1.0,1.0,1.0,1.0,4.755541589044122,1106080.749903867,1.0,1.0,0.0,1.0,3.2481078277989313,3.2481078277989313,0.0,0.0,15.44651186079758,3592669.5419404623,0.1495780371059543,0.1495780371059543,0.7113245762649505,165445.38745130238,0.0,0.0,0.0,0.0,-2.0889898598104972,-1.758126964342921,-1.702219423450846,29.0,South,-1.23570832914619,-1.5432649234225049,-1.4978183583969296,-0.466511094304656,0.1022336793210638,0.2154953208215344,0.26784417915282427,-0.18631910373900218,3.860159514883727,8.597114340590625,6.362762064154885,0.8953820741603948,1024406.399223073,35101.14687673039,359361.73128022515,81674.35068079398,1.1323229759976128,0.8715640709227257,4.073129259169813,0.9843260732845582,-3.1914893617021267,-2.083333333333337,0.07322759982334419,21.872808043020804,75.6184509020201,152.56734006734004,227.59255994139906,-9.246769486090898,18080.0,18514.0,18534.0,-33.0,baseline,municipio,-1.8061177996611595
2021.0,Guaynabo,90014.0,0.0,77938.0,227.0,40225.0,394.0,39176.0,44053.51962025024,2063.0,270.96791666666667,68437.0,85.7,12173.0,1144.665017,46.2,31616.0,1757.0,387.0,2267.0,5.6,0.9,25.06,9.02,25140.0,14.45,15.52,23.4,23.1,8.96,98.76,0.0,15.26,0.08,2.22,11.1,648.0,0.72,18.358,-66.1111,14.0,20.0,65.0,246.0,454.0,39176.0,44053.51962025024,270.96791666666667,72.0,61.0,72061.0,9.0,1.4,45.6,1.5,50.5,1.5,2267.0,1213.0,53.5,204.0,284.0,381.0,283.0,126.0,35.0,0.0,2.0,0.0,0.7967624061048204,0.0,0.0,0.0,117.65009969863377,2.0,35.0,4.8,63.0,3535.0,26.0,2140.8384346943226,15718.657501363425,3.744358827924872,45.0,1.0,1.0,0.5202603529076993,0.8098106612926019,0.0,2.0,60.0,6.4,24.0,9943.0,708.0451397911988,144240.3644174731,5.51153413353338,-0.5110316173039697,-0.2842487219430367,-0.2360757985416239,-25140.0,-0.9100279802614518,-6.363538287652271,-0.531871667034631,-2.3396176098054897,-0.531871667034631,-2.3396176098054897,-6.363538287652271,0.0,15.553136178816628,22.21876596973804,72.21098940164863,37.771902148554666,72.21098940164863,109.9828915502033,-25.52517212001248,-25.078958085223093,-27.573326136323757,-37.290265771004655,160.58702175543883,-1.8691696285816128,-1.9466970438627107,3.74753179204006,2.2966642426324473,35539.728,1.829716946749227,-2.1000000000000014,-0.5,-2.6000000000000014,3.6106032906764174,1.390176088971273,1.0,1.0,1.0,1.0,5.656080554061145,169861.77564825644,1.0,1.0,0.0,1.0,-2.3396176098054897,-2.3396176098054897,0.0,0.0,-13.233065666759844,-397411.6015394901,-0.531871667034631,-0.531871667034631,-3.0083089931706604,-90344.66577950065,0.0,0.0,0.0,0.0,-0.5110316173039697,-0.2842487219430367,-0.2360757985416239,30.0,Metro,1.6114127677174128,0.9935053810614214,1.0367585749374724,-1.8474885662590368,-6.044523978341161,-5.809181758452458,-5.754318789461035,-0.3190143093111102,5.0487654752389295,16.803384054185603,11.535342032315471,0.6073150788222152,161000.4837388522,23368.813821063733,68607.00278021207,8861.291909404245,-0.8388422208105428,3.981303156667826,0.13633434144254922,4.586374012850603,1.390176088971273,2.8598665395614953,2.015095885072945,2.220427201705144,225.4506136627673,242.4912308403731,512.5477291378257,-64.86359190732847,85312.0,86937.0,86970.66666666667,4702.0,baseline,municipio,-0.5188872313982851
2021.0,Gurabo,41237.0,0.0,34516.0,235.0,17014.0,360.0,35470.0,39886.11243951083,4466.0,270.96791666666667,29547.0,81.7,7201.0,968.5298137,32.5,9599.0,481.0,250.0,380.0,8.1,1.7,30.53,15.0,21634.0,18.73,18.85,16.75,23.03,13.35,98.53,0.0,1.65,0.0,4.24,10.16,313.0,0.76,18.2544,-65.9728,5.0,12.0,7.0,55.0,112.0,35470.0,39886.11243951083,270.96791666666667,72.0,63.0,72063.0,15.0,3.1,48.3,2.8,57.2,2.5,380.0,228.0,60.0,38.0,55.0,49.0,61.0,37.0,35.0,0.0,2.0,0.0,0.831909571184081,0.0,0.0,0.0,106.97567436843568,2.0,35.0,4.8,59.0,1867.0,19.0,1414.6260405806488,10695.214919350368,13.446714042350312,45.0,1.0,1.0,0.6239128119226841,1.093446078746807,0.0,2.0,60.0,6.4,23.0,5754.0,533.4308217525203,103425.8676690773,-12.16452245037062,-1.7460048015132013,-1.0408951612476236,-0.8223547112544249,-21634.0,-0.8457686703036871,-3.479472052075103,-0.3926532157295741,0.8167886364645985,-0.3926532157295741,0.8167886364645985,-3.479472052075103,0.0,12.125033343841697,29.10008002522007,16.975046681378373,41.225113369061766,16.975046681378373,58.20016005044014,17.79493529970844,-12.845179952344044,-46.917295816811674,-29.86853908787213,53.250404703075745,0.0810061820507357,0.0341195035612251,-4.191749409108592,-0.755425212069379,16671.228,-7.507086255078565,1.7999999999999972,-1.0,1.6000000000000014,9.5100864553314,2.0588235294117574,1.0,1.0,1.0,1.0,6.3613564648361,120683.34879425184,1.0,1.0,0.0,1.0,0.8167886364645985,0.8167886364645985,0.0,0.0,5.195883672978737,98572.78790563851,-0.3926532157295741,-0.3926532157295741,-2.4978070723200103,-47386.70498907681,0.0,0.0,0.0,0.0,-1.7460048015132013,-1.0408951612476236,-0.8223547112544249,31.0,East,-4.897085222675546,-4.766309126880164,-4.619335903744041,4.074730511421121,-2.860325346565845,-2.556912928535733,-2.565987270802916,-0.6191467055092579,5.887126912979372,17.84002932840659,12.377061584962448,0.47422955185672766,115046.66310126112,16891.28189304272,49937.133044319715,5636.685692990723,-0.2531354034620237,2.178609176362478,0.8814727120170281,-3.9386140056465684,2.0588235294117574,3.0303030303030276,1.4955723070535238,7.451262925919643,130.03623960775954,121.5507314368576,377.01778104653886,-76.7858349046838,46948.0,46910.0,46917.333333333336,-5711.0,baseline,municipio,-0.9470903351121673
2021.0,Dorado,36030.0,0.0,30027.0,165.0,15763.0,252.0,29744.0,33447.2097096366,4198.0,270.96791666666667,25509.0,82.2,7057.0,778.1548689,31.3,7978.0,312.0,184.0,675.0,6.0,1.6,30.86,16.13,18004.0,18.27,19.87,18.22,15.01,10.31,97.01,0.0,2.35,0.7,4.19,10.47,53.0,0.15,18.4588,-66.2677,9.0,22.0,22.0,120.0,279.0,29744.0,33447.2097096366,270.96791666666667,72.0,51.0,72051.0,16.1,2.5,40.7,2.4,48.8,2.5,675.0,434.0,64.3,79.0,87.0,153.0,92.0,25.0,35.0,0.0,2.0,0.0,0.7643424425173349,0.0,0.0,0.0,130.06901468665262,2.0,35.0,4.2,51.0,4878.0,34.0,2201.5995064848116,20089.332846734746,1.2032378520798384,45.0,1.0,1.0,0.437332636264696,0.7481150755783401,0.0,2.0,60.0,6.4,29.0,11732.0,702.6290167043883,169859.2968355919,-1.2200137080191964,-0.6772134332500679,-0.2974170277113552,-0.2039497642439602,-18004.0,-0.8873081152137462,-2.9384009876972232,-0.2900054851883827,0.6406085885025358,-0.2900054851883827,0.6406085885025358,-2.9384009876972232,0.0,24.97918401332223,61.060227588121016,61.060227588121016,86.03941160144325,61.060227588121016,147.09963918956427,1.049692615836662,-59.57034129467544,-48.151601015480296,-55.98546785333919,205.62028786840304,-0.8912316930684949,-1.088475596645888,-4.815576544136113,-2.3786975641781742,12220.989,4.330215802648496,1.4000000000000057,-2.6999999999999993,0.0999999999999943,8.520900321543401,4.013377926421402,1.0,1.0,1.0,1.0,5.213608552337546,201086.92302026265,1.0,1.0,0.0,1.0,0.6406085885025358,0.6406085885025358,0.0,0.0,3.3398824157177045,128818.0099223285,-0.2900054851883827,-0.2900054851883827,-1.511975077802952,-58316.31067553024,0.0,0.0,0.0,0.0,-0.6772134332500679,-0.2974170277113552,-0.2039497642439602,25.0,North,-0.6059027432140929,-0.9297378971608984,-0.8674355169852525,0.4019529789701327,-2.41190599653564,-2.182072485744519,-2.0078387860049935,-0.526494991161583,4.6385440678203205,15.029558189099133,10.332169803925572,0.5750644845172257,189134.6754458221,27769.653056973108,80697.5668289526,11952.247574440553,-4.065464406826824,1.7449482584284135,-1.2201794422295078,-0.7501121373092889,4.013377926421402,9.724770642201827,5.458227802849301,4.507522395121999,309.7573567372225,301.0105353687379,901.6788295603011,-104.13706886881945,36475.0,36803.0,36828.666666666664,-445.0,baseline,municipio,-0.4539463108172276
2021.0,Guánica,14297.0,0.0,11802.0,81.0,9413.0,156.0,12856.0,14456.607316671869,1386.0,270.96791666666667,10351.0,70.2,3867.0,329.2931824,15.1,1561.0,28.0,27.0,89.0,4.0,1.3,66.81,34.08,7489.0,31.0,19.05,25.3,37.03,12.45,99.33,0.0,4.29,0.15,4.3,11.07,88.0,0.62,17.9716,-66.908,2.0,1.0,10.0,29.0,65.0,12856.0,14456.607316671869,270.96791666666667,72.0,55.0,72055.0,34.1,5.7,24.7,2.4,37.4,2.3,89.0,51.0,57.3,14.0,22.0,,19.0,5.0,35.0,1.0,2.0,0.3922439243035833,1.2452826947876598,0.0,0.0,0.0,79.23019027545523,2.0,35.0,4.46,5326.0,5469.0,38.0,112165.01389798352,114039.10849675238,0.1445152487198422,55.0,1.0,2.0,0.7182235542716001,1.7170972008564818,0.0,2.0,60.0,6.4,11987.0,12057.0,976977.8593100432,977972.2848522976,-9.65560821484992,-4.301601734629646,-3.673110229061294,-3.4818354273112195,-7489.0,0.3357767151782009,-0.1446910435328134,0.3500547207775986,3.8600002552282047,0.3500547207775986,3.8600002552282047,-0.1446910435328134,1.0,13.988948730502903,6.994474365251452,69.9447436525145,20.98342309575435,69.9447436525145,90.92816674826886,-4.293038199664288,6.753590413967906,6.863645975956299,-71.83615910417726,88.46761453396525,-2.872399189836128,-2.9196210451051696,-0.0135023454146732,-3.4250629379054023,2915.094,-5.178363018216869,1.3000000000000007,-0.6999999999999957,1.5,1.1363636363636465,-6.382978723404253,1.0,1.0,1.0,1.0,4.8051423840387795,1118886.8315505376,1.0,1.0,0.0,1.0,3.8600002552282047,3.8600002552282047,1.0,1.0,18.547850828797554,4318903.455356552,0.3500547207775986,0.3500547207775986,1.6820627755412991,391671.6174001554,0.0,0.0,0.0,0.0,-4.301601734629646,-3.673110229061294,-3.4818354273112195,32.0,West,-5.710045805925013,-5.655589281330831,-5.523083501266442,2.2282103786137935,-0.0038006986647215,0.013438988994648,0.13965635674199298,-0.1408903448680919,3.8808652750105015,8.030128253633324,6.03278643129417,0.924277109028278,1012526.0756195794,39223.44548590547,356543.60356541123,106360.7559309582,-6.648664136856974,-3.61302233144456,-2.6994751286080017,6.635161791442301,-6.382978723404253,-4.081632653061229,-1.6960890968146607,7.5193423597679,153.4401276621862,196.62753977238873,349.46658343700346,-64.97251312822095,15825.0,16293.0,16300.333333333334,-1528.0,baseline,municipio,-3.3521559613377176
2021.0,Cataño,23536.0,0.0,19617.0,101.0,10775.0,185.0,20089.0,22590.13568642044,1899.0,270.96791666666667,16870.0,76.9,5721.0,463.0172783,20.7,3491.0,98.0,67.0,325.0,7.5,1.1,46.08,14.1,13653.0,23.76,18.86,21.62,19.63,16.57,99.04,0.0,10.2,0.3,4.35,24.53,6.0,0.03,18.4388,-66.1182,6.0,2.0,19.0,58.0,113.0,20089.0,22590.13568642044,270.96791666666667,72.0,33.0,72033.0,14.1,2.8,38.2,2.4,45.0,2.2,325.0,124.0,38.2,27.0,47.0,18.0,28.0,18.0,35.0,0.0,2.0,0.0,0.7608529705855748,0.0,0.0,0.0,126.64342984032425,2.0,35.0,4.8,47.0,2653.0,28.0,1895.294336011279,14129.913314409076,4.776087714541953,45.0,1.0,1.0,0.4720565584656869,0.7567173104081955,0.0,2.0,60.0,6.4,21.0,7526.0,588.0293741715169,119216.42361337376,-0.6836019917292546,-2.0224337185588026,-1.645074518774592,-1.537510996547253,-13653.0,-0.0330849463837766,-1.0876123064934868,0.5923933271129839,3.40790293009356,0.5923933271129839,3.40790293009356,-1.0876123064934868,0.0,25.492861998640382,8.497620666213459,80.72739632902788,33.99048266485384,80.72739632902788,114.71787899388173,-33.52576343186317,-3.6679112918683927,-10.766478142086498,-35.08885042780382,151.9115537176133,-2.360842157307075,-2.479106396657027,2.9175151772419694,0.7847470123010162,7493.694,-0.4193084400673563,-0.1999999999999957,-2.5999999999999996,-1.3999999999999986,1.2461059190031154,-0.92592592592593,1.0,1.0,1.0,1.0,5.563799829039803,142655.63525661416,1.0,1.0,0.0,1.0,3.40790293009356,3.40790293009356,0.0,0.0,18.960889739838795,486156.5573853736,0.5923933271129839,0.5923933271129839,3.29595789211554,84508.24640108194,0.0,0.0,0.0,0.0,-2.0224337185588026,-1.645074518774592,-1.537510996547253,16.0,Metro,-1.325622365257095,-1.6916189345290933,-1.620612118551697,-0.211888631290158,-0.6508325490897641,-0.153940269809495,-0.16770556581682813,-0.43677975740372277,4.985643593041375,15.780025035744137,10.833154705494538,0.5781562359984287,136028.62609521515,24086.272059873045,61043.897206179536,6627.009161399008,5.549380184156338,-6.112654324495259,-1.69625241383864,-2.631865006914369,-0.92592592592593,-1.8181818181818188,-1.115505794220654,2.1720318449290454,197.7668822875036,329.4760527161684,623.7518124818517,-45.855328569890304,23698.0,24271.0,24285.666666666668,-162.0,baseline,municipio,-1.6549057477301565
2021.0,Canóvanas,42811.0,0.0,35437.0,144.0,17529.0,332.0,23517.0,26444.931103467046,1645.0,270.96791666666667,30565.0,77.7,8733.0,739.6499172,26.4,8075.0,325.0,165.0,369.0,10.7,1.6,38.39,20.96,15824.0,22.59,19.35,17.97,19.9,14.39,99.93,0.0,4.26,0.1,6.8,9.85,55.0,0.13,18.3791,-65.9011,15.0,17.0,24.0,86.0,235.0,23517.0,26444.931103467046,270.96791666666667,72.0,29.0,72029.0,21.0,3.0,41.1,1.9,52.3,2.0,369.0,190.0,51.5,44.0,97.0,20.0,68.0,17.0,35.0,0.0,2.0,0.0,0.7624834980191695,0.0,0.0,0.0,121.82335381821476,2.0,35.0,4.8,45.0,466.0,28.0,1286.888281518896,7884.976666477723,2.3513112593219505,45.0,1.0,1.0,0.526238458609239,0.977786811148896,0.0,2.0,60.0,5.0,23.0,1191.0,634.5396131579985,14668.207350926932,-5.117464539007088,-1.385158020135013,-0.908096473925646,-0.7808036839082932,-15824.0,-0.4359837135054423,-1.825307780614895,-0.1439524561292058,1.9516579848484,-0.1439524561292058,1.9516579848484,-1.825307780614895,0.0,35.03772394945224,39.70942047604588,56.06035831912359,74.74714442549812,56.06035831912359,130.8075027446217,-7.256401673792666,-1.5637551560537162,-16.706640791996406,-38.892513707414615,139.62765957446808,-1.0265859436693892,-1.1277869350221237,3.940958222353119,1.7853819364790728,14564.607000000002,-0.8483565911990842,1.5,-1.1999999999999993,1.0999999999999943,0.2717391304347893,3.9548022598870025,1.0,1.0,1.0,1.0,6.425634142922364,28715.952836841676,1.0,1.0,0.0,1.0,1.9516579848484,1.9516579848484,0.0,0.0,12.540640182748938,56043.718646552115,-0.1439524561292058,-0.1439524561292058,-0.9249858170613592,-4133.731940953797,0.0,0.0,0.0,0.0,-1.385158020135013,-0.908096473925646,-0.7808036839082932,14.0,East,-2.3315696989358647,-2.527440101790268,-2.4339089786300137,1.5507660150275715,-1.070979065647484,-0.6304192817902587,-0.6335266960920457,-0.7543287149674109,5.837577001297198,16.372333152828666,11.298959824400077,0.5880571416251659,26813.544145329408,18511.11313454099,21905.695751295203,1902.408691512268,0.3740123910312753,1.0411751960528235,0.796607635395456,3.566945831321844,3.9548022598870025,9.597523219814242,2.850775159900413,-3.683063129452213,195.2268140738791,206.03799774442615,505.0041445381368,-55.599154499411014,45120.0,45588.0,45605.333333333336,-2309.0,baseline,municipio,-0.9506503882133192
2021.0,Adjuntas,18068.0,0.0,15051.0,107.0,7584.0,160.0,15375.0,17289.22973660781,1242.0,270.96791666666667,13018.0,65.1,3881.0,466.2928265,14.4,1875.0,20.0,17.0,147.0,4.9,1.4,67.07,24.64,7527.0,35.44,19.03,20.97,14.9,11.66,99.51,0.0,4.61,0.0,2.35,14.06,74.0,0.41,18.1627,-66.7222,1.0,8.0,8.0,19.0,60.0,15375.0,17289.22973660781,270.96791666666667,72.0,1.0,72001.0,24.6,5.9,28.8,2.5,38.2,3.1,147.0,99.0,67.3,23.0,50.0,9.0,21.0,9.0,35.0,0.0,2.0,0.0,1.0891749170991962,0.0,0.0,0.0,106.16526147168383,2.0,35.0,4.46,5277.0,5525.0,41.0,46635.407169758946,49905.807074300465,2.8042051735770586,55.0,1.0,2.0,0.5149284871127813,1.465644312639839,0.0,2.0,60.0,6.4,11964.0,12086.0,457758.1187449419,459220.3235962623,2.577495174293176,-0.5313261013947357,-0.2576931090553458,-0.1996456064531804,-7527.0,0.0387646335911261,0.7483939353360415,0.1843740495025606,3.762319060677836,0.1843740495025606,3.762319060677836,0.7483939353360415,1.0,5.534646889528448,44.27717511622758,44.27717511622758,49.81182200575603,44.27717511622758,94.0889971219836,44.13451985973582,-1.1412420519341069,0.0878996531466995,-38.42262022494099,51.0957193141819,-1.5482644905259637,-1.5950717782300172,3.050186832130053,3.3935183049462747,4334.688,13.159652743242225,2.5,-5.199999999999999,0.7000000000000028,15.748031496062984,4.958677685950419,1.0,1.0,1.0,1.0,4.617982653520133,525073.7700840657,1.0,1.0,0.0,1.0,3.762319060677836,3.762319060677836,1.0,1.0,17.374324159218407,1975495.053449252,0.1843740495025606,0.1843740495025606,0.8514361623620873,96809.97727797567,0.0,0.0,0.0,0.0,-0.5313261013947357,-0.2576931090553458,-0.1996456064531804,0.0,Central Mountains,0.6785539229652304,0.1506866884746216,0.2072113049045865,-0.8781995294184108,1.2204647972771876,1.3305771298782385,1.500033450272089,-0.4720708619411461,3.788519672724885,10.070234181037868,7.288608203673174,0.8294629807952476,483517.8332163254,30319.9143313937,178208.7157816088,41555.936867740355,0.461237966320116,6.669130116388655,4.987555862795638,2.588948865809937,4.958677685950419,-4.7244094488189,0.8845410252803981,10.789353810112566,89.4304398859762,115.50519773389804,206.8633861791844,-38.3347205717943,17614.0,17891.0,17895.333333333332,454.0,baseline,municipio,-0.4707304975089639
2021.0,Aguada,38307.0,0.0,32722.0,145.0,17565.0,269.0,18733.0,21065.309961357663,1302.0,270.96791666666667,28428.0,66.5,7340.0,668.8796603,21.9,6237.0,173.0,94.0,548.0,5.2,1.1,45.06,7.57,10695.0,33.81,16.94,20.55,28.66,10.32,95.38,0.0,1.51,0.0,1.62,12.31,88.0,0.23,18.3605,-67.1882,3.0,4.0,15.0,51.0,113.0,18733.0,21065.309961357663,270.96791666666667,72.0,3.0,72003.0,7.6,2.3,35.0,2.4,37.9,2.2,548.0,389.0,71.0,73.0,169.0,36.0,83.0,40.0,40.0,1.0,2.0,0.3669499875015734,1.1047924616518818,0.0,0.0,0.0,85.38084532527726,2.0,35.0,4.46,1801.0,5525.0,52.0,15481.819942125048,35055.28082987386,4.347734437317142,55.0,1.0,2.0,0.683027967620547,1.790969751342246,0.0,2.0,60.0,6.4,838.0,12139.0,11516.092783206244,235747.5227374125,2.6804621116680583,-0.8066410838750149,-0.5274042988047234,-0.4800199818271511,-10695.0,-0.6812074823484117,-1.8078878920406496,-0.202525580870763,2.9277217095799166,-0.202525580870763,2.9277217095799166,-1.8078878920406496,0.0,7.8314668337379585,10.44195577831728,39.15733416868979,18.27342261205524,39.15733416868979,57.43075678074503,4.871112053714981,-6.410521729667089,-18.21491028794736,-36.10996462121945,58.97016645669714,-1.704695157295677,-1.7829878632611318,6.508997492166313,2.072502998574673,11452.7,4.412841301634551,0.2999999999999971,-0.1000000000000005,0.2999999999999971,4.1825095057034245,5.835010060362178,1.0,1.0,1.0,1.0,3.8825314076026185,307879.8793117495,1.0,1.0,0.0,1.0,2.9277217095799166,2.9277217095799166,0.0,0.0,11.366971490164058,901386.6066038536,-0.202525580870763,-0.202525580870763,-0.7863119285737015,-62353.55139603247,0.0,0.0,0.0,0.0,-0.8066410838750149,-0.5274042988047234,-0.4800199818271511,1.0,West,0.5305917054369225,0.0386283465103831,0.09284779045223657,-1.0106116872640736,-1.369217015283538,-0.8984562711120946,-0.8807468543384616,-0.4386708767571117,3.177149015280329,8.962417485247252,6.705071597055448,0.7053823923222895,282608.54621897184,54131.53575555621,120578.48802718049,25271.33309277764,-0.8598010827895131,0.5683125863472194,-0.5935111882478528,7.368798574955826,5.835010060362178,3.757828810020869,4.054144006044884,-1.6525005546587535,113.29504136586394,108.68721372564242,243.74326162031716,-54.324874909166795,37307.0,37954.0,37968.0,1000.0,baseline,municipio,-0.7232800935006845
2021.0,Aguadilla,55241.0,0.0,46631.0,176.0,27336.0,301.0,16940.0,19049.07653581374,859.0,270.96791666666667,40042.0,75.1,11862.0,848.7361192,24.6,9834.0,299.0,115.0,914.0,5.8,0.8,49.66,17.31,12055.0,25.06,18.1,22.45,23.46,13.36,98.65,0.0,10.16,0.1,1.98,16.77,1009.0,1.83,18.4275,-67.1541,6.0,9.0,31.0,90.0,235.0,16940.0,19049.07653581374,270.96791666666667,72.0,5.0,72005.0,17.3,2.3,31.3,1.7,38.1,1.7,914.0,503.0,55.0,125.0,210.0,88.0,178.0,26.0,35.0,1.0,2.0,0.3377528093283284,0.8644222066581831,0.0,0.0,0.0,93.62608106680943,2.0,35.0,4.46,332.0,5548.0,57.0,4525.561324068143,33367.89129085688,4.758503629584122,55.0,1.0,2.0,0.6068654875027337,1.685610059835498,0.0,2.0,60.0,6.4,124.0,12159.0,2421.20214758962,222342.4795513604,7.15588144009931,-0.8852120707445565,-0.6857202982549215,-0.6706596537373488,-12055.0,-0.0424614289006006,-2.002327665575899,0.1795361701166932,2.40008355489349,0.1795361701166932,2.40008355489349,-2.002327665575899,0.0,10.861497800546696,16.29224670082004,56.11773863615793,27.153744501366734,56.11773863615793,83.27148313752467,-3.8828787140274272,-77.72769898022943,2.629146367487799,-82.05138642770103,164.88206083178153,-2.369183569115396,-2.5163386626296913,0.7331976481189217,-2.006117726576062,14595.503,6.432261244824411,-0.3999999999999986,-0.0999999999999978,-0.6000000000000014,5.909617612977991,0.5827505827505908,1.0,1.0,1.0,1.0,3.9198796970522496,296397.2804940472,1.0,1.0,0.0,1.0,2.40008355489349,2.40008355489349,0.0,0.0,9.40803879805598,711378.2386289156,0.1795361701166932,0.1795361701166932,0.7037601881269445,53214.03257290449,0.0,0.0,0.0,0.0,-0.8852120707445565,-0.6857202982549215,-0.6706596537373488,2.0,West,1.8622197076003657,1.2155245229106937,1.244987339807957,-2.5328793613377147,-1.6108372641128814,-1.3934294498601123,-1.4070795126638895,-0.3914904014630176,3.277366383382234,9.842940369801964,7.197799897475865,0.6425133136700154,272761.55927816813,58250.94446736818,118789.83111874806,23635.72121587908,-2.4758351679612933,-4.275715659885815,-3.2917717705727974,3.209032816080215,0.5827505827505908,5.795314426633791,0.9752280190011434,5.3268670302274,244.30430089199476,256.61854299745227,444.5426863549272,-79.42224006021323,51552.0,52803.0,52840.333333333336,3689.0,baseline,municipio,-0.9180794879294829
2021.0,Aguas Buenas,24567.0,0.0,20818.0,122.0,10790.0,215.0,21844.0,24563.638007574697,2108.0,270.96791666666667,17784.0,74.1,6034.0,697.7248741,19.1,3392.0,79.0,87.0,143.0,6.6,1.6,42.75,5.7,13057.0,26.37,18.06,20.88,29.45,14.41,99.68,0.0,1.62,0.33,3.95,13.33,169.0,0.69,18.2572,-66.1031,6.0,2.0,13.0,33.0,75.0,21844.0,24563.638007574697,270.96791666666667,72.0,7.0,72007.0,5.7,2.2,42.0,2.6,44.5,2.6,143.0,89.0,62.2,16.0,35.0,6.0,23.0,15.0,35.0,0.0,2.0,0.0,0.8468242933344376,0.0,0.0,0.0,106.43628990878965,2.0,35.0,4.8,70.0,4241.0,23.0,2007.890211669105,16869.183616924085,0.4408046604050811,45.0,1.0,1.0,0.5954279558273148,0.8900718497871721,0.0,2.0,60.0,6.4,35.0,11269.0,756.4474347376146,159930.09166587042,-2.8895564866787904,-1.7543859649122862,-1.391618121188909,-1.310152543657006,-13057.0,-0.3326798997435646,-2.0584345014656886,-0.0691631583081456,2.7371622023833173,-0.0691631583081456,2.7371622023833173,-2.0584345014656886,0.0,24.423006472096716,8.141002157365572,52.916514022876214,32.564008629462286,52.916514022876214,85.4805226523385,12.7996003758454,-18.235355690144573,-65.67912134091472,-84.20000227703669,90.91627796663768,-1.7477085598881503,-2.005708848715504,3.3560237625112066,5.508509565473122,8743.56,5.6598410889795,3.1000000000000014,-3.999999999999999,1.3999999999999986,5.147058823529416,-7.482993197278908,1.0,1.0,1.0,1.0,5.78609278169781,186171.80568034353,1.0,1.0,0.0,1.0,2.7371622023833173,2.7371622023833173,0.0,0.0,15.837474461546192,509582.4296576881,-0.0691631583081456,-0.0691631583081456,-0.4001844510461842,-12876.23006878292,0.0,0.0,0.0,0.0,-1.7543859649122862,-1.391618121188909,-1.310152543657006,3.0,Central Mountains,-1.8934807826198383,-2.1320257798069675,-2.08035196121672,0.5833282389628323,-1.4243108831457731,-0.8261022380571518,-0.7504872689498779,-0.6341236183199155,5.137605825206843,18.583435572791295,12.751760110737743,0.6484869564909665,175317.8097551666,21132.12439390183,72034.75551053489,10853.995925176918,3.4294427210258105,9.74006221288235,4.61129508078153,-0.0734189585146039,-7.482993197278908,10.526315789473696,2.048032595331081,12.630052020808325,240.7954015845891,171.2654614652712,488.6227825631974,-149.8791236179514,25298.0,25748.0,25773.666666666668,-731.0,baseline,municipio,-1.4390267670111707
2021.0,Aibonito,24565.0,0.0,20873.0,108.0,9852.0,184.0,21139.0,23770.863570871705,2210.0,270.96791666666667,18117.0,79.2,6637.0,561.079317,22.7,4107.0,350.0,170.0,289.0,3.8,1.1,43.72,7.53,12370.0,21.28,17.79,22.41,30.41,11.78,99.77,0.0,4.22,0.0,3.37,13.67,28.0,0.11,18.1408,-66.2663,1.0,1.0,10.0,24.0,56.0,21139.0,23770.863570871705,270.96791666666667,72.0,9.0,72009.0,7.5,2.4,36.2,2.4,39.1,2.4,289.0,179.0,61.9,29.0,74.0,27.0,60.0,13.0,35.0,1.0,2.0,0.3328974333584493,0.9302027667036056,0.0,0.0,0.0,95.13748828550906,2.0,35.0,4.8,145.0,5456.0,39.0,2694.3013064619145,26089.545334609425,3.2237164953604913,50.0,1.0,2.0,0.6208194412251409,1.2116614633546634,0.0,2.0,60.0,6.4,320.0,12058.0,8765.864537439835,220777.20786833472,8.959858061654469,-0.0407083248524342,0.0915518222371902,0.0962503644350132,-12370.0,-0.4206360044726417,-2.484376666937284,0.0890817780608062,2.8067057249448446,0.0890817780608062,2.8067057249448446,-2.484376666937284,0.0,4.0708324852432325,4.0708324852432325,40.70832485243232,8.141664970486465,40.70832485243232,48.849989822918786,-9.60062822090852,-48.003141104542614,-30.108759531764925,1.7095519148660117,106.45375914836993,-1.9270923960327144,-1.9994031632348583,-2.11771392791259,-0.2057277495301675,7556.026000000001,7.822790514423983,-0.8999999999999986,1.5,-0.5,0.6968641114982521,3.237410071942448,1.0,1.0,1.0,1.0,5.4027235743874655,257407.83283951023,1.0,1.0,0.0,1.0,2.8067057249448446,2.8067057249448446,0.0,0.0,15.163855186527773,722468.038076299,0.0890817780608062,0.0890817780608062,0.4812842223774697,22930.347436122353,0.0,0.0,0.0,0.0,-0.0407083248524342,0.0915518222371902,0.0962503644350132,4.0,Central Mountains,2.9644074903761863,2.2224416148367787,2.245733734402163,-2.868157125941173,-1.9964528006221196,-1.722755801770267,-1.6363891776265183,-0.4879238663151646,4.864381271121568,17.267244991418014,12.046003969876134,0.5383423032658978,236999.15827029097,21534.814693472184,92265.70552984979,20408.674569219264,-0.7080299092322329,2.20856058855432,2.065559799789703,-1.4096840186803572,3.237410071942448,2.583025830258312,0.9843507965519841,-2.540545960444196,134.85296676526883,264.313424564096,396.8564190135981,-28.399207616898906,22545.0,22988.0,22996.666666666668,2020.0,baseline,municipio,-0.23851778110071264
2021.0,Arecibo,88017.0,0.0,74996.0,208.0,41040.0,393.0,19311.0,21715.272549179408,1020.0,270.96791666666667,64361.0,78.0,19371.0,1098.264085,25.0,16082.0,583.0,213.0,1068.0,6.6,1.1,47.04,18.79,11810.0,22.17,17.52,22.38,20.47,14.13,99.47,0.0,5.19,0.11,2.18,13.75,1212.0,1.38,18.4724,-66.7157,9.0,11.0,67.0,104.0,336.0,19311.0,21715.272549179408,270.96791666666667,72.0,13.0,72013.0,18.8,1.9,33.0,1.3,40.7,1.3,1068.0,622.0,58.2,113.0,248.0,67.0,253.0,55.0,35.0,0.0,2.0,0.0,0.6530051118543522,0.0,0.0,0.0,126.9379951078552,2.0,35.0,4.46,205.0,5603.0,54.0,2795.761955756101,31691.82719756702,7.943202420609777,45.0,1.0,1.0,0.4232657185262911,0.7649573512740125,0.0,2.0,60.0,6.4,329.0,12175.0,3258.7538302577072,231564.22497237072,5.180325518032558,-0.908915323176207,-0.6508563820674107,-0.5904877072509862,-11810.0,-0.1951285801473585,-1.967830666375597,-0.0981207075551331,1.485907803764632,-0.0981207075551331,1.485907803764632,-1.967830666375597,0.0,10.2252973857323,12.497585693672814,76.12165831600713,22.722883079405115,76.12165831600713,98.84454139541224,-15.517120744595267,-24.258351721993876,-32.0258352672281,-41.32276546264309,138.62001386200137,-2.000234219463637,-2.1228307466587215,-4.246831878675006,-0.1539874914526784,24748.68,5.869730935373663,0.0,1.1000000000000014,0.6000000000000014,2.5936599423631135,3.479125248508952,1.0,1.0,1.0,1.0,3.904719577134072,298280.2449027618,1.0,1.0,0.0,1.0,1.485907803764632,1.485907803764632,0.0,0.0,5.802053291176051,443216.9436098394,-0.0981207075551331,-0.0981207075551331,-0.3831338477127754,-29267.46867957739,0.0,0.0,0.0,0.0,-0.908915323176207,-0.6508563820674107,-0.5904877072509862,5.0,North,1.2560361407764509,0.7081713615801233,0.7531487286638772,-1.846523848027437,-1.6823997627960934,-1.4336804639924718,-1.4124495775841206,-0.2854309035795035,3.4601282699411406,11.905401736041236,8.261391542672634,0.4445913071929315,277064.98012321146,54730.773389526046,120060.16438918165,21215.264779550373,2.0410583139284677,1.743811090388503,1.8080380596572427,-6.287890192603474,3.479125248508952,2.443991853360483,1.638350861913466,-0.8854653061458384,211.96861459187255,157.03445588134156,411.85268922715926,-73.34860072987118,83682.0,85390.0,85438.0,4335.0,baseline,municipio,-0.8354140840707547
2021.0,Carolina,155886.0,0.0,132865.0,263.0,75941.0,553.0,30678.0,34497.49527542467,1084.0,270.96791666666667,114495.0,87.0,30012.0,1489.785555,33.6,38519.0,1597.0,337.0,1981.0,8.1,0.8,29.8,14.01,17865.0,13.06,17.19,22.9,20.26,12.99,99.26,0.0,12.45,0.25,2.87,11.51,692.0,0.44,18.3808,-65.9574,27.0,65.0,114.0,584.0,1158.0,30678.0,34497.49527542467,270.96791666666667,72.0,31.0,72031.0,14.0,1.3,45.0,1.2,52.5,1.0,1981.0,1001.0,50.5,250.0,414.0,156.0,231.0,87.0,35.0,0.0,2.0,0.0,0.7689979699678812,0.0,0.0,0.0,121.1235904654781,2.0,35.0,4.8,46.0,734.0,24.0,1276.816752080202,8598.11027798443,5.372418316023342,45.0,1.0,1.0,0.5235944835337123,0.9785874583611388,0.0,2.0,60.0,5.6,23.0,2301.0,619.5378819401463,37621.18849474432,3.6627698200534686,-1.1290301887276644,-0.8568586192669425,-0.7936089827316861,-17865.0,-0.5929027694958688,-4.417412687649851,-0.3370984467474543,-0.8305435934032732,-0.3370984467474543,-0.8305435934032732,-4.417412687649851,0.0,17.320349486162964,41.6971376518738,73.13036449713252,59.01748713803677,73.13036449713252,132.14785163516927,-12.80152894144294,-26.61826894658931,-47.83321211812856,-62.822328781289386,171.56764952320154,-2.211615370109054,-2.333394727315452,-0.3105495883871878,-1.1427127163659492,59789.25,3.630269875049686,-0.3999999999999986,-0.3000000000000007,-0.6000000000000014,1.9557385486361325,0.8826583592938642,1.0,1.0,1.0,1.0,6.244337798718146,52598.08380076216,1.0,1.0,0.0,1.0,-0.8305435934032732,-0.8305435934032732,0.0,0.0,-5.186194753771254,-43685.001526011496,-0.3370984467474543,-0.3370984467474543,-2.1049565729143054,-17730.732351129365,0.0,0.0,0.0,0.0,-1.1290301887276644,-0.8568586192669425,-0.7936089827316861,15.0,Metro,0.6273540564395663,0.0751596612900806,0.12322262550555534,-1.4209630391712524,-4.065194764288511,-3.768636146126066,-3.793926150058002,-0.3522179233613407,5.6531097734948315,16.375146584675853,11.302216857485803,0.5912280252233142,50322.2381424667,19133.24393348038,30038.723651174052,2275.8456582954605,-0.0852767657048336,-3.0323117950058265,-1.43898820762763,-0.2252728226823542,0.8826583592938642,2.77481323372466,0.9369702488192244,1.0730801893422683,282.2231904226195,302.9475462518974,733.7620407471417,-110.65554089941796,150378.0,153779.0,153870.0,5508.0,baseline,municipio,-1.0099740015300596
2021.0,Arroyo,16183.0,0.0,13364.0,128.0,8226.0,216.0,14933.0,16792.19952239118,1660.0,270.96791666666667,11446.0,76.6,3554.0,450.9478906,20.6,2362.0,59.0,43.0,88.0,3.6,1.5,60.84,11.22,10310.0,24.18,20.28,20.84,23.09,20.63,99.64,0.0,4.55,0.22,5.3,12.9,22.0,0.14,17.9658,-66.0614,4.0,7.0,18.0,27.0,91.0,14933.0,16792.19952239118,270.96791666666667,72.0,15.0,72015.0,11.2,5.1,26.7,4.0,30.1,4.2,88.0,54.0,61.4,14.0,22.0,,16.0,5.0,35.0,1.0,2.0,0.4159412620449356,1.037458628940816,0.0,0.0,0.0,74.14649661811822,2.0,35.0,4.8,96.0,4361.0,22.0,1913.1632665735387,16776.69982761623,8.260639394631836,50.0,1.0,2.0,1.0195251479477738,1.7748278253143008,0.0,2.0,60.0,6.4,55.0,11508.0,991.8517321305056,168536.63162907405,-7.536281567820824,-2.3852190570351595,-1.9027969965470404,-1.7653100855646198,-10310.0,0.0428878356328655,-0.1970423500806506,0.3205385533341938,3.5968764253424843,0.3205385533341938,3.5968764253424843,-0.1970423500806506,1.0,24.717295927825496,43.25526787369461,111.22783167521472,67.97256380152011,111.22783167521472,179.20039547673483,22.263501980014,2.668809849137716,17.6270623831461,29.929423398668987,154.26808364758313,-1.7017691659646172,-1.6895809176743382,-11.973957994841957,-6.407594553851877,3568.188,-4.337097448766203,0.6999999999999993,-1.700000000000001,0.3000000000000007,10.000000000000009,0.0,1.0,1.0,1.0,1.0,6.575167211289303,195007.11755025436,1.0,1.0,0.0,1.0,3.5968764253424843,3.5968764253424843,1.0,1.0,23.650063934971374,701416.5038905005,0.3205385533341938,0.3205385533341938,2.107594585837099,62507.29934942962,0.0,0.0,0.0,0.0,-2.3852190570351595,-1.9027969965470404,-1.7653100855646198,6.0,South,-3.8177642437766335,-3.9101430793780145,-3.8034444954398965,2.0524541582120137,0.1028556009383788,0.2061713339027641,0.28597425546278304,-0.2998979510190294,5.953940232277119,17.881234572165567,12.651176206524688,0.6212269790121843,182899.9740135799,17933.146595915197,72238.33186731146,12107.14353667447,-8.904601047872319,1.6557753811586418,-0.5406223273947429,-3.069356946969638,0.0,8.108108108108114,1.4040014040014055,10.000000000000009,106.71159786576804,209.81723814256532,285.6508427276661,47.556485781815084,17502.0,17805.0,17806.0,-1319.0,baseline,municipio,-1.8218763930560822
2021.0,Barceloneta,22836.0,0.0,19097.0,106.0,9985.0,242.0,19051.0,21422.90183493433,2616.0,270.96791666666667,16419.0,74.4,5083.0,703.8309456,24.8,4071.0,53.0,87.0,298.0,6.0,1.8,44.95,15.88,12308.0,26.11,18.6,20.35,17.3,17.2,99.65,0.0,3.62,0.45,2.28,9.28,12.0,0.05,18.4505,-66.5385,2.0,11.0,60.0,100.0,238.0,19051.0,21422.90183493433,270.96791666666667,72.0,17.0,72017.0,15.9,3.9,35.0,3.7,41.6,4.0,298.0,130.0,43.6,46.0,100.0,14.0,25.0,21.0,35.0,0.0,2.0,0.0,0.6473940739492107,0.0,0.0,0.0,136.08590822782415,2.0,35.0,4.46,110.0,5579.0,50.0,2324.589364764159,28663.261340986388,8.316453059543045,45.0,0.0,1.0,0.0,0.7595253245401412,0.0,2.0,60.0,6.4,77.0,12128.0,1492.1979745526353,216873.20276178457,-4.5038263705934,-1.0159397442634388,-0.5951322713593776,-0.5017248390931317,-12308.0,-0.3254603942210373,-1.3846117445877624,0.0225657686598719,2.3605982091353312,0.0225657686598719,2.3605982091353312,-1.3846117445877624,0.0,8.758101243650378,48.16955684007707,262.7430373095113,56.92765808372745,262.7430373095113,319.67069539323876,19.291226017487325,82.92452854858627,-37.11750289783645,1.2396641245198623,217.45494082716516,-0.6893974002242564,-0.9053870529651452,2.1578853497714157,1.4954191741605318,6683.95,0.6308596384729359,1.3999999999999986,-2.700000000000001,0.3000000000000042,7.581227436823101,0.3623188405797117,1.0,1.0,1.0,1.0,4.1289355141554065,264337.00389245356,1.0,1.0,0.0,1.0,2.3605982091353312,2.3605982091353312,0.0,0.0,9.74675778035052,623993.457996725,0.0225657686598719,0.0225657686598719,0.0931726036239605,5964.967678080788,0.0,0.0,0.0,0.0,-1.0159397442634388,-0.5951322713593776,-0.5017248390931317,8.0,North,-1.9154904863748825,-2.08506259095651,-2.01639211963777,1.4137656472817508,-0.7601346519062949,-0.423141398476943,-0.38786542153429754,-0.6244770926814674,3.6856115641148977,12.414472082990557,8.597513204809985,0.44332395004050884,245343.41555617537,37483.19985978263,103232.9865303395,18993.58833627819,2.5682132314002404,-0.2398410586900601,-0.44344594581202285,-0.4103278816288247,0.3623188405797117,1.845018450184499,-0.5644573096979818,7.21890859624339,253.33277960048173,160.50043211654798,547.4414818321567,-35.87783877331657,23913.0,24079.0,24097.0,-1077.0,baseline,municipio,-0.703599219310959
2021.0,Barranquitas,28982.0,0.0,23686.0,149.0,10898.0,234.0,20290.0,22816.160738586823,2281.0,270.96791666666667,19880.0,75.2,5666.0,638.7566047,21.9,4355.0,60.0,57.0,280.0,3.5,1.2,51.84,15.97,10307.0,25.23,21.19,17.35,18.29,16.69,99.9,0.0,1.63,0.53,5.09,10.09,270.0,0.93,18.1861,-66.3061,0.0,1.0,19.0,36.0,100.0,20290.0,22816.160738586823,270.96791666666667,72.0,19.0,72019.0,16.0,4.2,34.7,3.1,41.3,2.7,280.0,187.0,66.8,43.0,78.0,18.0,35.0,34.0,35.0,0.0,2.0,0.0,0.905070008660286,0.0,0.0,0.0,100.91847654618353,2.0,35.0,4.8,193.0,5483.0,39.0,3306.571506326869,26867.68526792487,3.753152376850775,50.0,1.0,2.0,0.5692992299780886,1.1649384027248797,0.0,2.0,60.0,6.4,533.0,12059.0,13287.49572968974,226673.94014107803,3.411118247341749,-0.2863846525429592,0.003450357975665,0.0827415395067587,-10307.0,-0.1197453992655118,-0.282507641087908,0.2542888599910369,4.134505771878064,0.2542888599910369,4.134505771878064,-0.282507641087908,1.0,0.0,3.450417500517563,65.55793250983369,3.450417500517563,65.55793250983369,69.00835001035125,-21.526389749892772,-30.78118117032045,-13.765136186352247,-72.71663949844621,121.31592093056447,-1.2925721128447143,-1.2589114936532808,2.425726213758117,5.636246744608564,8219.042000000001,10.84756346324376,2.0,-2.0,1.3999999999999986,4.477611940298498,5.928853754940722,1.0,1.0,1.0,1.0,5.084502236504019,264248.7473718815,1.0,1.0,0.0,1.0,4.134505771878064,4.134505771878064,1.0,1.0,21.02190384395279,1092537.9712205925,0.2542888599910369,0.2542888599910369,1.2929322773424845,67195.51272325525,0.0,0.0,0.0,0.0,-0.2863846525429592,0.003450357975665,0.0827415395067587,9.0,Central Mountains,1.1266764868341772,0.5905487888886674,0.6598928326785991,-1.0439349473274184,0.1376963247461596,0.6948055401562175,0.655518967967938,-0.4202039658340676,4.402107148917317,16.170195568084942,11.242668153322782,0.682395087586702,243548.57546693037,22432.8726038029,95026.40020297689,20700.17190495113,9.707843184516584,4.77517083555099,4.606282466340883,-7.282116970758467,5.928853754940722,12.444444444444436,7.674820330027614,-1.4512418146422235,207.79769661536295,222.5699878282038,360.0763871130937,-86.48177568479848,28026.0,28393.0,28391.333333333332,956.0,baseline,municipio,-0.22118756297693998
2021.0,Bayamón,185939.0,0.0,158892.0,249.0,82577.0,581.0,27812.0,31274.67040224627,966.0,270.96791666666667,136733.0,82.5,31854.0,1243.057923,30.0,40959.0,1299.0,259.0,3043.0,8.1,0.6,33.71,10.83,15703.0,17.61,16.97,22.51,25.02,11.94,99.41,0.0,10.74,0.35,1.93,12.84,5484.0,2.95,18.3808,-66.1557,14.0,109.0,133.0,846.0,1620.0,27812.0,31274.67040224627,270.96791666666667,72.0,21.0,72021.0,10.8,1.1,42.1,1.0,47.4,0.9,3043.0,1648.0,54.2,290.0,721.0,203.0,552.0,134.0,35.0,0.0,2.0,0.0,0.7903046482400706,0.0,0.0,0.0,120.3239997822012,2.0,35.0,4.8,58.0,4231.0,27.0,2271.223520562848,17668.296439661,5.264077308780507,45.0,1.0,1.0,0.4978758334493764,0.7940534598889424,0.0,2.0,60.0,6.4,27.0,11051.0,725.0769680129775,154764.30460863354,7.049137856587695,-0.8674888000903547,-0.669936164893159,-0.6259781205551262,-15703.0,-0.3062650390627816,-4.385321628835997,-0.2720582427523006,-0.3097241076945283,-0.2720582427523006,-0.3097241076945283,-4.385321628835997,0.0,7.529351023722834,58.62137582755635,71.52883472536692,66.15072685127919,71.52883472536692,137.6795615766461,-1.2087250615565353,-46.49413657490079,-46.001417261986944,-54.82429457025397,185.38242321310344,-2.523682320193943,-2.603372413981575,-1.058303419768658,-0.312223943559764,66893.532,4.854607615870377,-1.1000000000000014,-0.7999999999999989,-1.5,1.197206518124383,1.794177386594442,1.0,1.0,1.0,1.0,5.525322119709151,182777.18856101044,1.0,1.0,0.0,1.0,-0.3097241076945283,-0.3097241076945283,0.0,0.0,-1.7113254632517565,-56610.5016339735,-0.2720582427523006,-0.2720582427523006,-1.5032094265284888,-49726.04073511441,0.0,0.0,0.0,0.0,-0.8674888000903547,-0.669936164893159,-0.6259781205551262,10.0,Metro,1.839173889898249,1.1345311513429213,1.171481059958494,-2.4651520104533753,-4.14410502413648,-3.796760784085287,-3.8025265962728176,-0.24121660469951678,4.92521081094881,16.426890030245787,11.279342286620084,0.6001113087603409,172314.20262777695,24609.251388935987,73132.4573371076,10462.985933233489,0.3811964284970326,-0.2595648394076666,-0.1297870331793368,-1.4394998482656907,1.794177386594442,2.3916811091854395,0.5616712052509502,-0.596970868470059,286.20813504534436,360.1978628624525,847.9773874851658,-100.82571183224093,173695.0,178192.0,178280.66666666666,12244.0,baseline,municipio,-0.8770808902389129
2021.0,Cabo Rojo,47403.0,0.0,40660.0,180.0,28902.0,406.0,18581.0,20894.385543799,1138.0,270.96791666666667,35160.0,73.9,8904.0,842.3354439,26.1,9183.0,434.0,208.0,569.0,5.3,1.1,47.55,15.25,11802.0,26.4,16.99,23.6,17.69,11.03,99.55,0.0,7.15,3.97,4.23,12.11,147.0,0.31,18.0866,-67.1457,8.0,2.0,18.0,38.0,95.0,18581.0,20894.385543799,270.96791666666667,72.0,23.0,72023.0,15.2,3.0,35.2,2.3,41.5,2.1,569.0,371.0,65.2,119.0,117.0,29.0,99.0,22.0,40.0,1.0,2.0,0.4698641992417862,1.298450624390494,1.0,0.0,0.0,64.48960796859826,2.0,35.0,4.46,5284.0,5479.0,38.0,56526.68707866517,59042.17784302328,1.4156839059122637,55.0,1.0,2.0,1.0234794945529342,2.218031518966824,0.0,2.0,60.0,6.4,11641.0,12057.0,358729.6582624262,371269.3492722795,-1.196406611501344,-0.8860198721599932,-0.4736657279277301,-0.3719631780892407,-11802.0,0.1226981036498023,-1.959007704268225,0.2697719314160459,1.1147442516202053,0.2697719314160459,1.1147442516202053,-1.959007704268225,0.0,16.876568993523616,4.219142248380904,37.97228023542814,21.09571124190452,37.97228023542814,59.067991477332654,6.505386711400321,-41.23233864445181,-6.033760275732524,-13.603762748185318,93.79494341038416,-1.051828325118076,-1.0570349964289405,2.835502595345974,2.3072857309062167,14312.320000000002,5.0513739791538725,1.7000000000000028,2.299999999999999,3.0,7.969639468690692,3.3333333333333437,1.0,1.0,1.0,1.0,4.680503271459717,446166.1685444515,1.0,1.0,0.0,1.0,1.1147442516202053,1.1147442516202053,0.0,0.0,5.217564116549284,497361.17165233893,0.2697719314160459,0.2697719314160459,1.262668407540809,120363.10902073373,0.0,0.0,0.0,0.0,-0.8860198721599932,-0.4736657279277301,-0.3719631780892407,11.0,West,-0.7151648758544571,-1.0448328546055707,-0.9539256836350374,0.3432016977652164,-1.3368197005350853,-0.9746870167061394,-0.9827326179773365,-0.6221880037331398,3.846245976713771,7.914437399036816,6.170366548895001,0.8342572947459459,395985.1813821252,30364.28662534718,149332.9397547961,50180.98716232629,2.0314021842775976,2.054952413095079,-0.18467590218603025,0.8041004110683763,3.3333333333333437,2.2044088176352616,1.9800522126300457,4.636306135357349,113.432466434302,142.84256708499132,202.73453402499283,-19.637523023917836,47977.0,48487.0,48489.666666666664,-574.0,baseline,municipio,-0.6049539287867506
2021.0,Caguas,128182.0,0.0,108606.0,296.0,57286.0,453.0,27062.0,30431.293341923934,1174.0,270.96791666666667,93391.0,83.5,25339.0,1468.297313,33.3,31141.0,1677.0,427.0,2444.0,6.4,0.7,37.53,11.27,16904.0,16.61,17.84,20.86,23.68,12.77,98.72,0.0,9.44,0.13,2.11,13.61,1119.0,0.87,18.2325,-66.0391,26.0,87.0,147.0,408.0,888.0,27062.0,30431.293341923934,270.96791666666667,72.0,25.0,72025.0,11.3,1.4,43.3,1.1,48.9,1.1,2444.0,1307.0,53.5,260.0,527.0,222.0,448.0,110.0,35.0,0.0,2.0,0.0,0.8526180956121292,0.0,0.0,0.0,103.889607808347,2.0,35.0,4.8,67.0,3123.0,21.0,1620.433701690053,13607.395550851788,7.724993238537975,45.0,1.0,1.0,0.6336968646167239,1.1110888449670622,0.0,2.0,60.0,6.4,28.0,9505.0,607.4224833450405,138658.4730071729,1.1425505389240476,-1.0999984397185305,-0.760800815779894,-0.6796911181240817,-16904.0,-0.538709226793822,-3.600355844427675,-0.1989756838778868,0.4666428582309586,-0.1989756838778868,0.4666428582309586,-3.600355844427675,0.0,20.28365917211465,67.87224415284517,114.68068839618668,88.15590332495982,114.68068839618668,202.8365917211465,21.08629295994332,29.462830520636317,-30.65253300732813,-43.52718815468147,152.28746824056685,-1.7085863638831356,-1.8467909533125717,0.1136138639786565,0.1017143970005481,47026.398,3.1010243804475923,0.5,-1.5,-0.3000000000000042,2.2166457549142704,0.4199916001679904,1.0,1.0,1.0,1.0,6.188402292745138,161096.41928802486,1.0,1.0,0.0,1.0,0.4666428582309586,0.4666428582309586,0.0,0.0,2.8877737337696088,75174.49354733685,-0.1989756838778868,-0.1989756838778868,-1.2313415783104469,-32054.27019811355,0.0,0.0,0.0,0.0,-1.0999984397185305,-0.760800815779894,-0.6796911181240817,12.0,East,-0.1303638229455006,-0.5628671184760403,-0.5023378238130038,-0.549327295178581,-3.1395373420014696,-2.686143666592231,-2.7321834033248193,-0.46081850242620526,5.7000203968788945,18.39240250544769,12.753376685202776,0.4883818958662438,152878.93632246144,19522.075296414365,63574.97158790177,8217.482965563424,1.461878011934803,-1.270348684911815,0.31371581713755353,-1.3482641479561464,0.4199916001679904,1.8827556696619616,0.08303366664071936,1.79665415474628,226.46718940257648,285.46851092012207,799.4823688432135,-74.17972116200963,126734.0,128937.0,129011.33333333333,1448.0,baseline,municipio,-0.8941828734634217
2021.0,Camuy,32885.0,0.0,27943.0,153.0,14071.0,192.0,19745.0,22203.306741419263,1269.0,270.96791666666667,24097.0,72.6,6016.0,550.2154124,21.4,5156.0,335.0,193.0,333.0,5.8,1.5,44.36,7.05,11692.0,27.84,17.57,21.17,17.0,8.59,99.32,0.0,2.0,0.24,1.58,10.74,133.0,0.4,18.4838,-66.845,2.0,3.0,47.0,85.0,174.0,19745.0,22203.306741419263,270.96791666666667,72.0,27.0,72027.0,7.1,2.0,36.0,2.3,39.2,2.7,333.0,226.0,67.9,42.0,89.0,25.0,40.0,33.0,35.0,0.0,2.0,0.0,0.6579725197598605,0.0,0.0,0.0,118.16965731963047,2.0,35.0,4.46,224.0,5607.0,57.0,3545.876724866253,33054.78322263513,7.654472931754173,55.0,1.0,2.0,0.4616725056408663,1.045049022538807,0.0,2.0,60.0,6.4,217.0,12196.0,2090.46255741255,232130.16551024455,5.8552758642889335,-0.4622168161775852,-0.2009012135124277,-0.1532935076108521,-11692.0,-0.624869070578541,-2.0902545286719207,-0.0616181677635936,2.7151854625566516,-0.0616181677635936,2.7151854625566516,-2.0902545286719207,0.0,6.0818002128630075,9.12270031929451,142.92230500228067,15.204500532157518,142.92230500228067,158.12680553443818,5.547640942895946,23.82103673472126,-18.8259557787997,-42.30135215145448,128.75812785682098,-1.6836508639787362,-1.9365650797591671,1.5691439833775744,2.887928600507776,10059.48,8.771713567431672,0.6000000000000014,-0.2000000000000001,0.5,9.90099009900991,3.0612244897959107,1.0,1.0,1.0,1.0,4.038850678556516,304645.91949553654,1.0,1.0,0.0,1.0,2.7151854625566516,2.7151854625566516,0.0,0.0,10.96622864785372,827170.1718414848,-0.0616181677635936,-0.0616181677635936,-0.2488665786833994,-18771.723375970218,0.0,0.0,0.0,0.0,-0.4622168161775852,-0.2009012135124277,-0.1532935076108521,13.0,North,1.778313243074647,1.1832765064178297,1.214268487570891,-1.9316067506854993,-1.7511440999760943,-1.0262138408068973,-1.1714330902903243,-0.3391104286958264,3.5914398812310866,11.671260956391482,8.1993775525854,0.4474107973254293,282074.0977774223,59323.2839283057,123348.58567582839,22571.821718114254,7.8893900215793344,-0.7947482034335818,0.1866488040795143,-6.32024603820176,3.0612244897959107,4.62633451957295,4.049508517373261,6.839765609213999,189.88543578707515,133.44919620135312,257.5636531371031,-61.127307930254176,31066.0,31598.0,31628.666666666668,1819.0,baseline,municipio,-0.4463058523452679
2021.0,Añasco,25859.0,0.0,22146.0,107.0,12566.0,183.0,21189.0,23827.088708226525,1903.0,270.96791666666667,19098.0,71.2,5968.0,683.5451704,18.6,3560.0,114.0,116.0,265.0,4.8,1.5,44.73,9.14,11641.0,29.26,17.15,21.55,25.59,9.58,96.4,0.0,2.73,0.38,1.87,10.95,105.0,0.41,18.2827,-67.1399,0.0,1.0,10.0,28.0,54.0,21189.0,23827.088708226525,270.96791666666667,72.0,11.0,72011.0,9.1,3.1,38.4,2.7,42.2,2.6,265.0,164.0,61.9,42.0,55.0,15.0,43.0,14.0,40.0,1.0,2.0,0.3844887105008407,1.1454484947094787,0.0,0.0,0.0,81.02998096981436,2.0,35.0,4.46,4398.0,5521.0,49.0,30937.213863618515,40587.40250912856,6.152448762448919,55.0,1.0,2.0,0.7418110396922484,1.86881612027038,0.0,2.0,60.0,6.4,6391.0,12111.0,128481.93930798717,276274.5074482743,-2.620975334212017,-1.3998994547352983,-1.055494938881496,-0.9960043301149302,-11641.0,-0.6330653263811391,-2.2845070234557463,-0.0867405792816172,2.289101795330164,-0.0867405792816172,2.289101795330164,-2.2845070234557463,0.0,0.0,3.867125565567114,38.67125565567114,3.867125565567114,38.67125565567114,42.538381221238254,-26.259027701237628,-17.81528171958776,11.562256333560512,-47.47128545090877,86.61269064206364,-1.4071433875399109,-1.5857936275942677,0.3711977876661887,0.4397766553619416,8504.064,3.0692567106925805,1.8999999999999984,-0.5,1.8000000000000045,0.7604562737642651,-1.1278195488721776,1.0,1.0,1.0,1.0,4.020346988611385,350573.1675922874,1.0,1.0,0.0,1.0,2.289101795330164,2.289101795330164,0.0,0.0,9.20298350948054,802497.6673300876,-0.0867405792816172,-0.0867405792816172,-0.3487272267052568,-30408.919637546485,0.0,0.0,0.0,0.0,-1.3998994547352983,-1.055494938881496,-0.9960043301149302,7.0,West,-1.5800982661049343,-1.811021315439232,-1.7546286911894562,0.5840939359900041,-1.7591112147220138,-1.54535082023961,-1.543746289048265,-0.5253958087337325,3.1221117882257743,8.5033430115494,6.374238479231015,0.8982352003856104,320086.145581065,50770.18503762725,131955.46063124298,30487.022011222434,-0.007797219771144,0.9559293981907802,0.5871157922010427,0.3789950074373327,-1.1278195488721776,1.9157088122605304,1.5906510028027565,1.8882758226364427,122.5217197594119,171.7334112832505,297.6643734767668,-35.909029117348254,26555.0,26934.0,26952.333333333332,-696.0,baseline,municipio,-1.1584334817385105
2021.0,Hatillo,38739.0,0.0,33011.0,128.0,17044.0,249.0,20955.0,23563.95506540596,1162.0,270.96791666666667,28662.0,76.4,6947.0,721.9972299,29.0,8302.0,369.0,210.0,516.0,7.9,1.8,42.58,6.84,12738.0,24.09,17.24,21.37,14.67,8.62,99.77,0.0,3.51,0.25,2.58,8.85,105.0,0.27,18.4863,-66.825,5.0,8.0,48.0,94.0,210.0,20955.0,23563.95506540596,270.96791666666667,72.0,65.0,72065.0,6.8,2.5,38.5,2.8,41.4,2.8,516.0,272.0,52.7,71.0,164.0,27.0,66.0,24.0,35.0,0.0,2.0,0.0,0.6555327591206176,0.0,0.0,0.0,119.8096732526896,2.0,35.0,4.46,202.0,5606.0,57.0,3334.639484303645,32797.70896986614,7.804701864614403,55.0,1.0,2.0,0.4540663088658036,1.0379733736166177,0.0,2.0,60.0,6.4,201.0,12194.0,2025.056768325428,231079.76601200888,-2.077803897778119,-1.0557835772735502,-0.6123708731335054,-0.5033163435621546,-12738.0,-0.6925603512444638,-2.5958284634733277,-0.0293783371687674,2.347070081340964,-0.0293783371687674,2.347070081340964,-2.5958284634733277,0.0,12.906889697720644,20.651023516353032,123.90614109811816,33.55791321407368,123.90614109811816,157.46405431219185,8.280493533074715,35.4351722146218,-7.263256163807046,-16.660445384338416,113.74838856449531,-0.9737171464330396,-1.08937855904927,5.3706662394210625,4.1466923556701785,12709.235,0.2529270923299798,0.6000000000000014,0.7000000000000002,1.0,3.200000000000003,2.249488752556239,1.0,1.0,1.0,1.0,4.052443843220719,302896.1256380392,1.0,1.0,0.0,1.0,2.347070081340964,2.347070081340964,0.0,0.0,9.511369700737744,710918.4342391356,-0.0293783371687674,-0.0293783371687674,-0.1190540615836339,-8898.584506107652,0.0,0.0,0.0,0.0,-1.0557835772735502,-0.6123708731335054,-0.5033163435621546,33.0,North,-1.1032692157691648,-1.370383333076164,-1.2850666223214364,0.5999528722070102,-1.9991714220979435,-1.4803806346127208,-1.4565284341731928,-0.5966570413753842,3.606648941171565,11.58894954479878,8.14187010676188,0.4457949020491543,280704.59765065636,59079.65396578242,122888.75248284459,22191.52798738284,5.915396355850144,1.1540144717393286,0.5208980727034097,-0.5447301164290819,2.249488752556239,3.601694915254239,1.1912503185317187,0.9505112474437638,137.6720901126408,131.22059915820748,284.85760343713554,-23.923701548145488,39561.0,39950.0,39967.0,-822.0,baseline,municipio,-0.7181344863213758
2021.0,Hormigueros,15726.0,0.0,13626.0,78.0,7638.0,140.0,20811.0,23402.02666982407,2102.0,270.96791666666667,11965.0,79.5,4073.0,444.0146394,25.8,3087.0,30.0,34.0,180.0,3.9,1.3,42.84,19.59,13178.0,21.66,15.47,28.97,26.06,12.07,99.34,0.0,3.14,0.0,4.11,15.82,153.0,0.97,18.1397,-67.1274,3.0,0.0,7.0,13.0,27.0,20811.0,23402.02666982407,270.96791666666667,72.0,67.0,72067.0,19.6,4.3,36.5,3.1,45.5,2.6,180.0,97.0,53.9,23.0,39.0,11.0,36.0,11.0,40.0,1.0,2.0,0.4378681552111424,1.2472751531916106,1.0,0.0,0.0,69.93273679179252,2.0,35.0,4.46,5280.0,5492.0,41.0,50924.544185572144,53824.76441335635,3.0888671630565465,55.0,1.0,2.0,0.9135361244958944,2.087485097457764,0.0,2.0,60.0,6.4,11544.0,12070.0,331963.11048634467,354756.8762904169,-0.0317843748013468,-0.9856288948238534,-0.657125366587763,-0.6077816304004835,-13178.0,-0.2162576105131143,-2.91077926577072,-0.3023629833029664,-0.1422954212640121,-0.3023629833029664,-0.1422954212640121,-2.91077926577072,0.0,19.07668828691339,0.0,44.51227266946458,19.07668828691339,44.51227266946458,63.588960956377974,12.71981332664386,0.0141479475778538,-25.004851189137728,0.5917081127165602,50.854999682156254,-1.3297371887348697,-1.4647713226205172,0.1650338545098106,-0.1505072544494982,4973.49,0.3164103131971796,-0.2000000000000028,-0.8999999999999986,-0.7999999999999972,2.857142857142847,6.060606060606055,1.0,1.0,1.0,1.0,4.5109023010491445,426567.54478149646,1.0,1.0,0.0,1.0,-0.1422954212640121,-0.1422954212640121,0.0,0.0,-0.6418807432085896,-60698.608482238385,-0.3023629833029664,-0.3023629833029664,-1.3639298771334354,-128978.235420355,0.0,0.0,0.0,0.0,-0.9856288948238534,-0.657125366587763,-0.6077816304004835,34.0,West,-0.4491142217827537,-0.7838997396755754,-0.7257373624571942,-0.15866740861772982,-2.5017328413039763,-2.021289592617629,-2.1556813737476634,-0.40904642446674355,3.711303818536285,8.1694077406501,6.291325749812238,0.7995984825128595,382267.5695830569,33628.133141871636,146390.42194161136,44299.975198439555,3.0078522506703953,-3.6244078685287007,-1.4622656968921104,-2.8428183961605846,6.060606060606055,1.85185185185186,3.2664167884293676,-3.2034632034632082,75.26814275857743,129.78986402966626,179.63914054124734,-24.41314307642117,15731.0,15943.0,15951.333333333334,-5.0,baseline,municipio,-0.8236619239955543
2021.0,Humacao,51398.0,0.0,43654.0,177.0,26463.0,359.0,22431.0,25223.72112012031,1324.0,270.96791666666667,37763.0,79.0,13522.0,1090.638804,22.7,8561.0,354.0,139.0,778.0,4.8,1.0,39.2,9.16,14352.0,21.39,17.54,23.35,9.15,11.63,99.36,0.0,11.93,0.18,4.84,13.21,342.0,0.67,18.1497,-65.8274,8.0,29.0,55.0,139.0,323.0,22431.0,25223.72112012031,270.96791666666667,72.0,69.0,72069.0,9.2,2.3,33.7,2.0,37.1,2.0,778.0,450.0,57.8,75.0,152.0,103.0,161.0,42.0,35.0,1.0,2.0,0.3217047876186563,0.8640967282548062,0.0,0.0,0.0,98.79539673338166,2.0,35.0,4.8,66.0,389.0,12.0,2838.4402607893094,6352.7374791892325,6.0123550857565995,45.0,1.0,1.0,0.7426866716173237,1.2137182400713913,0.0,2.0,60.0,5.6,39.0,1286.0,1019.9244328315896,23573.64101320811,-0.3644399643314089,-1.3016070664228163,-0.9353444226011364,-0.8489840391357917,-14352.0,-0.4512257541298117,-2.934936605428944,-0.0267606365591215,1.4810230106510542,-0.0267606365591215,1.4810230106510542,-2.934936605428944,0.0,15.56480796918168,56.4224288882836,107.00805478812406,71.98723685746528,107.00805478812406,178.99529164558933,21.585965194611013,56.60678312526979,-27.683555122145822,-60.060190618365375,100.80254332570853,-1.7540518407069494,-1.793663262634193,-1.7138679361213272,1.5389018065202729,14711.398,-3.306383945889324,-1.3999999999999986,-0.3000000000000007,-1.7999999999999972,3.733333333333344,0.1335113484646211,1.0,1.0,1.0,1.0,7.167256983033544,35141.865951172316,1.0,1.0,0.0,1.0,1.4810230106510542,1.4810230106510542,0.0,0.0,10.614872515122132,52045.912110901,-0.0267606365591215,-0.0267606365591215,-0.1918003592487869,-940.418702728692,0.0,0.0,0.0,0.0,-1.3016070664228163,-0.9353444226011364,-0.8489840391357917,35.0,East,-0.7454073364354552,-1.1417241209137896,-1.064471258692808,-0.10357670270033648,-2.658216217351399,-2.063411704602821,-2.1168945464798945,-0.27672038807754484,6.672050961766593,18.55447616269943,12.897187090819367,0.49520602126695135,32768.98461747367,13457.407939104258,20860.410252948954,2372.8813336986495,5.374448668982557,0.9561246866995888,3.305229601389563,-7.088316605103884,0.1335113484646211,0.6720430107526987,-1.632622564671541,3.599821984868723,188.54628906621977,261.84865147944487,559.977695762128,-87.74374574051124,51586.0,52507.0,52519.666666666664,-188.0,baseline,municipio,-1.038203714088182
2021.0,Peñuelas,20625.0,0.0,16886.0,92.0,8573.0,212.0,18123.0,20379.363285628835,1145.0,270.96791666666667,14252.0,74.2,3956.0,504.2548959,24.9,3547.0,79.0,73.0,154.0,4.3,1.4,53.77,14.78,10237.0,27.08,21.24,18.42,15.67,13.6,99.57,0.0,0.59,0.15,4.53,12.95,4.0,0.02,18.0622,-66.7219,3.0,2.0,4.0,23.0,61.0,18123.0,20379.363285628835,270.96791666666667,72.0,111.0,72111.0,14.8,3.4,33.7,2.4,39.5,2.5,154.0,93.0,60.4,15.0,49.0,6.0,19.0,13.0,35.0,0.0,2.0,0.0,1.1534275077280478,0.0,0.0,0.0,101.27607393737908,2.0,35.0,4.46,5300.0,5492.0,40.0,61435.74135787736,64020.198848565546,2.130962249105238,55.0,1.0,2.0,0.9611594325135482,1.527431367612582,0.0,2.0,60.0,6.4,11982.0,12064.0,659934.8797739786,660953.91501869,4.182451886649496,-1.5854545454545454,-1.325143665028461,-1.2635757560909733,-10237.0,-0.2847785806796991,0.051457739653554,0.2238499671497638,4.131647503699028,0.2238499671497638,4.131647503699028,0.051457739653554,1.0,14.545454545454543,9.696969696969695,19.39393939393939,24.24242424242424,19.39393939393939,43.63636363636364,-11.116468519105284,-51.32384612911966,-8.795549665983593,11.845195619708214,106.07667828458858,-2.8749448069469663,-2.8640869233701904,-0.0005283007157852,-1.4612050227083635,5690.582,9.00339140187203,1.0,-3.1999999999999993,-0.2999999999999971,10.79136690647482,-3.472222222222221,1.0,1.0,1.0,1.0,4.7321148589722,742706.4641815209,1.0,1.0,0.0,1.0,4.131647503699028,4.131647503699028,1.0,1.0,19.55143054428957,3068601.3087167125,0.2238499671497638,0.2238499671497638,1.0592837557298362,166254.81760895066,0.0,0.0,0.0,0.0,-1.5854545454545454,-1.325143665028461,-1.2635757560909733,56.0,South,0.4775861709068962,-0.1391983981967937,-0.07839046826411865,-1.7411619269978695,0.5513805852395617,1.1305826111758683,1.0841936795169518,-0.4999228455860077,3.860373024841091,9.06183853750066,6.644264705403614,0.8717418341311092,686388.360402918,30200.29070860204,244956.58363802897,56318.103778602905,2.277564372234564,-6.6606511396438695,-0.8580192248695514,-2.2780926729503492,-3.472222222222221,0.6993006993007089,1.5819584898532337,14.263589128697042,103.02703233086396,176.32481890964544,228.53731667852628,3.049645953724621,19797.0,20383.0,20388.0,828.0,baseline,municipio,-1.4348837320747199
2021.0,Ponce,139245.0,0.0,116592.0,227.0,65563.0,537.0,17747.0,19956.55025272057,715.0,270.96791666666667,99337.0,78.1,30655.0,1142.037215,29.2,29010.0,1949.0,325.0,2330.0,5.7,0.6,50.62,12.8,12323.0,22.07,18.8,22.88,22.21,13.9,99.63,0.0,12.19,0.22,3.2,18.07,3715.0,2.67,18.0111,-66.6141,19.0,44.0,80.0,326.0,654.0,17747.0,19956.55025272057,270.96791666666667,72.0,113.0,72113.0,12.8,1.2,31.8,1.0,36.5,1.1,2330.0,1253.0,53.8,228.0,472.0,201.0,508.0,93.0,35.0,1.0,2.0,0.3301335891925305,1.1775137728297216,0.0,0.0,0.0,96.01768843214668,2.0,35.0,4.46,4834.0,5494.0,37.0,42250.74923516522,50028.8393794812,2.1243805500565904,50.0,1.0,2.0,0.9617438165433756,1.2584891732427583,0.0,2.0,60.0,6.4,11867.0,12058.0,529069.5934339802,531319.3386509614,2.6320444595132386,-1.9411828072821269,-1.6543172436345066,-1.577163265645498,-12323.0,0.1223164194347234,-2.249341237426621,0.1942678310027604,1.9937875861281016,0.1942678310027604,1.9937875861281016,-2.249341237426621,0.0,13.645014183633164,31.598980214729437,57.45269129950806,45.2439943983626,57.45269129950806,102.69668569787066,3.9685842239739912,-34.67992069689508,-46.07271506277587,-51.06103593337468,133.40802217079175,-2.861725053876607,-2.9563803621305396,-1.7916028637328885,-1.4274393890314965,37076.256,1.969227925888295,-0.4000000000000021,1.1000000000000014,0.0,1.4808362369338024,-0.9063444108761364,1.0,1.0,1.0,1.0,4.777949917128569,597290.3903966814,1.0,1.0,0.0,1.0,1.9937875861281016,1.9937875861281016,0.0,0.0,9.526217231912732,1190870.1656865107,0.1942678310027604,0.1942678310027604,0.928201967040386,116034.30862115529,0.0,0.0,0.0,0.0,-1.9411828072821269,-1.6543172436345066,-1.577163265645498,57.0,South,-0.2457992691829558,-0.7524017600063049,-0.6980977494144689,-1.331363996462542,-1.9097623809999669,-1.5410401456914402,-1.549888625380647,-0.339578856426654,3.883484436379123,9.644708817705492,6.943651700244673,0.8944654807494459,554272.2782839381,27251.80792364893,199464.55955588585,43018.112112743314,-0.1149339253172176,-2.3757813780443837,-0.42140016276188685,-1.6766689384156708,-0.9063444108761364,2.1154693697664095,-0.13179500503021446,2.387180647809939,230.5417731669423,235.5377068771452,513.4071587920952,-97.13375099615055,135674.0,139671.0,139757.0,3571.0,baseline,municipio,-1.7083603838488646
2021.0,Quebradillas,23743.0,0.0,19939.0,127.0,10342.0,209.0,18947.0,21305.953549236303,2655.0,270.96791666666667,17284.0,74.5,5174.0,689.6876104,21.5,3712.0,179.0,146.0,214.0,5.2,1.9,45.43,5.28,10502.0,26.55,18.23,21.7,17.69,13.67,98.7,0.0,6.21,0.26,3.57,14.2,27.0,0.11,18.4738,-66.9385,1.0,3.0,20.0,46.0,105.0,18947.0,21305.953549236303,270.96791666666667,72.0,115.0,72115.0,5.3,3.5,35.6,3.8,37.5,3.8,214.0,128.0,59.8,20.0,61.0,12.0,30.0,19.0,35.0,0.0,2.0,0.0,0.8143088734632276,0.0,0.0,0.0,110.8699869265238,2.0,35.0,4.46,253.0,5609.0,58.0,3759.7666089693503,33841.4603393199,1.786757358799018,55.0,1.0,2.0,0.4983515889588749,1.5343640621610126,0.0,2.0,60.0,6.4,175.0,12196.0,2100.039944804145,232752.16871172725,2.072137913245342,-0.8549888388156512,-0.542684680047778,-0.4711262486333134,-10502.0,-0.3798733548267694,-1.562678118533887,0.1831590756576662,3.0042893465174028,0.1831590756576662,3.0042893465174028,-1.562678118533887,0.0,4.211767678894832,12.635303036684498,84.23535357789665,16.847070715579328,84.23535357789665,101.08242429347598,-8.947177167142826,15.450692557304237,8.865897127294502,-45.48170657854425,94.57890890331456,-1.5574082694993383,-1.6932933932434668,3.874180986999698,1.8544482973824012,7098.284000000001,3.5984196691930537,0.3000000000000042,0.2000000000000001,0.2999999999999971,0.9433962264151052,-2.304147465437789,1.0,1.0,1.0,1.0,4.417758847128147,307465.79116547253,1.0,1.0,0.0,1.0,3.0042893465174028,3.0042893465174028,0.0,0.0,13.272225839910096,923716.2008169736,0.1831590756576662,0.1831590756576662,0.8091526269184687,56315.150106220986,0.0,0.0,0.0,0.0,-0.8549888388156512,-0.542684680047778,-0.4711262486333134,58.0,North,0.3213940505725654,-0.1257098983351245,-0.07077104795494649,-0.7925202992058789,-1.1336452665092829,-0.7741735810764453,-0.7520465305632129,-0.42903285202460406,3.817237960043388,11.888185089930094,8.508174076133221,0.6005208870847594,283937.0904876058,60427.63293722231,124107.28803169238,23528.700677866756,-1.5087432798813083,3.1979071850288143,0.8782135316078336,5.382924266881006,-2.304147465437789,5.339805825242716,2.3586874667363236,3.2475436918528944,131.19471835456432,95.68979863538026,186.97464997921296,-36.61580945124976,23261.0,23629.0,23642.0,482.0,baseline,municipio,-0.7118223357831504
2021.0,Rincón,15097.0,0.0,12998.0,99.0,9329.0,198.0,24744.0,27824.69597415438,3401.0,270.96791666666667,11567.0,73.1,3005.0,411.8689112,22.9,2646.0,145.0,113.0,210.0,5.0,1.7,40.88,8.18,14491.0,28.49,15.68,26.81,27.46,11.15,93.5,0.0,12.77,0.39,4.45,12.48,25.0,0.17,18.3403,-67.25,0.0,0.0,23.0,25.0,79.0,24744.0,27824.69597415438,270.96791666666667,72.0,117.0,72117.0,8.2,2.8,40.0,3.2,43.5,3.2,210.0,135.0,64.3,57.0,45.0,26.0,13.0,14.0,40.0,1.0,2.0,0.387844563912203,1.1340120352046157,0.0,0.0,0.0,80.24233741206439,2.0,35.0,4.46,1382.0,5506.0,49.0,13244.869099991249,34234.90432814251,2.812077596629793,55.0,1.0,2.0,0.7321661185728874,1.8588929584431977,0.0,2.0,60.0,6.4,553.0,12124.0,8864.399174760405,226897.8437497595,9.011480973355468,0.4437967808173848,0.591086099297522,0.6166222700984436,-14491.0,-0.5935518283256148,-3.717789652805773,-0.1893505961808615,1.369943405861755,-0.1893505961808615,1.369943405861755,-3.717789652805773,0.0,0.0,0.0,152.34814863880243,0.0,152.34814863880243,152.34814863880243,-7.220737959419453,65.699293125769,-7.008061129937405,-105.43993219328416,93.86959347245288,-1.4726807057484304,-1.4927465134207063,17.339053161656516,2.6135937203253023,5199.200000000001,10.167200212231652,0.1000000000000014,1.1999999999999993,0.5,11.702127659574458,2.732240437158473,1.0,1.0,1.0,1.0,3.7641696723146794,297065.1917988182,1.0,1.0,0.0,1.0,1.369943405861755,1.369943405861755,0.0,0.0,5.1566994211322985,406962.50061584846,-0.1893505961808615,-0.1893505961808615,-0.712747771578703,-56249.471171688216,0.0,0.0,0.0,0.0,0.4437967808173848,0.591086099297522,0.6166222700984436,59.0,West,3.3230168084050327,2.5614161998453344,2.5941479109980348,-2.706394538306589,-3.2243941472149955,-2.7140392017703308,-2.819872707788093,-0.4933955055907773,3.0377784594606667,8.38885420488721,6.34807406352274,0.7263912128540126,272371.2560072717,52082.050212305,116325.84891734929,24693.93579154648,-0.0566679707125428,-9.441604029968063,1.9088668548518397,17.395721132369058,2.732240437158473,8.284023668639051,5.99276314075107,8.969887222415984,206.3175867956745,182.21318943163504,363.5733180843063,-112.44799332322161,13849.0,14056.0,14058.0,1248.0,baseline,municipio,0.22885815828041856
2021.0,Río Grande,47630.0,0.0,40526.0,188.0,22674.0,313.0,23679.0,26627.10054849667,1560.0,270.96791666666667,34734.0,77.8,10116.0,869.8781524,24.7,8581.0,126.0,97.0,368.0,8.7,1.6,37.63,21.24,12836.0,22.78,17.64,21.04,23.92,11.45,99.6,0.0,8.6,0.34,4.71,12.7,674.0,1.42,18.3794,-65.8311,,,,,,23679.0,26627.10054849667,270.96791666666667,72.0,119.0,72119.0,21.2,2.7,40.9,1.9,52.0,1.6,368.0,220.0,59.8,50.0,87.0,37.0,60.0,10.0,35.0,0.0,2.0,0.0,0.5872890282696139,0.0,0.0,0.0,123.35235387731198,2.0,35.0,4.8,38.0,306.0,28.0,1160.0216494050403,7260.066178894003,8.725808169174996,45.0,1.0,1.0,0.523887893594156,0.97179867910515,0.0,2.0,60.0,4.4,21.0,289.0,575.642873058346,4240.916140441501,-2.453510280986315,-1.6628175519630473,-1.216723941724962,-1.1174870971585649,-12836.0,-0.213491253945185,-2.575919640339253,0.0017497610572515,1.4461239486319784,0.0017497610572515,1.4461239486319784,-2.575919640339253,0.0,,,,0.0,0.0,0.0,0.0,0.0,0.0,0.0,0.0,-1.582246588595726,-1.853610286844709,-4.70740007796876,-0.7900978521730107,16575.134,-3.935678516377805,-0.8999999999999986,0.5999999999999979,-0.7000000000000028,11.515151515151524,1.2269938650306678,1.0,1.0,1.0,1.0,6.504931742258187,17397.54609943134,1.0,1.0,0.0,1.0,1.4461239486319784,1.4461239486319784,0.0,0.0,9.406937576695904,25159.008061816523,0.0017497610572515,0.0017497610572515,0.011382076242683,30.441548656524137,0.0,0.0,0.0,0.0,-1.6628175519630473,-1.216723941724962,-1.1174870971585649,60.0,East,-1.6307186577494637,-1.9003138751480408,-1.8316104886007025,0.5132315605908988,-2.2826000143485334,-1.8753782713233031,-1.899552844488869,-0.2933196259907196,6.087795901848792,16.384020882215903,11.303331210465727,0.41713584040939544,15805.88720898092,17803.964386668587,17930.519544401828,1591.6588904504206,3.4199044364139564,-1.0827979149642286,-0.12266958732669202,-8.127304514382717,1.2269938650306678,8.666666666666668,2.7514387564674174,10.288157650120857,0.0,0.0,0.0,0.0,48828.0,49613.0,49663.666666666664,-1198.0,baseline,municipio,-1.268077489782046
2021.0,Sabana Grande,22860.0,0.0,19278.0,127.0,10828.0,165.0,18857.0,21204.74830199762,1689.0,270.96791666666667,15604.0,75.3,5303.0,549.5061419,21.8,3406.0,110.0,86.0,181.0,7.3,1.7,44.77,18.47,10154.0,25.92,18.35,24.4,34.03,7.78,99.31,0.0,3.42,0.22,3.86,11.55,188.0,0.82,18.0777,-66.9605,2.0,1.0,4.0,10.0,38.0,18857.0,21204.74830199762,270.96791666666667,72.0,121.0,72121.0,18.5,4.5,31.5,2.7,38.8,2.7,181.0,118.0,65.2,21.0,40.0,16.0,39.0,6.0,35.0,1.0,2.0,0.3904312284926928,1.047962110374287,0.0,0.0,0.0,79.64446859213017,2.0,35.0,4.46,5339.0,5497.0,40.0,74001.60613974268,76419.09983667178,1.0927758633530464,55.0,1.0,2.0,0.7437185195579232,1.9211036737525296,0.0,2.0,60.0,6.4,11986.0,12067.0,575217.9730496662,576255.0586961209,3.2520325203251987,-0.9667541557305316,-0.7001765201362087,-0.6649542734212255,-10154.0,-0.2318092647860159,-2.2380971728612975,0.0592549874185914,2.540866174578131,0.0592549874185914,2.540866174578131,-2.2380971728612975,0.0,8.748906386701663,4.374453193350831,17.497812773403325,13.123359580052494,17.497812773403325,30.62117235345582,4.089935912482485,-0.569034561736693,4.600799554094832,-12.961521459186226,27.100271002710027,-1.8617021276595704,-2.142795176542034,-1.5084800216873862,1.2560287023524963,6072.57,-4.4967552075207635,-2.8999999999999986,0.1000000000000014,-3.4000000000000057,2.259887005649719,3.5087719298245723,1.0,1.0,1.0,1.0,4.776258429698451,671666.7249071647,1.0,1.0,0.0,1.0,2.540866174578131,2.540866174578131,0.0,0.0,12.135833485064454,1706615.2619062893,0.0592549874185914,0.0592549874185914,0.2830171331597231,39799.60333386057,0.0,0.0,0.0,0.0,-0.9667541557305316,-0.7001765201362087,-0.6649542734212255,61.0,West,0.6001251091448001,0.1165897837173135,0.14514117780261016,-1.2650793825660256,-1.597514683774525,-1.4563660463760164,-1.373788435491669,-0.6405824890867724,4.02065439551361,8.714416633573968,6.547431672363305,0.7556040341848416,603866.2432628261,33063.704063459496,219097.08189812597,67800.48164433858,4.2997487765392695,0.9768173522056056,3.260526184785436,-5.808228798226656,3.5087719298245723,1.7857142857142794,1.7648287385129506,-1.2488849241748534,35.46099290780142,73.73991498221567,143.69946964963015,-8.360721905091392,22140.0,22560.0,22584.666666666668,720.0,baseline,municipio,-0.8925543484142711
2021.0,Patillas,16231.0,0.0,13724.0,110.0,8355.0,233.0,17783.0,19997.03235161604,2131.0,270.96791666666667,12052.0,77.6,3575.0,515.9815888,19.6,2364.0,35.0,57.0,102.0,6.7,1.7,49.86,15.24,10695.0,23.95,17.47,24.02,12.08,9.63,100.0,0.0,2.06,0.55,6.9,17.65,0.0,0.0,18.0066,-66.0161,4.0,4.0,12.0,13.0,58.0,17783.0,19997.03235161604,270.96791666666667,72.0,109.0,72109.0,15.2,4.5,30.2,3.1,35.7,3.6,102.0,56.0,54.9,18.0,30.0,4.0,12.0,3.0,35.0,1.0,2.0,0.3929420506446309,0.9963863465173348,0.0,0.0,0.0,79.07165813020433,2.0,35.0,4.8,85.0,3516.0,16.0,1831.297585540868,14247.07453333343,7.8239888485080415,50.0,1.0,2.0,0.9731986056926204,1.7136723003394738,0.0,2.0,60.0,6.4,48.0,10602.0,867.2233099958346,153282.2047241215,-2.169851124103428,-1.8729591522395397,-1.4834946950019745,-1.3911229238068756,-10695.0,-0.2546065691395989,-0.9838187744930992,0.1111601159103898,3.2162263863086324,0.1111601159103898,3.2162263863086324,-0.9838187744930992,0.0,24.644199371572913,24.644199371572913,73.93259811471874,49.28839874314583,73.93259811471874,123.22099685786458,25.178941808663275,-28.532593856832108,0.4813631309501502,-33.396347398760454,126.5746489060334,-1.9965739263984927,-2.336448598130836,-0.8746270812561852,1.5394059351643432,4144.648,0.3768386626780584,0.3999999999999986,-3.6000000000000014,-1.0999999999999943,6.25,-1.0309278350515427,1.0,1.0,1.0,1.0,6.616415229855563,176308.27807715713,1.0,1.0,0.0,1.0,3.2162263863086324,3.2162263863086324,0.0,0.0,21.27988924503576,567047.3360763926,0.1111601159103898,0.1111601159103898,0.7354814838620128,19598.448627018024,0.0,0.0,0.0,0.0,-1.8729591522395397,-1.4834946950019745,-1.3911229238068756,55.0,South,-1.712813547305958,-2.0132037425780624,-1.9645800817071606,0.3216906234990824,-0.4851980679188952,0.0807086206673608,-0.013030624242405272,-0.498620706574204,6.02525198230034,18.883293808676985,13.295161005551853,0.5911632475552233,166619.59738092546,17050.71486403341,66704.22808776131,9688.680696231662,5.74079290080074,-0.2479480140515244,3.837889290220583,-6.615419982056925,-1.0309278350515427,3.1914893617021267,-1.5900438475521141,7.280927835051543,159.4896331738437,98.0731510326526,166.5190896611183,-32.91498426781031,16591.0,16929.0,16951.333333333332,-360.0,baseline,municipio,-1.515561366291243
2021.0,Salinas,26208.0,0.0,21891.0,110.0,13068.0,261.0,18563.0,20874.14449435127,1777.0,270.96791666666667,18459.0,76.8,7468.0,715.3048301,19.5,3593.0,146.0,148.0,187.0,8.5,1.9,50.5,4.87,10502.0,24.25,20.17,20.86,25.25,16.73,99.87,0.0,4.03,0.37,4.86,14.85,99.0,0.38,17.9775,-66.2974,7.0,9.0,13.0,24.0,88.0,18563.0,20874.14449435127,270.96791666666667,72.0,123.0,72123.0,4.9,2.1,36.4,3.2,38.3,3.1,187.0,101.0,54.0,33.0,55.0,12.0,31.0,3.0,35.0,1.0,2.0,0.3968941889114433,1.0488896595573844,0.0,0.0,0.0,78.18471264594238,2.0,35.0,4.8,333.0,5452.0,38.0,5185.191002709786,28446.48865819966,1.1325818039453637,50.0,1.0,2.0,0.7238411447875103,1.3540096506912038,0.0,2.0,60.0,6.4,1556.0,12044.0,52831.81172629229,247490.817890682,-5.174035747883354,-1.984126984126988,-1.5593960651779426,-1.457075896827098,-10502.0,-0.1140050808333879,-0.9884887166215888,0.5373466140404948,4.643800577640859,0.5373466140404948,4.643800577640859,-0.9884887166215888,1.0,26.70940170940171,34.34065934065934,49.6031746031746,61.05006105006105,49.6031746031746,110.65323565323564,35.72261333314955,17.039313252859813,-28.03624362749776,-116.85447441403112,57.89130906722629,-1.675619908214454,-1.8300562288268816,0.2217740273110058,0.6961285799247781,7968.324,-1.3880844820263527,0.7999999999999972,-0.8999999999999995,0.5,8.092485549132956,8.805031446540879,1.0,1.0,1.0,1.0,5.583168859529314,288640.5764171089,1.0,1.0,0.0,1.0,4.643800577640859,4.643800577640859,1.0,1.0,25.927122774948685,1340389.2754963608,0.5373466140404948,0.5373466140404948,3.000096882284408,155100.03641243014,0.0,0.0,0.0,0.0,-1.984126984126988,-1.5593960651779426,-1.457075896827098,62.0,South,-2.779331689801501,-2.9575768457829277,-2.8812217118853733,1.3222557929744028,-0.5241721090388591,-0.2049803485440701,-0.12353255733652753,-0.46431660758272963,4.963613781282149,14.231240996516428,10.081942075011426,0.6195550782471653,265170.22633306077,21964.14378749401,101140.00118280202,23470.350084048114,-3.925182298449747,5.791794010913076,1.112442679929371,4.146956325760753,8.805031446540879,-0.6249999999999978,2.72667714884696,-0.7125458974079226,202.7820271087552,216.53337058638633,436.17956511517997,-144.89071804152888,27638.0,28109.0,28126.666666666668,-1430.0,baseline,municipio,-1.5583439984674856
2021.0,San Juan,344791.0,0.0,294169.0,410.0,189079.0,981.0,24347.0,27378.268383557093,705.0,270.96791666666667,253731.0,83.6,55109.0,1770.790784,40.0,101422.0,6856.0,695.0,11651.0,9.6,0.5,39.71,16.58,20286.0,16.51,16.87,23.46,19.83,12.72,98.66,0.0,24.15,0.14,2.22,23.26,7577.0,2.2,18.4655,-66.1057,132.0,254.0,399.0,1862.0,3897.0,24347.0,27378.268383557093,270.96791666666667,72.0,127.0,72127.0,16.6,0.8,43.3,0.6,52.0,0.7,11651.0,6811.0,58.5,1115.0,1614.0,2410.0,1570.0,448.0,35.0,0.0,2.0,0.0,0.7483357649808013,0.0,0.0,0.0,129.59909065343885,2.0,35.0,4.8,49.0,2183.0,29.0,1812.853483450194,12897.093777601334,6.608153598404679,45.0,1.0,1.0,0.4598743078345008,0.7402515998611829,0.0,2.0,60.0,6.4,20.0,6049.0,571.6719195527246,98520.46521187056,5.455830042850196,-1.1276396425660806,-0.8929309453579282,-0.8414795487346582,-20286.0,-0.0670365128767507,-4.371896303720464,0.0917554175830319,-0.6860289601767392,0.0917554175830319,-0.6860289601767392,-4.371896303720464,0.0,38.284061938971725,73.66781615529408,115.72227813371,111.9518780942658,115.72227813371,227.6741562279758,-28.129417994162793,-25.582435387805347,-84.9774278435113,-33.97280922282988,281.3860096099439,-2.538245078517176,-2.6517239978410156,-1.6212756363092051,0.6382802442669828,127375.177,5.083488684807147,-0.4000000000000057,0.5,-0.2999999999999971,3.0332507958967136,1.3624955181068543,1.0,1.0,1.0,1.0,5.571526133076798,120366.40917440232,1.0,1.0,0.0,1.0,-0.6860289601767392,-0.6860289601767392,0.0,0.0,-3.822228279672205,-82574.84252612315,0.0917554175830319,0.0917554175830319,0.5112177069152369,11044.270136767376,0.0,0.0,0.0,0.0,-1.1276396425660806,-0.8929309453579282,-0.8414795487346582,64.0,Metro,1.1796765192760628,0.5371510946137636,0.5782397483823217,-2.021156068010721,-4.134643979662517,-3.7168379465710393,-3.7119191403458163,-0.23725232405794738,5.002896227720454,15.553671806610446,10.675767024235512,0.5686299053563442,114988.17584342306,23866.486580551675,53981.16462041025,5378.233330979259,2.8157026527632745,0.7204137163468793,1.08908594488006,-4.43697828907248,1.3624955181068543,3.420784277370914,1.4283902549818446,1.6707552777898593,400.3362466762851,540.6174007417167,1260.773950411737,-118.95023706634117,326953.0,335468.0,335675.6666666667,17838.0,baseline,municipio,-1.0624010555764796
2021.0,San Lorenzo,37822.0,0.0,32115.0,195.0,16056.0,280.0,19339.0,21746.758626098108,1465.0,270.96791666666667,27675.0,72.3,6983.0,703.651192,18.6,5142.0,123.0,111.0,288.0,6.9,1.4,45.47,8.79,10965.0,28.41,17.79,20.36,14.7,11.0,99.97,0.0,1.72,0.0,4.39,16.82,94.0,0.25,18.1894,-65.9611,7.0,11.0,18.0,45.0,150.0,19339.0,21746.758626098108,270.96791666666667,72.0,129.0,72129.0,8.8,2.8,35.5,2.2,39.0,2.2,288.0,168.0,58.3,33.0,87.0,16.0,44.0,24.0,35.0,1.0,2.0,0.3182258822171976,0.8656194747393621,0.0,0.0,0.0,99.98476854284144,2.0,35.0,4.8,85.0,2028.0,16.0,1852.3396614835017,10153.52388151744,7.933336373116954,45.0,1.0,1.0,0.6944305487562994,1.169242221302877,0.0,2.0,60.0,6.4,36.0,6396.0,697.9584502596304,108028.7127340155,3.378341442081667,-0.7138702342551984,-0.4066753722853478,-0.3457909548728599,-10965.0,-0.4175520881908394,-1.0083518842852284,-0.0110628232588935,2.6742908087078052,-0.0110628232588935,2.6742908087078052,-1.0083518842852284,0.0,18.507746814023584,29.083602136322774,47.59134895034636,47.59134895034636,47.59134895034636,95.18269790069272,9.32534556107177,14.791917473825286,-15.48443333302378,-45.13870177081156,71.06543486579565,-1.674326103899593,-1.7532278932220868,-4.696653182842425,-1.5907934795558851,11400.825,4.172758199995741,-0.1000000000000014,-0.0999999999999996,-0.1000000000000014,5.882352941176472,4.615384615384621,1.0,1.0,1.0,1.0,6.314532797510919,125239.07173841784,1.0,1.0,0.0,1.0,2.6742908087078052,2.6742908087078052,0.0,0.0,16.886897021667437,334925.69844114827,-0.0110628232588935,-0.0110628232588935,-0.0698565603013497,-1385.4977157500034,0.0,0.0,0.0,0.0,-0.7138702342551984,-0.4066753722853478,-0.3457909548728599,65.0,East,0.8393428760526067,0.3063339667197295,0.366923273557566,-1.1851338309254666,-0.8961336505985518,-0.6068519916554905,-0.64783321512247,-0.1122182336866766,5.817167905533463,18.385576764274965,12.769550110871572,0.4973648919774565,119748.27217408818,16702.93095648272,51286.3880762323,5490.79956432966,-1.211952536433647,1.136225280608416,-0.41277372933079187,-3.484700646408778,4.615384615384621,4.8387096774193505,2.3639631894648425,1.2669683257918507,131.688569969631,158.42420721886305,404.28522522892507,-60.62313510383535,36586.0,37209.0,37222.666666666664,1236.0,baseline,municipio,-0.6062059226528083
2021.0,San Sebastián,39351.0,0.0,33262.0,197.0,18290.0,250.0,16812.0,18905.1401841854,1346.0,270.96791666666667,28941.0,69.5,7618.0,734.4126905,20.8,6006.0,152.0,107.0,484.0,5.3,1.0,50.65,13.13,10537.0,31.22,17.97,24.49,24.84,10.08,96.94,0.0,2.64,0.32,3.01,11.17,208.0,0.53,18.3372,-66.9905,3.0,1.0,11.0,44.0,91.0,16812.0,18905.1401841854,270.96791666666667,72.0,131.0,72131.0,13.1,2.9,32.7,2.5,37.6,2.5,484.0,300.0,62.0,53.0,139.0,34.0,86.0,31.0,35.0,1.0,2.0,0.3308742982831052,0.8935544612395115,0.0,0.0,0.0,95.7803527853742,2.0,35.0,4.46,4844.0,5559.0,51.0,32478.4075731508,39716.152926856856,4.079922164238948,55.0,1.0,2.0,0.5993117529531558,1.6884851977906514,0.0,2.0,60.0,6.4,8330.0,12140.0,209040.21056114385,288373.98289636365,8.428854844042766,-0.4269268887702959,-0.2327936448964895,-0.2232794592736287,-10537.0,-0.3853584414878074,-1.710409939056048,0.2083194300989129,3.3870005691099525,0.2083194300989129,3.3870005691099525,-1.710409939056048,0.0,7.623694442326752,2.541231480775584,27.95354628853142,10.164925923102336,27.95354628853142,38.11847221163376,-3.6122150446040457,-27.1550175822941,5.695244415982243,-33.79229819814,68.88570483853191,-2.2306034482758585,-2.223158782004009,0.4095639594011269,1.7033924890546004,10876.674,19.00648652386483,2.6000000000000014,-2.4000000000000004,2.0,5.908096280087527,2.237136465324374,1.0,1.0,1.0,1.0,4.737136959865062,363516.96922450815,1.0,1.0,0.0,1.0,3.3870005691099525,3.3870005691099525,0.0,0.0,16.044685579014754,1231232.1816445342,0.2083194300989129,0.2083194300989129,0.9868376717795868,75727.64786013363,0.0,0.0,0.0,0.0,-0.4269268887702959,-0.2327936448964895,-0.2232794592736287,66.0,West,2.574678549669507,1.8192527758733368,1.8657382443654003,-2.7979580089431355,-1.2218257354471378,-0.5619319459174574,-0.5480449806333031,-0.4885842036089103,4.079975730286343,10.406061650772148,7.579000576998581,0.657161229578719,333473.1540272349,53558.32856179553,137504.70376333638,30043.815197273274,3.040066399300634,1.6605471084620405,1.9973133048237184,-2.630502439899507,2.237136465324374,1.3605442176870763,2.7827581690798247,3.670959814763153,96.98275862068968,142.24001685807607,222.5858486049739,-28.097053782157772,36292.0,37120.0,37125.333333333336,3059.0,baseline,municipio,-0.5227741120484619
2021.0,Santa Isabel,20530.0,0.0,17110.0,81.0,9135.0,207.0,20784.0,23371.665095652468,1664.0,270.96791666666667,14294.0,83.9,5515.0,606.3604539,26.8,3824.0,152.0,77.0,182.0,7.8,2.2,46.31,8.39,12308.0,17.56,20.38,17.59,28.46,16.55,100.0,0.0,1.97,0.42,4.06,12.08,5.0,0.02,17.9666,-66.405,9.0,5.0,3.0,31.0,79.0,20784.0,23371.665095652468,270.96791666666667,72.0,133.0,72133.0,8.4,2.6,44.5,2.8,48.9,2.7,182.0,82.0,45.1,37.0,49.0,10.0,24.0,11.0,35.0,1.0,2.0,0.385196455664442,1.0583723218268322,0.0,0.0,0.0,80.86272598128399,2.0,35.0,4.46,2023.0,5476.0,36.0,14966.33425643054,32295.562074948713,2.235287500909959,50.0,1.0,2.0,0.6326888527792415,1.3092726272104762,0.0,2.0,60.0,6.4,7025.0,12043.0,235314.8097459068,305468.99125769234,-4.39601378411102,-1.5733073550901144,-1.141438914710724,-1.0285656060234238,-12308.0,-0.3444911301203416,-1.474019719269403,0.3644522225324417,3.7553012438114486,0.3644522225324417,3.7553012438114486,-1.474019719269403,1.0,43.83828543594739,24.354603019970774,14.612761811982466,68.19288845591817,14.612761811982466,82.80565026790063,12.311357301964549,-22.64159229065328,5.323090192423997,-4.111643047706671,93.13588525658936,-1.3007307992829895,-1.4003444212816074,-0.725185952211449,3.0984406847287467,7613.95,-6.300225205823362,-1.5,1.9000000000000004,-0.3999999999999986,7.058823529411762,0.0,1.0,1.0,1.0,1.0,5.335779991270382,350550.6320658756,1.0,1.0,0.0,1.0,3.7553012438114486,3.7553012438114486,1.0,1.0,20.037461237921907,1316423.224615872,0.3644522225324417,0.3644522225324417,1.944636876762623,127758.95696656058,0.0,0.0,0.0,0.0,-1.5733073550901144,-1.141438914710724,-1.0285656060234238,67.0,South,-2.238424906444436,-2.433451158984501,-2.3494033979294247,1.2098593004210123,-1.0444761842309658,-0.904686890978317,-0.7693804326829182,-0.4295435350384371,4.717243373383254,12.97899365154132,9.235698544744272,0.6185366178871279,323778.36515553517,22425.466149580687,120768.13139703288,26772.266910340404,-0.3756827304746135,10.396190736872304,4.141002235896605,-0.3495032217368355,0.0,6.25,1.8762939958592126,7.058823529411762,91.92443811187204,122.36019215082028,371.02034950172805,1.2114471447173258,21474.0,21757.0,21765.666666666668,-944.0,baseline,municipio,-1.1774319177421515
2021.0,Toa Alta,67602.0,0.0,56644.0,195.0,26328.0,277.0,28098.0,31596.27818791585,2014.0,270.96791666666667,47853.0,83.4,12588.0,1046.83332,26.9,12886.0,430.0,232.0,386.0,6.5,1.0,32.39,10.1,15038.0,16.99,19.07,15.33,14.17,13.29,99.16,0.0,2.83,0.45,3.11,6.95,332.0,0.49,18.3883,-66.2485,7.0,9.0,33.0,97.0,197.0,28098.0,31596.27818791585,270.96791666666667,72.0,135.0,72135.0,10.1,1.8,45.3,1.8,50.5,1.9,386.0,231.0,59.8,35.0,96.0,36.0,44.0,38.0,35.0,0.0,2.0,0.0,0.7945402099718818,0.0,0.0,0.0,122.02991840931276,2.0,35.0,4.2,68.0,5013.0,32.0,2383.925403343558,20600.13517412088,4.0533602222130005,45.0,1.0,1.0,0.4739704065067507,0.788131193143918,0.0,2.0,60.0,6.4,32.0,11913.0,743.1543345630399,178857.39725517924,-6.691511387163562,-1.3357592970622223,-0.7915711362055933,-0.6361697364268393,-15038.0,-0.8310126339977264,-2.7272669829100544,-0.2715304876051966,1.510806646345063,-0.2715304876051966,1.510806646345063,-2.7272669829100544,0.0,10.354723233040444,13.313215585337714,48.81512381290494,23.66793881837816,48.81512381290494,72.4830626312831,1.5837428211386817,3.2664695685985237,-25.950498776585732,-31.30685739381391,67.6328502415459,-0.5681818181818232,-0.7370070158708497,-2.837798858316476,-3.3641795191893844,25659.731999999996,-6.30566536780961,-0.1000000000000014,-0.200000000000001,-0.2000000000000028,3.208556149732611,9.6774193548387,1.0,1.0,1.0,1.0,5.308757600281977,210601.4581403478,1.0,1.0,0.0,1.0,1.510806646345063,1.510806646345063,0.0,0.0,8.020506266340877,318178.082688399,-0.2715304876051966,-0.2715304876051966,-1.4414895397823586,-57184.71661921403,0.0,0.0,0.0,0.0,-1.3357592970622223,-0.7915711362055933,-0.6361697364268393,68.0,Metro,-2.798544925689783,-2.903828820371235,-2.8033954801763037,2.162375189262944,-2.5867098865575406,-2.3447380110997047,-2.311887497469557,-0.1405570963525138,4.709451825392184,15.162030249606335,10.435808709146226,0.5993057748897925,197570.59586472588,26758.131274953907,82805.28506465179,13030.862275621912,-5.375089343343708,-1.8796503559079691,-4.099076353941689,2.537290485027232,9.6774193548387,12.171052631578938,7.840237596364408,-6.468863205106088,124.89020641194554,168.92582249165588,329.39206877874045,-57.257356170399646,72450.0,72864.0,72906.33333333333,-4848.0,baseline,municipio,-0.8116153229833631
2021.0,Toa Baja,76248.0,0.0,64421.0,214.0,34889.0,335.0,26587.0,29897.154537053124,1297.0,270.96791666666667,55064.0,81.9,14398.0,827.8629114,27.6,15221.0,438.0,121.0,777.0,7.2,0.9,35.64,13.41,14621.0,18.53,18.11,20.38,23.63,12.06,99.19,0.0,5.1,0.58,4.06,8.6,428.0,0.56,18.4438,-66.2591,9.0,35.0,60.0,253.0,526.0,26587.0,29897.154537053124,270.96791666666667,72.0,137.0,72137.0,13.4,1.6,44.4,1.5,51.5,1.4,777.0,422.0,54.3,87.0,150.0,52.0,88.0,56.0,35.0,0.0,2.0,0.0,0.7702535404751061,0.0,0.0,0.0,128.29438441783714,2.0,35.0,4.2,50.0,4885.0,34.0,2156.626045727432,20105.689129582806,2.1232094906196353,45.0,1.0,1.0,0.4455356555183339,0.7561991602952567,0.0,2.0,60.0,6.4,28.0,11765.0,687.2584219223395,171194.12667893124,0.3157562361856714,-1.8282446752701744,-1.4938193211314954,-1.4230324857064658,-14621.0,-0.5544358634526959,-3.1360583434574147,-0.2499420243803554,1.060909789943557,-0.2499420243803554,1.060909789943557,-3.1360583434574147,0.0,11.803588290840416,45.90284335326828,78.69058860560277,57.7064316441087,78.69058860560277,136.39702024971146,-0.1822116565964862,-34.455396027593736,-68.05917831605359,-37.220292194974675,171.03462793390167,-2.315897699524483,-2.4032310664024337,1.2298558556615102,-0.3449814180322826,28602.924,5.143583515171479,1.6000000000000014,-1.0,1.2999999999999972,4.1554959785522705,-0.1338688085676054,1.0,1.0,1.0,1.0,5.242626152912608,202441.5456492089,1.0,1.0,0.0,1.0,1.060909789943557,1.060909789943557,0.0,0.0,5.561953410639112,214772.2176705512,-0.2499420243803554,-0.2499420243803554,-1.310352593728372,-50598.649738251406,0.0,0.0,0.0,0.0,-1.8282446752701744,-1.4938193211314954,-1.4230324857064658,69.0,Metro,-0.8942838083355609,-1.2827157657801846,-1.2176066691193643,-0.5287486773709049,-2.5904207162035555,-2.1590977166118517,-2.1670331765047623,-0.5456376272538592,4.66265123823894,15.195554704008218,10.445862398037711,0.5799749146736684,190330.08363669468,27521.64122702068,80927.08907828416,12111.46201251424,-1.296442774273554,-0.968357335484804,-1.1302976880236255,2.5262986299350643,-0.1338688085676054,3.0344827586206824,0.20316960958642513,4.289364787119876,276.31409844493,298.52243935479015,791.4941563538491,-105.27947051102831,76008.0,77810.0,77848.0,240.0,baseline,municipio,-1.55776535669942
2021.0,San Germán,32031.0,0.0,27243.0,144.0,15712.0,217.0,16492.0,18545.299305114535,1707.0,270.96791666666667,23079.0,71.0,7842.0,661.3017466,21.9,5064.0,293.0,129.0,336.0,4.6,1.2,49.95,7.34,10625.0,29.89,17.63,25.83,11.45,8.5,99.02,0.0,4.67,0.05,4.32,17.12,559.0,1.75,18.0816,-67.04,3.0,4.0,9.0,18.0,68.0,16492.0,18545.299305114535,270.96791666666667,72.0,125.0,72125.0,7.3,2.4,26.7,2.8,28.8,2.9,336.0,201.0,59.8,35.0,75.0,23.0,110.0,7.0,35.0,1.0,2.0,0.4222806472254481,1.069801627588422,1.0,0.0,0.0,72.8832678692806,2.0,35.0,4.46,5320.0,5487.0,40.0,68499.77306797661,71011.44931717182,0.1209646598526214,55.0,1.0,2.0,0.8475142607956232,2.029927486351018,0.0,2.0,60.0,6.4,11902.0,12065.0,476194.7837544848,478189.0798532879,3.9596248093213497,-1.0958134307389678,-0.8103137307310715,-0.7612991480766773,-10625.0,-0.2488910912564031,-1.7239033591935564,-0.0164727452732629,1.74540349783618,-0.0164727452732629,1.74540349783618,-1.7239033591935564,0.0,9.365926758452748,12.487902344603668,28.097780275358247,21.853829103056412,28.097780275358247,49.95160937841466,2.380264467049791,-4.358160784652789,-9.150568688845487,-27.97278484801009,51.92950569601766,-2.0068697919979672,-2.092545307342597,-4.867981171753111,-0.6616686591176202,7273.881,-0.5811056999777464,-1.400000000000002,-0.2000000000000001,-1.599999999999998,1.5105740181268867,1.5337423312883347,1.0,1.0,1.0,1.0,4.515640003941876,566764.8122590071,1.0,1.0,0.0,1.0,1.74540349783618,1.74540349783618,0.0,0.0,7.881613857849131,989233.2857673368,-0.0164727452732629,-0.0164727452732629,-0.0743849875306905,-9336.172382191313,0.0,0.0,0.0,0.0,-1.0958134307389678,-0.8103137307310715,-0.7612991480766773,63.0,West,0.754838733925367,0.2516824624544167,0.30676515001742216,-1.5161378820020444,-1.4804167413488227,-1.2833289884618984,-1.2065396144593186,-0.2434866178447337,3.739132688754056,8.185114204118438,6.231150068996165,0.7765073151878195,504459.08207394625,31903.47694685108,185818.6855103531,62305.73018506088,-0.7881310901789784,3.6711062845792286,1.4290301063555961,-4.079850081574133,1.5337423312883347,0.9287925696594534,0.11377425991188798,-0.023168313161447962,89.05285923287323,84.07548109858628,125.51566268428901,-37.123353536855575,30811.0,31442.0,31455.666666666668,1220.0,baseline,municipio,-0.9826501791421447
2021.0,Orocovis,21510.0,0.0,17835.0,72.0,8971.0,144.0,15637.0,17583.849456347078,1796.0,270.96791666666667,15163.0,70.2,4706.0,428.9242357,17.8,2705.0,34.0,43.0,196.0,4.5,1.7,55.84,24.26,8911.0,31.0,20.01,18.86,22.1,14.75,99.45,0.0,0.28,0.0,6.88,16.3,169.0,0.79,18.2269,-66.4411,2.0,1.0,15.0,19.0,67.0,15637.0,17583.849456347078,270.96791666666667,72.0,107.0,72107.0,24.3,4.1,27.4,2.8,36.2,3.1,196.0,122.0,62.2,27.0,51.0,10.0,26.0,28.0,35.0,0.0,2.0,0.0,0.8891110892139831,0.0,0.0,0.0,109.21244847836456,2.0,35.0,4.46,835.0,5535.0,42.0,7536.369967520485,30512.60911263736,4.387353296607884,50.0,1.0,2.0,0.4896372052765048,1.124654581277323,0.0,2.0,60.0,6.4,2955.0,12076.0,129180.46714698046,264441.57756236475,4.376940993788825,-0.6136680613668011,-0.3702810773407394,-0.3124583162969485,-8911.0,0.0575343781956919,0.6836977272160674,0.5442106942680207,5.091653827771492,0.5442106942680207,5.091653827771492,0.6836977272160674,1.0,9.298000929800091,4.6490004649000465,69.73500697350069,13.94700139470014,69.73500697350069,83.68200836820083,4.242032450600762,-41.87213588364216,-14.124980536407726,-21.840574233696927,121.31211180124222,-1.7824802211419355,-1.9853319007801185,-5.485404459927579,3.080165234170784,4886.789999999999,3.52403589495891,-0.4000000000000021,-1.1999999999999993,-1.0999999999999943,2.617801047120416,9.770114942528728,1.0,1.0,1.0,1.0,4.8281270644629215,306813.5754098132,1.0,1.0,0.0,1.0,5.091653827771492,5.091653827771492,1.0,1.0,24.583151648739772,1562188.5156476328,0.5442106942680207,0.5442106942680207,2.6275183817655874,166971.22888462816,0.0,0.0,0.0,0.0,-0.6136680613668011,-0.3702810773407394,-0.3124583162969485,54.0,Central Mountains,1.187637976468814,0.6251938472239704,0.6576529849912899,-1.5000962927657626,1.0069689016691448,1.4047862361444274,1.4419358396881448,-0.3232711744530774,4.167118239124357,12.711863302735315,8.925494483541126,0.6610088253385644,283494.83482465096,25179.48374682406,109865.49673604064,23318.740585162246,3.380513295708365,11.345386866731566,1.8912021938724468,-8.865917755635945,9.770114942528728,4.819277108433728,6.999882820406288,-7.152313895408312,157.27766657134688,210.2116130237773,270.0967795552328,-35.96555477010466,20608.0,20982.0,20999.0,902.0,baseline,municipio,-0.5815102527383562
2021.0,Naranjito,29200.0,0.0,24691.0,76.0,10391.0,288.0,19156.0,21540.974623379458,2194.0,270.96791666666667,20993.0,71.3,5075.0,808.1986142,17.9,3766.0,52.0,76.0,330.0,6.1,2.3,45.41,16.94,10818.0,29.57,18.83,21.14,28.34,10.8,100.0,0.0,0.37,0.0,5.34,16.96,76.0,0.26,18.3008,-66.2447,8.0,8.0,13.0,65.0,141.0,19156.0,21540.974623379458,270.96791666666667,72.0,105.0,72105.0,16.9,5.4,31.0,3.8,37.5,3.2,330.0,198.0,60.0,29.0,85.0,15.0,41.0,58.0,35.0,0.0,2.0,0.0,0.8370990488449861,0.0,0.0,0.0,112.33336996188623,2.0,35.0,4.8,84.0,5379.0,39.0,2302.137124985856,23918.739985009008,5.9856023875415065,45.0,1.0,1.0,0.522623581602863,0.8440872169199676,0.0,2.0,60.0,6.4,50.0,12043.0,989.704361057229,192171.533901126,5.342905588224678,-0.1609589041095871,0.0787361263996588,0.1254134252311356,-10818.0,-0.2040875296910536,-0.8362959175264509,-0.0591429398049796,3.1443096321257555,-0.0591429398049796,3.1443096321257555,-0.8362959175264509,0.0,27.3972602739726,27.3972602739726,44.52054794520548,54.7945205479452,44.52054794520548,99.31506849315068,-6.535253253418482,-38.45502837428656,-6.257021873081399,-23.740416850684397,144.3053501208557,-1.3979795105293125,-1.558286934902131,-2.5469495499788164,-2.7985774585797247,7654.21,6.046596044767227,-0.3000000000000007,-1.3000000000000007,-0.7999999999999972,7.14285714285714,2.3255813953488413,1.0,1.0,1.0,1.0,5.206003279305492,226745.31874093143,1.0,1.0,0.0,1.0,3.1443096321257555,3.1443096321257555,0.0,0.0,16.369286255998528,712957.4897565354,-0.0591429398049796,-0.0591429398049796,-0.3078983385724915,-13410.384737355842,0.0,0.0,0.0,0.0,-0.1609589041095871,0.0787361263996588,0.1254134252311356,53.0,Central Mountains,1.8035616767995144,1.2194180748936967,1.2559872270218857,-1.6781482515683788,-0.5511383931125727,-0.1440206510450083,-0.2426689923419132,-0.2851575244138782,4.57315352955552,17.322625625130513,11.89786258875867,0.6328497497499717,209892.53437901437,24427.75170562757,85451.7143645771,16852.78436191706,-1.7866079690539771,-4.062174856706379,-0.4687544050951655,-0.7603415809248393,2.3255813953488413,3.436426116838498,2.385245245061289,4.817275747508298,174.30278884462152,203.10256679623208,444.1126764841135,-29.99743872376581,27719.0,28112.0,28129.333333333332,1481.0,baseline,municipio,-0.19329498337901518
2021.0,Naguabo,23722.0,0.0,19509.0,173.0,11270.0,247.0,18412.0,20704.344579539706,1735.0,270.96791666666667,16546.0,76.8,6317.0,788.6000254,22.1,3652.0,65.0,72.0,159.0,8.0,2.1,50.4,15.04,9609.0,24.25,20.68,19.37,7.42,14.78,99.34,0.0,5.93,0.0,6.46,10.8,48.0,0.2,18.2119,-65.735,3.0,11.0,12.0,25.0,87.0,18412.0,20704.344579539706,270.96791666666667,72.0,103.0,72103.0,15.0,5.6,32.0,3.6,37.6,3.3,159.0,101.0,63.5,26.0,39.0,7.0,20.0,23.0,35.0,0.0,2.0,0.0,0.6500941615427556,0.0,0.0,0.0,108.515821749422,2.0,35.0,4.8,63.0,234.0,20.0,2777.896814921613,6254.394973257996,14.070346725363796,45.0,1.0,1.0,0.6471427128383721,1.1098194629352058,0.0,2.0,60.0,4.3,37.0,222.0,1028.9008536767565,3249.4154954360192,-8.518761328140068,-1.610319534609228,-1.0957086455473997,-0.947601603901127,-9609.0,-0.290380610760481,-0.3808497234356479,0.1319662327619611,2.9751776197907995,0.1319662327619611,2.9751776197907995,-0.3808497234356479,0.0,12.646488491695472,46.3704578028834,50.58595396678189,59.01694629457887,50.58595396678189,109.60290026136076,24.30945333248717,8.165684790892023,11.69694646161232,-18.94118815872183,77.12776213798156,-0.552253116011503,-0.727175816645087,-8.505044001730045,-4.064981929821087,6242.88,-7.074846599101758,0.3000000000000007,-2.1999999999999993,-0.6999999999999957,3.9215686274509887,11.678832116788328,1.0,1.0,1.0,1.0,7.134253148901733,14794.391215825097,1.0,1.0,0.0,1.0,2.9751776197907995,2.9751776197907995,0.0,0.0,21.225670302534475,44015.94164375243,0.1319662327619611,0.1319662327619611,0.94148051163072,1952.3600747590872,0.0,0.0,0.0,0.0,-1.610319534609228,-1.0957086455473997,-0.947601603901127,52.0,East,-3.634679713393985,-3.626230755973836,-3.5332166806309764,2.687078109492858,-0.0822543450659296,0.1890335570333697,0.1720226916206945,-0.2985953783697183,6.8383328228411004,17.33817135446056,12.046778669112816,0.29592032606063245,12905.446935718188,14190.787387958964,14659.629273299854,1888.944280106909,-2.294586940666532,-1.3953148470666863,-1.3719932506072876,-6.210457061063513,11.678832116788328,7.03125,4.508298977201049,-7.75726348933734,84.37200383509108,277.92583568110865,341.4500672798006,-7.244241697109516,25931.0,26075.0,26090.666666666668,-2209.0,baseline,municipio,-1.0813150822423496
2021.0,Isabela,42985.0,0.0,36597.0,189.0,20069.0,335.0,17123.0,19254.86053853239,1374.0,270.96791666666667,31652.0,73.9,9249.0,893.174675,24.6,7796.0,163.0,117.0,481.0,5.9,1.4,50.52,8.78,10745.0,26.53,17.37,20.95,22.68,11.01,99.3,0.0,3.55,0.4,1.93,12.87,334.0,0.78,18.5011,-67.0247,4.0,5.0,17.0,67.0,146.0,17123.0,19254.86053853239,270.96791666666667,72.0,71.0,72071.0,8.8,2.6,32.3,2.5,35.4,2.3,481.0,304.0,63.2,78.0,120.0,48.0,82.0,24.0,35.0,0.0,2.0,0.0,0.8104388126144908,0.0,0.0,0.0,107.8520611201437,2.0,35.0,4.46,167.0,5601.0,60.0,3985.102264259785,32753.73527873627,6.814595939309505,55.0,1.0,2.0,0.5130454004194643,1.3116258507245782,0.0,2.0,60.0,6.4,82.0,12205.0,1534.7335086927972,217022.19487505648,4.627105442508039,-0.3908340118646047,-0.1245395721606201,-0.0737234474897485,-10745.0,-0.3527882209423433,-1.7529672066397128,0.0168554530584843,2.70669111207859,0.0168554530584843,2.70669111207859,-1.7529672066397128,0.0,9.305571711062,11.6319646388275,39.54867977201349,20.9375363498895,39.54867977201349,60.48621612190299,18.50349876834924,-31.038410092654026,-23.94043193197066,-128.42027101000582,73.02112744620777,-1.4937540460833951,-1.6808109382366765,-3.756129858959056,-1.7571704955218537,11820.830999999998,5.681709069588914,0.0999999999999943,-2.0,-0.8000000000000043,6.181015452538641,3.1890660592255093,1.0,1.0,1.0,1.0,3.7868911815509008,293708.2427101162,1.0,1.0,0.0,1.0,2.70669111207859,2.70669111207859,0.0,0.0,10.249944703512616,794977.4900876929,0.0168554530584843,0.0168554530584843,0.0638297665482195,4950.5854978902935,0.0,0.0,0.0,0.0,-0.3908340118646047,-0.1245395721606201,-0.0737234474897485,36.0,West,1.4348675525043486,0.87938539241732,0.9187564169396071,-1.5085909999940972,-1.2538795141686765,-0.7361238454855031,-0.8315427239460087,-0.49908769247103635,3.1872969687530404,12.14139005844216,8.601750189141844,0.5995942127978604,271253.175219324,63392.939590765105,120868.09967133294,22455.067490792193,1.485404320420014,-3.0007859480265187,-0.4719794604799765,-5.2415341793790695,3.1890660592255093,4.275534441805218,1.489736265320533,2.9919493933131314,225.38183038818423,280.52805280528054,322.55145126780974,-152.36070294197646,41084.0,41707.0,41737.0,1901.0,baseline,municipio,-0.36842149164571825
2021.0,Jayuya,14877.0,0.0,12182.0,107.0,6177.0,171.0,16780.0,18869.15609627831,2300.0,270.96791666666667,10377.0,79.5,3787.0,457.770685,20.9,2167.0,35.0,54.0,106.0,5.6,1.8,56.93,18.78,7859.0,21.92,20.76,18.87,24.56,16.45,98.77,0.0,2.44,0.52,4.28,15.79,37.0,0.25,18.2186,-66.5916,1.0,1.0,6.0,24.0,48.0,16780.0,18869.15609627831,270.96791666666667,72.0,73.0,72073.0,18.8,6.4,28.6,4.1,35.2,4.3,106.0,61.0,57.5,20.0,35.0,7.0,12.0,8.0,35.0,0.0,2.0,0.0,0.9003474110092287,0.0,0.0,0.0,114.6443996270144,2.0,35.0,4.46,3677.0,5534.0,43.0,23517.890956634543,37406.292392069125,11.074220803817996,50.0,1.0,2.0,0.8752238011528256,1.137317713054756,0.0,2.0,60.0,6.4,9852.0,12086.0,297610.40059209766,333700.4948828338,4.480651731160901,-1.0149895812327725,-0.7556953314618253,-0.7017379191085582,-7859.0,-0.0068007166430071,0.1719622146130784,0.4053724383755785,4.243251528687399,0.4053724383755785,4.243251528687399,0.1719622146130784,1.0,6.7217853061773205,6.7217853061773205,40.33071183706392,13.44357061235464,40.33071183706392,53.77428244941856,-0.6023595793723064,-22.875974025707336,-20.344330486448996,-46.842148307391746,77.2526160544982,-2.063415640690558,-2.4620958003488513,0.168344332876269,0.3991332545895787,3484.0520000000006,4.949891994195932,-0.0999999999999978,4.300000000000001,1.6000000000000014,10.416666666666677,3.2258064516129004,1.0,1.0,1.0,1.0,4.269961222452065,384710.0758022709,1.0,1.0,0.0,1.0,4.243251528687399,4.243251528687399,1.0,1.0,18.11851948460564,1632421.617249431,0.4053724383755785,0.4053724383755785,1.73092459251456,155950.86149562022,0.0,0.0,0.0,0.0,-1.0149895812327725,-0.7556953314618253,-0.7017379191085582,37.0,Central Mountains,0.9599251362559124,0.4269068286005151,0.4406463399871681,-1.6616630553644707,0.5244596970351711,0.8050120275449154,0.8166993538683397,-0.3524974824220928,3.610088111253285,10.91114233810448,7.733358896358054,0.6598731111987801,355240.86144465464,27871.21650976183,134640.13437082502,29469.214357616263,6.732668726572033,-5.703613295679566,-0.848644323628335,-6.564324393695764,3.2258064516129004,4.494382022471921,2.203025787657905,7.190860215053776,144.43909484833895,221.387360794311,333.3125730963722,-67.18647879384075,14239.0,14539.0,14561.333333333334,638.0,baseline,municipio,-0.9317981675140166
2021.0,Juncos,37290.0,0.0,30775.0,195.0,15791.0,290.0,22283.0,25057.294713550036,2211.0,270.96791666666667,26251.0,75.9,7087.0,871.6220511,21.4,5618.0,82.0,79.0,263.0,9.9,2.1,39.96,16.37,12112.0,24.65,19.85,17.09,23.21,17.99,99.77,0.0,5.12,0.72,3.13,9.74,211.0,0.57,18.2275,-65.9211,4.0,13.0,16.0,45.0,122.0,22283.0,25057.294713550036,270.96791666666667,72.0,77.0,72077.0,16.4,3.2,40.9,2.5,48.9,2.5,263.0,146.0,55.5,24.0,51.0,16.0,64.0,28.0,35.0,0.0,2.0,0.0,0.8383363063358982,0.0,0.0,0.0,104.85873378129554,2.0,35.0,4.8,77.0,923.0,18.0,1731.403723920222,8261.292749701695,9.443746881537056,45.0,1.0,1.0,0.6550431074284894,1.1235762819941957,0.0,2.0,60.0,6.4,33.0,3331.0,723.3395297662108,69781.00517652484,-3.0698448181747273,-0.9707696433360112,-0.5310426407098889,-0.4137953605785172,-12112.0,-0.2149199922587825,-1.3987320880898173,-0.0567043982487405,2.292540268412494,-0.0567043982487405,2.292540268412494,-1.3987320880898173,0.0,10.726736390453205,34.86189326897291,42.90694556181282,45.58862965942612,42.90694556181282,88.49557522123894,1.3995001852767572,-11.679626141548155,-17.698441438692306,-9.879647997515775,98.77570117751034,-0.7968024755028336,-0.8893886730729883,4.604216503096903,2.877324060441011,12586.975,-0.0749260920549499,1.1999999999999955,-3.400000000000002,-0.6000000000000014,2.734375,5.785123966942152,1.0,1.0,1.0,1.0,6.2162406541461435,83619.52726164898,1.0,1.0,0.0,1.0,2.292540268412494,2.292540268412494,0.0,0.0,14.250982017772856,191701.1334729466,-0.0567043982487405,-0.0567043982487405,-0.3524881856627146,-4741.594975215964,0.0,0.0,0.0,0.0,-0.9707696433360112,-0.5310426407098889,-0.4137953605785172,39.0,East,-1.3846138163101984,-1.617921374778042,-1.5311714094758548,0.9708184557316812,-0.6229541308846461,-0.0762089817558076,-0.07480154533404293,-0.7757779572051712,5.737857254926798,17.678761046473618,12.280350427352664,0.4783833992193456,80063.42657574566,15319.40378272004,37650.24163628459,3556.1006859033223,2.515594844513136,1.5121608337129944,1.3144581725482236,2.088621658583767,5.785123966942152,3.418803418803429,1.7018555766692904,-3.0507489669421517,126.35379061371842,184.01144960130853,395.61707886272944,-27.578089436208074,38471.0,38780.0,38793.0,-1181.0,baseline,municipio,-0.6322028259153654
2021.0,Lajas,23407.0,0.0,19984.0,162.0,12039.0,189.0,15593.0,17534.371335474832,1764.0,270.96791666666667,16972.0,67.1,4795.0,659.8825653,16.5,2799.0,120.0,98.0,178.0,5.3,1.7,59.77,21.53,8538.0,33.83,16.85,25.56,24.01,7.6,98.71,0.0,3.41,2.38,3.66,15.51,41.0,0.18,18.0497,-67.0594,0.0,3.0,15.0,16.0,44.0,15593.0,17534.371335474832,270.96791666666667,72.0,79.0,72079.0,21.5,4.8,30.4,3.8,38.8,4.1,178.0,103.0,57.9,30.0,46.0,10.0,25.0,14.0,35.0,1.0,2.0,0.4420644648129886,1.099801273553557,1.0,0.0,0.0,69.17397299691672,2.0,35.0,4.46,5318.0,5481.0,40.0,75303.20844351078,77661.10331704785,0.2687459393754776,55.0,1.0,2.0,0.9057177463746412,2.100849759004308,0.0,2.0,60.0,6.4,11892.0,12058.0,488531.55923920975,490493.4193338301,4.537537403421021,-0.8758063827060236,-0.5870179475769399,-0.532587514885452,-8538.0,0.1520457987161066,-0.6551794146228569,0.1765882829157794,2.633240726328969,0.1765882829157794,2.633240726328969,-0.6551794146228569,0.0,0.0,12.816678771307728,64.08339385653863,12.816678771307728,64.08339385653863,76.90007262784636,-0.5815615931244089,23.88867276324222,13.398240364432136,-21.114672381632424,53.59296145772855,-1.944383621633461,-2.0587604546429383,3.1650294964949977,1.6840828201781233,6075.1359999999995,9.242637300985043,1.1999999999999993,2.0,2.5999999999999943,1.7142857142857126,0.5747126436781658,1.0,1.0,1.0,1.0,4.412706261806973,585305.4874849718,1.0,1.0,0.0,1.0,2.633240726328969,2.633240726328969,0.0,0.0,11.619717841916984,1541250.2469892583,0.1765882829157794,0.1765882829157794,0.7792322217842012,103358.0910161544,0.0,0.0,0.0,0.0,-0.8758063827060236,-0.5870179475769399,-0.532587514885452,40.0,West,1.092628629464909,0.5328826361535199,0.5856235184564277,-1.625216144350361,-0.4490358979711728,0.2699423705807996,0.08912015204774744,-0.20614351665168407,3.615438970204618,7.825852347869365,6.018362812231413,0.7972672916023544,516114.73466964095,31096.32194364034,189245.50187260998,69190.75281533081,1.917717540891517,-0.0304985768521448,-0.5134770624722044,1.2473119556034806,0.5747126436781658,5.454545454545445,2.627036650025157,1.1395730706075469,61.30939347492884,132.9616126956895,173.57548445757587,-7.71643201720029,22391.0,22835.0,22847.0,1016.0,baseline,municipio,-0.7801344621815267
2021.0,Lares,28092.0,0.0,23844.0,113.0,12360.0,213.0,17629.0,19823.85892856319,1237.0,270.96791666666667,20656.0,67.1,4863.0,646.1362086,21.0,4338.0,59.0,49.0,206.0,6.6,2.0,56.09,11.83,9079.0,33.68,17.83,22.02,19.15,9.44,99.63,0.0,2.46,0.34,3.18,14.14,258.0,0.92,18.2947,-66.8771,0.0,1.0,17.0,38.0,95.0,17629.0,19823.85892856319,270.96791666666667,72.0,81.0,72081.0,11.8,2.9,32.7,2.4,37.0,2.4,206.0,124.0,60.2,28.0,67.0,14.0,35.0,9.0,35.0,0.0,2.0,0.0,0.8985482082484237,0.0,0.0,0.0,101.0809069123098,2.0,35.0,4.46,5209.0,5559.0,49.0,38075.249359598194,42714.49561734966,8.792980043850918,55.0,1.0,2.0,0.5584929649342085,1.443600833211986,0.0,2.0,60.0,6.4,11081.0,12120.0,311873.1224445732,332366.1496271846,12.615754660252554,-0.3630926954293012,-0.2637680587457169,-0.282013420402849,-9079.0,-0.174358722690956,-0.7201338135835667,0.2731340284595092,3.7934756634171314,0.2731340284595092,3.7934756634171314,-0.7201338135835667,1.0,0.0,3.559732308130429,60.51544923821729,3.559732308130429,60.51544923821729,64.07518154634772,-4.45790649724139,-23.669758218186793,0.234326227538693,-63.697731522425315,92.2028462617759,-2.9226338729763435,-2.8543344297002005,-5.8461902796569376e-05,4.094553227276643,7796.988,16.473522287527366,0.8000000000000043,-2.1999999999999993,-0.1000000000000014,4.5685279187817285,0.0,1.0,1.0,1.0,1.0,4.6043573542223095,406983.3368786081,1.0,1.0,0.0,1.0,3.7934756634171314,3.7934756634171314,1.0,1.0,17.46651756891802,1543881.3838652957,0.2731340284595092,0.2731340284595092,1.2576066726259068,111160.99831754775,0.0,0.0,0.0,0.0,-0.3630926954293012,-0.2637680587457169,-0.282013420402849,41.0,Central Mountains,3.8568201638490502,2.8914114740491437,2.924952275965076,-4.138833584251899,-0.2739256816426394,-0.0262720048452499,0.08938201419094015,-0.44620813194092723,3.9473106223971177,10.31357789427999,7.437419366065066,0.6570467318251918,373528.9410545323,48914.63926077981,148863.3194851375,33454.39582407579,0.6085403814632295,11.675177762269495,7.666629320286091,-0.6085988433660261,0.0,10.67415730337078,2.8254517018561933,4.5685279187817285,155.66625155666253,189.0287701788212,273.506493037531,-63.46340529488663,24945.0,25696.0,25697.333333333332,3147.0,baseline,municipio,-0.5968391826429238
2021.0,Las Marías,8896.0,0.0,7432.0,44.0,3954.0,121.0,15353.0,17264.49067617169,3090.0,270.96791666666667,6187.0,63.4,2106.0,310.1902642,18.1,1118.0,36.0,39.0,57.0,3.0,1.8,49.41,6.84,8026.0,39.08,19.5,23.38,11.41,7.31,99.67,0.0,2.15,0.1,9.5,14.43,105.0,1.18,18.2514,-66.9922,2.0,1.0,3.0,7.0,18.0,15353.0,17264.49067617169,270.96791666666667,72.0,83.0,72083.0,6.8,6.4,31.2,4.9,33.4,4.8,57.0,37.0,64.9,5.0,18.0,,11.0,6.0,35.0,1.0,2.0,0.3541221583380607,0.9446175259391192,0.0,0.0,0.0,88.83595018244367,2.0,35.0,4.46,5288.0,5537.0,47.0,42925.547026250555,46520.62242872569,2.657540034724596,55.0,1.0,2.0,0.6600096878190047,1.779498286526476,0.0,2.0,60.0,6.4,11473.0,12099.0,329632.9106063058,343225.71043187444,9.408436846636326,-0.7868705035971257,-0.5975587636751878,-0.5728193190779884,-8026.0,-0.162770051003971,-0.2489494542114682,0.2146345469376643,3.985550226285613,0.2146345469376643,3.985550226285613,-0.2489494542114682,1.0,22.48201438848921,11.241007194244604,33.723021582733814,33.723021582733814,33.723021582733814,67.44604316546763,21.42441132569286,-52.36725021655287,-23.54368364976908,-45.331472525683466,98.38888205632765,-2.855436081242535,-2.6631003605070314,-0.6655840086099984,1.9451217579859017,2318.784,5.931917669664477,-1.5000000000000036,0.7000000000000002,-1.3999999999999986,11.764705882352944,6.25,1.0,1.0,1.0,1.0,4.182806052583678,422078.733041504,1.0,1.0,0.0,1.0,3.985550226285613,3.985550226285613,1.0,1.0,16.670783609383708,1682215.989983911,0.2146345469376643,0.2146345469376643,0.8977746820244178,90592.67763838657,0.0,0.0,0.0,0.0,-0.7868705035971257,-0.5975587636751878,-0.5728193190779884,42.0,West,2.6317272590567375,1.78399395365898,1.8513372202395129,-3.204546578134726,-0.0502902860421432,0.8853755487247109,0.7672598137193417,-0.198659168169325,3.4908264103991433,9.113802503109472,6.753247058833335,0.6919796421845348,385361.08452247747,49420.88109900817,153037.18668956062,36717.64851902652,3.1644358436328845,3.3365134389348183,-0.8157017331230682,-3.830019852242883,6.25,2.127659574468077,1.4320089738022828,5.514705882352944,167.26403823178018,104.66333294569137,207.0875025102878,-68.87515617545253,8131.0,8370.0,8366.666666666666,765.0,baseline,municipio,-0.8415168353781961
2021.0,Las Piedras,35495.0,0.0,29830.0,148.0,15045.0,281.0,24466.0,27512.08421046157,3112.0,270.96791666666667,25646.0,80.3,6060.0,702.0113959,25.1,6435.0,16.0,25.0,290.0,6.7,1.8,37.19,12.48,12824.0,20.33,18.64,19.5,11.93,12.65,99.97,0.0,3.11,0.15,4.41,9.5,57.0,0.16,18.1827,-65.8661,7.0,13.0,43.0,53.0,168.0,24466.0,27512.08421046157,270.96791666666667,72.0,85.0,72085.0,12.5,2.8,36.3,2.6,41.5,2.6,290.0,169.0,58.3,42.0,56.0,19.0,51.0,23.0,35.0,0.0,2.0,0.0,0.8531816484468417,0.0,0.0,0.0,101.2293603561567,2.0,35.0,4.8,74.0,561.0,13.0,1796.8089641685683,6939.199667292052,4.103381587400422,45.0,1.0,1.0,0.7054014337675616,1.1750728974372953,0.0,2.0,60.0,5.6,38.0,1996.0,942.548062551133,34254.52920104233,-4.667902129831059,-1.1156500915621923,-0.6515095611806521,-0.5135024094175655,-12824.0,-0.6202022649212943,-2.0742751390897873,-0.1446209666847882,2.159973334135739,-0.1446209666847882,2.159973334135739,-2.0742751390897873,0.0,19.721087477109453,36.62487674320327,121.14382307367237,56.34596422031272,121.14382307367237,177.48978729398507,8.001753439553717,59.37066485381363,5.676406305973018,-42.22961518743214,110.11736900061771,-0.7093522493933135,-0.7122431688201702,2.2950750946811205,1.365508134699108,10828.29,-1.767333251384251,0.7999999999999972,-0.5,0.7000000000000028,1.7543859649122862,4.395604395604402,1.0,1.0,1.0,1.0,6.662494111021971,46594.81230813776,1.0,1.0,0.0,1.0,2.159973334135739,2.159973334135739,0.0,0.0,14.390809618643852,100643.55209463729,-0.1446209666847882,-0.1446209666847882,-0.9635363388677064,-6738.586798499152,0.0,0.0,0.0,0.0,-1.1156500915621923,-0.6515095611806521,-0.5135024094175655,43.0,East,-2.0087648695832017,-2.1805945248726144,-2.0790378674849634,1.4952624601656361,-1.4804272415724622,-0.8652077050720061,-0.9711310390157127,-0.5938478975173251,6.174358169256478,17.902049965637758,12.448072845131385,0.4881359417654929,43878.689638679,14500.837596051268,25123.941296058325,2716.1226694587604,4.145803715590057,-2.344354406173854,1.7114560844616857,-1.8507286209089369,4.395604395604402,2.6315789473684292,1.7273882975961108,-2.641218430692116,146.67057788207686,283.3086210548613,339.38945352377317,-36.55320888145914,37233.0,37499.0,37500.0,-1738.0,baseline,municipio,-0.7128050928809053
2021.0,Loíza,24216.0,0.0,20175.0,105.0,11515.0,200.0,19541.0,21973.90818101159,2311.0,270.96791666666667,17262.0,76.0,6629.0,501.3431958,17.0,2936.0,0.0,28.0,86.0,9.2,1.2,47.17,25.33,10440.0,24.95,19.47,19.97,19.62,16.92,99.92,0.0,11.1,0.2,6.11,20.96,87.0,0.36,18.433,-65.8797,,,,,,19541.0,21973.90818101159,270.96791666666667,72.0,87.0,72087.0,25.3,3.5,36.4,2.3,48.7,2.3,86.0,48.0,55.8,16.0,23.0,5.0,18.0,,35.0,0.0,2.0,0.0,0.7369780810013017,0.0,0.0,0.0,128.12295467339197,2.0,35.0,4.8,43.0,341.0,32.0,1267.4349519129946,7631.674963298579,8.744471096206858,45.0,1.0,1.0,0.4916199210165519,0.935867547729175,0.0,2.0,60.0,4.4,20.0,350.0,661.3174747928182,4975.596585460148,-3.767286599904629,-2.626362735381571,-2.170904738166335,-2.0342746799933864,-10440.0,0.1928418293313694,-0.2663648831344148,0.3888430321213487,3.428308402677296,0.3888430321213487,3.428308402677296,-0.2663648831344148,1.0,,,,0.0,0.0,0.0,0.0,0.0,0.0,0.0,0.0,-2.3818760183101917,-2.5885198201262116,7.513243416825421,1.443135827633616,7343.7,-1.5497696701380348,0.5,-0.3000000000000007,0.5,1.17647058823529,3.658536585365857,1.0,1.0,1.0,1.0,6.426407682597516,19166.450375498353,1.0,1.0,0.0,1.0,3.428308402677296,3.428308402677296,1.0,1.0,22.03170745727899,65708.50287181842,0.3888430321213487,0.3888430321213487,2.498863848949148,7452.740679012141,0.0,0.0,0.0,0.0,-2.626362735381571,-2.170904738166335,-2.0342746799933864,44.0,East,-2.7059529838630914,-2.9270576045593355,-2.8491648234185227,0.671678303869705,0.3285915600389079,0.4774647903796969,0.5928250279430926,-0.5949564431733227,5.858807488062863,15.990436734514564,11.028706301074985,0.5676001945346529,17974.546416441823,19898.832804338115,19890.542178343163,1191.9039590565299,-3.942726331992219,0.7588903980676465,-1.6119052644963752,11.45596974881764,3.658536585365857,0.0,2.4853349799320785,-2.482065997130567,0.0,0.0,0.0,0.0,25164.0,25778.0,25801.666666666668,-948.0,baseline,municipio,-2.084351553994374
2021.0,Luquillo,17917.0,0.0,15202.0,67.0,10411.0,199.0,22216.0,24981.953029494573,1746.0,270.96791666666667,12968.0,78.1,4300.0,409.9390199,21.9,2844.0,159.0,127.0,158.0,8.4,2.2,43.95,24.6,12277.0,23.13,17.97,23.01,25.02,11.33,99.31,0.0,11.74,0.0,5.75,12.6,34.0,0.19,18.3725,-65.7166,6.0,11.0,52.0,72.0,192.0,22216.0,24981.953029494573,270.96791666666667,72.0,89.0,72089.0,24.6,3.6,36.3,2.8,48.1,2.6,158.0,93.0,58.9,40.0,23.0,9.0,24.0,12.0,35.0,0.0,2.0,0.0,0.5807850294835941,1.0,0.0,0.0,125.97240803565649,2.0,35.0,4.8,32.0,260.0,34.0,926.4890854632688,7565.224287752139,19.08238474157356,45.0,1.0,1.0,0.5157485336749363,0.9605840769951548,0.0,2.0,60.0,4.54,18.0,126.0,635.3226308531823,2821.1366272059204,-0.039053782637799,-1.1218395936819725,-0.8013353779924626,-0.7214582465597141,-12277.0,-0.1671343514787741,-2.1586338345479925,0.1123087577699084,1.5865427832818388,0.1123087577699084,1.5865427832818388,-2.1586338345479925,0.0,33.48774906513367,61.394206619411726,290.2271585644918,94.8819556845454,290.2271585644918,385.1091142490372,-27.85850403426737,139.5911398186761,7.507799490542354,-156.6510751962388,273.37647846462846,-1.6461808604038677,-1.741521539871682,-2.669328439120422,-0.3588693060980049,5518.326,-2.882484540959418,-1.3000000000000045,-0.8999999999999986,-2.3999999999999986,1.935483870967736,1.9736842105263053,1.0,1.0,1.0,1.0,7.286835102633195,16187.746600141758,1.0,1.0,0.0,1.0,1.5865427832818388,1.5865427832818388,0.0,0.0,11.560875645047473,25682.55254605003,0.1123087577699084,0.1123087577699084,0.8183753984508972,1818.025711755979,0.0,0.0,0.0,0.0,-1.1218395936819725,-0.8013353779924626,-0.7214582465597141,45.0,East,-0.547889600903495,-0.9379475928976476,-0.877054473846417,-0.1735686456562191,-1.898072217129164,-1.7470014321293788,-1.6516856015590264,-0.26056161741882855,6.706050073149601,16.24778022551244,11.152048176006678,0.5807850294835939,13755.866411433177,17369.83094841899,16998.793873742114,2431.880188708581,-1.4408342424364062,3.0335547632628135,2.175599630940876,-1.2284941966840157,1.9736842105263053,3.401360544217691,2.724082517315596,-0.038200339558569274,422.51975417032486,409.7697740874534,757.5902479868688,-149.1432757056964,17924.0,18224.0,18231.666666666668,-7.0,baseline,municipio,-0.9254321211240955
2021.0,Manatí,39693.0,0.0,33202.0,196.0,18515.0,233.0,19427.0,21845.714867842595,1521.0,270.96791666666667,28686.0,75.4,8656.0,687.6401675,23.6,6760.0,170.0,103.0,638.0,9.4,1.9,46.67,19.17,11824.0,25.16,18.56,23.0,20.42,12.84,98.49,0.0,8.2,0.28,6.98,18.54,241.0,0.61,18.4274,-66.4922,10.0,9.0,39.0,123.0,269.0,19427.0,21845.714867842595,270.96791666666667,72.0,91.0,72091.0,19.2,3.0,33.1,1.9,40.9,1.8,638.0,334.0,52.4,48.0,135.0,49.0,195.0,25.0,35.0,0.0,2.0,0.0,0.6523790397542235,0.0,0.0,0.0,132.05405029512005,2.0,35.0,4.46,110.0,5573.0,49.0,2406.481786533336,28143.621993196568,6.79155147154538,45.0,0.0,1.0,0.0,0.7683687164957604,0.0,2.0,60.0,6.4,82.0,12118.0,1413.9388878956704,215916.91353479133,4.285113761757131,-0.964905650870429,-0.6838183997961322,-0.6338430576175891,-11824.0,-0.071205968021412,-1.284113723993952,0.2881092923769248,2.776458378923229,0.2881092923769248,2.776458378923229,-1.284113723993952,0.0,25.193359030559545,22.674023127503588,98.25410021918222,47.86738215806314,98.25410021918222,146.12148237724534,-2.0511717802480405,16.80803853035873,-29.904290844879668,-37.00074024752422,131.36461562713467,-1.9929961891028911,-2.1566058651617426,-1.7282488073864788,-2.510886765800535,10989.862,3.7362705823274167,-0.3999999999999986,1.0,0.0,0.789889415481837,-0.4716981132075526,1.0,1.0,1.0,1.0,4.206786784705204,259185.60701696313,1.0,1.0,0.0,1.0,2.776458378923229,2.776458378923229,0.0,0.0,11.679968416738276,719618.0502985505,0.2881092923769248,0.2881092923769248,1.212014363722015,74673.78183194097,0.0,0.0,0.0,0.0,-0.964905650870429,-0.6838183997961322,-0.6338430576175891,46.0,North,0.9456128518491536,0.4051949681871392,0.4505492042584954,-1.5794559094667426,-1.0418947924919026,-0.5548688265443248,-0.6407557099431492,-0.24221893150204932,3.7590599773572935,12.650282994200582,8.757862312434412,0.4477268073479106,240170.56233823704,33002.99356588874,99628.74490522548,19015.044678726088,0.8069979667789218,-6.611409456794048,-0.46027413766893305,-2.5352467741654006,-0.4716981132075526,3.2467532467532534,0.3925370146962777,1.2615875286893896,198.26964671953857,211.62954751587225,569.0123793256553,-66.9050310924039,38062.0,38836.0,38863.333333333336,1631.0,baseline,municipio,-0.8698332967169078
2021.0,Maricao,5389.0,246.0,4549.0,216.0,2643.0,125.0,19223.0,21616.31630743492,2653.0,270.96791666666667,3988.0,58.8,1257.0,209.0287062,10.9,436.0,0.0,21.0,24.0,3.4,2.1,52.42,2.57,8789.0,45.31,18.19,24.96,7.57,10.54,99.24,0.0,3.48,0.0,15.1,13.08,13.0,0.24,18.1808,-66.9799,2.0,0.0,2.0,10.0,21.0,19223.0,21616.31630743492,270.96791666666667,72.0,93.0,72093.0,2.6,2.2,32.5,4.9,33.4,4.9,24.0,15.0,62.5,4.0,6.0,,6.0,,35.0,1.0,2.0,0.3698790674316047,0.9860824779991216,0.0,0.0,0.0,84.62552245261065,2.0,35.0,4.46,5325.0,5521.0,44.0,51958.381868613506,55104.37278131573,1.2412046010087907,55.0,1.0,2.0,0.6999207772105309,1.843016990962787,0.0,2.0,60.0,6.4,11895.0,12089.0,409767.88889656746,412372.0133563848,-8.661016949152545,-0.6494711449248514,-1.9961714139842155,-2.544559897784693,-8789.0,-0.1180303839064452,0.2657669869452818,0.6332799586487733,5.147687016043563,0.6332799586487733,5.147687016043563,0.2657669869452818,1.0,37.1126368528484,0.0,37.1126368528484,37.1126368528484,37.1126368528484,74.2252737056968,37.1126368528484,-132.3788885708804,-32.92181069958848,4.882471925786433,169.4915254237288,-2.8806584362139898,-2.047726539825867,19.345804497533024,11.211262162545797,1478.425,5.097318585077337,4.5,-4.5,3.299999999999997,19.999999999999996,-4.761904761904767,1.0,1.0,1.0,1.0,4.627592350200913,487736.9994631168,1.0,1.0,0.0,1.0,5.147687016043563,5.147687016043563,1.0,1.0,23.821397056671756,2510717.419380333,0.6332799586487733,0.6332799586487733,2.9305614921786134,308874.06685147935,0.0,0.0,0.0,0.0,-0.6494711449248514,-1.9961714139842155,-2.544559897784693,47.0,West,-4.270141125814597,-4.123826010673892,-4.323235237401398,1.7255812280299039,1.4672838273053497,2.355123146972448,2.1774437565362716,-1.201516840360068,3.908988822493632,9.10457841945628,6.773217593389063,0.7186035277072804,442212.42201815505,36258.23917060651,167170.08908764974,45524.57744496176,22.149314144939343,-7.861332154834988,3.485587516809266,-2.803509647406319,-4.761904761904767,-4.545454545454541,-4.551728464771943,24.761904761904763,197.53086419753083,177.36214124475975,184.29551098346042,-28.03933877380203,5900.0,6075.0,6059.0,-511.0,baseline,municipio,-2.523129293672442
2021.0,Maunabo,10700.0,0.0,9135.0,44.0,5044.0,190.0,21678.0,24376.97055155669,3147.0,270.96791666666667,7952.0,73.6,2448.0,337.8313189,15.3,1219.0,8.0,15.0,49.0,8.2,2.6,46.1,27.18,10077.0,28.47,17.76,25.19,12.28,13.62,99.61,0.0,2.64,0.0,11.67,16.73,5.0,0.05,18.0072,-65.8994,2.0,0.0,11.0,24.0,60.0,21678.0,24376.97055155669,270.96791666666667,72.0,95.0,72095.0,27.2,7.9,25.6,4.0,35.1,4.4,49.0,37.0,75.5,8.0,18.0,3.0,8.0,,35.0,1.0,2.0,0.3826852351830665,0.9714199330004292,0.0,0.0,0.0,81.45897667898508,2.0,35.0,4.8,77.0,1243.0,12.0,2016.9727634103515,8258.60315533162,3.418032887284185,45.0,1.0,1.0,1.0190415731922438,1.504107098928202,0.0,2.0,60.0,6.4,37.0,4883.0,892.3240806012958,89428.20007013464,1.249053747161244,-1.2803738317757052,-1.0239337908250157,-0.9466274637261352,-10077.0,-0.0141445703162101,-0.2002215069931969,0.2463985177779261,3.463567998870088,0.2463985177779261,3.463567998870088,-0.2002215069931969,1.0,18.69158878504673,0.0,102.803738317757,18.69158878504673,102.803738317757,121.49532710280374,9.229060397461566,74.41615315500152,-27.6569964824965,-36.57158335988743,37.85011355034065,-1.9302152932442416,-2.2407693005533913,0.7198158497842444,0.5340128997879352,2338.56,2.375882550711639,0.0,1.599999999999998,0.7000000000000028,-2.0000000000000018,-1.9607843137254943,1.0,1.0,1.0,1.0,7.076716328628718,103825.7487678044,1.0,1.0,0.0,1.0,3.463567998870088,3.463567998870088,1.0,1.0,24.510688212919845,359607.5408908928,0.2463985177779261,0.2463985177779261,1.7436924141089636,25582.51060357035,0.0,0.0,0.0,0.0,-1.2803738317757052,-1.0239337908250157,-0.9466274637261352,48.0,East,-0.2719983071258203,-0.6632609919262511,-0.640567873172256,-0.6746291566003149,-0.3030304214864971,0.342832156147428,0.19681967465983682,0.10280891449330021,6.5039232449550815,25.679025881018784,17.753595236764188,0.5727930836736368,99242.73090898784,13753.647038980513,43403.69962516572,4583.017858816558,-2.578337241034101,3.4605600906136624,3.471026414544935,3.2981530908183454,-1.9607843137254943,4.081632653061229,0.7069494464452449,-0.039215686274507444,102.07869339272456,108.86328585684478,191.29006342634875,-64.22857984238391,10568.0,10776.0,10789.0,132.0,baseline,municipio,-1.1346157401889907
2021.0,Mayagüez,74146.0,0.0,63813.0,211.0,40717.0,452.0,15501.0,17430.91708274196,776.0,270.96791666666667,50368.0,72.3,13317.0,833.1584483,28.2,14186.0,1167.0,289.0,1562.0,4.4,0.8,53.56,25.02,12156.0,28.09,16.52,24.77,23.54,11.96,99.41,0.0,18.76,0.04,2.8,21.36,1110.0,1.5,18.2011,-67.1397,23.0,9.0,27.0,88.0,218.0,15501.0,17430.91708274196,270.96791666666667,72.0,97.0,72097.0,25.0,2.2,29.7,1.3,39.6,1.5,1562.0,827.0,52.9,155.0,286.0,137.0,388.0,52.0,40.0,1.0,2.0,0.4166819950794158,1.2047878957192577,1.0,0.0,0.0,73.99690990566876,2.0,35.0,4.46,5181.0,5503.0,42.0,43180.12631157701,46964.2842157984,1.7524777369591242,55.0,1.0,2.0,0.8436574696071081,1.9986824753674504,0.0,2.0,60.0,6.4,10387.0,12082.0,258278.0569292796,314235.0199060438,1.1045052907167063,-1.921883850780892,-1.5782844891213288,-1.5144720752224727,-12156.0,0.2782031422612117,-1.9221289066944691,0.216685219309758,1.1464852067386044,0.216685219309758,1.1464852067386044,-1.9221289066944691,0.0,31.019879696814396,12.138213794405631,36.414641383216896,43.15809349122003,36.414641383216896,79.57273487443692,11.795597581980363,-27.673937213925026,6.107285360536984,-7.689388225486752,95.4510745063816,-2.5202041684389664,-2.6186007378163234,0.3191584263623204,0.5832860025574853,18952.461,4.876976190096727,0.8999999999999986,-0.8999999999999986,0.7000000000000028,1.692708333333326,-0.2597402597402598,1.0,1.0,1.0,1.0,4.374261810444886,391362.13183497265,1.0,1.0,0.0,1.0,1.1464852067386044,1.1464852067386044,0.0,0.0,5.015026456076687,448690.8946264796,0.216685219309758,0.216685219309758,0.9478378797145496,84802.3893661955,0.0,0.0,0.0,0.0,-1.921883850780892,-1.5782844891213288,-1.5144720752224727,49.0,West,-0.6920256849053619,-1.12517110327105,-1.059016657256958,-0.8224463903171109,-1.74125540413898,-1.4648237900170809,-1.4838144416366088,-0.18087350255548906,3.6019661299899015,8.407456168329237,6.415362342430065,0.7722956804549845,354478.9566825932,46798.63384582838,141912.66332522326,36883.17515237944,2.4047661128161035,-0.9740665315059682,-1.4768112195765533,-2.085607686453783,-0.2597402597402598,2.735156771180791,-0.12539043483414578,1.9524485930735858,97.03317737133136,143.6800207106336,335.6334914496667,-1.5821028649497606,73336.0,75232.0,75274.33333333333,810.0,baseline,municipio,-1.644167130582354
2021.0,Moca,37532.0,0.0,31413.0,158.0,16183.0,242.0,17685.0,19886.831082400593,1967.0,270.96791666666667,26709.0,70.2,8171.0,734.4004357,22.7,6054.0,245.0,146.0,414.0,5.5,1.3,49.93,24.64,12184.0,30.45,18.93,18.97,20.33,15.48,99.72,0.0,2.5,0.41,3.76,10.57,175.0,0.47,18.3947,-67.1131,1.0,5.0,13.0,37.0,80.0,17685.0,19886.831082400593,270.96791666666667,72.0,99.0,72099.0,24.6,4.0,33.3,2.6,44.3,2.4,414.0,268.0,64.7,48.0,102.0,24.0,74.0,37.0,35.0,1.0,2.0,0.3403754749479645,0.8785606311032195,0.0,0.0,0.0,92.8276200138999,2.0,35.0,4.46,1400.0,5552.0,56.0,10023.276361570555,35245.92049930602,4.358279205259729,55.0,1.0,2.0,0.6180612389530533,1.7020520647603758,0.0,2.0,60.0,6.4,599.0,12153.0,7097.495933689751,239920.57215170565,5.584156187582634,-0.4502824256634286,-0.1733357747861874,-0.0960103001220624,-12184.0,-0.1411924338116214,-0.5876700632607731,0.1049228098514878,3.415306226857758,0.1049228098514878,3.415306226857758,-0.5876700632607731,0.0,2.6643930512629224,13.321965256314613,34.63710966641799,15.986358307577532,34.63710966641799,50.62346797399552,-6.519057057994807,-7.560544144030146,11.443774371130814,-18.641371658980248,64.70306917602048,-1.697961892646771,-1.9282924712519025,5.373211344938533,5.005517666903625,10460.529,4.873977129405538,-0.5,1.7000000000000028,0.2999999999999971,8.37696335078535,1.5957446808510634,1.0,1.0,1.0,1.0,3.967744942475874,313996.5794321502,1.0,1.0,0.0,1.0,3.415306226857758,3.415306226857758,0.0,0.0,13.55106400862123,1072394.4729466592,0.1049228098514878,0.1049228098514878,0.4163069481385985,32945.40339777708,0.0,0.0,0.0,0.0,-0.4502824256634286,-0.1733357747861874,-0.0960103001220624,50.0,West,1.7100709419216598,1.0959527042338602,1.133052442039717,-1.8060812420437222,-0.3089527837572384,0.0752130598342385,0.2076099704908516,-0.2787172795035347,3.3165002056208372,9.794859848929695,7.173029218955982,0.6512447368550367,288496.91396501596,56317.99640979645,123322.31057912228,25499.66546713421,5.3042651799450224,4.339076475827319,4.220882631888534,0.0689461649935108,1.5957446808510634,10.26392961876832,3.0035571502055123,6.781218669934286,71.90066646386991,111.19548709047515,171.62411686762132,-7.197597287849433,35547.0,36161.0,36193.333333333336,1985.0,baseline,municipio,-0.393120728270437
2021.0,Morovis,29069.0,0.0,24094.0,173.0,11935.0,249.0,21598.0,24287.010331788973,1557.0,270.96791666666667,20508.0,73.9,6276.0,657.359871,17.5,3592.0,112.0,77.0,178.0,5.7,1.6,46.82,15.99,10788.0,26.95,19.59,17.59,23.42,18.26,99.7,0.0,3.24,0.0,3.13,13.27,74.0,0.25,18.3258,-66.4053,2.0,1.0,21.0,20.0,86.0,21598.0,24287.010331788973,270.96791666666667,72.0,101.0,72101.0,16.0,4.0,36.3,2.5,43.2,2.3,178.0,113.0,63.5,24.0,55.0,9.0,28.0,16.0,35.0,0.0,2.0,0.0,0.8351289727839193,0.0,0.0,0.0,118.5542492253884,2.0,35.0,4.46,198.0,5549.0,42.0,3253.726320034813,27584.864771466287,5.037672222104476,50.0,1.0,2.0,0.4604344074614605,1.0583022865311107,0.0,2.0,60.0,6.4,373.0,12094.0,6326.510298556033,224884.7897083669,-5.164426464831006,-1.410437235543016,-0.9244977745975436,-0.7765957405763912,-10788.0,-0.1906440813142939,-0.5429349802642035,0.4444918922443965,4.64196410572672,0.4444918922443965,4.64196410572672,-0.5429349802642035,1.0,6.8801816367952116,3.4400908183976058,72.24190718634972,10.320272455192818,72.24190718634972,82.56217964154254,-2.729446975839414,-6.056409399843673,-22.47770127822428,-31.513711060599448,91.34803601722562,-1.0012273108972236,-1.1430395913154534,-2.6351880157421737,-0.9317754247951818,8746.122,-5.291916324095536,-0.4000000000000057,-2.1000000000000014,-1.5,6.586826347305386,5.696202531645578,1.0,1.0,1.0,1.0,5.10340985550332,264232.79241935385,1.0,1.0,0.0,1.0,4.64196410572672,4.64196410572672,1.0,1.0,23.689845366058396,1226559.1379665798,0.4444918922443965,0.4444918922443965,2.268424303571373,117449.33389549944,0.0,0.0,0.0,0.0,-1.410437235543016,-0.9244977745975436,-0.7765957405763912,51.0,Central Mountains,-2.3584616054187046,-2.543530276554129,-2.4524978501487564,1.5818658648423134,-0.2495805075817623,0.193871496383006,0.13699939454258694,-0.2933544726824412,4.480535248818489,13.914660530372249,9.699959237791566,0.6228746066848307,244539.84276448443,27290.027341470915,98576.26348991865,19692.949654869415,-0.0583756405746593,-0.1017626180687125,2.365445126342873,-2.5768123751675143,5.696202531645578,3.9473684210526327,3.2145236508994035,0.8906238156598079,145.33944835604936,153.25670498084293,408.90229913285225,-53.991412338823736,30652.0,30962.0,30978.0,-1583.0,baseline,municipio,-0.9463909262791946
2021.0,Utuado,28585.0,0.0,24129.0,98.0,13306.0,210.0,15812.0,17780.637437088953,1182.0,270.96791666666667,20883.0,73.5,5504.0,547.7271218,21.1,4402.0,107.0,89.0,210.0,6.4,1.3,54.6,31.87,9462.0,27.48,18.22,23.53,20.09,11.31,99.13,0.0,2.62,0.42,2.71,17.64,92.0,0.32,18.2655,-66.7005,0.0,4.0,19.0,67.0,120.0,15812.0,17780.637437088953,270.96791666666667,72.0,141.0,72141.0,31.9,4.9,26.6,2.0,39.0,2.4,210.0,151.0,71.9,22.0,58.0,25.0,32.0,11.0,35.0,0.0,2.0,0.0,0.8859026022431592,0.0,0.0,0.0,114.03646486928145,2.0,35.0,4.46,4552.0,5566.0,47.0,29231.113752675537,40203.6951672925,12.245373947416333,50.0,1.0,2.0,0.4768336372330178,1.1270537823828757,0.0,2.0,60.0,6.4,10903.0,12108.0,313053.3296419339,340837.78151105123,1.940016404550482,-1.504285464404409,-1.2125286695404691,-1.1370116613604764,-9462.0,0.006012649216843,-0.2884161967806644,0.3418554029359865,3.8948535014921903,0.3418554029359865,3.8948535014921903,-0.2884161967806644,1.0,0.0,13.993353157250308,66.46842749693896,13.993353157250308,66.46842749693896,80.46178065418927,6.860939905226485,-8.42191164931117,-13.791007029744904,-19.265052121709147,82.02275239827395,-2.2143953131538607,-2.46921978096728,0.5606110723683777,-3.872989778008354,6418.314,6.1819066147859925,0.9000000000000021,-1.3999999999999986,0.3999999999999986,11.111111111111116,7.3863636363636465,1.0,1.0,1.0,1.0,4.471724476783746,398578.1460067274,1.0,1.0,0.0,1.0,3.8948535014921903,3.8948535014921903,1.0,1.0,17.416711736109505,1552403.4875925677,0.3418554029359865,0.3418554029359865,1.528683172829621,136256.09270460828,0.0,0.0,0.0,0.0,-1.504285464404409,-1.2125286695404691,-1.1370116613604764,71.0,Central Mountains,-0.1726646126865905,-0.6093219677049122,-0.5723138638900985,-0.9643470486738859,0.1407417502938164,0.133552312851001,0.14680610094181037,-0.42915794707448074,3.825001923976544,10.833534154259336,7.677767380112502,0.6467225528072018,367207.9824422973,33754.09173118115,141482.50795759616,31370.163564430142,-3.661762596104434,-8.517817810289008,-3.6238944876727377,4.222373668472812,7.3863636363636465,1.1494252873563315,2.4664750957854475,3.7247474747474696,115.078811549728,112.23726277124004,187.21784114184652,-33.05605915145405,28041.0,28676.0,28706.333333333332,544.0,baseline,municipio,-1.3093255928206555
2021.0,Yauco,34704.0,0.0,29486.0,99.0,17713.0,168.0,16444.0,18491.323173253902,1380.0,270.96791666666667,25661.0,77.8,8894.0,718.6800401,25.9,6651.0,352.0,166.0,406.0,5.9,1.2,46.44,17.37,10231.0,23.03,17.72,23.69,31.46,8.83,99.56,0.0,4.28,0.08,2.41,12.05,213.0,0.61,18.035,-66.8499,3.0,2.0,13.0,36.0,79.0,16444.0,18491.323173253902,270.96791666666667,72.0,153.0,72153.0,17.4,3.9,32.1,2.1,38.9,1.8,406.0,246.0,60.6,52.0,113.0,23.0,79.0,14.0,35.0,1.0,2.0,0.3582780696698092,1.1900418766267546,0.0,0.0,0.0,87.6894846850553,2.0,35.0,4.46,5324.0,5487.0,40.0,87745.02721896788,90049.11565892561,0.587645567061401,55.0,1.0,2.0,0.6420278379550087,1.624343996810492,0.0,2.0,60.0,6.4,11987.0,12066.0,851008.1587094272,852081.730442056,0.5883887423552947,-2.0631627478100545,-1.736785672382013,-1.6711958409869498,-10231.0,-0.2943480128960243,-2.30264204936906,0.1473462550059129,3.0538206954343563,0.1473462550059129,3.0538206954343563,-2.30264204936906,0.0,8.64453665283541,5.763024435223605,37.45965882895344,14.407561088059015,37.45965882895344,51.86721991701245,-14.577106023039214,-49.49434250434125,-4.8868469455801,19.210973219938023,115.93866844439292,-2.616574460878396,-2.774499849062817,6.048465675905801,0.7043764410741356,9465.006,7.04056161823059,1.7000000000000028,-0.1000000000000014,2.0,4.909560723514206,-1.0230179028132946,1.0,1.0,1.0,1.0,4.723213766126315,964398.6280424402,1.0,1.0,0.0,1.0,3.0538206954343563,3.0538206954343563,0.0,0.0,14.423847947956988,2945100.4889645036,0.1473462550059129,0.1473462550059129,0.6959478600310862,142100.52617489392,0.0,0.0,0.0,0.0,-2.0631627478100545,-1.736785672382013,-1.6711958409869498,77.0,South,-0.9677617413663464,-1.3736431190897511,-1.3181367257981835,-0.7034340996206034,-1.6330749428634657,-1.224492680424293,-1.2321953562395862,-0.6695671065055944,3.831566199302708,8.433235736072847,6.263069926253112,0.8916475668236066,882509.074585082,35311.46838399998,312165.13131381973,81889.55345735815,-0.7685068261440775,-3.1668295265393165,-0.9728035671997611,6.816972502049879,-1.0230179028132946,-0.761421319796951,-0.33905859850008974,5.9325786263275,101.61454217003498,101.53955926342655,250.41503172698904,14.324126274357937,34501.0,35428.0,35456.0,203.0,baseline,municipio,-1.7822269278297196
2021.0,Vega Baja,54544.0,0.0,45974.0,184.0,24695.0,300.0,21507.0,24184.680581803197,1165.0,270.96791666666667,39632.0,76.1,11932.0,711.5195008,22.7,8988.0,208.0,120.0,448.0,9.6,1.4,43.36,17.6,12361.0,24.43,18.22,21.41,20.31,13.03,98.0,0.0,4.13,0.59,4.93,13.15,318.0,0.58,18.4438,-66.3874,20.0,14.0,52.0,196.0,352.0,21507.0,24184.680581803197,270.96791666666667,72.0,145.0,72145.0,17.6,2.5,35.5,1.8,43.1,1.7,448.0,262.0,58.5,53.0,122.0,30.0,81.0,26.0,35.0,0.0,2.0,0.0,0.6364429592827845,0.0,0.0,0.0,130.77084340006462,2.0,35.0,4.46,64.0,5527.0,45.0,2008.2460411401848,25385.042901392066,1.9859696820438264,45.0,1.0,1.0,0.4188303000259331,0.7574661983920044,0.0,2.0,60.0,6.4,31.0,12087.0,602.3952258502939,193657.085850226,6.762708215075652,-0.6636843649163948,-0.4465087305490889,-0.4000533626554503,-12361.0,-0.3299630471999777,-1.7354822136138008,0.045353484626113,2.7505250835558357,0.045353484626113,2.7505250835558357,-1.7354822136138008,0.0,36.667644470519214,25.66735112936345,95.33587562334996,62.33499559988266,95.33587562334996,157.6708712232326,-12.045007923380666,-123.88939791889985,-59.74016815055643,33.373035651385294,293.6052770655131,-2.113350705088901,-2.209064847951137,2.085088811818725,1.436333668843015,16320.77,8.800150286450181,0.3999999999999986,-0.5,0.2000000000000028,3.2258064516129004,6.896551724137923,1.0,1.0,1.0,1.0,111.0,231390.77431820787,1.0,1.0,0.0,1.0,2.7505250835558357,2.7505250835558357,0.0,0.0,-192.6385257111319,636446.1288656382,0.045353484626113,0.045353484626113,0.197426358942741,10494.377925665243,0.0,0.0,0.0,0.0,-0.6636843649163948,-0.4465087305490889,-0.4000533626554503,73.0,North,1.9007836704861836,1.2551288990971354,1.2944058716762261,-2.300837033141634,-1.240102967336302,-0.94888834171801,-0.9057501875453999,-0.49537924627749885,3.913916189529675,13.195975752774224,111.0,111.0,214811.7173312132,29884.520769001618,90184.98537329677,16579.056986994663,1.325147674743743,0.8987645199665772,0.28510981462357043,0.759941137074982,6.896551724137923,5.181347150259064,4.287062897209785,-3.6707452725250223,319.97240956468426,344.75651571077924,923.503717077186,-26.367132499171134,51089.0,52192.0,52217.333333333336,3455.0,hurricane_cat3,municipio,-0.6726487946706119
2021.0,Yabucoa,31047.0,0.0,26282.0,169.0,14548.0,318.0,17267.0,19416.78893411428,1475.0,270.96791666666667,22690.0,73.1,6011.0,550.4416409,17.4,3951.0,53.0,47.0,177.0,5.6,1.2,52.62,15.22,10507.0,27.85,17.76,22.62,12.5,12.95,99.91,0.0,1.53,0.06,5.17,15.22,91.0,0.29,18.0505,-65.8794,9.0,4.0,24.0,24.0,116.0,17267.0,19416.78893411428,270.96791666666667,72.0,151.0,72151.0,15.2,3.0,31.9,2.5,37.7,2.5,177.0,111.0,62.7,22.0,53.0,10.0,30.0,12.0,35.0,1.0,2.0,0.3620838082084655,0.9363630811215408,0.0,0.0,0.0,86.66270406615135,2.0,35.0,4.8,78.0,784.0,11.0,1999.331372317464,6851.435975978414,6.102498439096153,45.0,1.0,1.0,0.9177166047001452,1.3988864144472577,0.0,2.0,60.0,6.4,41.0,3210.0,961.38711109657,69772.44766095818,-5.5374691940244025,-2.364157567558866,-1.9171107452632064,-1.8005106100797974,-10507.0,-0.2395690599287228,-0.6091235904350528,0.1112680882896196,3.2259404024552207,0.1112680882896196,3.2259404024552207,-0.6091235904350528,0.0,28.988308049086868,12.883692466260827,77.30215479756498,41.87200051534769,77.30215479756498,119.17415531291267,29.7017385504589,31.663672429232,-17.681375397420528,-34.9609385099022,57.808744333221775,-1.8866234812979443,-1.9034232334768195,-1.9778261118764464,-0.0120176373978209,8383.958,-2.8536196941171377,0.6999999999999993,-2.900000000000002,-0.5,2.3121387283236983,0.5813953488372103,1.0,1.0,1.0,1.0,111.0,82052.97580538136,1.0,1.0,0.0,1.0,3.2259404024552207,3.2259404024552207,0.0,0.0,-67.61271853829086,264698.0097922604,0.1112680882896196,0.1112680882896196,0.7806094447262601,9129.8777563392,0.0,0.0,0.0,0.0,-2.364157567558866,-1.9171107452632064,-1.8005106100797974,76.0,East,-3.139057052474747,-3.276420816222414,-3.1799980753134283,1.3385464423949496,-0.2692669702583902,0.2219512001020637,0.2607579550153442,-0.3398566201766626,6.468534193254994,21.77245183314426,111.0,111.0,78976.35312972889,13356.680154924,36394.52123253,3076.62267565247,1.9930332136436135,-0.05126001396063,0.7450846102597497,-3.9708593255200597,0.5813953488372103,2.9940119760478945,-1.887907703299167,1.730743379486488,110.4510582405445,149.34551524202757,313.1037352959989,-52.64231390732272,32867.0,33499.0,33505.0,-1820.0,hurricane_cat3,municipio,-1.8648196247632902
2021.0,Villalba,22341.0,0.0,18348.0,100.0,9380.0,176.0,20722.0,23301.94592533249,1975.0,270.96791666666667,15523.0,78.6,5469.0,545.5135195,21.5,3333.0,89.0,72.0,138.0,3.2,1.0,44.49,18.64,12179.0,22.87,20.28,19.74,22.95,16.92,99.77,0.0,3.99,0.28,5.93,12.3,109.0,0.49,18.1275,-66.4925,3.0,1.0,8.0,15.0,60.0,20722.0,23301.94592533249,270.96791666666667,72.0,149.0,72149.0,18.6,3.5,34.8,2.4,42.8,2.7,138.0,95.0,68.8,16.0,42.0,6.0,26.0,11.0,35.0,0.0,2.0,0.0,0.9491275510213248,0.0,0.0,0.0,100.97010557829026,2.0,35.0,4.46,2740.0,5512.0,38.0,19022.4001551618,35135.69894244134,6.2889059328167525,50.0,1.0,2.0,0.9194115960882656,1.18883113685217,0.0,2.0,60.0,6.4,8517.0,12071.0,271934.3704511804,327069.6174830621,2.0183570026028663,-1.5979589096280389,-1.2680550365346877,-1.18523197249516,-12179.0,-0.1409755970720051,-1.093449951690187,0.4897668740429002,4.613141755449551,0.4897668740429002,4.613141755449551,-1.093449951690187,1.0,13.428226131328053,4.476075377109351,35.808603016874805,17.904301508437403,35.808603016874805,53.71290452531221,-4.927791281187691,-60.0861866995506,-8.413722502969648,33.403159131235924,118.7268825060505,-2.249698701066827,-2.565998347323095,2.277107656202104,-1.0753715167040787,6385.103999999999,-1.8954534468859088,-1.3000000000000045,-1.3999999999999986,-2.3000000000000043,14.049586776859504,-0.8196721311475419,1.0,1.0,1.0,1.0,111.0,374912.4688010154,1.0,1.0,0.0,1.0,4.613141755449551,4.613141755449551,1.0,1.0,-121.37294463761076,1729524.364464641,0.4897668740429002,0.4897668740429002,2.2040586508149036,183619.7078843797,0.0,0.0,0.0,0.0,-1.5979589096280389,-1.2680550365346877,-1.18523197249516,75.0,South,-0.1845191455744244,-0.6273559341701151,-0.5887226909924864,-1.0007128269207357,-0.7825158467590513,-0.376113525307703,-0.4137770012510235,-0.3109341049311357,3.7990654031087225,11.559426717972014,111.0,111.0,346410.8391298689,24621.63746012064,129951.69607976917,28501.62967114651,-3.831087043509507,-1.672135162804833,-2.6902082509077516,6.1081946997116106,-0.8196721311475419,7.964601769911495,-0.077373180521305,14.869258908007046,93.73744587778422,108.72874353063976,209.78834798898106,24.989436628266276,21899.0,22403.0,22431.666666666668,442.0,hurricane_cat3,municipio,-1.3529794822055825
2021.0,Vega Alta,35728.0,0.0,29794.0,101.0,16019.0,284.0,21828.0,24545.645963621155,1113.0,270.96791666666667,25251.0,75.4,7350.0,703.8870648,22.0,5560.0,399.0,180.0,412.0,5.5,1.5,44.96,21.22,14645.0,25.46,19.71,19.56,24.61,13.46,99.62,0.0,7.08,0.65,6.21,14.09,444.0,1.24,18.4119,-66.3314,5.0,11.0,16.0,99.0,218.0,21828.0,24545.645963621155,270.96791666666667,72.0,143.0,72143.0,21.2,3.9,36.5,2.9,46.4,2.8,412.0,227.0,55.1,46.0,107.0,28.0,82.0,22.0,35.0,0.0,2.0,0.0,0.7894888472803642,0.0,0.0,0.0,126.03989020804924,2.0,35.0,4.46,75.0,5497.0,46.0,2069.1338416494086,24738.088932618182,8.874460293719572,45.0,1.0,1.0,0.4439720883386583,0.7737805300980659,0.0,2.0,60.0,6.4,36.0,12078.0,746.6808814729154,190521.2903137596,-2.273038102792746,-1.2567174205105225,-0.8629938320755204,-0.7586518537710751,-14645.0,-0.0516855766287827,-1.6258047934537565,0.2405535004670204,3.121451575841775,0.2405535004670204,3.121451575841775,-1.6258047934537565,0.0,13.99462606359158,30.788177339901477,44.782803403493055,44.782803403493055,44.782803403493055,89.56560680698611,-1.7173743913043893,-61.89407506692464,-34.34928051383189,-95.44676730115565,153.17705626521513,-1.4741551231606698,-1.6382143993213916,0.2080657013455944,2.3106840513754223,10874.81,-1.3755248500836537,-0.1000000000000014,1.5,0.7999999999999972,0.7334963325183352,0.4914004914004843,1.0,1.0,1.0,1.0,111.0,226843.81936912335,1.0,1.0,0.0,1.0,3.121451575841775,3.121451575841775,0.0,0.0,-180.46433207336696,708081.9974397172,0.2405535004670204,0.2405535004670204,1.185830530683187,54568.07480855111,0.0,0.0,0.0,0.0,-1.2567174205105225,-0.8629938320755204,-0.7586518537710751,72.0,North,-1.335254735176672,-1.6689427485480524,-1.5999794825249714,0.5766028814055968,-1.1983572716781736,-0.6856552917463498,-0.794900071381023,-0.4274475217755829,4.33779123006625,14.0626498854765,111.0,111.0,210326.10938703353,28222.957908495984,87990.87342681503,16517.709982089815,2.511485192803309,4.212501259977364,2.96535165171059,-2.3034194914577144,0.4914004914004843,0.0,0.08210081739493297,0.24209584111785093,282.9731040802027,188.2090976566642,503.44614598999686,-129.79604781498756,36559.0,37106.0,37129.666666666664,-831.0,hurricane_cat3,municipio,-0.9465632292356092
2021.0,Vieques,8317.0,0.0,7041.0,178.0,4967.0,156.0,14942.0,16802.32004711505,2258.0,270.96791666666667,5970.0,73.0,2872.0,607.5532898,14.2,845.0,212.0,299.0,111.0,13.7,6.8,53.2,15.2,8834.0,30.69,18.72,25.53,12.58,10.03,93.88,0.0,2.4,0.28,16.26,15.21,0.0,0.0,18.1261,-65.44,8.0,2.0,22.0,20.0,77.0,14942.0,16802.32004711505,270.96791666666667,72.0,147.0,72147.0,15.2,7.8,28.4,6.1,33.4,6.7,111.0,71.0,64.0,37.0,24.0,6.0,7.0,7.0,35.0,0.0,2.0,0.0,0.7956456400179198,1.0,0.0,0.0,115.43453788809406,2.0,35.0,4.8,48.0,162.0,18.0,4878.308284864812,7900.2379997547905,13.735633325022606,45.0,1.0,1.0,0.5774869564926637,0.8504237545926516,0.0,2.0,60.0,4.54,28.0,83.0,1561.8622599564758,2818.1784399598373,-2.2449459332393062,-1.4187808103883648,-1.0272796434565137,-0.9672020784520784,-8834.0,-0.3292648321740621,-0.1645022239787236,0.3385961249579651,3.267847132498316,0.3385961249579651,3.267847132498316,-0.1645022239787236,0.0,96.188529517855,24.04713237946375,264.51845617410123,120.23566189731876,264.51845617410123,384.7541180714199,49.71380012016783,-88.09085271165338,-68.33488434643158,-87.10372050558993,423.1311706629056,-1.5505669983800097,-1.470755900125409,1.66736517557724,-3.695725417081305,1999.644,-2.649666272327622,-0.6000000000000014,2.0999999999999996,0.0,5.714285714285716,6.060606060606055,1.0,1.0,1.0,1.0,111.0,15008.576882786672,1.0,1.0,0.0,1.0,3.267847132498316,3.267847132498316,0.0,0.0,-18.25974686163832,49045.734929294944,0.3385961249579651,0.3385961249579651,3.4488641863756433,5081.845973645262,0.0,0.0,0.0,0.0,-1.4187808103883648,-1.0272796434565137,-0.9672020784520784,74.0,East,-1.4348444347060174,-1.7387672928234288,-1.643216950140891,0.467642356253939,0.005803925840569,-0.184967012614605,-0.040784772489496426,-0.1703061498192926,9.584203898000524,20.121592127619735,111.0,111.0,10642.220910678345,11886.328005500232,12641.637352013116,4366.3559721083275,-7.162129108929993,-5.59241231789116,-6.489942169054745,8.829494284507234,6.060606060606055,2.0618556701030855,-0.6875744848253493,-0.34632034632033903,578.5697755149271,752.4797628548627,977.404673876781,-155.43860485202146,8508.0,8642.0,8640.333333333334,-191.0,hurricane_cat3,municipio,-1.1345853055239516
2021.0,Juana Díaz,46704.0,0.0,38738.0,133.0,18513.0,306.0,21420.0,24086.848842805804,1445.0,270.96791666666667,32836.0,77.4,10002.0,813.3369535,27.2,8930.0,184.0,147.0,310.0,5.8,1.1,45.08,20.69,10721.0,23.0,20.2,18.89,24.31,13.1,99.82,0.0,1.87,0.1,3.19,13.55,582.0,1.25,18.0525,-66.5064,11.0,6.0,12.0,55.0,127.0,21420.0,24086.848842805804,270.96791666666667,72.0,75.0,72075.0,20.7,2.6,36.4,1.9,46.2,1.8,310.0,192.0,61.9,33.0,83.0,17.0,53.0,28.0,35.0,1.0,2.0,0.3362091535071878,1.140400666060296,0.0,0.0,0.0,94.10186526718624,2.0,35.0,4.46,3566.0,5499.0,36.0,25589.447266872325,38122.00042577887,4.061612262668618,50.0,1.0,2.0,0.9526289323879912,1.2344203592102478,0.0,2.0,60.0,6.4,10612.0,12062.0,344636.0214994213,368846.2233308797,2.8405337561104416,-0.794364508393286,-0.4592594609420075,-0.39265544389675,-10721.0,-0.1933003693211516,-1.1162781240137911,0.1807892502817623,3.4615440286222676,0.1807892502817623,3.4615440286222676,-1.1162781240137911,1.0,23.552586502226788,12.846865364850975,25.69373072970195,36.399451867077765,25.69373072970195,62.09318259677972,-7.6398311733943345,-38.16322967898259,-7.962797042731225,-33.64693974732169,107.89624344915666,-1.5990639625585,-1.7206132879046043,-2.041582448112933,-1.6122016205649607,14100.632,2.1765676878551465,-0.6000000000000014,-0.6999999999999993,-1.0999999999999943,9.1549295774648,1.067615658362997,1.0,1.0,1.0,1.0,111.0,420444.0908184479,1.0,1.0,0.0,1.0,3.4615440286222676,3.4615440286222676,1.0,1.0,-123.90687176553081,1455385.7319421165,0.1807892502817623,0.1807892502817623,0.8808540977075373,76011.77196446437,0.0,0.0,0.0,0.0,-0.794364508393286,-0.4592594609420075,-0.39265544389675,38.0,South,0.6287363212201136,0.1305569260323436,0.1924157018949361,-1.0213917651168636,-0.8612720656219751,-0.4304701799315769,-0.5107266892179685,-0.255006058391816,3.9946431752840974,10.581578237578428,111.0,111.0,388751.74280803715,24357.530631988997,143533.95600836913,31692.34801041073,-0.1282247906601807,-2.6667976229217683,-0.7327824735774903,-1.9133576574527522,1.067615658362997,5.63909774436091,3.5376544675746353,8.087313919101803,149.50598023920958,161.839863713799,324.8363357053906,-41.60973679005292,45414.0,46152.0,46175.333333333336,1290.0,hurricane_cat3,municipio,-0.6454243145607741
2021.0,Trujillo Alto,68001.0,0.0,57546.0,177.0,29042.0,326.0,33948.0,38174.61925843005,1506.0,270.96791666666667,49339.0,85.4,11237.0,736.5140868,36.9,18229.0,827.0,275.0,587.0,6.3,1.0,28.25,5.54,17543.0,15.01,18.09,20.22,19.76,11.27,99.4,0.0,12.25,0.27,4.1,9.76,795.0,1.17,18.3547,-66.0072,13.0,17.0,28.0,102.0,268.0,33948.0,38174.61925843005,270.96791666666667,72.0,139.0,72139.0,5.5,1.4,49.1,1.5,52.1,1.4,587.0,358.0,61.0,63.0,97.0,66.0,81.0,50.0,35.0,0.0,2.0,0.0,0.786928464715688,0.0,0.0,0.0,117.68797038728506,2.0,35.0,4.8,49.0,1662.0,25.0,1445.3481457815833,11035.227205581865,9.561741341283394,45.0,1.0,1.0,0.5377857133958786,0.809480957719128,0.0,2.0,60.0,6.4,23.0,4976.0,685.8806242409828,89525.61800505032,4.599221670178899,-0.7411655710945375,-0.4953371753159463,-0.4495604555251997,-17543.0,-0.6741080373221654,-4.515405276592189,-0.3237364443868938,-0.4697626497830386,-0.3237364443868938,-0.4697626497830386,-4.515405276592189,0.0,19.11736592108939,24.999632358347668,41.17586506080793,44.11699827943706,41.17586506080793,85.29286334024499,-2.029038545100327,5.797236828662598,-44.299861453975694,-50.54497513244209,81.52466505668272,-2.0003617835931187,-2.127471230451461,-0.5533812847285602,0.2952068279703956,28255.086,5.30868189636895,-0.1000000000000014,0.7999999999999998,0.3999999999999986,5.197132616487465,1.454545454545464,1.0,1.0,1.0,1.0,111.0,107604.967614731,1.0,1.0,0.0,1.0,-0.4697626497830386,-0.4697626497830386,0.0,0.0,-501.20998570173293,-50548.7947165141,-0.3237364443868938,-0.3237364443868938,-1.9219458770568296,-34835.649613959875,0.0,0.0,0.0,0.0,-0.7411655710945375,-0.4953371753159463,-0.4495604555251997,70.0,Metro,1.1746644219006397,0.5790120691529399,0.6207478471675613,-1.6242248774258394,-4.090026369710985,-3.689218501217003,-3.673319110260637,-0.4253789068812033,5.332814892526744,16.674733064715305,111.0,111.0,102844.90664198702,19643.801925915064,47616.94431930807,4760.060972743973,-1.0371464127862828,2.47614818142603,-0.32336148319043545,0.48376512805772265,1.454545454545464,5.162523900573612,1.0371780999228422,3.7425871619420015,176.3695016431005,166.71584538211863,482.8237415230633,-94.84483658641778,65011.0,66338.0,66376.33333333333,2990.0,hurricane_cat3,municipio,-0.7059630109014803
2021.0,Ceiba,11463.0,0.0,9676.0,60.0,7328.0,163.0,20748.0,23331.182996756997,1798.0,270.96791666666667,8438.0,75.2,2934.0,446.03251,21.1,1778.0,91.0,66.0,81.0,5.7,2.2,41.29,9.85,13503.0,26.11,17.03,24.87,10.5,13.61,99.34,0.0,13.48,0.42,5.72,15.13,19.0,0.17,18.2633,-65.6474,2.0,2.0,12.0,17.0,45.0,20748.0,23331.182996756997,270.96791666666667,72.0,37.0,72037.0,9.8,3.8,38.3,3.1,42.5,3.3,81.0,43.0,53.1,7.0,12.0,5.0,12.0,6.0,35.0,0.0,2.0,0.0,0.61636326104755,0.0,0.0,0.0,117.34532667469284,2.0,35.0,4.8,61.0,225.0,24.0,2822.753239952846,6836.768134409611,5.335535435139409,45.0,1.0,1.0,0.5762167223896209,1.032543323567425,0.0,2.0,60.0,4.54,32.0,116.0,1005.7830636051794,2757.297758812503,2.284286606585173,-1.805809997382879,-1.4720578368908943,-1.3798526468108083,-13503.0,-0.2460842624804272,-2.394518011387713,0.119457750028245,1.2253205710354662,0.119457750028245,1.2253205710354662,-2.394518011387713,0.0,17.447439588240425,17.447439588240425,104.68463752944254,34.89487917648085,104.68463752944254,139.5795167059234,8.12589550556089,51.14667018760262,-68.75858906030018,-146.20150291434766,80.30695101275987,-2.67477203647416,-2.851598751370965,3.8161114413219455,0.3129959119290185,3705.907999999999,10.44467153815456,2.5999999999999943,-0.6999999999999993,2.5,-5.813953488372093,-4.444444444444439,1.0,1.0,1.0,1.0,111.0,14681.204173555372,1.0,1.0,0.0,1.0,1.2253205710354662,1.2253205710354662,0.0,0.0,-265.79149926403613,17989.18148142914,0.119457750028245,0.119457750028245,0.9003552054120225,1753.783618278205,0.0,0.0,0.0,0.0,-1.805809997382879,-1.4720578368908943,-1.3798526468108083,18.0,East,-0.2355264817263891,-0.7554392206744365,-0.6999960988982701,-1.1443261650844192,-1.9521275443857131,-1.3310565819318751,-1.518946561476885,-0.442390467002,7.096900298018486,16.885824030260128,111.0,111.0,12469.080281901788,14743.99549986727,15060.64060882946,2212.123891653584,2.9862323302664695,-5.86335603580136,-1.5728405911034455,0.829879111055476,-4.444444444444439,3.4482758620689724,2.1370796083439836,-1.3695090439276534,295.26704298740776,244.66379819454988,343.40234336723853,-214.9600919746479,11207.0,11515.0,11525.0,256.0,hurricane_cat3,municipio,-1.5291188011563808
2021.0,Ciales,17045.0,0.0,14266.0,95.0,7335.0,139.0,18990.0,21354.30716736145,2051.0,270.96791666666667,12399.0,67.1,3599.0,379.8855091,15.4,1914.0,95.0,86.0,113.0,4.1,1.3,55.25,23.7,9435.0,33.8,18.79,21.99,26.47,13.23,99.31,0.0,2.55,0.45,5.1,14.0,10.0,0.06,18.3361,-66.4688,6.0,2.0,13.0,32.0,70.0,18990.0,21354.30716736145,270.96791666666667,72.0,39.0,72039.0,23.7,4.9,25.5,2.4,33.4,2.8,113.0,67.0,59.3,13.0,33.0,8.0,17.0,10.0,35.0,0.0,2.0,0.0,0.8334455813367947,0.0,0.0,0.0,121.64424375033248,2.0,35.0,4.46,411.0,5569.0,44.0,4677.462724901975,29223.21831638987,8.381539764984362,50.0,1.0,2.0,0.4375475934373934,1.0541236912562135,0.0,2.0,60.0,6.4,1318.0,12108.0,30276.85842149594,238108.9389402004,5.2940449715839,-0.7098855969492557,-0.5028778067995621,-0.4715660996084336,-9435.0,0.0384413247895331,-0.0533085518897571,0.3610064256909522,4.373532400600018,0.3610064256909522,4.373532400600018,-0.0533085518897571,1.0,35.20093869169845,11.73364623056615,76.26870049867996,46.9345849222646,76.26870049867996,123.20328542094455,40.75716955285516,-53.45702225891826,-36.21342820837776,-39.837651553550586,135.90313812700765,-1.968146308968688,-2.3592715231788075,2.014024364438538,5.354612522615451,3637.83,-1.0368762318261115,-1.8000000000000007,2.1999999999999993,-1.3999999999999986,10.784313725490202,-4.672897196261683,1.0,1.0,1.0,1.0,111.0,279921.7887143283,1.0,1.0,0.0,1.0,4.373532400600018,4.373532400600018,1.0,1.0,-5.917249259763038,1224247.0125760273,0.3610064256909522,0.3610064256909522,1.6922002977210835,101053.5644167776,0.0,0.0,0.0,0.0,-0.7098855969492557,-0.5028778067995621,-0.4715660996084336,19.0,Central Mountains,1.3930723595907637,0.8228598125555209,0.8257964195489335,-1.8646384591991974,-0.0014561634173448,0.3649687250027524,0.39183213710946546,-0.051852388472412296,4.068934741018835,12.96876896398202,111.0,111.0,258981.18906672648,28551.247131554715,103621.06880980142,20940.599647601834,4.126088079079593,9.92372512432822,5.330375279017532,-2.112063714641055,-4.672897196261683,5.940594059405946,-0.2246835698904238,15.457210921751885,211.954217888936,206.95364238410593,339.7321535205474,-76.05107976192835,16188.0,16513.0,16537.666666666668,857.0,hurricane_cat3,municipio,-0.7294913505867151
2021.0,Cidra,40125.0,0.0,33584.0,187.0,16129.0,224.0,23327.0,26231.275581518723,1182.0,270.96791666666667,28848.0,77.7,9378.0,765.3731116,24.3,7011.0,396.0,178.0,380.0,6.6,1.3,39.93,7.5,12639.0,22.69,18.86,18.84,33.29,11.5,99.68,0.0,1.6,0.11,2.37,12.5,157.0,0.39,18.1758,-66.1617,11.0,6.0,22.0,40.0,139.0,23327.0,26231.275581518723,270.96791666666667,72.0,41.0,72041.0,7.5,1.8,38.1,2.1,41.6,2.0,380.0,241.0,63.4,43.0,95.0,23.0,62.0,21.0,35.0,1.0,2.0,0.3252682239598114,0.8995349039038125,0.0,0.0,0.0,97.60350203874953,2.0,35.0,4.8,84.0,4950.0,26.0,2093.6132359541275,19979.783919756926,1.2443137822133006,50.0,1.0,2.0,0.6455095469481542,1.1977989710338304,0.0,2.0,60.0,6.4,57.0,11913.0,1076.9309270938782,187657.8350487696,2.945326731149134,-0.7327102803738272,-0.4496088715279067,-0.4020294796950652,-12639.0,-0.5089914343787496,-2.3211353085108715,-0.1281186278794675,2.0349718716664373,-0.1281186278794675,2.0349718716664373,-2.3211353085108715,0.0,27.41433021806853,14.953271028037385,54.82866043613706,42.36760124610592,54.82866043613706,97.19626168224298,14.145829431959118,0.9507324273113512,-4.600709060446075,-47.11432083607544,82.09969982297251,-1.590627919307197,-1.8243561460476456,7.8411326007331805,2.807032055561302,12795.504,8.95014681933446,1.8999999999999984,-5.199999999999999,-0.1000000000000014,4.109589041095885,7.038123167155419,1.0,1.0,1.0,1.0,111.0,217383.23311627447,1.0,1.0,0.0,1.0,2.0349718716664373,2.0349718716664373,0.0,0.0,-257.64601924470674,442368.7647635265,-0.1281186278794675,-0.1281186278794675,-0.6965147924521518,-27850.841550859503,0.0,0.0,0.0,0.0,-0.7327102803738272,-0.4496088715279067,-0.4020294796950652,20.0,Central Mountains,0.6694105982250509,0.1881645833349932,0.22570921492878945,-1.071440077920116,-1.5369796033512455,-1.0659004271892485,-1.1421157171133525,-0.784155705159626,4.916924566346763,20.55072343795009,111.0,111.0,203043.6902673706,20603.81115570568,80668.18480860034,14339.54284890386,3.4588706753105214,-2.878907109359796,-1.3025368091463974,4.382261925422659,7.038123167155419,1.7910447761193993,4.725026630986788,-2.9285341260595343,133.81472971949404,185.9058572738765,490.2456107830794,-51.71502989652153,38977.0,39607.0,39642.333333333336,1148.0,hurricane_cat3,municipio,-0.654603199690605
2021.0,Coamo,35268.0,0.0,29581.0,139.0,16120.0,228.0,19267.0,21665.794428307163,2335.0,270.96791666666667,25865.0,80.7,10081.0,894.3019624,23.0,5942.0,291.0,158.0,274.0,4.3,1.2,49.58,7.32,11454.0,19.71,18.8,19.0,30.42,12.69,99.7,0.0,4.83,0.14,3.45,13.81,95.0,0.27,18.0855,-66.3579,6.0,1.0,14.0,14.0,61.0,19267.0,21665.794428307163,270.96791666666667,72.0,43.0,72043.0,7.3,2.1,36.7,2.3,39.8,2.2,274.0,163.0,59.5,44.0,71.0,17.0,47.0,14.0,35.0,1.0,2.0,0.3447707095617282,0.9714413563868828,0.0,0.0,0.0,91.51674440236503,2.0,35.0,4.46,603.0,5481.0,36.0,6279.373257893189,29156.223335727052,8.699734349297497,50.0,1.0,2.0,0.6024655326660762,1.2367670530602024,0.0,2.0,60.0,6.4,2645.0,12059.0,80479.50274944323,264219.0493129888,-8.63922493070487,-2.015991833957131,-1.3905229363387115,-1.2150360235912094,-11454.0,-0.3483356670657684,-1.83835479235703,0.1039467491299684,3.006188217764195,0.1039467491299684,3.006188217764195,-1.83835479235703,0.0,17.01258931609391,2.8354315526823184,39.696041737552456,19.848020868776228,39.696041737552456,59.54406260632868,-13.828118291392666,-48.38001452750466,0.262269834100941,-9.595254072679992,121.752195425226,-0.7788001850614346,-0.9143002674137256,0.4736729851244181,-3.3763653659468464,10856.227,-4.910071123256943,1.2000000000000028,0.3999999999999994,1.5999999999999943,5.384615384615388,1.9607843137254832,1.0,1.0,1.0,1.0,111.0,304951.42109503766,1.0,1.0,0.0,1.0,3.006188217764195,3.006188217764195,0.0,0.0,-204.05738195163033,916741.36908635,0.1039467491299684,0.1039467491299684,0.5486048935329103,31698.708865393233,0.0,0.0,0.0,0.0,-2.015991833957131,-1.3905229363387115,-1.2150360235912094,21.0,South,-3.868505172332226,-3.8742332807535584,-3.752682499974362,2.6534691487410167,-1.4857828205297172,-1.264361149530273,-1.1353898255089834,-0.3525719718273128,4.714753228317454,14.489586084521784,111.0,111.0,281602.6256021155,22440.825374912383,107308.2967849684,23348.79549292213,-8.123529174197019,-2.4792399087679384,-3.09680578406258,8.597202159321437,1.9607843137254832,2.0000000000000018,1.320261437908495,3.4238310708899045,131.08517966380506,142.62065452693238,235.30335860768741,-9.332984238579058,38603.0,38906.0,38924.666666666664,-3335.0,hurricane_cat3,municipio,-1.3207152592686977
2021.0,Comerío,18990.0,0.0,15805.0,106.0,7243.0,195.0,14666.0,16491.95728891643,1925.0,270.96791666666667,13618.0,72.2,3864.0,525.6320005,15.0,2046.0,107.0,113.0,120.0,5.3,2.0,53.78,14.88,8655.0,28.62,18.91,19.75,26.24,13.54,99.82,0.0,1.75,0.21,4.06,19.62,11.0,0.06,18.2183,-66.2257,0.0,4.0,7.0,21.0,55.0,14666.0,16491.95728891643,270.96791666666667,72.0,45.0,72045.0,14.9,5.3,35.9,4.2,42.3,4.1,120.0,79.0,65.8,12.0,39.0,,19.0,8.0,35.0,0.0,2.0,0.0,0.8803434446993486,0.0,0.0,0.0,102.97424578383624,2.0,35.0,4.8,102.0,5413.0,37.0,2286.1563872342717,24082.973578992205,7.041186089147417,50.0,1.0,2.0,0.5833206727091931,1.1473003338951329,0.0,2.0,60.0,6.4,91.0,12044.0,1504.299122037879,199259.4519202175,0.2534051314539098,-0.9110057925223792,-0.5676988242036551,-0.4921495761806782,-8655.0,-0.0511686005945448,0.042714856022611,0.109025601425624,3.6678824375818624,0.109025601425624,3.6678824375818624,0.042714856022611,1.0,0.0,21.063717746182203,36.86150605581886,21.063717746182203,36.86150605581886,57.92522380200106,-0.053376541643793,-26.489776807659126,-20.4975540683954,-51.08900011613084,84.46837715130398,-1.466916354556802,-1.6121602947950286,-2.0043703602130813,2.031284796416588,5673.995,5.813263482344788,1.5,-2.299999999999999,0.6999999999999957,9.090909090909085,1.85185185185186,1.0,1.0,1.0,1.0,111.0,233548.13401710155,1.0,1.0,0.0,1.0,3.6678824375818624,3.6678824375818624,1.0,1.0,4.741349018509821,856627.099091342,0.109025601425624,0.109025601425624,0.6080698994985803,25462.725773046735,0.0,0.0,0.0,0.0,-0.9110057925223792,-0.5676988242036551,-0.4921495761806782,22.0,Central Mountains,-0.2947474693289376,-0.7107548342601633,-0.6503340635803045,-0.19740210685174064,0.6729893295612372,1.2473483880755647,1.2630892918645802,-0.6302744735386262,4.909012307473164,20.95914713670565,111.0,111.0,215616.50406572985,22032.844589302396,85723.05173111173,17931.629951371695,2.818642636625901,5.279582112836945,0.19492309630797866,-4.823012996838982,1.85185185185186,5.882352941176472,4.296281322762023,7.2390572390572245,156.05493133583022,179.12892164389172,376.19850772050114,-71.58655418452624,18942.0,19224.0,19235.0,48.0,hurricane_cat3,municipio,-0.7210095226563076
2021.0,Corozal,34631.0,0.0,28704.0,187.0,13001.0,263.0,19285.0,21686.0354777549,2104.0,270.96791666666667,24558.0,72.5,7022.0,721.3910174,21.4,5258.0,45.0,44.0,322.0,7.1,2.1,47.8,19.49,9639.0,28.0,19.79,19.39,22.53,10.77,99.62,0.0,0.74,0.72,4.05,15.39,256.0,0.74,18.3411,-66.3161,2.0,4.0,14.0,43.0,98.0,19285.0,21686.0354777549,270.96791666666667,72.0,47.0,72047.0,19.5,3.4,33.6,2.8,41.7,2.9,322.0,212.0,65.8,38.0,88.0,16.0,53.0,34.0,35.0,0.0,2.0,0.0,0.8220112745578184,0.0,0.0,0.0,118.00360147330326,2.0,35.0,4.46,89.0,5498.0,43.0,2169.23539313782,25146.75462440223,3.06109982005999,45.0,1.0,1.0,0.4798891260447013,0.8141993375076293,0.0,2.0,60.0,6.4,54.0,12083.0,966.411925360392,200942.19976791792,5.171890184645278,-0.4966648378620264,-0.2269330148974679,-0.1803178270431304,-9639.0,-0.14138343006266,-0.5132851928553284,-0.0103731398337402,3.2874558487432908,-0.0103731398337402,3.2874558487432908,-0.5132851928553284,0.0,5.775172533279432,11.550345066558863,40.42620773295602,17.325517599838296,40.42620773295602,57.75172533279432,-25.191489202882796,-38.53394775781171,0.7259620266016853,-31.48760570326212,121.47716229348882,-1.7074626865671627,-1.9464364115322708,8.799194240448838,5.9385188643052675,9644.544,12.630854161781269,2.0,-6.399999999999999,-1.0,6.270627062706269,0.6644518272425293,1.0,1.0,1.0,1.0,111.0,237422.6605363209,1.0,1.0,0.0,1.0,3.2874558487432908,3.2874558487432908,0.0,0.0,-56.97465640694145,780516.5140043211,-0.0103731398337402,-0.0103731398337402,-0.0520689822316815,-2462.81845744191,0.0,0.0,0.0,0.0,-0.4966648378620264,-0.2269330148974679,-0.1803178270431304,23.0,Central Mountains,1.54115710522591,0.9452654343102608,0.9796757544411486,-1.7214749322690406,0.0324016077605891,0.6319814493036828,0.5017866906728349,-0.5456868006159175,4.402198341735076,14.171654255770534,111.0,111.0,219915.098784208,26753.41136837235,90203.19366760754,17507.561752112902,10.458820722817896,-1.4424583703509295,2.952953849531529,-1.6596264823690579,0.6644518272425293,5.98591549295775,2.814160671846929,5.6061752354637395,152.23880597014926,99.5170496121762,287.1648327088749,-30.76164367666044,32928.0,33500.0,33531.0,1703.0,hurricane_cat3,municipio,-0.4670565035994181
2021.0,Cayey,42134.0,0.0,35912.0,141.0,19742.0,313.0,23823.0,26789.028944078556,1807.0,270.96791666666667,30858.0,77.5,9928.0,805.067078,26.4,8160.0,453.0,159.0,504.0,6.6,1.3,40.15,7.51,14492.0,22.83,17.38,21.74,31.91,14.98,99.93,0.0,4.71,0.18,1.31,18.01,137.0,0.33,18.1119,-66.1663,2.0,22.0,33.0,92.0,222.0,23823.0,26789.028944078556,270.96791666666667,72.0,35.0,72035.0,7.5,2.1,37.3,2.1,40.5,2.1,504.0,295.0,58.5,57.0,121.0,34.0,103.0,26.0,35.0,1.0,2.0,0.3480789184799411,0.9406181235830776,0.0,0.0,0.0,90.55190975898462,2.0,35.0,4.8,93.0,5126.0,30.0,2282.4638168571687,21479.200660143262,1.3642541829675665,50.0,1.0,2.0,0.7056126047326056,1.2693659806446749,0.0,2.0,60.0,6.4,115.0,11978.0,1914.6771074739177,194554.93899444863,-2.3002365162546945,-1.483362605022076,-1.0773849373844624,-0.9722227604056944,-14492.0,-0.3166827137043292,-2.5486776659054486,0.0136398735063443,2.200618898196422,0.0136398735063443,2.200618898196422,-2.5486776659054486,0.0,4.746760336070632,52.21436369677695,78.32154554516542,56.96112403284758,78.32154554516542,135.282669578013,1.310240575072683,31.945809330353008,-12.865731821430316,-40.41197647218085,102.02661967258732,-1.5050816489665442,-1.6730294183696426,-1.497054093603345,1.1912566213310083,13395.176,0.195226655903502,0.5999999999999943,-0.5999999999999996,0.5,3.2786885245901676,3.609341825902334,1.0,1.0,1.0,1.0,111.0,226047.96362217015,1.0,1.0,0.0,1.0,2.200618898196422,2.200618898196422,0.0,0.0,-282.9032209155048,497445.42064576497,0.0136398735063443,0.0136398735063443,0.0777905925536682,3083.2656301731326,0.0,0.0,0.0,0.0,-1.483362605022076,-1.0773849373844624,-0.9722227604056944,17.0,Central Mountains,-1.486693374869208,-1.7636301305558044,-1.692345515976316,0.5144706144635135,-2.3472463895182716,-1.942392653741036,-1.9094977656126455,-0.20143127638717706,5.155121778094166,18.757279857909865,111.0,111.0,209784.2807642095,20228.35823071313,82528.69324203763,16263.682857960637,1.332726984569077,3.738096973027294,2.294237093167576,-2.829781078172422,3.609341825902334,2.3913043478260843,1.712859069403727,-0.33065330131216664,155.30432796619846,222.3220300920728,489.7972975350555,-53.27770829361114,43126.0,43785.0,43813.666666666664,-992.0,hurricane_cat3,municipio,-1.138314926374674
2021.0,Culebra,1293.0,246.0,1103.0,207.0,1464.0,109.0,25104.0,28229.5169631091,5802.0,270.96791666666667,940.0,81.6,332.0,86.31338251,17.6,165.0,0.0,15.0,47.0,13.5,5.7,23.02,2.51,16250.0,31.28,17.01,32.64,7.12,8.38,94.35,0.0,7.38,0.55,34.15,17.18,0.0,0.0,18.303,-65.301,2.0,1.0,9.0,9.0,24.0,25104.0,28229.5169631091,270.96791666666667,72.0,49.0,72049.0,2.5,2.9,56.3,6.8,57.8,7.0,47.0,35.0,74.5,11.0,8.0,3.0,,,35.0,0.0,2.0,0.0,0.5613918908041875,1.0,0.0,0.0,139.9785456025938,2.0,35.0,4.8,21.0,175.0,31.0,2979.9287015981126,7549.188354730026,7.725398746774338,45.0,1.0,1.0,0.4401377479233436,0.7095401250890069,0.0,2.0,60.0,4.54,16.0,81.0,1156.5317675068886,2930.2718692161543,-5.689277899343548,-8.275328692962102,-0.4651188004625606,2.366843528140561,-16250.0,-0.392810927978437,-2.516269741650251,0.5933776139579584,2.772809558604166,0.5933776139579584,2.772809558604166,-2.516269741650251,0.0,154.67904098994586,77.33952049497293,696.0556844547564,232.0185614849188,696.0556844547564,928.0742459396752,232.0185614849188,-106.27837827317956,-76.27765064836004,192.11285754105563,802.3340627279359,4.576659038901609,-0.2283105022831022,-6.532619879877711,-0.5484077506058578,620.9889999999999,0.2630134332213929,1.0,-0.7999999999999998,0.6999999999999957,14.634146341463406,2.499999999999991,1.0,1.0,1.0,1.0,111.0,14821.370874678456,1.0,1.0,0.0,1.0,2.772809558604166,2.772809558604166,0.0,0.0,-279.3059413231778,41096.838832925816,0.5933776139579584,0.5933776139579584,7.156335876278927,8794.669685202682,0.0,0.0,0.0,0.0,-6.8200324295359085,-0.4651188004625606,1.9548955238758428,24.0,East,-2.2378918145158355,-3.2849637094283235,-2.019481150789948,4.604735342656396,-1.506950179745392,-0.439548727696477,-0.4750745929174866,-1.009319561904859,11.67450568744222,21.91272223057618,111.0,111.0,11275.150575878062,13282.069651055404,13573.729780668591,3546.2202988003937,8.603691859827034,-3.716295231766898,1.4582785115208161,-15.136311739704745,2.499999999999991,2.564102564102555,2.565227170490325,12.134146341463415,686.4988558352403,1141.552511415525,966.3339452638651,115.83520689269562,1371.0,1311.0,1332.0,-78.0,hurricane_cat3,municipio,1.909877213450131
2021.0,Fajardo,32336.0,0.0,26977.0,128.0,18336.0,298.0,21701.0,24402.834114739904,1617.0,270.96791666666667,23310.0,83.1,7870.0,703.3327804,28.9,6743.0,171.0,90.0,495.0,8.1,1.6,42.71,25.64,13423.0,17.47,18.57,22.63,23.18,14.32,99.73,0.0,10.08,0.07,3.73,14.76,140.0,0.43,18.3258,-65.6524,13.0,9.0,32.0,64.0,172.0,21701.0,24402.834114739904,270.96791666666667,72.0,53.0,72053.0,25.6,3.0,37.2,2.0,50.0,2.1,495.0,289.0,58.4,64.0,110.0,33.0,92.0,12.0,35.0,0.0,2.0,0.0,0.5920210444001153,1.0,0.0,0.0,123.51431442066088,2.0,35.0,4.8,33.0,240.0,32.0,2259.3816395944737,7427.715339631954,11.009986161263118,45.0,1.0,1.0,0.5335011795645682,0.982693254070981,0.0,2.0,60.0,4.54,23.0,119.0,838.1631616200071,2826.6869935522777,6.849948782341464,-1.0885700148441368,-0.9008912763247,-0.8808602311259239,-13423.0,-0.1456210953822196,-2.224516902553789,0.1588273299407502,1.4878972133334556,0.1588273299407502,1.4878972133334556,-2.224516902553789,0.0,40.20286986640277,27.832756061355763,98.96091044037608,68.03562592775853,98.96091044037608,166.9965363681346,5.252689668960656,-13.387501812209608,-62.57465430402557,-6.580583922400663,175.13134851138355,-2.7257240204429323,-2.781163088653482,3.878204365861726,1.8010671362715132,10035.444,4.235676252393117,-1.1999999999999955,-0.2999999999999971,-1.8999999999999984,4.210526315789465,-0.4192872117400381,1.0,1.0,1.0,1.0,111.0,15763.059659339053,1.0,1.0,0.0,1.0,1.4878972133334556,1.4878972133334556,0.0,0.0,-246.92137618347058,23453.812540739586,0.1588273299407502,0.1588273299407502,1.2274807526257314,2503.604677389574,0.0,0.0,0.0,0.0,-1.0885700148441368,-0.9008912763247,-0.8808602311259239,26.0,East,1.6181471152217908,0.9267453820075212,0.9642097717956322,-2.4990073463477147,-1.687859630128747,-1.516758949027394,-1.4305598822767314,-0.536657272425042,7.30668754263624,16.864312706994596,111.0,111.0,13233.570945947387,16633.06420881864,16457.73984428804,2529.4887133916654,1.4413045869839936,0.0836924559688201,-0.06713089765375917,2.4368997788777325,-0.4192872117400381,-0.4175365344467607,-0.6913123827495501,4.629813527529502,244.28658673780976,268.74160182494296,505.60249268544254,-69.1552382264262,30263.0,31111.0,31125.0,2073.0,hurricane_cat3,municipio,-1.1052739636582862
2021.0,Florida,11725.0,0.0,9775.0,93.0,5001.0,133.0,21487.0,24162.190526861268,3659.0,270.96791666666667,8137.0,78.4,2789.0,488.9836398,18.9,1536.0,45.0,69.0,54.0,4.4,1.8,49.12,19.74,9963.0,23.12,19.2,20.45,21.05,15.89,99.05,0.0,3.68,0.0,5.43,13.11,14.0,0.12,18.3625,-66.5614,2.0,1.0,9.0,16.0,47.0,21487.0,24162.190526861268,270.96791666666667,72.0,54.0,72054.0,19.7,6.5,36.9,3.9,46.0,4.3,54.0,30.0,55.6,9.0,17.0,,8.0,5.0,35.0,0.0,2.0,0.0,0.6849292934335598,0.0,0.0,0.0,127.84161221372872,2.0,35.0,4.46,679.0,5571.0,48.0,5886.9449365751025,31225.741906229603,15.410542191903833,50.0,0.0,2.0,0.0,1.045162512543136,0.0,2.0,60.0,6.4,2047.0,12124.0,47666.34844558686,251267.04537979988,1.8413966820116423,-0.7164179104477642,-0.4316351693304909,-0.5517235361698569,-9963.0,-0.1978619864331322,-0.7123316544361543,0.0863913708960629,2.9799113813528546,0.0863913708960629,2.9799113813528546,-0.7123316544361543,0.0,17.057569296375267,8.528784648187633,76.75906183368869,25.5863539445629,76.75906183368869,102.3454157782516,16.900520538847623,33.329894805112296,-34.06016984298096,-59.16124076829458,52.11500043429167,-1.5730529195520204,-1.788413098236774,1.5109983034672814,-0.6537031252570065,3606.975,1.876696426806168,-0.1000000000000014,0.8000000000000007,0.2999999999999971,-6.896551724137934,11.538461538461542,1.0,1.0,1.0,1.0,111.0,297926.86739715474,1.0,1.0,0.0,1.0,2.9799113813528546,2.9799113813528546,0.0,0.0,-79.06881364241313,887795.6629675841,0.0863913708960629,0.0863913708960629,0.3799654043084698,25738.31050120975,0.0,0.0,0.0,0.0,-0.7164179104477642,-0.4316351693304909,-0.5517235361698569,27.0,North,0.3203485085031765,-0.1598404323078894,-0.11998945381290389,-0.8720720446730335,-0.3703135055160226,-0.2343441118583738,-0.24970666552808654,-0.3420181489201317,3.9299351875802095,12.32873548253357,111.0,111.0,275746.6757823671,32598.390634003143,111108.09168348694,22180.191614787618,-2.3051626165083494,-1.1669450627299516,4.58038978128021,3.816160919975631,11.538461538461542,-3.703703703703709,3.2405167625293405,-18.435013262599476,145.33641104556722,176.32241813602013,370.81104300561424,-93.22141061127554,11513.0,11697.0,11706.666666666666,212.0,hurricane_cat3,municipio,-0.7850895677193965
2021.0,Guayama,37388.0,0.0,31280.0,173.0,17904.0,393.0,17815.0,20033.01643952313,1606.0,270.96791666666667,26525.0,78.6,10365.0,790.9652331,21.1,5595.0,156.0,107.0,458.0,5.5,1.6,50.6,7.51,11032.0,21.89,18.8,19.24,21.95,13.16,99.7,0.0,6.83,0.34,2.47,15.71,2579.0,6.9,17.9741,-66.11,8.0,19.0,35.0,59.0,194.0,17815.0,20033.01643952313,270.96791666666667,72.0,57.0,72057.0,7.5,3.0,28.8,2.8,31.1,2.7,458.0,276.0,60.3,61.0,120.0,29.0,95.0,21.0,35.0,1.0,2.0,0.4119392223244564,1.037543958540896,0.0,0.0,0.0,74.96399008209247,2.0,35.0,4.8,113.0,4783.0,24.0,2126.696061466031,18873.572221496128,6.104586963453984,50.0,1.0,2.0,0.9429361813297794,1.7067840817831574,0.0,2.0,60.0,6.4,77.0,11797.0,1201.2295221007712,184833.1181192417,-6.990397532215531,-2.736172033807638,-2.085237383708216,-1.8991836070832544,-11032.0,0.248432513142572,-2.774356316071649,0.135326041666041,2.504548882712824,0.135326041666041,2.504548882712824,-2.774356316071649,0.0,21.397239756071468,50.818444420669735,93.61292393281268,72.2156841767412,93.61292393281268,165.8286081095539,2.560477450038377,-20.82062997534196,13.40535957954834,-51.87034200517169,184.08876063485744,-1.6899410599427678,-1.958950750491539,-1.734072275937737,0.300012252716216,9008.64,-5.494325656341859,0.1999999999999993,-1.3000000000000007,-0.2999999999999971,1.55210643015522,2.499999999999991,1.0,1.0,1.0,1.0,111.0,214728.6227471328,1.0,1.0,0.0,1.0,2.504548882712824,2.504548882712824,0.0,0.0,-307.953551083953,537798.3321877948,0.135326041666041,0.135326041666041,0.8621768267653465,29058.374548770105,0.0,0.0,0.0,0.0,-2.736172033807638,-2.085237383708216,-1.8991836070832544,28.0,South,-3.7483803355875978,-3.8330813279223057,-3.7196900856562873,1.8491967285043434,-2.24870281099205,-1.915690236367262,-1.8716148604290133,-0.5256535050795987,5.751091366230332,17.173176163119802,111.0,111.0,200397.1712585891,19247.37510165663,78386.99720240968,14331.45148854368,-0.9055734559661356,3.5396824900525203,2.3776587702608523,-0.8284988199716014,2.499999999999991,4.761904761904767,1.1239148596127995,-0.947893569844771,222.55374306048083,203.80760562029445,445.5559968782167,-38.46498242562339,40198.0,40889.0,40931.0,-2810.0,hurricane_cat3,municipio,-1.9447206027051687
2021.0,Guayanilla,18047.0,0.0,14897.0,93.0,8271.0,163.0,19023.0,21391.41575801563,1725.0,270.96791666666667,12883.0,77.1,3840.0,352.286815,24.3,3125.0,74.0,59.0,108.0,3.7,1.2,53.25,23.88,9273.0,23.95,19.29,22.21,14.25,15.81,99.77,0.0,1.44,0.22,5.08,15.34,79.0,0.44,18.013,-66.7919,8.0,1.0,10.0,13.0,67.0,19023.0,21391.41575801563,270.96791666666667,72.0,59.0,72059.0,23.9,4.3,28.8,2.6,37.8,2.6,108.0,69.0,63.9,21.0,20.0,5.0,20.0,10.0,35.0,1.0,2.0,0.3420036471674896,1.1954351855858834,0.0,0.0,0.0,92.33808992937269,2.0,35.0,4.46,5319.0,5483.0,39.0,87433.14248970449,89611.82192099879,0.1399598402562567,55.0,1.0,2.0,0.5957130080708339,1.5940043998579132,0.0,2.0,60.0,6.4,11990.0,12061.0,993157.358311552,994086.6557498826,-0.1825221238938024,-2.0889898598104972,-1.758126964342921,-1.702219423450846,-9273.0,-0.0363955159800328,-0.0840854244179384,0.1495780371059543,3.2481078277989313,0.1495780371059543,3.2481078277989313,-0.0840854244179384,0.0,44.32869729040838,5.541087161301047,55.41087161301048,49.86978445170943,55.41087161301048,105.2806560647199,22.21491719507226,16.694057453718443,-4.753040272800014,-4.493729213290877,66.3716814159292,-2.344171977962628,-2.59890572390572,2.116649049282171,1.3735120320675032,4290.336,-4.288818998676214,-1.3999999999999986,0.2999999999999971,-1.7000000000000028,18.68131868131868,-3.1914893617021267,1.0,1.0,1.0,1.0,111.0,1106080.749903867,1.0,1.0,0.0,1.0,3.2481078277989313,3.2481078277989313,0.0,0.0,-9.333482110391163,3592669.5419404623,0.1495780371059543,0.1495780371059543,0.7113245762649505,165445.38745130238,0.0,0.0,0.0,0.0,-2.0889898598104972,-1.758126964342921,-1.702219423450846,29.0,South,-1.23570832914619,-1.5432649234225049,-1.4978183583969296,-0.466511094304656,0.1022336793210638,0.2154953208215344,0.26784417915282427,-0.18631910373900218,3.860159514883727,8.597114340590625,111.0,111.0,1024406.399223073,35101.14687673039,359361.73128022515,81674.35068079398,1.1323229759976128,0.8715640709227257,4.073129259169813,0.9843260732845582,-3.1914893617021267,-2.083333333333337,0.07322759982334419,21.872808043020804,75.6184509020201,152.56734006734004,227.59255994139906,-9.246769486090898,18080.0,18514.0,18534.0,-33.0,hurricane_cat3,municipio,-1.8061177996611595
2021.0,Guaynabo,90014.0,0.0,77938.0,227.0,40225.0,394.0,39176.0,44053.51962025024,2063.0,270.96791666666667,68437.0,85.7,12173.0,1144.665017,46.2,31616.0,1757.0,387.0,2267.0,5.6,0.9,25.06,9.02,25140.0,14.45,15.52,23.4,23.1,8.96,98.76,0.0,15.26,0.08,2.22,11.1,648.0,0.72,18.358,-66.1111,14.0,20.0,65.0,246.0,454.0,39176.0,44053.51962025024,270.96791666666667,72.0,61.0,72061.0,9.0,1.4,45.6,1.5,50.5,1.5,2267.0,1213.0,53.5,204.0,284.0,381.0,283.0,126.0,35.0,0.0,2.0,0.0,0.7967624061048204,0.0,0.0,0.0,117.65009969863377,2.0,35.0,4.8,63.0,3535.0,26.0,2140.8384346943226,15718.657501363425,3.744358827924872,45.0,1.0,1.0,0.5202603529076993,0.8098106612926019,0.0,2.0,60.0,6.4,24.0,9943.0,708.0451397911988,144240.3644174731,5.51153413353338,-0.5110316173039697,-0.2842487219430367,-0.2360757985416239,-25140.0,-0.9100279802614518,-6.363538287652271,-0.531871667034631,-2.3396176098054897,-0.531871667034631,-2.3396176098054897,-6.363538287652271,0.0,15.553136178816628,22.21876596973804,72.21098940164863,37.771902148554666,72.21098940164863,109.9828915502033,-25.52517212001248,-25.078958085223093,-27.573326136323757,-37.290265771004655,160.58702175543883,-1.8691696285816128,-1.9466970438627107,3.74753179204006,2.2966642426324473,35539.728,1.829716946749227,-2.1000000000000014,-0.5,-2.6000000000000014,3.6106032906764174,1.390176088971273,1.0,1.0,1.0,1.0,111.0,169861.77564825644,1.0,1.0,0.0,1.0,-2.3396176098054897,-2.3396176098054897,0.0,0.0,-706.3527499294021,-397411.6015394901,-0.531871667034631,-0.531871667034631,-3.0083089931706604,-90344.66577950065,0.0,0.0,0.0,0.0,-0.5110316173039697,-0.2842487219430367,-0.2360757985416239,30.0,Metro,1.6114127677174128,0.9935053810614214,1.0367585749374724,-1.8474885662590368,-6.044523978341161,-5.809181758452458,-5.754318789461035,-0.3190143093111102,5.0487654752389295,16.803384054185603,111.0,111.0,161000.4837388522,23368.813821063733,68607.00278021207,8861.291909404245,-0.8388422208105428,3.981303156667826,0.13633434144254922,4.586374012850603,1.390176088971273,2.8598665395614953,2.015095885072945,2.220427201705144,225.4506136627673,242.4912308403731,512.5477291378257,-64.86359190732847,85312.0,86937.0,86970.66666666667,4702.0,hurricane_cat3,municipio,-0.5188872313982851
2021.0,Gurabo,41237.0,0.0,34516.0,235.0,17014.0,360.0,35470.0,39886.11243951083,4466.0,270.96791666666667,29547.0,81.7,7201.0,968.5298137,32.5,9599.0,481.0,250.0,380.0,8.1,1.7,30.53,15.0,21634.0,18.73,18.85,16.75,23.03,13.35,98.53,0.0,1.65,0.0,4.24,10.16,313.0,0.76,18.2544,-65.9728,5.0,12.0,7.0,55.0,112.0,35470.0,39886.11243951083,270.96791666666667,72.0,63.0,72063.0,15.0,3.1,48.3,2.8,57.2,2.5,380.0,228.0,60.0,38.0,55.0,49.0,61.0,37.0,35.0,0.0,2.0,0.0,0.831909571184081,0.0,0.0,0.0,106.97567436843568,2.0,35.0,4.8,59.0,1867.0,19.0,1414.6260405806488,10695.214919350368,13.446714042350312,45.0,1.0,1.0,0.6239128119226841,1.093446078746807,0.0,2.0,60.0,6.4,23.0,5754.0,533.4308217525203,103425.8676690773,-12.16452245037062,-1.7460048015132013,-1.0408951612476236,-0.8223547112544249,-21634.0,-0.8457686703036871,-3.479472052075103,-0.3926532157295741,0.8167886364645985,-0.3926532157295741,0.8167886364645985,-3.479472052075103,0.0,12.125033343841697,29.10008002522007,16.975046681378373,41.225113369061766,16.975046681378373,58.20016005044014,17.79493529970844,-12.845179952344044,-46.917295816811674,-29.86853908787213,53.250404703075745,0.0810061820507357,0.0341195035612251,-4.191749409108592,-0.755425212069379,16671.228,-7.507086255078565,1.7999999999999972,-1.0,1.6000000000000014,9.5100864553314,2.0588235294117574,1.0,1.0,1.0,1.0,111.0,120683.34879425184,1.0,1.0,0.0,1.0,0.8167886364645985,0.8167886364645985,0.0,0.0,-386.2213977803364,98572.78790563851,-0.3926532157295741,-0.3926532157295741,-2.4978070723200103,-47386.70498907681,0.0,0.0,0.0,0.0,-1.7460048015132013,-1.0408951612476236,-0.8223547112544249,31.0,East,-4.897085222675546,-4.766309126880164,-4.619335903744041,4.074730511421121,-2.860325346565845,-2.556912928535733,-2.565987270802916,-0.6191467055092579,5.887126912979372,17.84002932840659,111.0,111.0,115046.66310126112,16891.28189304272,49937.133044319715,5636.685692990723,-0.2531354034620237,2.178609176362478,0.8814727120170281,-3.9386140056465684,2.0588235294117574,3.0303030303030276,1.4955723070535238,7.451262925919643,130.03623960775954,121.5507314368576,377.01778104653886,-76.7858349046838,46948.0,46910.0,46917.333333333336,-5711.0,hurricane_cat3,municipio,-0.9470903351121673
2021.0,Dorado,36030.0,0.0,30027.0,165.0,15763.0,252.0,29744.0,33447.2097096366,4198.0,270.96791666666667,25509.0,82.2,7057.0,778.1548689,31.3,7978.0,312.0,184.0,675.0,6.0,1.6,30.86,16.13,18004.0,18.27,19.87,18.22,15.01,10.31,97.01,0.0,2.35,0.7,4.19,10.47,53.0,0.15,18.4588,-66.2677,9.0,22.0,22.0,120.0,279.0,29744.0,33447.2097096366,270.96791666666667,72.0,51.0,72051.0,16.1,2.5,40.7,2.4,48.8,2.5,675.0,434.0,64.3,79.0,87.0,153.0,92.0,25.0,35.0,0.0,2.0,0.0,0.7643424425173349,0.0,0.0,0.0,130.06901468665262,2.0,35.0,4.2,51.0,4878.0,34.0,2201.5995064848116,20089.332846734746,1.2032378520798384,45.0,1.0,1.0,0.437332636264696,0.7481150755783401,0.0,2.0,60.0,6.4,29.0,11732.0,702.6290167043883,169859.2968355919,-1.2200137080191964,-0.6772134332500679,-0.2974170277113552,-0.2039497642439602,-18004.0,-0.8873081152137462,-2.9384009876972232,-0.2900054851883827,0.6406085885025358,-0.2900054851883827,0.6406085885025358,-2.9384009876972232,0.0,24.97918401332223,61.060227588121016,61.060227588121016,86.03941160144325,61.060227588121016,147.09963918956427,1.049692615836662,-59.57034129467544,-48.151601015480296,-55.98546785333919,205.62028786840304,-0.8912316930684949,-1.088475596645888,-4.815576544136113,-2.3786975641781742,12220.989,4.330215802648496,1.4000000000000057,-2.6999999999999993,0.0999999999999943,8.520900321543401,4.013377926421402,1.0,1.0,1.0,1.0,111.0,201086.92302026265,1.0,1.0,0.0,1.0,0.6406085885025358,0.6406085885025358,0.0,0.0,-326.16250963439177,128818.0099223285,-0.2900054851883827,-0.2900054851883827,-1.511975077802952,-58316.31067553024,0.0,0.0,0.0,0.0,-0.6772134332500679,-0.2974170277113552,-0.2039497642439602,25.0,North,-0.6059027432140929,-0.9297378971608984,-0.8674355169852525,0.4019529789701327,-2.41190599653564,-2.182072485744519,-2.0078387860049935,-0.526494991161583,4.6385440678203205,15.029558189099133,111.0,111.0,189134.6754458221,27769.653056973108,80697.5668289526,11952.247574440553,-4.065464406826824,1.7449482584284135,-1.2201794422295078,-0.7501121373092889,4.013377926421402,9.724770642201827,5.458227802849301,4.507522395121999,309.7573567372225,301.0105353687379,901.6788295603011,-104.13706886881945,36475.0,36803.0,36828.666666666664,-445.0,hurricane_cat3,municipio,-0.4539463108172276
2021.0,Guánica,14297.0,0.0,11802.0,81.0,9413.0,156.0,12856.0,14456.607316671869,1386.0,270.96791666666667,10351.0,70.2,3867.0,329.2931824,15.1,1561.0,28.0,27.0,89.0,4.0,1.3,66.81,34.08,7489.0,31.0,19.05,25.3,37.03,12.45,99.33,0.0,4.29,0.15,4.3,11.07,88.0,0.62,17.9716,-66.908,2.0,1.0,10.0,29.0,65.0,12856.0,14456.607316671869,270.96791666666667,72.0,55.0,72055.0,34.1,5.7,24.7,2.4,37.4,2.3,89.0,51.0,57.3,14.0,22.0,,19.0,5.0,35.0,1.0,2.0,0.3922439243035833,1.2452826947876598,0.0,0.0,0.0,79.23019027545523,2.0,35.0,4.46,5326.0,5469.0,38.0,112165.01389798352,114039.10849675238,0.1445152487198422,55.0,1.0,2.0,0.7182235542716001,1.7170972008564818,0.0,2.0,60.0,6.4,11987.0,12057.0,976977.8593100432,977972.2848522976,-9.65560821484992,-4.301601734629646,-3.673110229061294,-3.4818354273112195,-7489.0,0.3357767151782009,-0.1446910435328134,0.3500547207775986,3.8600002552282047,0.3500547207775986,3.8600002552282047,-0.1446910435328134,1.0,13.988948730502903,6.994474365251452,69.9447436525145,20.98342309575435,69.9447436525145,90.92816674826886,-4.293038199664288,6.753590413967906,6.863645975956299,-71.83615910417726,88.46761453396525,-2.872399189836128,-2.9196210451051696,-0.0135023454146732,-3.4250629379054023,2915.094,-5.178363018216869,1.3000000000000007,-0.6999999999999957,1.5,1.1363636363636465,-6.382978723404253,1.0,1.0,1.0,1.0,111.0,1118886.8315505376,1.0,1.0,0.0,1.0,3.8600002552282047,3.8600002552282047,1.0,1.0,-16.060705832142286,4318903.455356552,0.3500547207775986,0.3500547207775986,1.6820627755412991,391671.6174001554,0.0,0.0,0.0,0.0,-4.301601734629646,-3.673110229061294,-3.4818354273112195,32.0,West,-5.710045805925013,-5.655589281330831,-5.523083501266442,2.2282103786137935,-0.0038006986647215,0.013438988994648,0.13965635674199298,-0.1408903448680919,3.8808652750105015,8.030128253633324,111.0,111.0,1012526.0756195794,39223.44548590547,356543.60356541123,106360.7559309582,-6.648664136856974,-3.61302233144456,-2.6994751286080017,6.635161791442301,-6.382978723404253,-4.081632653061229,-1.6960890968146607,7.5193423597679,153.4401276621862,196.62753977238873,349.46658343700346,-64.97251312822095,15825.0,16293.0,16300.333333333334,-1528.0,hurricane_cat3,municipio,-3.3521559613377176
2021.0,Cataño,23536.0,0.0,19617.0,101.0,10775.0,185.0,20089.0,22590.13568642044,1899.0,270.96791666666667,16870.0,76.9,5721.0,463.0172783,20.7,3491.0,98.0,67.0,325.0,7.5,1.1,46.08,14.1,13653.0,23.76,18.86,21.62,19.63,16.57,99.04,0.0,10.2,0.3,4.35,24.53,6.0,0.03,18.4388,-66.1182,6.0,2.0,19.0,58.0,113.0,20089.0,22590.13568642044,270.96791666666667,72.0,33.0,72033.0,14.1,2.8,38.2,2.4,45.0,2.2,325.0,124.0,38.2,27.0,47.0,18.0,28.0,18.0,35.0,0.0,2.0,0.0,0.7608529705855748,0.0,0.0,0.0,126.64342984032425,2.0,35.0,4.8,47.0,2653.0,28.0,1895.294336011279,14129.913314409076,4.776087714541953,45.0,1.0,1.0,0.4720565584656869,0.7567173104081955,0.0,2.0,60.0,6.4,21.0,7526.0,588.0293741715169,119216.42361337376,-0.6836019917292546,-2.0224337185588026,-1.645074518774592,-1.537510996547253,-13653.0,-0.0330849463837766,-1.0876123064934868,0.5923933271129839,3.40790293009356,0.5923933271129839,3.40790293009356,-1.0876123064934868,0.0,25.492861998640382,8.497620666213459,80.72739632902788,33.99048266485384,80.72739632902788,114.71787899388173,-33.52576343186317,-3.6679112918683927,-10.766478142086498,-35.08885042780382,151.9115537176133,-2.360842157307075,-2.479106396657027,2.9175151772419694,0.7847470123010162,7493.694,-0.4193084400673563,-0.1999999999999957,-2.5999999999999996,-1.3999999999999986,1.2461059190031154,-0.92592592592593,1.0,1.0,1.0,1.0,111.0,142655.63525661416,1.0,1.0,0.0,1.0,3.40790293009356,3.40790293009356,0.0,0.0,-120.72496602077703,486156.5573853736,0.5923933271129839,0.5923933271129839,3.29595789211554,84508.24640108194,0.0,0.0,0.0,0.0,-2.0224337185588026,-1.645074518774592,-1.537510996547253,16.0,Metro,-1.325622365257095,-1.6916189345290933,-1.620612118551697,-0.211888631290158,-0.6508325490897641,-0.153940269809495,-0.16770556581682813,-0.43677975740372277,4.985643593041375,15.780025035744137,111.0,111.0,136028.62609521515,24086.272059873045,61043.897206179536,6627.009161399008,5.549380184156338,-6.112654324495259,-1.69625241383864,-2.631865006914369,-0.92592592592593,-1.8181818181818188,-1.115505794220654,2.1720318449290454,197.7668822875036,329.4760527161684,623.7518124818517,-45.855328569890304,23698.0,24271.0,24285.666666666668,-162.0,hurricane_cat3,municipio,-1.6549057477301565
2021.0,Canóvanas,42811.0,0.0,35437.0,144.0,17529.0,332.0,23517.0,26444.931103467046,1645.0,270.96791666666667,30565.0,77.7,8733.0,739.6499172,26.4,8075.0,325.0,165.0,369.0,10.7,1.6,38.39,20.96,15824.0,22.59,19.35,17.97,19.9,14.39,99.93,0.0,4.26,0.1,6.8,9.85,55.0,0.13,18.3791,-65.9011,15.0,17.0,24.0,86.0,235.0,23517.0,26444.931103467046,270.96791666666667,72.0,29.0,72029.0,21.0,3.0,41.1,1.9,52.3,2.0,369.0,190.0,51.5,44.0,97.0,20.0,68.0,17.0,35.0,0.0,2.0,0.0,0.7624834980191695,0.0,0.0,0.0,121.82335381821476,2.0,35.0,4.8,45.0,466.0,28.0,1286.888281518896,7884.976666477723,2.3513112593219505,45.0,1.0,1.0,0.526238458609239,0.977786811148896,0.0,2.0,60.0,5.0,23.0,1191.0,634.5396131579985,14668.207350926932,-5.117464539007088,-1.385158020135013,-0.908096473925646,-0.7808036839082932,-15824.0,-0.4359837135054423,-1.825307780614895,-0.1439524561292058,1.9516579848484,-0.1439524561292058,1.9516579848484,-1.825307780614895,0.0,35.03772394945224,39.70942047604588,56.06035831912359,74.74714442549812,56.06035831912359,130.8075027446217,-7.256401673792666,-1.5637551560537162,-16.706640791996406,-38.892513707414615,139.62765957446808,-1.0265859436693892,-1.1277869350221237,3.940958222353119,1.7853819364790728,14564.607000000002,-0.8483565911990842,1.5,-1.1999999999999993,1.0999999999999943,0.2717391304347893,3.9548022598870025,1.0,1.0,1.0,1.0,111.0,28715.952836841676,1.0,1.0,0.0,1.0,1.9516579848484,1.9516579848484,0.0,0.0,-202.60916364825334,56043.718646552115,-0.1439524561292058,-0.1439524561292058,-0.9249858170613592,-4133.731940953797,0.0,0.0,0.0,0.0,-1.385158020135013,-0.908096473925646,-0.7808036839082932,14.0,East,-2.3315696989358647,-2.527440101790268,-2.4339089786300137,1.5507660150275715,-1.070979065647484,-0.6304192817902587,-0.6335266960920457,-0.7543287149674109,5.837577001297198,16.372333152828666,111.0,111.0,26813.544145329408,18511.11313454099,21905.695751295203,1902.408691512268,0.3740123910312753,1.0411751960528235,0.796607635395456,3.566945831321844,3.9548022598870025,9.597523219814242,2.850775159900413,-3.683063129452213,195.2268140738791,206.03799774442615,505.0041445381368,-55.599154499411014,45120.0,45588.0,45605.333333333336,-2309.0,hurricane_cat3,municipio,-0.9506503882133192
2021.0,Adjuntas,18068.0,0.0,15051.0,107.0,7584.0,160.0,15375.0,17289.22973660781,1242.0,270.96791666666667,13018.0,65.1,3881.0,466.2928265,14.4,1875.0,20.0,17.0,147.0,4.9,1.4,67.07,24.64,7527.0,35.44,19.03,20.97,14.9,11.66,99.51,0.0,4.61,0.0,2.35,14.06,74.0,0.41,18.1627,-66.7222,1.0,8.0,8.0,19.0,60.0,15375.0,17289.22973660781,270.96791666666667,72.0,1.0,72001.0,24.6,5.9,28.8,2.5,38.2,3.1,147.0,99.0,67.3,23.0,50.0,9.0,21.0,9.0,35.0,0.0,2.0,0.0,1.0891749170991962,0.0,0.0,0.0,106.16526147168383,2.0,35.0,4.46,5277.0,5525.0,41.0,46635.407169758946,49905.807074300465,2.8042051735770586,55.0,1.0,2.0,0.5149284871127813,1.465644312639839,0.0,2.0,60.0,6.4,11964.0,12086.0,457758.1187449419,459220.3235962623,2.577495174293176,-0.5313261013947357,-0.2576931090553458,-0.1996456064531804,-7527.0,0.0387646335911261,0.7483939353360415,0.1843740495025606,3.762319060677836,0.1843740495025606,3.762319060677836,0.7483939353360415,1.0,5.534646889528448,44.27717511622758,44.27717511622758,49.81182200575603,44.27717511622758,94.0889971219836,44.13451985973582,-1.1412420519341069,0.0878996531466995,-38.42262022494099,51.0957193141819,-1.5482644905259637,-1.5950717782300172,3.050186832130053,3.3935183049462747,4334.688,13.159652743242225,2.5,-5.199999999999999,0.7000000000000028,15.748031496062984,4.958677685950419,1.0,1.0,1.0,1.0,111.0,525073.7700840657,1.0,1.0,0.0,1.0,3.762319060677836,3.762319060677836,1.0,1.0,83.0717268223006,1975495.053449252,0.1843740495025606,0.1843740495025606,0.8514361623620873,96809.97727797567,0.0,0.0,0.0,0.0,-0.5313261013947357,-0.2576931090553458,-0.1996456064531804,0.0,Central Mountains,0.6785539229652304,0.1506866884746216,0.2072113049045865,-0.8781995294184108,1.2204647972771876,1.3305771298782385,1.500033450272089,-0.4720708619411461,3.788519672724885,10.070234181037868,111.0,111.0,483517.8332163254,30319.9143313937,178208.7157816088,41555.936867740355,0.461237966320116,6.669130116388655,4.987555862795638,2.588948865809937,4.958677685950419,-4.7244094488189,0.8845410252803981,10.789353810112566,89.4304398859762,115.50519773389804,206.8633861791844,-38.3347205717943,17614.0,17891.0,17895.333333333332,454.0,hurricane_cat3,municipio,-0.4707304975089639
2021.0,Aguada,38307.0,0.0,32722.0,145.0,17565.0,269.0,18733.0,21065.309961357663,1302.0,270.96791666666667,28428.0,66.5,7340.0,668.8796603,21.9,6237.0,173.0,94.0,548.0,5.2,1.1,45.06,7.57,10695.0,33.81,16.94,20.55,28.66,10.32,95.38,0.0,1.51,0.0,1.62,12.31,88.0,0.23,18.3605,-67.1882,3.0,4.0,15.0,51.0,113.0,18733.0,21065.309961357663,270.96791666666667,72.0,3.0,72003.0,7.6,2.3,35.0,2.4,37.9,2.2,548.0,389.0,71.0,73.0,169.0,36.0,83.0,40.0,40.0,1.0,2.0,0.3669499875015734,1.1047924616518818,0.0,0.0,0.0,85.38084532527726,2.0,35.0,4.46,1801.0,5525.0,52.0,15481.819942125048,35055.28082987386,4.347734437317142,55.0,1.0,2.0,0.683027967620547,1.790969751342246,0.0,2.0,60.0,6.4,838.0,12139.0,11516.092783206244,235747.5227374125,2.6804621116680583,-0.8066410838750149,-0.5274042988047234,-0.4800199818271511,-10695.0,-0.6812074823484117,-1.8078878920406496,-0.202525580870763,2.9277217095799166,-0.202525580870763,2.9277217095799166,-1.8078878920406496,0.0,7.8314668337379585,10.44195577831728,39.15733416868979,18.27342261205524,39.15733416868979,57.43075678074503,4.871112053714981,-6.410521729667089,-18.21491028794736,-36.10996462121945,58.97016645669714,-1.704695157295677,-1.7829878632611318,6.508997492166313,2.072502998574673,11452.7,4.412841301634551,0.2999999999999971,-0.1000000000000005,0.2999999999999971,4.1825095057034245,5.835010060362178,1.0,1.0,1.0,1.0,111.0,307879.8793117495,1.0,1.0,0.0,1.0,2.9277217095799166,2.9277217095799166,0.0,0.0,-200.6755560165121,901386.6066038536,-0.202525580870763,-0.202525580870763,-0.7863119285737015,-62353.55139603247,0.0,0.0,0.0,0.0,-0.8066410838750149,-0.5274042988047234,-0.4800199818271511,1.0,West,0.5305917054369225,0.0386283465103831,0.09284779045223657,-1.0106116872640736,-1.369217015283538,-0.8984562711120946,-0.8807468543384616,-0.4386708767571117,3.177149015280329,8.962417485247252,111.0,111.0,282608.54621897184,54131.53575555621,120578.48802718049,25271.33309277764,-0.8598010827895131,0.5683125863472194,-0.5935111882478528,7.368798574955826,5.835010060362178,3.757828810020869,4.054144006044884,-1.6525005546587535,113.29504136586394,108.68721372564242,243.74326162031716,-54.324874909166795,37307.0,37954.0,37968.0,1000.0,hurricane_cat3,municipio,-0.7232800935006845
2021.0,Aguadilla,55241.0,0.0,46631.0,176.0,27336.0,301.0,16940.0,19049.07653581374,859.0,270.96791666666667,40042.0,75.1,11862.0,848.7361192,24.6,9834.0,299.0,115.0,914.0,5.8,0.8,49.66,17.31,12055.0,25.06,18.1,22.45,23.46,13.36,98.65,0.0,10.16,0.1,1.98,16.77,1009.0,1.83,18.4275,-67.1541,6.0,9.0,31.0,90.0,235.0,16940.0,19049.07653581374,270.96791666666667,72.0,5.0,72005.0,17.3,2.3,31.3,1.7,38.1,1.7,914.0,503.0,55.0,125.0,210.0,88.0,178.0,26.0,35.0,1.0,2.0,0.3377528093283284,0.8644222066581831,0.0,0.0,0.0,93.62608106680943,2.0,35.0,4.46,332.0,5548.0,57.0,4525.561324068143,33367.89129085688,4.758503629584122,55.0,1.0,2.0,0.6068654875027337,1.685610059835498,0.0,2.0,60.0,6.4,124.0,12159.0,2421.20214758962,222342.4795513604,7.15588144009931,-0.8852120707445565,-0.6857202982549215,-0.6706596537373488,-12055.0,-0.0424614289006006,-2.002327665575899,0.1795361701166932,2.40008355489349,0.1795361701166932,2.40008355489349,-2.002327665575899,0.0,10.861497800546696,16.29224670082004,56.11773863615793,27.153744501366734,56.11773863615793,83.27148313752467,-3.8828787140274272,-77.72769898022943,2.629146367487799,-82.05138642770103,164.88206083178153,-2.369183569115396,-2.5163386626296913,0.7331976481189217,-2.006117726576062,14595.503,6.432261244824411,-0.3999999999999986,-0.0999999999999978,-0.6000000000000014,5.909617612977991,0.5827505827505908,1.0,1.0,1.0,1.0,111.0,296397.2804940472,1.0,1.0,0.0,1.0,2.40008355489349,2.40008355489349,0.0,0.0,-222.25837087892478,711378.2386289156,0.1795361701166932,0.1795361701166932,0.7037601881269445,53214.03257290449,0.0,0.0,0.0,0.0,-0.8852120707445565,-0.6857202982549215,-0.6706596537373488,2.0,West,1.8622197076003657,1.2155245229106937,1.244987339807957,-2.5328793613377147,-1.6108372641128814,-1.3934294498601123,-1.4070795126638895,-0.3914904014630176,3.277366383382234,9.842940369801964,111.0,111.0,272761.55927816813,58250.94446736818,118789.83111874806,23635.72121587908,-2.4758351679612933,-4.275715659885815,-3.2917717705727974,3.209032816080215,0.5827505827505908,5.795314426633791,0.9752280190011434,5.3268670302274,244.30430089199476,256.61854299745227,444.5426863549272,-79.42224006021323,51552.0,52803.0,52840.333333333336,3689.0,hurricane_cat3,municipio,-0.9180794879294829
2021.0,Aguas Buenas,24567.0,0.0,20818.0,122.0,10790.0,215.0,21844.0,24563.638007574697,2108.0,270.96791666666667,17784.0,74.1,6034.0,697.7248741,19.1,3392.0,79.0,87.0,143.0,6.6,1.6,42.75,5.7,13057.0,26.37,18.06,20.88,29.45,14.41,99.68,0.0,1.62,0.33,3.95,13.33,169.0,0.69,18.2572,-66.1031,6.0,2.0,13.0,33.0,75.0,21844.0,24563.638007574697,270.96791666666667,72.0,7.0,72007.0,5.7,2.2,42.0,2.6,44.5,2.6,143.0,89.0,62.2,16.0,35.0,6.0,23.0,15.0,35.0,0.0,2.0,0.0,0.8468242933344376,0.0,0.0,0.0,106.43628990878965,2.0,35.0,4.8,70.0,4241.0,23.0,2007.890211669105,16869.183616924085,0.4408046604050811,45.0,1.0,1.0,0.5954279558273148,0.8900718497871721,0.0,2.0,60.0,6.4,35.0,11269.0,756.4474347376146,159930.09166587042,-2.8895564866787904,-1.7543859649122862,-1.391618121188909,-1.310152543657006,-13057.0,-0.3326798997435646,-2.0584345014656886,-0.0691631583081456,2.7371622023833173,-0.0691631583081456,2.7371622023833173,-2.0584345014656886,0.0,24.423006472096716,8.141002157365572,52.916514022876214,32.564008629462286,52.916514022876214,85.4805226523385,12.7996003758454,-18.235355690144573,-65.67912134091472,-84.20000227703669,90.91627796663768,-1.7477085598881503,-2.005708848715504,3.3560237625112066,5.508509565473122,8743.56,5.6598410889795,3.1000000000000014,-3.999999999999999,1.3999999999999986,5.147058823529416,-7.482993197278908,1.0,1.0,1.0,1.0,111.0,186171.80568034353,1.0,1.0,0.0,1.0,2.7371622023833173,2.7371622023833173,0.0,0.0,-228.48622966269144,509582.4296576881,-0.0691631583081456,-0.0691631583081456,-0.4001844510461842,-12876.23006878292,0.0,0.0,0.0,0.0,-1.7543859649122862,-1.391618121188909,-1.310152543657006,3.0,Central Mountains,-1.8934807826198383,-2.1320257798069675,-2.08035196121672,0.5833282389628323,-1.4243108831457731,-0.8261022380571518,-0.7504872689498779,-0.6341236183199155,5.137605825206843,18.583435572791295,111.0,111.0,175317.8097551666,21132.12439390183,72034.75551053489,10853.995925176918,3.4294427210258105,9.74006221288235,4.61129508078153,-0.0734189585146039,-7.482993197278908,10.526315789473696,2.048032595331081,12.630052020808325,240.7954015845891,171.2654614652712,488.6227825631974,-149.8791236179514,25298.0,25748.0,25773.666666666668,-731.0,hurricane_cat3,municipio,-1.4390267670111707
2021.0,Aibonito,24565.0,0.0,20873.0,108.0,9852.0,184.0,21139.0,23770.863570871705,2210.0,270.96791666666667,18117.0,79.2,6637.0,561.079317,22.7,4107.0,350.0,170.0,289.0,3.8,1.1,43.72,7.53,12370.0,21.28,17.79,22.41,30.41,11.78,99.77,0.0,4.22,0.0,3.37,13.67,28.0,0.11,18.1408,-66.2663,1.0,1.0,10.0,24.0,56.0,21139.0,23770.863570871705,270.96791666666667,72.0,9.0,72009.0,7.5,2.4,36.2,2.4,39.1,2.4,289.0,179.0,61.9,29.0,74.0,27.0,60.0,13.0,35.0,1.0,2.0,0.3328974333584493,0.9302027667036056,0.0,0.0,0.0,95.13748828550906,2.0,35.0,4.8,145.0,5456.0,39.0,2694.3013064619145,26089.545334609425,3.2237164953604913,50.0,1.0,2.0,0.6208194412251409,1.2116614633546634,0.0,2.0,60.0,6.4,320.0,12058.0,8765.864537439835,220777.20786833472,8.959858061654469,-0.0407083248524342,0.0915518222371902,0.0962503644350132,-12370.0,-0.4206360044726417,-2.484376666937284,0.0890817780608062,2.8067057249448446,0.0890817780608062,2.8067057249448446,-2.484376666937284,0.0,4.0708324852432325,4.0708324852432325,40.70832485243232,8.141664970486465,40.70832485243232,48.849989822918786,-9.60062822090852,-48.003141104542614,-30.108759531764925,1.7095519148660117,106.45375914836993,-1.9270923960327144,-1.9994031632348583,-2.11771392791259,-0.2057277495301675,7556.026000000001,7.822790514423983,-0.8999999999999986,1.5,-0.5,0.6968641114982521,3.237410071942448,1.0,1.0,1.0,1.0,111.0,257407.83283951023,1.0,1.0,0.0,1.0,2.8067057249448446,2.8067057249448446,0.0,0.0,-275.76581003003855,722468.038076299,0.0890817780608062,0.0890817780608062,0.4812842223774697,22930.347436122353,0.0,0.0,0.0,0.0,-0.0407083248524342,0.0915518222371902,0.0962503644350132,4.0,Central Mountains,2.9644074903761863,2.2224416148367787,2.245733734402163,-2.868157125941173,-1.9964528006221196,-1.722755801770267,-1.6363891776265183,-0.4879238663151646,4.864381271121568,17.267244991418014,111.0,111.0,236999.15827029097,21534.814693472184,92265.70552984979,20408.674569219264,-0.7080299092322329,2.20856058855432,2.065559799789703,-1.4096840186803572,3.237410071942448,2.583025830258312,0.9843507965519841,-2.540545960444196,134.85296676526883,264.313424564096,396.8564190135981,-28.399207616898906,22545.0,22988.0,22996.666666666668,2020.0,hurricane_cat3,municipio,-0.23851778110071264
2021.0,Arecibo,88017.0,0.0,74996.0,208.0,41040.0,393.0,19311.0,21715.272549179408,1020.0,270.96791666666667,64361.0,78.0,19371.0,1098.264085,25.0,16082.0,583.0,213.0,1068.0,6.6,1.1,47.04,18.79,11810.0,22.17,17.52,22.38,20.47,14.13,99.47,0.0,5.19,0.11,2.18,13.75,1212.0,1.38,18.4724,-66.7157,9.0,11.0,67.0,104.0,336.0,19311.0,21715.272549179408,270.96791666666667,72.0,13.0,72013.0,18.8,1.9,33.0,1.3,40.7,1.3,1068.0,622.0,58.2,113.0,248.0,67.0,253.0,55.0,35.0,0.0,2.0,0.0,0.6530051118543522,0.0,0.0,0.0,126.9379951078552,2.0,35.0,4.46,205.0,5603.0,54.0,2795.761955756101,31691.82719756702,7.943202420609777,45.0,1.0,1.0,0.4232657185262911,0.7649573512740125,0.0,2.0,60.0,6.4,329.0,12175.0,3258.7538302577072,231564.22497237072,5.180325518032558,-0.908915323176207,-0.6508563820674107,-0.5904877072509862,-11810.0,-0.1951285801473585,-1.967830666375597,-0.0981207075551331,1.485907803764632,-0.0981207075551331,1.485907803764632,-1.967830666375597,0.0,10.2252973857323,12.497585693672814,76.12165831600713,22.722883079405115,76.12165831600713,98.84454139541224,-15.517120744595267,-24.258351721993876,-32.0258352672281,-41.32276546264309,138.62001386200137,-2.000234219463637,-2.1228307466587215,-4.246831878675006,-0.1539874914526784,24748.68,5.869730935373663,0.0,1.1000000000000014,0.6000000000000014,2.5936599423631135,3.479125248508952,1.0,1.0,1.0,1.0,111.0,298280.2449027618,1.0,1.0,0.0,1.0,1.485907803764632,1.485907803764632,0.0,0.0,-218.42920396769125,443216.9436098394,-0.0981207075551331,-0.0981207075551331,-0.3831338477127754,-29267.46867957739,0.0,0.0,0.0,0.0,-0.908915323176207,-0.6508563820674107,-0.5904877072509862,5.0,North,1.2560361407764509,0.7081713615801233,0.7531487286638772,-1.846523848027437,-1.6823997627960934,-1.4336804639924718,-1.4124495775841206,-0.2854309035795035,3.4601282699411406,11.905401736041236,111.0,111.0,277064.98012321146,54730.773389526046,120060.16438918165,21215.264779550373,2.0410583139284677,1.743811090388503,1.8080380596572427,-6.287890192603474,3.479125248508952,2.443991853360483,1.638350861913466,-0.8854653061458384,211.96861459187255,157.03445588134156,411.85268922715926,-73.34860072987118,83682.0,85390.0,85438.0,4335.0,hurricane_cat3,municipio,-0.8354140840707547
2021.0,Carolina,155886.0,0.0,132865.0,263.0,75941.0,553.0,30678.0,34497.49527542467,1084.0,270.96791666666667,114495.0,87.0,30012.0,1489.785555,33.6,38519.0,1597.0,337.0,1981.0,8.1,0.8,29.8,14.01,17865.0,13.06,17.19,22.9,20.26,12.99,99.26,0.0,12.45,0.25,2.87,11.51,692.0,0.44,18.3808,-65.9574,27.0,65.0,114.0,584.0,1158.0,30678.0,34497.49527542467,270.96791666666667,72.0,31.0,72031.0,14.0,1.3,45.0,1.2,52.5,1.0,1981.0,1001.0,50.5,250.0,414.0,156.0,231.0,87.0,35.0,0.0,2.0,0.0,0.7689979699678812,0.0,0.0,0.0,121.1235904654781,2.0,35.0,4.8,46.0,734.0,24.0,1276.816752080202,8598.11027798443,5.372418316023342,45.0,1.0,1.0,0.5235944835337123,0.9785874583611388,0.0,2.0,60.0,5.6,23.0,2301.0,619.5378819401463,37621.18849474432,3.6627698200534686,-1.1290301887276644,-0.8568586192669425,-0.7936089827316861,-17865.0,-0.5929027694958688,-4.417412687649851,-0.3370984467474543,-0.8305435934032732,-0.3370984467474543,-0.8305435934032732,-4.417412687649851,0.0,17.320349486162964,41.6971376518738,73.13036449713252,59.01748713803677,73.13036449713252,132.14785163516927,-12.80152894144294,-26.61826894658931,-47.83321211812856,-62.822328781289386,171.56764952320154,-2.211615370109054,-2.333394727315452,-0.3105495883871878,-1.1427127163659492,59789.25,3.630269875049686,-0.3999999999999986,-0.3000000000000007,-0.6000000000000014,1.9557385486361325,0.8826583592938642,1.0,1.0,1.0,1.0,111.0,52598.08380076216,1.0,1.0,0.0,1.0,-0.8305435934032732,-0.8305435934032732,0.0,0.0,-490.3328083291335,-43685.001526011496,-0.3370984467474543,-0.3370984467474543,-2.1049565729143054,-17730.732351129365,0.0,0.0,0.0,0.0,-1.1290301887276644,-0.8568586192669425,-0.7936089827316861,15.0,Metro,0.6273540564395663,0.0751596612900806,0.12322262550555534,-1.4209630391712524,-4.065194764288511,-3.768636146126066,-3.793926150058002,-0.3522179233613407,5.6531097734948315,16.375146584675853,111.0,111.0,50322.2381424667,19133.24393348038,30038.723651174052,2275.8456582954605,-0.0852767657048336,-3.0323117950058265,-1.43898820762763,-0.2252728226823542,0.8826583592938642,2.77481323372466,0.9369702488192244,1.0730801893422683,282.2231904226195,302.9475462518974,733.7620407471417,-110.65554089941796,150378.0,153779.0,153870.0,5508.0,hurricane_cat3,municipio,-1.0099740015300596
2021.0,Arroyo,16183.0,0.0,13364.0,128.0,8226.0,216.0,14933.0,16792.19952239118,1660.0,270.96791666666667,11446.0,76.6,3554.0,450.9478906,20.6,2362.0,59.0,43.0,88.0,3.6,1.5,60.84,11.22,10310.0,24.18,20.28,20.84,23.09,20.63,99.64,0.0,4.55,0.22,5.3,12.9,22.0,0.14,17.9658,-66.0614,4.0,7.0,18.0,27.0,91.0,14933.0,16792.19952239118,270.96791666666667,72.0,15.0,72015.0,11.2,5.1,26.7,4.0,30.1,4.2,88.0,54.0,61.4,14.0,22.0,,16.0,5.0,35.0,1.0,2.0,0.4159412620449356,1.037458628940816,0.0,0.0,0.0,74.14649661811822,2.0,35.0,4.8,96.0,4361.0,22.0,1913.1632665735387,16776.69982761623,8.260639394631836,50.0,1.0,2.0,1.0195251479477738,1.7748278253143008,0.0,2.0,60.0,6.4,55.0,11508.0,991.8517321305056,168536.63162907405,-7.536281567820824,-2.3852190570351595,-1.9027969965470404,-1.7653100855646198,-10310.0,0.0428878356328655,-0.1970423500806506,0.3205385533341938,3.5968764253424843,0.3205385533341938,3.5968764253424843,-0.1970423500806506,1.0,24.717295927825496,43.25526787369461,111.22783167521472,67.97256380152011,111.22783167521472,179.20039547673483,22.263501980014,2.668809849137716,17.6270623831461,29.929423398668987,154.26808364758313,-1.7017691659646172,-1.6895809176743382,-11.973957994841957,-6.407594553851877,3568.188,-4.337097448766203,0.6999999999999993,-1.700000000000001,0.3000000000000007,10.000000000000009,0.0,1.0,1.0,1.0,1.0,111.0,195007.11755025436,1.0,1.0,0.0,1.0,3.5968764253424843,3.5968764253424843,1.0,1.0,-21.871700858952217,701416.5038905005,0.3205385533341938,0.3205385533341938,2.107594585837099,62507.29934942962,0.0,0.0,0.0,0.0,-2.3852190570351595,-1.9027969965470404,-1.7653100855646198,6.0,South,-3.8177642437766335,-3.9101430793780145,-3.8034444954398965,2.0524541582120137,0.1028556009383788,0.2061713339027641,0.28597425546278304,-0.2998979510190294,5.953940232277119,17.881234572165567,111.0,111.0,182899.9740135799,17933.146595915197,72238.33186731146,12107.14353667447,-8.904601047872319,1.6557753811586418,-0.5406223273947429,-3.069356946969638,0.0,8.108108108108114,1.4040014040014055,10.000000000000009,106.71159786576804,209.81723814256532,285.6508427276661,47.556485781815084,17502.0,17805.0,17806.0,-1319.0,hurricane_cat3,municipio,-1.8218763930560822
2021.0,Barceloneta,22836.0,0.0,19097.0,106.0,9985.0,242.0,19051.0,21422.90183493433,2616.0,270.96791666666667,16419.0,74.4,5083.0,703.8309456,24.8,4071.0,53.0,87.0,298.0,6.0,1.8,44.95,15.88,12308.0,26.11,18.6,20.35,17.3,17.2,99.65,0.0,3.62,0.45,2.28,9.28,12.0,0.05,18.4505,-66.5385,2.0,11.0,60.0,100.0,238.0,19051.0,21422.90183493433,270.96791666666667,72.0,17.0,72017.0,15.9,3.9,35.0,3.7,41.6,4.0,298.0,130.0,43.6,46.0,100.0,14.0,25.0,21.0,35.0,0.0,2.0,0.0,0.6473940739492107,0.0,0.0,0.0,136.08590822782415,2.0,35.0,4.46,110.0,5579.0,50.0,2324.589364764159,28663.261340986388,8.316453059543045,45.0,0.0,1.0,0.0,0.7595253245401412,0.0,2.0,60.0,6.4,77.0,12128.0,1492.1979745526353,216873.20276178457,-4.5038263705934,-1.0159397442634388,-0.5951322713593776,-0.5017248390931317,-12308.0,-0.3254603942210373,-1.3846117445877624,0.0225657686598719,2.3605982091353312,0.0225657686598719,2.3605982091353312,-1.3846117445877624,0.0,8.758101243650378,48.16955684007707,262.7430373095113,56.92765808372745,262.7430373095113,319.67069539323876,19.291226017487325,82.92452854858627,-37.11750289783645,1.2396641245198623,217.45494082716516,-0.6893974002242564,-0.9053870529651452,2.1578853497714157,1.4954191741605318,6683.95,0.6308596384729359,1.3999999999999986,-2.700000000000001,0.3000000000000042,7.581227436823101,0.3623188405797117,1.0,1.0,1.0,1.0,111.0,264337.00389245356,1.0,1.0,0.0,1.0,2.3605982091353312,2.3605982091353312,0.0,0.0,-153.69190364924162,623993.457996725,0.0225657686598719,0.0225657686598719,0.0931726036239605,5964.967678080788,0.0,0.0,0.0,0.0,-1.0159397442634388,-0.5951322713593776,-0.5017248390931317,8.0,North,-1.9154904863748825,-2.08506259095651,-2.01639211963777,1.4137656472817508,-0.7601346519062949,-0.423141398476943,-0.38786542153429754,-0.6244770926814674,3.6856115641148977,12.414472082990557,111.0,111.0,245343.41555617537,37483.19985978263,103232.9865303395,18993.58833627819,2.5682132314002404,-0.2398410586900601,-0.44344594581202285,-0.4103278816288247,0.3623188405797117,1.845018450184499,-0.5644573096979818,7.21890859624339,253.33277960048173,160.50043211654798,547.4414818321567,-35.87783877331657,23913.0,24079.0,24097.0,-1077.0,hurricane_cat3,municipio,-0.703599219310959
2021.0,Barranquitas,28982.0,0.0,23686.0,149.0,10898.0,234.0,20290.0,22816.160738586823,2281.0,270.96791666666667,19880.0,75.2,5666.0,638.7566047,21.9,4355.0,60.0,57.0,280.0,3.5,1.2,51.84,15.97,10307.0,25.23,21.19,17.35,18.29,16.69,99.9,0.0,1.63,0.53,5.09,10.09,270.0,0.93,18.1861,-66.3061,0.0,1.0,19.0,36.0,100.0,20290.0,22816.160738586823,270.96791666666667,72.0,19.0,72019.0,16.0,4.2,34.7,3.1,41.3,2.7,280.0,187.0,66.8,43.0,78.0,18.0,35.0,34.0,35.0,0.0,2.0,0.0,0.905070008660286,0.0,0.0,0.0,100.91847654618353,2.0,35.0,4.8,193.0,5483.0,39.0,3306.571506326869,26867.68526792487,3.753152376850775,50.0,1.0,2.0,0.5692992299780886,1.1649384027248797,0.0,2.0,60.0,6.4,533.0,12059.0,13287.49572968974,226673.94014107803,3.411118247341749,-0.2863846525429592,0.003450357975665,0.0827415395067587,-10307.0,-0.1197453992655118,-0.282507641087908,0.2542888599910369,4.134505771878064,0.2542888599910369,4.134505771878064,-0.282507641087908,1.0,0.0,3.450417500517563,65.55793250983369,3.450417500517563,65.55793250983369,69.00835001035125,-21.526389749892772,-30.78118117032045,-13.765136186352247,-72.71663949844621,121.31592093056447,-1.2925721128447143,-1.2589114936532808,2.425726213758117,5.636246744608564,8219.042000000001,10.84756346324376,2.0,-2.0,1.3999999999999986,4.477611940298498,5.928853754940722,1.0,1.0,1.0,1.0,111.0,264248.7473718815,1.0,1.0,0.0,1.0,4.134505771878064,4.134505771878064,1.0,1.0,-31.358348160757785,1092537.9712205925,0.2542888599910369,0.2542888599910369,1.2929322773424845,67195.51272325525,0.0,0.0,0.0,0.0,-0.2863846525429592,0.003450357975665,0.0827415395067587,9.0,Central Mountains,1.1266764868341772,0.5905487888886674,0.6598928326785991,-1.0439349473274184,0.1376963247461596,0.6948055401562175,0.655518967967938,-0.4202039658340676,4.402107148917317,16.170195568084942,111.0,111.0,243548.57546693037,22432.8726038029,95026.40020297689,20700.17190495113,9.707843184516584,4.77517083555099,4.606282466340883,-7.282116970758467,5.928853754940722,12.444444444444436,7.674820330027614,-1.4512418146422235,207.79769661536295,222.5699878282038,360.0763871130937,-86.48177568479848,28026.0,28393.0,28391.333333333332,956.0,hurricane_cat3,municipio,-0.22118756297693998
2021.0,Bayamón,185939.0,0.0,158892.0,249.0,82577.0,581.0,27812.0,31274.67040224627,966.0,270.96791666666667,136733.0,82.5,31854.0,1243.057923,30.0,40959.0,1299.0,259.0,3043.0,8.1,0.6,33.71,10.83,15703.0,17.61,16.97,22.51,25.02,11.94,99.41,0.0,10.74,0.35,1.93,12.84,5484.0,2.95,18.3808,-66.1557,14.0,109.0,133.0,846.0,1620.0,27812.0,31274.67040224627,270.96791666666667,72.0,21.0,72021.0,10.8,1.1,42.1,1.0,47.4,0.9,3043.0,1648.0,54.2,290.0,721.0,203.0,552.0,134.0,35.0,0.0,2.0,0.0,0.7903046482400706,0.0,0.0,0.0,120.3239997822012,2.0,35.0,4.8,58.0,4231.0,27.0,2271.223520562848,17668.296439661,5.264077308780507,45.0,1.0,1.0,0.4978758334493764,0.7940534598889424,0.0,2.0,60.0,6.4,27.0,11051.0,725.0769680129775,154764.30460863354,7.049137856587695,-0.8674888000903547,-0.669936164893159,-0.6259781205551262,-15703.0,-0.3062650390627816,-4.385321628835997,-0.2720582427523006,-0.3097241076945283,-0.2720582427523006,-0.3097241076945283,-4.385321628835997,0.0,7.529351023722834,58.62137582755635,71.52883472536692,66.15072685127919,71.52883472536692,137.6795615766461,-1.2087250615565353,-46.49413657490079,-46.001417261986944,-54.82429457025397,185.38242321310344,-2.523682320193943,-2.603372413981575,-1.058303419768658,-0.312223943559764,66893.532,4.854607615870377,-1.1000000000000014,-0.7999999999999989,-1.5,1.197206518124383,1.794177386594442,1.0,1.0,1.0,1.0,111.0,182777.18856101044,1.0,1.0,0.0,1.0,-0.3097241076945283,-0.3097241076945283,0.0,0.0,-486.7707008007956,-56610.5016339735,-0.2720582427523006,-0.2720582427523006,-1.5032094265284888,-49726.04073511441,0.0,0.0,0.0,0.0,-0.8674888000903547,-0.669936164893159,-0.6259781205551262,10.0,Metro,1.839173889898249,1.1345311513429213,1.171481059958494,-2.4651520104533753,-4.14410502413648,-3.796760784085287,-3.8025265962728176,-0.24121660469951678,4.92521081094881,16.426890030245787,111.0,111.0,172314.20262777695,24609.251388935987,73132.4573371076,10462.985933233489,0.3811964284970326,-0.2595648394076666,-0.1297870331793368,-1.4394998482656907,1.794177386594442,2.3916811091854395,0.5616712052509502,-0.596970868470059,286.20813504534436,360.1978628624525,847.9773874851658,-100.82571183224093,173695.0,178192.0,178280.66666666666,12244.0,hurricane_cat3,municipio,-0.8770808902389129
2021.0,Cabo Rojo,47403.0,0.0,40660.0,180.0,28902.0,406.0,18581.0,20894.385543799,1138.0,270.96791666666667,35160.0,73.9,8904.0,842.3354439,26.1,9183.0,434.0,208.0,569.0,5.3,1.1,47.55,15.25,11802.0,26.4,16.99,23.6,17.69,11.03,99.55,0.0,7.15,3.97,4.23,12.11,147.0,0.31,18.0866,-67.1457,8.0,2.0,18.0,38.0,95.0,18581.0,20894.385543799,270.96791666666667,72.0,23.0,72023.0,15.2,3.0,35.2,2.3,41.5,2.1,569.0,371.0,65.2,119.0,117.0,29.0,99.0,22.0,40.0,1.0,2.0,0.4698641992417862,1.298450624390494,1.0,0.0,0.0,64.48960796859826,2.0,35.0,4.46,5284.0,5479.0,38.0,56526.68707866517,59042.17784302328,1.4156839059122637,55.0,1.0,2.0,1.0234794945529342,2.218031518966824,0.0,2.0,60.0,6.4,11641.0,12057.0,358729.6582624262,371269.3492722795,-1.196406611501344,-0.8860198721599932,-0.4736657279277301,-0.3719631780892407,-11802.0,0.1226981036498023,-1.959007704268225,0.2697719314160459,1.1147442516202053,0.2697719314160459,1.1147442516202053,-1.959007704268225,0.0,16.876568993523616,4.219142248380904,37.97228023542814,21.09571124190452,37.97228023542814,59.067991477332654,6.505386711400321,-41.23233864445181,-6.033760275732524,-13.603762748185318,93.79494341038416,-1.051828325118076,-1.0570349964289405,2.835502595345974,2.3072857309062167,14312.320000000002,5.0513739791538725,1.7000000000000028,2.299999999999999,3.0,7.969639468690692,3.3333333333333437,1.0,1.0,1.0,1.0,111.0,446166.1685444515,1.0,1.0,0.0,1.0,1.1147442516202053,1.1147442516202053,0.0,0.0,-217.449855173773,497361.17165233893,0.2697719314160459,0.2697719314160459,1.262668407540809,120363.10902073373,0.0,0.0,0.0,0.0,-0.8860198721599932,-0.4736657279277301,-0.3719631780892407,11.0,West,-0.7151648758544571,-1.0448328546055707,-0.9539256836350374,0.3432016977652164,-1.3368197005350853,-0.9746870167061394,-0.9827326179773365,-0.6221880037331398,3.846245976713771,7.914437399036816,111.0,111.0,395985.1813821252,30364.28662534718,149332.9397547961,50180.98716232629,2.0314021842775976,2.054952413095079,-0.18467590218603025,0.8041004110683763,3.3333333333333437,2.2044088176352616,1.9800522126300457,4.636306135357349,113.432466434302,142.84256708499132,202.73453402499283,-19.637523023917836,47977.0,48487.0,48489.666666666664,-574.0,hurricane_cat3,municipio,-0.6049539287867506
2021.0,Caguas,128182.0,0.0,108606.0,296.0,57286.0,453.0,27062.0,30431.293341923934,1174.0,270.96791666666667,93391.0,83.5,25339.0,1468.297313,33.3,31141.0,1677.0,427.0,2444.0,6.4,0.7,37.53,11.27,16904.0,16.61,17.84,20.86,23.68,12.77,98.72,0.0,9.44,0.13,2.11,13.61,1119.0,0.87,18.2325,-66.0391,26.0,87.0,147.0,408.0,888.0,27062.0,30431.293341923934,270.96791666666667,72.0,25.0,72025.0,11.3,1.4,43.3,1.1,48.9,1.1,2444.0,1307.0,53.5,260.0,527.0,222.0,448.0,110.0,35.0,0.0,2.0,0.0,0.8526180956121292,0.0,0.0,0.0,103.889607808347,2.0,35.0,4.8,67.0,3123.0,21.0,1620.433701690053,13607.395550851788,7.724993238537975,45.0,1.0,1.0,0.6336968646167239,1.1110888449670622,0.0,2.0,60.0,6.4,28.0,9505.0,607.4224833450405,138658.4730071729,1.1425505389240476,-1.0999984397185305,-0.760800815779894,-0.6796911181240817,-16904.0,-0.538709226793822,-3.600355844427675,-0.1989756838778868,0.4666428582309586,-0.1989756838778868,0.4666428582309586,-3.600355844427675,0.0,20.28365917211465,67.87224415284517,114.68068839618668,88.15590332495982,114.68068839618668,202.8365917211465,21.08629295994332,29.462830520636317,-30.65253300732813,-43.52718815468147,152.28746824056685,-1.7085863638831356,-1.8467909533125717,0.1136138639786565,0.1017143970005481,47026.398,3.1010243804475923,0.5,-1.5,-0.3000000000000042,2.2166457549142704,0.4199916001679904,1.0,1.0,1.0,1.0,111.0,161096.41928802486,1.0,1.0,0.0,1.0,0.4666428582309586,0.4666428582309586,0.0,0.0,-399.6394987314719,75174.49354733685,-0.1989756838778868,-0.1989756838778868,-1.2313415783104469,-32054.27019811355,0.0,0.0,0.0,0.0,-1.0999984397185305,-0.760800815779894,-0.6796911181240817,12.0,East,-0.1303638229455006,-0.5628671184760403,-0.5023378238130038,-0.549327295178581,-3.1395373420014696,-2.686143666592231,-2.7321834033248193,-0.46081850242620526,5.7000203968788945,18.39240250544769,111.0,111.0,152878.93632246144,19522.075296414365,63574.97158790177,8217.482965563424,1.461878011934803,-1.270348684911815,0.31371581713755353,-1.3482641479561464,0.4199916001679904,1.8827556696619616,0.08303366664071936,1.79665415474628,226.46718940257648,285.46851092012207,799.4823688432135,-74.17972116200963,126734.0,128937.0,129011.33333333333,1448.0,hurricane_cat3,municipio,-0.8941828734634217
2021.0,Camuy,32885.0,0.0,27943.0,153.0,14071.0,192.0,19745.0,22203.306741419263,1269.0,270.96791666666667,24097.0,72.6,6016.0,550.2154124,21.4,5156.0,335.0,193.0,333.0,5.8,1.5,44.36,7.05,11692.0,27.84,17.57,21.17,17.0,8.59,99.32,0.0,2.0,0.24,1.58,10.74,133.0,0.4,18.4838,-66.845,2.0,3.0,47.0,85.0,174.0,19745.0,22203.306741419263,270.96791666666667,72.0,27.0,72027.0,7.1,2.0,36.0,2.3,39.2,2.7,333.0,226.0,67.9,42.0,89.0,25.0,40.0,33.0,35.0,0.0,2.0,0.0,0.6579725197598605,0.0,0.0,0.0,118.16965731963047,2.0,35.0,4.46,224.0,5607.0,57.0,3545.876724866253,33054.78322263513,7.654472931754173,55.0,1.0,2.0,0.4616725056408663,1.045049022538807,0.0,2.0,60.0,6.4,217.0,12196.0,2090.46255741255,232130.16551024455,5.8552758642889335,-0.4622168161775852,-0.2009012135124277,-0.1532935076108521,-11692.0,-0.624869070578541,-2.0902545286719207,-0.0616181677635936,2.7151854625566516,-0.0616181677635936,2.7151854625566516,-2.0902545286719207,0.0,6.0818002128630075,9.12270031929451,142.92230500228067,15.204500532157518,142.92230500228067,158.12680553443818,5.547640942895946,23.82103673472126,-18.8259557787997,-42.30135215145448,128.75812785682098,-1.6836508639787362,-1.9365650797591671,1.5691439833775744,2.887928600507776,10059.48,8.771713567431672,0.6000000000000014,-0.2000000000000001,0.5,9.90099009900991,3.0612244897959107,1.0,1.0,1.0,1.0,111.0,304645.91949553654,1.0,1.0,0.0,1.0,2.7151854625566516,2.7151854625566516,0.0,0.0,-232.0182526825832,827170.1718414848,-0.0616181677635936,-0.0616181677635936,-0.2488665786833994,-18771.723375970218,0.0,0.0,0.0,0.0,-0.4622168161775852,-0.2009012135124277,-0.1532935076108521,13.0,North,1.778313243074647,1.1832765064178297,1.214268487570891,-1.9316067506854993,-1.7511440999760943,-1.0262138408068973,-1.1714330902903243,-0.3391104286958264,3.5914398812310866,11.671260956391482,111.0,111.0,282074.0977774223,59323.2839283057,123348.58567582839,22571.821718114254,7.8893900215793344,-0.7947482034335818,0.1866488040795143,-6.32024603820176,3.0612244897959107,4.62633451957295,4.049508517373261,6.839765609213999,189.88543578707515,133.44919620135312,257.5636531371031,-61.127307930254176,31066.0,31598.0,31628.666666666668,1819.0,hurricane_cat3,municipio,-0.4463058523452679
2021.0,Añasco,25859.0,0.0,22146.0,107.0,12566.0,183.0,21189.0,23827.088708226525,1903.0,270.96791666666667,19098.0,71.2,5968.0,683.5451704,18.6,3560.0,114.0,116.0,265.0,4.8,1.5,44.73,9.14,11641.0,29.26,17.15,21.55,25.59,9.58,96.4,0.0,2.73,0.38,1.87,10.95,105.0,0.41,18.2827,-67.1399,0.0,1.0,10.0,28.0,54.0,21189.0,23827.088708226525,270.96791666666667,72.0,11.0,72011.0,9.1,3.1,38.4,2.7,42.2,2.6,265.0,164.0,61.9,42.0,55.0,15.0,43.0,14.0,40.0,1.0,2.0,0.3844887105008407,1.1454484947094787,0.0,0.0,0.0,81.02998096981436,2.0,35.0,4.46,4398.0,5521.0,49.0,30937.213863618515,40587.40250912856,6.152448762448919,55.0,1.0,2.0,0.7418110396922484,1.86881612027038,0.0,2.0,60.0,6.4,6391.0,12111.0,128481.93930798717,276274.5074482743,-2.620975334212017,-1.3998994547352983,-1.055494938881496,-0.9960043301149302,-11641.0,-0.6330653263811391,-2.2845070234557463,-0.0867405792816172,2.289101795330164,-0.0867405792816172,2.289101795330164,-2.2845070234557463,0.0,0.0,3.867125565567114,38.67125565567114,3.867125565567114,38.67125565567114,42.538381221238254,-26.259027701237628,-17.81528171958776,11.562256333560512,-47.47128545090877,86.61269064206364,-1.4071433875399109,-1.5857936275942677,0.3711977876661887,0.4397766553619416,8504.064,3.0692567106925805,1.8999999999999984,-0.5,1.8000000000000045,0.7604562737642651,-1.1278195488721776,1.0,1.0,1.0,1.0,111.0,350573.1675922874,1.0,1.0,0.0,1.0,2.289101795330164,2.289101795330164,0.0,0.0,-253.58027960358783,802497.6673300876,-0.0867405792816172,-0.0867405792816172,-0.3487272267052568,-30408.919637546485,0.0,0.0,0.0,0.0,-1.3998994547352983,-1.055494938881496,-0.9960043301149302,7.0,West,-1.5800982661049343,-1.811021315439232,-1.7546286911894562,0.5840939359900041,-1.7591112147220138,-1.54535082023961,-1.543746289048265,-0.5253958087337325,3.1221117882257743,8.5033430115494,111.0,111.0,320086.145581065,50770.18503762725,131955.46063124298,30487.022011222434,-0.007797219771144,0.9559293981907802,0.5871157922010427,0.3789950074373327,-1.1278195488721776,1.9157088122605304,1.5906510028027565,1.8882758226364427,122.5217197594119,171.7334112832505,297.6643734767668,-35.909029117348254,26555.0,26934.0,26952.333333333332,-696.0,hurricane_cat3,municipio,-1.1584334817385105
2021.0,Hatillo,38739.0,0.0,33011.0,128.0,17044.0,249.0,20955.0,23563.95506540596,1162.0,270.96791666666667,28662.0,76.4,6947.0,721.9972299,29.0,8302.0,369.0,210.0,516.0,7.9,1.8,42.58,6.84,12738.0,24.09,17.24,21.37,14.67,8.62,99.77,0.0,3.51,0.25,2.58,8.85,105.0,0.27,18.4863,-66.825,5.0,8.0,48.0,94.0,210.0,20955.0,23563.95506540596,270.96791666666667,72.0,65.0,72065.0,6.8,2.5,38.5,2.8,41.4,2.8,516.0,272.0,52.7,71.0,164.0,27.0,66.0,24.0,35.0,0.0,2.0,0.0,0.6555327591206176,0.0,0.0,0.0,119.8096732526896,2.0,35.0,4.46,202.0,5606.0,57.0,3334.639484303645,32797.70896986614,7.804701864614403,55.0,1.0,2.0,0.4540663088658036,1.0379733736166177,0.0,2.0,60.0,6.4,201.0,12194.0,2025.056768325428,231079.76601200888,-2.077803897778119,-1.0557835772735502,-0.6123708731335054,-0.5033163435621546,-12738.0,-0.6925603512444638,-2.5958284634733277,-0.0293783371687674,2.347070081340964,-0.0293783371687674,2.347070081340964,-2.5958284634733277,0.0,12.906889697720644,20.651023516353032,123.90614109811816,33.55791321407368,123.90614109811816,157.46405431219185,8.280493533074715,35.4351722146218,-7.263256163807046,-16.660445384338416,113.74838856449531,-0.9737171464330396,-1.08937855904927,5.3706662394210625,4.1466923556701785,12709.235,0.2529270923299798,0.6000000000000014,0.7000000000000002,1.0,3.200000000000003,2.249488752556239,1.0,1.0,1.0,1.0,111.0,302896.1256380392,1.0,1.0,0.0,1.0,2.347070081340964,2.347070081340964,0.0,0.0,-288.1369594455394,710918.4342391356,-0.0293783371687674,-0.0293783371687674,-0.1190540615836339,-8898.584506107652,0.0,0.0,0.0,0.0,-1.0557835772735502,-0.6123708731335054,-0.5033163435621546,33.0,North,-1.1032692157691648,-1.370383333076164,-1.2850666223214364,0.5999528722070102,-1.9991714220979435,-1.4803806346127208,-1.4565284341731928,-0.5966570413753842,3.606648941171565,11.58894954479878,111.0,111.0,280704.59765065636,59079.65396578242,122888.75248284459,22191.52798738284,5.915396355850144,1.1540144717393286,0.5208980727034097,-0.5447301164290819,2.249488752556239,3.601694915254239,1.1912503185317187,0.9505112474437638,137.6720901126408,131.22059915820748,284.85760343713554,-23.923701548145488,39561.0,39950.0,39967.0,-822.0,hurricane_cat3,municipio,-0.7181344863213758
2021.0,Hormigueros,15726.0,0.0,13626.0,78.0,7638.0,140.0,20811.0,23402.02666982407,2102.0,270.96791666666667,11965.0,79.5,4073.0,444.0146394,25.8,3087.0,30.0,34.0,180.0,3.9,1.3,42.84,19.59,13178.0,21.66,15.47,28.97,26.06,12.07,99.34,0.0,3.14,0.0,4.11,15.82,153.0,0.97,18.1397,-67.1274,3.0,0.0,7.0,13.0,27.0,20811.0,23402.02666982407,270.96791666666667,72.0,67.0,72067.0,19.6,4.3,36.5,3.1,45.5,2.6,180.0,97.0,53.9,23.0,39.0,11.0,36.0,11.0,40.0,1.0,2.0,0.4378681552111424,1.2472751531916106,1.0,0.0,0.0,69.93273679179252,2.0,35.0,4.46,5280.0,5492.0,41.0,50924.544185572144,53824.76441335635,3.0888671630565465,55.0,1.0,2.0,0.9135361244958944,2.087485097457764,0.0,2.0,60.0,6.4,11544.0,12070.0,331963.11048634467,354756.8762904169,-0.0317843748013468,-0.9856288948238534,-0.657125366587763,-0.6077816304004835,-13178.0,-0.2162576105131143,-2.91077926577072,-0.3023629833029664,-0.1422954212640121,-0.3023629833029664,-0.1422954212640121,-2.91077926577072,0.0,19.07668828691339,0.0,44.51227266946458,19.07668828691339,44.51227266946458,63.588960956377974,12.71981332664386,0.0141479475778538,-25.004851189137728,0.5917081127165602,50.854999682156254,-1.3297371887348697,-1.4647713226205172,0.1650338545098106,-0.1505072544494982,4973.49,0.3164103131971796,-0.2000000000000028,-0.8999999999999986,-0.7999999999999972,2.857142857142847,6.060606060606055,1.0,1.0,1.0,1.0,111.0,426567.54478149646,1.0,1.0,0.0,1.0,-0.1422954212640121,-0.1422954212640121,0.0,0.0,-323.0964985005499,-60698.608482238385,-0.3023629833029664,-0.3023629833029664,-1.3639298771334354,-128978.235420355,0.0,0.0,0.0,0.0,-0.9856288948238534,-0.657125366587763,-0.6077816304004835,34.0,West,-0.4491142217827537,-0.7838997396755754,-0.7257373624571942,-0.15866740861772982,-2.5017328413039763,-2.021289592617629,-2.1556813737476634,-0.40904642446674355,3.711303818536285,8.1694077406501,111.0,111.0,382267.5695830569,33628.133141871636,146390.42194161136,44299.975198439555,3.0078522506703953,-3.6244078685287007,-1.4622656968921104,-2.8428183961605846,6.060606060606055,1.85185185185186,3.2664167884293676,-3.2034632034632082,75.26814275857743,129.78986402966626,179.63914054124734,-24.41314307642117,15731.0,15943.0,15951.333333333334,-5.0,hurricane_cat3,municipio,-0.8236619239955543
2021.0,Humacao,51398.0,0.0,43654.0,177.0,26463.0,359.0,22431.0,25223.72112012031,1324.0,270.96791666666667,37763.0,79.0,13522.0,1090.638804,22.7,8561.0,354.0,139.0,778.0,4.8,1.0,39.2,9.16,14352.0,21.39,17.54,23.35,9.15,11.63,99.36,0.0,11.93,0.18,4.84,13.21,342.0,0.67,18.1497,-65.8274,8.0,29.0,55.0,139.0,323.0,22431.0,25223.72112012031,270.96791666666667,72.0,69.0,72069.0,9.2,2.3,33.7,2.0,37.1,2.0,778.0,450.0,57.8,75.0,152.0,103.0,161.0,42.0,35.0,1.0,2.0,0.3217047876186563,0.8640967282548062,0.0,0.0,0.0,98.79539673338166,2.0,35.0,4.8,66.0,389.0,12.0,2838.4402607893094,6352.7374791892325,6.0123550857565995,45.0,1.0,1.0,0.7426866716173237,1.2137182400713913,0.0,2.0,60.0,5.6,39.0,1286.0,1019.9244328315896,23573.64101320811,-0.3644399643314089,-1.3016070664228163,-0.9353444226011364,-0.8489840391357917,-14352.0,-0.4512257541298117,-2.934936605428944,-0.0267606365591215,1.4810230106510542,-0.0267606365591215,1.4810230106510542,-2.934936605428944,0.0,15.56480796918168,56.4224288882836,107.00805478812406,71.98723685746528,107.00805478812406,178.99529164558933,21.585965194611013,56.60678312526979,-27.683555122145822,-60.060190618365375,100.80254332570853,-1.7540518407069494,-1.793663262634193,-1.7138679361213272,1.5389018065202729,14711.398,-3.306383945889324,-1.3999999999999986,-0.3000000000000007,-1.7999999999999972,3.733333333333344,0.1335113484646211,1.0,1.0,1.0,1.0,111.0,35141.865951172316,1.0,1.0,0.0,1.0,1.4810230106510542,1.4810230106510542,0.0,0.0,-325.7779632026128,52045.912110901,-0.0267606365591215,-0.0267606365591215,-0.1918003592487869,-940.418702728692,0.0,0.0,0.0,0.0,-1.3016070664228163,-0.9353444226011364,-0.8489840391357917,35.0,East,-0.7454073364354552,-1.1417241209137896,-1.064471258692808,-0.10357670270033648,-2.658216217351399,-2.063411704602821,-2.1168945464798945,-0.27672038807754484,6.672050961766593,18.55447616269943,111.0,111.0,32768.98461747367,13457.407939104258,20860.410252948954,2372.8813336986495,5.374448668982557,0.9561246866995888,3.305229601389563,-7.088316605103884,0.1335113484646211,0.6720430107526987,-1.632622564671541,3.599821984868723,188.54628906621977,261.84865147944487,559.977695762128,-87.74374574051124,51586.0,52507.0,52519.666666666664,-188.0,hurricane_cat3,municipio,-1.038203714088182
2021.0,Peñuelas,20625.0,0.0,16886.0,92.0,8573.0,212.0,18123.0,20379.363285628835,1145.0,270.96791666666667,14252.0,74.2,3956.0,504.2548959,24.9,3547.0,79.0,73.0,154.0,4.3,1.4,53.77,14.78,10237.0,27.08,21.24,18.42,15.67,13.6,99.57,0.0,0.59,0.15,4.53,12.95,4.0,0.02,18.0622,-66.7219,3.0,2.0,4.0,23.0,61.0,18123.0,20379.363285628835,270.96791666666667,72.0,111.0,72111.0,14.8,3.4,33.7,2.4,39.5,2.5,154.0,93.0,60.4,15.0,49.0,6.0,19.0,13.0,35.0,0.0,2.0,0.0,1.1534275077280478,0.0,0.0,0.0,101.27607393737908,2.0,35.0,4.46,5300.0,5492.0,40.0,61435.74135787736,64020.198848565546,2.130962249105238,55.0,1.0,2.0,0.9611594325135482,1.527431367612582,0.0,2.0,60.0,6.4,11982.0,12064.0,659934.8797739786,660953.91501869,4.182451886649496,-1.5854545454545454,-1.325143665028461,-1.2635757560909733,-10237.0,-0.2847785806796991,0.051457739653554,0.2238499671497638,4.131647503699028,0.2238499671497638,4.131647503699028,0.051457739653554,1.0,14.545454545454543,9.696969696969695,19.39393939393939,24.24242424242424,19.39393939393939,43.63636363636364,-11.116468519105284,-51.32384612911966,-8.795549665983593,11.845195619708214,106.07667828458858,-2.8749448069469663,-2.8640869233701904,-0.0005283007157852,-1.4612050227083635,5690.582,9.00339140187203,1.0,-3.1999999999999993,-0.2999999999999971,10.79136690647482,-3.472222222222221,1.0,1.0,1.0,1.0,111.0,742706.4641815209,1.0,1.0,0.0,1.0,4.131647503699028,4.131647503699028,1.0,1.0,5.711809101544493,3068601.3087167125,0.2238499671497638,0.2238499671497638,1.0592837557298362,166254.81760895066,0.0,0.0,0.0,0.0,-1.5854545454545454,-1.325143665028461,-1.2635757560909733,56.0,South,0.4775861709068962,-0.1391983981967937,-0.07839046826411865,-1.7411619269978695,0.5513805852395617,1.1305826111758683,1.0841936795169518,-0.4999228455860077,3.860373024841091,9.06183853750066,111.0,111.0,686388.360402918,30200.29070860204,244956.58363802897,56318.103778602905,2.277564372234564,-6.6606511396438695,-0.8580192248695514,-2.2780926729503492,-3.472222222222221,0.6993006993007089,1.5819584898532337,14.263589128697042,103.02703233086396,176.32481890964544,228.53731667852628,3.049645953724621,19797.0,20383.0,20388.0,828.0,hurricane_cat3,municipio,-1.4348837320747199
2021.0,Ponce,139245.0,0.0,116592.0,227.0,65563.0,537.0,17747.0,19956.55025272057,715.0,270.96791666666667,99337.0,78.1,30655.0,1142.037215,29.2,29010.0,1949.0,325.0,2330.0,5.7,0.6,50.62,12.8,12323.0,22.07,18.8,22.88,22.21,13.9,99.63,0.0,12.19,0.22,3.2,18.07,3715.0,2.67,18.0111,-66.6141,19.0,44.0,80.0,326.0,654.0,17747.0,19956.55025272057,270.96791666666667,72.0,113.0,72113.0,12.8,1.2,31.8,1.0,36.5,1.1,2330.0,1253.0,53.8,228.0,472.0,201.0,508.0,93.0,35.0,1.0,2.0,0.3301335891925305,1.1775137728297216,0.0,0.0,0.0,96.01768843214668,2.0,35.0,4.46,4834.0,5494.0,37.0,42250.74923516522,50028.8393794812,2.1243805500565904,50.0,1.0,2.0,0.9617438165433756,1.2584891732427583,0.0,2.0,60.0,6.4,11867.0,12058.0,529069.5934339802,531319.3386509614,2.6320444595132386,-1.9411828072821269,-1.6543172436345066,-1.577163265645498,-12323.0,0.1223164194347234,-2.249341237426621,0.1942678310027604,1.9937875861281016,0.1942678310027604,1.9937875861281016,-2.249341237426621,0.0,13.645014183633164,31.598980214729437,57.45269129950806,45.2439943983626,57.45269129950806,102.69668569787066,3.9685842239739912,-34.67992069689508,-46.07271506277587,-51.06103593337468,133.40802217079175,-2.861725053876607,-2.9563803621305396,-1.7916028637328885,-1.4274393890314965,37076.256,1.969227925888295,-0.4000000000000021,1.1000000000000014,0.0,1.4808362369338024,-0.9063444108761364,1.0,1.0,1.0,1.0,111.0,597290.3903966814,1.0,1.0,0.0,1.0,1.9937875861281016,1.9937875861281016,0.0,0.0,-249.6768773543549,1190870.1656865107,0.1942678310027604,0.1942678310027604,0.928201967040386,116034.30862115529,0.0,0.0,0.0,0.0,-1.9411828072821269,-1.6543172436345066,-1.577163265645498,57.0,South,-0.2457992691829558,-0.7524017600063049,-0.6980977494144689,-1.331363996462542,-1.9097623809999669,-1.5410401456914402,-1.549888625380647,-0.339578856426654,3.883484436379123,9.644708817705492,111.0,111.0,554272.2782839381,27251.80792364893,199464.55955588585,43018.112112743314,-0.1149339253172176,-2.3757813780443837,-0.42140016276188685,-1.6766689384156708,-0.9063444108761364,2.1154693697664095,-0.13179500503021446,2.387180647809939,230.5417731669423,235.5377068771452,513.4071587920952,-97.13375099615055,135674.0,139671.0,139757.0,3571.0,hurricane_cat3,municipio,-1.7083603838488646
2021.0,Quebradillas,23743.0,0.0,19939.0,127.0,10342.0,209.0,18947.0,21305.953549236303,2655.0,270.96791666666667,17284.0,74.5,5174.0,689.6876104,21.5,3712.0,179.0,146.0,214.0,5.2,1.9,45.43,5.28,10502.0,26.55,18.23,21.7,17.69,13.67,98.7,0.0,6.21,0.26,3.57,14.2,27.0,0.11,18.4738,-66.9385,1.0,3.0,20.0,46.0,105.0,18947.0,21305.953549236303,270.96791666666667,72.0,115.0,72115.0,5.3,3.5,35.6,3.8,37.5,3.8,214.0,128.0,59.8,20.0,61.0,12.0,30.0,19.0,35.0,0.0,2.0,0.0,0.8143088734632276,0.0,0.0,0.0,110.8699869265238,2.0,35.0,4.46,253.0,5609.0,58.0,3759.7666089693503,33841.4603393199,1.786757358799018,55.0,1.0,2.0,0.4983515889588749,1.5343640621610126,0.0,2.0,60.0,6.4,175.0,12196.0,2100.039944804145,232752.16871172725,2.072137913245342,-0.8549888388156512,-0.542684680047778,-0.4711262486333134,-10502.0,-0.3798733548267694,-1.562678118533887,0.1831590756576662,3.0042893465174028,0.1831590756576662,3.0042893465174028,-1.562678118533887,0.0,4.211767678894832,12.635303036684498,84.23535357789665,16.847070715579328,84.23535357789665,101.08242429347598,-8.947177167142826,15.450692557304237,8.865897127294502,-45.48170657854425,94.57890890331456,-1.5574082694993383,-1.6932933932434668,3.874180986999698,1.8544482973824012,7098.284000000001,3.5984196691930537,0.3000000000000042,0.2000000000000001,0.2999999999999971,0.9433962264151052,-2.304147465437789,1.0,1.0,1.0,1.0,111.0,307465.79116547253,1.0,1.0,0.0,1.0,3.0042893465174028,3.0042893465174028,0.0,0.0,-173.45727115726146,923716.2008169736,0.1831590756576662,0.1831590756576662,0.8091526269184687,56315.150106220986,0.0,0.0,0.0,0.0,-0.8549888388156512,-0.542684680047778,-0.4711262486333134,58.0,North,0.3213940505725654,-0.1257098983351245,-0.07077104795494649,-0.7925202992058789,-1.1336452665092829,-0.7741735810764453,-0.7520465305632129,-0.42903285202460406,3.817237960043388,11.888185089930094,111.0,111.0,283937.0904876058,60427.63293722231,124107.28803169238,23528.700677866756,-1.5087432798813083,3.1979071850288143,0.8782135316078336,5.382924266881006,-2.304147465437789,5.339805825242716,2.3586874667363236,3.2475436918528944,131.19471835456432,95.68979863538026,186.97464997921296,-36.61580945124976,23261.0,23629.0,23642.0,482.0,hurricane_cat3,municipio,-0.7118223357831504
2021.0,Rincón,15097.0,0.0,12998.0,99.0,9329.0,198.0,24744.0,27824.69597415438,3401.0,270.96791666666667,11567.0,73.1,3005.0,411.8689112,22.9,2646.0,145.0,113.0,210.0,5.0,1.7,40.88,8.18,14491.0,28.49,15.68,26.81,27.46,11.15,93.5,0.0,12.77,0.39,4.45,12.48,25.0,0.17,18.3403,-67.25,0.0,0.0,23.0,25.0,79.0,24744.0,27824.69597415438,270.96791666666667,72.0,117.0,72117.0,8.2,2.8,40.0,3.2,43.5,3.2,210.0,135.0,64.3,57.0,45.0,26.0,13.0,14.0,40.0,1.0,2.0,0.387844563912203,1.1340120352046157,0.0,0.0,0.0,80.24233741206439,2.0,35.0,4.46,1382.0,5506.0,49.0,13244.869099991249,34234.90432814251,2.812077596629793,55.0,1.0,2.0,0.7321661185728874,1.8588929584431977,0.0,2.0,60.0,6.4,553.0,12124.0,8864.399174760405,226897.8437497595,9.011480973355468,0.4437967808173848,0.591086099297522,0.6166222700984436,-14491.0,-0.5935518283256148,-3.717789652805773,-0.1893505961808615,1.369943405861755,-0.1893505961808615,1.369943405861755,-3.717789652805773,0.0,0.0,0.0,152.34814863880243,0.0,152.34814863880243,152.34814863880243,-7.220737959419453,65.699293125769,-7.008061129937405,-105.43993219328416,93.86959347245288,-1.4726807057484304,-1.4927465134207063,17.339053161656516,2.6135937203253023,5199.200000000001,10.167200212231652,0.1000000000000014,1.1999999999999993,0.5,11.702127659574458,2.732240437158473,1.0,1.0,1.0,1.0,111.0,297065.1917988182,1.0,1.0,0.0,1.0,1.369943405861755,1.369943405861755,0.0,0.0,-412.67465146144076,406962.50061584846,-0.1893505961808615,-0.1893505961808615,-0.712747771578703,-56249.471171688216,0.0,0.0,0.0,0.0,0.4437967808173848,0.591086099297522,0.6166222700984436,59.0,West,3.3230168084050327,2.5614161998453344,2.5941479109980348,-2.706394538306589,-3.2243941472149955,-2.7140392017703308,-2.819872707788093,-0.4933955055907773,3.0377784594606667,8.38885420488721,111.0,111.0,272371.2560072717,52082.050212305,116325.84891734929,24693.93579154648,-0.0566679707125428,-9.441604029968063,1.9088668548518397,17.395721132369058,2.732240437158473,8.284023668639051,5.99276314075107,8.969887222415984,206.3175867956745,182.21318943163504,363.5733180843063,-112.44799332322161,13849.0,14056.0,14058.0,1248.0,hurricane_cat3,municipio,0.22885815828041856
2021.0,Río Grande,47630.0,0.0,40526.0,188.0,22674.0,313.0,23679.0,26627.10054849667,1560.0,270.96791666666667,34734.0,77.8,10116.0,869.8781524,24.7,8581.0,126.0,97.0,368.0,8.7,1.6,37.63,21.24,12836.0,22.78,17.64,21.04,23.92,11.45,99.6,0.0,8.6,0.34,4.71,12.7,674.0,1.42,18.3794,-65.8311,,,,,,23679.0,26627.10054849667,270.96791666666667,72.0,119.0,72119.0,21.2,2.7,40.9,1.9,52.0,1.6,368.0,220.0,59.8,50.0,87.0,37.0,60.0,10.0,35.0,0.0,2.0,0.0,0.5872890282696139,0.0,0.0,0.0,123.35235387731198,2.0,35.0,4.8,38.0,306.0,28.0,1160.0216494050403,7260.066178894003,8.725808169174996,45.0,1.0,1.0,0.523887893594156,0.97179867910515,0.0,2.0,60.0,4.4,21.0,289.0,575.642873058346,4240.916140441501,-2.453510280986315,-1.6628175519630473,-1.216723941724962,-1.1174870971585649,-12836.0,-0.213491253945185,-2.575919640339253,0.0017497610572515,1.4461239486319784,0.0017497610572515,1.4461239486319784,-2.575919640339253,0.0,,,,0.0,0.0,0.0,0.0,0.0,0.0,0.0,0.0,-1.582246588595726,-1.853610286844709,-4.70740007796876,-0.7900978521730107,16575.134,-3.935678516377805,-0.8999999999999986,0.5999999999999979,-0.7000000000000028,11.515151515151524,1.2269938650306678,1.0,1.0,1.0,1.0,111.0,17397.54609943134,1.0,1.0,0.0,1.0,1.4461239486319784,1.4461239486319784,0.0,0.0,-285.9270800776571,25159.008061816523,0.0017497610572515,0.0017497610572515,0.011382076242683,30.441548656524137,0.0,0.0,0.0,0.0,-1.6628175519630473,-1.216723941724962,-1.1174870971585649,60.0,East,-1.6307186577494637,-1.9003138751480408,-1.8316104886007025,0.5132315605908988,-2.2826000143485334,-1.8753782713233031,-1.899552844488869,-0.2933196259907196,6.087795901848792,16.384020882215903,111.0,111.0,15805.88720898092,17803.964386668587,17930.519544401828,1591.6588904504206,3.4199044364139564,-1.0827979149642286,-0.12266958732669202,-8.127304514382717,1.2269938650306678,8.666666666666668,2.7514387564674174,10.288157650120857,0.0,0.0,0.0,0.0,48828.0,49613.0,49663.666666666664,-1198.0,hurricane_cat3,municipio,-1.268077489782046
2021.0,Sabana Grande,22860.0,0.0,19278.0,127.0,10828.0,165.0,18857.0,21204.74830199762,1689.0,270.96791666666667,15604.0,75.3,5303.0,549.5061419,21.8,3406.0,110.0,86.0,181.0,7.3,1.7,44.77,18.47,10154.0,25.92,18.35,24.4,34.03,7.78,99.31,0.0,3.42,0.22,3.86,11.55,188.0,0.82,18.0777,-66.9605,2.0,1.0,4.0,10.0,38.0,18857.0,21204.74830199762,270.96791666666667,72.0,121.0,72121.0,18.5,4.5,31.5,2.7,38.8,2.7,181.0,118.0,65.2,21.0,40.0,16.0,39.0,6.0,35.0,1.0,2.0,0.3904312284926928,1.047962110374287,0.0,0.0,0.0,79.64446859213017,2.0,35.0,4.46,5339.0,5497.0,40.0,74001.60613974268,76419.09983667178,1.0927758633530464,55.0,1.0,2.0,0.7437185195579232,1.9211036737525296,0.0,2.0,60.0,6.4,11986.0,12067.0,575217.9730496662,576255.0586961209,3.2520325203251987,-0.9667541557305316,-0.7001765201362087,-0.6649542734212255,-10154.0,-0.2318092647860159,-2.2380971728612975,0.0592549874185914,2.540866174578131,0.0592549874185914,2.540866174578131,-2.2380971728612975,0.0,8.748906386701663,4.374453193350831,17.497812773403325,13.123359580052494,17.497812773403325,30.62117235345582,4.089935912482485,-0.569034561736693,4.600799554094832,-12.961521459186226,27.100271002710027,-1.8617021276595704,-2.142795176542034,-1.5084800216873862,1.2560287023524963,6072.57,-4.4967552075207635,-2.8999999999999986,0.1000000000000014,-3.4000000000000057,2.259887005649719,3.5087719298245723,1.0,1.0,1.0,1.0,111.0,671666.7249071647,1.0,1.0,0.0,1.0,2.540866174578131,2.540866174578131,0.0,0.0,-248.42878618760403,1706615.2619062893,0.0592549874185914,0.0592549874185914,0.2830171331597231,39799.60333386057,0.0,0.0,0.0,0.0,-0.9667541557305316,-0.7001765201362087,-0.6649542734212255,61.0,West,0.6001251091448001,0.1165897837173135,0.14514117780261016,-1.2650793825660256,-1.597514683774525,-1.4563660463760164,-1.373788435491669,-0.6405824890867724,4.02065439551361,8.714416633573968,111.0,111.0,603866.2432628261,33063.704063459496,219097.08189812597,67800.48164433858,4.2997487765392695,0.9768173522056056,3.260526184785436,-5.808228798226656,3.5087719298245723,1.7857142857142794,1.7648287385129506,-1.2488849241748534,35.46099290780142,73.73991498221567,143.69946964963015,-8.360721905091392,22140.0,22560.0,22584.666666666668,720.0,hurricane_cat3,municipio,-0.8925543484142711
2021.0,Patillas,16231.0,0.0,13724.0,110.0,8355.0,233.0,17783.0,19997.03235161604,2131.0,270.96791666666667,12052.0,77.6,3575.0,515.9815888,19.6,2364.0,35.0,57.0,102.0,6.7,1.7,49.86,15.24,10695.0,23.95,17.47,24.02,12.08,9.63,100.0,0.0,2.06,0.55,6.9,17.65,0.0,0.0,18.0066,-66.0161,4.0,4.0,12.0,13.0,58.0,17783.0,19997.03235161604,270.96791666666667,72.0,109.0,72109.0,15.2,4.5,30.2,3.1,35.7,3.6,102.0,56.0,54.9,18.0,30.0,4.0,12.0,3.0,35.0,1.0,2.0,0.3929420506446309,0.9963863465173348,0.0,0.0,0.0,79.07165813020433,2.0,35.0,4.8,85.0,3516.0,16.0,1831.297585540868,14247.07453333343,7.8239888485080415,50.0,1.0,2.0,0.9731986056926204,1.7136723003394738,0.0,2.0,60.0,6.4,48.0,10602.0,867.2233099958346,153282.2047241215,-2.169851124103428,-1.8729591522395397,-1.4834946950019745,-1.3911229238068756,-10695.0,-0.2546065691395989,-0.9838187744930992,0.1111601159103898,3.2162263863086324,0.1111601159103898,3.2162263863086324,-0.9838187744930992,0.0,24.644199371572913,24.644199371572913,73.93259811471874,49.28839874314583,73.93259811471874,123.22099685786458,25.178941808663275,-28.532593856832108,0.4813631309501502,-33.396347398760454,126.5746489060334,-1.9965739263984927,-2.336448598130836,-0.8746270812561852,1.5394059351643432,4144.648,0.3768386626780584,0.3999999999999986,-3.6000000000000014,-1.0999999999999943,6.25,-1.0309278350515427,1.0,1.0,1.0,1.0,111.0,176308.27807715713,1.0,1.0,0.0,1.0,3.2162263863086324,3.2162263863086324,0.0,0.0,-109.203883968734,567047.3360763926,0.1111601159103898,0.1111601159103898,0.7354814838620128,19598.448627018024,0.0,0.0,0.0,0.0,-1.8729591522395397,-1.4834946950019745,-1.3911229238068756,55.0,South,-1.712813547305958,-2.0132037425780624,-1.9645800817071606,0.3216906234990824,-0.4851980679188952,0.0807086206673608,-0.013030624242405272,-0.498620706574204,6.02525198230034,18.883293808676985,111.0,111.0,166619.59738092546,17050.71486403341,66704.22808776131,9688.680696231662,5.74079290080074,-0.2479480140515244,3.837889290220583,-6.615419982056925,-1.0309278350515427,3.1914893617021267,-1.5900438475521141,7.280927835051543,159.4896331738437,98.0731510326526,166.5190896611183,-32.91498426781031,16591.0,16929.0,16951.333333333332,-360.0,hurricane_cat3,municipio,-1.515561366291243
2021.0,Salinas,26208.0,0.0,21891.0,110.0,13068.0,261.0,18563.0,20874.14449435127,1777.0,270.96791666666667,18459.0,76.8,7468.0,715.3048301,19.5,3593.0,146.0,148.0,187.0,8.5,1.9,50.5,4.87,10502.0,24.25,20.17,20.86,25.25,16.73,99.87,0.0,4.03,0.37,4.86,14.85,99.0,0.38,17.9775,-66.2974,7.0,9.0,13.0,24.0,88.0,18563.0,20874.14449435127,270.96791666666667,72.0,123.0,72123.0,4.9,2.1,36.4,3.2,38.3,3.1,187.0,101.0,54.0,33.0,55.0,12.0,31.0,3.0,35.0,1.0,2.0,0.3968941889114433,1.0488896595573844,0.0,0.0,0.0,78.18471264594238,2.0,35.0,4.8,333.0,5452.0,38.0,5185.191002709786,28446.48865819966,1.1325818039453637,50.0,1.0,2.0,0.7238411447875103,1.3540096506912038,0.0,2.0,60.0,6.4,1556.0,12044.0,52831.81172629229,247490.817890682,-5.174035747883354,-1.984126984126988,-1.5593960651779426,-1.457075896827098,-10502.0,-0.1140050808333879,-0.9884887166215888,0.5373466140404948,4.643800577640859,0.5373466140404948,4.643800577640859,-0.9884887166215888,1.0,26.70940170940171,34.34065934065934,49.6031746031746,61.05006105006105,49.6031746031746,110.65323565323564,35.72261333314955,17.039313252859813,-28.03624362749776,-116.85447441403112,57.89130906722629,-1.675619908214454,-1.8300562288268816,0.2217740273110058,0.6961285799247781,7968.324,-1.3880844820263527,0.7999999999999972,-0.8999999999999995,0.5,8.092485549132956,8.805031446540879,1.0,1.0,1.0,1.0,111.0,288640.5764171089,1.0,1.0,0.0,1.0,4.643800577640859,4.643800577640859,1.0,1.0,-109.72224754499635,1340389.2754963608,0.5373466140404948,0.5373466140404948,3.000096882284408,155100.03641243014,0.0,0.0,0.0,0.0,-1.984126984126988,-1.5593960651779426,-1.457075896827098,62.0,South,-2.779331689801501,-2.9575768457829277,-2.8812217118853733,1.3222557929744028,-0.5241721090388591,-0.2049803485440701,-0.12353255733652753,-0.46431660758272963,4.963613781282149,14.231240996516428,111.0,111.0,265170.22633306077,21964.14378749401,101140.00118280202,23470.350084048114,-3.925182298449747,5.791794010913076,1.112442679929371,4.146956325760753,8.805031446540879,-0.6249999999999978,2.72667714884696,-0.7125458974079226,202.7820271087552,216.53337058638633,436.17956511517997,-144.89071804152888,27638.0,28109.0,28126.666666666668,-1430.0,hurricane_cat3,municipio,-1.5583439984674856
2021.0,San Juan,344791.0,0.0,294169.0,410.0,189079.0,981.0,24347.0,27378.268383557093,705.0,270.96791666666667,253731.0,83.6,55109.0,1770.790784,40.0,101422.0,6856.0,695.0,11651.0,9.6,0.5,39.71,16.58,20286.0,16.51,16.87,23.46,19.83,12.72,98.66,0.0,24.15,0.14,2.22,23.26,7577.0,2.2,18.4655,-66.1057,132.0,254.0,399.0,1862.0,3897.0,24347.0,27378.268383557093,270.96791666666667,72.0,127.0,72127.0,16.6,0.8,43.3,0.6,52.0,0.7,11651.0,6811.0,58.5,1115.0,1614.0,2410.0,1570.0,448.0,35.0,0.0,2.0,0.0,0.7483357649808013,0.0,0.0,0.0,129.59909065343885,2.0,35.0,4.8,49.0,2183.0,29.0,1812.853483450194,12897.093777601334,6.608153598404679,45.0,1.0,1.0,0.4598743078345008,0.7402515998611829,0.0,2.0,60.0,6.4,20.0,6049.0,571.6719195527246,98520.46521187056,5.455830042850196,-1.1276396425660806,-0.8929309453579282,-0.8414795487346582,-20286.0,-0.0670365128767507,-4.371896303720464,0.0917554175830319,-0.6860289601767392,0.0917554175830319,-0.6860289601767392,-4.371896303720464,0.0,38.284061938971725,73.66781615529408,115.72227813371,111.9518780942658,115.72227813371,227.6741562279758,-28.129417994162793,-25.582435387805347,-84.9774278435113,-33.97280922282988,281.3860096099439,-2.538245078517176,-2.6517239978410156,-1.6212756363092051,0.6382802442669828,127375.177,5.083488684807147,-0.4000000000000057,0.5,-0.2999999999999971,3.0332507958967136,1.3624955181068543,1.0,1.0,1.0,1.0,111.0,120366.40917440232,1.0,1.0,0.0,1.0,-0.6860289601767392,-0.6860289601767392,0.0,0.0,-485.28048971297153,-82574.84252612315,0.0917554175830319,0.0917554175830319,0.5112177069152369,11044.270136767376,0.0,0.0,0.0,0.0,-1.1276396425660806,-0.8929309453579282,-0.8414795487346582,64.0,Metro,1.1796765192760628,0.5371510946137636,0.5782397483823217,-2.021156068010721,-4.134643979662517,-3.7168379465710393,-3.7119191403458163,-0.23725232405794738,5.002896227720454,15.553671806610446,111.0,111.0,114988.17584342306,23866.486580551675,53981.16462041025,5378.233330979259,2.8157026527632745,0.7204137163468793,1.08908594488006,-4.43697828907248,1.3624955181068543,3.420784277370914,1.4283902549818446,1.6707552777898593,400.3362466762851,540.6174007417167,1260.773950411737,-118.95023706634117,326953.0,335468.0,335675.6666666667,17838.0,hurricane_cat3,municipio,-1.0624010555764796
2021.0,San Lorenzo,37822.0,0.0,32115.0,195.0,16056.0,280.0,19339.0,21746.758626098108,1465.0,270.96791666666667,27675.0,72.3,6983.0,703.651192,18.6,5142.0,123.0,111.0,288.0,6.9,1.4,45.47,8.79,10965.0,28.41,17.79,20.36,14.7,11.0,99.97,0.0,1.72,0.0,4.39,16.82,94.0,0.25,18.1894,-65.9611,7.0,11.0,18.0,45.0,150.0,19339.0,21746.758626098108,270.96791666666667,72.0,129.0,72129.0,8.8,2.8,35.5,2.2,39.0,2.2,288.0,168.0,58.3,33.0,87.0,16.0,44.0,24.0,35.0,1.0,2.0,0.3182258822171976,0.8656194747393621,0.0,0.0,0.0,99.98476854284144,2.0,35.0,4.8,85.0,2028.0,16.0,1852.3396614835017,10153.52388151744,7.933336373116954,45.0,1.0,1.0,0.6944305487562994,1.169242221302877,0.0,2.0,60.0,6.4,36.0,6396.0,697.9584502596304,108028.7127340155,3.378341442081667,-0.7138702342551984,-0.4066753722853478,-0.3457909548728599,-10965.0,-0.4175520881908394,-1.0083518842852284,-0.0110628232588935,2.6742908087078052,-0.0110628232588935,2.6742908087078052,-1.0083518842852284,0.0,18.507746814023584,29.083602136322774,47.59134895034636,47.59134895034636,47.59134895034636,95.18269790069272,9.32534556107177,14.791917473825286,-15.48443333302378,-45.13870177081156,71.06543486579565,-1.674326103899593,-1.7532278932220868,-4.696653182842425,-1.5907934795558851,11400.825,4.172758199995741,-0.1000000000000014,-0.0999999999999996,-0.1000000000000014,5.882352941176472,4.615384615384621,1.0,1.0,1.0,1.0,111.0,125239.07173841784,1.0,1.0,0.0,1.0,2.6742908087078052,2.6742908087078052,0.0,0.0,-111.92705915566034,334925.69844114827,-0.0110628232588935,-0.0110628232588935,-0.0698565603013497,-1385.4977157500034,0.0,0.0,0.0,0.0,-0.7138702342551984,-0.4066753722853478,-0.3457909548728599,65.0,East,0.8393428760526067,0.3063339667197295,0.366923273557566,-1.1851338309254666,-0.8961336505985518,-0.6068519916554905,-0.64783321512247,-0.1122182336866766,5.817167905533463,18.385576764274965,111.0,111.0,119748.27217408818,16702.93095648272,51286.3880762323,5490.79956432966,-1.211952536433647,1.136225280608416,-0.41277372933079187,-3.484700646408778,4.615384615384621,4.8387096774193505,2.3639631894648425,1.2669683257918507,131.688569969631,158.42420721886305,404.28522522892507,-60.62313510383535,36586.0,37209.0,37222.666666666664,1236.0,hurricane_cat3,municipio,-0.6062059226528083
2021.0,San Sebastián,39351.0,0.0,33262.0,197.0,18290.0,250.0,16812.0,18905.1401841854,1346.0,270.96791666666667,28941.0,69.5,7618.0,734.4126905,20.8,6006.0,152.0,107.0,484.0,5.3,1.0,50.65,13.13,10537.0,31.22,17.97,24.49,24.84,10.08,96.94,0.0,2.64,0.32,3.01,11.17,208.0,0.53,18.3372,-66.9905,3.0,1.0,11.0,44.0,91.0,16812.0,18905.1401841854,270.96791666666667,72.0,131.0,72131.0,13.1,2.9,32.7,2.5,37.6,2.5,484.0,300.0,62.0,53.0,139.0,34.0,86.0,31.0,35.0,1.0,2.0,0.3308742982831052,0.8935544612395115,0.0,0.0,0.0,95.7803527853742,2.0,35.0,4.46,4844.0,5559.0,51.0,32478.4075731508,39716.152926856856,4.079922164238948,55.0,1.0,2.0,0.5993117529531558,1.6884851977906514,0.0,2.0,60.0,6.4,8330.0,12140.0,209040.21056114385,288373.98289636365,8.428854844042766,-0.4269268887702959,-0.2327936448964895,-0.2232794592736287,-10537.0,-0.3853584414878074,-1.710409939056048,0.2083194300989129,3.3870005691099525,0.2083194300989129,3.3870005691099525,-1.710409939056048,0.0,7.623694442326752,2.541231480775584,27.95354628853142,10.164925923102336,27.95354628853142,38.11847221163376,-3.6122150446040457,-27.1550175822941,5.695244415982243,-33.79229819814,68.88570483853191,-2.2306034482758585,-2.223158782004009,0.4095639594011269,1.7033924890546004,10876.674,19.00648652386483,2.6000000000000014,-2.4000000000000004,2.0,5.908096280087527,2.237136465324374,1.0,1.0,1.0,1.0,111.0,363516.96922450815,1.0,1.0,0.0,1.0,3.3870005691099525,3.3870005691099525,0.0,0.0,-189.85550323522133,1231232.1816445342,0.2083194300989129,0.2083194300989129,0.9868376717795868,75727.64786013363,0.0,0.0,0.0,0.0,-0.4269268887702959,-0.2327936448964895,-0.2232794592736287,66.0,West,2.574678549669507,1.8192527758733368,1.8657382443654003,-2.7979580089431355,-1.2218257354471378,-0.5619319459174574,-0.5480449806333031,-0.4885842036089103,4.079975730286343,10.406061650772148,111.0,111.0,333473.1540272349,53558.32856179553,137504.70376333638,30043.815197273274,3.040066399300634,1.6605471084620405,1.9973133048237184,-2.630502439899507,2.237136465324374,1.3605442176870763,2.7827581690798247,3.670959814763153,96.98275862068968,142.24001685807607,222.5858486049739,-28.097053782157772,36292.0,37120.0,37125.333333333336,3059.0,hurricane_cat3,municipio,-0.5227741120484619
2021.0,Santa Isabel,20530.0,0.0,17110.0,81.0,9135.0,207.0,20784.0,23371.665095652468,1664.0,270.96791666666667,14294.0,83.9,5515.0,606.3604539,26.8,3824.0,152.0,77.0,182.0,7.8,2.2,46.31,8.39,12308.0,17.56,20.38,17.59,28.46,16.55,100.0,0.0,1.97,0.42,4.06,12.08,5.0,0.02,17.9666,-66.405,9.0,5.0,3.0,31.0,79.0,20784.0,23371.665095652468,270.96791666666667,72.0,133.0,72133.0,8.4,2.6,44.5,2.8,48.9,2.7,182.0,82.0,45.1,37.0,49.0,10.0,24.0,11.0,35.0,1.0,2.0,0.385196455664442,1.0583723218268322,0.0,0.0,0.0,80.86272598128399,2.0,35.0,4.46,2023.0,5476.0,36.0,14966.33425643054,32295.562074948713,2.235287500909959,50.0,1.0,2.0,0.6326888527792415,1.3092726272104762,0.0,2.0,60.0,6.4,7025.0,12043.0,235314.8097459068,305468.99125769234,-4.39601378411102,-1.5733073550901144,-1.141438914710724,-1.0285656060234238,-12308.0,-0.3444911301203416,-1.474019719269403,0.3644522225324417,3.7553012438114486,0.3644522225324417,3.7553012438114486,-1.474019719269403,1.0,43.83828543594739,24.354603019970774,14.612761811982466,68.19288845591817,14.612761811982466,82.80565026790063,12.311357301964549,-22.64159229065328,5.323090192423997,-4.111643047706671,93.13588525658936,-1.3007307992829895,-1.4003444212816074,-0.725185952211449,3.0984406847287467,7613.95,-6.300225205823362,-1.5,1.9000000000000004,-0.3999999999999986,7.058823529411762,0.0,1.0,1.0,1.0,1.0,111.0,350550.6320658756,1.0,1.0,0.0,1.0,3.7553012438114486,3.7553012438114486,1.0,1.0,-163.61618883890372,1316423.224615872,0.3644522225324417,0.3644522225324417,1.944636876762623,127758.95696656058,0.0,0.0,0.0,0.0,-1.5733073550901144,-1.141438914710724,-1.0285656060234238,67.0,South,-2.238424906444436,-2.433451158984501,-2.3494033979294247,1.2098593004210123,-1.0444761842309658,-0.904686890978317,-0.7693804326829182,-0.4295435350384371,4.717243373383254,12.97899365154132,111.0,111.0,323778.36515553517,22425.466149580687,120768.13139703288,26772.266910340404,-0.3756827304746135,10.396190736872304,4.141002235896605,-0.3495032217368355,0.0,6.25,1.8762939958592126,7.058823529411762,91.92443811187204,122.36019215082028,371.02034950172805,1.2114471447173258,21474.0,21757.0,21765.666666666668,-944.0,hurricane_cat3,municipio,-1.1774319177421515
2021.0,Toa Alta,67602.0,0.0,56644.0,195.0,26328.0,277.0,28098.0,31596.27818791585,2014.0,270.96791666666667,47853.0,83.4,12588.0,1046.83332,26.9,12886.0,430.0,232.0,386.0,6.5,1.0,32.39,10.1,15038.0,16.99,19.07,15.33,14.17,13.29,99.16,0.0,2.83,0.45,3.11,6.95,332.0,0.49,18.3883,-66.2485,7.0,9.0,33.0,97.0,197.0,28098.0,31596.27818791585,270.96791666666667,72.0,135.0,72135.0,10.1,1.8,45.3,1.8,50.5,1.9,386.0,231.0,59.8,35.0,96.0,36.0,44.0,38.0,35.0,0.0,2.0,0.0,0.7945402099718818,0.0,0.0,0.0,122.02991840931276,2.0,35.0,4.2,68.0,5013.0,32.0,2383.925403343558,20600.13517412088,4.0533602222130005,45.0,1.0,1.0,0.4739704065067507,0.788131193143918,0.0,2.0,60.0,6.4,32.0,11913.0,743.1543345630399,178857.39725517924,-6.691511387163562,-1.3357592970622223,-0.7915711362055933,-0.6361697364268393,-15038.0,-0.8310126339977264,-2.7272669829100544,-0.2715304876051966,1.510806646345063,-0.2715304876051966,1.510806646345063,-2.7272669829100544,0.0,10.354723233040444,13.313215585337714,48.81512381290494,23.66793881837816,48.81512381290494,72.4830626312831,1.5837428211386817,3.2664695685985237,-25.950498776585732,-31.30685739381391,67.6328502415459,-0.5681818181818232,-0.7370070158708497,-2.837798858316476,-3.3641795191893844,25659.731999999996,-6.30566536780961,-0.1000000000000014,-0.200000000000001,-0.2000000000000028,3.208556149732611,9.6774193548387,1.0,1.0,1.0,1.0,111.0,210601.4581403478,1.0,1.0,0.0,1.0,1.510806646345063,1.510806646345063,0.0,0.0,-302.72663510301606,318178.082688399,-0.2715304876051966,-0.2715304876051966,-1.4414895397823586,-57184.71661921403,0.0,0.0,0.0,0.0,-1.3357592970622223,-0.7915711362055933,-0.6361697364268393,68.0,Metro,-2.798544925689783,-2.903828820371235,-2.8033954801763037,2.162375189262944,-2.5867098865575406,-2.3447380110997047,-2.311887497469557,-0.1405570963525138,4.709451825392184,15.162030249606335,111.0,111.0,197570.59586472588,26758.131274953907,82805.28506465179,13030.862275621912,-5.375089343343708,-1.8796503559079691,-4.099076353941689,2.537290485027232,9.6774193548387,12.171052631578938,7.840237596364408,-6.468863205106088,124.89020641194554,168.92582249165588,329.39206877874045,-57.257356170399646,72450.0,72864.0,72906.33333333333,-4848.0,hurricane_cat3,municipio,-0.8116153229833631
2021.0,Toa Baja,76248.0,0.0,64421.0,214.0,34889.0,335.0,26587.0,29897.154537053124,1297.0,270.96791666666667,55064.0,81.9,14398.0,827.8629114,27.6,15221.0,438.0,121.0,777.0,7.2,0.9,35.64,13.41,14621.0,18.53,18.11,20.38,23.63,12.06,99.19,0.0,5.1,0.58,4.06,8.6,428.0,0.56,18.4438,-66.2591,9.0,35.0,60.0,253.0,526.0,26587.0,29897.154537053124,270.96791666666667,72.0,137.0,72137.0,13.4,1.6,44.4,1.5,51.5,1.4,777.0,422.0,54.3,87.0,150.0,52.0,88.0,56.0,35.0,0.0,2.0,0.0,0.7702535404751061,0.0,0.0,0.0,128.29438441783714,2.0,35.0,4.2,50.0,4885.0,34.0,2156.626045727432,20105.689129582806,2.1232094906196353,45.0,1.0,1.0,0.4455356555183339,0.7561991602952567,0.0,2.0,60.0,6.4,28.0,11765.0,687.2584219223395,171194.12667893124,0.3157562361856714,-1.8282446752701744,-1.4938193211314954,-1.4230324857064658,-14621.0,-0.5544358634526959,-3.1360583434574147,-0.2499420243803554,1.060909789943557,-0.2499420243803554,1.060909789943557,-3.1360583434574147,0.0,11.803588290840416,45.90284335326828,78.69058860560277,57.7064316441087,78.69058860560277,136.39702024971146,-0.1822116565964862,-34.455396027593736,-68.05917831605359,-37.220292194974675,171.03462793390167,-2.315897699524483,-2.4032310664024337,1.2298558556615102,-0.3449814180322826,28602.924,5.143583515171479,1.6000000000000014,-1.0,1.2999999999999972,4.1554959785522705,-0.1338688085676054,1.0,1.0,1.0,1.0,111.0,202441.5456492089,1.0,1.0,0.0,1.0,1.060909789943557,1.060909789943557,0.0,0.0,-348.10247612377304,214772.2176705512,-0.2499420243803554,-0.2499420243803554,-1.310352593728372,-50598.649738251406,0.0,0.0,0.0,0.0,-1.8282446752701744,-1.4938193211314954,-1.4230324857064658,69.0,Metro,-0.8942838083355609,-1.2827157657801846,-1.2176066691193643,-0.5287486773709049,-2.5904207162035555,-2.1590977166118517,-2.1670331765047623,-0.5456376272538592,4.66265123823894,15.195554704008218,111.0,111.0,190330.08363669468,27521.64122702068,80927.08907828416,12111.46201251424,-1.296442774273554,-0.968357335484804,-1.1302976880236255,2.5262986299350643,-0.1338688085676054,3.0344827586206824,0.20316960958642513,4.289364787119876,276.31409844493,298.52243935479015,791.4941563538491,-105.27947051102831,76008.0,77810.0,77848.0,240.0,hurricane_cat3,municipio,-1.55776535669942
2021.0,San Germán,32031.0,0.0,27243.0,144.0,15712.0,217.0,16492.0,18545.299305114535,1707.0,270.96791666666667,23079.0,71.0,7842.0,661.3017466,21.9,5064.0,293.0,129.0,336.0,4.6,1.2,49.95,7.34,10625.0,29.89,17.63,25.83,11.45,8.5,99.02,0.0,4.67,0.05,4.32,17.12,559.0,1.75,18.0816,-67.04,3.0,4.0,9.0,18.0,68.0,16492.0,18545.299305114535,270.96791666666667,72.0,125.0,72125.0,7.3,2.4,26.7,2.8,28.8,2.9,336.0,201.0,59.8,35.0,75.0,23.0,110.0,7.0,35.0,1.0,2.0,0.4222806472254481,1.069801627588422,1.0,0.0,0.0,72.8832678692806,2.0,35.0,4.46,5320.0,5487.0,40.0,68499.77306797661,71011.44931717182,0.1209646598526214,55.0,1.0,2.0,0.8475142607956232,2.029927486351018,0.0,2.0,60.0,6.4,11902.0,12065.0,476194.7837544848,478189.0798532879,3.9596248093213497,-1.0958134307389678,-0.8103137307310715,-0.7612991480766773,-10625.0,-0.2488910912564031,-1.7239033591935564,-0.0164727452732629,1.74540349783618,-0.0164727452732629,1.74540349783618,-1.7239033591935564,0.0,9.365926758452748,12.487902344603668,28.097780275358247,21.853829103056412,28.097780275358247,49.95160937841466,2.380264467049791,-4.358160784652789,-9.150568688845487,-27.97278484801009,51.92950569601766,-2.0068697919979672,-2.092545307342597,-4.867981171753111,-0.6616686591176202,7273.881,-0.5811056999777464,-1.400000000000002,-0.2000000000000001,-1.599999999999998,1.5105740181268867,1.5337423312883347,1.0,1.0,1.0,1.0,111.0,566764.8122590071,1.0,1.0,0.0,1.0,1.74540349783618,1.74540349783618,0.0,0.0,-191.35327287048477,989233.2857673368,-0.0164727452732629,-0.0164727452732629,-0.0743849875306905,-9336.172382191313,0.0,0.0,0.0,0.0,-1.0958134307389678,-0.8103137307310715,-0.7612991480766773,63.0,West,0.754838733925367,0.2516824624544167,0.30676515001742216,-1.5161378820020444,-1.4804167413488227,-1.2833289884618984,-1.2065396144593186,-0.2434866178447337,3.739132688754056,8.185114204118438,111.0,111.0,504459.08207394625,31903.47694685108,185818.6855103531,62305.73018506088,-0.7881310901789784,3.6711062845792286,1.4290301063555961,-4.079850081574133,1.5337423312883347,0.9287925696594534,0.11377425991188798,-0.023168313161447962,89.05285923287323,84.07548109858628,125.51566268428901,-37.123353536855575,30811.0,31442.0,31455.666666666668,1220.0,hurricane_cat3,municipio,-0.9826501791421447
2021.0,Orocovis,21510.0,0.0,17835.0,72.0,8971.0,144.0,15637.0,17583.849456347078,1796.0,270.96791666666667,15163.0,70.2,4706.0,428.9242357,17.8,2705.0,34.0,43.0,196.0,4.5,1.7,55.84,24.26,8911.0,31.0,20.01,18.86,22.1,14.75,99.45,0.0,0.28,0.0,6.88,16.3,169.0,0.79,18.2269,-66.4411,2.0,1.0,15.0,19.0,67.0,15637.0,17583.849456347078,270.96791666666667,72.0,107.0,72107.0,24.3,4.1,27.4,2.8,36.2,3.1,196.0,122.0,62.2,27.0,51.0,10.0,26.0,28.0,35.0,0.0,2.0,0.0,0.8891110892139831,0.0,0.0,0.0,109.21244847836456,2.0,35.0,4.46,835.0,5535.0,42.0,7536.369967520485,30512.60911263736,4.387353296607884,50.0,1.0,2.0,0.4896372052765048,1.124654581277323,0.0,2.0,60.0,6.4,2955.0,12076.0,129180.46714698046,264441.57756236475,4.376940993788825,-0.6136680613668011,-0.3702810773407394,-0.3124583162969485,-8911.0,0.0575343781956919,0.6836977272160674,0.5442106942680207,5.091653827771492,0.5442106942680207,5.091653827771492,0.6836977272160674,1.0,9.298000929800091,4.6490004649000465,69.73500697350069,13.94700139470014,69.73500697350069,83.68200836820083,4.242032450600762,-41.87213588364216,-14.124980536407726,-21.840574233696927,121.31211180124222,-1.7824802211419355,-1.9853319007801185,-5.485404459927579,3.080165234170784,4886.789999999999,3.52403589495891,-0.4000000000000021,-1.1999999999999993,-1.0999999999999943,2.617801047120416,9.770114942528728,1.0,1.0,1.0,1.0,111.0,306813.5754098132,1.0,1.0,0.0,1.0,5.091653827771492,5.091653827771492,1.0,1.0,75.89044772098347,1562188.5156476328,0.5442106942680207,0.5442106942680207,2.6275183817655874,166971.22888462816,0.0,0.0,0.0,0.0,-0.6136680613668011,-0.3702810773407394,-0.3124583162969485,54.0,Central Mountains,1.187637976468814,0.6251938472239704,0.6576529849912899,-1.5000962927657626,1.0069689016691448,1.4047862361444274,1.4419358396881448,-0.3232711744530774,4.167118239124357,12.711863302735315,111.0,111.0,283494.83482465096,25179.48374682406,109865.49673604064,23318.740585162246,3.380513295708365,11.345386866731566,1.8912021938724468,-8.865917755635945,9.770114942528728,4.819277108433728,6.999882820406288,-7.152313895408312,157.27766657134688,210.2116130237773,270.0967795552328,-35.96555477010466,20608.0,20982.0,20999.0,902.0,hurricane_cat3,municipio,-0.5815102527383562
2021.0,Naranjito,29200.0,0.0,24691.0,76.0,10391.0,288.0,19156.0,21540.974623379458,2194.0,270.96791666666667,20993.0,71.3,5075.0,808.1986142,17.9,3766.0,52.0,76.0,330.0,6.1,2.3,45.41,16.94,10818.0,29.57,18.83,21.14,28.34,10.8,100.0,0.0,0.37,0.0,5.34,16.96,76.0,0.26,18.3008,-66.2447,8.0,8.0,13.0,65.0,141.0,19156.0,21540.974623379458,270.96791666666667,72.0,105.0,72105.0,16.9,5.4,31.0,3.8,37.5,3.2,330.0,198.0,60.0,29.0,85.0,15.0,41.0,58.0,35.0,0.0,2.0,0.0,0.8370990488449861,0.0,0.0,0.0,112.33336996188623,2.0,35.0,4.8,84.0,5379.0,39.0,2302.137124985856,23918.739985009008,5.9856023875415065,45.0,1.0,1.0,0.522623581602863,0.8440872169199676,0.0,2.0,60.0,6.4,50.0,12043.0,989.704361057229,192171.533901126,5.342905588224678,-0.1609589041095871,0.0787361263996588,0.1254134252311356,-10818.0,-0.2040875296910536,-0.8362959175264509,-0.0591429398049796,3.1443096321257555,-0.0591429398049796,3.1443096321257555,-0.8362959175264509,0.0,27.3972602739726,27.3972602739726,44.52054794520548,54.7945205479452,44.52054794520548,99.31506849315068,-6.535253253418482,-38.45502837428656,-6.257021873081399,-23.740416850684397,144.3053501208557,-1.3979795105293125,-1.558286934902131,-2.5469495499788164,-2.7985774585797247,7654.21,6.046596044767227,-0.3000000000000007,-1.3000000000000007,-0.7999999999999972,7.14285714285714,2.3255813953488413,1.0,1.0,1.0,1.0,111.0,226745.31874093143,1.0,1.0,0.0,1.0,3.1443096321257555,3.1443096321257555,0.0,0.0,-92.82884684543606,712957.4897565354,-0.0591429398049796,-0.0591429398049796,-0.3078983385724915,-13410.384737355842,0.0,0.0,0.0,0.0,-0.1609589041095871,0.0787361263996588,0.1254134252311356,53.0,Central Mountains,1.8035616767995144,1.2194180748936967,1.2559872270218857,-1.6781482515683788,-0.5511383931125727,-0.1440206510450083,-0.2426689923419132,-0.2851575244138782,4.57315352955552,17.322625625130513,111.0,111.0,209892.53437901437,24427.75170562757,85451.7143645771,16852.78436191706,-1.7866079690539771,-4.062174856706379,-0.4687544050951655,-0.7603415809248393,2.3255813953488413,3.436426116838498,2.385245245061289,4.817275747508298,174.30278884462152,203.10256679623208,444.1126764841135,-29.99743872376581,27719.0,28112.0,28129.333333333332,1481.0,hurricane_cat3,municipio,-0.19329498337901518
2021.0,Naguabo,23722.0,0.0,19509.0,173.0,11270.0,247.0,18412.0,20704.344579539706,1735.0,270.96791666666667,16546.0,76.8,6317.0,788.6000254,22.1,3652.0,65.0,72.0,159.0,8.0,2.1,50.4,15.04,9609.0,24.25,20.68,19.37,7.42,14.78,99.34,0.0,5.93,0.0,6.46,10.8,48.0,0.2,18.2119,-65.735,3.0,11.0,12.0,25.0,87.0,18412.0,20704.344579539706,270.96791666666667,72.0,103.0,72103.0,15.0,5.6,32.0,3.6,37.6,3.3,159.0,101.0,63.5,26.0,39.0,7.0,20.0,23.0,35.0,0.0,2.0,0.0,0.6500941615427556,0.0,0.0,0.0,108.515821749422,2.0,35.0,4.8,63.0,234.0,20.0,2777.896814921613,6254.394973257996,14.070346725363796,45.0,1.0,1.0,0.6471427128383721,1.1098194629352058,0.0,2.0,60.0,4.3,37.0,222.0,1028.9008536767565,3249.4154954360192,-8.518761328140068,-1.610319534609228,-1.0957086455473997,-0.947601603901127,-9609.0,-0.290380610760481,-0.3808497234356479,0.1319662327619611,2.9751776197907995,0.1319662327619611,2.9751776197907995,-0.3808497234356479,0.0,12.646488491695472,46.3704578028834,50.58595396678189,59.01694629457887,50.58595396678189,109.60290026136076,24.30945333248717,8.165684790892023,11.69694646161232,-18.94118815872183,77.12776213798156,-0.552253116011503,-0.727175816645087,-8.505044001730045,-4.064981929821087,6242.88,-7.074846599101758,0.3000000000000007,-2.1999999999999993,-0.6999999999999957,3.9215686274509887,11.678832116788328,1.0,1.0,1.0,1.0,111.0,14794.391215825097,1.0,1.0,0.0,1.0,2.9751776197907995,2.9751776197907995,0.0,0.0,-42.27431930135691,44015.94164375243,0.1319662327619611,0.1319662327619611,0.94148051163072,1952.3600747590872,0.0,0.0,0.0,0.0,-1.610319534609228,-1.0957086455473997,-0.947601603901127,52.0,East,-3.634679713393985,-3.626230755973836,-3.5332166806309764,2.687078109492858,-0.0822543450659296,0.1890335570333697,0.1720226916206945,-0.2985953783697183,6.8383328228411004,17.33817135446056,111.0,111.0,12905.446935718188,14190.787387958964,14659.629273299854,1888.944280106909,-2.294586940666532,-1.3953148470666863,-1.3719932506072876,-6.210457061063513,11.678832116788328,7.03125,4.508298977201049,-7.75726348933734,84.37200383509108,277.92583568110865,341.4500672798006,-7.244241697109516,25931.0,26075.0,26090.666666666668,-2209.0,hurricane_cat3,municipio,-1.0813150822423496
2021.0,Isabela,42985.0,0.0,36597.0,189.0,20069.0,335.0,17123.0,19254.86053853239,1374.0,270.96791666666667,31652.0,73.9,9249.0,893.174675,24.6,7796.0,163.0,117.0,481.0,5.9,1.4,50.52,8.78,10745.0,26.53,17.37,20.95,22.68,11.01,99.3,0.0,3.55,0.4,1.93,12.87,334.0,0.78,18.5011,-67.0247,4.0,5.0,17.0,67.0,146.0,17123.0,19254.86053853239,270.96791666666667,72.0,71.0,72071.0,8.8,2.6,32.3,2.5,35.4,2.3,481.0,304.0,63.2,78.0,120.0,48.0,82.0,24.0,35.0,0.0,2.0,0.0,0.8104388126144908,0.0,0.0,0.0,107.8520611201437,2.0,35.0,4.46,167.0,5601.0,60.0,3985.102264259785,32753.73527873627,6.814595939309505,55.0,1.0,2.0,0.5130454004194643,1.3116258507245782,0.0,2.0,60.0,6.4,82.0,12205.0,1534.7335086927972,217022.19487505648,4.627105442508039,-0.3908340118646047,-0.1245395721606201,-0.0737234474897485,-10745.0,-0.3527882209423433,-1.7529672066397128,0.0168554530584843,2.70669111207859,0.0168554530584843,2.70669111207859,-1.7529672066397128,0.0,9.305571711062,11.6319646388275,39.54867977201349,20.9375363498895,39.54867977201349,60.48621612190299,18.50349876834924,-31.038410092654026,-23.94043193197066,-128.42027101000582,73.02112744620777,-1.4937540460833951,-1.6808109382366765,-3.756129858959056,-1.7571704955218537,11820.830999999998,5.681709069588914,0.0999999999999943,-2.0,-0.8000000000000043,6.181015452538641,3.1890660592255093,1.0,1.0,1.0,1.0,111.0,293708.2427101162,1.0,1.0,0.0,1.0,2.70669111207859,2.70669111207859,0.0,0.0,-194.57935993700812,794977.4900876929,0.0168554530584843,0.0168554530584843,0.0638297665482195,4950.5854978902935,0.0,0.0,0.0,0.0,-0.3908340118646047,-0.1245395721606201,-0.0737234474897485,36.0,West,1.4348675525043486,0.87938539241732,0.9187564169396071,-1.5085909999940972,-1.2538795141686765,-0.7361238454855031,-0.8315427239460087,-0.49908769247103635,3.1872969687530404,12.14139005844216,111.0,111.0,271253.175219324,63392.939590765105,120868.09967133294,22455.067490792193,1.485404320420014,-3.0007859480265187,-0.4719794604799765,-5.2415341793790695,3.1890660592255093,4.275534441805218,1.489736265320533,2.9919493933131314,225.38183038818423,280.52805280528054,322.55145126780974,-152.36070294197646,41084.0,41707.0,41737.0,1901.0,hurricane_cat3,municipio,-0.36842149164571825
2021.0,Jayuya,14877.0,0.0,12182.0,107.0,6177.0,171.0,16780.0,18869.15609627831,2300.0,270.96791666666667,10377.0,79.5,3787.0,457.770685,20.9,2167.0,35.0,54.0,106.0,5.6,1.8,56.93,18.78,7859.0,21.92,20.76,18.87,24.56,16.45,98.77,0.0,2.44,0.52,4.28,15.79,37.0,0.25,18.2186,-66.5916,1.0,1.0,6.0,24.0,48.0,16780.0,18869.15609627831,270.96791666666667,72.0,73.0,72073.0,18.8,6.4,28.6,4.1,35.2,4.3,106.0,61.0,57.5,20.0,35.0,7.0,12.0,8.0,35.0,0.0,2.0,0.0,0.9003474110092287,0.0,0.0,0.0,114.6443996270144,2.0,35.0,4.46,3677.0,5534.0,43.0,23517.890956634543,37406.292392069125,11.074220803817996,50.0,1.0,2.0,0.8752238011528256,1.137317713054756,0.0,2.0,60.0,6.4,9852.0,12086.0,297610.40059209766,333700.4948828338,4.480651731160901,-1.0149895812327725,-0.7556953314618253,-0.7017379191085582,-7859.0,-0.0068007166430071,0.1719622146130784,0.4053724383755785,4.243251528687399,0.4053724383755785,4.243251528687399,0.1719622146130784,1.0,6.7217853061773205,6.7217853061773205,40.33071183706392,13.44357061235464,40.33071183706392,53.77428244941856,-0.6023595793723064,-22.875974025707336,-20.344330486448996,-46.842148307391746,77.2526160544982,-2.063415640690558,-2.4620958003488513,0.168344332876269,0.3991332545895787,3484.0520000000006,4.949891994195932,-0.0999999999999978,4.300000000000001,1.6000000000000014,10.416666666666677,3.2258064516129004,1.0,1.0,1.0,1.0,111.0,384710.0758022709,1.0,1.0,0.0,1.0,4.243251528687399,4.243251528687399,1.0,1.0,19.087805822051703,1632421.617249431,0.4053724383755785,0.4053724383755785,1.73092459251456,155950.86149562022,0.0,0.0,0.0,0.0,-1.0149895812327725,-0.7556953314618253,-0.7017379191085582,37.0,Central Mountains,0.9599251362559124,0.4269068286005151,0.4406463399871681,-1.6616630553644707,0.5244596970351711,0.8050120275449154,0.8166993538683397,-0.3524974824220928,3.610088111253285,10.91114233810448,111.0,111.0,355240.86144465464,27871.21650976183,134640.13437082502,29469.214357616263,6.732668726572033,-5.703613295679566,-0.848644323628335,-6.564324393695764,3.2258064516129004,4.494382022471921,2.203025787657905,7.190860215053776,144.43909484833895,221.387360794311,333.3125730963722,-67.18647879384075,14239.0,14539.0,14561.333333333334,638.0,hurricane_cat3,municipio,-0.9317981675140166
2021.0,Juncos,37290.0,0.0,30775.0,195.0,15791.0,290.0,22283.0,25057.294713550036,2211.0,270.96791666666667,26251.0,75.9,7087.0,871.6220511,21.4,5618.0,82.0,79.0,263.0,9.9,2.1,39.96,16.37,12112.0,24.65,19.85,17.09,23.21,17.99,99.77,0.0,5.12,0.72,3.13,9.74,211.0,0.57,18.2275,-65.9211,4.0,13.0,16.0,45.0,122.0,22283.0,25057.294713550036,270.96791666666667,72.0,77.0,72077.0,16.4,3.2,40.9,2.5,48.9,2.5,263.0,146.0,55.5,24.0,51.0,16.0,64.0,28.0,35.0,0.0,2.0,0.0,0.8383363063358982,0.0,0.0,0.0,104.85873378129554,2.0,35.0,4.8,77.0,923.0,18.0,1731.403723920222,8261.292749701695,9.443746881537056,45.0,1.0,1.0,0.6550431074284894,1.1235762819941957,0.0,2.0,60.0,6.4,33.0,3331.0,723.3395297662108,69781.00517652484,-3.0698448181747273,-0.9707696433360112,-0.5310426407098889,-0.4137953605785172,-12112.0,-0.2149199922587825,-1.3987320880898173,-0.0567043982487405,2.292540268412494,-0.0567043982487405,2.292540268412494,-1.3987320880898173,0.0,10.726736390453205,34.86189326897291,42.90694556181282,45.58862965942612,42.90694556181282,88.49557522123894,1.3995001852767572,-11.679626141548155,-17.698441438692306,-9.879647997515775,98.77570117751034,-0.7968024755028336,-0.8893886730729883,4.604216503096903,2.877324060441011,12586.975,-0.0749260920549499,1.1999999999999955,-3.400000000000002,-0.6000000000000014,2.734375,5.785123966942152,1.0,1.0,1.0,1.0,111.0,83619.52726164898,1.0,1.0,0.0,1.0,2.292540268412494,2.292540268412494,0.0,0.0,-155.25926177796973,191701.1334729466,-0.0567043982487405,-0.0567043982487405,-0.3524881856627146,-4741.594975215964,0.0,0.0,0.0,0.0,-0.9707696433360112,-0.5310426407098889,-0.4137953605785172,39.0,East,-1.3846138163101984,-1.617921374778042,-1.5311714094758548,0.9708184557316812,-0.6229541308846461,-0.0762089817558076,-0.07480154533404293,-0.7757779572051712,5.737857254926798,17.678761046473618,111.0,111.0,80063.42657574566,15319.40378272004,37650.24163628459,3556.1006859033223,2.515594844513136,1.5121608337129944,1.3144581725482236,2.088621658583767,5.785123966942152,3.418803418803429,1.7018555766692904,-3.0507489669421517,126.35379061371842,184.01144960130853,395.61707886272944,-27.578089436208074,38471.0,38780.0,38793.0,-1181.0,hurricane_cat3,municipio,-0.6322028259153654
2021.0,Lajas,23407.0,0.0,19984.0,162.0,12039.0,189.0,15593.0,17534.371335474832,1764.0,270.96791666666667,16972.0,67.1,4795.0,659.8825653,16.5,2799.0,120.0,98.0,178.0,5.3,1.7,59.77,21.53,8538.0,33.83,16.85,25.56,24.01,7.6,98.71,0.0,3.41,2.38,3.66,15.51,41.0,0.18,18.0497,-67.0594,0.0,3.0,15.0,16.0,44.0,15593.0,17534.371335474832,270.96791666666667,72.0,79.0,72079.0,21.5,4.8,30.4,3.8,38.8,4.1,178.0,103.0,57.9,30.0,46.0,10.0,25.0,14.0,35.0,1.0,2.0,0.4420644648129886,1.099801273553557,1.0,0.0,0.0,69.17397299691672,2.0,35.0,4.46,5318.0,5481.0,40.0,75303.20844351078,77661.10331704785,0.2687459393754776,55.0,1.0,2.0,0.9057177463746412,2.100849759004308,0.0,2.0,60.0,6.4,11892.0,12058.0,488531.55923920975,490493.4193338301,4.537537403421021,-0.8758063827060236,-0.5870179475769399,-0.532587514885452,-8538.0,0.1520457987161066,-0.6551794146228569,0.1765882829157794,2.633240726328969,0.1765882829157794,2.633240726328969,-0.6551794146228569,0.0,0.0,12.816678771307728,64.08339385653863,12.816678771307728,64.08339385653863,76.90007262784636,-0.5815615931244089,23.88867276324222,13.398240364432136,-21.114672381632424,53.59296145772855,-1.944383621633461,-2.0587604546429383,3.1650294964949977,1.6840828201781233,6075.1359999999995,9.242637300985043,1.1999999999999993,2.0,2.5999999999999943,1.7142857142857126,0.5747126436781658,1.0,1.0,1.0,1.0,111.0,585305.4874849718,1.0,1.0,0.0,1.0,2.633240726328969,2.633240726328969,0.0,0.0,-72.72491502313711,1541250.2469892583,0.1765882829157794,0.1765882829157794,0.7792322217842012,103358.0910161544,0.0,0.0,0.0,0.0,-0.8758063827060236,-0.5870179475769399,-0.532587514885452,40.0,West,1.092628629464909,0.5328826361535199,0.5856235184564277,-1.625216144350361,-0.4490358979711728,0.2699423705807996,0.08912015204774744,-0.20614351665168407,3.615438970204618,7.825852347869365,111.0,111.0,516114.73466964095,31096.32194364034,189245.50187260998,69190.75281533081,1.917717540891517,-0.0304985768521448,-0.5134770624722044,1.2473119556034806,0.5747126436781658,5.454545454545445,2.627036650025157,1.1395730706075469,61.30939347492884,132.9616126956895,173.57548445757587,-7.71643201720029,22391.0,22835.0,22847.0,1016.0,hurricane_cat3,municipio,-0.7801344621815267
2021.0,Lares,28092.0,0.0,23844.0,113.0,12360.0,213.0,17629.0,19823.85892856319,1237.0,270.96791666666667,20656.0,67.1,4863.0,646.1362086,21.0,4338.0,59.0,49.0,206.0,6.6,2.0,56.09,11.83,9079.0,33.68,17.83,22.02,19.15,9.44,99.63,0.0,2.46,0.34,3.18,14.14,258.0,0.92,18.2947,-66.8771,0.0,1.0,17.0,38.0,95.0,17629.0,19823.85892856319,270.96791666666667,72.0,81.0,72081.0,11.8,2.9,32.7,2.4,37.0,2.4,206.0,124.0,60.2,28.0,67.0,14.0,35.0,9.0,35.0,0.0,2.0,0.0,0.8985482082484237,0.0,0.0,0.0,101.0809069123098,2.0,35.0,4.46,5209.0,5559.0,49.0,38075.249359598194,42714.49561734966,8.792980043850918,55.0,1.0,2.0,0.5584929649342085,1.443600833211986,0.0,2.0,60.0,6.4,11081.0,12120.0,311873.1224445732,332366.1496271846,12.615754660252554,-0.3630926954293012,-0.2637680587457169,-0.282013420402849,-9079.0,-0.174358722690956,-0.7201338135835667,0.2731340284595092,3.7934756634171314,0.2731340284595092,3.7934756634171314,-0.7201338135835667,1.0,0.0,3.559732308130429,60.51544923821729,3.559732308130429,60.51544923821729,64.07518154634772,-4.45790649724139,-23.669758218186793,0.234326227538693,-63.697731522425315,92.2028462617759,-2.9226338729763435,-2.8543344297002005,-5.8461902796569376e-05,4.094553227276643,7796.988,16.473522287527366,0.8000000000000043,-2.1999999999999993,-0.1000000000000014,4.5685279187817285,0.0,1.0,1.0,1.0,1.0,111.0,406983.3368786081,1.0,1.0,0.0,1.0,3.7934756634171314,3.7934756634171314,1.0,1.0,-79.9348533077759,1543881.3838652957,0.2731340284595092,0.2731340284595092,1.2576066726259068,111160.99831754775,0.0,0.0,0.0,0.0,-0.3630926954293012,-0.2637680587457169,-0.282013420402849,41.0,Central Mountains,3.8568201638490502,2.8914114740491437,2.924952275965076,-4.138833584251899,-0.2739256816426394,-0.0262720048452499,0.08938201419094015,-0.44620813194092723,3.9473106223971177,10.31357789427999,111.0,111.0,373528.9410545323,48914.63926077981,148863.3194851375,33454.39582407579,0.6085403814632295,11.675177762269495,7.666629320286091,-0.6085988433660261,0.0,10.67415730337078,2.8254517018561933,4.5685279187817285,155.66625155666253,189.0287701788212,273.506493037531,-63.46340529488663,24945.0,25696.0,25697.333333333332,3147.0,hurricane_cat3,municipio,-0.5968391826429238
2021.0,Las Marías,8896.0,0.0,7432.0,44.0,3954.0,121.0,15353.0,17264.49067617169,3090.0,270.96791666666667,6187.0,63.4,2106.0,310.1902642,18.1,1118.0,36.0,39.0,57.0,3.0,1.8,49.41,6.84,8026.0,39.08,19.5,23.38,11.41,7.31,99.67,0.0,2.15,0.1,9.5,14.43,105.0,1.18,18.2514,-66.9922,2.0,1.0,3.0,7.0,18.0,15353.0,17264.49067617169,270.96791666666667,72.0,83.0,72083.0,6.8,6.4,31.2,4.9,33.4,4.8,57.0,37.0,64.9,5.0,18.0,,11.0,6.0,35.0,1.0,2.0,0.3541221583380607,0.9446175259391192,0.0,0.0,0.0,88.83595018244367,2.0,35.0,4.46,5288.0,5537.0,47.0,42925.547026250555,46520.62242872569,2.657540034724596,55.0,1.0,2.0,0.6600096878190047,1.779498286526476,0.0,2.0,60.0,6.4,11473.0,12099.0,329632.9106063058,343225.71043187444,9.408436846636326,-0.7868705035971257,-0.5975587636751878,-0.5728193190779884,-8026.0,-0.162770051003971,-0.2489494542114682,0.2146345469376643,3.985550226285613,0.2146345469376643,3.985550226285613,-0.2489494542114682,1.0,22.48201438848921,11.241007194244604,33.723021582733814,33.723021582733814,33.723021582733814,67.44604316546763,21.42441132569286,-52.36725021655287,-23.54368364976908,-45.331472525683466,98.38888205632765,-2.855436081242535,-2.6631003605070314,-0.6655840086099984,1.9451217579859017,2318.784,5.931917669664477,-1.5000000000000036,0.7000000000000002,-1.3999999999999986,11.764705882352944,6.25,1.0,1.0,1.0,1.0,111.0,422078.733041504,1.0,1.0,0.0,1.0,3.985550226285613,3.985550226285613,1.0,1.0,-27.63338941747297,1682215.989983911,0.2146345469376643,0.2146345469376643,0.8977746820244178,90592.67763838657,0.0,0.0,0.0,0.0,-0.7868705035971257,-0.5975587636751878,-0.5728193190779884,42.0,West,2.6317272590567375,1.78399395365898,1.8513372202395129,-3.204546578134726,-0.0502902860421432,0.8853755487247109,0.7672598137193417,-0.198659168169325,3.4908264103991433,9.113802503109472,111.0,111.0,385361.08452247747,49420.88109900817,153037.18668956062,36717.64851902652,3.1644358436328845,3.3365134389348183,-0.8157017331230682,-3.830019852242883,6.25,2.127659574468077,1.4320089738022828,5.514705882352944,167.26403823178018,104.66333294569137,207.0875025102878,-68.87515617545253,8131.0,8370.0,8366.666666666666,765.0,hurricane_cat3,municipio,-0.8415168353781961
2021.0,Las Piedras,35495.0,0.0,29830.0,148.0,15045.0,281.0,24466.0,27512.08421046157,3112.0,270.96791666666667,25646.0,80.3,6060.0,702.0113959,25.1,6435.0,16.0,25.0,290.0,6.7,1.8,37.19,12.48,12824.0,20.33,18.64,19.5,11.93,12.65,99.97,0.0,3.11,0.15,4.41,9.5,57.0,0.16,18.1827,-65.8661,7.0,13.0,43.0,53.0,168.0,24466.0,27512.08421046157,270.96791666666667,72.0,85.0,72085.0,12.5,2.8,36.3,2.6,41.5,2.6,290.0,169.0,58.3,42.0,56.0,19.0,51.0,23.0,35.0,0.0,2.0,0.0,0.8531816484468417,0.0,0.0,0.0,101.2293603561567,2.0,35.0,4.8,74.0,561.0,13.0,1796.8089641685683,6939.199667292052,4.103381587400422,45.0,1.0,1.0,0.7054014337675616,1.1750728974372953,0.0,2.0,60.0,5.6,38.0,1996.0,942.548062551133,34254.52920104233,-4.667902129831059,-1.1156500915621923,-0.6515095611806521,-0.5135024094175655,-12824.0,-0.6202022649212943,-2.0742751390897873,-0.1446209666847882,2.159973334135739,-0.1446209666847882,2.159973334135739,-2.0742751390897873,0.0,19.721087477109453,36.62487674320327,121.14382307367237,56.34596422031272,121.14382307367237,177.48978729398507,8.001753439553717,59.37066485381363,5.676406305973018,-42.22961518743214,110.11736900061771,-0.7093522493933135,-0.7122431688201702,2.2950750946811205,1.365508134699108,10828.29,-1.767333251384251,0.7999999999999972,-0.5,0.7000000000000028,1.7543859649122862,4.395604395604402,1.0,1.0,1.0,1.0,111.0,46594.81230813776,1.0,1.0,0.0,1.0,2.159973334135739,2.159973334135739,0.0,0.0,-230.2445404389664,100643.55209463729,-0.1446209666847882,-0.1446209666847882,-0.9635363388677064,-6738.586798499152,0.0,0.0,0.0,0.0,-1.1156500915621923,-0.6515095611806521,-0.5135024094175655,43.0,East,-2.0087648695832017,-2.1805945248726144,-2.0790378674849634,1.4952624601656361,-1.4804272415724622,-0.8652077050720061,-0.9711310390157127,-0.5938478975173251,6.174358169256478,17.902049965637758,111.0,111.0,43878.689638679,14500.837596051268,25123.941296058325,2716.1226694587604,4.145803715590057,-2.344354406173854,1.7114560844616857,-1.8507286209089369,4.395604395604402,2.6315789473684292,1.7273882975961108,-2.641218430692116,146.67057788207686,283.3086210548613,339.38945352377317,-36.55320888145914,37233.0,37499.0,37500.0,-1738.0,hurricane_cat3,municipio,-0.7128050928809053
2021.0,Loíza,24216.0,0.0,20175.0,105.0,11515.0,200.0,19541.0,21973.90818101159,2311.0,270.96791666666667,17262.0,76.0,6629.0,501.3431958,17.0,2936.0,0.0,28.0,86.0,9.2,1.2,47.17,25.33,10440.0,24.95,19.47,19.97,19.62,16.92,99.92,0.0,11.1,0.2,6.11,20.96,87.0,0.36,18.433,-65.8797,,,,,,19541.0,21973.90818101159,270.96791666666667,72.0,87.0,72087.0,25.3,3.5,36.4,2.3,48.7,2.3,86.0,48.0,55.8,16.0,23.0,5.0,18.0,,35.0,0.0,2.0,0.0,0.7369780810013017,0.0,0.0,0.0,128.12295467339197,2.0,35.0,4.8,43.0,341.0,32.0,1267.4349519129946,7631.674963298579,8.744471096206858,45.0,1.0,1.0,0.4916199210165519,0.935867547729175,0.0,2.0,60.0,4.4,20.0,350.0,661.3174747928182,4975.596585460148,-3.767286599904629,-2.626362735381571,-2.170904738166335,-2.0342746799933864,-10440.0,0.1928418293313694,-0.2663648831344148,0.3888430321213487,3.428308402677296,0.3888430321213487,3.428308402677296,-0.2663648831344148,1.0,,,,0.0,0.0,0.0,0.0,0.0,0.0,0.0,0.0,-2.3818760183101917,-2.5885198201262116,7.513243416825421,1.443135827633616,7343.7,-1.5497696701380348,0.5,-0.3000000000000007,0.5,1.17647058823529,3.658536585365857,1.0,1.0,1.0,1.0,111.0,19166.450375498353,1.0,1.0,0.0,1.0,3.428308402677296,3.428308402677296,1.0,1.0,-29.566502027920045,65708.50287181842,0.3888430321213487,0.3888430321213487,2.498863848949148,7452.740679012141,0.0,0.0,0.0,0.0,-2.626362735381571,-2.170904738166335,-2.0342746799933864,44.0,East,-2.7059529838630914,-2.9270576045593355,-2.8491648234185227,0.671678303869705,0.3285915600389079,0.4774647903796969,0.5928250279430926,-0.5949564431733227,5.858807488062863,15.990436734514564,111.0,111.0,17974.546416441823,19898.832804338115,19890.542178343163,1191.9039590565299,-3.942726331992219,0.7588903980676465,-1.6119052644963752,11.45596974881764,3.658536585365857,0.0,2.4853349799320785,-2.482065997130567,0.0,0.0,0.0,0.0,25164.0,25778.0,25801.666666666668,-948.0,hurricane_cat3,municipio,-2.084351553994374
2021.0,Luquillo,17917.0,0.0,15202.0,67.0,10411.0,199.0,22216.0,24981.953029494573,1746.0,270.96791666666667,12968.0,78.1,4300.0,409.9390199,21.9,2844.0,159.0,127.0,158.0,8.4,2.2,43.95,24.6,12277.0,23.13,17.97,23.01,25.02,11.33,99.31,0.0,11.74,0.0,5.75,12.6,34.0,0.19,18.3725,-65.7166,6.0,11.0,52.0,72.0,192.0,22216.0,24981.953029494573,270.96791666666667,72.0,89.0,72089.0,24.6,3.6,36.3,2.8,48.1,2.6,158.0,93.0,58.9,40.0,23.0,9.0,24.0,12.0,35.0,0.0,2.0,0.0,0.5807850294835941,1.0,0.0,0.0,125.97240803565649,2.0,35.0,4.8,32.0,260.0,34.0,926.4890854632688,7565.224287752139,19.08238474157356,45.0,1.0,1.0,0.5157485336749363,0.9605840769951548,0.0,2.0,60.0,4.54,18.0,126.0,635.3226308531823,2821.1366272059204,-0.039053782637799,-1.1218395936819725,-0.8013353779924626,-0.7214582465597141,-12277.0,-0.1671343514787741,-2.1586338345479925,0.1123087577699084,1.5865427832818388,0.1123087577699084,1.5865427832818388,-2.1586338345479925,0.0,33.48774906513367,61.394206619411726,290.2271585644918,94.8819556845454,290.2271585644918,385.1091142490372,-27.85850403426737,139.5911398186761,7.507799490542354,-156.6510751962388,273.37647846462846,-1.6461808604038677,-1.741521539871682,-2.669328439120422,-0.3588693060980049,5518.326,-2.882484540959418,-1.3000000000000045,-0.8999999999999986,-2.3999999999999986,1.935483870967736,1.9736842105263053,1.0,1.0,1.0,1.0,111.0,16187.746600141758,1.0,1.0,0.0,1.0,1.5865427832818388,1.5865427832818388,0.0,0.0,-239.60835563482718,25682.55254605003,0.1123087577699084,0.1123087577699084,0.8183753984508972,1818.025711755979,0.0,0.0,0.0,0.0,-1.1218395936819725,-0.8013353779924626,-0.7214582465597141,45.0,East,-0.547889600903495,-0.9379475928976476,-0.877054473846417,-0.1735686456562191,-1.898072217129164,-1.7470014321293788,-1.6516856015590264,-0.26056161741882855,6.706050073149601,16.24778022551244,111.0,111.0,13755.866411433177,17369.83094841899,16998.793873742114,2431.880188708581,-1.4408342424364062,3.0335547632628135,2.175599630940876,-1.2284941966840157,1.9736842105263053,3.401360544217691,2.724082517315596,-0.038200339558569274,422.51975417032486,409.7697740874534,757.5902479868688,-149.1432757056964,17924.0,18224.0,18231.666666666668,-7.0,hurricane_cat3,municipio,-0.9254321211240955
2021.0,Manatí,39693.0,0.0,33202.0,196.0,18515.0,233.0,19427.0,21845.714867842595,1521.0,270.96791666666667,28686.0,75.4,8656.0,687.6401675,23.6,6760.0,170.0,103.0,638.0,9.4,1.9,46.67,19.17,11824.0,25.16,18.56,23.0,20.42,12.84,98.49,0.0,8.2,0.28,6.98,18.54,241.0,0.61,18.4274,-66.4922,10.0,9.0,39.0,123.0,269.0,19427.0,21845.714867842595,270.96791666666667,72.0,91.0,72091.0,19.2,3.0,33.1,1.9,40.9,1.8,638.0,334.0,52.4,48.0,135.0,49.0,195.0,25.0,35.0,0.0,2.0,0.0,0.6523790397542235,0.0,0.0,0.0,132.05405029512005,2.0,35.0,4.46,110.0,5573.0,49.0,2406.481786533336,28143.621993196568,6.79155147154538,45.0,0.0,1.0,0.0,0.7683687164957604,0.0,2.0,60.0,6.4,82.0,12118.0,1413.9388878956704,215916.91353479133,4.285113761757131,-0.964905650870429,-0.6838183997961322,-0.6338430576175891,-11824.0,-0.071205968021412,-1.284113723993952,0.2881092923769248,2.776458378923229,0.2881092923769248,2.776458378923229,-1.284113723993952,0.0,25.193359030559545,22.674023127503588,98.25410021918222,47.86738215806314,98.25410021918222,146.12148237724534,-2.0511717802480405,16.80803853035873,-29.904290844879668,-37.00074024752422,131.36461562713467,-1.9929961891028911,-2.1566058651617426,-1.7282488073864788,-2.510886765800535,10989.862,3.7362705823274167,-0.3999999999999986,1.0,0.0,0.789889415481837,-0.4716981132075526,1.0,1.0,1.0,1.0,111.0,259185.60701696313,1.0,1.0,0.0,1.0,2.776458378923229,2.776458378923229,0.0,0.0,-142.53662336332866,719618.0502985505,0.2881092923769248,0.2881092923769248,1.212014363722015,74673.78183194097,0.0,0.0,0.0,0.0,-0.964905650870429,-0.6838183997961322,-0.6338430576175891,46.0,North,0.9456128518491536,0.4051949681871392,0.4505492042584954,-1.5794559094667426,-1.0418947924919026,-0.5548688265443248,-0.6407557099431492,-0.24221893150204932,3.7590599773572935,12.650282994200582,111.0,111.0,240170.56233823704,33002.99356588874,99628.74490522548,19015.044678726088,0.8069979667789218,-6.611409456794048,-0.46027413766893305,-2.5352467741654006,-0.4716981132075526,3.2467532467532534,0.3925370146962777,1.2615875286893896,198.26964671953857,211.62954751587225,569.0123793256553,-66.9050310924039,38062.0,38836.0,38863.333333333336,1631.0,hurricane_cat3,municipio,-0.8698332967169078
2021.0,Maricao,5389.0,246.0,4549.0,216.0,2643.0,125.0,19223.0,21616.31630743492,2653.0,270.96791666666667,3988.0,58.8,1257.0,209.0287062,10.9,436.0,0.0,21.0,24.0,3.4,2.1,52.42,2.57,8789.0,45.31,18.19,24.96,7.57,10.54,99.24,0.0,3.48,0.0,15.1,13.08,13.0,0.24,18.1808,-66.9799,2.0,0.0,2.0,10.0,21.0,19223.0,21616.31630743492,270.96791666666667,72.0,93.0,72093.0,2.6,2.2,32.5,4.9,33.4,4.9,24.0,15.0,62.5,4.0,6.0,,6.0,,35.0,1.0,2.0,0.3698790674316047,0.9860824779991216,0.0,0.0,0.0,84.62552245261065,2.0,35.0,4.46,5325.0,5521.0,44.0,51958.381868613506,55104.37278131573,1.2412046010087907,55.0,1.0,2.0,0.6999207772105309,1.843016990962787,0.0,2.0,60.0,6.4,11895.0,12089.0,409767.88889656746,412372.0133563848,-8.661016949152545,-0.6494711449248514,-1.9961714139842155,-2.544559897784693,-8789.0,-0.1180303839064452,0.2657669869452818,0.6332799586487733,5.147687016043563,0.6332799586487733,5.147687016043563,0.2657669869452818,1.0,37.1126368528484,0.0,37.1126368528484,37.1126368528484,37.1126368528484,74.2252737056968,37.1126368528484,-132.3788885708804,-32.92181069958848,4.882471925786433,169.4915254237288,-2.8806584362139898,-2.047726539825867,19.345804497533024,11.211262162545797,1478.425,5.097318585077337,4.5,-4.5,3.299999999999997,19.999999999999996,-4.761904761904767,1.0,1.0,1.0,1.0,111.0,487736.9994631168,1.0,1.0,0.0,1.0,5.147687016043563,5.147687016043563,1.0,1.0,29.500135550926277,2510717.419380333,0.6332799586487733,0.6332799586487733,2.9305614921786134,308874.06685147935,0.0,0.0,0.0,0.0,-0.6494711449248514,-1.9961714139842155,-2.544559897784693,47.0,West,-4.270141125814597,-4.123826010673892,-4.323235237401398,1.7255812280299039,1.4672838273053497,2.355123146972448,2.1774437565362716,-1.201516840360068,3.908988822493632,9.10457841945628,111.0,111.0,442212.42201815505,36258.23917060651,167170.08908764974,45524.57744496176,22.149314144939343,-7.861332154834988,3.485587516809266,-2.803509647406319,-4.761904761904767,-4.545454545454541,-4.551728464771943,24.761904761904763,197.53086419753083,177.36214124475975,184.29551098346042,-28.03933877380203,5900.0,6075.0,6059.0,-511.0,hurricane_cat3,municipio,-2.523129293672442
2021.0,Maunabo,10700.0,0.0,9135.0,44.0,5044.0,190.0,21678.0,24376.97055155669,3147.0,270.96791666666667,7952.0,73.6,2448.0,337.8313189,15.3,1219.0,8.0,15.0,49.0,8.2,2.6,46.1,27.18,10077.0,28.47,17.76,25.19,12.28,13.62,99.61,0.0,2.64,0.0,11.67,16.73,5.0,0.05,18.0072,-65.8994,2.0,0.0,11.0,24.0,60.0,21678.0,24376.97055155669,270.96791666666667,72.0,95.0,72095.0,27.2,7.9,25.6,4.0,35.1,4.4,49.0,37.0,75.5,8.0,18.0,3.0,8.0,,35.0,1.0,2.0,0.3826852351830665,0.9714199330004292,0.0,0.0,0.0,81.45897667898508,2.0,35.0,4.8,77.0,1243.0,12.0,2016.9727634103515,8258.60315533162,3.418032887284185,45.0,1.0,1.0,1.0190415731922438,1.504107098928202,0.0,2.0,60.0,6.4,37.0,4883.0,892.3240806012958,89428.20007013464,1.249053747161244,-1.2803738317757052,-1.0239337908250157,-0.9466274637261352,-10077.0,-0.0141445703162101,-0.2002215069931969,0.2463985177779261,3.463567998870088,0.2463985177779261,3.463567998870088,-0.2002215069931969,1.0,18.69158878504673,0.0,102.803738317757,18.69158878504673,102.803738317757,121.49532710280374,9.229060397461566,74.41615315500152,-27.6569964824965,-36.57158335988743,37.85011355034065,-1.9302152932442416,-2.2407693005533913,0.7198158497842444,0.5340128997879352,2338.56,2.375882550711639,0.0,1.599999999999998,0.7000000000000028,-2.0000000000000018,-1.9607843137254943,1.0,1.0,1.0,1.0,111.0,103825.7487678044,1.0,1.0,0.0,1.0,3.463567998870088,3.463567998870088,1.0,1.0,-22.224587276244858,359607.5408908928,0.2463985177779261,0.2463985177779261,1.7436924141089636,25582.51060357035,0.0,0.0,0.0,0.0,-1.2803738317757052,-1.0239337908250157,-0.9466274637261352,48.0,East,-0.2719983071258203,-0.6632609919262511,-0.640567873172256,-0.6746291566003149,-0.3030304214864971,0.342832156147428,0.19681967465983682,0.10280891449330021,6.5039232449550815,25.679025881018784,111.0,111.0,99242.73090898784,13753.647038980513,43403.69962516572,4583.017858816558,-2.578337241034101,3.4605600906136624,3.471026414544935,3.2981530908183454,-1.9607843137254943,4.081632653061229,0.7069494464452449,-0.039215686274507444,102.07869339272456,108.86328585684478,191.29006342634875,-64.22857984238391,10568.0,10776.0,10789.0,132.0,hurricane_cat3,municipio,-1.1346157401889907
2021.0,Mayagüez,74146.0,0.0,63813.0,211.0,40717.0,452.0,15501.0,17430.91708274196,776.0,270.96791666666667,50368.0,72.3,13317.0,833.1584483,28.2,14186.0,1167.0,289.0,1562.0,4.4,0.8,53.56,25.02,12156.0,28.09,16.52,24.77,23.54,11.96,99.41,0.0,18.76,0.04,2.8,21.36,1110.0,1.5,18.2011,-67.1397,23.0,9.0,27.0,88.0,218.0,15501.0,17430.91708274196,270.96791666666667,72.0,97.0,72097.0,25.0,2.2,29.7,1.3,39.6,1.5,1562.0,827.0,52.9,155.0,286.0,137.0,388.0,52.0,40.0,1.0,2.0,0.4166819950794158,1.2047878957192577,1.0,0.0,0.0,73.99690990566876,2.0,35.0,4.46,5181.0,5503.0,42.0,43180.12631157701,46964.2842157984,1.7524777369591242,55.0,1.0,2.0,0.8436574696071081,1.9986824753674504,0.0,2.0,60.0,6.4,10387.0,12082.0,258278.0569292796,314235.0199060438,1.1045052907167063,-1.921883850780892,-1.5782844891213288,-1.5144720752224727,-12156.0,0.2782031422612117,-1.9221289066944691,0.216685219309758,1.1464852067386044,0.216685219309758,1.1464852067386044,-1.9221289066944691,0.0,31.019879696814396,12.138213794405631,36.414641383216896,43.15809349122003,36.414641383216896,79.57273487443692,11.795597581980363,-27.673937213925026,6.107285360536984,-7.689388225486752,95.4510745063816,-2.5202041684389664,-2.6186007378163234,0.3191584263623204,0.5832860025574853,18952.461,4.876976190096727,0.8999999999999986,-0.8999999999999986,0.7000000000000028,1.692708333333326,-0.2597402597402598,1.0,1.0,1.0,1.0,111.0,391362.13183497265,1.0,1.0,0.0,1.0,1.1464852067386044,1.1464852067386044,0.0,0.0,-213.35630864308607,448690.8946264796,0.216685219309758,0.216685219309758,0.9478378797145496,84802.3893661955,0.0,0.0,0.0,0.0,-1.921883850780892,-1.5782844891213288,-1.5144720752224727,49.0,West,-0.6920256849053619,-1.12517110327105,-1.059016657256958,-0.8224463903171109,-1.74125540413898,-1.4648237900170809,-1.4838144416366088,-0.18087350255548906,3.6019661299899015,8.407456168329237,111.0,111.0,354478.9566825932,46798.63384582838,141912.66332522326,36883.17515237944,2.4047661128161035,-0.9740665315059682,-1.4768112195765533,-2.085607686453783,-0.2597402597402598,2.735156771180791,-0.12539043483414578,1.9524485930735858,97.03317737133136,143.6800207106336,335.6334914496667,-1.5821028649497606,73336.0,75232.0,75274.33333333333,810.0,hurricane_cat3,municipio,-1.644167130582354
2021.0,Moca,37532.0,0.0,31413.0,158.0,16183.0,242.0,17685.0,19886.831082400593,1967.0,270.96791666666667,26709.0,70.2,8171.0,734.4004357,22.7,6054.0,245.0,146.0,414.0,5.5,1.3,49.93,24.64,12184.0,30.45,18.93,18.97,20.33,15.48,99.72,0.0,2.5,0.41,3.76,10.57,175.0,0.47,18.3947,-67.1131,1.0,5.0,13.0,37.0,80.0,17685.0,19886.831082400593,270.96791666666667,72.0,99.0,72099.0,24.6,4.0,33.3,2.6,44.3,2.4,414.0,268.0,64.7,48.0,102.0,24.0,74.0,37.0,35.0,1.0,2.0,0.3403754749479645,0.8785606311032195,0.0,0.0,0.0,92.8276200138999,2.0,35.0,4.46,1400.0,5552.0,56.0,10023.276361570555,35245.92049930602,4.358279205259729,55.0,1.0,2.0,0.6180612389530533,1.7020520647603758,0.0,2.0,60.0,6.4,599.0,12153.0,7097.495933689751,239920.57215170565,5.584156187582634,-0.4502824256634286,-0.1733357747861874,-0.0960103001220624,-12184.0,-0.1411924338116214,-0.5876700632607731,0.1049228098514878,3.415306226857758,0.1049228098514878,3.415306226857758,-0.5876700632607731,0.0,2.6643930512629224,13.321965256314613,34.63710966641799,15.986358307577532,34.63710966641799,50.62346797399552,-6.519057057994807,-7.560544144030146,11.443774371130814,-18.641371658980248,64.70306917602048,-1.697961892646771,-1.9282924712519025,5.373211344938533,5.005517666903625,10460.529,4.873977129405538,-0.5,1.7000000000000028,0.2999999999999971,8.37696335078535,1.5957446808510634,1.0,1.0,1.0,1.0,111.0,313996.5794321502,1.0,1.0,0.0,1.0,3.415306226857758,3.415306226857758,0.0,0.0,-65.23137702194582,1072394.4729466592,0.1049228098514878,0.1049228098514878,0.4163069481385985,32945.40339777708,0.0,0.0,0.0,0.0,-0.4502824256634286,-0.1733357747861874,-0.0960103001220624,50.0,West,1.7100709419216598,1.0959527042338602,1.133052442039717,-1.8060812420437222,-0.3089527837572384,0.0752130598342385,0.2076099704908516,-0.2787172795035347,3.3165002056208372,9.794859848929695,111.0,111.0,288496.91396501596,56317.99640979645,123322.31057912228,25499.66546713421,5.3042651799450224,4.339076475827319,4.220882631888534,0.0689461649935108,1.5957446808510634,10.26392961876832,3.0035571502055123,6.781218669934286,71.90066646386991,111.19548709047515,171.62411686762132,-7.197597287849433,35547.0,36161.0,36193.333333333336,1985.0,hurricane_cat3,municipio,-0.393120728270437
2021.0,Morovis,29069.0,0.0,24094.0,173.0,11935.0,249.0,21598.0,24287.010331788973,1557.0,270.96791666666667,20508.0,73.9,6276.0,657.359871,17.5,3592.0,112.0,77.0,178.0,5.7,1.6,46.82,15.99,10788.0,26.95,19.59,17.59,23.42,18.26,99.7,0.0,3.24,0.0,3.13,13.27,74.0,0.25,18.3258,-66.4053,2.0,1.0,21.0,20.0,86.0,21598.0,24287.010331788973,270.96791666666667,72.0,101.0,72101.0,16.0,4.0,36.3,2.5,43.2,2.3,178.0,113.0,63.5,24.0,55.0,9.0,28.0,16.0,35.0,0.0,2.0,0.0,0.8351289727839193,0.0,0.0,0.0,118.5542492253884,2.0,35.0,4.46,198.0,5549.0,42.0,3253.726320034813,27584.864771466287,5.037672222104476,50.0,1.0,2.0,0.4604344074614605,1.0583022865311107,0.0,2.0,60.0,6.4,373.0,12094.0,6326.510298556033,224884.7897083669,-5.164426464831006,-1.410437235543016,-0.9244977745975436,-0.7765957405763912,-10788.0,-0.1906440813142939,-0.5429349802642035,0.4444918922443965,4.64196410572672,0.4444918922443965,4.64196410572672,-0.5429349802642035,1.0,6.8801816367952116,3.4400908183976058,72.24190718634972,10.320272455192818,72.24190718634972,82.56217964154254,-2.729446975839414,-6.056409399843673,-22.47770127822428,-31.513711060599448,91.34803601722562,-1.0012273108972236,-1.1430395913154534,-2.6351880157421737,-0.9317754247951818,8746.122,-5.291916324095536,-0.4000000000000057,-2.1000000000000014,-1.5,6.586826347305386,5.696202531645578,1.0,1.0,1.0,1.0,111.0,264232.79241935385,1.0,1.0,0.0,1.0,4.64196410572672,4.64196410572672,1.0,1.0,-60.26578280932659,1226559.1379665798,0.4444918922443965,0.4444918922443965,2.268424303571373,117449.33389549944,0.0,0.0,0.0,0.0,-1.410437235543016,-0.9244977745975436,-0.7765957405763912,51.0,Central Mountains,-2.3584616054187046,-2.543530276554129,-2.4524978501487564,1.5818658648423134,-0.2495805075817623,0.193871496383006,0.13699939454258694,-0.2933544726824412,4.480535248818489,13.914660530372249,111.0,111.0,244539.84276448443,27290.027341470915,98576.26348991865,19692.949654869415,-0.0583756405746593,-0.1017626180687125,2.365445126342873,-2.5768123751675143,5.696202531645578,3.9473684210526327,3.2145236508994035,0.8906238156598079,145.33944835604936,153.25670498084293,408.90229913285225,-53.991412338823736,30652.0,30962.0,30978.0,-1583.0,hurricane_cat3,municipio,-0.9463909262791946
2021.0,Utuado,28585.0,0.0,24129.0,98.0,13306.0,210.0,15812.0,17780.637437088953,1182.0,270.96791666666667,20883.0,73.5,5504.0,547.7271218,21.1,4402.0,107.0,89.0,210.0,6.4,1.3,54.6,31.87,9462.0,27.48,18.22,23.53,20.09,11.31,99.13,0.0,2.62,0.42,2.71,17.64,92.0,0.32,18.2655,-66.7005,0.0,4.0,19.0,67.0,120.0,15812.0,17780.637437088953,270.96791666666667,72.0,141.0,72141.0,31.9,4.9,26.6,2.0,39.0,2.4,210.0,151.0,71.9,22.0,58.0,25.0,32.0,11.0,35.0,0.0,2.0,0.0,0.8859026022431592,0.0,0.0,0.0,114.03646486928145,2.0,35.0,4.46,4552.0,5566.0,47.0,29231.113752675537,40203.6951672925,12.245373947416333,50.0,1.0,2.0,0.4768336372330178,1.1270537823828757,0.0,2.0,60.0,6.4,10903.0,12108.0,313053.3296419339,340837.78151105123,1.940016404550482,-1.504285464404409,-1.2125286695404691,-1.1370116613604764,-9462.0,0.006012649216843,-0.2884161967806644,0.3418554029359865,3.8948535014921903,0.3418554029359865,3.8948535014921903,-0.2884161967806644,1.0,0.0,13.993353157250308,66.46842749693896,13.993353157250308,66.46842749693896,80.46178065418927,6.860939905226485,-8.42191164931117,-13.791007029744904,-19.265052121709147,82.02275239827395,-2.2143953131538607,-2.46921978096728,0.5606110723683777,-3.872989778008354,6418.314,6.1819066147859925,0.9000000000000021,-1.3999999999999986,0.3999999999999986,11.111111111111116,7.3863636363636465,1.0,1.0,1.0,1.0,111.0,398578.1460067274,1.0,1.0,0.0,1.0,3.8948535014921903,3.8948535014921903,1.0,1.0,-32.01419784265374,1552403.4875925677,0.3418554029359865,0.3418554029359865,1.528683172829621,136256.09270460828,0.0,0.0,0.0,0.0,-1.504285464404409,-1.2125286695404691,-1.1370116613604764,71.0,Central Mountains,-0.1726646126865905,-0.6093219677049122,-0.5723138638900985,-0.9643470486738859,0.1407417502938164,0.133552312851001,0.14680610094181037,-0.42915794707448074,3.825001923976544,10.833534154259336,111.0,111.0,367207.9824422973,33754.09173118115,141482.50795759616,31370.163564430142,-3.661762596104434,-8.517817810289008,-3.6238944876727377,4.222373668472812,7.3863636363636465,1.1494252873563315,2.4664750957854475,3.7247474747474696,115.078811549728,112.23726277124004,187.21784114184652,-33.05605915145405,28041.0,28676.0,28706.333333333332,544.0,hurricane_cat3,municipio,-1.3093255928206555
2021.0,Yauco,34704.0,0.0,29486.0,99.0,17713.0,168.0,16444.0,18491.323173253902,1380.0,270.96791666666667,25661.0,77.8,8894.0,718.6800401,25.9,6651.0,352.0,166.0,406.0,5.9,1.2,46.44,17.37,10231.0,23.03,17.72,23.69,31.46,8.83,99.56,0.0,4.28,0.08,2.41,12.05,213.0,0.61,18.035,-66.8499,3.0,2.0,13.0,36.0,79.0,16444.0,18491.323173253902,270.96791666666667,72.0,153.0,72153.0,17.4,3.9,32.1,2.1,38.9,1.8,406.0,246.0,60.6,52.0,113.0,23.0,79.0,14.0,35.0,1.0,2.0,0.3582780696698092,1.1900418766267546,0.0,0.0,0.0,87.6894846850553,2.0,35.0,4.46,5324.0,5487.0,40.0,87745.02721896788,90049.11565892561,0.587645567061401,55.0,1.0,2.0,0.6420278379550087,1.624343996810492,0.0,2.0,60.0,6.4,11987.0,12066.0,851008.1587094272,852081.730442056,0.5883887423552947,-2.0631627478100545,-1.736785672382013,-1.6711958409869498,-10231.0,-0.2943480128960243,-2.30264204936906,0.1473462550059129,3.0538206954343563,0.1473462550059129,3.0538206954343563,-2.30264204936906,0.0,8.64453665283541,5.763024435223605,37.45965882895344,14.407561088059015,37.45965882895344,51.86721991701245,-14.577106023039214,-49.49434250434125,-4.8868469455801,19.210973219938023,115.93866844439292,-2.616574460878396,-2.774499849062817,6.048465675905801,0.7043764410741356,9465.006,7.04056161823059,1.7000000000000028,-0.1000000000000014,2.0,4.909560723514206,-1.0230179028132946,1.0,1.0,1.0,1.0,111.0,964398.6280424402,1.0,1.0,0.0,1.0,3.0538206954343563,3.0538206954343563,0.0,0.0,-255.59326747996568,2945100.4889645036,0.1473462550059129,0.1473462550059129,0.6959478600310862,142100.52617489392,0.0,0.0,0.0,0.0,-2.0631627478100545,-1.736785672382013,-1.6711958409869498,77.0,South,-0.9677617413663464,-1.3736431190897511,-1.3181367257981835,-0.7034340996206034,-1.6330749428634657,-1.224492680424293,-1.2321953562395862,-0.6695671065055944,3.831566199302708,8.433235736072847,111.0,111.0,882509.074585082,35311.46838399998,312165.13131381973,81889.55345735815,-0.7685068261440775,-3.1668295265393165,-0.9728035671997611,6.816972502049879,-1.0230179028132946,-0.761421319796951,-0.33905859850008974,5.9325786263275,101.61454217003498,101.53955926342655,250.41503172698904,14.324126274357937,34501.0,35428.0,35456.0,203.0,hurricane_cat3,municipio,-1.7822269278297196
2021.0,Vega Baja,54544.0,0.0,45974.0,184.0,24695.0,300.0,21507.0,24184.680581803197,1165.0,270.96791666666667,39632.0,76.1,11932.0,711.5195008,22.7,8988.0,208.0,120.0,448.0,9.6,1.4,43.36,17.6,12361.0,24.43,18.22,21.41,20.31,13.03,98.0,0.0,4.13,0.59,4.93,13.15,318.0,0.58,18.4438,-66.3874,20.0,14.0,52.0,196.0,352.0,21507.0,24184.680581803197,270.96791666666667,72.0,145.0,72145.0,17.6,2.5,35.5,1.8,43.1,1.7,448.0,262.0,58.5,53.0,122.0,30.0,81.0,26.0,35.0,0.0,2.0,0.0,0.6364429592827845,0.0,0.0,0.0,130.77084340006462,2.0,35.0,4.46,64.0,5527.0,45.0,2008.2460411401848,25385.042901392066,1.9859696820438264,45.0,1.0,1.0,0.4188303000259331,0.7574661983920044,0.0,2.0,60.0,6.4,31.0,12087.0,602.3952258502939,193657.085850226,6.762708215075652,-0.6636843649163948,-0.4465087305490889,-0.4000533626554503,-12361.0,-0.3299630471999777,-1.7354822136138008,0.045353484626113,2.7505250835558357,0.045353484626113,2.7505250835558357,-1.7354822136138008,0.0,36.667644470519214,25.66735112936345,95.33587562334996,62.33499559988266,95.33587562334996,157.6708712232326,-12.045007923380666,-123.88939791889985,-59.74016815055643,33.373035651385294,293.6052770655131,-2.113350705088901,-2.209064847951137,2.085088811818725,1.436333668843015,16320.77,8.800150286450181,0.3999999999999986,-0.5,0.2000000000000028,3.2258064516129004,6.896551724137923,1.0,1.0,1.0,1.0,157.0,231390.77431820787,1.0,1.0,0.0,1.0,2.7505250835558357,2.7505250835558357,0.0,0.0,-272.4707075373667,636446.1288656382,0.045353484626113,0.045353484626113,0.197426358942741,10494.377925665243,0.0,0.0,0.0,0.0,-0.6636843649163948,-0.4465087305490889,-0.4000533626554503,73.0,North,1.9007836704861836,1.2551288990971354,1.2944058716762261,-2.300837033141634,-1.240102967336302,-0.94888834171801,-0.9057501875453999,-0.49537924627749885,3.913916189529675,13.195975752774224,157.0,157.0,214811.7173312132,29884.520769001618,90184.98537329677,16579.056986994663,1.325147674743743,0.8987645199665772,0.28510981462357043,0.759941137074982,6.896551724137923,5.181347150259064,4.287062897209785,-3.6707452725250223,319.97240956468426,344.75651571077924,923.503717077186,-26.367132499171134,51089.0,52192.0,52217.333333333336,3455.0,hurricane_cat5,municipio,-0.6726487946706119
2021.0,Yabucoa,31047.0,0.0,26282.0,169.0,14548.0,318.0,17267.0,19416.78893411428,1475.0,270.96791666666667,22690.0,73.1,6011.0,550.4416409,17.4,3951.0,53.0,47.0,177.0,5.6,1.2,52.62,15.22,10507.0,27.85,17.76,22.62,12.5,12.95,99.91,0.0,1.53,0.06,5.17,15.22,91.0,0.29,18.0505,-65.8794,9.0,4.0,24.0,24.0,116.0,17267.0,19416.78893411428,270.96791666666667,72.0,151.0,72151.0,15.2,3.0,31.9,2.5,37.7,2.5,177.0,111.0,62.7,22.0,53.0,10.0,30.0,12.0,35.0,1.0,2.0,0.3620838082084655,0.9363630811215408,0.0,0.0,0.0,86.66270406615135,2.0,35.0,4.8,78.0,784.0,11.0,1999.331372317464,6851.435975978414,6.102498439096153,45.0,1.0,1.0,0.9177166047001452,1.3988864144472577,0.0,2.0,60.0,6.4,41.0,3210.0,961.38711109657,69772.44766095818,-5.5374691940244025,-2.364157567558866,-1.9171107452632064,-1.8005106100797974,-10507.0,-0.2395690599287228,-0.6091235904350528,0.1112680882896196,3.2259404024552207,0.1112680882896196,3.2259404024552207,-0.6091235904350528,0.0,28.988308049086868,12.883692466260827,77.30215479756498,41.87200051534769,77.30215479756498,119.17415531291267,29.7017385504589,31.663672429232,-17.681375397420528,-34.9609385099022,57.808744333221775,-1.8866234812979443,-1.9034232334768195,-1.9778261118764464,-0.0120176373978209,8383.958,-2.8536196941171377,0.6999999999999993,-2.900000000000002,-0.5,2.3121387283236983,0.5813953488372103,1.0,1.0,1.0,1.0,157.0,82052.97580538136,1.0,1.0,0.0,1.0,3.2259404024552207,3.2259404024552207,0.0,0.0,-95.63240369830329,264698.0097922604,0.1112680882896196,0.1112680882896196,0.7806094447262601,9129.8777563392,0.0,0.0,0.0,0.0,-2.364157567558866,-1.9171107452632064,-1.8005106100797974,76.0,East,-3.139057052474747,-3.276420816222414,-3.1799980753134283,1.3385464423949496,-0.2692669702583902,0.2219512001020637,0.2607579550153442,-0.3398566201766626,6.468534193254994,21.77245183314426,157.0,157.0,78976.35312972889,13356.680154924,36394.52123253,3076.62267565247,1.9930332136436135,-0.05126001396063,0.7450846102597497,-3.9708593255200597,0.5813953488372103,2.9940119760478945,-1.887907703299167,1.730743379486488,110.4510582405445,149.34551524202757,313.1037352959989,-52.64231390732272,32867.0,33499.0,33505.0,-1820.0,hurricane_cat5,municipio,-1.8648196247632902
2021.0,Villalba,22341.0,0.0,18348.0,100.0,9380.0,176.0,20722.0,23301.94592533249,1975.0,270.96791666666667,15523.0,78.6,5469.0,545.5135195,21.5,3333.0,89.0,72.0,138.0,3.2,1.0,44.49,18.64,12179.0,22.87,20.28,19.74,22.95,16.92,99.77,0.0,3.99,0.28,5.93,12.3,109.0,0.49,18.1275,-66.4925,3.0,1.0,8.0,15.0,60.0,20722.0,23301.94592533249,270.96791666666667,72.0,149.0,72149.0,18.6,3.5,34.8,2.4,42.8,2.7,138.0,95.0,68.8,16.0,42.0,6.0,26.0,11.0,35.0,0.0,2.0,0.0,0.9491275510213248,0.0,0.0,0.0,100.97010557829026,2.0,35.0,4.46,2740.0,5512.0,38.0,19022.4001551618,35135.69894244134,6.2889059328167525,50.0,1.0,2.0,0.9194115960882656,1.18883113685217,0.0,2.0,60.0,6.4,8517.0,12071.0,271934.3704511804,327069.6174830621,2.0183570026028663,-1.5979589096280389,-1.2680550365346877,-1.18523197249516,-12179.0,-0.1409755970720051,-1.093449951690187,0.4897668740429002,4.613141755449551,0.4897668740429002,4.613141755449551,-1.093449951690187,1.0,13.428226131328053,4.476075377109351,35.808603016874805,17.904301508437403,35.808603016874805,53.71290452531221,-4.927791281187691,-60.0861866995506,-8.413722502969648,33.403159131235924,118.7268825060505,-2.249698701066827,-2.565998347323095,2.277107656202104,-1.0753715167040787,6385.103999999999,-1.8954534468859088,-1.3000000000000045,-1.3999999999999986,-2.3000000000000043,14.049586776859504,-0.8196721311475419,1.0,1.0,1.0,1.0,157.0,374912.4688010154,1.0,1.0,0.0,1.0,4.613141755449551,4.613141755449551,1.0,1.0,-171.67164241535937,1729524.364464641,0.4897668740429002,0.4897668740429002,2.2040586508149036,183619.7078843797,0.0,0.0,0.0,0.0,-1.5979589096280389,-1.2680550365346877,-1.18523197249516,75.0,South,-0.1845191455744244,-0.6273559341701151,-0.5887226909924864,-1.0007128269207357,-0.7825158467590513,-0.376113525307703,-0.4137770012510235,-0.3109341049311357,3.7990654031087225,11.559426717972014,157.0,157.0,346410.8391298689,24621.63746012064,129951.69607976917,28501.62967114651,-3.831087043509507,-1.672135162804833,-2.6902082509077516,6.1081946997116106,-0.8196721311475419,7.964601769911495,-0.077373180521305,14.869258908007046,93.73744587778422,108.72874353063976,209.78834798898106,24.989436628266276,21899.0,22403.0,22431.666666666668,442.0,hurricane_cat5,municipio,-1.3529794822055825
2021.0,Vega Alta,35728.0,0.0,29794.0,101.0,16019.0,284.0,21828.0,24545.645963621155,1113.0,270.96791666666667,25251.0,75.4,7350.0,703.8870648,22.0,5560.0,399.0,180.0,412.0,5.5,1.5,44.96,21.22,14645.0,25.46,19.71,19.56,24.61,13.46,99.62,0.0,7.08,0.65,6.21,14.09,444.0,1.24,18.4119,-66.3314,5.0,11.0,16.0,99.0,218.0,21828.0,24545.645963621155,270.96791666666667,72.0,143.0,72143.0,21.2,3.9,36.5,2.9,46.4,2.8,412.0,227.0,55.1,46.0,107.0,28.0,82.0,22.0,35.0,0.0,2.0,0.0,0.7894888472803642,0.0,0.0,0.0,126.03989020804924,2.0,35.0,4.46,75.0,5497.0,46.0,2069.1338416494086,24738.088932618182,8.874460293719572,45.0,1.0,1.0,0.4439720883386583,0.7737805300980659,0.0,2.0,60.0,6.4,36.0,12078.0,746.6808814729154,190521.2903137596,-2.273038102792746,-1.2567174205105225,-0.8629938320755204,-0.7586518537710751,-14645.0,-0.0516855766287827,-1.6258047934537565,0.2405535004670204,3.121451575841775,0.2405535004670204,3.121451575841775,-1.6258047934537565,0.0,13.99462606359158,30.788177339901477,44.782803403493055,44.782803403493055,44.782803403493055,89.56560680698611,-1.7173743913043893,-61.89407506692464,-34.34928051383189,-95.44676730115565,153.17705626521513,-1.4741551231606698,-1.6382143993213916,0.2080657013455944,2.3106840513754223,10874.81,-1.3755248500836537,-0.1000000000000014,1.5,0.7999999999999972,0.7334963325183352,0.4914004914004843,1.0,1.0,1.0,1.0,157.0,226843.81936912335,1.0,1.0,0.0,1.0,3.121451575841775,3.121451575841775,0.0,0.0,-255.25135257223977,708081.9974397172,0.2405535004670204,0.2405535004670204,1.185830530683187,54568.07480855111,0.0,0.0,0.0,0.0,-1.2567174205105225,-0.8629938320755204,-0.7586518537710751,72.0,North,-1.335254735176672,-1.6689427485480524,-1.5999794825249714,0.5766028814055968,-1.1983572716781736,-0.6856552917463498,-0.794900071381023,-0.4274475217755829,4.33779123006625,14.0626498854765,157.0,157.0,210326.10938703353,28222.957908495984,87990.87342681503,16517.709982089815,2.511485192803309,4.212501259977364,2.96535165171059,-2.3034194914577144,0.4914004914004843,0.0,0.08210081739493297,0.24209584111785093,282.9731040802027,188.2090976566642,503.44614598999686,-129.79604781498756,36559.0,37106.0,37129.666666666664,-831.0,hurricane_cat5,municipio,-0.9465632292356092
2021.0,Vieques,8317.0,0.0,7041.0,178.0,4967.0,156.0,14942.0,16802.32004711505,2258.0,270.96791666666667,5970.0,73.0,2872.0,607.5532898,14.2,845.0,212.0,299.0,111.0,13.7,6.8,53.2,15.2,8834.0,30.69,18.72,25.53,12.58,10.03,93.88,0.0,2.4,0.28,16.26,15.21,0.0,0.0,18.1261,-65.44,8.0,2.0,22.0,20.0,77.0,14942.0,16802.32004711505,270.96791666666667,72.0,147.0,72147.0,15.2,7.8,28.4,6.1,33.4,6.7,111.0,71.0,64.0,37.0,24.0,6.0,7.0,7.0,35.0,0.0,2.0,0.0,0.7956456400179198,1.0,0.0,0.0,115.43453788809406,2.0,35.0,4.8,48.0,162.0,18.0,4878.308284864812,7900.2379997547905,13.735633325022606,45.0,1.0,1.0,0.5774869564926637,0.8504237545926516,0.0,2.0,60.0,4.54,28.0,83.0,1561.8622599564758,2818.1784399598373,-2.2449459332393062,-1.4187808103883648,-1.0272796434565137,-0.9672020784520784,-8834.0,-0.3292648321740621,-0.1645022239787236,0.3385961249579651,3.267847132498316,0.3385961249579651,3.267847132498316,-0.1645022239787236,0.0,96.188529517855,24.04713237946375,264.51845617410123,120.23566189731876,264.51845617410123,384.7541180714199,49.71380012016783,-88.09085271165338,-68.33488434643158,-87.10372050558993,423.1311706629056,-1.5505669983800097,-1.470755900125409,1.66736517557724,-3.695725417081305,1999.644,-2.649666272327622,-0.6000000000000014,2.0999999999999996,0.0,5.714285714285716,6.060606060606055,1.0,1.0,1.0,1.0,157.0,15008.576882786672,1.0,1.0,0.0,1.0,3.267847132498316,3.267847132498316,0.0,0.0,-25.826849164659606,49045.734929294944,0.3385961249579651,0.3385961249579651,3.4488641863756433,5081.845973645262,0.0,0.0,0.0,0.0,-1.4187808103883648,-1.0272796434565137,-0.9672020784520784,74.0,East,-1.4348444347060174,-1.7387672928234288,-1.643216950140891,0.467642356253939,0.005803925840569,-0.184967012614605,-0.040784772489496426,-0.1703061498192926,9.584203898000524,20.121592127619735,157.0,157.0,10642.220910678345,11886.328005500232,12641.637352013116,4366.3559721083275,-7.162129108929993,-5.59241231789116,-6.489942169054745,8.829494284507234,6.060606060606055,2.0618556701030855,-0.6875744848253493,-0.34632034632033903,578.5697755149271,752.4797628548627,977.404673876781,-155.43860485202146,8508.0,8642.0,8640.333333333334,-191.0,hurricane_cat5,municipio,-1.1345853055239516
2021.0,Juana Díaz,46704.0,0.0,38738.0,133.0,18513.0,306.0,21420.0,24086.848842805804,1445.0,270.96791666666667,32836.0,77.4,10002.0,813.3369535,27.2,8930.0,184.0,147.0,310.0,5.8,1.1,45.08,20.69,10721.0,23.0,20.2,18.89,24.31,13.1,99.82,0.0,1.87,0.1,3.19,13.55,582.0,1.25,18.0525,-66.5064,11.0,6.0,12.0,55.0,127.0,21420.0,24086.848842805804,270.96791666666667,72.0,75.0,72075.0,20.7,2.6,36.4,1.9,46.2,1.8,310.0,192.0,61.9,33.0,83.0,17.0,53.0,28.0,35.0,1.0,2.0,0.3362091535071878,1.140400666060296,0.0,0.0,0.0,94.10186526718624,2.0,35.0,4.46,3566.0,5499.0,36.0,25589.447266872325,38122.00042577887,4.061612262668618,50.0,1.0,2.0,0.9526289323879912,1.2344203592102478,0.0,2.0,60.0,6.4,10612.0,12062.0,344636.0214994213,368846.2233308797,2.8405337561104416,-0.794364508393286,-0.4592594609420075,-0.39265544389675,-10721.0,-0.1933003693211516,-1.1162781240137911,0.1807892502817623,3.4615440286222676,0.1807892502817623,3.4615440286222676,-1.1162781240137911,1.0,23.552586502226788,12.846865364850975,25.69373072970195,36.399451867077765,25.69373072970195,62.09318259677972,-7.6398311733943345,-38.16322967898259,-7.962797042731225,-33.64693974732169,107.89624344915666,-1.5990639625585,-1.7206132879046043,-2.041582448112933,-1.6122016205649607,14100.632,2.1765676878551465,-0.6000000000000014,-0.6999999999999993,-1.0999999999999943,9.1549295774648,1.067615658362997,1.0,1.0,1.0,1.0,157.0,420444.0908184479,1.0,1.0,0.0,1.0,3.4615440286222676,3.4615440286222676,1.0,1.0,-175.2556654701652,1455385.7319421165,0.1807892502817623,0.1807892502817623,0.8808540977075373,76011.77196446437,0.0,0.0,0.0,0.0,-0.794364508393286,-0.4592594609420075,-0.39265544389675,38.0,South,0.6287363212201136,0.1305569260323436,0.1924157018949361,-1.0213917651168636,-0.8612720656219751,-0.4304701799315769,-0.5107266892179685,-0.255006058391816,3.9946431752840974,10.581578237578428,157.0,157.0,388751.74280803715,24357.530631988997,143533.95600836913,31692.34801041073,-0.1282247906601807,-2.6667976229217683,-0.7327824735774903,-1.9133576574527522,1.067615658362997,5.63909774436091,3.5376544675746353,8.087313919101803,149.50598023920958,161.839863713799,324.8363357053906,-41.60973679005292,45414.0,46152.0,46175.333333333336,1290.0,hurricane_cat5,municipio,-0.6454243145607741
2021.0,Trujillo Alto,68001.0,0.0,57546.0,177.0,29042.0,326.0,33948.0,38174.61925843005,1506.0,270.96791666666667,49339.0,85.4,11237.0,736.5140868,36.9,18229.0,827.0,275.0,587.0,6.3,1.0,28.25,5.54,17543.0,15.01,18.09,20.22,19.76,11.27,99.4,0.0,12.25,0.27,4.1,9.76,795.0,1.17,18.3547,-66.0072,13.0,17.0,28.0,102.0,268.0,33948.0,38174.61925843005,270.96791666666667,72.0,139.0,72139.0,5.5,1.4,49.1,1.5,52.1,1.4,587.0,358.0,61.0,63.0,97.0,66.0,81.0,50.0,35.0,0.0,2.0,0.0,0.786928464715688,0.0,0.0,0.0,117.68797038728506,2.0,35.0,4.8,49.0,1662.0,25.0,1445.3481457815833,11035.227205581865,9.561741341283394,45.0,1.0,1.0,0.5377857133958786,0.809480957719128,0.0,2.0,60.0,6.4,23.0,4976.0,685.8806242409828,89525.61800505032,4.599221670178899,-0.7411655710945375,-0.4953371753159463,-0.4495604555251997,-17543.0,-0.6741080373221654,-4.515405276592189,-0.3237364443868938,-0.4697626497830386,-0.3237364443868938,-0.4697626497830386,-4.515405276592189,0.0,19.11736592108939,24.999632358347668,41.17586506080793,44.11699827943706,41.17586506080793,85.29286334024499,-2.029038545100327,5.797236828662598,-44.299861453975694,-50.54497513244209,81.52466505668272,-2.0003617835931187,-2.127471230451461,-0.5533812847285602,0.2952068279703956,28255.086,5.30868189636895,-0.1000000000000014,0.7999999999999998,0.3999999999999986,5.197132616487465,1.454545454545464,1.0,1.0,1.0,1.0,157.0,107604.967614731,1.0,1.0,0.0,1.0,-0.4697626497830386,-0.4697626497830386,0.0,0.0,-708.9186284249736,-50548.7947165141,-0.3237364443868938,-0.3237364443868938,-1.9219458770568296,-34835.649613959875,0.0,0.0,0.0,0.0,-0.7411655710945375,-0.4953371753159463,-0.4495604555251997,70.0,Metro,1.1746644219006397,0.5790120691529399,0.6207478471675613,-1.6242248774258394,-4.090026369710985,-3.689218501217003,-3.673319110260637,-0.4253789068812033,5.332814892526744,16.674733064715305,157.0,157.0,102844.90664198702,19643.801925915064,47616.94431930807,4760.060972743973,-1.0371464127862828,2.47614818142603,-0.32336148319043545,0.48376512805772265,1.454545454545464,5.162523900573612,1.0371780999228422,3.7425871619420015,176.3695016431005,166.71584538211863,482.8237415230633,-94.84483658641778,65011.0,66338.0,66376.33333333333,2990.0,hurricane_cat5,municipio,-0.7059630109014803
2021.0,Ceiba,11463.0,0.0,9676.0,60.0,7328.0,163.0,20748.0,23331.182996756997,1798.0,270.96791666666667,8438.0,75.2,2934.0,446.03251,21.1,1778.0,91.0,66.0,81.0,5.7,2.2,41.29,9.85,13503.0,26.11,17.03,24.87,10.5,13.61,99.34,0.0,13.48,0.42,5.72,15.13,19.0,0.17,18.2633,-65.6474,2.0,2.0,12.0,17.0,45.0,20748.0,23331.182996756997,270.96791666666667,72.0,37.0,72037.0,9.8,3.8,38.3,3.1,42.5,3.3,81.0,43.0,53.1,7.0,12.0,5.0,12.0,6.0,35.0,0.0,2.0,0.0,0.61636326104755,0.0,0.0,0.0,117.34532667469284,2.0,35.0,4.8,61.0,225.0,24.0,2822.753239952846,6836.768134409611,5.335535435139409,45.0,1.0,1.0,0.5762167223896209,1.032543323567425,0.0,2.0,60.0,4.54,32.0,116.0,1005.7830636051794,2757.297758812503,2.284286606585173,-1.805809997382879,-1.4720578368908943,-1.3798526468108083,-13503.0,-0.2460842624804272,-2.394518011387713,0.119457750028245,1.2253205710354662,0.119457750028245,1.2253205710354662,-2.394518011387713,0.0,17.447439588240425,17.447439588240425,104.68463752944254,34.89487917648085,104.68463752944254,139.5795167059234,8.12589550556089,51.14667018760262,-68.75858906030018,-146.20150291434766,80.30695101275987,-2.67477203647416,-2.851598751370965,3.8161114413219455,0.3129959119290185,3705.907999999999,10.44467153815456,2.5999999999999943,-0.6999999999999993,2.5,-5.813953488372093,-4.444444444444439,1.0,1.0,1.0,1.0,157.0,14681.204173555372,1.0,1.0,0.0,1.0,1.2253205710354662,1.2253205710354662,0.0,0.0,-375.939327787871,17989.18148142914,0.119457750028245,0.119457750028245,0.9003552054120225,1753.783618278205,0.0,0.0,0.0,0.0,-1.805809997382879,-1.4720578368908943,-1.3798526468108083,18.0,East,-0.2355264817263891,-0.7554392206744365,-0.6999960988982701,-1.1443261650844192,-1.9521275443857131,-1.3310565819318751,-1.518946561476885,-0.442390467002,7.096900298018486,16.885824030260128,157.0,157.0,12469.080281901788,14743.99549986727,15060.64060882946,2212.123891653584,2.9862323302664695,-5.86335603580136,-1.5728405911034455,0.829879111055476,-4.444444444444439,3.4482758620689724,2.1370796083439836,-1.3695090439276534,295.26704298740776,244.66379819454988,343.40234336723853,-214.9600919746479,11207.0,11515.0,11525.0,256.0,hurricane_cat5,municipio,-1.5291188011563808
2021.0,Ciales,17045.0,0.0,14266.0,95.0,7335.0,139.0,18990.0,21354.30716736145,2051.0,270.96791666666667,12399.0,67.1,3599.0,379.8855091,15.4,1914.0,95.0,86.0,113.0,4.1,1.3,55.25,23.7,9435.0,33.8,18.79,21.99,26.47,13.23,99.31,0.0,2.55,0.45,5.1,14.0,10.0,0.06,18.3361,-66.4688,6.0,2.0,13.0,32.0,70.0,18990.0,21354.30716736145,270.96791666666667,72.0,39.0,72039.0,23.7,4.9,25.5,2.4,33.4,2.8,113.0,67.0,59.3,13.0,33.0,8.0,17.0,10.0,35.0,0.0,2.0,0.0,0.8334455813367947,0.0,0.0,0.0,121.64424375033248,2.0,35.0,4.46,411.0,5569.0,44.0,4677.462724901975,29223.21831638987,8.381539764984362,50.0,1.0,2.0,0.4375475934373934,1.0541236912562135,0.0,2.0,60.0,6.4,1318.0,12108.0,30276.85842149594,238108.9389402004,5.2940449715839,-0.7098855969492557,-0.5028778067995621,-0.4715660996084336,-9435.0,0.0384413247895331,-0.0533085518897571,0.3610064256909522,4.373532400600018,0.3610064256909522,4.373532400600018,-0.0533085518897571,1.0,35.20093869169845,11.73364623056615,76.26870049867996,46.9345849222646,76.26870049867996,123.20328542094455,40.75716955285516,-53.45702225891826,-36.21342820837776,-39.837651553550586,135.90313812700765,-1.968146308968688,-2.3592715231788075,2.014024364438538,5.354612522615451,3637.83,-1.0368762318261115,-1.8000000000000007,2.1999999999999993,-1.3999999999999986,10.784313725490202,-4.672897196261683,1.0,1.0,1.0,1.0,157.0,279921.7887143283,1.0,1.0,0.0,1.0,4.373532400600018,4.373532400600018,1.0,1.0,-8.369442646691864,1224247.0125760273,0.3610064256909522,0.3610064256909522,1.6922002977210835,101053.5644167776,0.0,0.0,0.0,0.0,-0.7098855969492557,-0.5028778067995621,-0.4715660996084336,19.0,Central Mountains,1.3930723595907637,0.8228598125555209,0.8257964195489335,-1.8646384591991974,-0.0014561634173448,0.3649687250027524,0.39183213710946546,-0.051852388472412296,4.068934741018835,12.96876896398202,157.0,157.0,258981.18906672648,28551.247131554715,103621.06880980142,20940.599647601834,4.126088079079593,9.92372512432822,5.330375279017532,-2.112063714641055,-4.672897196261683,5.940594059405946,-0.2246835698904238,15.457210921751885,211.954217888936,206.95364238410593,339.7321535205474,-76.05107976192835,16188.0,16513.0,16537.666666666668,857.0,hurricane_cat5,municipio,-0.7294913505867151
2021.0,Cidra,40125.0,0.0,33584.0,187.0,16129.0,224.0,23327.0,26231.275581518723,1182.0,270.96791666666667,28848.0,77.7,9378.0,765.3731116,24.3,7011.0,396.0,178.0,380.0,6.6,1.3,39.93,7.5,12639.0,22.69,18.86,18.84,33.29,11.5,99.68,0.0,1.6,0.11,2.37,12.5,157.0,0.39,18.1758,-66.1617,11.0,6.0,22.0,40.0,139.0,23327.0,26231.275581518723,270.96791666666667,72.0,41.0,72041.0,7.5,1.8,38.1,2.1,41.6,2.0,380.0,241.0,63.4,43.0,95.0,23.0,62.0,21.0,35.0,1.0,2.0,0.3252682239598114,0.8995349039038125,0.0,0.0,0.0,97.60350203874953,2.0,35.0,4.8,84.0,4950.0,26.0,2093.6132359541275,19979.783919756926,1.2443137822133006,50.0,1.0,2.0,0.6455095469481542,1.1977989710338304,0.0,2.0,60.0,6.4,57.0,11913.0,1076.9309270938782,187657.8350487696,2.945326731149134,-0.7327102803738272,-0.4496088715279067,-0.4020294796950652,-12639.0,-0.5089914343787496,-2.3211353085108715,-0.1281186278794675,2.0349718716664373,-0.1281186278794675,2.0349718716664373,-2.3211353085108715,0.0,27.41433021806853,14.953271028037385,54.82866043613706,42.36760124610592,54.82866043613706,97.19626168224298,14.145829431959118,0.9507324273113512,-4.600709060446075,-47.11432083607544,82.09969982297251,-1.590627919307197,-1.8243561460476456,7.8411326007331805,2.807032055561302,12795.504,8.95014681933446,1.8999999999999984,-5.199999999999999,-0.1000000000000014,4.109589041095885,7.038123167155419,1.0,1.0,1.0,1.0,157.0,217383.23311627447,1.0,1.0,0.0,1.0,2.0349718716664373,2.0349718716664373,0.0,0.0,-364.4182434362068,442368.7647635265,-0.1281186278794675,-0.1281186278794675,-0.6965147924521518,-27850.841550859503,0.0,0.0,0.0,0.0,-0.7327102803738272,-0.4496088715279067,-0.4020294796950652,20.0,Central Mountains,0.6694105982250509,0.1881645833349932,0.22570921492878945,-1.071440077920116,-1.5369796033512455,-1.0659004271892485,-1.1421157171133525,-0.784155705159626,4.916924566346763,20.55072343795009,157.0,157.0,203043.6902673706,20603.81115570568,80668.18480860034,14339.54284890386,3.4588706753105214,-2.878907109359796,-1.3025368091463974,4.382261925422659,7.038123167155419,1.7910447761193993,4.725026630986788,-2.9285341260595343,133.81472971949404,185.9058572738765,490.2456107830794,-51.71502989652153,38977.0,39607.0,39642.333333333336,1148.0,hurricane_cat5,municipio,-0.654603199690605
2021.0,Coamo,35268.0,0.0,29581.0,139.0,16120.0,228.0,19267.0,21665.794428307163,2335.0,270.96791666666667,25865.0,80.7,10081.0,894.3019624,23.0,5942.0,291.0,158.0,274.0,4.3,1.2,49.58,7.32,11454.0,19.71,18.8,19.0,30.42,12.69,99.7,0.0,4.83,0.14,3.45,13.81,95.0,0.27,18.0855,-66.3579,6.0,1.0,14.0,14.0,61.0,19267.0,21665.794428307163,270.96791666666667,72.0,43.0,72043.0,7.3,2.1,36.7,2.3,39.8,2.2,274.0,163.0,59.5,44.0,71.0,17.0,47.0,14.0,35.0,1.0,2.0,0.3447707095617282,0.9714413563868828,0.0,0.0,0.0,91.51674440236503,2.0,35.0,4.46,603.0,5481.0,36.0,6279.373257893189,29156.223335727052,8.699734349297497,50.0,1.0,2.0,0.6024655326660762,1.2367670530602024,0.0,2.0,60.0,6.4,2645.0,12059.0,80479.50274944323,264219.0493129888,-8.63922493070487,-2.015991833957131,-1.3905229363387115,-1.2150360235912094,-11454.0,-0.3483356670657684,-1.83835479235703,0.1039467491299684,3.006188217764195,0.1039467491299684,3.006188217764195,-1.83835479235703,0.0,17.01258931609391,2.8354315526823184,39.696041737552456,19.848020868776228,39.696041737552456,59.54406260632868,-13.828118291392666,-48.38001452750466,0.262269834100941,-9.595254072679992,121.752195425226,-0.7788001850614346,-0.9143002674137256,0.4736729851244181,-3.3763653659468464,10856.227,-4.910071123256943,1.2000000000000028,0.3999999999999994,1.5999999999999943,5.384615384615388,1.9607843137254832,1.0,1.0,1.0,1.0,157.0,304951.42109503766,1.0,1.0,0.0,1.0,3.006188217764195,3.006188217764195,0.0,0.0,-288.6217024000537,916741.36908635,0.1039467491299684,0.1039467491299684,0.5486048935329103,31698.708865393233,0.0,0.0,0.0,0.0,-2.015991833957131,-1.3905229363387115,-1.2150360235912094,21.0,South,-3.868505172332226,-3.8742332807535584,-3.752682499974362,2.6534691487410167,-1.4857828205297172,-1.264361149530273,-1.1353898255089834,-0.3525719718273128,4.714753228317454,14.489586084521784,157.0,157.0,281602.6256021155,22440.825374912383,107308.2967849684,23348.79549292213,-8.123529174197019,-2.4792399087679384,-3.09680578406258,8.597202159321437,1.9607843137254832,2.0000000000000018,1.320261437908495,3.4238310708899045,131.08517966380506,142.62065452693238,235.30335860768741,-9.332984238579058,38603.0,38906.0,38924.666666666664,-3335.0,hurricane_cat5,municipio,-1.3207152592686977
2021.0,Comerío,18990.0,0.0,15805.0,106.0,7243.0,195.0,14666.0,16491.95728891643,1925.0,270.96791666666667,13618.0,72.2,3864.0,525.6320005,15.0,2046.0,107.0,113.0,120.0,5.3,2.0,53.78,14.88,8655.0,28.62,18.91,19.75,26.24,13.54,99.82,0.0,1.75,0.21,4.06,19.62,11.0,0.06,18.2183,-66.2257,0.0,4.0,7.0,21.0,55.0,14666.0,16491.95728891643,270.96791666666667,72.0,45.0,72045.0,14.9,5.3,35.9,4.2,42.3,4.1,120.0,79.0,65.8,12.0,39.0,,19.0,8.0,35.0,0.0,2.0,0.0,0.8803434446993486,0.0,0.0,0.0,102.97424578383624,2.0,35.0,4.8,102.0,5413.0,37.0,2286.1563872342717,24082.973578992205,7.041186089147417,50.0,1.0,2.0,0.5833206727091931,1.1473003338951329,0.0,2.0,60.0,6.4,91.0,12044.0,1504.299122037879,199259.4519202175,0.2534051314539098,-0.9110057925223792,-0.5676988242036551,-0.4921495761806782,-8655.0,-0.0511686005945448,0.042714856022611,0.109025601425624,3.6678824375818624,0.109025601425624,3.6678824375818624,0.042714856022611,1.0,0.0,21.063717746182203,36.86150605581886,21.063717746182203,36.86150605581886,57.92522380200106,-0.053376541643793,-26.489776807659126,-20.4975540683954,-51.08900011613084,84.46837715130398,-1.466916354556802,-1.6121602947950286,-2.0043703602130813,2.031284796416588,5673.995,5.813263482344788,1.5,-2.299999999999999,0.6999999999999957,9.090909090909085,1.85185185185186,1.0,1.0,1.0,1.0,157.0,233548.13401710155,1.0,1.0,0.0,1.0,3.6678824375818624,3.6678824375818624,1.0,1.0,6.706232395549927,856627.099091342,0.109025601425624,0.109025601425624,0.6080698994985803,25462.725773046735,0.0,0.0,0.0,0.0,-0.9110057925223792,-0.5676988242036551,-0.4921495761806782,22.0,Central Mountains,-0.2947474693289376,-0.7107548342601633,-0.6503340635803045,-0.19740210685174064,0.6729893295612372,1.2473483880755647,1.2630892918645802,-0.6302744735386262,4.909012307473164,20.95914713670565,157.0,157.0,215616.50406572985,22032.844589302396,85723.05173111173,17931.629951371695,2.818642636625901,5.279582112836945,0.19492309630797866,-4.823012996838982,1.85185185185186,5.882352941176472,4.296281322762023,7.2390572390572245,156.05493133583022,179.12892164389172,376.19850772050114,-71.58655418452624,18942.0,19224.0,19235.0,48.0,hurricane_cat5,municipio,-0.7210095226563076
2021.0,Corozal,34631.0,0.0,28704.0,187.0,13001.0,263.0,19285.0,21686.0354777549,2104.0,270.96791666666667,24558.0,72.5,7022.0,721.3910174,21.4,5258.0,45.0,44.0,322.0,7.1,2.1,47.8,19.49,9639.0,28.0,19.79,19.39,22.53,10.77,99.62,0.0,0.74,0.72,4.05,15.39,256.0,0.74,18.3411,-66.3161,2.0,4.0,14.0,43.0,98.0,19285.0,21686.0354777549,270.96791666666667,72.0,47.0,72047.0,19.5,3.4,33.6,2.8,41.7,2.9,322.0,212.0,65.8,38.0,88.0,16.0,53.0,34.0,35.0,0.0,2.0,0.0,0.8220112745578184,0.0,0.0,0.0,118.00360147330326,2.0,35.0,4.46,89.0,5498.0,43.0,2169.23539313782,25146.75462440223,3.06109982005999,45.0,1.0,1.0,0.4798891260447013,0.8141993375076293,0.0,2.0,60.0,6.4,54.0,12083.0,966.411925360392,200942.19976791792,5.171890184645278,-0.4966648378620264,-0.2269330148974679,-0.1803178270431304,-9639.0,-0.14138343006266,-0.5132851928553284,-0.0103731398337402,3.2874558487432908,-0.0103731398337402,3.2874558487432908,-0.5132851928553284,0.0,5.775172533279432,11.550345066558863,40.42620773295602,17.325517599838296,40.42620773295602,57.75172533279432,-25.191489202882796,-38.53394775781171,0.7259620266016853,-31.48760570326212,121.47716229348882,-1.7074626865671627,-1.9464364115322708,8.799194240448838,5.9385188643052675,9644.544,12.630854161781269,2.0,-6.399999999999999,-1.0,6.270627062706269,0.6644518272425293,1.0,1.0,1.0,1.0,157.0,237422.6605363209,1.0,1.0,0.0,1.0,3.2874558487432908,3.2874558487432908,0.0,0.0,-80.58577527828655,780516.5140043211,-0.0103731398337402,-0.0103731398337402,-0.0520689822316815,-2462.81845744191,0.0,0.0,0.0,0.0,-0.4966648378620264,-0.2269330148974679,-0.1803178270431304,23.0,Central Mountains,1.54115710522591,0.9452654343102608,0.9796757544411486,-1.7214749322690406,0.0324016077605891,0.6319814493036828,0.5017866906728349,-0.5456868006159175,4.402198341735076,14.171654255770534,157.0,157.0,219915.098784208,26753.41136837235,90203.19366760754,17507.561752112902,10.458820722817896,-1.4424583703509295,2.952953849531529,-1.6596264823690579,0.6644518272425293,5.98591549295775,2.814160671846929,5.6061752354637395,152.23880597014926,99.5170496121762,287.1648327088749,-30.76164367666044,32928.0,33500.0,33531.0,1703.0,hurricane_cat5,municipio,-0.4670565035994181
2021.0,Cayey,42134.0,0.0,35912.0,141.0,19742.0,313.0,23823.0,26789.028944078556,1807.0,270.96791666666667,30858.0,77.5,9928.0,805.067078,26.4,8160.0,453.0,159.0,504.0,6.6,1.3,40.15,7.51,14492.0,22.83,17.38,21.74,31.91,14.98,99.93,0.0,4.71,0.18,1.31,18.01,137.0,0.33,18.1119,-66.1663,2.0,22.0,33.0,92.0,222.0,23823.0,26789.028944078556,270.96791666666667,72.0,35.0,72035.0,7.5,2.1,37.3,2.1,40.5,2.1,504.0,295.0,58.5,57.0,121.0,34.0,103.0,26.0,35.0,1.0,2.0,0.3480789184799411,0.9406181235830776,0.0,0.0,0.0,90.55190975898462,2.0,35.0,4.8,93.0,5126.0,30.0,2282.4638168571687,21479.200660143262,1.3642541829675665,50.0,1.0,2.0,0.7056126047326056,1.2693659806446749,0.0,2.0,60.0,6.4,115.0,11978.0,1914.6771074739177,194554.93899444863,-2.3002365162546945,-1.483362605022076,-1.0773849373844624,-0.9722227604056944,-14492.0,-0.3166827137043292,-2.5486776659054486,0.0136398735063443,2.200618898196422,0.0136398735063443,2.200618898196422,-2.5486776659054486,0.0,4.746760336070632,52.21436369677695,78.32154554516542,56.96112403284758,78.32154554516542,135.282669578013,1.310240575072683,31.945809330353008,-12.865731821430316,-40.41197647218085,102.02661967258732,-1.5050816489665442,-1.6730294183696426,-1.497054093603345,1.1912566213310083,13395.176,0.195226655903502,0.5999999999999943,-0.5999999999999996,0.5,3.2786885245901676,3.609341825902334,1.0,1.0,1.0,1.0,157.0,226047.96362217015,1.0,1.0,0.0,1.0,2.200618898196422,2.200618898196422,0.0,0.0,-400.14239354715545,497445.42064576497,0.0136398735063443,0.0136398735063443,0.0777905925536682,3083.2656301731326,0.0,0.0,0.0,0.0,-1.483362605022076,-1.0773849373844624,-0.9722227604056944,17.0,Central Mountains,-1.486693374869208,-1.7636301305558044,-1.692345515976316,0.5144706144635135,-2.3472463895182716,-1.942392653741036,-1.9094977656126455,-0.20143127638717706,5.155121778094166,18.757279857909865,157.0,157.0,209784.2807642095,20228.35823071313,82528.69324203763,16263.682857960637,1.332726984569077,3.738096973027294,2.294237093167576,-2.829781078172422,3.609341825902334,2.3913043478260843,1.712859069403727,-0.33065330131216664,155.30432796619846,222.3220300920728,489.7972975350555,-53.27770829361114,43126.0,43785.0,43813.666666666664,-992.0,hurricane_cat5,municipio,-1.138314926374674
2021.0,Culebra,1293.0,246.0,1103.0,207.0,1464.0,109.0,25104.0,28229.5169631091,5802.0,270.96791666666667,940.0,81.6,332.0,86.31338251,17.6,165.0,0.0,15.0,47.0,13.5,5.7,23.02,2.51,16250.0,31.28,17.01,32.64,7.12,8.38,94.35,0.0,7.38,0.55,34.15,17.18,0.0,0.0,18.303,-65.301,2.0,1.0,9.0,9.0,24.0,25104.0,28229.5169631091,270.96791666666667,72.0,49.0,72049.0,2.5,2.9,56.3,6.8,57.8,7.0,47.0,35.0,74.5,11.0,8.0,3.0,,,35.0,0.0,2.0,0.0,0.5613918908041875,1.0,0.0,0.0,139.9785456025938,2.0,35.0,4.8,21.0,175.0,31.0,2979.9287015981126,7549.188354730026,7.725398746774338,45.0,1.0,1.0,0.4401377479233436,0.7095401250890069,0.0,2.0,60.0,4.54,16.0,81.0,1156.5317675068886,2930.2718692161543,-5.689277899343548,-8.275328692962102,-0.4651188004625606,2.366843528140561,-16250.0,-0.392810927978437,-2.516269741650251,0.5933776139579584,2.772809558604166,0.5933776139579584,2.772809558604166,-2.516269741650251,0.0,154.67904098994586,77.33952049497293,696.0556844547564,232.0185614849188,696.0556844547564,928.0742459396752,232.0185614849188,-106.27837827317956,-76.27765064836004,192.11285754105563,802.3340627279359,4.576659038901609,-0.2283105022831022,-6.532619879877711,-0.5484077506058578,620.9889999999999,0.2630134332213929,1.0,-0.7999999999999998,0.6999999999999957,14.634146341463406,2.499999999999991,1.0,1.0,1.0,1.0,157.0,14821.370874678456,1.0,1.0,0.0,1.0,2.772809558604166,2.772809558604166,0.0,0.0,-395.0543494390894,41096.838832925816,0.5933776139579584,0.5933776139579584,7.156335876278927,8794.669685202682,0.0,0.0,0.0,0.0,-6.8200324295359085,-0.4651188004625606,1.9548955238758428,24.0,East,-2.2378918145158355,-3.2849637094283235,-2.019481150789948,4.604735342656396,-1.506950179745392,-0.439548727696477,-0.4750745929174866,-1.009319561904859,11.67450568744222,21.91272223057618,157.0,157.0,11275.150575878062,13282.069651055404,13573.729780668591,3546.2202988003937,8.603691859827034,-3.716295231766898,1.4582785115208161,-15.136311739704745,2.499999999999991,2.564102564102555,2.565227170490325,12.134146341463415,686.4988558352403,1141.552511415525,966.3339452638651,115.83520689269562,1371.0,1311.0,1332.0,-78.0,hurricane_cat5,municipio,1.909877213450131
2021.0,Fajardo,32336.0,0.0,26977.0,128.0,18336.0,298.0,21701.0,24402.834114739904,1617.0,270.96791666666667,23310.0,83.1,7870.0,703.3327804,28.9,6743.0,171.0,90.0,495.0,8.1,1.6,42.71,25.64,13423.0,17.47,18.57,22.63,23.18,14.32,99.73,0.0,10.08,0.07,3.73,14.76,140.0,0.43,18.3258,-65.6524,13.0,9.0,32.0,64.0,172.0,21701.0,24402.834114739904,270.96791666666667,72.0,53.0,72053.0,25.6,3.0,37.2,2.0,50.0,2.1,495.0,289.0,58.4,64.0,110.0,33.0,92.0,12.0,35.0,0.0,2.0,0.0,0.5920210444001153,1.0,0.0,0.0,123.51431442066088,2.0,35.0,4.8,33.0,240.0,32.0,2259.3816395944737,7427.715339631954,11.009986161263118,45.0,1.0,1.0,0.5335011795645682,0.982693254070981,0.0,2.0,60.0,4.54,23.0,119.0,838.1631616200071,2826.6869935522777,6.849948782341464,-1.0885700148441368,-0.9008912763247,-0.8808602311259239,-13423.0,-0.1456210953822196,-2.224516902553789,0.1588273299407502,1.4878972133334556,0.1588273299407502,1.4878972133334556,-2.224516902553789,0.0,40.20286986640277,27.832756061355763,98.96091044037608,68.03562592775853,98.96091044037608,166.9965363681346,5.252689668960656,-13.387501812209608,-62.57465430402557,-6.580583922400663,175.13134851138355,-2.7257240204429323,-2.781163088653482,3.878204365861726,1.8010671362715132,10035.444,4.235676252393117,-1.1999999999999955,-0.2999999999999971,-1.8999999999999984,4.210526315789465,-0.4192872117400381,1.0,1.0,1.0,1.0,157.0,15763.059659339053,1.0,1.0,0.0,1.0,1.4878972133334556,1.4878972133334556,0.0,0.0,-349.2491537009449,23453.812540739586,0.1588273299407502,0.1588273299407502,1.2274807526257314,2503.604677389574,0.0,0.0,0.0,0.0,-1.0885700148441368,-0.9008912763247,-0.8808602311259239,26.0,East,1.6181471152217908,0.9267453820075212,0.9642097717956322,-2.4990073463477147,-1.687859630128747,-1.516758949027394,-1.4305598822767314,-0.536657272425042,7.30668754263624,16.864312706994596,157.0,157.0,13233.570945947387,16633.06420881864,16457.73984428804,2529.4887133916654,1.4413045869839936,0.0836924559688201,-0.06713089765375917,2.4368997788777325,-0.4192872117400381,-0.4175365344467607,-0.6913123827495501,4.629813527529502,244.28658673780976,268.74160182494296,505.60249268544254,-69.1552382264262,30263.0,31111.0,31125.0,2073.0,hurricane_cat5,municipio,-1.1052739636582862
2021.0,Florida,11725.0,0.0,9775.0,93.0,5001.0,133.0,21487.0,24162.190526861268,3659.0,270.96791666666667,8137.0,78.4,2789.0,488.9836398,18.9,1536.0,45.0,69.0,54.0,4.4,1.8,49.12,19.74,9963.0,23.12,19.2,20.45,21.05,15.89,99.05,0.0,3.68,0.0,5.43,13.11,14.0,0.12,18.3625,-66.5614,2.0,1.0,9.0,16.0,47.0,21487.0,24162.190526861268,270.96791666666667,72.0,54.0,72054.0,19.7,6.5,36.9,3.9,46.0,4.3,54.0,30.0,55.6,9.0,17.0,,8.0,5.0,35.0,0.0,2.0,0.0,0.6849292934335598,0.0,0.0,0.0,127.84161221372872,2.0,35.0,4.46,679.0,5571.0,48.0,5886.9449365751025,31225.741906229603,15.410542191903833,50.0,0.0,2.0,0.0,1.045162512543136,0.0,2.0,60.0,6.4,2047.0,12124.0,47666.34844558686,251267.04537979988,1.8413966820116423,-0.7164179104477642,-0.4316351693304909,-0.5517235361698569,-9963.0,-0.1978619864331322,-0.7123316544361543,0.0863913708960629,2.9799113813528546,0.0863913708960629,2.9799113813528546,-0.7123316544361543,0.0,17.057569296375267,8.528784648187633,76.75906183368869,25.5863539445629,76.75906183368869,102.3454157782516,16.900520538847623,33.329894805112296,-34.06016984298096,-59.16124076829458,52.11500043429167,-1.5730529195520204,-1.788413098236774,1.5109983034672814,-0.6537031252570065,3606.975,1.876696426806168,-0.1000000000000014,0.8000000000000007,0.2999999999999971,-6.896551724137934,11.538461538461542,1.0,1.0,1.0,1.0,157.0,297926.86739715474,1.0,1.0,0.0,1.0,2.9799113813528546,2.9799113813528546,0.0,0.0,-111.83606974647623,887795.6629675841,0.0863913708960629,0.0863913708960629,0.3799654043084698,25738.31050120975,0.0,0.0,0.0,0.0,-0.7164179104477642,-0.4316351693304909,-0.5517235361698569,27.0,North,0.3203485085031765,-0.1598404323078894,-0.11998945381290389,-0.8720720446730335,-0.3703135055160226,-0.2343441118583738,-0.24970666552808654,-0.3420181489201317,3.9299351875802095,12.32873548253357,157.0,157.0,275746.6757823671,32598.390634003143,111108.09168348694,22180.191614787618,-2.3051626165083494,-1.1669450627299516,4.58038978128021,3.816160919975631,11.538461538461542,-3.703703703703709,3.2405167625293405,-18.435013262599476,145.33641104556722,176.32241813602013,370.81104300561424,-93.22141061127554,11513.0,11697.0,11706.666666666666,212.0,hurricane_cat5,municipio,-0.7850895677193965
2021.0,Guayama,37388.0,0.0,31280.0,173.0,17904.0,393.0,17815.0,20033.01643952313,1606.0,270.96791666666667,26525.0,78.6,10365.0,790.9652331,21.1,5595.0,156.0,107.0,458.0,5.5,1.6,50.6,7.51,11032.0,21.89,18.8,19.24,21.95,13.16,99.7,0.0,6.83,0.34,2.47,15.71,2579.0,6.9,17.9741,-66.11,8.0,19.0,35.0,59.0,194.0,17815.0,20033.01643952313,270.96791666666667,72.0,57.0,72057.0,7.5,3.0,28.8,2.8,31.1,2.7,458.0,276.0,60.3,61.0,120.0,29.0,95.0,21.0,35.0,1.0,2.0,0.4119392223244564,1.037543958540896,0.0,0.0,0.0,74.96399008209247,2.0,35.0,4.8,113.0,4783.0,24.0,2126.696061466031,18873.572221496128,6.104586963453984,50.0,1.0,2.0,0.9429361813297794,1.7067840817831574,0.0,2.0,60.0,6.4,77.0,11797.0,1201.2295221007712,184833.1181192417,-6.990397532215531,-2.736172033807638,-2.085237383708216,-1.8991836070832544,-11032.0,0.248432513142572,-2.774356316071649,0.135326041666041,2.504548882712824,0.135326041666041,2.504548882712824,-2.774356316071649,0.0,21.397239756071468,50.818444420669735,93.61292393281268,72.2156841767412,93.61292393281268,165.8286081095539,2.560477450038377,-20.82062997534196,13.40535957954834,-51.87034200517169,184.08876063485744,-1.6899410599427678,-1.958950750491539,-1.734072275937737,0.300012252716216,9008.64,-5.494325656341859,0.1999999999999993,-1.3000000000000007,-0.2999999999999971,1.55210643015522,2.499999999999991,1.0,1.0,1.0,1.0,157.0,214728.6227471328,1.0,1.0,0.0,1.0,2.504548882712824,2.504548882712824,0.0,0.0,-435.57394162324886,537798.3321877948,0.135326041666041,0.135326041666041,0.8621768267653465,29058.374548770105,0.0,0.0,0.0,0.0,-2.736172033807638,-2.085237383708216,-1.8991836070832544,28.0,South,-3.7483803355875978,-3.8330813279223057,-3.7196900856562873,1.8491967285043434,-2.24870281099205,-1.915690236367262,-1.8716148604290133,-0.5256535050795987,5.751091366230332,17.173176163119802,157.0,157.0,200397.1712585891,19247.37510165663,78386.99720240968,14331.45148854368,-0.9055734559661356,3.5396824900525203,2.3776587702608523,-0.8284988199716014,2.499999999999991,4.761904761904767,1.1239148596127995,-0.947893569844771,222.55374306048083,203.80760562029445,445.5559968782167,-38.46498242562339,40198.0,40889.0,40931.0,-2810.0,hurricane_cat5,municipio,-1.9447206027051687
2021.0,Guayanilla,18047.0,0.0,14897.0,93.0,8271.0,163.0,19023.0,21391.41575801563,1725.0,270.96791666666667,12883.0,77.1,3840.0,352.286815,24.3,3125.0,74.0,59.0,108.0,3.7,1.2,53.25,23.88,9273.0,23.95,19.29,22.21,14.25,15.81,99.77,0.0,1.44,0.22,5.08,15.34,79.0,0.44,18.013,-66.7919,8.0,1.0,10.0,13.0,67.0,19023.0,21391.41575801563,270.96791666666667,72.0,59.0,72059.0,23.9,4.3,28.8,2.6,37.8,2.6,108.0,69.0,63.9,21.0,20.0,5.0,20.0,10.0,35.0,1.0,2.0,0.3420036471674896,1.1954351855858834,0.0,0.0,0.0,92.33808992937269,2.0,35.0,4.46,5319.0,5483.0,39.0,87433.14248970449,89611.82192099879,0.1399598402562567,55.0,1.0,2.0,0.5957130080708339,1.5940043998579132,0.0,2.0,60.0,6.4,11990.0,12061.0,993157.358311552,994086.6557498826,-0.1825221238938024,-2.0889898598104972,-1.758126964342921,-1.702219423450846,-9273.0,-0.0363955159800328,-0.0840854244179384,0.1495780371059543,3.2481078277989313,0.1495780371059543,3.2481078277989313,-0.0840854244179384,0.0,44.32869729040838,5.541087161301047,55.41087161301048,49.86978445170943,55.41087161301048,105.2806560647199,22.21491719507226,16.694057453718443,-4.753040272800014,-4.493729213290877,66.3716814159292,-2.344171977962628,-2.59890572390572,2.116649049282171,1.3735120320675032,4290.336,-4.288818998676214,-1.3999999999999986,0.2999999999999971,-1.7000000000000028,18.68131868131868,-3.1914893617021267,1.0,1.0,1.0,1.0,157.0,1106080.749903867,1.0,1.0,0.0,1.0,3.2481078277989313,3.2481078277989313,0.0,0.0,-13.201411633616328,3592669.5419404623,0.1495780371059543,0.1495780371059543,0.7113245762649505,165445.38745130238,0.0,0.0,0.0,0.0,-2.0889898598104972,-1.758126964342921,-1.702219423450846,29.0,South,-1.23570832914619,-1.5432649234225049,-1.4978183583969296,-0.466511094304656,0.1022336793210638,0.2154953208215344,0.26784417915282427,-0.18631910373900218,3.860159514883727,8.597114340590625,157.0,157.0,1024406.399223073,35101.14687673039,359361.73128022515,81674.35068079398,1.1323229759976128,0.8715640709227257,4.073129259169813,0.9843260732845582,-3.1914893617021267,-2.083333333333337,0.07322759982334419,21.872808043020804,75.6184509020201,152.56734006734004,227.59255994139906,-9.246769486090898,18080.0,18514.0,18534.0,-33.0,hurricane_cat5,municipio,-1.8061177996611595
2021.0,Guaynabo,90014.0,0.0,77938.0,227.0,40225.0,394.0,39176.0,44053.51962025024,2063.0,270.96791666666667,68437.0,85.7,12173.0,1144.665017,46.2,31616.0,1757.0,387.0,2267.0,5.6,0.9,25.06,9.02,25140.0,14.45,15.52,23.4,23.1,8.96,98.76,0.0,15.26,0.08,2.22,11.1,648.0,0.72,18.358,-66.1111,14.0,20.0,65.0,246.0,454.0,39176.0,44053.51962025024,270.96791666666667,72.0,61.0,72061.0,9.0,1.4,45.6,1.5,50.5,1.5,2267.0,1213.0,53.5,204.0,284.0,381.0,283.0,126.0,35.0,0.0,2.0,0.0,0.7967624061048204,0.0,0.0,0.0,117.65009969863377,2.0,35.0,4.8,63.0,3535.0,26.0,2140.8384346943226,15718.657501363425,3.744358827924872,45.0,1.0,1.0,0.5202603529076993,0.8098106612926019,0.0,2.0,60.0,6.4,24.0,9943.0,708.0451397911988,144240.3644174731,5.51153413353338,-0.5110316173039697,-0.2842487219430367,-0.2360757985416239,-25140.0,-0.9100279802614518,-6.363538287652271,-0.531871667034631,-2.3396176098054897,-0.531871667034631,-2.3396176098054897,-6.363538287652271,0.0,15.553136178816628,22.21876596973804,72.21098940164863,37.771902148554666,72.21098940164863,109.9828915502033,-25.52517212001248,-25.078958085223093,-27.573326136323757,-37.290265771004655,160.58702175543883,-1.8691696285816128,-1.9466970438627107,3.74753179204006,2.2966642426324473,35539.728,1.829716946749227,-2.1000000000000014,-0.5,-2.6000000000000014,3.6106032906764174,1.390176088971273,1.0,1.0,1.0,1.0,157.0,169861.77564825644,1.0,1.0,0.0,1.0,-2.3396176098054897,-2.3396176098054897,0.0,0.0,-999.0755111614066,-397411.6015394901,-0.531871667034631,-0.531871667034631,-3.0083089931706604,-90344.66577950065,0.0,0.0,0.0,0.0,-0.5110316173039697,-0.2842487219430367,-0.2360757985416239,30.0,Metro,1.6114127677174128,0.9935053810614214,1.0367585749374724,-1.8474885662590368,-6.044523978341161,-5.809181758452458,-5.754318789461035,-0.3190143093111102,5.0487654752389295,16.803384054185603,157.0,157.0,161000.4837388522,23368.813821063733,68607.00278021207,8861.291909404245,-0.8388422208105428,3.981303156667826,0.13633434144254922,4.586374012850603,1.390176088971273,2.8598665395614953,2.015095885072945,2.220427201705144,225.4506136627673,242.4912308403731,512.5477291378257,-64.86359190732847,85312.0,86937.0,86970.66666666667,4702.0,hurricane_cat5,municipio,-0.5188872313982851
2021.0,Gurabo,41237.0,0.0,34516.0,235.0,17014.0,360.0,35470.0,39886.11243951083,4466.0,270.96791666666667,29547.0,81.7,7201.0,968.5298137,32.5,9599.0,481.0,250.0,380.0,8.1,1.7,30.53,15.0,21634.0,18.73,18.85,16.75,23.03,13.35,98.53,0.0,1.65,0.0,4.24,10.16,313.0,0.76,18.2544,-65.9728,5.0,12.0,7.0,55.0,112.0,35470.0,39886.11243951083,270.96791666666667,72.0,63.0,72063.0,15.0,3.1,48.3,2.8,57.2,2.5,380.0,228.0,60.0,38.0,55.0,49.0,61.0,37.0,35.0,0.0,2.0,0.0,0.831909571184081,0.0,0.0,0.0,106.97567436843568,2.0,35.0,4.8,59.0,1867.0,19.0,1414.6260405806488,10695.214919350368,13.446714042350312,45.0,1.0,1.0,0.6239128119226841,1.093446078746807,0.0,2.0,60.0,6.4,23.0,5754.0,533.4308217525203,103425.8676690773,-12.16452245037062,-1.7460048015132013,-1.0408951612476236,-0.8223547112544249,-21634.0,-0.8457686703036871,-3.479472052075103,-0.3926532157295741,0.8167886364645985,-0.3926532157295741,0.8167886364645985,-3.479472052075103,0.0,12.125033343841697,29.10008002522007,16.975046681378373,41.225113369061766,16.975046681378373,58.20016005044014,17.79493529970844,-12.845179952344044,-46.917295816811674,-29.86853908787213,53.250404703075745,0.0810061820507357,0.0341195035612251,-4.191749409108592,-0.755425212069379,16671.228,-7.507086255078565,1.7999999999999972,-1.0,1.6000000000000014,9.5100864553314,2.0588235294117574,1.0,1.0,1.0,1.0,157.0,120683.34879425184,1.0,1.0,0.0,1.0,0.8167886364645985,0.8167886364645985,0.0,0.0,-546.2771121757911,98572.78790563851,-0.3926532157295741,-0.3926532157295741,-2.4978070723200103,-47386.70498907681,0.0,0.0,0.0,0.0,-1.7460048015132013,-1.0408951612476236,-0.8223547112544249,31.0,East,-4.897085222675546,-4.766309126880164,-4.619335903744041,4.074730511421121,-2.860325346565845,-2.556912928535733,-2.565987270802916,-0.6191467055092579,5.887126912979372,17.84002932840659,157.0,157.0,115046.66310126112,16891.28189304272,49937.133044319715,5636.685692990723,-0.2531354034620237,2.178609176362478,0.8814727120170281,-3.9386140056465684,2.0588235294117574,3.0303030303030276,1.4955723070535238,7.451262925919643,130.03623960775954,121.5507314368576,377.01778104653886,-76.7858349046838,46948.0,46910.0,46917.333333333336,-5711.0,hurricane_cat5,municipio,-0.9470903351121673
2021.0,Dorado,36030.0,0.0,30027.0,165.0,15763.0,252.0,29744.0,33447.2097096366,4198.0,270.96791666666667,25509.0,82.2,7057.0,778.1548689,31.3,7978.0,312.0,184.0,675.0,6.0,1.6,30.86,16.13,18004.0,18.27,19.87,18.22,15.01,10.31,97.01,0.0,2.35,0.7,4.19,10.47,53.0,0.15,18.4588,-66.2677,9.0,22.0,22.0,120.0,279.0,29744.0,33447.2097096366,270.96791666666667,72.0,51.0,72051.0,16.1,2.5,40.7,2.4,48.8,2.5,675.0,434.0,64.3,79.0,87.0,153.0,92.0,25.0,35.0,0.0,2.0,0.0,0.7643424425173349,0.0,0.0,0.0,130.06901468665262,2.0,35.0,4.2,51.0,4878.0,34.0,2201.5995064848116,20089.332846734746,1.2032378520798384,45.0,1.0,1.0,0.437332636264696,0.7481150755783401,0.0,2.0,60.0,6.4,29.0,11732.0,702.6290167043883,169859.2968355919,-1.2200137080191964,-0.6772134332500679,-0.2974170277113552,-0.2039497642439602,-18004.0,-0.8873081152137462,-2.9384009876972232,-0.2900054851883827,0.6406085885025358,-0.2900054851883827,0.6406085885025358,-2.9384009876972232,0.0,24.97918401332223,61.060227588121016,61.060227588121016,86.03941160144325,61.060227588121016,147.09963918956427,1.049692615836662,-59.57034129467544,-48.151601015480296,-55.98546785333919,205.62028786840304,-0.8912316930684949,-1.088475596645888,-4.815576544136113,-2.3786975641781742,12220.989,4.330215802648496,1.4000000000000057,-2.6999999999999993,0.0999999999999943,8.520900321543401,4.013377926421402,1.0,1.0,1.0,1.0,157.0,201086.92302026265,1.0,1.0,0.0,1.0,0.6406085885025358,0.6406085885025358,0.0,0.0,-461.32895506846404,128818.0099223285,-0.2900054851883827,-0.2900054851883827,-1.511975077802952,-58316.31067553024,0.0,0.0,0.0,0.0,-0.6772134332500679,-0.2974170277113552,-0.2039497642439602,25.0,North,-0.6059027432140929,-0.9297378971608984,-0.8674355169852525,0.4019529789701327,-2.41190599653564,-2.182072485744519,-2.0078387860049935,-0.526494991161583,4.6385440678203205,15.029558189099133,157.0,157.0,189134.6754458221,27769.653056973108,80697.5668289526,11952.247574440553,-4.065464406826824,1.7449482584284135,-1.2201794422295078,-0.7501121373092889,4.013377926421402,9.724770642201827,5.458227802849301,4.507522395121999,309.7573567372225,301.0105353687379,901.6788295603011,-104.13706886881945,36475.0,36803.0,36828.666666666664,-445.0,hurricane_cat5,municipio,-0.4539463108172276
2021.0,Guánica,14297.0,0.0,11802.0,81.0,9413.0,156.0,12856.0,14456.607316671869,1386.0,270.96791666666667,10351.0,70.2,3867.0,329.2931824,15.1,1561.0,28.0,27.0,89.0,4.0,1.3,66.81,34.08,7489.0,31.0,19.05,25.3,37.03,12.45,99.33,0.0,4.29,0.15,4.3,11.07,88.0,0.62,17.9716,-66.908,2.0,1.0,10.0,29.0,65.0,12856.0,14456.607316671869,270.96791666666667,72.0,55.0,72055.0,34.1,5.7,24.7,2.4,37.4,2.3,89.0,51.0,57.3,14.0,22.0,,19.0,5.0,35.0,1.0,2.0,0.3922439243035833,1.2452826947876598,0.0,0.0,0.0,79.23019027545523,2.0,35.0,4.46,5326.0,5469.0,38.0,112165.01389798352,114039.10849675238,0.1445152487198422,55.0,1.0,2.0,0.7182235542716001,1.7170972008564818,0.0,2.0,60.0,6.4,11987.0,12057.0,976977.8593100432,977972.2848522976,-9.65560821484992,-4.301601734629646,-3.673110229061294,-3.4818354273112195,-7489.0,0.3357767151782009,-0.1446910435328134,0.3500547207775986,3.8600002552282047,0.3500547207775986,3.8600002552282047,-0.1446910435328134,1.0,13.988948730502903,6.994474365251452,69.9447436525145,20.98342309575435,69.9447436525145,90.92816674826886,-4.293038199664288,6.753590413967906,6.863645975956299,-71.83615910417726,88.46761453396525,-2.872399189836128,-2.9196210451051696,-0.0135023454146732,-3.4250629379054023,2915.094,-5.178363018216869,1.3000000000000007,-0.6999999999999957,1.5,1.1363636363636465,-6.382978723404253,1.0,1.0,1.0,1.0,157.0,1118886.8315505376,1.0,1.0,0.0,1.0,3.8600002552282047,3.8600002552282047,1.0,1.0,-22.716493834651704,4318903.455356552,0.3500547207775986,0.3500547207775986,1.6820627755412991,391671.6174001554,0.0,0.0,0.0,0.0,-4.301601734629646,-3.673110229061294,-3.4818354273112195,32.0,West,-5.710045805925013,-5.655589281330831,-5.523083501266442,2.2282103786137935,-0.0038006986647215,0.013438988994648,0.13965635674199298,-0.1408903448680919,3.8808652750105015,8.030128253633324,157.0,157.0,1012526.0756195794,39223.44548590547,356543.60356541123,106360.7559309582,-6.648664136856974,-3.61302233144456,-2.6994751286080017,6.635161791442301,-6.382978723404253,-4.081632653061229,-1.6960890968146607,7.5193423597679,153.4401276621862,196.62753977238873,349.46658343700346,-64.97251312822095,15825.0,16293.0,16300.333333333334,-1528.0,hurricane_cat5,municipio,-3.3521559613377176
2021.0,Cataño,23536.0,0.0,19617.0,101.0,10775.0,185.0,20089.0,22590.13568642044,1899.0,270.96791666666667,16870.0,76.9,5721.0,463.0172783,20.7,3491.0,98.0,67.0,325.0,7.5,1.1,46.08,14.1,13653.0,23.76,18.86,21.62,19.63,16.57,99.04,0.0,10.2,0.3,4.35,24.53,6.0,0.03,18.4388,-66.1182,6.0,2.0,19.0,58.0,113.0,20089.0,22590.13568642044,270.96791666666667,72.0,33.0,72033.0,14.1,2.8,38.2,2.4,45.0,2.2,325.0,124.0,38.2,27.0,47.0,18.0,28.0,18.0,35.0,0.0,2.0,0.0,0.7608529705855748,0.0,0.0,0.0,126.64342984032425,2.0,35.0,4.8,47.0,2653.0,28.0,1895.294336011279,14129.913314409076,4.776087714541953,45.0,1.0,1.0,0.4720565584656869,0.7567173104081955,0.0,2.0,60.0,6.4,21.0,7526.0,588.0293741715169,119216.42361337376,-0.6836019917292546,-2.0224337185588026,-1.645074518774592,-1.537510996547253,-13653.0,-0.0330849463837766,-1.0876123064934868,0.5923933271129839,3.40790293009356,0.5923933271129839,3.40790293009356,-1.0876123064934868,0.0,25.492861998640382,8.497620666213459,80.72739632902788,33.99048266485384,80.72739632902788,114.71787899388173,-33.52576343186317,-3.6679112918683927,-10.766478142086498,-35.08885042780382,151.9115537176133,-2.360842157307075,-2.479106396657027,2.9175151772419694,0.7847470123010162,7493.694,-0.4193084400673563,-0.1999999999999957,-2.5999999999999996,-1.3999999999999986,1.2461059190031154,-0.92592592592593,1.0,1.0,1.0,1.0,157.0,142655.63525661416,1.0,1.0,0.0,1.0,3.40790293009356,3.40790293009356,0.0,0.0,-170.75513211947742,486156.5573853736,0.5923933271129839,0.5923933271129839,3.29595789211554,84508.24640108194,0.0,0.0,0.0,0.0,-2.0224337185588026,-1.645074518774592,-1.537510996547253,16.0,Metro,-1.325622365257095,-1.6916189345290933,-1.620612118551697,-0.211888631290158,-0.6508325490897641,-0.153940269809495,-0.16770556581682813,-0.43677975740372277,4.985643593041375,15.780025035744137,157.0,157.0,136028.62609521515,24086.272059873045,61043.897206179536,6627.009161399008,5.549380184156338,-6.112654324495259,-1.69625241383864,-2.631865006914369,-0.92592592592593,-1.8181818181818188,-1.115505794220654,2.1720318449290454,197.7668822875036,329.4760527161684,623.7518124818517,-45.855328569890304,23698.0,24271.0,24285.666666666668,-162.0,hurricane_cat5,municipio,-1.6549057477301565
2021.0,Canóvanas,42811.0,0.0,35437.0,144.0,17529.0,332.0,23517.0,26444.931103467046,1645.0,270.96791666666667,30565.0,77.7,8733.0,739.6499172,26.4,8075.0,325.0,165.0,369.0,10.7,1.6,38.39,20.96,15824.0,22.59,19.35,17.97,19.9,14.39,99.93,0.0,4.26,0.1,6.8,9.85,55.0,0.13,18.3791,-65.9011,15.0,17.0,24.0,86.0,235.0,23517.0,26444.931103467046,270.96791666666667,72.0,29.0,72029.0,21.0,3.0,41.1,1.9,52.3,2.0,369.0,190.0,51.5,44.0,97.0,20.0,68.0,17.0,35.0,0.0,2.0,0.0,0.7624834980191695,0.0,0.0,0.0,121.82335381821476,2.0,35.0,4.8,45.0,466.0,28.0,1286.888281518896,7884.976666477723,2.3513112593219505,45.0,1.0,1.0,0.526238458609239,0.977786811148896,0.0,2.0,60.0,5.0,23.0,1191.0,634.5396131579985,14668.207350926932,-5.117464539007088,-1.385158020135013,-0.908096473925646,-0.7808036839082932,-15824.0,-0.4359837135054423,-1.825307780614895,-0.1439524561292058,1.9516579848484,-0.1439524561292058,1.9516579848484,-1.825307780614895,0.0,35.03772394945224,39.70942047604588,56.06035831912359,74.74714442549812,56.06035831912359,130.8075027446217,-7.256401673792666,-1.5637551560537162,-16.706640791996406,-38.892513707414615,139.62765957446808,-1.0265859436693892,-1.1277869350221237,3.940958222353119,1.7853819364790728,14564.607000000002,-0.8483565911990842,1.5,-1.1999999999999993,1.0999999999999943,0.2717391304347893,3.9548022598870025,1.0,1.0,1.0,1.0,157.0,28715.952836841676,1.0,1.0,0.0,1.0,1.9516579848484,1.9516579848484,0.0,0.0,-286.57332155653853,56043.718646552115,-0.1439524561292058,-0.1439524561292058,-0.9249858170613592,-4133.731940953797,0.0,0.0,0.0,0.0,-1.385158020135013,-0.908096473925646,-0.7808036839082932,14.0,East,-2.3315696989358647,-2.527440101790268,-2.4339089786300137,1.5507660150275715,-1.070979065647484,-0.6304192817902587,-0.6335266960920457,-0.7543287149674109,5.837577001297198,16.372333152828666,157.0,157.0,26813.544145329408,18511.11313454099,21905.695751295203,1902.408691512268,0.3740123910312753,1.0411751960528235,0.796607635395456,3.566945831321844,3.9548022598870025,9.597523219814242,2.850775159900413,-3.683063129452213,195.2268140738791,206.03799774442615,505.0041445381368,-55.599154499411014,45120.0,45588.0,45605.333333333336,-2309.0,hurricane_cat5,municipio,-0.9506503882133192
2021.0,Adjuntas,18068.0,0.0,15051.0,107.0,7584.0,160.0,15375.0,17289.22973660781,1242.0,270.96791666666667,13018.0,65.1,3881.0,466.2928265,14.4,1875.0,20.0,17.0,147.0,4.9,1.4,67.07,24.64,7527.0,35.44,19.03,20.97,14.9,11.66,99.51,0.0,4.61,0.0,2.35,14.06,74.0,0.41,18.1627,-66.7222,1.0,8.0,8.0,19.0,60.0,15375.0,17289.22973660781,270.96791666666667,72.0,1.0,72001.0,24.6,5.9,28.8,2.5,38.2,3.1,147.0,99.0,67.3,23.0,50.0,9.0,21.0,9.0,35.0,0.0,2.0,0.0,1.0891749170991962,0.0,0.0,0.0,106.16526147168383,2.0,35.0,4.46,5277.0,5525.0,41.0,46635.407169758946,49905.807074300465,2.8042051735770586,55.0,1.0,2.0,0.5149284871127813,1.465644312639839,0.0,2.0,60.0,6.4,11964.0,12086.0,457758.1187449419,459220.3235962623,2.577495174293176,-0.5313261013947357,-0.2576931090553458,-0.1996456064531804,-7527.0,0.0387646335911261,0.7483939353360415,0.1843740495025606,3.762319060677836,0.1843740495025606,3.762319060677836,0.7483939353360415,1.0,5.534646889528448,44.27717511622758,44.27717511622758,49.81182200575603,44.27717511622758,94.0889971219836,44.13451985973582,-1.1412420519341069,0.0878996531466995,-38.42262022494099,51.0957193141819,-1.5482644905259637,-1.5950717782300172,3.050186832130053,3.3935183049462747,4334.688,13.159652743242225,2.5,-5.199999999999999,0.7000000000000028,15.748031496062984,4.958677685950419,1.0,1.0,1.0,1.0,157.0,525073.7700840657,1.0,1.0,0.0,1.0,3.762319060677836,3.762319060677836,1.0,1.0,117.4978478477585,1975495.053449252,0.1843740495025606,0.1843740495025606,0.8514361623620873,96809.97727797567,0.0,0.0,0.0,0.0,-0.5313261013947357,-0.2576931090553458,-0.1996456064531804,0.0,Central Mountains,0.6785539229652304,0.1506866884746216,0.2072113049045865,-0.8781995294184108,1.2204647972771876,1.3305771298782385,1.500033450272089,-0.4720708619411461,3.788519672724885,10.070234181037868,157.0,157.0,483517.8332163254,30319.9143313937,178208.7157816088,41555.936867740355,0.461237966320116,6.669130116388655,4.987555862795638,2.588948865809937,4.958677685950419,-4.7244094488189,0.8845410252803981,10.789353810112566,89.4304398859762,115.50519773389804,206.8633861791844,-38.3347205717943,17614.0,17891.0,17895.333333333332,454.0,hurricane_cat5,municipio,-0.4707304975089639
2021.0,Aguada,38307.0,0.0,32722.0,145.0,17565.0,269.0,18733.0,21065.309961357663,1302.0,270.96791666666667,28428.0,66.5,7340.0,668.8796603,21.9,6237.0,173.0,94.0,548.0,5.2,1.1,45.06,7.57,10695.0,33.81,16.94,20.55,28.66,10.32,95.38,0.0,1.51,0.0,1.62,12.31,88.0,0.23,18.3605,-67.1882,3.0,4.0,15.0,51.0,113.0,18733.0,21065.309961357663,270.96791666666667,72.0,3.0,72003.0,7.6,2.3,35.0,2.4,37.9,2.2,548.0,389.0,71.0,73.0,169.0,36.0,83.0,40.0,40.0,1.0,2.0,0.3669499875015734,1.1047924616518818,0.0,0.0,0.0,85.38084532527726,2.0,35.0,4.46,1801.0,5525.0,52.0,15481.819942125048,35055.28082987386,4.347734437317142,55.0,1.0,2.0,0.683027967620547,1.790969751342246,0.0,2.0,60.0,6.4,838.0,12139.0,11516.092783206244,235747.5227374125,2.6804621116680583,-0.8066410838750149,-0.5274042988047234,-0.4800199818271511,-10695.0,-0.6812074823484117,-1.8078878920406496,-0.202525580870763,2.9277217095799166,-0.202525580870763,2.9277217095799166,-1.8078878920406496,0.0,7.8314668337379585,10.44195577831728,39.15733416868979,18.27342261205524,39.15733416868979,57.43075678074503,4.871112053714981,-6.410521729667089,-18.21491028794736,-36.10996462121945,58.97016645669714,-1.704695157295677,-1.7829878632611318,6.508997492166313,2.072502998574673,11452.7,4.412841301634551,0.2999999999999971,-0.1000000000000005,0.2999999999999971,4.1825095057034245,5.835010060362178,1.0,1.0,1.0,1.0,157.0,307879.8793117495,1.0,1.0,0.0,1.0,2.9277217095799166,2.9277217095799166,0.0,0.0,-283.838399050382,901386.6066038536,-0.202525580870763,-0.202525580870763,-0.7863119285737015,-62353.55139603247,0.0,0.0,0.0,0.0,-0.8066410838750149,-0.5274042988047234,-0.4800199818271511,1.0,West,0.5305917054369225,0.0386283465103831,0.09284779045223657,-1.0106116872640736,-1.369217015283538,-0.8984562711120946,-0.8807468543384616,-0.4386708767571117,3.177149015280329,8.962417485247252,157.0,157.0,282608.54621897184,54131.53575555621,120578.48802718049,25271.33309277764,-0.8598010827895131,0.5683125863472194,-0.5935111882478528,7.368798574955826,5.835010060362178,3.757828810020869,4.054144006044884,-1.6525005546587535,113.29504136586394,108.68721372564242,243.74326162031716,-54.324874909166795,37307.0,37954.0,37968.0,1000.0,hurricane_cat5,municipio,-0.7232800935006845
2021.0,Aguadilla,55241.0,0.0,46631.0,176.0,27336.0,301.0,16940.0,19049.07653581374,859.0,270.96791666666667,40042.0,75.1,11862.0,848.7361192,24.6,9834.0,299.0,115.0,914.0,5.8,0.8,49.66,17.31,12055.0,25.06,18.1,22.45,23.46,13.36,98.65,0.0,10.16,0.1,1.98,16.77,1009.0,1.83,18.4275,-67.1541,6.0,9.0,31.0,90.0,235.0,16940.0,19049.07653581374,270.96791666666667,72.0,5.0,72005.0,17.3,2.3,31.3,1.7,38.1,1.7,914.0,503.0,55.0,125.0,210.0,88.0,178.0,26.0,35.0,1.0,2.0,0.3377528093283284,0.8644222066581831,0.0,0.0,0.0,93.62608106680943,2.0,35.0,4.46,332.0,5548.0,57.0,4525.561324068143,33367.89129085688,4.758503629584122,55.0,1.0,2.0,0.6068654875027337,1.685610059835498,0.0,2.0,60.0,6.4,124.0,12159.0,2421.20214758962,222342.4795513604,7.15588144009931,-0.8852120707445565,-0.6857202982549215,-0.6706596537373488,-12055.0,-0.0424614289006006,-2.002327665575899,0.1795361701166932,2.40008355489349,0.1795361701166932,2.40008355489349,-2.002327665575899,0.0,10.861497800546696,16.29224670082004,56.11773863615793,27.153744501366734,56.11773863615793,83.27148313752467,-3.8828787140274272,-77.72769898022943,2.629146367487799,-82.05138642770103,164.88206083178153,-2.369183569115396,-2.5163386626296913,0.7331976481189217,-2.006117726576062,14595.503,6.432261244824411,-0.3999999999999986,-0.0999999999999978,-0.6000000000000014,5.909617612977991,0.5827505827505908,1.0,1.0,1.0,1.0,157.0,296397.2804940472,1.0,1.0,0.0,1.0,2.40008355489349,2.40008355489349,0.0,0.0,-314.3654434954162,711378.2386289156,0.1795361701166932,0.1795361701166932,0.7037601881269445,53214.03257290449,0.0,0.0,0.0,0.0,-0.8852120707445565,-0.6857202982549215,-0.6706596537373488,2.0,West,1.8622197076003657,1.2155245229106937,1.244987339807957,-2.5328793613377147,-1.6108372641128814,-1.3934294498601123,-1.4070795126638895,-0.3914904014630176,3.277366383382234,9.842940369801964,157.0,157.0,272761.55927816813,58250.94446736818,118789.83111874806,23635.72121587908,-2.4758351679612933,-4.275715659885815,-3.2917717705727974,3.209032816080215,0.5827505827505908,5.795314426633791,0.9752280190011434,5.3268670302274,244.30430089199476,256.61854299745227,444.5426863549272,-79.42224006021323,51552.0,52803.0,52840.333333333336,3689.0,hurricane_cat5,municipio,-0.9180794879294829
2021.0,Aguas Buenas,24567.0,0.0,20818.0,122.0,10790.0,215.0,21844.0,24563.638007574697,2108.0,270.96791666666667,17784.0,74.1,6034.0,697.7248741,19.1,3392.0,79.0,87.0,143.0,6.6,1.6,42.75,5.7,13057.0,26.37,18.06,20.88,29.45,14.41,99.68,0.0,1.62,0.33,3.95,13.33,169.0,0.69,18.2572,-66.1031,6.0,2.0,13.0,33.0,75.0,21844.0,24563.638007574697,270.96791666666667,72.0,7.0,72007.0,5.7,2.2,42.0,2.6,44.5,2.6,143.0,89.0,62.2,16.0,35.0,6.0,23.0,15.0,35.0,0.0,2.0,0.0,0.8468242933344376,0.0,0.0,0.0,106.43628990878965,2.0,35.0,4.8,70.0,4241.0,23.0,2007.890211669105,16869.183616924085,0.4408046604050811,45.0,1.0,1.0,0.5954279558273148,0.8900718497871721,0.0,2.0,60.0,6.4,35.0,11269.0,756.4474347376146,159930.09166587042,-2.8895564866787904,-1.7543859649122862,-1.391618121188909,-1.310152543657006,-13057.0,-0.3326798997435646,-2.0584345014656886,-0.0691631583081456,2.7371622023833173,-0.0691631583081456,2.7371622023833173,-2.0584345014656886,0.0,24.423006472096716,8.141002157365572,52.916514022876214,32.564008629462286,52.916514022876214,85.4805226523385,12.7996003758454,-18.235355690144573,-65.67912134091472,-84.20000227703669,90.91627796663768,-1.7477085598881503,-2.005708848715504,3.3560237625112066,5.508509565473122,8743.56,5.6598410889795,3.1000000000000014,-3.999999999999999,1.3999999999999986,5.147058823529416,-7.482993197278908,1.0,1.0,1.0,1.0,157.0,186171.80568034353,1.0,1.0,0.0,1.0,2.7371622023833173,2.7371622023833173,0.0,0.0,-323.17421673011313,509582.4296576881,-0.0691631583081456,-0.0691631583081456,-0.4001844510461842,-12876.23006878292,0.0,0.0,0.0,0.0,-1.7543859649122862,-1.391618121188909,-1.310152543657006,3.0,Central Mountains,-1.8934807826198383,-2.1320257798069675,-2.08035196121672,0.5833282389628323,-1.4243108831457731,-0.8261022380571518,-0.7504872689498779,-0.6341236183199155,5.137605825206843,18.583435572791295,157.0,157.0,175317.8097551666,21132.12439390183,72034.75551053489,10853.995925176918,3.4294427210258105,9.74006221288235,4.61129508078153,-0.0734189585146039,-7.482993197278908,10.526315789473696,2.048032595331081,12.630052020808325,240.7954015845891,171.2654614652712,488.6227825631974,-149.8791236179514,25298.0,25748.0,25773.666666666668,-731.0,hurricane_cat5,municipio,-1.4390267670111707
2021.0,Aibonito,24565.0,0.0,20873.0,108.0,9852.0,184.0,21139.0,23770.863570871705,2210.0,270.96791666666667,18117.0,79.2,6637.0,561.079317,22.7,4107.0,350.0,170.0,289.0,3.8,1.1,43.72,7.53,12370.0,21.28,17.79,22.41,30.41,11.78,99.77,0.0,4.22,0.0,3.37,13.67,28.0,0.11,18.1408,-66.2663,1.0,1.0,10.0,24.0,56.0,21139.0,23770.863570871705,270.96791666666667,72.0,9.0,72009.0,7.5,2.4,36.2,2.4,39.1,2.4,289.0,179.0,61.9,29.0,74.0,27.0,60.0,13.0,35.0,1.0,2.0,0.3328974333584493,0.9302027667036056,0.0,0.0,0.0,95.13748828550906,2.0,35.0,4.8,145.0,5456.0,39.0,2694.3013064619145,26089.545334609425,3.2237164953604913,50.0,1.0,2.0,0.6208194412251409,1.2116614633546634,0.0,2.0,60.0,6.4,320.0,12058.0,8765.864537439835,220777.20786833472,8.959858061654469,-0.0407083248524342,0.0915518222371902,0.0962503644350132,-12370.0,-0.4206360044726417,-2.484376666937284,0.0890817780608062,2.8067057249448446,0.0890817780608062,2.8067057249448446,-2.484376666937284,0.0,4.0708324852432325,4.0708324852432325,40.70832485243232,8.141664970486465,40.70832485243232,48.849989822918786,-9.60062822090852,-48.003141104542614,-30.108759531764925,1.7095519148660117,106.45375914836993,-1.9270923960327144,-1.9994031632348583,-2.11771392791259,-0.2057277495301675,7556.026000000001,7.822790514423983,-0.8999999999999986,1.5,-0.5,0.6968641114982521,3.237410071942448,1.0,1.0,1.0,1.0,157.0,257407.83283951023,1.0,1.0,0.0,1.0,2.8067057249448446,2.8067057249448446,0.0,0.0,-390.0471367091536,722468.038076299,0.0890817780608062,0.0890817780608062,0.4812842223774697,22930.347436122353,0.0,0.0,0.0,0.0,-0.0407083248524342,0.0915518222371902,0.0962503644350132,4.0,Central Mountains,2.9644074903761863,2.2224416148367787,2.245733734402163,-2.868157125941173,-1.9964528006221196,-1.722755801770267,-1.6363891776265183,-0.4879238663151646,4.864381271121568,17.267244991418014,157.0,157.0,236999.15827029097,21534.814693472184,92265.70552984979,20408.674569219264,-0.7080299092322329,2.20856058855432,2.065559799789703,-1.4096840186803572,3.237410071942448,2.583025830258312,0.9843507965519841,-2.540545960444196,134.85296676526883,264.313424564096,396.8564190135981,-28.399207616898906,22545.0,22988.0,22996.666666666668,2020.0,hurricane_cat5,municipio,-0.23851778110071264
2021.0,Arecibo,88017.0,0.0,74996.0,208.0,41040.0,393.0,19311.0,21715.272549179408,1020.0,270.96791666666667,64361.0,78.0,19371.0,1098.264085,25.0,16082.0,583.0,213.0,1068.0,6.6,1.1,47.04,18.79,11810.0,22.17,17.52,22.38,20.47,14.13,99.47,0.0,5.19,0.11,2.18,13.75,1212.0,1.38,18.4724,-66.7157,9.0,11.0,67.0,104.0,336.0,19311.0,21715.272549179408,270.96791666666667,72.0,13.0,72013.0,18.8,1.9,33.0,1.3,40.7,1.3,1068.0,622.0,58.2,113.0,248.0,67.0,253.0,55.0,35.0,0.0,2.0,0.0,0.6530051118543522,0.0,0.0,0.0,126.9379951078552,2.0,35.0,4.46,205.0,5603.0,54.0,2795.761955756101,31691.82719756702,7.943202420609777,45.0,1.0,1.0,0.4232657185262911,0.7649573512740125,0.0,2.0,60.0,6.4,329.0,12175.0,3258.7538302577072,231564.22497237072,5.180325518032558,-0.908915323176207,-0.6508563820674107,-0.5904877072509862,-11810.0,-0.1951285801473585,-1.967830666375597,-0.0981207075551331,1.485907803764632,-0.0981207075551331,1.485907803764632,-1.967830666375597,0.0,10.2252973857323,12.497585693672814,76.12165831600713,22.722883079405115,76.12165831600713,98.84454139541224,-15.517120744595267,-24.258351721993876,-32.0258352672281,-41.32276546264309,138.62001386200137,-2.000234219463637,-2.1228307466587215,-4.246831878675006,-0.1539874914526784,24748.68,5.869730935373663,0.0,1.1000000000000014,0.6000000000000014,2.5936599423631135,3.479125248508952,1.0,1.0,1.0,1.0,157.0,298280.2449027618,1.0,1.0,0.0,1.0,1.485907803764632,1.485907803764632,0.0,0.0,-308.9494146209687,443216.9436098394,-0.0981207075551331,-0.0981207075551331,-0.3831338477127754,-29267.46867957739,0.0,0.0,0.0,0.0,-0.908915323176207,-0.6508563820674107,-0.5904877072509862,5.0,North,1.2560361407764509,0.7081713615801233,0.7531487286638772,-1.846523848027437,-1.6823997627960934,-1.4336804639924718,-1.4124495775841206,-0.2854309035795035,3.4601282699411406,11.905401736041236,157.0,157.0,277064.98012321146,54730.773389526046,120060.16438918165,21215.264779550373,2.0410583139284677,1.743811090388503,1.8080380596572427,-6.287890192603474,3.479125248508952,2.443991853360483,1.638350861913466,-0.8854653061458384,211.96861459187255,157.03445588134156,411.85268922715926,-73.34860072987118,83682.0,85390.0,85438.0,4335.0,hurricane_cat5,municipio,-0.8354140840707547
2021.0,Carolina,155886.0,0.0,132865.0,263.0,75941.0,553.0,30678.0,34497.49527542467,1084.0,270.96791666666667,114495.0,87.0,30012.0,1489.785555,33.6,38519.0,1597.0,337.0,1981.0,8.1,0.8,29.8,14.01,17865.0,13.06,17.19,22.9,20.26,12.99,99.26,0.0,12.45,0.25,2.87,11.51,692.0,0.44,18.3808,-65.9574,27.0,65.0,114.0,584.0,1158.0,30678.0,34497.49527542467,270.96791666666667,72.0,31.0,72031.0,14.0,1.3,45.0,1.2,52.5,1.0,1981.0,1001.0,50.5,250.0,414.0,156.0,231.0,87.0,35.0,0.0,2.0,0.0,0.7689979699678812,0.0,0.0,0.0,121.1235904654781,2.0,35.0,4.8,46.0,734.0,24.0,1276.816752080202,8598.11027798443,5.372418316023342,45.0,1.0,1.0,0.5235944835337123,0.9785874583611388,0.0,2.0,60.0,5.6,23.0,2301.0,619.5378819401463,37621.18849474432,3.6627698200534686,-1.1290301887276644,-0.8568586192669425,-0.7936089827316861,-17865.0,-0.5929027694958688,-4.417412687649851,-0.3370984467474543,-0.8305435934032732,-0.3370984467474543,-0.8305435934032732,-4.417412687649851,0.0,17.320349486162964,41.6971376518738,73.13036449713252,59.01748713803677,73.13036449713252,132.14785163516927,-12.80152894144294,-26.61826894658931,-47.83321211812856,-62.822328781289386,171.56764952320154,-2.211615370109054,-2.333394727315452,-0.3105495883871878,-1.1427127163659492,59789.25,3.630269875049686,-0.3999999999999986,-0.3000000000000007,-0.6000000000000014,1.9557385486361325,0.8826583592938642,1.0,1.0,1.0,1.0,157.0,52598.08380076216,1.0,1.0,0.0,1.0,-0.8305435934032732,-0.8305435934032732,0.0,0.0,-693.5337919610266,-43685.001526011496,-0.3370984467474543,-0.3370984467474543,-2.1049565729143054,-17730.732351129365,0.0,0.0,0.0,0.0,-1.1290301887276644,-0.8568586192669425,-0.7936089827316861,15.0,Metro,0.6273540564395663,0.0751596612900806,0.12322262550555534,-1.4209630391712524,-4.065194764288511,-3.768636146126066,-3.793926150058002,-0.3522179233613407,5.6531097734948315,16.375146584675853,157.0,157.0,50322.2381424667,19133.24393348038,30038.723651174052,2275.8456582954605,-0.0852767657048336,-3.0323117950058265,-1.43898820762763,-0.2252728226823542,0.8826583592938642,2.77481323372466,0.9369702488192244,1.0730801893422683,282.2231904226195,302.9475462518974,733.7620407471417,-110.65554089941796,150378.0,153779.0,153870.0,5508.0,hurricane_cat5,municipio,-1.0099740015300596
2021.0,Arroyo,16183.0,0.0,13364.0,128.0,8226.0,216.0,14933.0,16792.19952239118,1660.0,270.96791666666667,11446.0,76.6,3554.0,450.9478906,20.6,2362.0,59.0,43.0,88.0,3.6,1.5,60.84,11.22,10310.0,24.18,20.28,20.84,23.09,20.63,99.64,0.0,4.55,0.22,5.3,12.9,22.0,0.14,17.9658,-66.0614,4.0,7.0,18.0,27.0,91.0,14933.0,16792.19952239118,270.96791666666667,72.0,15.0,72015.0,11.2,5.1,26.7,4.0,30.1,4.2,88.0,54.0,61.4,14.0,22.0,,16.0,5.0,35.0,1.0,2.0,0.4159412620449356,1.037458628940816,0.0,0.0,0.0,74.14649661811822,2.0,35.0,4.8,96.0,4361.0,22.0,1913.1632665735387,16776.69982761623,8.260639394631836,50.0,1.0,2.0,1.0195251479477738,1.7748278253143008,0.0,2.0,60.0,6.4,55.0,11508.0,991.8517321305056,168536.63162907405,-7.536281567820824,-2.3852190570351595,-1.9027969965470404,-1.7653100855646198,-10310.0,0.0428878356328655,-0.1970423500806506,0.3205385533341938,3.5968764253424843,0.3205385533341938,3.5968764253424843,-0.1970423500806506,1.0,24.717295927825496,43.25526787369461,111.22783167521472,67.97256380152011,111.22783167521472,179.20039547673483,22.263501980014,2.668809849137716,17.6270623831461,29.929423398668987,154.26808364758313,-1.7017691659646172,-1.6895809176743382,-11.973957994841957,-6.407594553851877,3568.188,-4.337097448766203,0.6999999999999993,-1.700000000000001,0.3000000000000007,10.000000000000009,0.0,1.0,1.0,1.0,1.0,157.0,195007.11755025436,1.0,1.0,0.0,1.0,3.5968764253424843,3.5968764253424843,1.0,1.0,-30.935648962662146,701416.5038905005,0.3205385533341938,0.3205385533341938,2.107594585837099,62507.29934942962,0.0,0.0,0.0,0.0,-2.3852190570351595,-1.9027969965470404,-1.7653100855646198,6.0,South,-3.8177642437766335,-3.9101430793780145,-3.8034444954398965,2.0524541582120137,0.1028556009383788,0.2061713339027641,0.28597425546278304,-0.2998979510190294,5.953940232277119,17.881234572165567,157.0,157.0,182899.9740135799,17933.146595915197,72238.33186731146,12107.14353667447,-8.904601047872319,1.6557753811586418,-0.5406223273947429,-3.069356946969638,0.0,8.108108108108114,1.4040014040014055,10.000000000000009,106.71159786576804,209.81723814256532,285.6508427276661,47.556485781815084,17502.0,17805.0,17806.0,-1319.0,hurricane_cat5,municipio,-1.8218763930560822
2021.0,Barceloneta,22836.0,0.0,19097.0,106.0,9985.0,242.0,19051.0,21422.90183493433,2616.0,270.96791666666667,16419.0,74.4,5083.0,703.8309456,24.8,4071.0,53.0,87.0,298.0,6.0,1.8,44.95,15.88,12308.0,26.11,18.6,20.35,17.3,17.2,99.65,0.0,3.62,0.45,2.28,9.28,12.0,0.05,18.4505,-66.5385,2.0,11.0,60.0,100.0,238.0,19051.0,21422.90183493433,270.96791666666667,72.0,17.0,72017.0,15.9,3.9,35.0,3.7,41.6,4.0,298.0,130.0,43.6,46.0,100.0,14.0,25.0,21.0,35.0,0.0,2.0,0.0,0.6473940739492107,0.0,0.0,0.0,136.08590822782415,2.0,35.0,4.46,110.0,5579.0,50.0,2324.589364764159,28663.261340986388,8.316453059543045,45.0,0.0,1.0,0.0,0.7595253245401412,0.0,2.0,60.0,6.4,77.0,12128.0,1492.1979745526353,216873.20276178457,-4.5038263705934,-1.0159397442634388,-0.5951322713593776,-0.5017248390931317,-12308.0,-0.3254603942210373,-1.3846117445877624,0.0225657686598719,2.3605982091353312,0.0225657686598719,2.3605982091353312,-1.3846117445877624,0.0,8.758101243650378,48.16955684007707,262.7430373095113,56.92765808372745,262.7430373095113,319.67069539323876,19.291226017487325,82.92452854858627,-37.11750289783645,1.2396641245198623,217.45494082716516,-0.6893974002242564,-0.9053870529651452,2.1578853497714157,1.4954191741605318,6683.95,0.6308596384729359,1.3999999999999986,-2.700000000000001,0.3000000000000042,7.581227436823101,0.3623188405797117,1.0,1.0,1.0,1.0,157.0,264337.00389245356,1.0,1.0,0.0,1.0,2.3605982091353312,2.3605982091353312,0.0,0.0,-217.3840439002787,623993.457996725,0.0225657686598719,0.0225657686598719,0.0931726036239605,5964.967678080788,0.0,0.0,0.0,0.0,-1.0159397442634388,-0.5951322713593776,-0.5017248390931317,8.0,North,-1.9154904863748825,-2.08506259095651,-2.01639211963777,1.4137656472817508,-0.7601346519062949,-0.423141398476943,-0.38786542153429754,-0.6244770926814674,3.6856115641148977,12.414472082990557,157.0,157.0,245343.41555617537,37483.19985978263,103232.9865303395,18993.58833627819,2.5682132314002404,-0.2398410586900601,-0.44344594581202285,-0.4103278816288247,0.3623188405797117,1.845018450184499,-0.5644573096979818,7.21890859624339,253.33277960048173,160.50043211654798,547.4414818321567,-35.87783877331657,23913.0,24079.0,24097.0,-1077.0,hurricane_cat5,municipio,-0.703599219310959
2021.0,Barranquitas,28982.0,0.0,23686.0,149.0,10898.0,234.0,20290.0,22816.160738586823,2281.0,270.96791666666667,19880.0,75.2,5666.0,638.7566047,21.9,4355.0,60.0,57.0,280.0,3.5,1.2,51.84,15.97,10307.0,25.23,21.19,17.35,18.29,16.69,99.9,0.0,1.63,0.53,5.09,10.09,270.0,0.93,18.1861,-66.3061,0.0,1.0,19.0,36.0,100.0,20290.0,22816.160738586823,270.96791666666667,72.0,19.0,72019.0,16.0,4.2,34.7,3.1,41.3,2.7,280.0,187.0,66.8,43.0,78.0,18.0,35.0,34.0,35.0,0.0,2.0,0.0,0.905070008660286,0.0,0.0,0.0,100.91847654618353,2.0,35.0,4.8,193.0,5483.0,39.0,3306.571506326869,26867.68526792487,3.753152376850775,50.0,1.0,2.0,0.5692992299780886,1.1649384027248797,0.0,2.0,60.0,6.4,533.0,12059.0,13287.49572968974,226673.94014107803,3.411118247341749,-0.2863846525429592,0.003450357975665,0.0827415395067587,-10307.0,-0.1197453992655118,-0.282507641087908,0.2542888599910369,4.134505771878064,0.2542888599910369,4.134505771878064,-0.282507641087908,1.0,0.0,3.450417500517563,65.55793250983369,3.450417500517563,65.55793250983369,69.00835001035125,-21.526389749892772,-30.78118117032045,-13.765136186352247,-72.71663949844621,121.31592093056447,-1.2925721128447143,-1.2589114936532808,2.425726213758117,5.636246744608564,8219.042000000001,10.84756346324376,2.0,-2.0,1.3999999999999986,4.477611940298498,5.928853754940722,1.0,1.0,1.0,1.0,157.0,264248.7473718815,1.0,1.0,0.0,1.0,4.134505771878064,4.134505771878064,1.0,1.0,-44.35369965080155,1092537.9712205925,0.2542888599910369,0.2542888599910369,1.2929322773424845,67195.51272325525,0.0,0.0,0.0,0.0,-0.2863846525429592,0.003450357975665,0.0827415395067587,9.0,Central Mountains,1.1266764868341772,0.5905487888886674,0.6598928326785991,-1.0439349473274184,0.1376963247461596,0.6948055401562175,0.655518967967938,-0.4202039658340676,4.402107148917317,16.170195568084942,157.0,157.0,243548.57546693037,22432.8726038029,95026.40020297689,20700.17190495113,9.707843184516584,4.77517083555099,4.606282466340883,-7.282116970758467,5.928853754940722,12.444444444444436,7.674820330027614,-1.4512418146422235,207.79769661536295,222.5699878282038,360.0763871130937,-86.48177568479848,28026.0,28393.0,28391.333333333332,956.0,hurricane_cat5,municipio,-0.22118756297693998
2021.0,Bayamón,185939.0,0.0,158892.0,249.0,82577.0,581.0,27812.0,31274.67040224627,966.0,270.96791666666667,136733.0,82.5,31854.0,1243.057923,30.0,40959.0,1299.0,259.0,3043.0,8.1,0.6,33.71,10.83,15703.0,17.61,16.97,22.51,25.02,11.94,99.41,0.0,10.74,0.35,1.93,12.84,5484.0,2.95,18.3808,-66.1557,14.0,109.0,133.0,846.0,1620.0,27812.0,31274.67040224627,270.96791666666667,72.0,21.0,72021.0,10.8,1.1,42.1,1.0,47.4,0.9,3043.0,1648.0,54.2,290.0,721.0,203.0,552.0,134.0,35.0,0.0,2.0,0.0,0.7903046482400706,0.0,0.0,0.0,120.3239997822012,2.0,35.0,4.8,58.0,4231.0,27.0,2271.223520562848,17668.296439661,5.264077308780507,45.0,1.0,1.0,0.4978758334493764,0.7940534598889424,0.0,2.0,60.0,6.4,27.0,11051.0,725.0769680129775,154764.30460863354,7.049137856587695,-0.8674888000903547,-0.669936164893159,-0.6259781205551262,-15703.0,-0.3062650390627816,-4.385321628835997,-0.2720582427523006,-0.3097241076945283,-0.2720582427523006,-0.3097241076945283,-4.385321628835997,0.0,7.529351023722834,58.62137582755635,71.52883472536692,66.15072685127919,71.52883472536692,137.6795615766461,-1.2087250615565353,-46.49413657490079,-46.001417261986944,-54.82429457025397,185.38242321310344,-2.523682320193943,-2.603372413981575,-1.058303419768658,-0.312223943559764,66893.532,4.854607615870377,-1.1000000000000014,-0.7999999999999989,-1.5,1.197206518124383,1.794177386594442,1.0,1.0,1.0,1.0,157.0,182777.18856101044,1.0,1.0,0.0,1.0,-0.3097241076945283,-0.3097241076945283,0.0,0.0,-688.4954957272515,-56610.5016339735,-0.2720582427523006,-0.2720582427523006,-1.5032094265284888,-49726.04073511441,0.0,0.0,0.0,0.0,-0.8674888000903547,-0.669936164893159,-0.6259781205551262,10.0,Metro,1.839173889898249,1.1345311513429213,1.171481059958494,-2.4651520104533753,-4.14410502413648,-3.796760784085287,-3.8025265962728176,-0.24121660469951678,4.92521081094881,16.426890030245787,157.0,157.0,172314.20262777695,24609.251388935987,73132.4573371076,10462.985933233489,0.3811964284970326,-0.2595648394076666,-0.1297870331793368,-1.4394998482656907,1.794177386594442,2.3916811091854395,0.5616712052509502,-0.596970868470059,286.20813504534436,360.1978628624525,847.9773874851658,-100.82571183224093,173695.0,178192.0,178280.66666666666,12244.0,hurricane_cat5,municipio,-0.8770808902389129
2021.0,Cabo Rojo,47403.0,0.0,40660.0,180.0,28902.0,406.0,18581.0,20894.385543799,1138.0,270.96791666666667,35160.0,73.9,8904.0,842.3354439,26.1,9183.0,434.0,208.0,569.0,5.3,1.1,47.55,15.25,11802.0,26.4,16.99,23.6,17.69,11.03,99.55,0.0,7.15,3.97,4.23,12.11,147.0,0.31,18.0866,-67.1457,8.0,2.0,18.0,38.0,95.0,18581.0,20894.385543799,270.96791666666667,72.0,23.0,72023.0,15.2,3.0,35.2,2.3,41.5,2.1,569.0,371.0,65.2,119.0,117.0,29.0,99.0,22.0,40.0,1.0,2.0,0.4698641992417862,1.298450624390494,1.0,0.0,0.0,64.48960796859826,2.0,35.0,4.46,5284.0,5479.0,38.0,56526.68707866517,59042.17784302328,1.4156839059122637,55.0,1.0,2.0,1.0234794945529342,2.218031518966824,0.0,2.0,60.0,6.4,11641.0,12057.0,358729.6582624262,371269.3492722795,-1.196406611501344,-0.8860198721599932,-0.4736657279277301,-0.3719631780892407,-11802.0,0.1226981036498023,-1.959007704268225,0.2697719314160459,1.1147442516202053,0.2697719314160459,1.1147442516202053,-1.959007704268225,0.0,16.876568993523616,4.219142248380904,37.97228023542814,21.09571124190452,37.97228023542814,59.067991477332654,6.505386711400321,-41.23233864445181,-6.033760275732524,-13.603762748185318,93.79494341038416,-1.051828325118076,-1.0570349964289405,2.835502595345974,2.3072857309062167,14312.320000000002,5.0513739791538725,1.7000000000000028,2.299999999999999,3.0,7.969639468690692,3.3333333333333437,1.0,1.0,1.0,1.0,157.0,446166.1685444515,1.0,1.0,0.0,1.0,1.1147442516202053,1.1147442516202053,0.0,0.0,-307.5642095701113,497361.17165233893,0.2697719314160459,0.2697719314160459,1.262668407540809,120363.10902073373,0.0,0.0,0.0,0.0,-0.8860198721599932,-0.4736657279277301,-0.3719631780892407,11.0,West,-0.7151648758544571,-1.0448328546055707,-0.9539256836350374,0.3432016977652164,-1.3368197005350853,-0.9746870167061394,-0.9827326179773365,-0.6221880037331398,3.846245976713771,7.914437399036816,157.0,157.0,395985.1813821252,30364.28662534718,149332.9397547961,50180.98716232629,2.0314021842775976,2.054952413095079,-0.18467590218603025,0.8041004110683763,3.3333333333333437,2.2044088176352616,1.9800522126300457,4.636306135357349,113.432466434302,142.84256708499132,202.73453402499283,-19.637523023917836,47977.0,48487.0,48489.666666666664,-574.0,hurricane_cat5,municipio,-0.6049539287867506
2021.0,Caguas,128182.0,0.0,108606.0,296.0,57286.0,453.0,27062.0,30431.293341923934,1174.0,270.96791666666667,93391.0,83.5,25339.0,1468.297313,33.3,31141.0,1677.0,427.0,2444.0,6.4,0.7,37.53,11.27,16904.0,16.61,17.84,20.86,23.68,12.77,98.72,0.0,9.44,0.13,2.11,13.61,1119.0,0.87,18.2325,-66.0391,26.0,87.0,147.0,408.0,888.0,27062.0,30431.293341923934,270.96791666666667,72.0,25.0,72025.0,11.3,1.4,43.3,1.1,48.9,1.1,2444.0,1307.0,53.5,260.0,527.0,222.0,448.0,110.0,35.0,0.0,2.0,0.0,0.8526180956121292,0.0,0.0,0.0,103.889607808347,2.0,35.0,4.8,67.0,3123.0,21.0,1620.433701690053,13607.395550851788,7.724993238537975,45.0,1.0,1.0,0.6336968646167239,1.1110888449670622,0.0,2.0,60.0,6.4,28.0,9505.0,607.4224833450405,138658.4730071729,1.1425505389240476,-1.0999984397185305,-0.760800815779894,-0.6796911181240817,-16904.0,-0.538709226793822,-3.600355844427675,-0.1989756838778868,0.4666428582309586,-0.1989756838778868,0.4666428582309586,-3.600355844427675,0.0,20.28365917211465,67.87224415284517,114.68068839618668,88.15590332495982,114.68068839618668,202.8365917211465,21.08629295994332,29.462830520636317,-30.65253300732813,-43.52718815468147,152.28746824056685,-1.7085863638831356,-1.8467909533125717,0.1136138639786565,0.1017143970005481,47026.398,3.1010243804475923,0.5,-1.5,-0.3000000000000042,2.2166457549142704,0.4199916001679904,1.0,1.0,1.0,1.0,157.0,161096.41928802486,1.0,1.0,0.0,1.0,0.4666428582309586,0.4666428582309586,0.0,0.0,-565.255867575145,75174.49354733685,-0.1989756838778868,-0.1989756838778868,-1.2313415783104469,-32054.27019811355,0.0,0.0,0.0,0.0,-1.0999984397185305,-0.760800815779894,-0.6796911181240817,12.0,East,-0.1303638229455006,-0.5628671184760403,-0.5023378238130038,-0.549327295178581,-3.1395373420014696,-2.686143666592231,-2.7321834033248193,-0.46081850242620526,5.7000203968788945,18.39240250544769,157.0,157.0,152878.93632246144,19522.075296414365,63574.97158790177,8217.482965563424,1.461878011934803,-1.270348684911815,0.31371581713755353,-1.3482641479561464,0.4199916001679904,1.8827556696619616,0.08303366664071936,1.79665415474628,226.46718940257648,285.46851092012207,799.4823688432135,-74.17972116200963,126734.0,128937.0,129011.33333333333,1448.0,hurricane_cat5,municipio,-0.8941828734634217
2021.0,Camuy,32885.0,0.0,27943.0,153.0,14071.0,192.0,19745.0,22203.306741419263,1269.0,270.96791666666667,24097.0,72.6,6016.0,550.2154124,21.4,5156.0,335.0,193.0,333.0,5.8,1.5,44.36,7.05,11692.0,27.84,17.57,21.17,17.0,8.59,99.32,0.0,2.0,0.24,1.58,10.74,133.0,0.4,18.4838,-66.845,2.0,3.0,47.0,85.0,174.0,19745.0,22203.306741419263,270.96791666666667,72.0,27.0,72027.0,7.1,2.0,36.0,2.3,39.2,2.7,333.0,226.0,67.9,42.0,89.0,25.0,40.0,33.0,35.0,0.0,2.0,0.0,0.6579725197598605,0.0,0.0,0.0,118.16965731963047,2.0,35.0,4.46,224.0,5607.0,57.0,3545.876724866253,33054.78322263513,7.654472931754173,55.0,1.0,2.0,0.4616725056408663,1.045049022538807,0.0,2.0,60.0,6.4,217.0,12196.0,2090.46255741255,232130.16551024455,5.8552758642889335,-0.4622168161775852,-0.2009012135124277,-0.1532935076108521,-11692.0,-0.624869070578541,-2.0902545286719207,-0.0616181677635936,2.7151854625566516,-0.0616181677635936,2.7151854625566516,-2.0902545286719207,0.0,6.0818002128630075,9.12270031929451,142.92230500228067,15.204500532157518,142.92230500228067,158.12680553443818,5.547640942895946,23.82103673472126,-18.8259557787997,-42.30135215145448,128.75812785682098,-1.6836508639787362,-1.9365650797591671,1.5691439833775744,2.887928600507776,10059.48,8.771713567431672,0.6000000000000014,-0.2000000000000001,0.5,9.90099009900991,3.0612244897959107,1.0,1.0,1.0,1.0,157.0,304645.91949553654,1.0,1.0,0.0,1.0,2.7151854625566516,2.7151854625566516,0.0,0.0,-328.1699610014916,827170.1718414848,-0.0616181677635936,-0.0616181677635936,-0.2488665786833994,-18771.723375970218,0.0,0.0,0.0,0.0,-0.4622168161775852,-0.2009012135124277,-0.1532935076108521,13.0,North,1.778313243074647,1.1832765064178297,1.214268487570891,-1.9316067506854993,-1.7511440999760943,-1.0262138408068973,-1.1714330902903243,-0.3391104286958264,3.5914398812310866,11.671260956391482,157.0,157.0,282074.0977774223,59323.2839283057,123348.58567582839,22571.821718114254,7.8893900215793344,-0.7947482034335818,0.1866488040795143,-6.32024603820176,3.0612244897959107,4.62633451957295,4.049508517373261,6.839765609213999,189.88543578707515,133.44919620135312,257.5636531371031,-61.127307930254176,31066.0,31598.0,31628.666666666668,1819.0,hurricane_cat5,municipio,-0.4463058523452679
2021.0,Añasco,25859.0,0.0,22146.0,107.0,12566.0,183.0,21189.0,23827.088708226525,1903.0,270.96791666666667,19098.0,71.2,5968.0,683.5451704,18.6,3560.0,114.0,116.0,265.0,4.8,1.5,44.73,9.14,11641.0,29.26,17.15,21.55,25.59,9.58,96.4,0.0,2.73,0.38,1.87,10.95,105.0,0.41,18.2827,-67.1399,0.0,1.0,10.0,28.0,54.0,21189.0,23827.088708226525,270.96791666666667,72.0,11.0,72011.0,9.1,3.1,38.4,2.7,42.2,2.6,265.0,164.0,61.9,42.0,55.0,15.0,43.0,14.0,40.0,1.0,2.0,0.3844887105008407,1.1454484947094787,0.0,0.0,0.0,81.02998096981436,2.0,35.0,4.46,4398.0,5521.0,49.0,30937.213863618515,40587.40250912856,6.152448762448919,55.0,1.0,2.0,0.7418110396922484,1.86881612027038,0.0,2.0,60.0,6.4,6391.0,12111.0,128481.93930798717,276274.5074482743,-2.620975334212017,-1.3998994547352983,-1.055494938881496,-0.9960043301149302,-11641.0,-0.6330653263811391,-2.2845070234557463,-0.0867405792816172,2.289101795330164,-0.0867405792816172,2.289101795330164,-2.2845070234557463,0.0,0.0,3.867125565567114,38.67125565567114,3.867125565567114,38.67125565567114,42.538381221238254,-26.259027701237628,-17.81528171958776,11.562256333560512,-47.47128545090877,86.61269064206364,-1.4071433875399109,-1.5857936275942677,0.3711977876661887,0.4397766553619416,8504.064,3.0692567106925805,1.8999999999999984,-0.5,1.8000000000000045,0.7604562737642651,-1.1278195488721776,1.0,1.0,1.0,1.0,157.0,350573.1675922874,1.0,1.0,0.0,1.0,2.289101795330164,2.289101795330164,0.0,0.0,-358.6676026825522,802497.6673300876,-0.0867405792816172,-0.0867405792816172,-0.3487272267052568,-30408.919637546485,0.0,0.0,0.0,0.0,-1.3998994547352983,-1.055494938881496,-0.9960043301149302,7.0,West,-1.5800982661049343,-1.811021315439232,-1.7546286911894562,0.5840939359900041,-1.7591112147220138,-1.54535082023961,-1.543746289048265,-0.5253958087337325,3.1221117882257743,8.5033430115494,157.0,157.0,320086.145581065,50770.18503762725,131955.46063124298,30487.022011222434,-0.007797219771144,0.9559293981907802,0.5871157922010427,0.3789950074373327,-1.1278195488721776,1.9157088122605304,1.5906510028027565,1.8882758226364427,122.5217197594119,171.7334112832505,297.6643734767668,-35.909029117348254,26555.0,26934.0,26952.333333333332,-696.0,hurricane_cat5,municipio,-1.1584334817385105
2021.0,Hatillo,38739.0,0.0,33011.0,128.0,17044.0,249.0,20955.0,23563.95506540596,1162.0,270.96791666666667,28662.0,76.4,6947.0,721.9972299,29.0,8302.0,369.0,210.0,516.0,7.9,1.8,42.58,6.84,12738.0,24.09,17.24,21.37,14.67,8.62,99.77,0.0,3.51,0.25,2.58,8.85,105.0,0.27,18.4863,-66.825,5.0,8.0,48.0,94.0,210.0,20955.0,23563.95506540596,270.96791666666667,72.0,65.0,72065.0,6.8,2.5,38.5,2.8,41.4,2.8,516.0,272.0,52.7,71.0,164.0,27.0,66.0,24.0,35.0,0.0,2.0,0.0,0.6555327591206176,0.0,0.0,0.0,119.8096732526896,2.0,35.0,4.46,202.0,5606.0,57.0,3334.639484303645,32797.70896986614,7.804701864614403,55.0,1.0,2.0,0.4540663088658036,1.0379733736166177,0.0,2.0,60.0,6.4,201.0,12194.0,2025.056768325428,231079.76601200888,-2.077803897778119,-1.0557835772735502,-0.6123708731335054,-0.5033163435621546,-12738.0,-0.6925603512444638,-2.5958284634733277,-0.0293783371687674,2.347070081340964,-0.0293783371687674,2.347070081340964,-2.5958284634733277,0.0,12.906889697720644,20.651023516353032,123.90614109811816,33.55791321407368,123.90614109811816,157.46405431219185,8.280493533074715,35.4351722146218,-7.263256163807046,-16.660445384338416,113.74838856449531,-0.9737171464330396,-1.08937855904927,5.3706662394210625,4.1466923556701785,12709.235,0.2529270923299798,0.6000000000000014,0.7000000000000002,1.0,3.200000000000003,2.249488752556239,1.0,1.0,1.0,1.0,157.0,302896.1256380392,1.0,1.0,0.0,1.0,2.347070081340964,2.347070081340964,0.0,0.0,-407.54506876531246,710918.4342391356,-0.0293783371687674,-0.0293783371687674,-0.1190540615836339,-8898.584506107652,0.0,0.0,0.0,0.0,-1.0557835772735502,-0.6123708731335054,-0.5033163435621546,33.0,North,-1.1032692157691648,-1.370383333076164,-1.2850666223214364,0.5999528722070102,-1.9991714220979435,-1.4803806346127208,-1.4565284341731928,-0.5966570413753842,3.606648941171565,11.58894954479878,157.0,157.0,280704.59765065636,59079.65396578242,122888.75248284459,22191.52798738284,5.915396355850144,1.1540144717393286,0.5208980727034097,-0.5447301164290819,2.249488752556239,3.601694915254239,1.1912503185317187,0.9505112474437638,137.6720901126408,131.22059915820748,284.85760343713554,-23.923701548145488,39561.0,39950.0,39967.0,-822.0,hurricane_cat5,municipio,-0.7181344863213758
2021.0,Hormigueros,15726.0,0.0,13626.0,78.0,7638.0,140.0,20811.0,23402.02666982407,2102.0,270.96791666666667,11965.0,79.5,4073.0,444.0146394,25.8,3087.0,30.0,34.0,180.0,3.9,1.3,42.84,19.59,13178.0,21.66,15.47,28.97,26.06,12.07,99.34,0.0,3.14,0.0,4.11,15.82,153.0,0.97,18.1397,-67.1274,3.0,0.0,7.0,13.0,27.0,20811.0,23402.02666982407,270.96791666666667,72.0,67.0,72067.0,19.6,4.3,36.5,3.1,45.5,2.6,180.0,97.0,53.9,23.0,39.0,11.0,36.0,11.0,40.0,1.0,2.0,0.4378681552111424,1.2472751531916106,1.0,0.0,0.0,69.93273679179252,2.0,35.0,4.46,5280.0,5492.0,41.0,50924.544185572144,53824.76441335635,3.0888671630565465,55.0,1.0,2.0,0.9135361244958944,2.087485097457764,0.0,2.0,60.0,6.4,11544.0,12070.0,331963.11048634467,354756.8762904169,-0.0317843748013468,-0.9856288948238534,-0.657125366587763,-0.6077816304004835,-13178.0,-0.2162576105131143,-2.91077926577072,-0.3023629833029664,-0.1422954212640121,-0.3023629833029664,-0.1422954212640121,-2.91077926577072,0.0,19.07668828691339,0.0,44.51227266946458,19.07668828691339,44.51227266946458,63.588960956377974,12.71981332664386,0.0141479475778538,-25.004851189137728,0.5917081127165602,50.854999682156254,-1.3297371887348697,-1.4647713226205172,0.1650338545098106,-0.1505072544494982,4973.49,0.3164103131971796,-0.2000000000000028,-0.8999999999999986,-0.7999999999999972,2.857142857142847,6.060606060606055,1.0,1.0,1.0,1.0,157.0,426567.54478149646,1.0,1.0,0.0,1.0,-0.1422954212640121,-0.1422954212640121,0.0,0.0,-456.992344726003,-60698.608482238385,-0.3023629833029664,-0.3023629833029664,-1.3639298771334354,-128978.235420355,0.0,0.0,0.0,0.0,-0.9856288948238534,-0.657125366587763,-0.6077816304004835,34.0,West,-0.4491142217827537,-0.7838997396755754,-0.7257373624571942,-0.15866740861772982,-2.5017328413039763,-2.021289592617629,-2.1556813737476634,-0.40904642446674355,3.711303818536285,8.1694077406501,157.0,157.0,382267.5695830569,33628.133141871636,146390.42194161136,44299.975198439555,3.0078522506703953,-3.6244078685287007,-1.4622656968921104,-2.8428183961605846,6.060606060606055,1.85185185185186,3.2664167884293676,-3.2034632034632082,75.26814275857743,129.78986402966626,179.63914054124734,-24.41314307642117,15731.0,15943.0,15951.333333333334,-5.0,hurricane_cat5,municipio,-0.8236619239955543
2021.0,Humacao,51398.0,0.0,43654.0,177.0,26463.0,359.0,22431.0,25223.72112012031,1324.0,270.96791666666667,37763.0,79.0,13522.0,1090.638804,22.7,8561.0,354.0,139.0,778.0,4.8,1.0,39.2,9.16,14352.0,21.39,17.54,23.35,9.15,11.63,99.36,0.0,11.93,0.18,4.84,13.21,342.0,0.67,18.1497,-65.8274,8.0,29.0,55.0,139.0,323.0,22431.0,25223.72112012031,270.96791666666667,72.0,69.0,72069.0,9.2,2.3,33.7,2.0,37.1,2.0,778.0,450.0,57.8,75.0,152.0,103.0,161.0,42.0,35.0,1.0,2.0,0.3217047876186563,0.8640967282548062,0.0,0.0,0.0,98.79539673338166,2.0,35.0,4.8,66.0,389.0,12.0,2838.4402607893094,6352.7374791892325,6.0123550857565995,45.0,1.0,1.0,0.7426866716173237,1.2137182400713913,0.0,2.0,60.0,5.6,39.0,1286.0,1019.9244328315896,23573.64101320811,-0.3644399643314089,-1.3016070664228163,-0.9353444226011364,-0.8489840391357917,-14352.0,-0.4512257541298117,-2.934936605428944,-0.0267606365591215,1.4810230106510542,-0.0267606365591215,1.4810230106510542,-2.934936605428944,0.0,15.56480796918168,56.4224288882836,107.00805478812406,71.98723685746528,107.00805478812406,178.99529164558933,21.585965194611013,56.60678312526979,-27.683555122145822,-60.060190618365375,100.80254332570853,-1.7540518407069494,-1.793663262634193,-1.7138679361213272,1.5389018065202729,14711.398,-3.306383945889324,-1.3999999999999986,-0.3000000000000007,-1.7999999999999972,3.733333333333344,0.1335113484646211,1.0,1.0,1.0,1.0,157.0,35141.865951172316,1.0,1.0,0.0,1.0,1.4810230106510542,1.4810230106510542,0.0,0.0,-460.78504705234417,52045.912110901,-0.0267606365591215,-0.0267606365591215,-0.1918003592487869,-940.418702728692,0.0,0.0,0.0,0.0,-1.3016070664228163,-0.9353444226011364,-0.8489840391357917,35.0,East,-0.7454073364354552,-1.1417241209137896,-1.064471258692808,-0.10357670270033648,-2.658216217351399,-2.063411704602821,-2.1168945464798945,-0.27672038807754484,6.672050961766593,18.55447616269943,157.0,157.0,32768.98461747367,13457.407939104258,20860.410252948954,2372.8813336986495,5.374448668982557,0.9561246866995888,3.305229601389563,-7.088316605103884,0.1335113484646211,0.6720430107526987,-1.632622564671541,3.599821984868723,188.54628906621977,261.84865147944487,559.977695762128,-87.74374574051124,51586.0,52507.0,52519.666666666664,-188.0,hurricane_cat5,municipio,-1.038203714088182
2021.0,Peñuelas,20625.0,0.0,16886.0,92.0,8573.0,212.0,18123.0,20379.363285628835,1145.0,270.96791666666667,14252.0,74.2,3956.0,504.2548959,24.9,3547.0,79.0,73.0,154.0,4.3,1.4,53.77,14.78,10237.0,27.08,21.24,18.42,15.67,13.6,99.57,0.0,0.59,0.15,4.53,12.95,4.0,0.02,18.0622,-66.7219,3.0,2.0,4.0,23.0,61.0,18123.0,20379.363285628835,270.96791666666667,72.0,111.0,72111.0,14.8,3.4,33.7,2.4,39.5,2.5,154.0,93.0,60.4,15.0,49.0,6.0,19.0,13.0,35.0,0.0,2.0,0.0,1.1534275077280478,0.0,0.0,0.0,101.27607393737908,2.0,35.0,4.46,5300.0,5492.0,40.0,61435.74135787736,64020.198848565546,2.130962249105238,55.0,1.0,2.0,0.9611594325135482,1.527431367612582,0.0,2.0,60.0,6.4,11982.0,12064.0,659934.8797739786,660953.91501869,4.182451886649496,-1.5854545454545454,-1.325143665028461,-1.2635757560909733,-10237.0,-0.2847785806796991,0.051457739653554,0.2238499671497638,4.131647503699028,0.2238499671497638,4.131647503699028,0.051457739653554,1.0,14.545454545454543,9.696969696969695,19.39393939393939,24.24242424242424,19.39393939393939,43.63636363636364,-11.116468519105284,-51.32384612911966,-8.795549665983593,11.845195619708214,106.07667828458858,-2.8749448069469663,-2.8640869233701904,-0.0005283007157852,-1.4612050227083635,5690.582,9.00339140187203,1.0,-3.1999999999999993,-0.2999999999999971,10.79136690647482,-3.472222222222221,1.0,1.0,1.0,1.0,157.0,742706.4641815209,1.0,1.0,0.0,1.0,4.131647503699028,4.131647503699028,1.0,1.0,8.078865125607978,3068601.3087167125,0.2238499671497638,0.2238499671497638,1.0592837557298362,166254.81760895066,0.0,0.0,0.0,0.0,-1.5854545454545454,-1.325143665028461,-1.2635757560909733,56.0,South,0.4775861709068962,-0.1391983981967937,-0.07839046826411865,-1.7411619269978695,0.5513805852395617,1.1305826111758683,1.0841936795169518,-0.4999228455860077,3.860373024841091,9.06183853750066,157.0,157.0,686388.360402918,30200.29070860204,244956.58363802897,56318.103778602905,2.277564372234564,-6.6606511396438695,-0.8580192248695514,-2.2780926729503492,-3.472222222222221,0.6993006993007089,1.5819584898532337,14.263589128697042,103.02703233086396,176.32481890964544,228.53731667852628,3.049645953724621,19797.0,20383.0,20388.0,828.0,hurricane_cat5,municipio,-1.4348837320747199
2021.0,Ponce,139245.0,0.0,116592.0,227.0,65563.0,537.0,17747.0,19956.55025272057,715.0,270.96791666666667,99337.0,78.1,30655.0,1142.037215,29.2,29010.0,1949.0,325.0,2330.0,5.7,0.6,50.62,12.8,12323.0,22.07,18.8,22.88,22.21,13.9,99.63,0.0,12.19,0.22,3.2,18.07,3715.0,2.67,18.0111,-66.6141,19.0,44.0,80.0,326.0,654.0,17747.0,19956.55025272057,270.96791666666667,72.0,113.0,72113.0,12.8,1.2,31.8,1.0,36.5,1.1,2330.0,1253.0,53.8,228.0,472.0,201.0,508.0,93.0,35.0,1.0,2.0,0.3301335891925305,1.1775137728297216,0.0,0.0,0.0,96.01768843214668,2.0,35.0,4.46,4834.0,5494.0,37.0,42250.74923516522,50028.8393794812,2.1243805500565904,50.0,1.0,2.0,0.9617438165433756,1.2584891732427583,0.0,2.0,60.0,6.4,11867.0,12058.0,529069.5934339802,531319.3386509614,2.6320444595132386,-1.9411828072821269,-1.6543172436345066,-1.577163265645498,-12323.0,0.1223164194347234,-2.249341237426621,0.1942678310027604,1.9937875861281016,0.1942678310027604,1.9937875861281016,-2.249341237426621,0.0,13.645014183633164,31.598980214729437,57.45269129950806,45.2439943983626,57.45269129950806,102.69668569787066,3.9685842239739912,-34.67992069689508,-46.07271506277587,-51.06103593337468,133.40802217079175,-2.861725053876607,-2.9563803621305396,-1.7916028637328885,-1.4274393890314965,37076.256,1.969227925888295,-0.4000000000000021,1.1000000000000014,0.0,1.4808362369338024,-0.9063444108761364,1.0,1.0,1.0,1.0,157.0,597290.3903966814,1.0,1.0,0.0,1.0,1.9937875861281016,1.9937875861281016,0.0,0.0,-353.14657427597945,1190870.1656865107,0.1942678310027604,0.1942678310027604,0.928201967040386,116034.30862115529,0.0,0.0,0.0,0.0,-1.9411828072821269,-1.6543172436345066,-1.577163265645498,57.0,South,-0.2457992691829558,-0.7524017600063049,-0.6980977494144689,-1.331363996462542,-1.9097623809999669,-1.5410401456914402,-1.549888625380647,-0.339578856426654,3.883484436379123,9.644708817705492,157.0,157.0,554272.2782839381,27251.80792364893,199464.55955588585,43018.112112743314,-0.1149339253172176,-2.3757813780443837,-0.42140016276188685,-1.6766689384156708,-0.9063444108761364,2.1154693697664095,-0.13179500503021446,2.387180647809939,230.5417731669423,235.5377068771452,513.4071587920952,-97.13375099615055,135674.0,139671.0,139757.0,3571.0,hurricane_cat5,municipio,-1.7083603838488646
2021.0,Quebradillas,23743.0,0.0,19939.0,127.0,10342.0,209.0,18947.0,21305.953549236303,2655.0,270.96791666666667,17284.0,74.5,5174.0,689.6876104,21.5,3712.0,179.0,146.0,214.0,5.2,1.9,45.43,5.28,10502.0,26.55,18.23,21.7,17.69,13.67,98.7,0.0,6.21,0.26,3.57,14.2,27.0,0.11,18.4738,-66.9385,1.0,3.0,20.0,46.0,105.0,18947.0,21305.953549236303,270.96791666666667,72.0,115.0,72115.0,5.3,3.5,35.6,3.8,37.5,3.8,214.0,128.0,59.8,20.0,61.0,12.0,30.0,19.0,35.0,0.0,2.0,0.0,0.8143088734632276,0.0,0.0,0.0,110.8699869265238,2.0,35.0,4.46,253.0,5609.0,58.0,3759.7666089693503,33841.4603393199,1.786757358799018,55.0,1.0,2.0,0.4983515889588749,1.5343640621610126,0.0,2.0,60.0,6.4,175.0,12196.0,2100.039944804145,232752.16871172725,2.072137913245342,-0.8549888388156512,-0.542684680047778,-0.4711262486333134,-10502.0,-0.3798733548267694,-1.562678118533887,0.1831590756576662,3.0042893465174028,0.1831590756576662,3.0042893465174028,-1.562678118533887,0.0,4.211767678894832,12.635303036684498,84.23535357789665,16.847070715579328,84.23535357789665,101.08242429347598,-8.947177167142826,15.450692557304237,8.865897127294502,-45.48170657854425,94.57890890331456,-1.5574082694993383,-1.6932933932434668,3.874180986999698,1.8544482973824012,7098.284000000001,3.5984196691930537,0.3000000000000042,0.2000000000000001,0.2999999999999971,0.9433962264151052,-2.304147465437789,1.0,1.0,1.0,1.0,157.0,307465.79116547253,1.0,1.0,0.0,1.0,3.0042893465174028,3.0042893465174028,0.0,0.0,-245.34046460982026,923716.2008169736,0.1831590756576662,0.1831590756576662,0.8091526269184687,56315.150106220986,0.0,0.0,0.0,0.0,-0.8549888388156512,-0.542684680047778,-0.4711262486333134,58.0,North,0.3213940505725654,-0.1257098983351245,-0.07077104795494649,-0.7925202992058789,-1.1336452665092829,-0.7741735810764453,-0.7520465305632129,-0.42903285202460406,3.817237960043388,11.888185089930094,157.0,157.0,283937.0904876058,60427.63293722231,124107.28803169238,23528.700677866756,-1.5087432798813083,3.1979071850288143,0.8782135316078336,5.382924266881006,-2.304147465437789,5.339805825242716,2.3586874667363236,3.2475436918528944,131.19471835456432,95.68979863538026,186.97464997921296,-36.61580945124976,23261.0,23629.0,23642.0,482.0,hurricane_cat5,municipio,-0.7118223357831504
2021.0,Rincón,15097.0,0.0,12998.0,99.0,9329.0,198.0,24744.0,27824.69597415438,3401.0,270.96791666666667,11567.0,73.1,3005.0,411.8689112,22.9,2646.0,145.0,113.0,210.0,5.0,1.7,40.88,8.18,14491.0,28.49,15.68,26.81,27.46,11.15,93.5,0.0,12.77,0.39,4.45,12.48,25.0,0.17,18.3403,-67.25,0.0,0.0,23.0,25.0,79.0,24744.0,27824.69597415438,270.96791666666667,72.0,117.0,72117.0,8.2,2.8,40.0,3.2,43.5,3.2,210.0,135.0,64.3,57.0,45.0,26.0,13.0,14.0,40.0,1.0,2.0,0.387844563912203,1.1340120352046157,0.0,0.0,0.0,80.24233741206439,2.0,35.0,4.46,1382.0,5506.0,49.0,13244.869099991249,34234.90432814251,2.812077596629793,55.0,1.0,2.0,0.7321661185728874,1.8588929584431977,0.0,2.0,60.0,6.4,553.0,12124.0,8864.399174760405,226897.8437497595,9.011480973355468,0.4437967808173848,0.591086099297522,0.6166222700984436,-14491.0,-0.5935518283256148,-3.717789652805773,-0.1893505961808615,1.369943405861755,-0.1893505961808615,1.369943405861755,-3.717789652805773,0.0,0.0,0.0,152.34814863880243,0.0,152.34814863880243,152.34814863880243,-7.220737959419453,65.699293125769,-7.008061129937405,-105.43993219328416,93.86959347245288,-1.4726807057484304,-1.4927465134207063,17.339053161656516,2.6135937203253023,5199.200000000001,10.167200212231652,0.1000000000000014,1.1999999999999993,0.5,11.702127659574458,2.732240437158473,1.0,1.0,1.0,1.0,157.0,297065.1917988182,1.0,1.0,0.0,1.0,1.369943405861755,1.369943405861755,0.0,0.0,-583.6929754905063,406962.50061584846,-0.1893505961808615,-0.1893505961808615,-0.712747771578703,-56249.471171688216,0.0,0.0,0.0,0.0,0.4437967808173848,0.591086099297522,0.6166222700984436,59.0,West,3.3230168084050327,2.5614161998453344,2.5941479109980348,-2.706394538306589,-3.2243941472149955,-2.7140392017703308,-2.819872707788093,-0.4933955055907773,3.0377784594606667,8.38885420488721,157.0,157.0,272371.2560072717,52082.050212305,116325.84891734929,24693.93579154648,-0.0566679707125428,-9.441604029968063,1.9088668548518397,17.395721132369058,2.732240437158473,8.284023668639051,5.99276314075107,8.969887222415984,206.3175867956745,182.21318943163504,363.5733180843063,-112.44799332322161,13849.0,14056.0,14058.0,1248.0,hurricane_cat5,municipio,0.22885815828041856
2021.0,Río Grande,47630.0,0.0,40526.0,188.0,22674.0,313.0,23679.0,26627.10054849667,1560.0,270.96791666666667,34734.0,77.8,10116.0,869.8781524,24.7,8581.0,126.0,97.0,368.0,8.7,1.6,37.63,21.24,12836.0,22.78,17.64,21.04,23.92,11.45,99.6,0.0,8.6,0.34,4.71,12.7,674.0,1.42,18.3794,-65.8311,,,,,,23679.0,26627.10054849667,270.96791666666667,72.0,119.0,72119.0,21.2,2.7,40.9,1.9,52.0,1.6,368.0,220.0,59.8,50.0,87.0,37.0,60.0,10.0,35.0,0.0,2.0,0.0,0.5872890282696139,0.0,0.0,0.0,123.35235387731198,2.0,35.0,4.8,38.0,306.0,28.0,1160.0216494050403,7260.066178894003,8.725808169174996,45.0,1.0,1.0,0.523887893594156,0.97179867910515,0.0,2.0,60.0,4.4,21.0,289.0,575.642873058346,4240.916140441501,-2.453510280986315,-1.6628175519630473,-1.216723941724962,-1.1174870971585649,-12836.0,-0.213491253945185,-2.575919640339253,0.0017497610572515,1.4461239486319784,0.0017497610572515,1.4461239486319784,-2.575919640339253,0.0,,,,0.0,0.0,0.0,0.0,0.0,0.0,0.0,0.0,-1.582246588595726,-1.853610286844709,-4.70740007796876,-0.7900978521730107,16575.134,-3.935678516377805,-0.8999999999999986,0.5999999999999979,-0.7000000000000028,11.515151515151524,1.2269938650306678,1.0,1.0,1.0,1.0,157.0,17397.54609943134,1.0,1.0,0.0,1.0,1.4461239486319784,1.4461239486319784,0.0,0.0,-404.4193835332627,25159.008061816523,0.0017497610572515,0.0017497610572515,0.011382076242683,30.441548656524137,0.0,0.0,0.0,0.0,-1.6628175519630473,-1.216723941724962,-1.1174870971585649,60.0,East,-1.6307186577494637,-1.9003138751480408,-1.8316104886007025,0.5132315605908988,-2.2826000143485334,-1.8753782713233031,-1.899552844488869,-0.2933196259907196,6.087795901848792,16.384020882215903,157.0,157.0,15805.88720898092,17803.964386668587,17930.519544401828,1591.6588904504206,3.4199044364139564,-1.0827979149642286,-0.12266958732669202,-8.127304514382717,1.2269938650306678,8.666666666666668,2.7514387564674174,10.288157650120857,0.0,0.0,0.0,0.0,48828.0,49613.0,49663.666666666664,-1198.0,hurricane_cat5,municipio,-1.268077489782046
2021.0,Sabana Grande,22860.0,0.0,19278.0,127.0,10828.0,165.0,18857.0,21204.74830199762,1689.0,270.96791666666667,15604.0,75.3,5303.0,549.5061419,21.8,3406.0,110.0,86.0,181.0,7.3,1.7,44.77,18.47,10154.0,25.92,18.35,24.4,34.03,7.78,99.31,0.0,3.42,0.22,3.86,11.55,188.0,0.82,18.0777,-66.9605,2.0,1.0,4.0,10.0,38.0,18857.0,21204.74830199762,270.96791666666667,72.0,121.0,72121.0,18.5,4.5,31.5,2.7,38.8,2.7,181.0,118.0,65.2,21.0,40.0,16.0,39.0,6.0,35.0,1.0,2.0,0.3904312284926928,1.047962110374287,0.0,0.0,0.0,79.64446859213017,2.0,35.0,4.46,5339.0,5497.0,40.0,74001.60613974268,76419.09983667178,1.0927758633530464,55.0,1.0,2.0,0.7437185195579232,1.9211036737525296,0.0,2.0,60.0,6.4,11986.0,12067.0,575217.9730496662,576255.0586961209,3.2520325203251987,-0.9667541557305316,-0.7001765201362087,-0.6649542734212255,-10154.0,-0.2318092647860159,-2.2380971728612975,0.0592549874185914,2.540866174578131,0.0592549874185914,2.540866174578131,-2.2380971728612975,0.0,8.748906386701663,4.374453193350831,17.497812773403325,13.123359580052494,17.497812773403325,30.62117235345582,4.089935912482485,-0.569034561736693,4.600799554094832,-12.961521459186226,27.100271002710027,-1.8617021276595704,-2.142795176542034,-1.5084800216873862,1.2560287023524963,6072.57,-4.4967552075207635,-2.8999999999999986,0.1000000000000014,-3.4000000000000057,2.259887005649719,3.5087719298245723,1.0,1.0,1.0,1.0,157.0,671666.7249071647,1.0,1.0,0.0,1.0,2.540866174578131,2.540866174578131,0.0,0.0,-351.3812561392237,1706615.2619062893,0.0592549874185914,0.0592549874185914,0.2830171331597231,39799.60333386057,0.0,0.0,0.0,0.0,-0.9667541557305316,-0.7001765201362087,-0.6649542734212255,61.0,West,0.6001251091448001,0.1165897837173135,0.14514117780261016,-1.2650793825660256,-1.597514683774525,-1.4563660463760164,-1.373788435491669,-0.6405824890867724,4.02065439551361,8.714416633573968,157.0,157.0,603866.2432628261,33063.704063459496,219097.08189812597,67800.48164433858,4.2997487765392695,0.9768173522056056,3.260526184785436,-5.808228798226656,3.5087719298245723,1.7857142857142794,1.7648287385129506,-1.2488849241748534,35.46099290780142,73.73991498221567,143.69946964963015,-8.360721905091392,22140.0,22560.0,22584.666666666668,720.0,hurricane_cat5,municipio,-0.8925543484142711
2021.0,Patillas,16231.0,0.0,13724.0,110.0,8355.0,233.0,17783.0,19997.03235161604,2131.0,270.96791666666667,12052.0,77.6,3575.0,515.9815888,19.6,2364.0,35.0,57.0,102.0,6.7,1.7,49.86,15.24,10695.0,23.95,17.47,24.02,12.08,9.63,100.0,0.0,2.06,0.55,6.9,17.65,0.0,0.0,18.0066,-66.0161,4.0,4.0,12.0,13.0,58.0,17783.0,19997.03235161604,270.96791666666667,72.0,109.0,72109.0,15.2,4.5,30.2,3.1,35.7,3.6,102.0,56.0,54.9,18.0,30.0,4.0,12.0,3.0,35.0,1.0,2.0,0.3929420506446309,0.9963863465173348,0.0,0.0,0.0,79.07165813020433,2.0,35.0,4.8,85.0,3516.0,16.0,1831.297585540868,14247.07453333343,7.8239888485080415,50.0,1.0,2.0,0.9731986056926204,1.7136723003394738,0.0,2.0,60.0,6.4,48.0,10602.0,867.2233099958346,153282.2047241215,-2.169851124103428,-1.8729591522395397,-1.4834946950019745,-1.3911229238068756,-10695.0,-0.2546065691395989,-0.9838187744930992,0.1111601159103898,3.2162263863086324,0.1111601159103898,3.2162263863086324,-0.9838187744930992,0.0,24.644199371572913,24.644199371572913,73.93259811471874,49.28839874314583,73.93259811471874,123.22099685786458,25.178941808663275,-28.532593856832108,0.4813631309501502,-33.396347398760454,126.5746489060334,-1.9965739263984927,-2.336448598130836,-0.8746270812561852,1.5394059351643432,4144.648,0.3768386626780584,0.3999999999999986,-3.6000000000000014,-1.0999999999999943,6.25,-1.0309278350515427,1.0,1.0,1.0,1.0,157.0,176308.27807715713,1.0,1.0,0.0,1.0,3.2162263863086324,3.2162263863086324,0.0,0.0,-154.45954759541658,567047.3360763926,0.1111601159103898,0.1111601159103898,0.7354814838620128,19598.448627018024,0.0,0.0,0.0,0.0,-1.8729591522395397,-1.4834946950019745,-1.3911229238068756,55.0,South,-1.712813547305958,-2.0132037425780624,-1.9645800817071606,0.3216906234990824,-0.4851980679188952,0.0807086206673608,-0.013030624242405272,-0.498620706574204,6.02525198230034,18.883293808676985,157.0,157.0,166619.59738092546,17050.71486403341,66704.22808776131,9688.680696231662,5.74079290080074,-0.2479480140515244,3.837889290220583,-6.615419982056925,-1.0309278350515427,3.1914893617021267,-1.5900438475521141,7.280927835051543,159.4896331738437,98.0731510326526,166.5190896611183,-32.91498426781031,16591.0,16929.0,16951.333333333332,-360.0,hurricane_cat5,municipio,-1.515561366291243
2021.0,Salinas,26208.0,0.0,21891.0,110.0,13068.0,261.0,18563.0,20874.14449435127,1777.0,270.96791666666667,18459.0,76.8,7468.0,715.3048301,19.5,3593.0,146.0,148.0,187.0,8.5,1.9,50.5,4.87,10502.0,24.25,20.17,20.86,25.25,16.73,99.87,0.0,4.03,0.37,4.86,14.85,99.0,0.38,17.9775,-66.2974,7.0,9.0,13.0,24.0,88.0,18563.0,20874.14449435127,270.96791666666667,72.0,123.0,72123.0,4.9,2.1,36.4,3.2,38.3,3.1,187.0,101.0,54.0,33.0,55.0,12.0,31.0,3.0,35.0,1.0,2.0,0.3968941889114433,1.0488896595573844,0.0,0.0,0.0,78.18471264594238,2.0,35.0,4.8,333.0,5452.0,38.0,5185.191002709786,28446.48865819966,1.1325818039453637,50.0,1.0,2.0,0.7238411447875103,1.3540096506912038,0.0,2.0,60.0,6.4,1556.0,12044.0,52831.81172629229,247490.817890682,-5.174035747883354,-1.984126984126988,-1.5593960651779426,-1.457075896827098,-10502.0,-0.1140050808333879,-0.9884887166215888,0.5373466140404948,4.643800577640859,0.5373466140404948,4.643800577640859,-0.9884887166215888,1.0,26.70940170940171,34.34065934065934,49.6031746031746,61.05006105006105,49.6031746031746,110.65323565323564,35.72261333314955,17.039313252859813,-28.03624362749776,-116.85447441403112,57.89130906722629,-1.675619908214454,-1.8300562288268816,0.2217740273110058,0.6961285799247781,7968.324,-1.3880844820263527,0.7999999999999972,-0.8999999999999995,0.5,8.092485549132956,8.805031446540879,1.0,1.0,1.0,1.0,157.0,288640.5764171089,1.0,1.0,0.0,1.0,4.643800577640859,4.643800577640859,1.0,1.0,-155.19272850958944,1340389.2754963608,0.5373466140404948,0.5373466140404948,3.000096882284408,155100.03641243014,0.0,0.0,0.0,0.0,-1.984126984126988,-1.5593960651779426,-1.457075896827098,62.0,South,-2.779331689801501,-2.9575768457829277,-2.8812217118853733,1.3222557929744028,-0.5241721090388591,-0.2049803485440701,-0.12353255733652753,-0.46431660758272963,4.963613781282149,14.231240996516428,157.0,157.0,265170.22633306077,21964.14378749401,101140.00118280202,23470.350084048114,-3.925182298449747,5.791794010913076,1.112442679929371,4.146956325760753,8.805031446540879,-0.6249999999999978,2.72667714884696,-0.7125458974079226,202.7820271087552,216.53337058638633,436.17956511517997,-144.89071804152888,27638.0,28109.0,28126.666666666668,-1430.0,hurricane_cat5,municipio,-1.5583439984674856
2021.0,San Juan,344791.0,0.0,294169.0,410.0,189079.0,981.0,24347.0,27378.268383557093,705.0,270.96791666666667,253731.0,83.6,55109.0,1770.790784,40.0,101422.0,6856.0,695.0,11651.0,9.6,0.5,39.71,16.58,20286.0,16.51,16.87,23.46,19.83,12.72,98.66,0.0,24.15,0.14,2.22,23.26,7577.0,2.2,18.4655,-66.1057,132.0,254.0,399.0,1862.0,3897.0,24347.0,27378.268383557093,270.96791666666667,72.0,127.0,72127.0,16.6,0.8,43.3,0.6,52.0,0.7,11651.0,6811.0,58.5,1115.0,1614.0,2410.0,1570.0,448.0,35.0,0.0,2.0,0.0,0.7483357649808013,0.0,0.0,0.0,129.59909065343885,2.0,35.0,4.8,49.0,2183.0,29.0,1812.853483450194,12897.093777601334,6.608153598404679,45.0,1.0,1.0,0.4598743078345008,0.7402515998611829,0.0,2.0,60.0,6.4,20.0,6049.0,571.6719195527246,98520.46521187056,5.455830042850196,-1.1276396425660806,-0.8929309453579282,-0.8414795487346582,-20286.0,-0.0670365128767507,-4.371896303720464,0.0917554175830319,-0.6860289601767392,0.0917554175830319,-0.6860289601767392,-4.371896303720464,0.0,38.284061938971725,73.66781615529408,115.72227813371,111.9518780942658,115.72227813371,227.6741562279758,-28.129417994162793,-25.582435387805347,-84.9774278435113,-33.97280922282988,281.3860096099439,-2.538245078517176,-2.6517239978410156,-1.6212756363092051,0.6382802442669828,127375.177,5.083488684807147,-0.4000000000000057,0.5,-0.2999999999999971,3.0332507958967136,1.3624955181068543,1.0,1.0,1.0,1.0,157.0,120366.40917440232,1.0,1.0,0.0,1.0,-0.6860289601767392,-0.6860289601767392,0.0,0.0,-686.3877196841129,-82574.84252612315,0.0917554175830319,0.0917554175830319,0.5112177069152369,11044.270136767376,0.0,0.0,0.0,0.0,-1.1276396425660806,-0.8929309453579282,-0.8414795487346582,64.0,Metro,1.1796765192760628,0.5371510946137636,0.5782397483823217,-2.021156068010721,-4.134643979662517,-3.7168379465710393,-3.7119191403458163,-0.23725232405794738,5.002896227720454,15.553671806610446,157.0,157.0,114988.17584342306,23866.486580551675,53981.16462041025,5378.233330979259,2.8157026527632745,0.7204137163468793,1.08908594488006,-4.43697828907248,1.3624955181068543,3.420784277370914,1.4283902549818446,1.6707552777898593,400.3362466762851,540.6174007417167,1260.773950411737,-118.95023706634117,326953.0,335468.0,335675.6666666667,17838.0,hurricane_cat5,municipio,-1.0624010555764796
2021.0,San Lorenzo,37822.0,0.0,32115.0,195.0,16056.0,280.0,19339.0,21746.758626098108,1465.0,270.96791666666667,27675.0,72.3,6983.0,703.651192,18.6,5142.0,123.0,111.0,288.0,6.9,1.4,45.47,8.79,10965.0,28.41,17.79,20.36,14.7,11.0,99.97,0.0,1.72,0.0,4.39,16.82,94.0,0.25,18.1894,-65.9611,7.0,11.0,18.0,45.0,150.0,19339.0,21746.758626098108,270.96791666666667,72.0,129.0,72129.0,8.8,2.8,35.5,2.2,39.0,2.2,288.0,168.0,58.3,33.0,87.0,16.0,44.0,24.0,35.0,1.0,2.0,0.3182258822171976,0.8656194747393621,0.0,0.0,0.0,99.98476854284144,2.0,35.0,4.8,85.0,2028.0,16.0,1852.3396614835017,10153.52388151744,7.933336373116954,45.0,1.0,1.0,0.6944305487562994,1.169242221302877,0.0,2.0,60.0,6.4,36.0,6396.0,697.9584502596304,108028.7127340155,3.378341442081667,-0.7138702342551984,-0.4066753722853478,-0.3457909548728599,-10965.0,-0.4175520881908394,-1.0083518842852284,-0.0110628232588935,2.6742908087078052,-0.0110628232588935,2.6742908087078052,-1.0083518842852284,0.0,18.507746814023584,29.083602136322774,47.59134895034636,47.59134895034636,47.59134895034636,95.18269790069272,9.32534556107177,14.791917473825286,-15.48443333302378,-45.13870177081156,71.06543486579565,-1.674326103899593,-1.7532278932220868,-4.696653182842425,-1.5907934795558851,11400.825,4.172758199995741,-0.1000000000000014,-0.0999999999999996,-0.1000000000000014,5.882352941176472,4.615384615384621,1.0,1.0,1.0,1.0,157.0,125239.07173841784,1.0,1.0,0.0,1.0,2.6742908087078052,2.6742908087078052,0.0,0.0,-158.31124583278086,334925.69844114827,-0.0110628232588935,-0.0110628232588935,-0.0698565603013497,-1385.4977157500034,0.0,0.0,0.0,0.0,-0.7138702342551984,-0.4066753722853478,-0.3457909548728599,65.0,East,0.8393428760526067,0.3063339667197295,0.366923273557566,-1.1851338309254666,-0.8961336505985518,-0.6068519916554905,-0.64783321512247,-0.1122182336866766,5.817167905533463,18.385576764274965,157.0,157.0,119748.27217408818,16702.93095648272,51286.3880762323,5490.79956432966,-1.211952536433647,1.136225280608416,-0.41277372933079187,-3.484700646408778,4.615384615384621,4.8387096774193505,2.3639631894648425,1.2669683257918507,131.688569969631,158.42420721886305,404.28522522892507,-60.62313510383535,36586.0,37209.0,37222.666666666664,1236.0,hurricane_cat5,municipio,-0.6062059226528083
2021.0,San Sebastián,39351.0,0.0,33262.0,197.0,18290.0,250.0,16812.0,18905.1401841854,1346.0,270.96791666666667,28941.0,69.5,7618.0,734.4126905,20.8,6006.0,152.0,107.0,484.0,5.3,1.0,50.65,13.13,10537.0,31.22,17.97,24.49,24.84,10.08,96.94,0.0,2.64,0.32,3.01,11.17,208.0,0.53,18.3372,-66.9905,3.0,1.0,11.0,44.0,91.0,16812.0,18905.1401841854,270.96791666666667,72.0,131.0,72131.0,13.1,2.9,32.7,2.5,37.6,2.5,484.0,300.0,62.0,53.0,139.0,34.0,86.0,31.0,35.0,1.0,2.0,0.3308742982831052,0.8935544612395115,0.0,0.0,0.0,95.7803527853742,2.0,35.0,4.46,4844.0,5559.0,51.0,32478.4075731508,39716.152926856856,4.079922164238948,55.0,1.0,2.0,0.5993117529531558,1.6884851977906514,0.0,2.0,60.0,6.4,8330.0,12140.0,209040.21056114385,288373.98289636365,8.428854844042766,-0.4269268887702959,-0.2327936448964895,-0.2232794592736287,-10537.0,-0.3853584414878074,-1.710409939056048,0.2083194300989129,3.3870005691099525,0.2083194300989129,3.3870005691099525,-1.710409939056048,0.0,7.623694442326752,2.541231480775584,27.95354628853142,10.164925923102336,27.95354628853142,38.11847221163376,-3.6122150446040457,-27.1550175822941,5.695244415982243,-33.79229819814,68.88570483853191,-2.2306034482758585,-2.223158782004009,0.4095639594011269,1.7033924890546004,10876.674,19.00648652386483,2.6000000000000014,-2.4000000000000004,2.0,5.908096280087527,2.237136465324374,1.0,1.0,1.0,1.0,157.0,363516.96922450815,1.0,1.0,0.0,1.0,3.3870005691099525,3.3870005691099525,0.0,0.0,-268.53436043179954,1231232.1816445342,0.2083194300989129,0.2083194300989129,0.9868376717795868,75727.64786013363,0.0,0.0,0.0,0.0,-0.4269268887702959,-0.2327936448964895,-0.2232794592736287,66.0,West,2.574678549669507,1.8192527758733368,1.8657382443654003,-2.7979580089431355,-1.2218257354471378,-0.5619319459174574,-0.5480449806333031,-0.4885842036089103,4.079975730286343,10.406061650772148,157.0,157.0,333473.1540272349,53558.32856179553,137504.70376333638,30043.815197273274,3.040066399300634,1.6605471084620405,1.9973133048237184,-2.630502439899507,2.237136465324374,1.3605442176870763,2.7827581690798247,3.670959814763153,96.98275862068968,142.24001685807607,222.5858486049739,-28.097053782157772,36292.0,37120.0,37125.333333333336,3059.0,hurricane_cat5,municipio,-0.5227741120484619
2021.0,Santa Isabel,20530.0,0.0,17110.0,81.0,9135.0,207.0,20784.0,23371.665095652468,1664.0,270.96791666666667,14294.0,83.9,5515.0,606.3604539,26.8,3824.0,152.0,77.0,182.0,7.8,2.2,46.31,8.39,12308.0,17.56,20.38,17.59,28.46,16.55,100.0,0.0,1.97,0.42,4.06,12.08,5.0,0.02,17.9666,-66.405,9.0,5.0,3.0,31.0,79.0,20784.0,23371.665095652468,270.96791666666667,72.0,133.0,72133.0,8.4,2.6,44.5,2.8,48.9,2.7,182.0,82.0,45.1,37.0,49.0,10.0,24.0,11.0,35.0,1.0,2.0,0.385196455664442,1.0583723218268322,0.0,0.0,0.0,80.86272598128399,2.0,35.0,4.46,2023.0,5476.0,36.0,14966.33425643054,32295.562074948713,2.235287500909959,50.0,1.0,2.0,0.6326888527792415,1.3092726272104762,0.0,2.0,60.0,6.4,7025.0,12043.0,235314.8097459068,305468.99125769234,-4.39601378411102,-1.5733073550901144,-1.141438914710724,-1.0285656060234238,-12308.0,-0.3444911301203416,-1.474019719269403,0.3644522225324417,3.7553012438114486,0.3644522225324417,3.7553012438114486,-1.474019719269403,1.0,43.83828543594739,24.354603019970774,14.612761811982466,68.19288845591817,14.612761811982466,82.80565026790063,12.311357301964549,-22.64159229065328,5.323090192423997,-4.111643047706671,93.13588525658936,-1.3007307992829895,-1.4003444212816074,-0.725185952211449,3.0984406847287467,7613.95,-6.300225205823362,-1.5,1.9000000000000004,-0.3999999999999986,7.058823529411762,0.0,1.0,1.0,1.0,1.0,157.0,350550.6320658756,1.0,1.0,0.0,1.0,3.7553012438114486,3.7553012438114486,1.0,1.0,-231.42109592529624,1316423.224615872,0.3644522225324417,0.3644522225324417,1.944636876762623,127758.95696656058,0.0,0.0,0.0,0.0,-1.5733073550901144,-1.141438914710724,-1.0285656060234238,67.0,South,-2.238424906444436,-2.433451158984501,-2.3494033979294247,1.2098593004210123,-1.0444761842309658,-0.904686890978317,-0.7693804326829182,-0.4295435350384371,4.717243373383254,12.97899365154132,157.0,157.0,323778.36515553517,22425.466149580687,120768.13139703288,26772.266910340404,-0.3756827304746135,10.396190736872304,4.141002235896605,-0.3495032217368355,0.0,6.25,1.8762939958592126,7.058823529411762,91.92443811187204,122.36019215082028,371.02034950172805,1.2114471447173258,21474.0,21757.0,21765.666666666668,-944.0,hurricane_cat5,municipio,-1.1774319177421515
2021.0,Toa Alta,67602.0,0.0,56644.0,195.0,26328.0,277.0,28098.0,31596.27818791585,2014.0,270.96791666666667,47853.0,83.4,12588.0,1046.83332,26.9,12886.0,430.0,232.0,386.0,6.5,1.0,32.39,10.1,15038.0,16.99,19.07,15.33,14.17,13.29,99.16,0.0,2.83,0.45,3.11,6.95,332.0,0.49,18.3883,-66.2485,7.0,9.0,33.0,97.0,197.0,28098.0,31596.27818791585,270.96791666666667,72.0,135.0,72135.0,10.1,1.8,45.3,1.8,50.5,1.9,386.0,231.0,59.8,35.0,96.0,36.0,44.0,38.0,35.0,0.0,2.0,0.0,0.7945402099718818,0.0,0.0,0.0,122.02991840931276,2.0,35.0,4.2,68.0,5013.0,32.0,2383.925403343558,20600.13517412088,4.0533602222130005,45.0,1.0,1.0,0.4739704065067507,0.788131193143918,0.0,2.0,60.0,6.4,32.0,11913.0,743.1543345630399,178857.39725517924,-6.691511387163562,-1.3357592970622223,-0.7915711362055933,-0.6361697364268393,-15038.0,-0.8310126339977264,-2.7272669829100544,-0.2715304876051966,1.510806646345063,-0.2715304876051966,1.510806646345063,-2.7272669829100544,0.0,10.354723233040444,13.313215585337714,48.81512381290494,23.66793881837816,48.81512381290494,72.4830626312831,1.5837428211386817,3.2664695685985237,-25.950498776585732,-31.30685739381391,67.6328502415459,-0.5681818181818232,-0.7370070158708497,-2.837798858316476,-3.3641795191893844,25659.731999999996,-6.30566536780961,-0.1000000000000014,-0.200000000000001,-0.2000000000000028,3.208556149732611,9.6774193548387,1.0,1.0,1.0,1.0,157.0,210601.4581403478,1.0,1.0,0.0,1.0,1.510806646345063,1.510806646345063,0.0,0.0,-428.18091631687855,318178.082688399,-0.2715304876051966,-0.2715304876051966,-1.4414895397823586,-57184.71661921403,0.0,0.0,0.0,0.0,-1.3357592970622223,-0.7915711362055933,-0.6361697364268393,68.0,Metro,-2.798544925689783,-2.903828820371235,-2.8033954801763037,2.162375189262944,-2.5867098865575406,-2.3447380110997047,-2.311887497469557,-0.1405570963525138,4.709451825392184,15.162030249606335,157.0,157.0,197570.59586472588,26758.131274953907,82805.28506465179,13030.862275621912,-5.375089343343708,-1.8796503559079691,-4.099076353941689,2.537290485027232,9.6774193548387,12.171052631578938,7.840237596364408,-6.468863205106088,124.89020641194554,168.92582249165588,329.39206877874045,-57.257356170399646,72450.0,72864.0,72906.33333333333,-4848.0,hurricane_cat5,municipio,-0.8116153229833631
2021.0,Toa Baja,76248.0,0.0,64421.0,214.0,34889.0,335.0,26587.0,29897.154537053124,1297.0,270.96791666666667,55064.0,81.9,14398.0,827.8629114,27.6,15221.0,438.0,121.0,777.0,7.2,0.9,35.64,13.41,14621.0,18.53,18.11,20.38,23.63,12.06,99.19,0.0,5.1,0.58,4.06,8.6,428.0,0.56,18.4438,-66.2591,9.0,35.0,60.0,253.0,526.0,26587.0,29897.154537053124,270.96791666666667,72.0,137.0,72137.0,13.4,1.6,44.4,1.5,51.5,1.4,777.0,422.0,54.3,87.0,150.0,52.0,88.0,56.0,35.0,0.0,2.0,0.0,0.7702535404751061,0.0,0.0,0.0,128.29438441783714,2.0,35.0,4.2,50.0,4885.0,34.0,2156.626045727432,20105.689129582806,2.1232094906196353,45.0,1.0,1.0,0.4455356555183339,0.7561991602952567,0.0,2.0,60.0,6.4,28.0,11765.0,687.2584219223395,171194.12667893124,0.3157562361856714,-1.8282446752701744,-1.4938193211314954,-1.4230324857064658,-14621.0,-0.5544358634526959,-3.1360583434574147,-0.2499420243803554,1.060909789943557,-0.2499420243803554,1.060909789943557,-3.1360583434574147,0.0,11.803588290840416,45.90284335326828,78.69058860560277,57.7064316441087,78.69058860560277,136.39702024971146,-0.1822116565964862,-34.455396027593736,-68.05917831605359,-37.220292194974675,171.03462793390167,-2.315897699524483,-2.4032310664024337,1.2298558556615102,-0.3449814180322826,28602.924,5.143583515171479,1.6000000000000014,-1.0,1.2999999999999972,4.1554959785522705,-0.1338688085676054,1.0,1.0,1.0,1.0,157.0,202441.5456492089,1.0,1.0,0.0,1.0,1.060909789943557,1.060909789943557,0.0,0.0,-492.3611599228141,214772.2176705512,-0.2499420243803554,-0.2499420243803554,-1.310352593728372,-50598.649738251406,0.0,0.0,0.0,0.0,-1.8282446752701744,-1.4938193211314954,-1.4230324857064658,69.0,Metro,-0.8942838083355609,-1.2827157657801846,-1.2176066691193643,-0.5287486773709049,-2.5904207162035555,-2.1590977166118517,-2.1670331765047623,-0.5456376272538592,4.66265123823894,15.195554704008218,157.0,157.0,190330.08363669468,27521.64122702068,80927.08907828416,12111.46201251424,-1.296442774273554,-0.968357335484804,-1.1302976880236255,2.5262986299350643,-0.1338688085676054,3.0344827586206824,0.20316960958642513,4.289364787119876,276.31409844493,298.52243935479015,791.4941563538491,-105.27947051102831,76008.0,77810.0,77848.0,240.0,hurricane_cat5,municipio,-1.55776535669942
2021.0,San Germán,32031.0,0.0,27243.0,144.0,15712.0,217.0,16492.0,18545.299305114535,1707.0,270.96791666666667,23079.0,71.0,7842.0,661.3017466,21.9,5064.0,293.0,129.0,336.0,4.6,1.2,49.95,7.34,10625.0,29.89,17.63,25.83,11.45,8.5,99.02,0.0,4.67,0.05,4.32,17.12,559.0,1.75,18.0816,-67.04,3.0,4.0,9.0,18.0,68.0,16492.0,18545.299305114535,270.96791666666667,72.0,125.0,72125.0,7.3,2.4,26.7,2.8,28.8,2.9,336.0,201.0,59.8,35.0,75.0,23.0,110.0,7.0,35.0,1.0,2.0,0.4222806472254481,1.069801627588422,1.0,0.0,0.0,72.8832678692806,2.0,35.0,4.46,5320.0,5487.0,40.0,68499.77306797661,71011.44931717182,0.1209646598526214,55.0,1.0,2.0,0.8475142607956232,2.029927486351018,0.0,2.0,60.0,6.4,11902.0,12065.0,476194.7837544848,478189.0798532879,3.9596248093213497,-1.0958134307389678,-0.8103137307310715,-0.7612991480766773,-10625.0,-0.2488910912564031,-1.7239033591935564,-0.0164727452732629,1.74540349783618,-0.0164727452732629,1.74540349783618,-1.7239033591935564,0.0,9.365926758452748,12.487902344603668,28.097780275358247,21.853829103056412,28.097780275358247,49.95160937841466,2.380264467049791,-4.358160784652789,-9.150568688845487,-27.97278484801009,51.92950569601766,-2.0068697919979672,-2.092545307342597,-4.867981171753111,-0.6616686591176202,7273.881,-0.5811056999777464,-1.400000000000002,-0.2000000000000001,-1.599999999999998,1.5105740181268867,1.5337423312883347,1.0,1.0,1.0,1.0,157.0,566764.8122590071,1.0,1.0,0.0,1.0,1.74540349783618,1.74540349783618,0.0,0.0,-270.65282739338835,989233.2857673368,-0.0164727452732629,-0.0164727452732629,-0.0743849875306905,-9336.172382191313,0.0,0.0,0.0,0.0,-1.0958134307389678,-0.8103137307310715,-0.7612991480766773,63.0,West,0.754838733925367,0.2516824624544167,0.30676515001742216,-1.5161378820020444,-1.4804167413488227,-1.2833289884618984,-1.2065396144593186,-0.2434866178447337,3.739132688754056,8.185114204118438,157.0,157.0,504459.08207394625,31903.47694685108,185818.6855103531,62305.73018506088,-0.7881310901789784,3.6711062845792286,1.4290301063555961,-4.079850081574133,1.5337423312883347,0.9287925696594534,0.11377425991188798,-0.023168313161447962,89.05285923287323,84.07548109858628,125.51566268428901,-37.123353536855575,30811.0,31442.0,31455.666666666668,1220.0,hurricane_cat5,municipio,-0.9826501791421447
2021.0,Orocovis,21510.0,0.0,17835.0,72.0,8971.0,144.0,15637.0,17583.849456347078,1796.0,270.96791666666667,15163.0,70.2,4706.0,428.9242357,17.8,2705.0,34.0,43.0,196.0,4.5,1.7,55.84,24.26,8911.0,31.0,20.01,18.86,22.1,14.75,99.45,0.0,0.28,0.0,6.88,16.3,169.0,0.79,18.2269,-66.4411,2.0,1.0,15.0,19.0,67.0,15637.0,17583.849456347078,270.96791666666667,72.0,107.0,72107.0,24.3,4.1,27.4,2.8,36.2,3.1,196.0,122.0,62.2,27.0,51.0,10.0,26.0,28.0,35.0,0.0,2.0,0.0,0.8891110892139831,0.0,0.0,0.0,109.21244847836456,2.0,35.0,4.46,835.0,5535.0,42.0,7536.369967520485,30512.60911263736,4.387353296607884,50.0,1.0,2.0,0.4896372052765048,1.124654581277323,0.0,2.0,60.0,6.4,2955.0,12076.0,129180.46714698046,264441.57756236475,4.376940993788825,-0.6136680613668011,-0.3702810773407394,-0.3124583162969485,-8911.0,0.0575343781956919,0.6836977272160674,0.5442106942680207,5.091653827771492,0.5442106942680207,5.091653827771492,0.6836977272160674,1.0,9.298000929800091,4.6490004649000465,69.73500697350069,13.94700139470014,69.73500697350069,83.68200836820083,4.242032450600762,-41.87213588364216,-14.124980536407726,-21.840574233696927,121.31211180124222,-1.7824802211419355,-1.9853319007801185,-5.485404459927579,3.080165234170784,4886.789999999999,3.52403589495891,-0.4000000000000021,-1.1999999999999993,-1.0999999999999943,2.617801047120416,9.770114942528728,1.0,1.0,1.0,1.0,157.0,306813.5754098132,1.0,1.0,0.0,1.0,5.091653827771492,5.091653827771492,1.0,1.0,107.34054317292258,1562188.5156476328,0.5442106942680207,0.5442106942680207,2.6275183817655874,166971.22888462816,0.0,0.0,0.0,0.0,-0.6136680613668011,-0.3702810773407394,-0.3124583162969485,54.0,Central Mountains,1.187637976468814,0.6251938472239704,0.6576529849912899,-1.5000962927657626,1.0069689016691448,1.4047862361444274,1.4419358396881448,-0.3232711744530774,4.167118239124357,12.711863302735315,157.0,157.0,283494.83482465096,25179.48374682406,109865.49673604064,23318.740585162246,3.380513295708365,11.345386866731566,1.8912021938724468,-8.865917755635945,9.770114942528728,4.819277108433728,6.999882820406288,-7.152313895408312,157.27766657134688,210.2116130237773,270.0967795552328,-35.96555477010466,20608.0,20982.0,20999.0,902.0,hurricane_cat5,municipio,-0.5815102527383562
2021.0,Naranjito,29200.0,0.0,24691.0,76.0,10391.0,288.0,19156.0,21540.974623379458,2194.0,270.96791666666667,20993.0,71.3,5075.0,808.1986142,17.9,3766.0,52.0,76.0,330.0,6.1,2.3,45.41,16.94,10818.0,29.57,18.83,21.14,28.34,10.8,100.0,0.0,0.37,0.0,5.34,16.96,76.0,0.26,18.3008,-66.2447,8.0,8.0,13.0,65.0,141.0,19156.0,21540.974623379458,270.96791666666667,72.0,105.0,72105.0,16.9,5.4,31.0,3.8,37.5,3.2,330.0,198.0,60.0,29.0,85.0,15.0,41.0,58.0,35.0,0.0,2.0,0.0,0.8370990488449861,0.0,0.0,0.0,112.33336996188623,2.0,35.0,4.8,84.0,5379.0,39.0,2302.137124985856,23918.739985009008,5.9856023875415065,45.0,1.0,1.0,0.522623581602863,0.8440872169199676,0.0,2.0,60.0,6.4,50.0,12043.0,989.704361057229,192171.533901126,5.342905588224678,-0.1609589041095871,0.0787361263996588,0.1254134252311356,-10818.0,-0.2040875296910536,-0.8362959175264509,-0.0591429398049796,3.1443096321257555,-0.0591429398049796,3.1443096321257555,-0.8362959175264509,0.0,27.3972602739726,27.3972602739726,44.52054794520548,54.7945205479452,44.52054794520548,99.31506849315068,-6.535253253418482,-38.45502837428656,-6.257021873081399,-23.740416850684397,144.3053501208557,-1.3979795105293125,-1.558286934902131,-2.5469495499788164,-2.7985774585797247,7654.21,6.046596044767227,-0.3000000000000007,-1.3000000000000007,-0.7999999999999972,7.14285714285714,2.3255813953488413,1.0,1.0,1.0,1.0,157.0,226745.31874093143,1.0,1.0,0.0,1.0,3.1443096321257555,3.1443096321257555,0.0,0.0,-131.2984590516528,712957.4897565354,-0.0591429398049796,-0.0591429398049796,-0.3078983385724915,-13410.384737355842,0.0,0.0,0.0,0.0,-0.1609589041095871,0.0787361263996588,0.1254134252311356,53.0,Central Mountains,1.8035616767995144,1.2194180748936967,1.2559872270218857,-1.6781482515683788,-0.5511383931125727,-0.1440206510450083,-0.2426689923419132,-0.2851575244138782,4.57315352955552,17.322625625130513,157.0,157.0,209892.53437901437,24427.75170562757,85451.7143645771,16852.78436191706,-1.7866079690539771,-4.062174856706379,-0.4687544050951655,-0.7603415809248393,2.3255813953488413,3.436426116838498,2.385245245061289,4.817275747508298,174.30278884462152,203.10256679623208,444.1126764841135,-29.99743872376581,27719.0,28112.0,28129.333333333332,1481.0,hurricane_cat5,municipio,-0.19329498337901518
2021.0,Naguabo,23722.0,0.0,19509.0,173.0,11270.0,247.0,18412.0,20704.344579539706,1735.0,270.96791666666667,16546.0,76.8,6317.0,788.6000254,22.1,3652.0,65.0,72.0,159.0,8.0,2.1,50.4,15.04,9609.0,24.25,20.68,19.37,7.42,14.78,99.34,0.0,5.93,0.0,6.46,10.8,48.0,0.2,18.2119,-65.735,3.0,11.0,12.0,25.0,87.0,18412.0,20704.344579539706,270.96791666666667,72.0,103.0,72103.0,15.0,5.6,32.0,3.6,37.6,3.3,159.0,101.0,63.5,26.0,39.0,7.0,20.0,23.0,35.0,0.0,2.0,0.0,0.6500941615427556,0.0,0.0,0.0,108.515821749422,2.0,35.0,4.8,63.0,234.0,20.0,2777.896814921613,6254.394973257996,14.070346725363796,45.0,1.0,1.0,0.6471427128383721,1.1098194629352058,0.0,2.0,60.0,4.3,37.0,222.0,1028.9008536767565,3249.4154954360192,-8.518761328140068,-1.610319534609228,-1.0957086455473997,-0.947601603901127,-9609.0,-0.290380610760481,-0.3808497234356479,0.1319662327619611,2.9751776197907995,0.1319662327619611,2.9751776197907995,-0.3808497234356479,0.0,12.646488491695472,46.3704578028834,50.58595396678189,59.01694629457887,50.58595396678189,109.60290026136076,24.30945333248717,8.165684790892023,11.69694646161232,-18.94118815872183,77.12776213798156,-0.552253116011503,-0.727175816645087,-8.505044001730045,-4.064981929821087,6242.88,-7.074846599101758,0.3000000000000007,-2.1999999999999993,-0.6999999999999957,3.9215686274509887,11.678832116788328,1.0,1.0,1.0,1.0,157.0,14794.391215825097,1.0,1.0,0.0,1.0,2.9751776197907995,2.9751776197907995,0.0,0.0,-59.793406579396716,44015.94164375243,0.1319662327619611,0.1319662327619611,0.94148051163072,1952.3600747590872,0.0,0.0,0.0,0.0,-1.610319534609228,-1.0957086455473997,-0.947601603901127,52.0,East,-3.634679713393985,-3.626230755973836,-3.5332166806309764,2.687078109492858,-0.0822543450659296,0.1890335570333697,0.1720226916206945,-0.2985953783697183,6.8383328228411004,17.33817135446056,157.0,157.0,12905.446935718188,14190.787387958964,14659.629273299854,1888.944280106909,-2.294586940666532,-1.3953148470666863,-1.3719932506072876,-6.210457061063513,11.678832116788328,7.03125,4.508298977201049,-7.75726348933734,84.37200383509108,277.92583568110865,341.4500672798006,-7.244241697109516,25931.0,26075.0,26090.666666666668,-2209.0,hurricane_cat5,municipio,-1.0813150822423496
2021.0,Isabela,42985.0,0.0,36597.0,189.0,20069.0,335.0,17123.0,19254.86053853239,1374.0,270.96791666666667,31652.0,73.9,9249.0,893.174675,24.6,7796.0,163.0,117.0,481.0,5.9,1.4,50.52,8.78,10745.0,26.53,17.37,20.95,22.68,11.01,99.3,0.0,3.55,0.4,1.93,12.87,334.0,0.78,18.5011,-67.0247,4.0,5.0,17.0,67.0,146.0,17123.0,19254.86053853239,270.96791666666667,72.0,71.0,72071.0,8.8,2.6,32.3,2.5,35.4,2.3,481.0,304.0,63.2,78.0,120.0,48.0,82.0,24.0,35.0,0.0,2.0,0.0,0.8104388126144908,0.0,0.0,0.0,107.8520611201437,2.0,35.0,4.46,167.0,5601.0,60.0,3985.102264259785,32753.73527873627,6.814595939309505,55.0,1.0,2.0,0.5130454004194643,1.3116258507245782,0.0,2.0,60.0,6.4,82.0,12205.0,1534.7335086927972,217022.19487505648,4.627105442508039,-0.3908340118646047,-0.1245395721606201,-0.0737234474897485,-10745.0,-0.3527882209423433,-1.7529672066397128,0.0168554530584843,2.70669111207859,0.0168554530584843,2.70669111207859,-1.7529672066397128,0.0,9.305571711062,11.6319646388275,39.54867977201349,20.9375363498895,39.54867977201349,60.48621612190299,18.50349876834924,-31.038410092654026,-23.94043193197066,-128.42027101000582,73.02112744620777,-1.4937540460833951,-1.6808109382366765,-3.756129858959056,-1.7571704955218537,11820.830999999998,5.681709069588914,0.0999999999999943,-2.0,-0.8000000000000043,6.181015452538641,3.1890660592255093,1.0,1.0,1.0,1.0,157.0,293708.2427101162,1.0,1.0,0.0,1.0,2.70669111207859,2.70669111207859,0.0,0.0,-275.21585144243494,794977.4900876929,0.0168554530584843,0.0168554530584843,0.0638297665482195,4950.5854978902935,0.0,0.0,0.0,0.0,-0.3908340118646047,-0.1245395721606201,-0.0737234474897485,36.0,West,1.4348675525043486,0.87938539241732,0.9187564169396071,-1.5085909999940972,-1.2538795141686765,-0.7361238454855031,-0.8315427239460087,-0.49908769247103635,3.1872969687530404,12.14139005844216,157.0,157.0,271253.175219324,63392.939590765105,120868.09967133294,22455.067490792193,1.485404320420014,-3.0007859480265187,-0.4719794604799765,-5.2415341793790695,3.1890660592255093,4.275534441805218,1.489736265320533,2.9919493933131314,225.38183038818423,280.52805280528054,322.55145126780974,-152.36070294197646,41084.0,41707.0,41737.0,1901.0,hurricane_cat5,municipio,-0.36842149164571825
2021.0,Jayuya,14877.0,0.0,12182.0,107.0,6177.0,171.0,16780.0,18869.15609627831,2300.0,270.96791666666667,10377.0,79.5,3787.0,457.770685,20.9,2167.0,35.0,54.0,106.0,5.6,1.8,56.93,18.78,7859.0,21.92,20.76,18.87,24.56,16.45,98.77,0.0,2.44,0.52,4.28,15.79,37.0,0.25,18.2186,-66.5916,1.0,1.0,6.0,24.0,48.0,16780.0,18869.15609627831,270.96791666666667,72.0,73.0,72073.0,18.8,6.4,28.6,4.1,35.2,4.3,106.0,61.0,57.5,20.0,35.0,7.0,12.0,8.0,35.0,0.0,2.0,0.0,0.9003474110092287,0.0,0.0,0.0,114.6443996270144,2.0,35.0,4.46,3677.0,5534.0,43.0,23517.890956634543,37406.292392069125,11.074220803817996,50.0,1.0,2.0,0.8752238011528256,1.137317713054756,0.0,2.0,60.0,6.4,9852.0,12086.0,297610.40059209766,333700.4948828338,4.480651731160901,-1.0149895812327725,-0.7556953314618253,-0.7017379191085582,-7859.0,-0.0068007166430071,0.1719622146130784,0.4053724383755785,4.243251528687399,0.4053724383755785,4.243251528687399,0.1719622146130784,1.0,6.7217853061773205,6.7217853061773205,40.33071183706392,13.44357061235464,40.33071183706392,53.77428244941856,-0.6023595793723064,-22.875974025707336,-20.344330486448996,-46.842148307391746,77.2526160544982,-2.063415640690558,-2.4620958003488513,0.168344332876269,0.3991332545895787,3484.0520000000006,4.949891994195932,-0.0999999999999978,4.300000000000001,1.6000000000000014,10.416666666666677,3.2258064516129004,1.0,1.0,1.0,1.0,157.0,384710.0758022709,1.0,1.0,0.0,1.0,4.243251528687399,4.243251528687399,1.0,1.0,26.998067694253308,1632421.617249431,0.4053724383755785,0.4053724383755785,1.73092459251456,155950.86149562022,0.0,0.0,0.0,0.0,-1.0149895812327725,-0.7556953314618253,-0.7017379191085582,37.0,Central Mountains,0.9599251362559124,0.4269068286005151,0.4406463399871681,-1.6616630553644707,0.5244596970351711,0.8050120275449154,0.8166993538683397,-0.3524974824220928,3.610088111253285,10.91114233810448,157.0,157.0,355240.86144465464,27871.21650976183,134640.13437082502,29469.214357616263,6.732668726572033,-5.703613295679566,-0.848644323628335,-6.564324393695764,3.2258064516129004,4.494382022471921,2.203025787657905,7.190860215053776,144.43909484833895,221.387360794311,333.3125730963722,-67.18647879384075,14239.0,14539.0,14561.333333333334,638.0,hurricane_cat5,municipio,-0.9317981675140166
2021.0,Juncos,37290.0,0.0,30775.0,195.0,15791.0,290.0,22283.0,25057.294713550036,2211.0,270.96791666666667,26251.0,75.9,7087.0,871.6220511,21.4,5618.0,82.0,79.0,263.0,9.9,2.1,39.96,16.37,12112.0,24.65,19.85,17.09,23.21,17.99,99.77,0.0,5.12,0.72,3.13,9.74,211.0,0.57,18.2275,-65.9211,4.0,13.0,16.0,45.0,122.0,22283.0,25057.294713550036,270.96791666666667,72.0,77.0,72077.0,16.4,3.2,40.9,2.5,48.9,2.5,263.0,146.0,55.5,24.0,51.0,16.0,64.0,28.0,35.0,0.0,2.0,0.0,0.8383363063358982,0.0,0.0,0.0,104.85873378129554,2.0,35.0,4.8,77.0,923.0,18.0,1731.403723920222,8261.292749701695,9.443746881537056,45.0,1.0,1.0,0.6550431074284894,1.1235762819941957,0.0,2.0,60.0,6.4,33.0,3331.0,723.3395297662108,69781.00517652484,-3.0698448181747273,-0.9707696433360112,-0.5310426407098889,-0.4137953605785172,-12112.0,-0.2149199922587825,-1.3987320880898173,-0.0567043982487405,2.292540268412494,-0.0567043982487405,2.292540268412494,-1.3987320880898173,0.0,10.726736390453205,34.86189326897291,42.90694556181282,45.58862965942612,42.90694556181282,88.49557522123894,1.3995001852767572,-11.679626141548155,-17.698441438692306,-9.879647997515775,98.77570117751034,-0.7968024755028336,-0.8893886730729883,4.604216503096903,2.877324060441011,12586.975,-0.0749260920549499,1.1999999999999955,-3.400000000000002,-0.6000000000000014,2.734375,5.785123966942152,1.0,1.0,1.0,1.0,157.0,83619.52726164898,1.0,1.0,0.0,1.0,2.292540268412494,2.292540268412494,0.0,0.0,-219.60093783010132,191701.1334729466,-0.0567043982487405,-0.0567043982487405,-0.3524881856627146,-4741.594975215964,0.0,0.0,0.0,0.0,-0.9707696433360112,-0.5310426407098889,-0.4137953605785172,39.0,East,-1.3846138163101984,-1.617921374778042,-1.5311714094758548,0.9708184557316812,-0.6229541308846461,-0.0762089817558076,-0.07480154533404293,-0.7757779572051712,5.737857254926798,17.678761046473618,157.0,157.0,80063.42657574566,15319.40378272004,37650.24163628459,3556.1006859033223,2.515594844513136,1.5121608337129944,1.3144581725482236,2.088621658583767,5.785123966942152,3.418803418803429,1.7018555766692904,-3.0507489669421517,126.35379061371842,184.01144960130853,395.61707886272944,-27.578089436208074,38471.0,38780.0,38793.0,-1181.0,hurricane_cat5,municipio,-0.6322028259153654
2021.0,Lajas,23407.0,0.0,19984.0,162.0,12039.0,189.0,15593.0,17534.371335474832,1764.0,270.96791666666667,16972.0,67.1,4795.0,659.8825653,16.5,2799.0,120.0,98.0,178.0,5.3,1.7,59.77,21.53,8538.0,33.83,16.85,25.56,24.01,7.6,98.71,0.0,3.41,2.38,3.66,15.51,41.0,0.18,18.0497,-67.0594,0.0,3.0,15.0,16.0,44.0,15593.0,17534.371335474832,270.96791666666667,72.0,79.0,72079.0,21.5,4.8,30.4,3.8,38.8,4.1,178.0,103.0,57.9,30.0,46.0,10.0,25.0,14.0,35.0,1.0,2.0,0.4420644648129886,1.099801273553557,1.0,0.0,0.0,69.17397299691672,2.0,35.0,4.46,5318.0,5481.0,40.0,75303.20844351078,77661.10331704785,0.2687459393754776,55.0,1.0,2.0,0.9057177463746412,2.100849759004308,0.0,2.0,60.0,6.4,11892.0,12058.0,488531.55923920975,490493.4193338301,4.537537403421021,-0.8758063827060236,-0.5870179475769399,-0.532587514885452,-8538.0,0.1520457987161066,-0.6551794146228569,0.1765882829157794,2.633240726328969,0.1765882829157794,2.633240726328969,-0.6551794146228569,0.0,0.0,12.816678771307728,64.08339385653863,12.816678771307728,64.08339385653863,76.90007262784636,-0.5815615931244089,23.88867276324222,13.398240364432136,-21.114672381632424,53.59296145772855,-1.944383621633461,-2.0587604546429383,3.1650294964949977,1.6840828201781233,6075.1359999999995,9.242637300985043,1.1999999999999993,2.0,2.5999999999999943,1.7142857142857126,0.5747126436781658,1.0,1.0,1.0,1.0,157.0,585305.4874849718,1.0,1.0,0.0,1.0,2.633240726328969,2.633240726328969,0.0,0.0,-102.86316809578854,1541250.2469892583,0.1765882829157794,0.1765882829157794,0.7792322217842012,103358.0910161544,0.0,0.0,0.0,0.0,-0.8758063827060236,-0.5870179475769399,-0.532587514885452,40.0,West,1.092628629464909,0.5328826361535199,0.5856235184564277,-1.625216144350361,-0.4490358979711728,0.2699423705807996,0.08912015204774744,-0.20614351665168407,3.615438970204618,7.825852347869365,157.0,157.0,516114.73466964095,31096.32194364034,189245.50187260998,69190.75281533081,1.917717540891517,-0.0304985768521448,-0.5134770624722044,1.2473119556034806,0.5747126436781658,5.454545454545445,2.627036650025157,1.1395730706075469,61.30939347492884,132.9616126956895,173.57548445757587,-7.71643201720029,22391.0,22835.0,22847.0,1016.0,hurricane_cat5,municipio,-0.7801344621815267
2021.0,Lares,28092.0,0.0,23844.0,113.0,12360.0,213.0,17629.0,19823.85892856319,1237.0,270.96791666666667,20656.0,67.1,4863.0,646.1362086,21.0,4338.0,59.0,49.0,206.0,6.6,2.0,56.09,11.83,9079.0,33.68,17.83,22.02,19.15,9.44,99.63,0.0,2.46,0.34,3.18,14.14,258.0,0.92,18.2947,-66.8771,0.0,1.0,17.0,38.0,95.0,17629.0,19823.85892856319,270.96791666666667,72.0,81.0,72081.0,11.8,2.9,32.7,2.4,37.0,2.4,206.0,124.0,60.2,28.0,67.0,14.0,35.0,9.0,35.0,0.0,2.0,0.0,0.8985482082484237,0.0,0.0,0.0,101.0809069123098,2.0,35.0,4.46,5209.0,5559.0,49.0,38075.249359598194,42714.49561734966,8.792980043850918,55.0,1.0,2.0,0.5584929649342085,1.443600833211986,0.0,2.0,60.0,6.4,11081.0,12120.0,311873.1224445732,332366.1496271846,12.615754660252554,-0.3630926954293012,-0.2637680587457169,-0.282013420402849,-9079.0,-0.174358722690956,-0.7201338135835667,0.2731340284595092,3.7934756634171314,0.2731340284595092,3.7934756634171314,-0.7201338135835667,1.0,0.0,3.559732308130429,60.51544923821729,3.559732308130429,60.51544923821729,64.07518154634772,-4.45790649724139,-23.669758218186793,0.234326227538693,-63.697731522425315,92.2028462617759,-2.9226338729763435,-2.8543344297002005,-5.8461902796569376e-05,4.094553227276643,7796.988,16.473522287527366,0.8000000000000043,-2.1999999999999993,-0.1000000000000014,4.5685279187817285,0.0,1.0,1.0,1.0,1.0,157.0,406983.3368786081,1.0,1.0,0.0,1.0,3.7934756634171314,3.7934756634171314,1.0,1.0,-113.06100873261997,1543881.3838652957,0.2731340284595092,0.2731340284595092,1.2576066726259068,111160.99831754775,0.0,0.0,0.0,0.0,-0.3630926954293012,-0.2637680587457169,-0.282013420402849,41.0,Central Mountains,3.8568201638490502,2.8914114740491437,2.924952275965076,-4.138833584251899,-0.2739256816426394,-0.0262720048452499,0.08938201419094015,-0.44620813194092723,3.9473106223971177,10.31357789427999,157.0,157.0,373528.9410545323,48914.63926077981,148863.3194851375,33454.39582407579,0.6085403814632295,11.675177762269495,7.666629320286091,-0.6085988433660261,0.0,10.67415730337078,2.8254517018561933,4.5685279187817285,155.66625155666253,189.0287701788212,273.506493037531,-63.46340529488663,24945.0,25696.0,25697.333333333332,3147.0,hurricane_cat5,municipio,-0.5968391826429238
2021.0,Las Marías,8896.0,0.0,7432.0,44.0,3954.0,121.0,15353.0,17264.49067617169,3090.0,270.96791666666667,6187.0,63.4,2106.0,310.1902642,18.1,1118.0,36.0,39.0,57.0,3.0,1.8,49.41,6.84,8026.0,39.08,19.5,23.38,11.41,7.31,99.67,0.0,2.15,0.1,9.5,14.43,105.0,1.18,18.2514,-66.9922,2.0,1.0,3.0,7.0,18.0,15353.0,17264.49067617169,270.96791666666667,72.0,83.0,72083.0,6.8,6.4,31.2,4.9,33.4,4.8,57.0,37.0,64.9,5.0,18.0,,11.0,6.0,35.0,1.0,2.0,0.3541221583380607,0.9446175259391192,0.0,0.0,0.0,88.83595018244367,2.0,35.0,4.46,5288.0,5537.0,47.0,42925.547026250555,46520.62242872569,2.657540034724596,55.0,1.0,2.0,0.6600096878190047,1.779498286526476,0.0,2.0,60.0,6.4,11473.0,12099.0,329632.9106063058,343225.71043187444,9.408436846636326,-0.7868705035971257,-0.5975587636751878,-0.5728193190779884,-8026.0,-0.162770051003971,-0.2489494542114682,0.2146345469376643,3.985550226285613,0.2146345469376643,3.985550226285613,-0.2489494542114682,1.0,22.48201438848921,11.241007194244604,33.723021582733814,33.723021582733814,33.723021582733814,67.44604316546763,21.42441132569286,-52.36725021655287,-23.54368364976908,-45.331472525683466,98.38888205632765,-2.855436081242535,-2.6631003605070314,-0.6655840086099984,1.9451217579859017,2318.784,5.931917669664477,-1.5000000000000036,0.7000000000000002,-1.3999999999999986,11.764705882352944,6.25,1.0,1.0,1.0,1.0,157.0,422078.733041504,1.0,1.0,0.0,1.0,3.985550226285613,3.985550226285613,1.0,1.0,-39.085064311200505,1682215.989983911,0.2146345469376643,0.2146345469376643,0.8977746820244178,90592.67763838657,0.0,0.0,0.0,0.0,-0.7868705035971257,-0.5975587636751878,-0.5728193190779884,42.0,West,2.6317272590567375,1.78399395365898,1.8513372202395129,-3.204546578134726,-0.0502902860421432,0.8853755487247109,0.7672598137193417,-0.198659168169325,3.4908264103991433,9.113802503109472,157.0,157.0,385361.08452247747,49420.88109900817,153037.18668956062,36717.64851902652,3.1644358436328845,3.3365134389348183,-0.8157017331230682,-3.830019852242883,6.25,2.127659574468077,1.4320089738022828,5.514705882352944,167.26403823178018,104.66333294569137,207.0875025102878,-68.87515617545253,8131.0,8370.0,8366.666666666666,765.0,hurricane_cat5,municipio,-0.8415168353781961
2021.0,Las Piedras,35495.0,0.0,29830.0,148.0,15045.0,281.0,24466.0,27512.08421046157,3112.0,270.96791666666667,25646.0,80.3,6060.0,702.0113959,25.1,6435.0,16.0,25.0,290.0,6.7,1.8,37.19,12.48,12824.0,20.33,18.64,19.5,11.93,12.65,99.97,0.0,3.11,0.15,4.41,9.5,57.0,0.16,18.1827,-65.8661,7.0,13.0,43.0,53.0,168.0,24466.0,27512.08421046157,270.96791666666667,72.0,85.0,72085.0,12.5,2.8,36.3,2.6,41.5,2.6,290.0,169.0,58.3,42.0,56.0,19.0,51.0,23.0,35.0,0.0,2.0,0.0,0.8531816484468417,0.0,0.0,0.0,101.2293603561567,2.0,35.0,4.8,74.0,561.0,13.0,1796.8089641685683,6939.199667292052,4.103381587400422,45.0,1.0,1.0,0.7054014337675616,1.1750728974372953,0.0,2.0,60.0,5.6,38.0,1996.0,942.548062551133,34254.52920104233,-4.667902129831059,-1.1156500915621923,-0.6515095611806521,-0.5135024094175655,-12824.0,-0.6202022649212943,-2.0742751390897873,-0.1446209666847882,2.159973334135739,-0.1446209666847882,2.159973334135739,-2.0742751390897873,0.0,19.721087477109453,36.62487674320327,121.14382307367237,56.34596422031272,121.14382307367237,177.48978729398507,8.001753439553717,59.37066485381363,5.676406305973018,-42.22961518743214,110.11736900061771,-0.7093522493933135,-0.7122431688201702,2.2950750946811205,1.365508134699108,10828.29,-1.767333251384251,0.7999999999999972,-0.5,0.7000000000000028,1.7543859649122862,4.395604395604402,1.0,1.0,1.0,1.0,157.0,46594.81230813776,1.0,1.0,0.0,1.0,2.159973334135739,2.159973334135739,0.0,0.0,-325.6611968370966,100643.55209463729,-0.1446209666847882,-0.1446209666847882,-0.9635363388677064,-6738.586798499152,0.0,0.0,0.0,0.0,-1.1156500915621923,-0.6515095611806521,-0.5135024094175655,43.0,East,-2.0087648695832017,-2.1805945248726144,-2.0790378674849634,1.4952624601656361,-1.4804272415724622,-0.8652077050720061,-0.9711310390157127,-0.5938478975173251,6.174358169256478,17.902049965637758,157.0,157.0,43878.689638679,14500.837596051268,25123.941296058325,2716.1226694587604,4.145803715590057,-2.344354406173854,1.7114560844616857,-1.8507286209089369,4.395604395604402,2.6315789473684292,1.7273882975961108,-2.641218430692116,146.67057788207686,283.3086210548613,339.38945352377317,-36.55320888145914,37233.0,37499.0,37500.0,-1738.0,hurricane_cat5,municipio,-0.7128050928809053
2021.0,Loíza,24216.0,0.0,20175.0,105.0,11515.0,200.0,19541.0,21973.90818101159,2311.0,270.96791666666667,17262.0,76.0,6629.0,501.3431958,17.0,2936.0,0.0,28.0,86.0,9.2,1.2,47.17,25.33,10440.0,24.95,19.47,19.97,19.62,16.92,99.92,0.0,11.1,0.2,6.11,20.96,87.0,0.36,18.433,-65.8797,,,,,,19541.0,21973.90818101159,270.96791666666667,72.0,87.0,72087.0,25.3,3.5,36.4,2.3,48.7,2.3,86.0,48.0,55.8,16.0,23.0,5.0,18.0,,35.0,0.0,2.0,0.0,0.7369780810013017,0.0,0.0,0.0,128.12295467339197,2.0,35.0,4.8,43.0,341.0,32.0,1267.4349519129946,7631.674963298579,8.744471096206858,45.0,1.0,1.0,0.4916199210165519,0.935867547729175,0.0,2.0,60.0,4.4,20.0,350.0,661.3174747928182,4975.596585460148,-3.767286599904629,-2.626362735381571,-2.170904738166335,-2.0342746799933864,-10440.0,0.1928418293313694,-0.2663648831344148,0.3888430321213487,3.428308402677296,0.3888430321213487,3.428308402677296,-0.2663648831344148,1.0,,,,0.0,0.0,0.0,0.0,0.0,0.0,0.0,0.0,-2.3818760183101917,-2.5885198201262116,7.513243416825421,1.443135827633616,7343.7,-1.5497696701380348,0.5,-0.3000000000000007,0.5,1.17647058823529,3.658536585365857,1.0,1.0,1.0,1.0,157.0,19166.450375498353,1.0,1.0,0.0,1.0,3.428308402677296,3.428308402677296,1.0,1.0,-41.81928665210312,65708.50287181842,0.3888430321213487,0.3888430321213487,2.498863848949148,7452.740679012141,0.0,0.0,0.0,0.0,-2.626362735381571,-2.170904738166335,-2.0342746799933864,44.0,East,-2.7059529838630914,-2.9270576045593355,-2.8491648234185227,0.671678303869705,0.3285915600389079,0.4774647903796969,0.5928250279430926,-0.5949564431733227,5.858807488062863,15.990436734514564,157.0,157.0,17974.546416441823,19898.832804338115,19890.542178343163,1191.9039590565299,-3.942726331992219,0.7588903980676465,-1.6119052644963752,11.45596974881764,3.658536585365857,0.0,2.4853349799320785,-2.482065997130567,0.0,0.0,0.0,0.0,25164.0,25778.0,25801.666666666668,-948.0,hurricane_cat5,municipio,-2.084351553994374
2021.0,Luquillo,17917.0,0.0,15202.0,67.0,10411.0,199.0,22216.0,24981.953029494573,1746.0,270.96791666666667,12968.0,78.1,4300.0,409.9390199,21.9,2844.0,159.0,127.0,158.0,8.4,2.2,43.95,24.6,12277.0,23.13,17.97,23.01,25.02,11.33,99.31,0.0,11.74,0.0,5.75,12.6,34.0,0.19,18.3725,-65.7166,6.0,11.0,52.0,72.0,192.0,22216.0,24981.953029494573,270.96791666666667,72.0,89.0,72089.0,24.6,3.6,36.3,2.8,48.1,2.6,158.0,93.0,58.9,40.0,23.0,9.0,24.0,12.0,35.0,0.0,2.0,0.0,0.5807850294835941,1.0,0.0,0.0,125.97240803565649,2.0,35.0,4.8,32.0,260.0,34.0,926.4890854632688,7565.224287752139,19.08238474157356,45.0,1.0,1.0,0.5157485336749363,0.9605840769951548,0.0,2.0,60.0,4.54,18.0,126.0,635.3226308531823,2821.1366272059204,-0.039053782637799,-1.1218395936819725,-0.8013353779924626,-0.7214582465597141,-12277.0,-0.1671343514787741,-2.1586338345479925,0.1123087577699084,1.5865427832818388,0.1123087577699084,1.5865427832818388,-2.1586338345479925,0.0,33.48774906513367,61.394206619411726,290.2271585644918,94.8819556845454,290.2271585644918,385.1091142490372,-27.85850403426737,139.5911398186761,7.507799490542354,-156.6510751962388,273.37647846462846,-1.6461808604038677,-1.741521539871682,-2.669328439120422,-0.3588693060980049,5518.326,-2.882484540959418,-1.3000000000000045,-0.8999999999999986,-2.3999999999999986,1.935483870967736,1.9736842105263053,1.0,1.0,1.0,1.0,157.0,16187.746600141758,1.0,1.0,0.0,1.0,1.5865427832818388,1.5865427832818388,0.0,0.0,-338.9055120240348,25682.55254605003,0.1123087577699084,0.1123087577699084,0.8183753984508972,1818.025711755979,0.0,0.0,0.0,0.0,-1.1218395936819725,-0.8013353779924626,-0.7214582465597141,45.0,East,-0.547889600903495,-0.9379475928976476,-0.877054473846417,-0.1735686456562191,-1.898072217129164,-1.7470014321293788,-1.6516856015590264,-0.26056161741882855,6.706050073149601,16.24778022551244,157.0,157.0,13755.866411433177,17369.83094841899,16998.793873742114,2431.880188708581,-1.4408342424364062,3.0335547632628135,2.175599630940876,-1.2284941966840157,1.9736842105263053,3.401360544217691,2.724082517315596,-0.038200339558569274,422.51975417032486,409.7697740874534,757.5902479868688,-149.1432757056964,17924.0,18224.0,18231.666666666668,-7.0,hurricane_cat5,municipio,-0.9254321211240955
2021.0,Manatí,39693.0,0.0,33202.0,196.0,18515.0,233.0,19427.0,21845.714867842595,1521.0,270.96791666666667,28686.0,75.4,8656.0,687.6401675,23.6,6760.0,170.0,103.0,638.0,9.4,1.9,46.67,19.17,11824.0,25.16,18.56,23.0,20.42,12.84,98.49,0.0,8.2,0.28,6.98,18.54,241.0,0.61,18.4274,-66.4922,10.0,9.0,39.0,123.0,269.0,19427.0,21845.714867842595,270.96791666666667,72.0,91.0,72091.0,19.2,3.0,33.1,1.9,40.9,1.8,638.0,334.0,52.4,48.0,135.0,49.0,195.0,25.0,35.0,0.0,2.0,0.0,0.6523790397542235,0.0,0.0,0.0,132.05405029512005,2.0,35.0,4.46,110.0,5573.0,49.0,2406.481786533336,28143.621993196568,6.79155147154538,45.0,0.0,1.0,0.0,0.7683687164957604,0.0,2.0,60.0,6.4,82.0,12118.0,1413.9388878956704,215916.91353479133,4.285113761757131,-0.964905650870429,-0.6838183997961322,-0.6338430576175891,-11824.0,-0.071205968021412,-1.284113723993952,0.2881092923769248,2.776458378923229,0.2881092923769248,2.776458378923229,-1.284113723993952,0.0,25.193359030559545,22.674023127503588,98.25410021918222,47.86738215806314,98.25410021918222,146.12148237724534,-2.0511717802480405,16.80803853035873,-29.904290844879668,-37.00074024752422,131.36461562713467,-1.9929961891028911,-2.1566058651617426,-1.7282488073864788,-2.510886765800535,10989.862,3.7362705823274167,-0.3999999999999986,1.0,0.0,0.789889415481837,-0.4716981132075526,1.0,1.0,1.0,1.0,157.0,259185.60701696313,1.0,1.0,0.0,1.0,2.776458378923229,2.776458378923229,0.0,0.0,-201.60585466705047,719618.0502985505,0.2881092923769248,0.2881092923769248,1.212014363722015,74673.78183194097,0.0,0.0,0.0,0.0,-0.964905650870429,-0.6838183997961322,-0.6338430576175891,46.0,North,0.9456128518491536,0.4051949681871392,0.4505492042584954,-1.5794559094667426,-1.0418947924919026,-0.5548688265443248,-0.6407557099431492,-0.24221893150204932,3.7590599773572935,12.650282994200582,157.0,157.0,240170.56233823704,33002.99356588874,99628.74490522548,19015.044678726088,0.8069979667789218,-6.611409456794048,-0.46027413766893305,-2.5352467741654006,-0.4716981132075526,3.2467532467532534,0.3925370146962777,1.2615875286893896,198.26964671953857,211.62954751587225,569.0123793256553,-66.9050310924039,38062.0,38836.0,38863.333333333336,1631.0,hurricane_cat5,municipio,-0.8698332967169078
2021.0,Maricao,5389.0,246.0,4549.0,216.0,2643.0,125.0,19223.0,21616.31630743492,2653.0,270.96791666666667,3988.0,58.8,1257.0,209.0287062,10.9,436.0,0.0,21.0,24.0,3.4,2.1,52.42,2.57,8789.0,45.31,18.19,24.96,7.57,10.54,99.24,0.0,3.48,0.0,15.1,13.08,13.0,0.24,18.1808,-66.9799,2.0,0.0,2.0,10.0,21.0,19223.0,21616.31630743492,270.96791666666667,72.0,93.0,72093.0,2.6,2.2,32.5,4.9,33.4,4.9,24.0,15.0,62.5,4.0,6.0,,6.0,,35.0,1.0,2.0,0.3698790674316047,0.9860824779991216,0.0,0.0,0.0,84.62552245261065,2.0,35.0,4.46,5325.0,5521.0,44.0,51958.381868613506,55104.37278131573,1.2412046010087907,55.0,1.0,2.0,0.6999207772105309,1.843016990962787,0.0,2.0,60.0,6.4,11895.0,12089.0,409767.88889656746,412372.0133563848,-8.661016949152545,-0.6494711449248514,-1.9961714139842155,-2.544559897784693,-8789.0,-0.1180303839064452,0.2657669869452818,0.6332799586487733,5.147687016043563,0.6332799586487733,5.147687016043563,0.2657669869452818,1.0,37.1126368528484,0.0,37.1126368528484,37.1126368528484,37.1126368528484,74.2252737056968,37.1126368528484,-132.3788885708804,-32.92181069958848,4.882471925786433,169.4915254237288,-2.8806584362139898,-2.047726539825867,19.345804497533024,11.211262162545797,1478.425,5.097318585077337,4.5,-4.5,3.299999999999997,19.999999999999996,-4.761904761904767,1.0,1.0,1.0,1.0,157.0,487736.9994631168,1.0,1.0,0.0,1.0,5.147687016043563,5.147687016043563,1.0,1.0,41.72541695040924,2510717.419380333,0.6332799586487733,0.6332799586487733,2.9305614921786134,308874.06685147935,0.0,0.0,0.0,0.0,-0.6494711449248514,-1.9961714139842155,-2.544559897784693,47.0,West,-4.270141125814597,-4.123826010673892,-4.323235237401398,1.7255812280299039,1.4672838273053497,2.355123146972448,2.1774437565362716,-1.201516840360068,3.908988822493632,9.10457841945628,157.0,157.0,442212.42201815505,36258.23917060651,167170.08908764974,45524.57744496176,22.149314144939343,-7.861332154834988,3.485587516809266,-2.803509647406319,-4.761904761904767,-4.545454545454541,-4.551728464771943,24.761904761904763,197.53086419753083,177.36214124475975,184.29551098346042,-28.03933877380203,5900.0,6075.0,6059.0,-511.0,hurricane_cat5,municipio,-2.523129293672442
2021.0,Maunabo,10700.0,0.0,9135.0,44.0,5044.0,190.0,21678.0,24376.97055155669,3147.0,270.96791666666667,7952.0,73.6,2448.0,337.8313189,15.3,1219.0,8.0,15.0,49.0,8.2,2.6,46.1,27.18,10077.0,28.47,17.76,25.19,12.28,13.62,99.61,0.0,2.64,0.0,11.67,16.73,5.0,0.05,18.0072,-65.8994,2.0,0.0,11.0,24.0,60.0,21678.0,24376.97055155669,270.96791666666667,72.0,95.0,72095.0,27.2,7.9,25.6,4.0,35.1,4.4,49.0,37.0,75.5,8.0,18.0,3.0,8.0,,35.0,1.0,2.0,0.3826852351830665,0.9714199330004292,0.0,0.0,0.0,81.45897667898508,2.0,35.0,4.8,77.0,1243.0,12.0,2016.9727634103515,8258.60315533162,3.418032887284185,45.0,1.0,1.0,1.0190415731922438,1.504107098928202,0.0,2.0,60.0,6.4,37.0,4883.0,892.3240806012958,89428.20007013464,1.249053747161244,-1.2803738317757052,-1.0239337908250157,-0.9466274637261352,-10077.0,-0.0141445703162101,-0.2002215069931969,0.2463985177779261,3.463567998870088,0.2463985177779261,3.463567998870088,-0.2002215069931969,1.0,18.69158878504673,0.0,102.803738317757,18.69158878504673,102.803738317757,121.49532710280374,9.229060397461566,74.41615315500152,-27.6569964824965,-36.57158335988743,37.85011355034065,-1.9302152932442416,-2.2407693005533913,0.7198158497842444,0.5340128997879352,2338.56,2.375882550711639,0.0,1.599999999999998,0.7000000000000028,-2.0000000000000018,-1.9607843137254943,1.0,1.0,1.0,1.0,157.0,103825.7487678044,1.0,1.0,0.0,1.0,3.463567998870088,3.463567998870088,1.0,1.0,-31.434776597931915,359607.5408908928,0.2463985177779261,0.2463985177779261,1.7436924141089636,25582.51060357035,0.0,0.0,0.0,0.0,-1.2803738317757052,-1.0239337908250157,-0.9466274637261352,48.0,East,-0.2719983071258203,-0.6632609919262511,-0.640567873172256,-0.6746291566003149,-0.3030304214864971,0.342832156147428,0.19681967465983682,0.10280891449330021,6.5039232449550815,25.679025881018784,157.0,157.0,99242.73090898784,13753.647038980513,43403.69962516572,4583.017858816558,-2.578337241034101,3.4605600906136624,3.471026414544935,3.2981530908183454,-1.9607843137254943,4.081632653061229,0.7069494464452449,-0.039215686274507444,102.07869339272456,108.86328585684478,191.29006342634875,-64.22857984238391,10568.0,10776.0,10789.0,132.0,hurricane_cat5,municipio,-1.1346157401889907
2021.0,Mayagüez,74146.0,0.0,63813.0,211.0,40717.0,452.0,15501.0,17430.91708274196,776.0,270.96791666666667,50368.0,72.3,13317.0,833.1584483,28.2,14186.0,1167.0,289.0,1562.0,4.4,0.8,53.56,25.02,12156.0,28.09,16.52,24.77,23.54,11.96,99.41,0.0,18.76,0.04,2.8,21.36,1110.0,1.5,18.2011,-67.1397,23.0,9.0,27.0,88.0,218.0,15501.0,17430.91708274196,270.96791666666667,72.0,97.0,72097.0,25.0,2.2,29.7,1.3,39.6,1.5,1562.0,827.0,52.9,155.0,286.0,137.0,388.0,52.0,40.0,1.0,2.0,0.4166819950794158,1.2047878957192577,1.0,0.0,0.0,73.99690990566876,2.0,35.0,4.46,5181.0,5503.0,42.0,43180.12631157701,46964.2842157984,1.7524777369591242,55.0,1.0,2.0,0.8436574696071081,1.9986824753674504,0.0,2.0,60.0,6.4,10387.0,12082.0,258278.0569292796,314235.0199060438,1.1045052907167063,-1.921883850780892,-1.5782844891213288,-1.5144720752224727,-12156.0,0.2782031422612117,-1.9221289066944691,0.216685219309758,1.1464852067386044,0.216685219309758,1.1464852067386044,-1.9221289066944691,0.0,31.019879696814396,12.138213794405631,36.414641383216896,43.15809349122003,36.414641383216896,79.57273487443692,11.795597581980363,-27.673937213925026,6.107285360536984,-7.689388225486752,95.4510745063816,-2.5202041684389664,-2.6186007378163234,0.3191584263623204,0.5832860025574853,18952.461,4.876976190096727,0.8999999999999986,-0.8999999999999986,0.7000000000000028,1.692708333333326,-0.2597402597402598,1.0,1.0,1.0,1.0,157.0,391362.13183497265,1.0,1.0,0.0,1.0,1.1464852067386044,1.1464852067386044,0.0,0.0,-301.77423835103167,448690.8946264796,0.216685219309758,0.216685219309758,0.9478378797145496,84802.3893661955,0.0,0.0,0.0,0.0,-1.921883850780892,-1.5782844891213288,-1.5144720752224727,49.0,West,-0.6920256849053619,-1.12517110327105,-1.059016657256958,-0.8224463903171109,-1.74125540413898,-1.4648237900170809,-1.4838144416366088,-0.18087350255548906,3.6019661299899015,8.407456168329237,157.0,157.0,354478.9566825932,46798.63384582838,141912.66332522326,36883.17515237944,2.4047661128161035,-0.9740665315059682,-1.4768112195765533,-2.085607686453783,-0.2597402597402598,2.735156771180791,-0.12539043483414578,1.9524485930735858,97.03317737133136,143.6800207106336,335.6334914496667,-1.5821028649497606,73336.0,75232.0,75274.33333333333,810.0,hurricane_cat5,municipio,-1.644167130582354
2021.0,Moca,37532.0,0.0,31413.0,158.0,16183.0,242.0,17685.0,19886.831082400593,1967.0,270.96791666666667,26709.0,70.2,8171.0,734.4004357,22.7,6054.0,245.0,146.0,414.0,5.5,1.3,49.93,24.64,12184.0,30.45,18.93,18.97,20.33,15.48,99.72,0.0,2.5,0.41,3.76,10.57,175.0,0.47,18.3947,-67.1131,1.0,5.0,13.0,37.0,80.0,17685.0,19886.831082400593,270.96791666666667,72.0,99.0,72099.0,24.6,4.0,33.3,2.6,44.3,2.4,414.0,268.0,64.7,48.0,102.0,24.0,74.0,37.0,35.0,1.0,2.0,0.3403754749479645,0.8785606311032195,0.0,0.0,0.0,92.8276200138999,2.0,35.0,4.46,1400.0,5552.0,56.0,10023.276361570555,35245.92049930602,4.358279205259729,55.0,1.0,2.0,0.6180612389530533,1.7020520647603758,0.0,2.0,60.0,6.4,599.0,12153.0,7097.495933689751,239920.57215170565,5.584156187582634,-0.4502824256634286,-0.1733357747861874,-0.0960103001220624,-12184.0,-0.1411924338116214,-0.5876700632607731,0.1049228098514878,3.415306226857758,0.1049228098514878,3.415306226857758,-0.5876700632607731,0.0,2.6643930512629224,13.321965256314613,34.63710966641799,15.986358307577532,34.63710966641799,50.62346797399552,-6.519057057994807,-7.560544144030146,11.443774371130814,-18.641371658980248,64.70306917602048,-1.697961892646771,-1.9282924712519025,5.373211344938533,5.005517666903625,10460.529,4.873977129405538,-0.5,1.7000000000000028,0.2999999999999971,8.37696335078535,1.5957446808510634,1.0,1.0,1.0,1.0,157.0,313996.5794321502,1.0,1.0,0.0,1.0,3.415306226857758,3.415306226857758,0.0,0.0,-92.26419993194138,1072394.4729466592,0.1049228098514878,0.1049228098514878,0.4163069481385985,32945.40339777708,0.0,0.0,0.0,0.0,-0.4502824256634286,-0.1733357747861874,-0.0960103001220624,50.0,West,1.7100709419216598,1.0959527042338602,1.133052442039717,-1.8060812420437222,-0.3089527837572384,0.0752130598342385,0.2076099704908516,-0.2787172795035347,3.3165002056208372,9.794859848929695,157.0,157.0,288496.91396501596,56317.99640979645,123322.31057912228,25499.66546713421,5.3042651799450224,4.339076475827319,4.220882631888534,0.0689461649935108,1.5957446808510634,10.26392961876832,3.0035571502055123,6.781218669934286,71.90066646386991,111.19548709047515,171.62411686762132,-7.197597287849433,35547.0,36161.0,36193.333333333336,1985.0,hurricane_cat5,municipio,-0.393120728270437
2021.0,Morovis,29069.0,0.0,24094.0,173.0,11935.0,249.0,21598.0,24287.010331788973,1557.0,270.96791666666667,20508.0,73.9,6276.0,657.359871,17.5,3592.0,112.0,77.0,178.0,5.7,1.6,46.82,15.99,10788.0,26.95,19.59,17.59,23.42,18.26,99.7,0.0,3.24,0.0,3.13,13.27,74.0,0.25,18.3258,-66.4053,2.0,1.0,21.0,20.0,86.0,21598.0,24287.010331788973,270.96791666666667,72.0,101.0,72101.0,16.0,4.0,36.3,2.5,43.2,2.3,178.0,113.0,63.5,24.0,55.0,9.0,28.0,16.0,35.0,0.0,2.0,0.0,0.8351289727839193,0.0,0.0,0.0,118.5542492253884,2.0,35.0,4.46,198.0,5549.0,42.0,3253.726320034813,27584.864771466287,5.037672222104476,50.0,1.0,2.0,0.4604344074614605,1.0583022865311107,0.0,2.0,60.0,6.4,373.0,12094.0,6326.510298556033,224884.7897083669,-5.164426464831006,-1.410437235543016,-0.9244977745975436,-0.7765957405763912,-10788.0,-0.1906440813142939,-0.5429349802642035,0.4444918922443965,4.64196410572672,0.4444918922443965,4.64196410572672,-0.5429349802642035,1.0,6.8801816367952116,3.4400908183976058,72.24190718634972,10.320272455192818,72.24190718634972,82.56217964154254,-2.729446975839414,-6.056409399843673,-22.47770127822428,-31.513711060599448,91.34803601722562,-1.0012273108972236,-1.1430395913154534,-2.6351880157421737,-0.9317754247951818,8746.122,-5.291916324095536,-0.4000000000000057,-2.1000000000000014,-1.5,6.586826347305386,5.696202531645578,1.0,1.0,1.0,1.0,157.0,264232.79241935385,1.0,1.0,0.0,1.0,4.64196410572672,4.64196410572672,1.0,1.0,-85.24079190147995,1226559.1379665798,0.4444918922443965,0.4444918922443965,2.268424303571373,117449.33389549944,0.0,0.0,0.0,0.0,-1.410437235543016,-0.9244977745975436,-0.7765957405763912,51.0,Central Mountains,-2.3584616054187046,-2.543530276554129,-2.4524978501487564,1.5818658648423134,-0.2495805075817623,0.193871496383006,0.13699939454258694,-0.2933544726824412,4.480535248818489,13.914660530372249,157.0,157.0,244539.84276448443,27290.027341470915,98576.26348991865,19692.949654869415,-0.0583756405746593,-0.1017626180687125,2.365445126342873,-2.5768123751675143,5.696202531645578,3.9473684210526327,3.2145236508994035,0.8906238156598079,145.33944835604936,153.25670498084293,408.90229913285225,-53.991412338823736,30652.0,30962.0,30978.0,-1583.0,hurricane_cat5,municipio,-0.9463909262791946
2021.0,Utuado,28585.0,0.0,24129.0,98.0,13306.0,210.0,15812.0,17780.637437088953,1182.0,270.96791666666667,20883.0,73.5,5504.0,547.7271218,21.1,4402.0,107.0,89.0,210.0,6.4,1.3,54.6,31.87,9462.0,27.48,18.22,23.53,20.09,11.31,99.13,0.0,2.62,0.42,2.71,17.64,92.0,0.32,18.2655,-66.7005,0.0,4.0,19.0,67.0,120.0,15812.0,17780.637437088953,270.96791666666667,72.0,141.0,72141.0,31.9,4.9,26.6,2.0,39.0,2.4,210.0,151.0,71.9,22.0,58.0,25.0,32.0,11.0,35.0,0.0,2.0,0.0,0.8859026022431592,0.0,0.0,0.0,114.03646486928145,2.0,35.0,4.46,4552.0,5566.0,47.0,29231.113752675537,40203.6951672925,12.245373947416333,50.0,1.0,2.0,0.4768336372330178,1.1270537823828757,0.0,2.0,60.0,6.4,10903.0,12108.0,313053.3296419339,340837.78151105123,1.940016404550482,-1.504285464404409,-1.2125286695404691,-1.1370116613604764,-9462.0,0.006012649216843,-0.2884161967806644,0.3418554029359865,3.8948535014921903,0.3418554029359865,3.8948535014921903,-0.2884161967806644,1.0,0.0,13.993353157250308,66.46842749693896,13.993353157250308,66.46842749693896,80.46178065418927,6.860939905226485,-8.42191164931117,-13.791007029744904,-19.265052121709147,82.02275239827395,-2.2143953131538607,-2.46921978096728,0.5606110723683777,-3.872989778008354,6418.314,6.1819066147859925,0.9000000000000021,-1.3999999999999986,0.3999999999999986,11.111111111111116,7.3863636363636465,1.0,1.0,1.0,1.0,157.0,398578.1460067274,1.0,1.0,0.0,1.0,3.8948535014921903,3.8948535014921903,1.0,1.0,-45.28134289456431,1552403.4875925677,0.3418554029359865,0.3418554029359865,1.528683172829621,136256.09270460828,0.0,0.0,0.0,0.0,-1.504285464404409,-1.2125286695404691,-1.1370116613604764,71.0,Central Mountains,-0.1726646126865905,-0.6093219677049122,-0.5723138638900985,-0.9643470486738859,0.1407417502938164,0.133552312851001,0.14680610094181037,-0.42915794707448074,3.825001923976544,10.833534154259336,157.0,157.0,367207.9824422973,33754.09173118115,141482.50795759616,31370.163564430142,-3.661762596104434,-8.517817810289008,-3.6238944876727377,4.222373668472812,7.3863636363636465,1.1494252873563315,2.4664750957854475,3.7247474747474696,115.078811549728,112.23726277124004,187.21784114184652,-33.05605915145405,28041.0,28676.0,28706.333333333332,544.0,hurricane_cat5,municipio,-1.3093255928206555
2021.0,Yauco,34704.0,0.0,29486.0,99.0,17713.0,168.0,16444.0,18491.323173253902,1380.0,270.96791666666667,25661.0,77.8,8894.0,718.6800401,25.9,6651.0,352.0,166.0,406.0,5.9,1.2,46.44,17.37,10231.0,23.03,17.72,23.69,31.46,8.83,99.56,0.0,4.28,0.08,2.41,12.05,213.0,0.61,18.035,-66.8499,3.0,2.0,13.0,36.0,79.0,16444.0,18491.323173253902,270.96791666666667,72.0,153.0,72153.0,17.4,3.9,32.1,2.1,38.9,1.8,406.0,246.0,60.6,52.0,113.0,23.0,79.0,14.0,35.0,1.0,2.0,0.3582780696698092,1.1900418766267546,0.0,0.0,0.0,87.6894846850553,2.0,35.0,4.46,5324.0,5487.0,40.0,87745.02721896788,90049.11565892561,0.587645567061401,55.0,1.0,2.0,0.6420278379550087,1.624343996810492,0.0,2.0,60.0,6.4,11987.0,12066.0,851008.1587094272,852081.730442056,0.5883887423552947,-2.0631627478100545,-1.736785672382013,-1.6711958409869498,-10231.0,-0.2943480128960243,-2.30264204936906,0.1473462550059129,3.0538206954343563,0.1473462550059129,3.0538206954343563,-2.30264204936906,0.0,8.64453665283541,5.763024435223605,37.45965882895344,14.407561088059015,37.45965882895344,51.86721991701245,-14.577106023039214,-49.49434250434125,-4.8868469455801,19.210973219938023,115.93866844439292,-2.616574460878396,-2.774499849062817,6.048465675905801,0.7043764410741356,9465.006,7.04056161823059,1.7000000000000028,-0.1000000000000014,2.0,4.909560723514206,-1.0230179028132946,1.0,1.0,1.0,1.0,157.0,964398.6280424402,1.0,1.0,0.0,1.0,3.0538206954343563,3.0538206954343563,0.0,0.0,-361.5148017509424,2945100.4889645036,0.1473462550059129,0.1473462550059129,0.6959478600310862,142100.52617489392,0.0,0.0,0.0,0.0,-2.0631627478100545,-1.736785672382013,-1.6711958409869498,77.0,South,-0.9677617413663464,-1.3736431190897511,-1.3181367257981835,-0.7034340996206034,-1.6330749428634657,-1.224492680424293,-1.2321953562395862,-0.6695671065055944,3.831566199302708,8.433235736072847,157.0,157.0,882509.074585082,35311.46838399998,312165.13131381973,81889.55345735815,-0.7685068261440775,-3.1668295265393165,-0.9728035671997611,6.816972502049879,-1.0230179028132946,-0.761421319796951,-0.33905859850008974,5.9325786263275,101.61454217003498,101.53955926342655,250.41503172698904,14.324126274357937,34501.0,35428.0,35456.0,203.0,hurricane_cat5,municipio,-1.7822269278297196
2021.0,Vega Baja,54544.0,0.0,45974.0,184.0,24695.0,300.0,21507.0,24184.680581803197,1165.0,270.96791666666667,39632.0,76.1,11932.0,711.5195008,22.7,8988.0,208.0,120.0,448.0,9.6,1.4,43.36,17.6,12361.0,24.43,18.22,21.41,20.31,13.03,98.0,0.0,4.13,0.59,4.93,13.15,318.0,0.58,18.4438,-66.3874,20.0,14.0,52.0,196.0,352.0,21507.0,24184.680581803197,270.96791666666667,72.0,145.0,72145.0,17.6,2.5,35.5,1.8,43.1,1.7,448.0,262.0,58.5,53.0,122.0,30.0,81.0,26.0,35.0,0.0,2.0,0.0,0.6364429592827845,0.0,0.0,0.0,130.77084340006462,2.0,35.0,4.46,64.0,5527.0,45.0,2008.2460411401848,25385.042901392066,1.9859696820438264,45.0,1.0,1.0,0.4188303000259331,0.7574661983920044,0.0,2.0,60.0,6.4,31.0,12087.0,602.3952258502939,193657.085850226,6.762708215075652,-0.6636843649163948,-0.4465087305490889,-0.4000533626554503,-12361.0,-0.3299630471999777,-1.7354822136138008,0.045353484626113,2.7505250835558357,0.045353484626113,2.7505250835558357,-1.7354822136138008,0.0,36.667644470519214,25.66735112936345,95.33587562334996,62.33499559988266,95.33587562334996,157.6708712232326,-12.045007923380666,-123.88939791889985,-59.74016815055643,33.373035651385294,293.6052770655131,-2.113350705088901,-2.209064847951137,2.085088811818725,1.436333668843015,16320.77,8.800150286450181,0.3999999999999986,-0.5,0.2000000000000028,3.2258064516129004,6.896551724137923,1.0,1.0,1.0,1.0,4.35305821747309,6.0,1.0,1.0,0.0,1.0,2.7505250835558357,2.7505250835558357,0.0,0.0,11.973195817338588,-10.412893281682805,0.045353484626113,0.045353484626113,0.197426358942741,10494.377925665243,0.0,0.0,0.0,0.0,-0.6636843649163948,-0.4465087305490889,-0.4000533626554503,73.0,North,1.9007836704861836,1.2551288990971354,1.2944058716762261,-2.300837033141634,-1.240102967336302,-0.94888834171801,-0.9057501875453999,-0.49537924627749885,3.913916189529675,13.195975752774224,9.115572878426608,0.43914202794341506,214811.7173312132,29884.520769001618,6.0,6.0,1.325147674743743,0.8987645199665772,0.28510981462357043,0.759941137074982,6.896551724137923,5.181347150259064,4.287062897209785,-3.6707452725250223,319.97240956468426,344.75651571077924,923.503717077186,-26.367132499171134,51089.0,52192.0,52217.333333333336,3455.0,earthquake_m6,municipio,-0.6726487946706119
2021.0,Yabucoa,31047.0,0.0,26282.0,169.0,14548.0,318.0,17267.0,19416.78893411428,1475.0,270.96791666666667,22690.0,73.1,6011.0,550.4416409,17.4,3951.0,53.0,47.0,177.0,5.6,1.2,52.62,15.22,10507.0,27.85,17.76,22.62,12.5,12.95,99.91,0.0,1.53,0.06,5.17,15.22,91.0,0.29,18.0505,-65.8794,9.0,4.0,24.0,24.0,116.0,17267.0,19416.78893411428,270.96791666666667,72.0,151.0,72151.0,15.2,3.0,31.9,2.5,37.7,2.5,177.0,111.0,62.7,22.0,53.0,10.0,30.0,12.0,35.0,1.0,2.0,0.3620838082084655,0.9363630811215408,0.0,0.0,0.0,86.66270406615135,2.0,35.0,4.8,78.0,784.0,11.0,1999.331372317464,6851.435975978414,6.102498439096153,45.0,1.0,1.0,0.9177166047001452,1.3988864144472577,0.0,2.0,60.0,6.4,41.0,3210.0,961.38711109657,69772.44766095818,-5.5374691940244025,-2.364157567558866,-1.9171107452632064,-1.8005106100797974,-10507.0,-0.2395690599287228,-0.6091235904350528,0.1112680882896196,3.2259404024552207,0.1112680882896196,3.2259404024552207,-0.6091235904350528,0.0,28.988308049086868,12.883692466260827,77.30215479756498,41.87200051534769,77.30215479756498,119.17415531291267,29.7017385504589,31.663672429232,-17.681375397420528,-34.9609385099022,57.808744333221775,-1.8866234812979443,-1.9034232334768195,-1.9778261118764464,-0.0120176373978209,8383.958,-2.8536196941171377,0.6999999999999993,-2.900000000000002,-0.5,2.3121387283236983,0.5813953488372103,1.0,1.0,1.0,1.0,7.015573438220777,6.0,1.0,1.0,0.0,1.0,3.2259404024552207,3.2259404024552207,0.0,0.0,22.63182180074809,-3.654741542610317,0.1112680882896196,0.1112680882896196,0.7806094447262601,9129.8777563392,0.0,0.0,0.0,0.0,-2.364157567558866,-1.9171107452632064,-1.8005106100797974,76.0,East,-3.139057052474747,-3.276420816222414,-3.1799980753134283,1.3385464423949496,-0.2692669702583902,0.2219512001020637,0.2607579550153442,-0.3398566201766626,6.468534193254994,21.77245183314426,15.111037972297177,0.5470392449657826,78976.35312972889,13356.680154924,6.0,6.0,1.9930332136436135,-0.05126001396063,0.7450846102597497,-3.9708593255200597,0.5813953488372103,2.9940119760478945,-1.887907703299167,1.730743379486488,110.4510582405445,149.34551524202757,313.1037352959989,-52.64231390732272,32867.0,33499.0,33505.0,-1820.0,earthquake_m6,municipio,-1.8648196247632902
2021.0,Villalba,22341.0,0.0,18348.0,100.0,9380.0,176.0,20722.0,23301.94592533249,1975.0,270.96791666666667,15523.0,78.6,5469.0,545.5135195,21.5,3333.0,89.0,72.0,138.0,3.2,1.0,44.49,18.64,12179.0,22.87,20.28,19.74,22.95,16.92,99.77,0.0,3.99,0.28,5.93,12.3,109.0,0.49,18.1275,-66.4925,3.0,1.0,8.0,15.0,60.0,20722.0,23301.94592533249,270.96791666666667,72.0,149.0,72149.0,18.6,3.5,34.8,2.4,42.8,2.7,138.0,95.0,68.8,16.0,42.0,6.0,26.0,11.0,35.0,0.0,2.0,0.0,0.9491275510213248,0.0,0.0,0.0,100.97010557829026,2.0,35.0,4.46,2740.0,5512.0,38.0,19022.4001551618,35135.69894244134,6.2889059328167525,50.0,1.0,2.0,0.9194115960882656,1.18883113685217,0.0,2.0,60.0,6.4,8517.0,12071.0,271934.3704511804,327069.6174830621,2.0183570026028663,-1.5979589096280389,-1.2680550365346877,-1.18523197249516,-12179.0,-0.1409755970720051,-1.093449951690187,0.4897668740429002,4.613141755449551,0.4897668740429002,4.613141755449551,-1.093449951690187,1.0,13.428226131328053,4.476075377109351,35.808603016874805,17.904301508437403,35.808603016874805,53.71290452531221,-4.927791281187691,-60.0861866995506,-8.413722502969648,33.403159131235924,118.7268825060505,-2.249698701066827,-2.565998347323095,2.277107656202104,-1.0753715167040787,6385.103999999999,-1.8954534468859088,-1.3000000000000045,-1.3999999999999986,-2.3000000000000043,14.049586776859504,-0.8196721311475419,1.0,1.0,1.0,1.0,4.500219936519927,6.0,1.0,1.0,0.0,1.0,4.613141755449551,4.613141755449551,1.0,1.0,20.7601524978666,-6.560699710141122,0.4897668740429002,0.4897668740429002,2.2040586508149036,183619.7078843797,0.0,0.0,0.0,0.0,-1.5979589096280389,-1.2680550365346877,-1.18523197249516,75.0,South,-0.1845191455744244,-0.6273559341701151,-0.5887226909924864,-1.0007128269207357,-0.7825158467590513,-0.376113525307703,-0.4137770012510235,-0.3109341049311357,3.7990654031087225,11.559426717972014,8.185219196802105,0.7011545334112044,346410.8391298689,24621.63746012064,6.0,6.0,-3.831087043509507,-1.672135162804833,-2.6902082509077516,6.1081946997116106,-0.8196721311475419,7.964601769911495,-0.077373180521305,14.869258908007046,93.73744587778422,108.72874353063976,209.78834798898106,24.989436628266276,21899.0,22403.0,22431.666666666668,442.0,earthquake_m6,municipio,-1.3529794822055825
2021.0,Vega Alta,35728.0,0.0,29794.0,101.0,16019.0,284.0,21828.0,24545.645963621155,1113.0,270.96791666666667,25251.0,75.4,7350.0,703.8870648,22.0,5560.0,399.0,180.0,412.0,5.5,1.5,44.96,21.22,14645.0,25.46,19.71,19.56,24.61,13.46,99.62,0.0,7.08,0.65,6.21,14.09,444.0,1.24,18.4119,-66.3314,5.0,11.0,16.0,99.0,218.0,21828.0,24545.645963621155,270.96791666666667,72.0,143.0,72143.0,21.2,3.9,36.5,2.9,46.4,2.8,412.0,227.0,55.1,46.0,107.0,28.0,82.0,22.0,35.0,0.0,2.0,0.0,0.7894888472803642,0.0,0.0,0.0,126.03989020804924,2.0,35.0,4.46,75.0,5497.0,46.0,2069.1338416494086,24738.088932618182,8.874460293719572,45.0,1.0,1.0,0.4439720883386583,0.7737805300980659,0.0,2.0,60.0,6.4,36.0,12078.0,746.6808814729154,190521.2903137596,-2.273038102792746,-1.2567174205105225,-0.8629938320755204,-0.7586518537710751,-14645.0,-0.0516855766287827,-1.6258047934537565,0.2405535004670204,3.121451575841775,0.2405535004670204,3.121451575841775,-1.6258047934537565,0.0,13.99462606359158,30.788177339901477,44.782803403493055,44.782803403493055,44.782803403493055,89.56560680698611,-1.7173743913043893,-61.89407506692464,-34.34928051383189,-95.44676730115565,153.17705626521513,-1.4741551231606698,-1.6382143993213916,0.2080657013455944,2.3106840513754223,10874.81,-1.3755248500836537,-0.1000000000000014,1.5,0.7999999999999972,0.7334963325183352,0.4914004914004843,1.0,1.0,1.0,1.0,4.92959166414526,6.0,1.0,1.0,0.0,1.0,3.121451575841775,3.121451575841775,0.0,0.0,15.3874816683027,-9.754828760722539,0.2405535004670204,0.2405535004670204,1.185830530683187,54568.07480855111,0.0,0.0,0.0,0.0,-1.2567174205105225,-0.8629938320755204,-0.7586518537710751,72.0,North,-1.335254735176672,-1.6689427485480524,-1.5999794825249714,0.5766028814055968,-1.1983572716781736,-0.6856552917463498,-0.794900071381023,-0.4274475217755829,4.33779123006625,14.0626498854765,9.698922904750807,0.5918004340790102,210326.10938703353,28222.957908495984,6.0,6.0,2.511485192803309,4.212501259977364,2.96535165171059,-2.3034194914577144,0.4914004914004843,0.0,0.08210081739493297,0.24209584111785093,282.9731040802027,188.2090976566642,503.44614598999686,-129.79604781498756,36559.0,37106.0,37129.666666666664,-831.0,earthquake_m6,municipio,-0.9465632292356092
2021.0,Vieques,8317.0,0.0,7041.0,178.0,4967.0,156.0,14942.0,16802.32004711505,2258.0,270.96791666666667,5970.0,73.0,2872.0,607.5532898,14.2,845.0,212.0,299.0,111.0,13.7,6.8,53.2,15.2,8834.0,30.69,18.72,25.53,12.58,10.03,93.88,0.0,2.4,0.28,16.26,15.21,0.0,0.0,18.1261,-65.44,8.0,2.0,22.0,20.0,77.0,14942.0,16802.32004711505,270.96791666666667,72.0,147.0,72147.0,15.2,7.8,28.4,6.1,33.4,6.7,111.0,71.0,64.0,37.0,24.0,6.0,7.0,7.0,35.0,0.0,2.0,0.0,0.7956456400179198,1.0,0.0,0.0,115.43453788809406,2.0,35.0,4.8,48.0,162.0,18.0,4878.308284864812,7900.2379997547905,13.735633325022606,45.0,1.0,1.0,0.5774869564926637,0.8504237545926516,0.0,2.0,60.0,4.54,28.0,83.0,1561.8622599564758,2818.1784399598373,-2.2449459332393062,-1.4187808103883648,-1.0272796434565137,-0.9672020784520784,-8834.0,-0.3292648321740621,-0.1645022239787236,0.3385961249579651,3.267847132498316,0.3385961249579651,3.267847132498316,-0.1645022239787236,0.0,96.188529517855,24.04713237946375,264.51845617410123,120.23566189731876,264.51845617410123,384.7541180714199,49.71380012016783,-88.09085271165338,-68.33488434643158,-87.10372050558993,423.1311706629056,-1.5505669983800097,-1.470755900125409,1.66736517557724,-3.695725417081305,1999.644,-2.649666272327622,-0.6000000000000014,2.0999999999999996,0.0,5.714285714285716,6.060606060606055,1.0,1.0,1.0,1.0,10.18577571377641,6.0,1.0,1.0,0.0,1.0,3.267847132498316,3.267847132498316,0.0,0.0,33.28555795853523,-0.9870133438723416,0.3385961249579651,0.3385961249579651,3.4488641863756433,5081.845973645262,0.0,0.0,0.0,0.0,-1.4187808103883648,-1.0272796434565137,-0.9672020784520784,74.0,East,-1.4348444347060174,-1.7387672928234288,-1.643216950140891,0.467642356253939,0.005803925840569,-0.184967012614605,-0.040784772489496426,-0.1703061498192926,9.584203898000524,20.121592127619735,13.762560611358053,0.6015718157758858,10642.220910678345,11886.328005500232,6.0,6.0,-7.162129108929993,-5.59241231789116,-6.489942169054745,8.829494284507234,6.060606060606055,2.0618556701030855,-0.6875744848253493,-0.34632034632033903,578.5697755149271,752.4797628548627,977.404673876781,-155.43860485202146,8508.0,8642.0,8640.333333333334,-191.0,earthquake_m6,municipio,-1.1345853055239516
2021.0,Juana Díaz,46704.0,0.0,38738.0,133.0,18513.0,306.0,21420.0,24086.848842805804,1445.0,270.96791666666667,32836.0,77.4,10002.0,813.3369535,27.2,8930.0,184.0,147.0,310.0,5.8,1.1,45.08,20.69,10721.0,23.0,20.2,18.89,24.31,13.1,99.82,0.0,1.87,0.1,3.19,13.55,582.0,1.25,18.0525,-66.5064,11.0,6.0,12.0,55.0,127.0,21420.0,24086.848842805804,270.96791666666667,72.0,75.0,72075.0,20.7,2.6,36.4,1.9,46.2,1.8,310.0,192.0,61.9,33.0,83.0,17.0,53.0,28.0,35.0,1.0,2.0,0.3362091535071878,1.140400666060296,0.0,0.0,0.0,94.10186526718624,2.0,35.0,4.46,3566.0,5499.0,36.0,25589.447266872325,38122.00042577887,4.061612262668618,50.0,1.0,2.0,0.9526289323879912,1.2344203592102478,0.0,2.0,60.0,6.4,10612.0,12062.0,344636.0214994213,368846.2233308797,2.8405337561104416,-0.794364508393286,-0.4592594609420075,-0.39265544389675,-10721.0,-0.1933003693211516,-1.1162781240137911,0.1807892502817623,3.4615440286222676,0.1807892502817623,3.4615440286222676,-1.1162781240137911,1.0,23.552586502226788,12.846865364850975,25.69373072970195,36.399451867077765,25.69373072970195,62.09318259677972,-7.6398311733943345,-38.16322967898259,-7.962797042731225,-33.64693974732169,107.89624344915666,-1.5990639625585,-1.7206132879046043,-2.041582448112933,-1.6122016205649607,14100.632,2.1765676878551465,-0.6000000000000014,-0.6999999999999993,-1.0999999999999943,9.1549295774648,1.067615658362997,1.0,1.0,1.0,1.0,4.872270316596342,6.0,1.0,1.0,0.0,1.0,3.4615440286222676,3.4615440286222676,1.0,1.0,16.865578220247595,-6.697668744082747,0.1807892502817623,0.1807892502817623,0.8808540977075373,76011.77196446437,0.0,0.0,0.0,0.0,-0.794364508393286,-0.4592594609420075,-0.39265544389675,38.0,South,0.6287363212201136,0.1305569260323436,0.1924157018949361,-1.0213917651168636,-0.8612720656219751,-0.4304701799315769,-0.5107266892179685,-0.255006058391816,3.9946431752840974,10.581578237578428,7.553450119705052,0.877627141312245,388751.74280803715,24357.530631988997,6.0,6.0,-0.1282247906601807,-2.6667976229217683,-0.7327824735774903,-1.9133576574527522,1.067615658362997,5.63909774436091,3.5376544675746353,8.087313919101803,149.50598023920958,161.839863713799,324.8363357053906,-41.60973679005292,45414.0,46152.0,46175.333333333336,1290.0,earthquake_m6,municipio,-0.6454243145607741
2021.0,Trujillo Alto,68001.0,0.0,57546.0,177.0,29042.0,326.0,33948.0,38174.61925843005,1506.0,270.96791666666667,49339.0,85.4,11237.0,736.5140868,36.9,18229.0,827.0,275.0,587.0,6.3,1.0,28.25,5.54,17543.0,15.01,18.09,20.22,19.76,11.27,99.4,0.0,12.25,0.27,4.1,9.76,795.0,1.17,18.3547,-66.0072,13.0,17.0,28.0,102.0,268.0,33948.0,38174.61925843005,270.96791666666667,72.0,139.0,72139.0,5.5,1.4,49.1,1.5,52.1,1.4,587.0,358.0,61.0,63.0,97.0,66.0,81.0,50.0,35.0,0.0,2.0,0.0,0.786928464715688,0.0,0.0,0.0,117.68797038728506,2.0,35.0,4.8,49.0,1662.0,25.0,1445.3481457815833,11035.227205581865,9.561741341283394,45.0,1.0,1.0,0.5377857133958786,0.809480957719128,0.0,2.0,60.0,6.4,23.0,4976.0,685.8806242409828,89525.61800505032,4.599221670178899,-0.7411655710945375,-0.4953371753159463,-0.4495604555251997,-17543.0,-0.6741080373221654,-4.515405276592189,-0.3237364443868938,-0.4697626497830386,-0.3237364443868938,-0.4697626497830386,-4.515405276592189,0.0,19.11736592108939,24.999632358347668,41.17586506080793,44.11699827943706,41.17586506080793,85.29286334024499,-2.029038545100327,5.797236828662598,-44.299861453975694,-50.54497513244209,81.52466505668272,-2.0003617835931187,-2.127471230451461,-0.5533812847285602,0.2952068279703956,28255.086,5.30868189636895,-0.1000000000000014,0.7999999999999998,0.3999999999999986,5.197132616487465,1.454545454545464,1.0,1.0,1.0,1.0,5.936760937424561,6.0,1.0,1.0,0.0,1.0,-0.4697626497830386,-0.4697626497830386,0.0,0.0,-2.788868549092998,-27.09243165955313,-0.3237364443868938,-0.3237364443868938,-1.9219458770568296,-34835.649613959875,0.0,0.0,0.0,0.0,-0.7411655710945375,-0.4953371753159463,-0.4495604555251997,70.0,Metro,1.1746644219006397,0.5790120691529399,0.6207478471675613,-1.6242248774258394,-4.090026369710985,-3.689218501217003,-3.673319110260637,-0.4253789068812033,5.332814892526744,16.674733064715305,11.44730983565587,0.6039460448978167,102844.90664198702,19643.801925915064,6.0,6.0,-1.0371464127862828,2.47614818142603,-0.32336148319043545,0.48376512805772265,1.454545454545464,5.162523900573612,1.0371780999228422,3.7425871619420015,176.3695016431005,166.71584538211863,482.8237415230633,-94.84483658641778,65011.0,66338.0,66376.33333333333,2990.0,earthquake_m6,municipio,-0.7059630109014803
2021.0,Ceiba,11463.0,0.0,9676.0,60.0,7328.0,163.0,20748.0,23331.182996756997,1798.0,270.96791666666667,8438.0,75.2,2934.0,446.03251,21.1,1778.0,91.0,66.0,81.0,5.7,2.2,41.29,9.85,13503.0,26.11,17.03,24.87,10.5,13.61,99.34,0.0,13.48,0.42,5.72,15.13,19.0,0.17,18.2633,-65.6474,2.0,2.0,12.0,17.0,45.0,20748.0,23331.182996756997,270.96791666666667,72.0,37.0,72037.0,9.8,3.8,38.3,3.1,42.5,3.3,81.0,43.0,53.1,7.0,12.0,5.0,12.0,6.0,35.0,0.0,2.0,0.0,0.61636326104755,0.0,0.0,0.0,117.34532667469284,2.0,35.0,4.8,61.0,225.0,24.0,2822.753239952846,6836.768134409611,5.335535435139409,45.0,1.0,1.0,0.5762167223896209,1.032543323567425,0.0,2.0,60.0,4.54,32.0,116.0,1005.7830636051794,2757.297758812503,2.284286606585173,-1.805809997382879,-1.4720578368908943,-1.3798526468108083,-13503.0,-0.2460842624804272,-2.394518011387713,0.119457750028245,1.2253205710354662,0.119457750028245,1.2253205710354662,-2.394518011387713,0.0,17.447439588240425,17.447439588240425,104.68463752944254,34.89487917648085,104.68463752944254,139.5795167059234,8.12589550556089,51.14667018760262,-68.75858906030018,-146.20150291434766,80.30695101275987,-2.67477203647416,-2.851598751370965,3.8161114413219455,0.3129959119290185,3705.907999999999,10.44467153815456,2.5999999999999943,-0.6999999999999993,2.5,-5.813953488372093,-4.444444444444439,1.0,1.0,1.0,1.0,7.5370179431568,6.0,1.0,1.0,0.0,1.0,1.2253205710354662,1.2253205710354662,0.0,0.0,9.235263130013443,-14.367108068326278,0.119457750028245,0.119457750028245,0.9003552054120225,1753.783618278205,0.0,0.0,0.0,0.0,-1.805809997382879,-1.4720578368908943,-1.3798526468108083,18.0,East,-0.2355264817263891,-0.7554392206744365,-0.6999960988982701,-1.1443261650844192,-1.9521275443857131,-1.3310565819318751,-1.518946561476885,-0.442390467002,7.096900298018486,16.885824030260128,11.66014566666564,0.4401176451383142,12469.080281901788,14743.99549986727,6.0,6.0,2.9862323302664695,-5.86335603580136,-1.5728405911034455,0.829879111055476,-4.444444444444439,3.4482758620689724,2.1370796083439836,-1.3695090439276534,295.26704298740776,244.66379819454988,343.40234336723853,-214.9600919746479,11207.0,11515.0,11525.0,256.0,earthquake_m6,municipio,-1.5291188011563808
2021.0,Ciales,17045.0,0.0,14266.0,95.0,7335.0,139.0,18990.0,21354.30716736145,2051.0,270.96791666666667,12399.0,67.1,3599.0,379.8855091,15.4,1914.0,95.0,86.0,113.0,4.1,1.3,55.25,23.7,9435.0,33.8,18.79,21.99,26.47,13.23,99.31,0.0,2.55,0.45,5.1,14.0,10.0,0.06,18.3361,-66.4688,6.0,2.0,13.0,32.0,70.0,18990.0,21354.30716736145,270.96791666666667,72.0,39.0,72039.0,23.7,4.9,25.5,2.4,33.4,2.8,113.0,67.0,59.3,13.0,33.0,8.0,17.0,10.0,35.0,0.0,2.0,0.0,0.8334455813367947,0.0,0.0,0.0,121.64424375033248,2.0,35.0,4.46,411.0,5569.0,44.0,4677.462724901975,29223.21831638987,8.381539764984362,50.0,1.0,2.0,0.4375475934373934,1.0541236912562135,0.0,2.0,60.0,6.4,1318.0,12108.0,30276.85842149594,238108.9389402004,5.2940449715839,-0.7098855969492557,-0.5028778067995621,-0.4715660996084336,-9435.0,0.0384413247895331,-0.0533085518897571,0.3610064256909522,4.373532400600018,0.3610064256909522,4.373532400600018,-0.0533085518897571,1.0,35.20093869169845,11.73364623056615,76.26870049867996,46.9345849222646,76.26870049867996,123.20328542094455,40.75716955285516,-53.45702225891826,-36.21342820837776,-39.837651553550586,135.90313812700765,-1.968146308968688,-2.3592715231788075,2.014024364438538,5.354612522615451,3637.83,-1.0368762318261115,-1.8000000000000007,2.1999999999999993,-1.3999999999999986,10.784313725490202,-4.672897196261683,1.0,1.0,1.0,1.0,4.687452015520994,6.0,1.0,1.0,0.0,1.0,4.373532400600018,4.373532400600018,1.0,1.0,20.500723266138923,-0.3198513113385426,0.3610064256909522,0.3610064256909522,1.6922002977210835,101053.5644167776,0.0,0.0,0.0,0.0,-0.7098855969492557,-0.5028778067995621,-0.4715660996084336,19.0,Central Mountains,1.3930723595907637,0.8228598125555209,0.8257964195489335,-1.8646384591991974,-0.0014561634173448,0.3649687250027524,0.39183213710946546,-0.051852388472412296,4.068934741018835,12.96876896398202,9.068863308684962,0.6185172745021585,258981.18906672648,28551.247131554715,6.0,6.0,4.126088079079593,9.92372512432822,5.330375279017532,-2.112063714641055,-4.672897196261683,5.940594059405946,-0.2246835698904238,15.457210921751885,211.954217888936,206.95364238410593,339.7321535205474,-76.05107976192835,16188.0,16513.0,16537.666666666668,857.0,earthquake_m6,municipio,-0.7294913505867151
2021.0,Cidra,40125.0,0.0,33584.0,187.0,16129.0,224.0,23327.0,26231.275581518723,1182.0,270.96791666666667,28848.0,77.7,9378.0,765.3731116,24.3,7011.0,396.0,178.0,380.0,6.6,1.3,39.93,7.5,12639.0,22.69,18.86,18.84,33.29,11.5,99.68,0.0,1.6,0.11,2.37,12.5,157.0,0.39,18.1758,-66.1617,11.0,6.0,22.0,40.0,139.0,23327.0,26231.275581518723,270.96791666666667,72.0,41.0,72041.0,7.5,1.8,38.1,2.1,41.6,2.0,380.0,241.0,63.4,43.0,95.0,23.0,62.0,21.0,35.0,1.0,2.0,0.3252682239598114,0.8995349039038125,0.0,0.0,0.0,97.60350203874953,2.0,35.0,4.8,84.0,4950.0,26.0,2093.6132359541275,19979.783919756926,1.2443137822133006,50.0,1.0,2.0,0.6455095469481542,1.1977989710338304,0.0,2.0,60.0,6.4,57.0,11913.0,1076.9309270938782,187657.8350487696,2.945326731149134,-0.7327102803738272,-0.4496088715279067,-0.4020294796950652,-12639.0,-0.5089914343787496,-2.3211353085108715,-0.1281186278794675,2.0349718716664373,-0.1281186278794675,2.0349718716664373,-2.3211353085108715,0.0,27.41433021806853,14.953271028037385,54.82866043613706,42.36760124610592,54.82866043613706,97.19626168224298,14.145829431959118,0.9507324273113512,-4.600709060446075,-47.11432083607544,82.09969982297251,-1.590627919307197,-1.8243561460476456,7.8411326007331805,2.807032055561302,12795.504,8.95014681933446,1.8999999999999984,-5.199999999999999,-0.1000000000000014,4.109589041095885,7.038123167155419,1.0,1.0,1.0,1.0,5.436483390279707,6.0,1.0,1.0,0.0,1.0,2.0349718716664373,2.0349718716664373,0.0,0.0,11.063090780000994,-13.926811851065228,-0.1281186278794675,-0.1281186278794675,-0.6965147924521518,-27850.841550859503,0.0,0.0,0.0,0.0,-0.7327102803738272,-0.4496088715279067,-0.4020294796950652,20.0,Central Mountains,0.6694105982250509,0.1881645833349932,0.22570921492878945,-1.071440077920116,-1.5369796033512455,-1.0659004271892485,-1.1421157171133525,-0.784155705159626,4.916924566346763,20.55072343795009,14.226407308968296,0.5195588239329441,203043.6902673706,20603.81115570568,6.0,6.0,3.4588706753105214,-2.878907109359796,-1.3025368091463974,4.382261925422659,7.038123167155419,1.7910447761193993,4.725026630986788,-2.9285341260595343,133.81472971949404,185.9058572738765,490.2456107830794,-51.71502989652153,38977.0,39607.0,39642.333333333336,1148.0,earthquake_m6,municipio,-0.654603199690605
2021.0,Coamo,35268.0,0.0,29581.0,139.0,16120.0,228.0,19267.0,21665.794428307163,2335.0,270.96791666666667,25865.0,80.7,10081.0,894.3019624,23.0,5942.0,291.0,158.0,274.0,4.3,1.2,49.58,7.32,11454.0,19.71,18.8,19.0,30.42,12.69,99.7,0.0,4.83,0.14,3.45,13.81,95.0,0.27,18.0855,-66.3579,6.0,1.0,14.0,14.0,61.0,19267.0,21665.794428307163,270.96791666666667,72.0,43.0,72043.0,7.3,2.1,36.7,2.3,39.8,2.2,274.0,163.0,59.5,44.0,71.0,17.0,47.0,14.0,35.0,1.0,2.0,0.3447707095617282,0.9714413563868828,0.0,0.0,0.0,91.51674440236503,2.0,35.0,4.46,603.0,5481.0,36.0,6279.373257893189,29156.223335727052,8.699734349297497,50.0,1.0,2.0,0.6024655326660762,1.2367670530602024,0.0,2.0,60.0,6.4,2645.0,12059.0,80479.50274944323,264219.0493129888,-8.63922493070487,-2.015991833957131,-1.3905229363387115,-1.2150360235912094,-11454.0,-0.3483356670657684,-1.83835479235703,0.1039467491299684,3.006188217764195,0.1039467491299684,3.006188217764195,-1.83835479235703,0.0,17.01258931609391,2.8354315526823184,39.696041737552456,19.848020868776228,39.696041737552456,59.54406260632868,-13.828118291392666,-48.38001452750466,0.262269834100941,-9.595254072679992,121.752195425226,-0.7788001850614346,-0.9143002674137256,0.4736729851244181,-3.3763653659468464,10856.227,-4.910071123256943,1.2000000000000028,0.3999999999999994,1.5999999999999943,5.384615384615388,1.9607843137254832,1.0,1.0,1.0,1.0,5.2777494065444,6.0,1.0,1.0,0.0,1.0,3.006188217764195,3.006188217764195,0.0,0.0,15.865908082265747,-11.03012875414218,0.1039467491299684,0.1039467491299684,0.5486048935329103,31698.708865393233,0.0,0.0,0.0,0.0,-2.015991833957131,-1.3905229363387115,-1.2150360235912094,21.0,South,-3.868505172332226,-3.8742332807535584,-3.752682499974362,2.6534691487410167,-1.4857828205297172,-1.264361149530273,-1.1353898255089834,-0.3525719718273128,4.714753228317454,14.489586084521784,10.208128133421235,0.5629961782269461,281602.6256021155,22440.825374912383,6.0,6.0,-8.123529174197019,-2.4792399087679384,-3.09680578406258,8.597202159321437,1.9607843137254832,2.0000000000000018,1.320261437908495,3.4238310708899045,131.08517966380506,142.62065452693238,235.30335860768741,-9.332984238579058,38603.0,38906.0,38924.666666666664,-3335.0,earthquake_m6,municipio,-1.3207152592686977
2021.0,Comerío,18990.0,0.0,15805.0,106.0,7243.0,195.0,14666.0,16491.95728891643,1925.0,270.96791666666667,13618.0,72.2,3864.0,525.6320005,15.0,2046.0,107.0,113.0,120.0,5.3,2.0,53.78,14.88,8655.0,28.62,18.91,19.75,26.24,13.54,99.82,0.0,1.75,0.21,4.06,19.62,11.0,0.06,18.2183,-66.2257,0.0,4.0,7.0,21.0,55.0,14666.0,16491.95728891643,270.96791666666667,72.0,45.0,72045.0,14.9,5.3,35.9,4.2,42.3,4.1,120.0,79.0,65.8,12.0,39.0,,19.0,8.0,35.0,0.0,2.0,0.0,0.8803434446993486,0.0,0.0,0.0,102.97424578383624,2.0,35.0,4.8,102.0,5413.0,37.0,2286.1563872342717,24082.973578992205,7.041186089147417,50.0,1.0,2.0,0.5833206727091931,1.1473003338951329,0.0,2.0,60.0,6.4,91.0,12044.0,1504.299122037879,199259.4519202175,0.2534051314539098,-0.9110057925223792,-0.5676988242036551,-0.4921495761806782,-8655.0,-0.0511686005945448,0.042714856022611,0.109025601425624,3.6678824375818624,0.109025601425624,3.6678824375818624,0.042714856022611,1.0,0.0,21.063717746182203,36.86150605581886,21.063717746182203,36.86150605581886,57.92522380200106,-0.053376541643793,-26.489776807659126,-20.4975540683954,-51.08900011613084,84.46837715130398,-1.466916354556802,-1.6121602947950286,-2.0043703602130813,2.031284796416588,5673.995,5.813263482344788,1.5,-2.299999999999999,0.6999999999999957,9.090909090909085,1.85185185185186,1.0,1.0,1.0,1.0,5.5773129572084805,6.0,1.0,1.0,0.0,1.0,3.6678824375818624,3.6678824375818624,1.0,1.0,20.456928244642747,0.256289136135666,0.109025601425624,0.109025601425624,0.6080698994985803,25462.725773046735,0.0,0.0,0.0,0.0,-0.9110057925223792,-0.5676988242036551,-0.4921495761806782,22.0,Central Mountains,-0.2947474693289376,-0.7107548342601633,-0.6503340635803045,-0.19740210685174064,0.6729893295612372,1.2473483880755647,1.2630892918645802,-0.6302744735386262,4.909012307473164,20.95914713670565,14.425879134090158,0.6683006497353166,215616.50406572985,22032.844589302396,6.0,6.0,2.818642636625901,5.279582112836945,0.19492309630797866,-4.823012996838982,1.85185185185186,5.882352941176472,4.296281322762023,7.2390572390572245,156.05493133583022,179.12892164389172,376.19850772050114,-71.58655418452624,18942.0,19224.0,19235.0,48.0,earthquake_m6,municipio,-0.7210095226563076
2021.0,Corozal,34631.0,0.0,28704.0,187.0,13001.0,263.0,19285.0,21686.0354777549,2104.0,270.96791666666667,24558.0,72.5,7022.0,721.3910174,21.4,5258.0,45.0,44.0,322.0,7.1,2.1,47.8,19.49,9639.0,28.0,19.79,19.39,22.53,10.77,99.62,0.0,0.74,0.72,4.05,15.39,256.0,0.74,18.3411,-66.3161,2.0,4.0,14.0,43.0,98.0,19285.0,21686.0354777549,270.96791666666667,72.0,47.0,72047.0,19.5,3.4,33.6,2.8,41.7,2.9,322.0,212.0,65.8,38.0,88.0,16.0,53.0,34.0,35.0,0.0,2.0,0.0,0.8220112745578184,0.0,0.0,0.0,118.00360147330326,2.0,35.0,4.46,89.0,5498.0,43.0,2169.23539313782,25146.75462440223,3.06109982005999,45.0,1.0,1.0,0.4798891260447013,0.8141993375076293,0.0,2.0,60.0,6.4,54.0,12083.0,966.411925360392,200942.19976791792,5.171890184645278,-0.4966648378620264,-0.2269330148974679,-0.1803178270431304,-9639.0,-0.14138343006266,-0.5132851928553284,-0.0103731398337402,3.2874558487432908,-0.0103731398337402,3.2874558487432908,-0.5132851928553284,0.0,5.775172533279432,11.550345066558863,40.42620773295602,17.325517599838296,40.42620773295602,57.75172533279432,-25.191489202882796,-38.53394775781171,0.7259620266016853,-31.48760570326212,121.47716229348882,-1.7074626865671627,-1.9464364115322708,8.799194240448838,5.9385188643052675,9644.544,12.630854161781269,2.0,-6.399999999999999,-1.0,6.270627062706269,0.6644518272425293,1.0,1.0,1.0,1.0,5.0195970618576675,6.0,1.0,1.0,0.0,1.0,3.2874558487432908,3.2874558487432908,0.0,0.0,16.50170371933863,-3.07971115713197,-0.0103731398337402,-0.0103731398337402,-0.0520689822316815,-2462.81845744191,0.0,0.0,0.0,0.0,-0.4966648378620264,-0.2269330148974679,-0.1803178270431304,23.0,Central Mountains,1.54115710522591,0.9452654343102608,0.9796757544411486,-1.7214749322690406,0.0324016077605891,0.6319814493036828,0.5017866906728349,-0.5456868006159175,4.402198341735076,14.171654255770534,9.787373467827974,0.6173987201225914,219915.098784208,26753.41136837235,6.0,6.0,10.458820722817896,-1.4424583703509295,2.952953849531529,-1.6596264823690579,0.6644518272425293,5.98591549295775,2.814160671846929,5.6061752354637395,152.23880597014926,99.5170496121762,287.1648327088749,-30.76164367666044,32928.0,33500.0,33531.0,1703.0,earthquake_m6,municipio,-0.4670565035994181
2021.0,Cayey,42134.0,0.0,35912.0,141.0,19742.0,313.0,23823.0,26789.028944078556,1807.0,270.96791666666667,30858.0,77.5,9928.0,805.067078,26.4,8160.0,453.0,159.0,504.0,6.6,1.3,40.15,7.51,14492.0,22.83,17.38,21.74,31.91,14.98,99.93,0.0,4.71,0.18,1.31,18.01,137.0,0.33,18.1119,-66.1663,2.0,22.0,33.0,92.0,222.0,23823.0,26789.028944078556,270.96791666666667,72.0,35.0,72035.0,7.5,2.1,37.3,2.1,40.5,2.1,504.0,295.0,58.5,57.0,121.0,34.0,103.0,26.0,35.0,1.0,2.0,0.3480789184799411,0.9406181235830776,0.0,0.0,0.0,90.55190975898462,2.0,35.0,4.8,93.0,5126.0,30.0,2282.4638168571687,21479.200660143262,1.3642541829675665,50.0,1.0,2.0,0.7056126047326056,1.2693659806446749,0.0,2.0,60.0,6.4,115.0,11978.0,1914.6771074739177,194554.93899444863,-2.3002365162546945,-1.483362605022076,-1.0773849373844624,-0.9722227604056944,-14492.0,-0.3166827137043292,-2.5486776659054486,0.0136398735063443,2.200618898196422,0.0136398735063443,2.200618898196422,-2.5486776659054486,0.0,4.746760336070632,52.21436369677695,78.32154554516542,56.96112403284758,78.32154554516542,135.282669578013,1.310240575072683,31.945809330353008,-12.865731821430316,-40.41197647218085,102.02661967258732,-1.5050816489665442,-1.6730294183696426,-1.497054093603345,1.1912566213310083,13395.176,0.195226655903502,0.5999999999999943,-0.5999999999999996,0.5,3.2786885245901676,3.609341825902334,1.0,1.0,1.0,1.0,5.703175510937491,6.0,1.0,1.0,0.0,1.0,2.200618898196422,2.200618898196422,0.0,0.0,12.550515809100078,-15.292065995432692,0.0136398735063443,0.0136398735063443,0.0777905925536682,3083.2656301731326,0.0,0.0,0.0,0.0,-1.483362605022076,-1.0773849373844624,-0.9722227604056944,17.0,Central Mountains,-1.486693374869208,-1.7636301305558044,-1.692345515976316,0.5144706144635135,-2.3472463895182716,-1.942392653741036,-1.9094977656126455,-0.20143127638717706,5.155121778094166,18.757279857909865,13.058830029068053,0.548053732843325,209784.2807642095,20228.35823071313,6.0,6.0,1.332726984569077,3.738096973027294,2.294237093167576,-2.829781078172422,3.609341825902334,2.3913043478260843,1.712859069403727,-0.33065330131216664,155.30432796619846,222.3220300920728,489.7972975350555,-53.27770829361114,43126.0,43785.0,43813.666666666664,-992.0,earthquake_m6,municipio,-1.138314926374674
2021.0,Culebra,1293.0,246.0,1103.0,207.0,1464.0,109.0,25104.0,28229.5169631091,5802.0,270.96791666666667,940.0,81.6,332.0,86.31338251,17.6,165.0,0.0,15.0,47.0,13.5,5.7,23.02,2.51,16250.0,31.28,17.01,32.64,7.12,8.38,94.35,0.0,7.38,0.55,34.15,17.18,0.0,0.0,18.303,-65.301,2.0,1.0,9.0,9.0,24.0,25104.0,28229.5169631091,270.96791666666667,72.0,49.0,72049.0,2.5,2.9,56.3,6.8,57.8,7.0,47.0,35.0,74.5,11.0,8.0,3.0,,,35.0,0.0,2.0,0.0,0.5613918908041875,1.0,0.0,0.0,139.9785456025938,2.0,35.0,4.8,21.0,175.0,31.0,2979.9287015981126,7549.188354730026,7.725398746774338,45.0,1.0,1.0,0.4401377479233436,0.7095401250890069,0.0,2.0,60.0,4.54,16.0,81.0,1156.5317675068886,2930.2718692161543,-5.689277899343548,-8.275328692962102,-0.4651188004625606,2.366843528140561,-16250.0,-0.392810927978437,-2.516269741650251,0.5933776139579584,2.772809558604166,0.5933776139579584,2.772809558604166,-2.516269741650251,0.0,154.67904098994586,77.33952049497293,696.0556844547564,232.0185614849188,696.0556844547564,928.0742459396752,232.0185614849188,-106.27837827317956,-76.27765064836004,192.11285754105563,802.3340627279359,4.576659038901609,-0.2283105022831022,-6.532619879877711,-0.5484077506058578,620.9889999999999,0.2630134332213929,1.0,-0.7999999999999998,0.6999999999999957,14.634146341463406,2.499999999999991,1.0,1.0,1.0,1.0,12.060340174521588,6.0,1.0,1.0,0.0,1.0,2.772809558604166,2.772809558604166,0.0,0.0,33.44102651593129,-15.097618449901505,0.5933776139579584,0.5933776139579584,7.156335876278927,8794.669685202682,0.0,0.0,0.0,0.0,-6.8200324295359085,-0.4651188004625606,1.9548955238758428,24.0,East,-2.2378918145158355,-3.2849637094283235,-2.019481150789948,4.604735342656396,-1.506950179745392,-0.439548727696477,-0.4750745929174866,-1.009319561904859,11.67450568744222,21.91272223057618,14.903513996655397,0.38583448707936796,11275.150575878062,13282.069651055404,6.0,6.0,8.603691859827034,-3.716295231766898,1.4582785115208161,-15.136311739704745,2.499999999999991,2.564102564102555,2.565227170490325,12.134146341463415,686.4988558352403,1141.552511415525,966.3339452638651,115.83520689269562,1371.0,1311.0,1332.0,-78.0,earthquake_m6,municipio,1.909877213450131
2021.0,Fajardo,32336.0,0.0,26977.0,128.0,18336.0,298.0,21701.0,24402.834114739904,1617.0,270.96791666666667,23310.0,83.1,7870.0,703.3327804,28.9,6743.0,171.0,90.0,495.0,8.1,1.6,42.71,25.64,13423.0,17.47,18.57,22.63,23.18,14.32,99.73,0.0,10.08,0.07,3.73,14.76,140.0,0.43,18.3258,-65.6524,13.0,9.0,32.0,64.0,172.0,21701.0,24402.834114739904,270.96791666666667,72.0,53.0,72053.0,25.6,3.0,37.2,2.0,50.0,2.1,495.0,289.0,58.4,64.0,110.0,33.0,92.0,12.0,35.0,0.0,2.0,0.0,0.5920210444001153,1.0,0.0,0.0,123.51431442066088,2.0,35.0,4.8,33.0,240.0,32.0,2259.3816395944737,7427.715339631954,11.009986161263118,45.0,1.0,1.0,0.5335011795645682,0.982693254070981,0.0,2.0,60.0,4.54,23.0,119.0,838.1631616200071,2826.6869935522777,6.849948782341464,-1.0885700148441368,-0.9008912763247,-0.8808602311259239,-13423.0,-0.1456210953822196,-2.224516902553789,0.1588273299407502,1.4878972133334556,0.1588273299407502,1.4878972133334556,-2.224516902553789,0.0,40.20286986640277,27.832756061355763,98.96091044037608,68.03562592775853,98.96091044037608,166.9965363681346,5.252689668960656,-13.387501812209608,-62.57465430402557,-6.580583922400663,175.13134851138355,-2.7257240204429323,-2.781163088653482,3.878204365861726,1.8010671362715132,10035.444,4.235676252393117,-1.1999999999999955,-0.2999999999999971,-1.8999999999999984,4.210526315789465,-0.4192872117400381,1.0,1.0,1.0,1.0,7.72839758172373,6.0,1.0,1.0,0.0,1.0,1.4878972133334556,1.4878972133334556,0.0,0.0,11.499061225379757,-13.347101415322733,0.1588273299407502,0.1588273299407502,1.2274807526257314,2503.604677389574,0.0,0.0,0.0,0.0,-1.0885700148441368,-0.9008912763247,-0.8808602311259239,26.0,East,1.6181471152217908,0.9267453820075212,0.9642097717956322,-2.4990073463477147,-1.687859630128747,-1.516758949027394,-1.4305598822767314,-0.536657272425042,7.30668754263624,16.864312706994596,11.627209891124267,0.4217100390874897,13233.570945947387,16633.06420881864,6.0,6.0,1.4413045869839936,0.0836924559688201,-0.06713089765375917,2.4368997788777325,-0.4192872117400381,-0.4175365344467607,-0.6913123827495501,4.629813527529502,244.28658673780976,268.74160182494296,505.60249268544254,-69.1552382264262,30263.0,31111.0,31125.0,2073.0,earthquake_m6,municipio,-1.1052739636582862
2021.0,Florida,11725.0,0.0,9775.0,93.0,5001.0,133.0,21487.0,24162.190526861268,3659.0,270.96791666666667,8137.0,78.4,2789.0,488.9836398,18.9,1536.0,45.0,69.0,54.0,4.4,1.8,49.12,19.74,9963.0,23.12,19.2,20.45,21.05,15.89,99.05,0.0,3.68,0.0,5.43,13.11,14.0,0.12,18.3625,-66.5614,2.0,1.0,9.0,16.0,47.0,21487.0,24162.190526861268,270.96791666666667,72.0,54.0,72054.0,19.7,6.5,36.9,3.9,46.0,4.3,54.0,30.0,55.6,9.0,17.0,,8.0,5.0,35.0,0.0,2.0,0.0,0.6849292934335598,0.0,0.0,0.0,127.84161221372872,2.0,35.0,4.46,679.0,5571.0,48.0,5886.9449365751025,31225.741906229603,15.410542191903833,50.0,0.0,2.0,0.0,1.045162512543136,0.0,2.0,60.0,6.4,2047.0,12124.0,47666.34844558686,251267.04537979988,1.8413966820116423,-0.7164179104477642,-0.4316351693304909,-0.5517235361698569,-9963.0,-0.1978619864331322,-0.7123316544361543,0.0863913708960629,2.9799113813528546,0.0863913708960629,2.9799113813528546,-0.7123316544361543,0.0,17.057569296375267,8.528784648187633,76.75906183368869,25.5863539445629,76.75906183368869,102.3454157782516,16.900520538847623,33.329894805112296,-34.06016984298096,-59.16124076829458,52.11500043429167,-1.5730529195520204,-1.788413098236774,1.5109983034672814,-0.6537031252570065,3606.975,1.876696426806168,-0.1000000000000014,0.8000000000000007,0.2999999999999971,-6.896551724137934,11.538461538461542,1.0,1.0,1.0,1.0,4.398186999088191,6.0,1.0,1.0,0.0,1.0,2.9799113813528546,2.9799113813528546,0.0,0.0,13.106207495901057,-4.273989926616926,0.0863913708960629,0.0863913708960629,0.3799654043084698,25738.31050120975,0.0,0.0,0.0,0.0,-0.7164179104477642,-0.4316351693304909,-0.5517235361698569,27.0,North,0.3203485085031765,-0.1598404323078894,-0.11998945381290389,-0.8720720446730335,-0.3703135055160226,-0.2343441118583738,-0.24970666552808654,-0.3420181489201317,3.9299351875802095,12.32873548253357,8.639770319845285,0.46825181150798123,275746.6757823671,32598.390634003143,6.0,6.0,-2.3051626165083494,-1.1669450627299516,4.58038978128021,3.816160919975631,11.538461538461542,-3.703703703703709,3.2405167625293405,-18.435013262599476,145.33641104556722,176.32241813602013,370.81104300561424,-93.22141061127554,11513.0,11697.0,11706.666666666666,212.0,earthquake_m6,municipio,-0.7850895677193965
2021.0,Guayama,37388.0,0.0,31280.0,173.0,17904.0,393.0,17815.0,20033.01643952313,1606.0,270.96791666666667,26525.0,78.6,10365.0,790.9652331,21.1,5595.0,156.0,107.0,458.0,5.5,1.6,50.6,7.51,11032.0,21.89,18.8,19.24,21.95,13.16,99.7,0.0,6.83,0.34,2.47,15.71,2579.0,6.9,17.9741,-66.11,8.0,19.0,35.0,59.0,194.0,17815.0,20033.01643952313,270.96791666666667,72.0,57.0,72057.0,7.5,3.0,28.8,2.8,31.1,2.7,458.0,276.0,60.3,61.0,120.0,29.0,95.0,21.0,35.0,1.0,2.0,0.4119392223244564,1.037543958540896,0.0,0.0,0.0,74.96399008209247,2.0,35.0,4.8,113.0,4783.0,24.0,2126.696061466031,18873.572221496128,6.104586963453984,50.0,1.0,2.0,0.9429361813297794,1.7067840817831574,0.0,2.0,60.0,6.4,77.0,11797.0,1201.2295221007712,184833.1181192417,-6.990397532215531,-2.736172033807638,-2.085237383708216,-1.8991836070832544,-11032.0,0.248432513142572,-2.774356316071649,0.135326041666041,2.504548882712824,0.135326041666041,2.504548882712824,-2.774356316071649,0.0,21.397239756071468,50.818444420669735,93.61292393281268,72.2156841767412,93.61292393281268,165.8286081095539,2.560477450038377,-20.82062997534196,13.40535957954834,-51.87034200517169,184.08876063485744,-1.6899410599427678,-1.958950750491539,-1.734072275937737,0.300012252716216,9008.64,-5.494325656341859,0.1999999999999993,-1.3000000000000007,-0.2999999999999971,1.55210643015522,2.499999999999991,1.0,1.0,1.0,1.0,6.3711080007278635,6.0,1.0,1.0,0.0,1.0,2.504548882712824,2.504548882712824,0.0,0.0,15.956751424865704,-16.64613789642989,0.135326041666041,0.135326041666041,0.8621768267653465,29058.374548770105,0.0,0.0,0.0,0.0,-2.736172033807638,-2.085237383708216,-1.8991836070832544,28.0,South,-3.7483803355875978,-3.8330813279223057,-3.7196900856562873,1.8491967285043434,-2.24870281099205,-1.915690236367262,-1.8716148604290133,-0.5256535050795987,5.751091366230332,17.173176163119802,12.15688791068871,0.6200166344975315,200397.1712585891,19247.37510165663,6.0,6.0,-0.9055734559661356,3.5396824900525203,2.3776587702608523,-0.8284988199716014,2.499999999999991,4.761904761904767,1.1239148596127995,-0.947893569844771,222.55374306048083,203.80760562029445,445.5559968782167,-38.46498242562339,40198.0,40889.0,40931.0,-2810.0,earthquake_m6,municipio,-1.9447206027051687
2021.0,Guayanilla,18047.0,0.0,14897.0,93.0,8271.0,163.0,19023.0,21391.41575801563,1725.0,270.96791666666667,12883.0,77.1,3840.0,352.286815,24.3,3125.0,74.0,59.0,108.0,3.7,1.2,53.25,23.88,9273.0,23.95,19.29,22.21,14.25,15.81,99.77,0.0,1.44,0.22,5.08,15.34,79.0,0.44,18.013,-66.7919,8.0,1.0,10.0,13.0,67.0,19023.0,21391.41575801563,270.96791666666667,72.0,59.0,72059.0,23.9,4.3,28.8,2.6,37.8,2.6,108.0,69.0,63.9,21.0,20.0,5.0,20.0,10.0,35.0,1.0,2.0,0.3420036471674896,1.1954351855858834,0.0,0.0,0.0,92.33808992937269,2.0,35.0,4.46,5319.0,5483.0,39.0,87433.14248970449,89611.82192099879,0.1399598402562567,55.0,1.0,2.0,0.5957130080708339,1.5940043998579132,0.0,2.0,60.0,6.4,11990.0,12061.0,993157.358311552,994086.6557498826,-0.1825221238938024,-2.0889898598104972,-1.758126964342921,-1.702219423450846,-9273.0,-0.0363955159800328,-0.0840854244179384,0.1495780371059543,3.2481078277989313,0.1495780371059543,3.2481078277989313,-0.0840854244179384,0.0,44.32869729040838,5.541087161301047,55.41087161301048,49.86978445170943,55.41087161301048,105.2806560647199,22.21491719507226,16.694057453718443,-4.753040272800014,-4.493729213290877,66.3716814159292,-2.344171977962628,-2.59890572390572,2.116649049282171,1.3735120320675032,4290.336,-4.288818998676214,-1.3999999999999986,0.2999999999999971,-1.7000000000000028,18.68131868131868,-3.1914893617021267,1.0,1.0,1.0,1.0,4.755541589044122,6.0,1.0,1.0,0.0,1.0,3.2481078277989313,3.2481078277989313,0.0,0.0,15.44651186079758,-0.5045125465076303,0.1495780371059543,0.1495780371059543,0.7113245762649505,165445.38745130238,0.0,0.0,0.0,0.0,-2.0889898598104972,-1.758126964342921,-1.702219423450846,29.0,South,-1.23570832914619,-1.5432649234225049,-1.4978183583969296,-0.466511094304656,0.1022336793210638,0.2154953208215344,0.26784417915282427,-0.18631910373900218,3.860159514883727,8.597114340590625,6.362762064154885,0.8953820741603948,1024406.399223073,35101.14687673039,6.0,6.0,1.1323229759976128,0.8715640709227257,4.073129259169813,0.9843260732845582,-3.1914893617021267,-2.083333333333337,0.07322759982334419,21.872808043020804,75.6184509020201,152.56734006734004,227.59255994139906,-9.246769486090898,18080.0,18514.0,18534.0,-33.0,earthquake_m6,municipio,-1.8061177996611595
2021.0,Guaynabo,90014.0,0.0,77938.0,227.0,40225.0,394.0,39176.0,44053.51962025024,2063.0,270.96791666666667,68437.0,85.7,12173.0,1144.665017,46.2,31616.0,1757.0,387.0,2267.0,5.6,0.9,25.06,9.02,25140.0,14.45,15.52,23.4,23.1,8.96,98.76,0.0,15.26,0.08,2.22,11.1,648.0,0.72,18.358,-66.1111,14.0,20.0,65.0,246.0,454.0,39176.0,44053.51962025024,270.96791666666667,72.0,61.0,72061.0,9.0,1.4,45.6,1.5,50.5,1.5,2267.0,1213.0,53.5,204.0,284.0,381.0,283.0,126.0,35.0,0.0,2.0,0.0,0.7967624061048204,0.0,0.0,0.0,117.65009969863377,2.0,35.0,4.8,63.0,3535.0,26.0,2140.8384346943226,15718.657501363425,3.744358827924872,45.0,1.0,1.0,0.5202603529076993,0.8098106612926019,0.0,2.0,60.0,6.4,24.0,9943.0,708.0451397911988,144240.3644174731,5.51153413353338,-0.5110316173039697,-0.2842487219430367,-0.2360757985416239,-25140.0,-0.9100279802614518,-6.363538287652271,-0.531871667034631,-2.3396176098054897,-0.531871667034631,-2.3396176098054897,-6.363538287652271,0.0,15.553136178816628,22.21876596973804,72.21098940164863,37.771902148554666,72.21098940164863,109.9828915502033,-25.52517212001248,-25.078958085223093,-27.573326136323757,-37.290265771004655,160.58702175543883,-1.8691696285816128,-1.9466970438627107,3.74753179204006,2.2966642426324473,35539.728,1.829716946749227,-2.1000000000000014,-0.5,-2.6000000000000014,3.6106032906764174,1.390176088971273,1.0,1.0,1.0,1.0,5.656080554061145,6.0,1.0,1.0,0.0,1.0,-2.3396176098054897,-2.3396176098054897,0.0,0.0,-13.233065666759844,-38.181229725913624,-0.531871667034631,-0.531871667034631,-3.0083089931706604,-90344.66577950065,0.0,0.0,0.0,0.0,-0.5110316173039697,-0.2842487219430367,-0.2360757985416239,30.0,Metro,1.6114127677174128,0.9935053810614214,1.0367585749374724,-1.8474885662590368,-6.044523978341161,-5.809181758452458,-5.754318789461035,-0.3190143093111102,5.0487654752389295,16.803384054185603,11.535342032315471,0.6073150788222152,161000.4837388522,23368.813821063733,6.0,6.0,-0.8388422208105428,3.981303156667826,0.13633434144254922,4.586374012850603,1.390176088971273,2.8598665395614953,2.015095885072945,2.220427201705144,225.4506136627673,242.4912308403731,512.5477291378257,-64.86359190732847,85312.0,86937.0,86970.66666666667,4702.0,earthquake_m6,municipio,-0.5188872313982851
2021.0,Gurabo,41237.0,0.0,34516.0,235.0,17014.0,360.0,35470.0,39886.11243951083,4466.0,270.96791666666667,29547.0,81.7,7201.0,968.5298137,32.5,9599.0,481.0,250.0,380.0,8.1,1.7,30.53,15.0,21634.0,18.73,18.85,16.75,23.03,13.35,98.53,0.0,1.65,0.0,4.24,10.16,313.0,0.76,18.2544,-65.9728,5.0,12.0,7.0,55.0,112.0,35470.0,39886.11243951083,270.96791666666667,72.0,63.0,72063.0,15.0,3.1,48.3,2.8,57.2,2.5,380.0,228.0,60.0,38.0,55.0,49.0,61.0,37.0,35.0,0.0,2.0,0.0,0.831909571184081,0.0,0.0,0.0,106.97567436843568,2.0,35.0,4.8,59.0,1867.0,19.0,1414.6260405806488,10695.214919350368,13.446714042350312,45.0,1.0,1.0,0.6239128119226841,1.093446078746807,0.0,2.0,60.0,6.4,23.0,5754.0,533.4308217525203,103425.8676690773,-12.16452245037062,-1.7460048015132013,-1.0408951612476236,-0.8223547112544249,-21634.0,-0.8457686703036871,-3.479472052075103,-0.3926532157295741,0.8167886364645985,-0.3926532157295741,0.8167886364645985,-3.479472052075103,0.0,12.125033343841697,29.10008002522007,16.975046681378373,41.225113369061766,16.975046681378373,58.20016005044014,17.79493529970844,-12.845179952344044,-46.917295816811674,-29.86853908787213,53.250404703075745,0.0810061820507357,0.0341195035612251,-4.191749409108592,-0.755425212069379,16671.228,-7.507086255078565,1.7999999999999972,-1.0,1.6000000000000014,9.5100864553314,2.0588235294117574,1.0,1.0,1.0,1.0,6.3613564648361,6.0,1.0,1.0,0.0,1.0,0.8167886364645985,0.8167886364645985,0.0,0.0,5.195883672978737,-20.876832312450617,-0.3926532157295741,-0.3926532157295741,-2.4978070723200103,-47386.70498907681,0.0,0.0,0.0,0.0,-1.7460048015132013,-1.0408951612476236,-0.8223547112544249,31.0,East,-4.897085222675546,-4.766309126880164,-4.619335903744041,4.074730511421121,-2.860325346565845,-2.556912928535733,-2.565987270802916,-0.6191467055092579,5.887126912979372,17.84002932840659,12.377061584962448,0.47422955185672766,115046.66310126112,16891.28189304272,6.0,6.0,-0.2531354034620237,2.178609176362478,0.8814727120170281,-3.9386140056465684,2.0588235294117574,3.0303030303030276,1.4955723070535238,7.451262925919643,130.03623960775954,121.5507314368576,377.01778104653886,-76.7858349046838,46948.0,46910.0,46917.333333333336,-5711.0,earthquake_m6,municipio,-0.9470903351121673
2021.0,Dorado,36030.0,0.0,30027.0,165.0,15763.0,252.0,29744.0,33447.2097096366,4198.0,270.96791666666667,25509.0,82.2,7057.0,778.1548689,31.3,7978.0,312.0,184.0,675.0,6.0,1.6,30.86,16.13,18004.0,18.27,19.87,18.22,15.01,10.31,97.01,0.0,2.35,0.7,4.19,10.47,53.0,0.15,18.4588,-66.2677,9.0,22.0,22.0,120.0,279.0,29744.0,33447.2097096366,270.96791666666667,72.0,51.0,72051.0,16.1,2.5,40.7,2.4,48.8,2.5,675.0,434.0,64.3,79.0,87.0,153.0,92.0,25.0,35.0,0.0,2.0,0.0,0.7643424425173349,0.0,0.0,0.0,130.06901468665262,2.0,35.0,4.2,51.0,4878.0,34.0,2201.5995064848116,20089.332846734746,1.2032378520798384,45.0,1.0,1.0,0.437332636264696,0.7481150755783401,0.0,2.0,60.0,6.4,29.0,11732.0,702.6290167043883,169859.2968355919,-1.2200137080191964,-0.6772134332500679,-0.2974170277113552,-0.2039497642439602,-18004.0,-0.8873081152137462,-2.9384009876972232,-0.2900054851883827,0.6406085885025358,-0.2900054851883827,0.6406085885025358,-2.9384009876972232,0.0,24.97918401332223,61.060227588121016,61.060227588121016,86.03941160144325,61.060227588121016,147.09963918956427,1.049692615836662,-59.57034129467544,-48.151601015480296,-55.98546785333919,205.62028786840304,-0.8912316930684949,-1.088475596645888,-4.815576544136113,-2.3786975641781742,12220.989,4.330215802648496,1.4000000000000057,-2.6999999999999993,0.0999999999999943,8.520900321543401,4.013377926421402,1.0,1.0,1.0,1.0,5.213608552337546,6.0,1.0,1.0,0.0,1.0,0.6406085885025358,0.6406085885025358,0.0,0.0,3.3398824157177045,-17.63040592618334,-0.2900054851883827,-0.2900054851883827,-1.511975077802952,-58316.31067553024,0.0,0.0,0.0,0.0,-0.6772134332500679,-0.2974170277113552,-0.2039497642439602,25.0,North,-0.6059027432140929,-0.9297378971608984,-0.8674355169852525,0.4019529789701327,-2.41190599653564,-2.182072485744519,-2.0078387860049935,-0.526494991161583,4.6385440678203205,15.029558189099133,10.332169803925572,0.5750644845172257,189134.6754458221,27769.653056973108,6.0,6.0,-4.065464406826824,1.7449482584284135,-1.2201794422295078,-0.7501121373092889,4.013377926421402,9.724770642201827,5.458227802849301,4.507522395121999,309.7573567372225,301.0105353687379,901.6788295603011,-104.13706886881945,36475.0,36803.0,36828.666666666664,-445.0,earthquake_m6,municipio,-0.4539463108172276
2021.0,Guánica,14297.0,0.0,11802.0,81.0,9413.0,156.0,12856.0,14456.607316671869,1386.0,270.96791666666667,10351.0,70.2,3867.0,329.2931824,15.1,1561.0,28.0,27.0,89.0,4.0,1.3,66.81,34.08,7489.0,31.0,19.05,25.3,37.03,12.45,99.33,0.0,4.29,0.15,4.3,11.07,88.0,0.62,17.9716,-66.908,2.0,1.0,10.0,29.0,65.0,12856.0,14456.607316671869,270.96791666666667,72.0,55.0,72055.0,34.1,5.7,24.7,2.4,37.4,2.3,89.0,51.0,57.3,14.0,22.0,,19.0,5.0,35.0,1.0,2.0,0.3922439243035833,1.2452826947876598,0.0,0.0,0.0,79.23019027545523,2.0,35.0,4.46,5326.0,5469.0,38.0,112165.01389798352,114039.10849675238,0.1445152487198422,55.0,1.0,2.0,0.7182235542716001,1.7170972008564818,0.0,2.0,60.0,6.4,11987.0,12057.0,976977.8593100432,977972.2848522976,-9.65560821484992,-4.301601734629646,-3.673110229061294,-3.4818354273112195,-7489.0,0.3357767151782009,-0.1446910435328134,0.3500547207775986,3.8600002552282047,0.3500547207775986,3.8600002552282047,-0.1446910435328134,1.0,13.988948730502903,6.994474365251452,69.9447436525145,20.98342309575435,69.9447436525145,90.92816674826886,-4.293038199664288,6.753590413967906,6.863645975956299,-71.83615910417726,88.46761453396525,-2.872399189836128,-2.9196210451051696,-0.0135023454146732,-3.4250629379054023,2915.094,-5.178363018216869,1.3000000000000007,-0.6999999999999957,1.5,1.1363636363636465,-6.382978723404253,1.0,1.0,1.0,1.0,4.8051423840387795,6.0,1.0,1.0,0.0,1.0,3.8600002552282047,3.8600002552282047,1.0,1.0,18.547850828797554,-0.8681462611968804,0.3500547207775986,0.3500547207775986,1.6820627755412991,391671.6174001554,0.0,0.0,0.0,0.0,-4.301601734629646,-3.673110229061294,-3.4818354273112195,32.0,West,-5.710045805925013,-5.655589281330831,-5.523083501266442,2.2282103786137935,-0.0038006986647215,0.013438988994648,0.13965635674199298,-0.1408903448680919,3.8808652750105015,8.030128253633324,6.03278643129417,0.924277109028278,1012526.0756195794,39223.44548590547,6.0,6.0,-6.648664136856974,-3.61302233144456,-2.6994751286080017,6.635161791442301,-6.382978723404253,-4.081632653061229,-1.6960890968146607,7.5193423597679,153.4401276621862,196.62753977238873,349.46658343700346,-64.97251312822095,15825.0,16293.0,16300.333333333334,-1528.0,earthquake_m6,municipio,-3.3521559613377176
2021.0,Cataño,23536.0,0.0,19617.0,101.0,10775.0,185.0,20089.0,22590.13568642044,1899.0,270.96791666666667,16870.0,76.9,5721.0,463.0172783,20.7,3491.0,98.0,67.0,325.0,7.5,1.1,46.08,14.1,13653.0,23.76,18.86,21.62,19.63,16.57,99.04,0.0,10.2,0.3,4.35,24.53,6.0,0.03,18.4388,-66.1182,6.0,2.0,19.0,58.0,113.0,20089.0,22590.13568642044,270.96791666666667,72.0,33.0,72033.0,14.1,2.8,38.2,2.4,45.0,2.2,325.0,124.0,38.2,27.0,47.0,18.0,28.0,18.0,35.0,0.0,2.0,0.0,0.7608529705855748,0.0,0.0,0.0,126.64342984032425,2.0,35.0,4.8,47.0,2653.0,28.0,1895.294336011279,14129.913314409076,4.776087714541953,45.0,1.0,1.0,0.4720565584656869,0.7567173104081955,0.0,2.0,60.0,6.4,21.0,7526.0,588.0293741715169,119216.42361337376,-0.6836019917292546,-2.0224337185588026,-1.645074518774592,-1.537510996547253,-13653.0,-0.0330849463837766,-1.0876123064934868,0.5923933271129839,3.40790293009356,0.5923933271129839,3.40790293009356,-1.0876123064934868,0.0,25.492861998640382,8.497620666213459,80.72739632902788,33.99048266485384,80.72739632902788,114.71787899388173,-33.52576343186317,-3.6679112918683927,-10.766478142086498,-35.08885042780382,151.9115537176133,-2.360842157307075,-2.479106396657027,2.9175151772419694,0.7847470123010162,7493.694,-0.4193084400673563,-0.1999999999999957,-2.5999999999999996,-1.3999999999999986,1.2461059190031154,-0.92592592592593,1.0,1.0,1.0,1.0,5.563799829039803,6.0,1.0,1.0,0.0,1.0,3.40790293009356,3.40790293009356,0.0,0.0,18.960889739838795,-6.5256738389609215,0.5923933271129839,0.5923933271129839,3.29595789211554,84508.24640108194,0.0,0.0,0.0,0.0,-2.0224337185588026,-1.645074518774592,-1.537510996547253,16.0,Metro,-1.325622365257095,-1.6916189345290933,-1.620612118551697,-0.211888631290158,-0.6508325490897641,-0.153940269809495,-0.16770556581682813,-0.43677975740372277,4.985643593041375,15.780025035744137,10.833154705494538,0.5781562359984287,136028.62609521515,24086.272059873045,6.0,6.0,5.549380184156338,-6.112654324495259,-1.69625241383864,-2.631865006914369,-0.92592592592593,-1.8181818181818188,-1.115505794220654,2.1720318449290454,197.7668822875036,329.4760527161684,623.7518124818517,-45.855328569890304,23698.0,24271.0,24285.666666666668,-162.0,earthquake_m6,municipio,-1.6549057477301565
2021.0,Canóvanas,42811.0,0.0,35437.0,144.0,17529.0,332.0,23517.0,26444.931103467046,1645.0,270.96791666666667,30565.0,77.7,8733.0,739.6499172,26.4,8075.0,325.0,165.0,369.0,10.7,1.6,38.39,20.96,15824.0,22.59,19.35,17.97,19.9,14.39,99.93,0.0,4.26,0.1,6.8,9.85,55.0,0.13,18.3791,-65.9011,15.0,17.0,24.0,86.0,235.0,23517.0,26444.931103467046,270.96791666666667,72.0,29.0,72029.0,21.0,3.0,41.1,1.9,52.3,2.0,369.0,190.0,51.5,44.0,97.0,20.0,68.0,17.0,35.0,0.0,2.0,0.0,0.7624834980191695,0.0,0.0,0.0,121.82335381821476,2.0,35.0,4.8,45.0,466.0,28.0,1286.888281518896,7884.976666477723,2.3513112593219505,45.0,1.0,1.0,0.526238458609239,0.977786811148896,0.0,2.0,60.0,5.0,23.0,1191.0,634.5396131579985,14668.207350926932,-5.117464539007088,-1.385158020135013,-0.908096473925646,-0.7808036839082932,-15824.0,-0.4359837135054423,-1.825307780614895,-0.1439524561292058,1.9516579848484,-0.1439524561292058,1.9516579848484,-1.825307780614895,0.0,35.03772394945224,39.70942047604588,56.06035831912359,74.74714442549812,56.06035831912359,130.8075027446217,-7.256401673792666,-1.5637551560537162,-16.706640791996406,-38.892513707414615,139.62765957446808,-1.0265859436693892,-1.1277869350221237,3.940958222353119,1.7853819364790728,14564.607000000002,-0.8483565911990842,1.5,-1.1999999999999993,1.0999999999999943,0.2717391304347893,3.9548022598870025,1.0,1.0,1.0,1.0,6.425634142922364,6.0,1.0,1.0,0.0,1.0,1.9516579848484,1.9516579848484,0.0,0.0,12.540640182748938,-10.95184668368937,-0.1439524561292058,-0.1439524561292058,-0.9249858170613592,-4133.731940953797,0.0,0.0,0.0,0.0,-1.385158020135013,-0.908096473925646,-0.7808036839082932,14.0,East,-2.3315696989358647,-2.527440101790268,-2.4339089786300137,1.5507660150275715,-1.070979065647484,-0.6304192817902587,-0.6335266960920457,-0.7543287149674109,5.837577001297198,16.372333152828666,11.298959824400077,0.5880571416251659,26813.544145329408,18511.11313454099,6.0,6.0,0.3740123910312753,1.0411751960528235,0.796607635395456,3.566945831321844,3.9548022598870025,9.597523219814242,2.850775159900413,-3.683063129452213,195.2268140738791,206.03799774442615,505.0041445381368,-55.599154499411014,45120.0,45588.0,45605.333333333336,-2309.0,earthquake_m6,municipio,-0.9506503882133192
2021.0,Adjuntas,18068.0,0.0,15051.0,107.0,7584.0,160.0,15375.0,17289.22973660781,1242.0,270.96791666666667,13018.0,65.1,3881.0,466.2928265,14.4,1875.0,20.0,17.0,147.0,4.9,1.4,67.07,24.64,7527.0,35.44,19.03,20.97,14.9,11.66,99.51,0.0,4.61,0.0,2.35,14.06,74.0,0.41,18.1627,-66.7222,1.0,8.0,8.0,19.0,60.0,15375.0,17289.22973660781,270.96791666666667,72.0,1.0,72001.0,24.6,5.9,28.8,2.5,38.2,3.1,147.0,99.0,67.3,23.0,50.0,9.0,21.0,9.0,35.0,0.0,2.0,0.0,1.0891749170991962,0.0,0.0,0.0,106.16526147168383,2.0,35.0,4.46,5277.0,5525.0,41.0,46635.407169758946,49905.807074300465,2.8042051735770586,55.0,1.0,2.0,0.5149284871127813,1.465644312639839,0.0,2.0,60.0,6.4,11964.0,12086.0,457758.1187449419,459220.3235962623,2.577495174293176,-0.5313261013947357,-0.2576931090553458,-0.1996456064531804,-7527.0,0.0387646335911261,0.7483939353360415,0.1843740495025606,3.762319060677836,0.1843740495025606,3.762319060677836,0.7483939353360415,1.0,5.534646889528448,44.27717511622758,44.27717511622758,49.81182200575603,44.27717511622758,94.0889971219836,44.13451985973582,-1.1412420519341069,0.0878996531466995,-38.42262022494099,51.0957193141819,-1.5482644905259637,-1.5950717782300172,3.050186832130053,3.3935183049462747,4334.688,13.159652743242225,2.5,-5.199999999999999,0.7000000000000028,15.748031496062984,4.958677685950419,1.0,1.0,1.0,1.0,4.617982653520133,6.0,1.0,1.0,0.0,1.0,3.762319060677836,3.762319060677836,1.0,1.0,17.374324159218407,4.490363612016249,0.1843740495025606,0.1843740495025606,0.8514361623620873,96809.97727797567,0.0,0.0,0.0,0.0,-0.5313261013947357,-0.2576931090553458,-0.1996456064531804,0.0,Central Mountains,0.6785539229652304,0.1506866884746216,0.2072113049045865,-0.8781995294184108,1.2204647972771876,1.3305771298782385,1.500033450272089,-0.4720708619411461,3.788519672724885,10.070234181037868,7.288608203673174,0.8294629807952476,483517.8332163254,30319.9143313937,6.0,6.0,0.461237966320116,6.669130116388655,4.987555862795638,2.588948865809937,4.958677685950419,-4.7244094488189,0.8845410252803981,10.789353810112566,89.4304398859762,115.50519773389804,206.8633861791844,-38.3347205717943,17614.0,17891.0,17895.333333333332,454.0,earthquake_m6,municipio,-0.4707304975089639
2021.0,Aguada,38307.0,0.0,32722.0,145.0,17565.0,269.0,18733.0,21065.309961357663,1302.0,270.96791666666667,28428.0,66.5,7340.0,668.8796603,21.9,6237.0,173.0,94.0,548.0,5.2,1.1,45.06,7.57,10695.0,33.81,16.94,20.55,28.66,10.32,95.38,0.0,1.51,0.0,1.62,12.31,88.0,0.23,18.3605,-67.1882,3.0,4.0,15.0,51.0,113.0,18733.0,21065.309961357663,270.96791666666667,72.0,3.0,72003.0,7.6,2.3,35.0,2.4,37.9,2.2,548.0,389.0,71.0,73.0,169.0,36.0,83.0,40.0,40.0,1.0,2.0,0.3669499875015734,1.1047924616518818,0.0,0.0,0.0,85.38084532527726,2.0,35.0,4.46,1801.0,5525.0,52.0,15481.819942125048,35055.28082987386,4.347734437317142,55.0,1.0,2.0,0.683027967620547,1.790969751342246,0.0,2.0,60.0,6.4,838.0,12139.0,11516.092783206244,235747.5227374125,2.6804621116680583,-0.8066410838750149,-0.5274042988047234,-0.4800199818271511,-10695.0,-0.6812074823484117,-1.8078878920406496,-0.202525580870763,2.9277217095799166,-0.202525580870763,2.9277217095799166,-1.8078878920406496,0.0,7.8314668337379585,10.44195577831728,39.15733416868979,18.27342261205524,39.15733416868979,57.43075678074503,4.871112053714981,-6.410521729667089,-18.21491028794736,-36.10996462121945,58.97016645669714,-1.704695157295677,-1.7829878632611318,6.508997492166313,2.072502998574673,11452.7,4.412841301634551,0.2999999999999971,-0.1000000000000005,0.2999999999999971,4.1825095057034245,5.835010060362178,1.0,1.0,1.0,1.0,3.8825314076026185,6.0,1.0,1.0,0.0,1.0,2.9277217095799166,2.9277217095799166,0.0,0.0,11.366971490164058,-10.847327352243898,-0.202525580870763,-0.202525580870763,-0.7863119285737015,-62353.55139603247,0.0,0.0,0.0,0.0,-0.8066410838750149,-0.5274042988047234,-0.4800199818271511,1.0,West,0.5305917054369225,0.0386283465103831,0.09284779045223657,-1.0106116872640736,-1.369217015283538,-0.8984562711120946,-0.8807468543384616,-0.4386708767571117,3.177149015280329,8.962417485247252,6.705071597055448,0.7053823923222895,282608.54621897184,54131.53575555621,6.0,6.0,-0.8598010827895131,0.5683125863472194,-0.5935111882478528,7.368798574955826,5.835010060362178,3.757828810020869,4.054144006044884,-1.6525005546587535,113.29504136586394,108.68721372564242,243.74326162031716,-54.324874909166795,37307.0,37954.0,37968.0,1000.0,earthquake_m6,municipio,-0.7232800935006845
2021.0,Aguadilla,55241.0,0.0,46631.0,176.0,27336.0,301.0,16940.0,19049.07653581374,859.0,270.96791666666667,40042.0,75.1,11862.0,848.7361192,24.6,9834.0,299.0,115.0,914.0,5.8,0.8,49.66,17.31,12055.0,25.06,18.1,22.45,23.46,13.36,98.65,0.0,10.16,0.1,1.98,16.77,1009.0,1.83,18.4275,-67.1541,6.0,9.0,31.0,90.0,235.0,16940.0,19049.07653581374,270.96791666666667,72.0,5.0,72005.0,17.3,2.3,31.3,1.7,38.1,1.7,914.0,503.0,55.0,125.0,210.0,88.0,178.0,26.0,35.0,1.0,2.0,0.3377528093283284,0.8644222066581831,0.0,0.0,0.0,93.62608106680943,2.0,35.0,4.46,332.0,5548.0,57.0,4525.561324068143,33367.89129085688,4.758503629584122,55.0,1.0,2.0,0.6068654875027337,1.685610059835498,0.0,2.0,60.0,6.4,124.0,12159.0,2421.20214758962,222342.4795513604,7.15588144009931,-0.8852120707445565,-0.6857202982549215,-0.6706596537373488,-12055.0,-0.0424614289006006,-2.002327665575899,0.1795361701166932,2.40008355489349,0.1795361701166932,2.40008355489349,-2.002327665575899,0.0,10.861497800546696,16.29224670082004,56.11773863615793,27.153744501366734,56.11773863615793,83.27148313752467,-3.8828787140274272,-77.72769898022943,2.629146367487799,-82.05138642770103,164.88206083178153,-2.369183569115396,-2.5163386626296913,0.7331976481189217,-2.006117726576062,14595.503,6.432261244824411,-0.3999999999999986,-0.0999999999999978,-0.6000000000000014,5.909617612977991,0.5827505827505908,1.0,1.0,1.0,1.0,3.9198796970522496,6.0,1.0,1.0,0.0,1.0,2.40008355489349,2.40008355489349,0.0,0.0,9.40803879805598,-12.013965993455393,0.1795361701166932,0.1795361701166932,0.7037601881269445,53214.03257290449,0.0,0.0,0.0,0.0,-0.8852120707445565,-0.6857202982549215,-0.6706596537373488,2.0,West,1.8622197076003657,1.2155245229106937,1.244987339807957,-2.5328793613377147,-1.6108372641128814,-1.3934294498601123,-1.4070795126638895,-0.3914904014630176,3.277366383382234,9.842940369801964,7.197799897475865,0.6425133136700154,272761.55927816813,58250.94446736818,6.0,6.0,-2.4758351679612933,-4.275715659885815,-3.2917717705727974,3.209032816080215,0.5827505827505908,5.795314426633791,0.9752280190011434,5.3268670302274,244.30430089199476,256.61854299745227,444.5426863549272,-79.42224006021323,51552.0,52803.0,52840.333333333336,3689.0,earthquake_m6,municipio,-0.9180794879294829
2021.0,Aguas Buenas,24567.0,0.0,20818.0,122.0,10790.0,215.0,21844.0,24563.638007574697,2108.0,270.96791666666667,17784.0,74.1,6034.0,697.7248741,19.1,3392.0,79.0,87.0,143.0,6.6,1.6,42.75,5.7,13057.0,26.37,18.06,20.88,29.45,14.41,99.68,0.0,1.62,0.33,3.95,13.33,169.0,0.69,18.2572,-66.1031,6.0,2.0,13.0,33.0,75.0,21844.0,24563.638007574697,270.96791666666667,72.0,7.0,72007.0,5.7,2.2,42.0,2.6,44.5,2.6,143.0,89.0,62.2,16.0,35.0,6.0,23.0,15.0,35.0,0.0,2.0,0.0,0.8468242933344376,0.0,0.0,0.0,106.43628990878965,2.0,35.0,4.8,70.0,4241.0,23.0,2007.890211669105,16869.183616924085,0.4408046604050811,45.0,1.0,1.0,0.5954279558273148,0.8900718497871721,0.0,2.0,60.0,6.4,35.0,11269.0,756.4474347376146,159930.09166587042,-2.8895564866787904,-1.7543859649122862,-1.391618121188909,-1.310152543657006,-13057.0,-0.3326798997435646,-2.0584345014656886,-0.0691631583081456,2.7371622023833173,-0.0691631583081456,2.7371622023833173,-2.0584345014656886,0.0,24.423006472096716,8.141002157365572,52.916514022876214,32.564008629462286,52.916514022876214,85.4805226523385,12.7996003758454,-18.235355690144573,-65.67912134091472,-84.20000227703669,90.91627796663768,-1.7477085598881503,-2.005708848715504,3.3560237625112066,5.508509565473122,8743.56,5.6598410889795,3.1000000000000014,-3.999999999999999,1.3999999999999986,5.147058823529416,-7.482993197278908,1.0,1.0,1.0,1.0,5.78609278169781,6.0,1.0,1.0,0.0,1.0,2.7371622023833173,2.7371622023833173,0.0,0.0,15.837474461546192,-12.350607008794132,-0.0691631583081456,-0.0691631583081456,-0.4001844510461842,-12876.23006878292,0.0,0.0,0.0,0.0,-1.7543859649122862,-1.391618121188909,-1.310152543657006,3.0,Central Mountains,-1.8934807826198383,-2.1320257798069675,-2.08035196121672,0.5833282389628323,-1.4243108831457731,-0.8261022380571518,-0.7504872689498779,-0.6341236183199155,5.137605825206843,18.583435572791295,12.751760110737743,0.6484869564909665,175317.8097551666,21132.12439390183,6.0,6.0,3.4294427210258105,9.74006221288235,4.61129508078153,-0.0734189585146039,-7.482993197278908,10.526315789473696,2.048032595331081,12.630052020808325,240.7954015845891,171.2654614652712,488.6227825631974,-149.8791236179514,25298.0,25748.0,25773.666666666668,-731.0,earthquake_m6,municipio,-1.4390267670111707
2021.0,Aibonito,24565.0,0.0,20873.0,108.0,9852.0,184.0,21139.0,23770.863570871705,2210.0,270.96791666666667,18117.0,79.2,6637.0,561.079317,22.7,4107.0,350.0,170.0,289.0,3.8,1.1,43.72,7.53,12370.0,21.28,17.79,22.41,30.41,11.78,99.77,0.0,4.22,0.0,3.37,13.67,28.0,0.11,18.1408,-66.2663,1.0,1.0,10.0,24.0,56.0,21139.0,23770.863570871705,270.96791666666667,72.0,9.0,72009.0,7.5,2.4,36.2,2.4,39.1,2.4,289.0,179.0,61.9,29.0,74.0,27.0,60.0,13.0,35.0,1.0,2.0,0.3328974333584493,0.9302027667036056,0.0,0.0,0.0,95.13748828550906,2.0,35.0,4.8,145.0,5456.0,39.0,2694.3013064619145,26089.545334609425,3.2237164953604913,50.0,1.0,2.0,0.6208194412251409,1.2116614633546634,0.0,2.0,60.0,6.4,320.0,12058.0,8765.864537439835,220777.20786833472,8.959858061654469,-0.0407083248524342,0.0915518222371902,0.0962503644350132,-12370.0,-0.4206360044726417,-2.484376666937284,0.0890817780608062,2.8067057249448446,0.0890817780608062,2.8067057249448446,-2.484376666937284,0.0,4.0708324852432325,4.0708324852432325,40.70832485243232,8.141664970486465,40.70832485243232,48.849989822918786,-9.60062822090852,-48.003141104542614,-30.108759531764925,1.7095519148660117,106.45375914836993,-1.9270923960327144,-1.9994031632348583,-2.11771392791259,-0.2057277495301675,7556.026000000001,7.822790514423983,-0.8999999999999986,1.5,-0.5,0.6968641114982521,3.237410071942448,1.0,1.0,1.0,1.0,5.4027235743874655,6.0,1.0,1.0,0.0,1.0,2.8067057249448446,2.8067057249448446,0.0,0.0,15.163855186527773,-14.906260001623705,0.0890817780608062,0.0890817780608062,0.4812842223774697,22930.347436122353,0.0,0.0,0.0,0.0,-0.0407083248524342,0.0915518222371902,0.0962503644350132,4.0,Central Mountains,2.9644074903761863,2.2224416148367787,2.245733734402163,-2.868157125941173,-1.9964528006221196,-1.722755801770267,-1.6363891776265183,-0.4879238663151646,4.864381271121568,17.267244991418014,12.046003969876134,0.5383423032658978,236999.15827029097,21534.814693472184,6.0,6.0,-0.7080299092322329,2.20856058855432,2.065559799789703,-1.4096840186803572,3.237410071942448,2.583025830258312,0.9843507965519841,-2.540545960444196,134.85296676526883,264.313424564096,396.8564190135981,-28.399207616898906,22545.0,22988.0,22996.666666666668,2020.0,earthquake_m6,municipio,-0.23851778110071264
2021.0,Arecibo,88017.0,0.0,74996.0,208.0,41040.0,393.0,19311.0,21715.272549179408,1020.0,270.96791666666667,64361.0,78.0,19371.0,1098.264085,25.0,16082.0,583.0,213.0,1068.0,6.6,1.1,47.04,18.79,11810.0,22.17,17.52,22.38,20.47,14.13,99.47,0.0,5.19,0.11,2.18,13.75,1212.0,1.38,18.4724,-66.7157,9.0,11.0,67.0,104.0,336.0,19311.0,21715.272549179408,270.96791666666667,72.0,13.0,72013.0,18.8,1.9,33.0,1.3,40.7,1.3,1068.0,622.0,58.2,113.0,248.0,67.0,253.0,55.0,35.0,0.0,2.0,0.0,0.6530051118543522,0.0,0.0,0.0,126.9379951078552,2.0,35.0,4.46,205.0,5603.0,54.0,2795.761955756101,31691.82719756702,7.943202420609777,45.0,1.0,1.0,0.4232657185262911,0.7649573512740125,0.0,2.0,60.0,6.4,329.0,12175.0,3258.7538302577072,231564.22497237072,5.180325518032558,-0.908915323176207,-0.6508563820674107,-0.5904877072509862,-11810.0,-0.1951285801473585,-1.967830666375597,-0.0981207075551331,1.485907803764632,-0.0981207075551331,1.485907803764632,-1.967830666375597,0.0,10.2252973857323,12.497585693672814,76.12165831600713,22.722883079405115,76.12165831600713,98.84454139541224,-15.517120744595267,-24.258351721993876,-32.0258352672281,-41.32276546264309,138.62001386200137,-2.000234219463637,-2.1228307466587215,-4.246831878675006,-0.1539874914526784,24748.68,5.869730935373663,0.0,1.1000000000000014,0.6000000000000014,2.5936599423631135,3.479125248508952,1.0,1.0,1.0,1.0,3.904719577134072,6.0,1.0,1.0,0.0,1.0,1.485907803764632,1.485907803764632,0.0,0.0,5.802053291176051,-11.806983998253582,-0.0981207075551331,-0.0981207075551331,-0.3831338477127754,-29267.46867957739,0.0,0.0,0.0,0.0,-0.908915323176207,-0.6508563820674107,-0.5904877072509862,5.0,North,1.2560361407764509,0.7081713615801233,0.7531487286638772,-1.846523848027437,-1.6823997627960934,-1.4336804639924718,-1.4124495775841206,-0.2854309035795035,3.4601282699411406,11.905401736041236,8.261391542672634,0.4445913071929315,277064.98012321146,54730.773389526046,6.0,6.0,2.0410583139284677,1.743811090388503,1.8080380596572427,-6.287890192603474,3.479125248508952,2.443991853360483,1.638350861913466,-0.8854653061458384,211.96861459187255,157.03445588134156,411.85268922715926,-73.34860072987118,83682.0,85390.0,85438.0,4335.0,earthquake_m6,municipio,-0.8354140840707547
2021.0,Carolina,155886.0,0.0,132865.0,263.0,75941.0,553.0,30678.0,34497.49527542467,1084.0,270.96791666666667,114495.0,87.0,30012.0,1489.785555,33.6,38519.0,1597.0,337.0,1981.0,8.1,0.8,29.8,14.01,17865.0,13.06,17.19,22.9,20.26,12.99,99.26,0.0,12.45,0.25,2.87,11.51,692.0,0.44,18.3808,-65.9574,27.0,65.0,114.0,584.0,1158.0,30678.0,34497.49527542467,270.96791666666667,72.0,31.0,72031.0,14.0,1.3,45.0,1.2,52.5,1.0,1981.0,1001.0,50.5,250.0,414.0,156.0,231.0,87.0,35.0,0.0,2.0,0.0,0.7689979699678812,0.0,0.0,0.0,121.1235904654781,2.0,35.0,4.8,46.0,734.0,24.0,1276.816752080202,8598.11027798443,5.372418316023342,45.0,1.0,1.0,0.5235944835337123,0.9785874583611388,0.0,2.0,60.0,5.6,23.0,2301.0,619.5378819401463,37621.18849474432,3.6627698200534686,-1.1290301887276644,-0.8568586192669425,-0.7936089827316861,-17865.0,-0.5929027694958688,-4.417412687649851,-0.3370984467474543,-0.8305435934032732,-0.3370984467474543,-0.8305435934032732,-4.417412687649851,0.0,17.320349486162964,41.6971376518738,73.13036449713252,59.01748713803677,73.13036449713252,132.14785163516927,-12.80152894144294,-26.61826894658931,-47.83321211812856,-62.822328781289386,171.56764952320154,-2.211615370109054,-2.333394727315452,-0.3105495883871878,-1.1427127163659492,59789.25,3.630269875049686,-0.3999999999999986,-0.3000000000000007,-0.6000000000000014,1.9557385486361325,0.8826583592938642,1.0,1.0,1.0,1.0,6.244337798718146,6.0,1.0,1.0,0.0,1.0,-0.8305435934032732,-0.8305435934032732,0.0,0.0,-5.186194753771254,-26.50447612589911,-0.3370984467474543,-0.3370984467474543,-2.1049565729143054,-17730.732351129365,0.0,0.0,0.0,0.0,-1.1290301887276644,-0.8568586192669425,-0.7936089827316861,15.0,Metro,0.6273540564395663,0.0751596612900806,0.12322262550555534,-1.4209630391712524,-4.065194764288511,-3.768636146126066,-3.793926150058002,-0.3522179233613407,5.6531097734948315,16.375146584675853,11.302216857485803,0.5912280252233142,50322.2381424667,19133.24393348038,6.0,6.0,-0.0852767657048336,-3.0323117950058265,-1.43898820762763,-0.2252728226823542,0.8826583592938642,2.77481323372466,0.9369702488192244,1.0730801893422683,282.2231904226195,302.9475462518974,733.7620407471417,-110.65554089941796,150378.0,153779.0,153870.0,5508.0,earthquake_m6,municipio,-1.0099740015300596
2021.0,Arroyo,16183.0,0.0,13364.0,128.0,8226.0,216.0,14933.0,16792.19952239118,1660.0,270.96791666666667,11446.0,76.6,3554.0,450.9478906,20.6,2362.0,59.0,43.0,88.0,3.6,1.5,60.84,11.22,10310.0,24.18,20.28,20.84,23.09,20.63,99.64,0.0,4.55,0.22,5.3,12.9,22.0,0.14,17.9658,-66.0614,4.0,7.0,18.0,27.0,91.0,14933.0,16792.19952239118,270.96791666666667,72.0,15.0,72015.0,11.2,5.1,26.7,4.0,30.1,4.2,88.0,54.0,61.4,14.0,22.0,,16.0,5.0,35.0,1.0,2.0,0.4159412620449356,1.037458628940816,0.0,0.0,0.0,74.14649661811822,2.0,35.0,4.8,96.0,4361.0,22.0,1913.1632665735387,16776.69982761623,8.260639394631836,50.0,1.0,2.0,1.0195251479477738,1.7748278253143008,0.0,2.0,60.0,6.4,55.0,11508.0,991.8517321305056,168536.63162907405,-7.536281567820824,-2.3852190570351595,-1.9027969965470404,-1.7653100855646198,-10310.0,0.0428878356328655,-0.1970423500806506,0.3205385533341938,3.5968764253424843,0.3205385533341938,3.5968764253424843,-0.1970423500806506,1.0,24.717295927825496,43.25526787369461,111.22783167521472,67.97256380152011,111.22783167521472,179.20039547673483,22.263501980014,2.668809849137716,17.6270623831461,29.929423398668987,154.26808364758313,-1.7017691659646172,-1.6895809176743382,-11.973957994841957,-6.407594553851877,3568.188,-4.337097448766203,0.6999999999999993,-1.700000000000001,0.3000000000000007,10.000000000000009,0.0,1.0,1.0,1.0,1.0,6.575167211289303,6.0,1.0,1.0,0.0,1.0,3.5968764253424843,3.5968764253424843,1.0,1.0,23.650063934971374,-1.1822541004839036,0.3205385533341938,0.3205385533341938,2.107594585837099,62507.29934942962,0.0,0.0,0.0,0.0,-2.3852190570351595,-1.9027969965470404,-1.7653100855646198,6.0,South,-3.8177642437766335,-3.9101430793780145,-3.8034444954398965,2.0524541582120137,0.1028556009383788,0.2061713339027641,0.28597425546278304,-0.2998979510190294,5.953940232277119,17.881234572165567,12.651176206524688,0.6212269790121843,182899.9740135799,17933.146595915197,6.0,6.0,-8.904601047872319,1.6557753811586418,-0.5406223273947429,-3.069356946969638,0.0,8.108108108108114,1.4040014040014055,10.000000000000009,106.71159786576804,209.81723814256532,285.6508427276661,47.556485781815084,17502.0,17805.0,17806.0,-1319.0,earthquake_m6,municipio,-1.8218763930560822
2021.0,Barceloneta,22836.0,0.0,19097.0,106.0,9985.0,242.0,19051.0,21422.90183493433,2616.0,270.96791666666667,16419.0,74.4,5083.0,703.8309456,24.8,4071.0,53.0,87.0,298.0,6.0,1.8,44.95,15.88,12308.0,26.11,18.6,20.35,17.3,17.2,99.65,0.0,3.62,0.45,2.28,9.28,12.0,0.05,18.4505,-66.5385,2.0,11.0,60.0,100.0,238.0,19051.0,21422.90183493433,270.96791666666667,72.0,17.0,72017.0,15.9,3.9,35.0,3.7,41.6,4.0,298.0,130.0,43.6,46.0,100.0,14.0,25.0,21.0,35.0,0.0,2.0,0.0,0.6473940739492107,0.0,0.0,0.0,136.08590822782415,2.0,35.0,4.46,110.0,5579.0,50.0,2324.589364764159,28663.261340986388,8.316453059543045,45.0,0.0,1.0,0.0,0.7595253245401412,0.0,2.0,60.0,6.4,77.0,12128.0,1492.1979745526353,216873.20276178457,-4.5038263705934,-1.0159397442634388,-0.5951322713593776,-0.5017248390931317,-12308.0,-0.3254603942210373,-1.3846117445877624,0.0225657686598719,2.3605982091353312,0.0225657686598719,2.3605982091353312,-1.3846117445877624,0.0,8.758101243650378,48.16955684007707,262.7430373095113,56.92765808372745,262.7430373095113,319.67069539323876,19.291226017487325,82.92452854858627,-37.11750289783645,1.2396641245198623,217.45494082716516,-0.6893974002242564,-0.9053870529651452,2.1578853497714157,1.4954191741605318,6683.95,0.6308596384729359,1.3999999999999986,-2.700000000000001,0.3000000000000042,7.581227436823101,0.3623188405797117,1.0,1.0,1.0,1.0,4.1289355141554065,6.0,1.0,1.0,0.0,1.0,2.3605982091353312,2.3605982091353312,0.0,0.0,9.74675778035052,-8.307670467526574,0.0225657686598719,0.0225657686598719,0.0931726036239605,5964.967678080788,0.0,0.0,0.0,0.0,-1.0159397442634388,-0.5951322713593776,-0.5017248390931317,8.0,North,-1.9154904863748825,-2.08506259095651,-2.01639211963777,1.4137656472817508,-0.7601346519062949,-0.423141398476943,-0.38786542153429754,-0.6244770926814674,3.6856115641148977,12.414472082990557,8.597513204809985,0.44332395004050884,245343.41555617537,37483.19985978263,6.0,6.0,2.5682132314002404,-0.2398410586900601,-0.44344594581202285,-0.4103278816288247,0.3623188405797117,1.845018450184499,-0.5644573096979818,7.21890859624339,253.33277960048173,160.50043211654798,547.4414818321567,-35.87783877331657,23913.0,24079.0,24097.0,-1077.0,earthquake_m6,municipio,-0.703599219310959
2021.0,Barranquitas,28982.0,0.0,23686.0,149.0,10898.0,234.0,20290.0,22816.160738586823,2281.0,270.96791666666667,19880.0,75.2,5666.0,638.7566047,21.9,4355.0,60.0,57.0,280.0,3.5,1.2,51.84,15.97,10307.0,25.23,21.19,17.35,18.29,16.69,99.9,0.0,1.63,0.53,5.09,10.09,270.0,0.93,18.1861,-66.3061,0.0,1.0,19.0,36.0,100.0,20290.0,22816.160738586823,270.96791666666667,72.0,19.0,72019.0,16.0,4.2,34.7,3.1,41.3,2.7,280.0,187.0,66.8,43.0,78.0,18.0,35.0,34.0,35.0,0.0,2.0,0.0,0.905070008660286,0.0,0.0,0.0,100.91847654618353,2.0,35.0,4.8,193.0,5483.0,39.0,3306.571506326869,26867.68526792487,3.753152376850775,50.0,1.0,2.0,0.5692992299780886,1.1649384027248797,0.0,2.0,60.0,6.4,533.0,12059.0,13287.49572968974,226673.94014107803,3.411118247341749,-0.2863846525429592,0.003450357975665,0.0827415395067587,-10307.0,-0.1197453992655118,-0.282507641087908,0.2542888599910369,4.134505771878064,0.2542888599910369,4.134505771878064,-0.282507641087908,1.0,0.0,3.450417500517563,65.55793250983369,3.450417500517563,65.55793250983369,69.00835001035125,-21.526389749892772,-30.78118117032045,-13.765136186352247,-72.71663949844621,121.31592093056447,-1.2925721128447143,-1.2589114936532808,2.425726213758117,5.636246744608564,8219.042000000001,10.84756346324376,2.0,-2.0,1.3999999999999986,4.477611940298498,5.928853754940722,1.0,1.0,1.0,1.0,5.084502236504019,6.0,1.0,1.0,0.0,1.0,4.134505771878064,4.134505771878064,1.0,1.0,21.02190384395279,-1.695045846527448,0.2542888599910369,0.2542888599910369,1.2929322773424845,67195.51272325525,0.0,0.0,0.0,0.0,-0.2863846525429592,0.003450357975665,0.0827415395067587,9.0,Central Mountains,1.1266764868341772,0.5905487888886674,0.6598928326785991,-1.0439349473274184,0.1376963247461596,0.6948055401562175,0.655518967967938,-0.4202039658340676,4.402107148917317,16.170195568084942,11.242668153322782,0.682395087586702,243548.57546693037,22432.8726038029,6.0,6.0,9.707843184516584,4.77517083555099,4.606282466340883,-7.282116970758467,5.928853754940722,12.444444444444436,7.674820330027614,-1.4512418146422235,207.79769661536295,222.5699878282038,360.0763871130937,-86.48177568479848,28026.0,28393.0,28391.333333333332,956.0,earthquake_m6,municipio,-0.22118756297693998
2021.0,Bayamón,185939.0,0.0,158892.0,249.0,82577.0,581.0,27812.0,31274.67040224627,966.0,270.96791666666667,136733.0,82.5,31854.0,1243.057923,30.0,40959.0,1299.0,259.0,3043.0,8.1,0.6,33.71,10.83,15703.0,17.61,16.97,22.51,25.02,11.94,99.41,0.0,10.74,0.35,1.93,12.84,5484.0,2.95,18.3808,-66.1557,14.0,109.0,133.0,846.0,1620.0,27812.0,31274.67040224627,270.96791666666667,72.0,21.0,72021.0,10.8,1.1,42.1,1.0,47.4,0.9,3043.0,1648.0,54.2,290.0,721.0,203.0,552.0,134.0,35.0,0.0,2.0,0.0,0.7903046482400706,0.0,0.0,0.0,120.3239997822012,2.0,35.0,4.8,58.0,4231.0,27.0,2271.223520562848,17668.296439661,5.264077308780507,45.0,1.0,1.0,0.4978758334493764,0.7940534598889424,0.0,2.0,60.0,6.4,27.0,11051.0,725.0769680129775,154764.30460863354,7.049137856587695,-0.8674888000903547,-0.669936164893159,-0.6259781205551262,-15703.0,-0.3062650390627816,-4.385321628835997,-0.2720582427523006,-0.3097241076945283,-0.2720582427523006,-0.3097241076945283,-4.385321628835997,0.0,7.529351023722834,58.62137582755635,71.52883472536692,66.15072685127919,71.52883472536692,137.6795615766461,-1.2087250615565353,-46.49413657490079,-46.001417261986944,-54.82429457025397,185.38242321310344,-2.523682320193943,-2.603372413981575,-1.058303419768658,-0.312223943559764,66893.532,4.854607615870377,-1.1000000000000014,-0.7999999999999989,-1.5,1.197206518124383,1.794177386594442,1.0,1.0,1.0,1.0,5.525322119709151,6.0,1.0,1.0,0.0,1.0,-0.3097241076945283,-0.3097241076945283,0.0,0.0,-1.7113254632517565,-26.311929773015983,-0.2720582427523006,-0.2720582427523006,-1.5032094265284888,-49726.04073511441,0.0,0.0,0.0,0.0,-0.8674888000903547,-0.669936164893159,-0.6259781205551262,10.0,Metro,1.839173889898249,1.1345311513429213,1.171481059958494,-2.4651520104533753,-4.14410502413648,-3.796760784085287,-3.8025265962728176,-0.24121660469951678,4.92521081094881,16.426890030245787,11.279342286620084,0.6001113087603409,172314.20262777695,24609.251388935987,6.0,6.0,0.3811964284970326,-0.2595648394076666,-0.1297870331793368,-1.4394998482656907,1.794177386594442,2.3916811091854395,0.5616712052509502,-0.596970868470059,286.20813504534436,360.1978628624525,847.9773874851658,-100.82571183224093,173695.0,178192.0,178280.66666666666,12244.0,earthquake_m6,municipio,-0.8770808902389129
2021.0,Cabo Rojo,47403.0,0.0,40660.0,180.0,28902.0,406.0,18581.0,20894.385543799,1138.0,270.96791666666667,35160.0,73.9,8904.0,842.3354439,26.1,9183.0,434.0,208.0,569.0,5.3,1.1,47.55,15.25,11802.0,26.4,16.99,23.6,17.69,11.03,99.55,0.0,7.15,3.97,4.23,12.11,147.0,0.31,18.0866,-67.1457,8.0,2.0,18.0,38.0,95.0,18581.0,20894.385543799,270.96791666666667,72.0,23.0,72023.0,15.2,3.0,35.2,2.3,41.5,2.1,569.0,371.0,65.2,119.0,117.0,29.0,99.0,22.0,40.0,1.0,2.0,0.4698641992417862,1.298450624390494,1.0,0.0,0.0,64.48960796859826,2.0,35.0,4.46,5284.0,5479.0,38.0,56526.68707866517,59042.17784302328,1.4156839059122637,55.0,1.0,2.0,1.0234794945529342,2.218031518966824,0.0,2.0,60.0,6.4,11641.0,12057.0,358729.6582624262,371269.3492722795,-1.196406611501344,-0.8860198721599932,-0.4736657279277301,-0.3719631780892407,-11802.0,0.1226981036498023,-1.959007704268225,0.2697719314160459,1.1147442516202053,0.2697719314160459,1.1147442516202053,-1.959007704268225,0.0,16.876568993523616,4.219142248380904,37.97228023542814,21.09571124190452,37.97228023542814,59.067991477332654,6.505386711400321,-41.23233864445181,-6.033760275732524,-13.603762748185318,93.79494341038416,-1.051828325118076,-1.0570349964289405,2.835502595345974,2.3072857309062167,14312.320000000002,5.0513739791538725,1.7000000000000028,2.299999999999999,3.0,7.969639468690692,3.3333333333333437,1.0,1.0,1.0,1.0,4.680503271459717,6.0,1.0,1.0,0.0,1.0,1.1147442516202053,1.1147442516202053,0.0,0.0,5.217564116549284,-11.75404622560935,0.2697719314160459,0.2697719314160459,1.262668407540809,120363.10902073373,0.0,0.0,0.0,0.0,-0.8860198721599932,-0.4736657279277301,-0.3719631780892407,11.0,West,-0.7151648758544571,-1.0448328546055707,-0.9539256836350374,0.3432016977652164,-1.3368197005350853,-0.9746870167061394,-0.9827326179773365,-0.6221880037331398,3.846245976713771,7.914437399036816,6.170366548895001,0.8342572947459459,395985.1813821252,30364.28662534718,6.0,6.0,2.0314021842775976,2.054952413095079,-0.18467590218603025,0.8041004110683763,3.3333333333333437,2.2044088176352616,1.9800522126300457,4.636306135357349,113.432466434302,142.84256708499132,202.73453402499283,-19.637523023917836,47977.0,48487.0,48489.666666666664,-574.0,earthquake_m6,municipio,-0.6049539287867506
2021.0,Caguas,128182.0,0.0,108606.0,296.0,57286.0,453.0,27062.0,30431.293341923934,1174.0,270.96791666666667,93391.0,83.5,25339.0,1468.297313,33.3,31141.0,1677.0,427.0,2444.0,6.4,0.7,37.53,11.27,16904.0,16.61,17.84,20.86,23.68,12.77,98.72,0.0,9.44,0.13,2.11,13.61,1119.0,0.87,18.2325,-66.0391,26.0,87.0,147.0,408.0,888.0,27062.0,30431.293341923934,270.96791666666667,72.0,25.0,72025.0,11.3,1.4,43.3,1.1,48.9,1.1,2444.0,1307.0,53.5,260.0,527.0,222.0,448.0,110.0,35.0,0.0,2.0,0.0,0.8526180956121292,0.0,0.0,0.0,103.889607808347,2.0,35.0,4.8,67.0,3123.0,21.0,1620.433701690053,13607.395550851788,7.724993238537975,45.0,1.0,1.0,0.6336968646167239,1.1110888449670622,0.0,2.0,60.0,6.4,28.0,9505.0,607.4224833450405,138658.4730071729,1.1425505389240476,-1.0999984397185305,-0.760800815779894,-0.6796911181240817,-16904.0,-0.538709226793822,-3.600355844427675,-0.1989756838778868,0.4666428582309586,-0.1989756838778868,0.4666428582309586,-3.600355844427675,0.0,20.28365917211465,67.87224415284517,114.68068839618668,88.15590332495982,114.68068839618668,202.8365917211465,21.08629295994332,29.462830520636317,-30.65253300732813,-43.52718815468147,152.28746824056685,-1.7085863638831356,-1.8467909533125717,0.1136138639786565,0.1017143970005481,47026.398,3.1010243804475923,0.5,-1.5,-0.3000000000000042,2.2166457549142704,0.4199916001679904,1.0,1.0,1.0,1.0,6.188402292745138,6.0,1.0,1.0,0.0,1.0,0.4666428582309586,0.4666428582309586,0.0,0.0,2.8877737337696088,-21.60213506656605,-0.1989756838778868,-0.1989756838778868,-1.2313415783104469,-32054.27019811355,0.0,0.0,0.0,0.0,-1.0999984397185305,-0.760800815779894,-0.6796911181240817,12.0,East,-0.1303638229455006,-0.5628671184760403,-0.5023378238130038,-0.549327295178581,-3.1395373420014696,-2.686143666592231,-2.7321834033248193,-0.46081850242620526,5.7000203968788945,18.39240250544769,12.753376685202776,0.4883818958662438,152878.93632246144,19522.075296414365,6.0,6.0,1.461878011934803,-1.270348684911815,0.31371581713755353,-1.3482641479561464,0.4199916001679904,1.8827556696619616,0.08303366664071936,1.79665415474628,226.46718940257648,285.46851092012207,799.4823688432135,-74.17972116200963,126734.0,128937.0,129011.33333333333,1448.0,earthquake_m6,municipio,-0.8941828734634217
2021.0,Camuy,32885.0,0.0,27943.0,153.0,14071.0,192.0,19745.0,22203.306741419263,1269.0,270.96791666666667,24097.0,72.6,6016.0,550.2154124,21.4,5156.0,335.0,193.0,333.0,5.8,1.5,44.36,7.05,11692.0,27.84,17.57,21.17,17.0,8.59,99.32,0.0,2.0,0.24,1.58,10.74,133.0,0.4,18.4838,-66.845,2.0,3.0,47.0,85.0,174.0,19745.0,22203.306741419263,270.96791666666667,72.0,27.0,72027.0,7.1,2.0,36.0,2.3,39.2,2.7,333.0,226.0,67.9,42.0,89.0,25.0,40.0,33.0,35.0,0.0,2.0,0.0,0.6579725197598605,0.0,0.0,0.0,118.16965731963047,2.0,35.0,4.46,224.0,5607.0,57.0,3545.876724866253,33054.78322263513,7.654472931754173,55.0,1.0,2.0,0.4616725056408663,1.045049022538807,0.0,2.0,60.0,6.4,217.0,12196.0,2090.46255741255,232130.16551024455,5.8552758642889335,-0.4622168161775852,-0.2009012135124277,-0.1532935076108521,-11692.0,-0.624869070578541,-2.0902545286719207,-0.0616181677635936,2.7151854625566516,-0.0616181677635936,2.7151854625566516,-2.0902545286719207,0.0,6.0818002128630075,9.12270031929451,142.92230500228067,15.204500532157518,142.92230500228067,158.12680553443818,5.547640942895946,23.82103673472126,-18.8259557787997,-42.30135215145448,128.75812785682098,-1.6836508639787362,-1.9365650797591671,1.5691439833775744,2.887928600507776,10059.48,8.771713567431672,0.6000000000000014,-0.2000000000000001,0.5,9.90099009900991,3.0612244897959107,1.0,1.0,1.0,1.0,4.038850678556516,6.0,1.0,1.0,0.0,1.0,2.7151854625566516,2.7151854625566516,0.0,0.0,10.96622864785372,-12.541527172031525,-0.0616181677635936,-0.0616181677635936,-0.2488665786833994,-18771.723375970218,0.0,0.0,0.0,0.0,-0.4622168161775852,-0.2009012135124277,-0.1532935076108521,13.0,North,1.778313243074647,1.1832765064178297,1.214268487570891,-1.9316067506854993,-1.7511440999760943,-1.0262138408068973,-1.1714330902903243,-0.3391104286958264,3.5914398812310866,11.671260956391482,8.1993775525854,0.4474107973254293,282074.0977774223,59323.2839283057,6.0,6.0,7.8893900215793344,-0.7947482034335818,0.1866488040795143,-6.32024603820176,3.0612244897959107,4.62633451957295,4.049508517373261,6.839765609213999,189.88543578707515,133.44919620135312,257.5636531371031,-61.127307930254176,31066.0,31598.0,31628.666666666668,1819.0,earthquake_m6,municipio,-0.4463058523452679
2021.0,Añasco,25859.0,0.0,22146.0,107.0,12566.0,183.0,21189.0,23827.088708226525,1903.0,270.96791666666667,19098.0,71.2,5968.0,683.5451704,18.6,3560.0,114.0,116.0,265.0,4.8,1.5,44.73,9.14,11641.0,29.26,17.15,21.55,25.59,9.58,96.4,0.0,2.73,0.38,1.87,10.95,105.0,0.41,18.2827,-67.1399,0.0,1.0,10.0,28.0,54.0,21189.0,23827.088708226525,270.96791666666667,72.0,11.0,72011.0,9.1,3.1,38.4,2.7,42.2,2.6,265.0,164.0,61.9,42.0,55.0,15.0,43.0,14.0,40.0,1.0,2.0,0.3844887105008407,1.1454484947094787,0.0,0.0,0.0,81.02998096981436,2.0,35.0,4.46,4398.0,5521.0,49.0,30937.213863618515,40587.40250912856,6.152448762448919,55.0,1.0,2.0,0.7418110396922484,1.86881612027038,0.0,2.0,60.0,6.4,6391.0,12111.0,128481.93930798717,276274.5074482743,-2.620975334212017,-1.3998994547352983,-1.055494938881496,-0.9960043301149302,-11641.0,-0.6330653263811391,-2.2845070234557463,-0.0867405792816172,2.289101795330164,-0.0867405792816172,2.289101795330164,-2.2845070234557463,0.0,0.0,3.867125565567114,38.67125565567114,3.867125565567114,38.67125565567114,42.538381221238254,-26.259027701237628,-17.81528171958776,11.562256333560512,-47.47128545090877,86.61269064206364,-1.4071433875399109,-1.5857936275942677,0.3711977876661887,0.4397766553619416,8504.064,3.0692567106925805,1.8999999999999984,-0.5,1.8000000000000045,0.7604562737642651,-1.1278195488721776,1.0,1.0,1.0,1.0,4.020346988611385,6.0,1.0,1.0,0.0,1.0,2.289101795330164,2.289101795330164,0.0,0.0,9.20298350948054,-13.707042140734478,-0.0867405792816172,-0.0867405792816172,-0.3487272267052568,-30408.919637546485,0.0,0.0,0.0,0.0,-1.3998994547352983,-1.055494938881496,-0.9960043301149302,7.0,West,-1.5800982661049343,-1.811021315439232,-1.7546286911894562,0.5840939359900041,-1.7591112147220138,-1.54535082023961,-1.543746289048265,-0.5253958087337325,3.1221117882257743,8.5033430115494,6.374238479231015,0.8982352003856104,320086.145581065,50770.18503762725,6.0,6.0,-0.007797219771144,0.9559293981907802,0.5871157922010427,0.3789950074373327,-1.1278195488721776,1.9157088122605304,1.5906510028027565,1.8882758226364427,122.5217197594119,171.7334112832505,297.6643734767668,-35.909029117348254,26555.0,26934.0,26952.333333333332,-696.0,earthquake_m6,municipio,-1.1584334817385105
2021.0,Hatillo,38739.0,0.0,33011.0,128.0,17044.0,249.0,20955.0,23563.95506540596,1162.0,270.96791666666667,28662.0,76.4,6947.0,721.9972299,29.0,8302.0,369.0,210.0,516.0,7.9,1.8,42.58,6.84,12738.0,24.09,17.24,21.37,14.67,8.62,99.77,0.0,3.51,0.25,2.58,8.85,105.0,0.27,18.4863,-66.825,5.0,8.0,48.0,94.0,210.0,20955.0,23563.95506540596,270.96791666666667,72.0,65.0,72065.0,6.8,2.5,38.5,2.8,41.4,2.8,516.0,272.0,52.7,71.0,164.0,27.0,66.0,24.0,35.0,0.0,2.0,0.0,0.6555327591206176,0.0,0.0,0.0,119.8096732526896,2.0,35.0,4.46,202.0,5606.0,57.0,3334.639484303645,32797.70896986614,7.804701864614403,55.0,1.0,2.0,0.4540663088658036,1.0379733736166177,0.0,2.0,60.0,6.4,201.0,12194.0,2025.056768325428,231079.76601200888,-2.077803897778119,-1.0557835772735502,-0.6123708731335054,-0.5033163435621546,-12738.0,-0.6925603512444638,-2.5958284634733277,-0.0293783371687674,2.347070081340964,-0.0293783371687674,2.347070081340964,-2.5958284634733277,0.0,12.906889697720644,20.651023516353032,123.90614109811816,33.55791321407368,123.90614109811816,157.46405431219185,8.280493533074715,35.4351722146218,-7.263256163807046,-16.660445384338416,113.74838856449531,-0.9737171464330396,-1.08937855904927,5.3706662394210625,4.1466923556701785,12709.235,0.2529270923299798,0.6000000000000014,0.7000000000000002,1.0,3.200000000000003,2.249488752556239,1.0,1.0,1.0,1.0,4.052443843220719,6.0,1.0,1.0,0.0,1.0,2.347070081340964,2.347070081340964,0.0,0.0,9.511369700737744,-15.574970780839966,-0.0293783371687674,-0.0293783371687674,-0.1190540615836339,-8898.584506107652,0.0,0.0,0.0,0.0,-1.0557835772735502,-0.6123708731335054,-0.5033163435621546,33.0,North,-1.1032692157691648,-1.370383333076164,-1.2850666223214364,0.5999528722070102,-1.9991714220979435,-1.4803806346127208,-1.4565284341731928,-0.5966570413753842,3.606648941171565,11.58894954479878,8.14187010676188,0.4457949020491543,280704.59765065636,59079.65396578242,6.0,6.0,5.915396355850144,1.1540144717393286,0.5208980727034097,-0.5447301164290819,2.249488752556239,3.601694915254239,1.1912503185317187,0.9505112474437638,137.6720901126408,131.22059915820748,284.85760343713554,-23.923701548145488,39561.0,39950.0,39967.0,-822.0,earthquake_m6,municipio,-0.7181344863213758
2021.0,Hormigueros,15726.0,0.0,13626.0,78.0,7638.0,140.0,20811.0,23402.02666982407,2102.0,270.96791666666667,11965.0,79.5,4073.0,444.0146394,25.8,3087.0,30.0,34.0,180.0,3.9,1.3,42.84,19.59,13178.0,21.66,15.47,28.97,26.06,12.07,99.34,0.0,3.14,0.0,4.11,15.82,153.0,0.97,18.1397,-67.1274,3.0,0.0,7.0,13.0,27.0,20811.0,23402.02666982407,270.96791666666667,72.0,67.0,72067.0,19.6,4.3,36.5,3.1,45.5,2.6,180.0,97.0,53.9,23.0,39.0,11.0,36.0,11.0,40.0,1.0,2.0,0.4378681552111424,1.2472751531916106,1.0,0.0,0.0,69.93273679179252,2.0,35.0,4.46,5280.0,5492.0,41.0,50924.544185572144,53824.76441335635,3.0888671630565465,55.0,1.0,2.0,0.9135361244958944,2.087485097457764,0.0,2.0,60.0,6.4,11544.0,12070.0,331963.11048634467,354756.8762904169,-0.0317843748013468,-0.9856288948238534,-0.657125366587763,-0.6077816304004835,-13178.0,-0.2162576105131143,-2.91077926577072,-0.3023629833029664,-0.1422954212640121,-0.3023629833029664,-0.1422954212640121,-2.91077926577072,0.0,19.07668828691339,0.0,44.51227266946458,19.07668828691339,44.51227266946458,63.588960956377974,12.71981332664386,0.0141479475778538,-25.004851189137728,0.5917081127165602,50.854999682156254,-1.3297371887348697,-1.4647713226205172,0.1650338545098106,-0.1505072544494982,4973.49,0.3164103131971796,-0.2000000000000028,-0.8999999999999986,-0.7999999999999972,2.857142857142847,6.060606060606055,1.0,1.0,1.0,1.0,4.5109023010491445,6.0,1.0,1.0,0.0,1.0,-0.1422954212640121,-0.1422954212640121,0.0,0.0,-0.6418807432085896,-17.464675594624318,-0.3023629833029664,-0.3023629833029664,-1.3639298771334354,-128978.235420355,0.0,0.0,0.0,0.0,-0.9856288948238534,-0.657125366587763,-0.6077816304004835,34.0,West,-0.4491142217827537,-0.7838997396755754,-0.7257373624571942,-0.15866740861772982,-2.5017328413039763,-2.021289592617629,-2.1556813737476634,-0.40904642446674355,3.711303818536285,8.1694077406501,6.291325749812238,0.7995984825128595,382267.5695830569,33628.133141871636,6.0,6.0,3.0078522506703953,-3.6244078685287007,-1.4622656968921104,-2.8428183961605846,6.060606060606055,1.85185185185186,3.2664167884293676,-3.2034632034632082,75.26814275857743,129.78986402966626,179.63914054124734,-24.41314307642117,15731.0,15943.0,15951.333333333334,-5.0,earthquake_m6,municipio,-0.8236619239955543
2021.0,Humacao,51398.0,0.0,43654.0,177.0,26463.0,359.0,22431.0,25223.72112012031,1324.0,270.96791666666667,37763.0,79.0,13522.0,1090.638804,22.7,8561.0,354.0,139.0,778.0,4.8,1.0,39.2,9.16,14352.0,21.39,17.54,23.35,9.15,11.63,99.36,0.0,11.93,0.18,4.84,13.21,342.0,0.67,18.1497,-65.8274,8.0,29.0,55.0,139.0,323.0,22431.0,25223.72112012031,270.96791666666667,72.0,69.0,72069.0,9.2,2.3,33.7,2.0,37.1,2.0,778.0,450.0,57.8,75.0,152.0,103.0,161.0,42.0,35.0,1.0,2.0,0.3217047876186563,0.8640967282548062,0.0,0.0,0.0,98.79539673338166,2.0,35.0,4.8,66.0,389.0,12.0,2838.4402607893094,6352.7374791892325,6.0123550857565995,45.0,1.0,1.0,0.7426866716173237,1.2137182400713913,0.0,2.0,60.0,5.6,39.0,1286.0,1019.9244328315896,23573.64101320811,-0.3644399643314089,-1.3016070664228163,-0.9353444226011364,-0.8489840391357917,-14352.0,-0.4512257541298117,-2.934936605428944,-0.0267606365591215,1.4810230106510542,-0.0267606365591215,1.4810230106510542,-2.934936605428944,0.0,15.56480796918168,56.4224288882836,107.00805478812406,71.98723685746528,107.00805478812406,178.99529164558933,21.585965194611013,56.60678312526979,-27.683555122145822,-60.060190618365375,100.80254332570853,-1.7540518407069494,-1.793663262634193,-1.7138679361213272,1.5389018065202729,14711.398,-3.306383945889324,-1.3999999999999986,-0.3000000000000007,-1.7999999999999972,3.733333333333344,0.1335113484646211,1.0,1.0,1.0,1.0,7.167256983033544,6.0,1.0,1.0,0.0,1.0,1.4810230106510542,1.4810230106510542,0.0,0.0,10.614872515122132,-17.60961963257366,-0.0267606365591215,-0.0267606365591215,-0.1918003592487869,-940.418702728692,0.0,0.0,0.0,0.0,-1.3016070664228163,-0.9353444226011364,-0.8489840391357917,35.0,East,-0.7454073364354552,-1.1417241209137896,-1.064471258692808,-0.10357670270033648,-2.658216217351399,-2.063411704602821,-2.1168945464798945,-0.27672038807754484,6.672050961766593,18.55447616269943,12.897187090819367,0.49520602126695135,32768.98461747367,13457.407939104258,6.0,6.0,5.374448668982557,0.9561246866995888,3.305229601389563,-7.088316605103884,0.1335113484646211,0.6720430107526987,-1.632622564671541,3.599821984868723,188.54628906621977,261.84865147944487,559.977695762128,-87.74374574051124,51586.0,52507.0,52519.666666666664,-188.0,earthquake_m6,municipio,-1.038203714088182
2021.0,Peñuelas,20625.0,0.0,16886.0,92.0,8573.0,212.0,18123.0,20379.363285628835,1145.0,270.96791666666667,14252.0,74.2,3956.0,504.2548959,24.9,3547.0,79.0,73.0,154.0,4.3,1.4,53.77,14.78,10237.0,27.08,21.24,18.42,15.67,13.6,99.57,0.0,0.59,0.15,4.53,12.95,4.0,0.02,18.0622,-66.7219,3.0,2.0,4.0,23.0,61.0,18123.0,20379.363285628835,270.96791666666667,72.0,111.0,72111.0,14.8,3.4,33.7,2.4,39.5,2.5,154.0,93.0,60.4,15.0,49.0,6.0,19.0,13.0,35.0,0.0,2.0,0.0,1.1534275077280478,0.0,0.0,0.0,101.27607393737908,2.0,35.0,4.46,5300.0,5492.0,40.0,61435.74135787736,64020.198848565546,2.130962249105238,55.0,1.0,2.0,0.9611594325135482,1.527431367612582,0.0,2.0,60.0,6.4,11982.0,12064.0,659934.8797739786,660953.91501869,4.182451886649496,-1.5854545454545454,-1.325143665028461,-1.2635757560909733,-10237.0,-0.2847785806796991,0.051457739653554,0.2238499671497638,4.131647503699028,0.2238499671497638,4.131647503699028,0.051457739653554,1.0,14.545454545454543,9.696969696969695,19.39393939393939,24.24242424242424,19.39393939393939,43.63636363636364,-11.116468519105284,-51.32384612911966,-8.795549665983593,11.845195619708214,106.07667828458858,-2.8749448069469663,-2.8640869233701904,-0.0005283007157852,-1.4612050227083635,5690.582,9.00339140187203,1.0,-3.1999999999999993,-0.2999999999999971,10.79136690647482,-3.472222222222221,1.0,1.0,1.0,1.0,4.7321148589722,6.0,1.0,1.0,0.0,1.0,4.131647503699028,4.131647503699028,1.0,1.0,19.55143054428957,0.308746437921324,0.2238499671497638,0.2238499671497638,1.0592837557298362,166254.81760895066,0.0,0.0,0.0,0.0,-1.5854545454545454,-1.325143665028461,-1.2635757560909733,56.0,South,0.4775861709068962,-0.1391983981967937,-0.07839046826411865,-1.7411619269978695,0.5513805852395617,1.1305826111758683,1.0841936795169518,-0.4999228455860077,3.860373024841091,9.06183853750066,6.644264705403614,0.8717418341311092,686388.360402918,30200.29070860204,6.0,6.0,2.277564372234564,-6.6606511396438695,-0.8580192248695514,-2.2780926729503492,-3.472222222222221,0.6993006993007089,1.5819584898532337,14.263589128697042,103.02703233086396,176.32481890964544,228.53731667852628,3.049645953724621,19797.0,20383.0,20388.0,828.0,earthquake_m6,municipio,-1.4348837320747199
2021.0,Ponce,139245.0,0.0,116592.0,227.0,65563.0,537.0,17747.0,19956.55025272057,715.0,270.96791666666667,99337.0,78.1,30655.0,1142.037215,29.2,29010.0,1949.0,325.0,2330.0,5.7,0.6,50.62,12.8,12323.0,22.07,18.8,22.88,22.21,13.9,99.63,0.0,12.19,0.22,3.2,18.07,3715.0,2.67,18.0111,-66.6141,19.0,44.0,80.0,326.0,654.0,17747.0,19956.55025272057,270.96791666666667,72.0,113.0,72113.0,12.8,1.2,31.8,1.0,36.5,1.1,2330.0,1253.0,53.8,228.0,472.0,201.0,508.0,93.0,35.0,1.0,2.0,0.3301335891925305,1.1775137728297216,0.0,0.0,0.0,96.01768843214668,2.0,35.0,4.46,4834.0,5494.0,37.0,42250.74923516522,50028.8393794812,2.1243805500565904,50.0,1.0,2.0,0.9617438165433756,1.2584891732427583,0.0,2.0,60.0,6.4,11867.0,12058.0,529069.5934339802,531319.3386509614,2.6320444595132386,-1.9411828072821269,-1.6543172436345066,-1.577163265645498,-12323.0,0.1223164194347234,-2.249341237426621,0.1942678310027604,1.9937875861281016,0.1942678310027604,1.9937875861281016,-2.249341237426621,0.0,13.645014183633164,31.598980214729437,57.45269129950806,45.2439943983626,57.45269129950806,102.69668569787066,3.9685842239739912,-34.67992069689508,-46.07271506277587,-51.06103593337468,133.40802217079175,-2.861725053876607,-2.9563803621305396,-1.7916028637328885,-1.4274393890314965,37076.256,1.969227925888295,-0.4000000000000021,1.1000000000000014,0.0,1.4808362369338024,-0.9063444108761364,1.0,1.0,1.0,1.0,4.777949917128569,6.0,1.0,1.0,0.0,1.0,1.9937875861281016,1.9937875861281016,0.0,0.0,9.526217231912732,-13.496047424559725,0.1942678310027604,0.1942678310027604,0.928201967040386,116034.30862115529,0.0,0.0,0.0,0.0,-1.9411828072821269,-1.6543172436345066,-1.577163265645498,57.0,South,-0.2457992691829558,-0.7524017600063049,-0.6980977494144689,-1.331363996462542,-1.9097623809999669,-1.5410401456914402,-1.549888625380647,-0.339578856426654,3.883484436379123,9.644708817705492,6.943651700244673,0.8944654807494459,554272.2782839381,27251.80792364893,6.0,6.0,-0.1149339253172176,-2.3757813780443837,-0.42140016276188685,-1.6766689384156708,-0.9063444108761364,2.1154693697664095,-0.13179500503021446,2.387180647809939,230.5417731669423,235.5377068771452,513.4071587920952,-97.13375099615055,135674.0,139671.0,139757.0,3571.0,earthquake_m6,municipio,-1.7083603838488646
2021.0,Quebradillas,23743.0,0.0,19939.0,127.0,10342.0,209.0,18947.0,21305.953549236303,2655.0,270.96791666666667,17284.0,74.5,5174.0,689.6876104,21.5,3712.0,179.0,146.0,214.0,5.2,1.9,45.43,5.28,10502.0,26.55,18.23,21.7,17.69,13.67,98.7,0.0,6.21,0.26,3.57,14.2,27.0,0.11,18.4738,-66.9385,1.0,3.0,20.0,46.0,105.0,18947.0,21305.953549236303,270.96791666666667,72.0,115.0,72115.0,5.3,3.5,35.6,3.8,37.5,3.8,214.0,128.0,59.8,20.0,61.0,12.0,30.0,19.0,35.0,0.0,2.0,0.0,0.8143088734632276,0.0,0.0,0.0,110.8699869265238,2.0,35.0,4.46,253.0,5609.0,58.0,3759.7666089693503,33841.4603393199,1.786757358799018,55.0,1.0,2.0,0.4983515889588749,1.5343640621610126,0.0,2.0,60.0,6.4,175.0,12196.0,2100.039944804145,232752.16871172725,2.072137913245342,-0.8549888388156512,-0.542684680047778,-0.4711262486333134,-10502.0,-0.3798733548267694,-1.562678118533887,0.1831590756576662,3.0042893465174028,0.1831590756576662,3.0042893465174028,-1.562678118533887,0.0,4.211767678894832,12.635303036684498,84.23535357789665,16.847070715579328,84.23535357789665,101.08242429347598,-8.947177167142826,15.450692557304237,8.865897127294502,-45.48170657854425,94.57890890331456,-1.5574082694993383,-1.6932933932434668,3.874180986999698,1.8544482973824012,7098.284000000001,3.5984196691930537,0.3000000000000042,0.2000000000000001,0.2999999999999971,0.9433962264151052,-2.304147465437789,1.0,1.0,1.0,1.0,4.417758847128147,6.0,1.0,1.0,0.0,1.0,3.0042893465174028,3.0042893465174028,0.0,0.0,13.272225839910096,-9.376068711203322,0.1831590756576662,0.1831590756576662,0.8091526269184687,56315.150106220986,0.0,0.0,0.0,0.0,-0.8549888388156512,-0.542684680047778,-0.4711262486333134,58.0,North,0.3213940505725654,-0.1257098983351245,-0.07077104795494649,-0.7925202992058789,-1.1336452665092829,-0.7741735810764453,-0.7520465305632129,-0.42903285202460406,3.817237960043388,11.888185089930094,8.508174076133221,0.6005208870847594,283937.0904876058,60427.63293722231,6.0,6.0,-1.5087432798813083,3.1979071850288143,0.8782135316078336,5.382924266881006,-2.304147465437789,5.339805825242716,2.3586874667363236,3.2475436918528944,131.19471835456432,95.68979863538026,186.97464997921296,-36.61580945124976,23261.0,23629.0,23642.0,482.0,earthquake_m6,municipio,-0.7118223357831504
2021.0,Rincón,15097.0,0.0,12998.0,99.0,9329.0,198.0,24744.0,27824.69597415438,3401.0,270.96791666666667,11567.0,73.1,3005.0,411.8689112,22.9,2646.0,145.0,113.0,210.0,5.0,1.7,40.88,8.18,14491.0,28.49,15.68,26.81,27.46,11.15,93.5,0.0,12.77,0.39,4.45,12.48,25.0,0.17,18.3403,-67.25,0.0,0.0,23.0,25.0,79.0,24744.0,27824.69597415438,270.96791666666667,72.0,117.0,72117.0,8.2,2.8,40.0,3.2,43.5,3.2,210.0,135.0,64.3,57.0,45.0,26.0,13.0,14.0,40.0,1.0,2.0,0.387844563912203,1.1340120352046157,0.0,0.0,0.0,80.24233741206439,2.0,35.0,4.46,1382.0,5506.0,49.0,13244.869099991249,34234.90432814251,2.812077596629793,55.0,1.0,2.0,0.7321661185728874,1.8588929584431977,0.0,2.0,60.0,6.4,553.0,12124.0,8864.399174760405,226897.8437497595,9.011480973355468,0.4437967808173848,0.591086099297522,0.6166222700984436,-14491.0,-0.5935518283256148,-3.717789652805773,-0.1893505961808615,1.369943405861755,-0.1893505961808615,1.369943405861755,-3.717789652805773,0.0,0.0,0.0,152.34814863880243,0.0,152.34814863880243,152.34814863880243,-7.220737959419453,65.699293125769,-7.008061129937405,-105.43993219328416,93.86959347245288,-1.4726807057484304,-1.4927465134207063,17.339053161656516,2.6135937203253023,5199.200000000001,10.167200212231652,0.1000000000000014,1.1999999999999993,0.5,11.702127659574458,2.732240437158473,1.0,1.0,1.0,1.0,3.7641696723146794,6.0,1.0,1.0,0.0,1.0,1.369943405861755,1.369943405861755,0.0,0.0,5.1566994211322985,-22.306737916834635,-0.1893505961808615,-0.1893505961808615,-0.712747771578703,-56249.471171688216,0.0,0.0,0.0,0.0,0.4437967808173848,0.591086099297522,0.6166222700984436,59.0,West,3.3230168084050327,2.5614161998453344,2.5941479109980348,-2.706394538306589,-3.2243941472149955,-2.7140392017703308,-2.819872707788093,-0.4933955055907773,3.0377784594606667,8.38885420488721,6.34807406352274,0.7263912128540126,272371.2560072717,52082.050212305,6.0,6.0,-0.0566679707125428,-9.441604029968063,1.9088668548518397,17.395721132369058,2.732240437158473,8.284023668639051,5.99276314075107,8.969887222415984,206.3175867956745,182.21318943163504,363.5733180843063,-112.44799332322161,13849.0,14056.0,14058.0,1248.0,earthquake_m6,municipio,0.22885815828041856
2021.0,Río Grande,47630.0,0.0,40526.0,188.0,22674.0,313.0,23679.0,26627.10054849667,1560.0,270.96791666666667,34734.0,77.8,10116.0,869.8781524,24.7,8581.0,126.0,97.0,368.0,8.7,1.6,37.63,21.24,12836.0,22.78,17.64,21.04,23.92,11.45,99.6,0.0,8.6,0.34,4.71,12.7,674.0,1.42,18.3794,-65.8311,,,,,,23679.0,26627.10054849667,270.96791666666667,72.0,119.0,72119.0,21.2,2.7,40.9,1.9,52.0,1.6,368.0,220.0,59.8,50.0,87.0,37.0,60.0,10.0,35.0,0.0,2.0,0.0,0.5872890282696139,0.0,0.0,0.0,123.35235387731198,2.0,35.0,4.8,38.0,306.0,28.0,1160.0216494050403,7260.066178894003,8.725808169174996,45.0,1.0,1.0,0.523887893594156,0.97179867910515,0.0,2.0,60.0,4.4,21.0,289.0,575.642873058346,4240.916140441501,-2.453510280986315,-1.6628175519630473,-1.216723941724962,-1.1174870971585649,-12836.0,-0.213491253945185,-2.575919640339253,0.0017497610572515,1.4461239486319784,0.0017497610572515,1.4461239486319784,-2.575919640339253,0.0,,,,0.0,0.0,0.0,0.0,0.0,0.0,0.0,0.0,-1.582246588595726,-1.853610286844709,-4.70740007796876,-0.7900978521730107,16575.134,-3.935678516377805,-0.8999999999999986,0.5999999999999979,-0.7000000000000028,11.515151515151524,1.2269938650306678,1.0,1.0,1.0,1.0,6.504931742258187,6.0,1.0,1.0,0.0,1.0,1.4461239486319784,1.4461239486319784,0.0,0.0,9.406937576695904,-15.455517842035519,0.0017497610572515,0.0017497610572515,0.011382076242683,30.441548656524137,0.0,0.0,0.0,0.0,-1.6628175519630473,-1.216723941724962,-1.1174870971585649,60.0,East,-1.6307186577494637,-1.9003138751480408,-1.8316104886007025,0.5132315605908988,-2.2826000143485334,-1.8753782713233031,-1.899552844488869,-0.2933196259907196,6.087795901848792,16.384020882215903,11.303331210465727,0.41713584040939544,15805.88720898092,17803.964386668587,6.0,6.0,3.4199044364139564,-1.0827979149642286,-0.12266958732669202,-8.127304514382717,1.2269938650306678,8.666666666666668,2.7514387564674174,10.288157650120857,0.0,0.0,0.0,0.0,48828.0,49613.0,49663.666666666664,-1198.0,earthquake_m6,municipio,-1.268077489782046
2021.0,Sabana Grande,22860.0,0.0,19278.0,127.0,10828.0,165.0,18857.0,21204.74830199762,1689.0,270.96791666666667,15604.0,75.3,5303.0,549.5061419,21.8,3406.0,110.0,86.0,181.0,7.3,1.7,44.77,18.47,10154.0,25.92,18.35,24.4,34.03,7.78,99.31,0.0,3.42,0.22,3.86,11.55,188.0,0.82,18.0777,-66.9605,2.0,1.0,4.0,10.0,38.0,18857.0,21204.74830199762,270.96791666666667,72.0,121.0,72121.0,18.5,4.5,31.5,2.7,38.8,2.7,181.0,118.0,65.2,21.0,40.0,16.0,39.0,6.0,35.0,1.0,2.0,0.3904312284926928,1.047962110374287,0.0,0.0,0.0,79.64446859213017,2.0,35.0,4.46,5339.0,5497.0,40.0,74001.60613974268,76419.09983667178,1.0927758633530464,55.0,1.0,2.0,0.7437185195579232,1.9211036737525296,0.0,2.0,60.0,6.4,11986.0,12067.0,575217.9730496662,576255.0586961209,3.2520325203251987,-0.9667541557305316,-0.7001765201362087,-0.6649542734212255,-10154.0,-0.2318092647860159,-2.2380971728612975,0.0592549874185914,2.540866174578131,0.0592549874185914,2.540866174578131,-2.2380971728612975,0.0,8.748906386701663,4.374453193350831,17.497812773403325,13.123359580052494,17.497812773403325,30.62117235345582,4.089935912482485,-0.569034561736693,4.600799554094832,-12.961521459186226,27.100271002710027,-1.8617021276595704,-2.142795176542034,-1.5084800216873862,1.2560287023524963,6072.57,-4.4967552075207635,-2.8999999999999986,0.1000000000000014,-3.4000000000000057,2.259887005649719,3.5087719298245723,1.0,1.0,1.0,1.0,4.776258429698451,6.0,1.0,1.0,0.0,1.0,2.540866174578131,2.540866174578131,0.0,0.0,12.135833485064454,-13.428583037167785,0.0592549874185914,0.0592549874185914,0.2830171331597231,39799.60333386057,0.0,0.0,0.0,0.0,-0.9667541557305316,-0.7001765201362087,-0.6649542734212255,61.0,West,0.6001251091448001,0.1165897837173135,0.14514117780261016,-1.2650793825660256,-1.597514683774525,-1.4563660463760164,-1.373788435491669,-0.6405824890867724,4.02065439551361,8.714416633573968,6.547431672363305,0.7556040341848416,603866.2432628261,33063.704063459496,6.0,6.0,4.2997487765392695,0.9768173522056056,3.260526184785436,-5.808228798226656,3.5087719298245723,1.7857142857142794,1.7648287385129506,-1.2488849241748534,35.46099290780142,73.73991498221567,143.69946964963015,-8.360721905091392,22140.0,22560.0,22584.666666666668,720.0,earthquake_m6,municipio,-0.8925543484142711
2021.0,Patillas,16231.0,0.0,13724.0,110.0,8355.0,233.0,17783.0,19997.03235161604,2131.0,270.96791666666667,12052.0,77.6,3575.0,515.9815888,19.6,2364.0,35.0,57.0,102.0,6.7,1.7,49.86,15.24,10695.0,23.95,17.47,24.02,12.08,9.63,100.0,0.0,2.06,0.55,6.9,17.65,0.0,0.0,18.0066,-66.0161,4.0,4.0,12.0,13.0,58.0,17783.0,19997.03235161604,270.96791666666667,72.0,109.0,72109.0,15.2,4.5,30.2,3.1,35.7,3.6,102.0,56.0,54.9,18.0,30.0,4.0,12.0,3.0,35.0,1.0,2.0,0.3929420506446309,0.9963863465173348,0.0,0.0,0.0,79.07165813020433,2.0,35.0,4.8,85.0,3516.0,16.0,1831.297585540868,14247.07453333343,7.8239888485080415,50.0,1.0,2.0,0.9731986056926204,1.7136723003394738,0.0,2.0,60.0,6.4,48.0,10602.0,867.2233099958346,153282.2047241215,-2.169851124103428,-1.8729591522395397,-1.4834946950019745,-1.3911229238068756,-10695.0,-0.2546065691395989,-0.9838187744930992,0.1111601159103898,3.2162263863086324,0.1111601159103898,3.2162263863086324,-0.9838187744930992,0.0,24.644199371572913,24.644199371572913,73.93259811471874,49.28839874314583,73.93259811471874,123.22099685786458,25.178941808663275,-28.532593856832108,0.4813631309501502,-33.396347398760454,126.5746489060334,-1.9965739263984927,-2.336448598130836,-0.8746270812561852,1.5394059351643432,4144.648,0.3768386626780584,0.3999999999999986,-3.6000000000000014,-1.0999999999999943,6.25,-1.0309278350515427,1.0,1.0,1.0,1.0,6.616415229855563,6.0,1.0,1.0,0.0,1.0,3.2162263863086324,3.2162263863086324,0.0,0.0,21.27988924503576,-5.902912646958595,0.1111601159103898,0.1111601159103898,0.7354814838620128,19598.448627018024,0.0,0.0,0.0,0.0,-1.8729591522395397,-1.4834946950019745,-1.3911229238068756,55.0,South,-1.712813547305958,-2.0132037425780624,-1.9645800817071606,0.3216906234990824,-0.4851980679188952,0.0807086206673608,-0.013030624242405272,-0.498620706574204,6.02525198230034,18.883293808676985,13.295161005551853,0.5911632475552233,166619.59738092546,17050.71486403341,6.0,6.0,5.74079290080074,-0.2479480140515244,3.837889290220583,-6.615419982056925,-1.0309278350515427,3.1914893617021267,-1.5900438475521141,7.280927835051543,159.4896331738437,98.0731510326526,166.5190896611183,-32.91498426781031,16591.0,16929.0,16951.333333333332,-360.0,earthquake_m6,municipio,-1.515561366291243
2021.0,Salinas,26208.0,0.0,21891.0,110.0,13068.0,261.0,18563.0,20874.14449435127,1777.0,270.96791666666667,18459.0,76.8,7468.0,715.3048301,19.5,3593.0,146.0,148.0,187.0,8.5,1.9,50.5,4.87,10502.0,24.25,20.17,20.86,25.25,16.73,99.87,0.0,4.03,0.37,4.86,14.85,99.0,0.38,17.9775,-66.2974,7.0,9.0,13.0,24.0,88.0,18563.0,20874.14449435127,270.96791666666667,72.0,123.0,72123.0,4.9,2.1,36.4,3.2,38.3,3.1,187.0,101.0,54.0,33.0,55.0,12.0,31.0,3.0,35.0,1.0,2.0,0.3968941889114433,1.0488896595573844,0.0,0.0,0.0,78.18471264594238,2.0,35.0,4.8,333.0,5452.0,38.0,5185.191002709786,28446.48865819966,1.1325818039453637,50.0,1.0,2.0,0.7238411447875103,1.3540096506912038,0.0,2.0,60.0,6.4,1556.0,12044.0,52831.81172629229,247490.817890682,-5.174035747883354,-1.984126984126988,-1.5593960651779426,-1.457075896827098,-10502.0,-0.1140050808333879,-0.9884887166215888,0.5373466140404948,4.643800577640859,0.5373466140404948,4.643800577640859,-0.9884887166215888,1.0,26.70940170940171,34.34065934065934,49.6031746031746,61.05006105006105,49.6031746031746,110.65323565323564,35.72261333314955,17.039313252859813,-28.03624362749776,-116.85447441403112,57.89130906722629,-1.675619908214454,-1.8300562288268816,0.2217740273110058,0.6961285799247781,7968.324,-1.3880844820263527,0.7999999999999972,-0.8999999999999995,0.5,8.092485549132956,8.805031446540879,1.0,1.0,1.0,1.0,5.583168859529314,6.0,1.0,1.0,0.0,1.0,4.643800577640859,4.643800577640859,1.0,1.0,25.927122774948685,-5.930932299729532,0.5373466140404948,0.5373466140404948,3.000096882284408,155100.03641243014,0.0,0.0,0.0,0.0,-1.984126984126988,-1.5593960651779426,-1.457075896827098,62.0,South,-2.779331689801501,-2.9575768457829277,-2.8812217118853733,1.3222557929744028,-0.5241721090388591,-0.2049803485440701,-0.12353255733652753,-0.46431660758272963,4.963613781282149,14.231240996516428,10.081942075011426,0.6195550782471653,265170.22633306077,21964.14378749401,6.0,6.0,-3.925182298449747,5.791794010913076,1.112442679929371,4.146956325760753,8.805031446540879,-0.6249999999999978,2.72667714884696,-0.7125458974079226,202.7820271087552,216.53337058638633,436.17956511517997,-144.89071804152888,27638.0,28109.0,28126.666666666668,-1430.0,earthquake_m6,municipio,-1.5583439984674856
2021.0,San Juan,344791.0,0.0,294169.0,410.0,189079.0,981.0,24347.0,27378.268383557093,705.0,270.96791666666667,253731.0,83.6,55109.0,1770.790784,40.0,101422.0,6856.0,695.0,11651.0,9.6,0.5,39.71,16.58,20286.0,16.51,16.87,23.46,19.83,12.72,98.66,0.0,24.15,0.14,2.22,23.26,7577.0,2.2,18.4655,-66.1057,132.0,254.0,399.0,1862.0,3897.0,24347.0,27378.268383557093,270.96791666666667,72.0,127.0,72127.0,16.6,0.8,43.3,0.6,52.0,0.7,11651.0,6811.0,58.5,1115.0,1614.0,2410.0,1570.0,448.0,35.0,0.0,2.0,0.0,0.7483357649808013,0.0,0.0,0.0,129.59909065343885,2.0,35.0,4.8,49.0,2183.0,29.0,1812.853483450194,12897.093777601334,6.608153598404679,45.0,1.0,1.0,0.4598743078345008,0.7402515998611829,0.0,2.0,60.0,6.4,20.0,6049.0,571.6719195527246,98520.46521187056,5.455830042850196,-1.1276396425660806,-0.8929309453579282,-0.8414795487346582,-20286.0,-0.0670365128767507,-4.371896303720464,0.0917554175830319,-0.6860289601767392,0.0917554175830319,-0.6860289601767392,-4.371896303720464,0.0,38.284061938971725,73.66781615529408,115.72227813371,111.9518780942658,115.72227813371,227.6741562279758,-28.129417994162793,-25.582435387805347,-84.9774278435113,-33.97280922282988,281.3860096099439,-2.538245078517176,-2.6517239978410156,-1.6212756363092051,0.6382802442669828,127375.177,5.083488684807147,-0.4000000000000057,0.5,-0.2999999999999971,3.0332507958967136,1.3624955181068543,1.0,1.0,1.0,1.0,5.571526133076798,6.0,1.0,1.0,0.0,1.0,-0.6860289601767392,-0.6860289601767392,0.0,0.0,-3.822228279672205,-26.231377822322784,0.0917554175830319,0.0917554175830319,0.5112177069152369,11044.270136767376,0.0,0.0,0.0,0.0,-1.1276396425660806,-0.8929309453579282,-0.8414795487346582,64.0,Metro,1.1796765192760628,0.5371510946137636,0.5782397483823217,-2.021156068010721,-4.134643979662517,-3.7168379465710393,-3.7119191403458163,-0.23725232405794738,5.002896227720454,15.553671806610446,10.675767024235512,0.5686299053563442,114988.17584342306,23866.486580551675,6.0,6.0,2.8157026527632745,0.7204137163468793,1.08908594488006,-4.43697828907248,1.3624955181068543,3.420784277370914,1.4283902549818446,1.6707552777898593,400.3362466762851,540.6174007417167,1260.773950411737,-118.95023706634117,326953.0,335468.0,335675.6666666667,17838.0,earthquake_m6,municipio,-1.0624010555764796
2021.0,San Lorenzo,37822.0,0.0,32115.0,195.0,16056.0,280.0,19339.0,21746.758626098108,1465.0,270.96791666666667,27675.0,72.3,6983.0,703.651192,18.6,5142.0,123.0,111.0,288.0,6.9,1.4,45.47,8.79,10965.0,28.41,17.79,20.36,14.7,11.0,99.97,0.0,1.72,0.0,4.39,16.82,94.0,0.25,18.1894,-65.9611,7.0,11.0,18.0,45.0,150.0,19339.0,21746.758626098108,270.96791666666667,72.0,129.0,72129.0,8.8,2.8,35.5,2.2,39.0,2.2,288.0,168.0,58.3,33.0,87.0,16.0,44.0,24.0,35.0,1.0,2.0,0.3182258822171976,0.8656194747393621,0.0,0.0,0.0,99.98476854284144,2.0,35.0,4.8,85.0,2028.0,16.0,1852.3396614835017,10153.52388151744,7.933336373116954,45.0,1.0,1.0,0.6944305487562994,1.169242221302877,0.0,2.0,60.0,6.4,36.0,6396.0,697.9584502596304,108028.7127340155,3.378341442081667,-0.7138702342551984,-0.4066753722853478,-0.3457909548728599,-10965.0,-0.4175520881908394,-1.0083518842852284,-0.0110628232588935,2.6742908087078052,-0.0110628232588935,2.6742908087078052,-1.0083518842852284,0.0,18.507746814023584,29.083602136322774,47.59134895034636,47.59134895034636,47.59134895034636,95.18269790069272,9.32534556107177,14.791917473825286,-15.48443333302378,-45.13870177081156,71.06543486579565,-1.674326103899593,-1.7532278932220868,-4.696653182842425,-1.5907934795558851,11400.825,4.172758199995741,-0.1000000000000014,-0.0999999999999996,-0.1000000000000014,5.882352941176472,4.615384615384621,1.0,1.0,1.0,1.0,6.314532797510919,6.0,1.0,1.0,0.0,1.0,2.6742908087078052,2.6742908087078052,0.0,0.0,16.886897021667437,-6.05011130571137,-0.0110628232588935,-0.0110628232588935,-0.0698565603013497,-1385.4977157500034,0.0,0.0,0.0,0.0,-0.7138702342551984,-0.4066753722853478,-0.3457909548728599,65.0,East,0.8393428760526067,0.3063339667197295,0.366923273557566,-1.1851338309254666,-0.8961336505985518,-0.6068519916554905,-0.64783321512247,-0.1122182336866766,5.817167905533463,18.385576764274965,12.769550110871572,0.4973648919774565,119748.27217408818,16702.93095648272,6.0,6.0,-1.211952536433647,1.136225280608416,-0.41277372933079187,-3.484700646408778,4.615384615384621,4.8387096774193505,2.3639631894648425,1.2669683257918507,131.688569969631,158.42420721886305,404.28522522892507,-60.62313510383535,36586.0,37209.0,37222.666666666664,1236.0,earthquake_m6,municipio,-0.6062059226528083
2021.0,San Sebastián,39351.0,0.0,33262.0,197.0,18290.0,250.0,16812.0,18905.1401841854,1346.0,270.96791666666667,28941.0,69.5,7618.0,734.4126905,20.8,6006.0,152.0,107.0,484.0,5.3,1.0,50.65,13.13,10537.0,31.22,17.97,24.49,24.84,10.08,96.94,0.0,2.64,0.32,3.01,11.17,208.0,0.53,18.3372,-66.9905,3.0,1.0,11.0,44.0,91.0,16812.0,18905.1401841854,270.96791666666667,72.0,131.0,72131.0,13.1,2.9,32.7,2.5,37.6,2.5,484.0,300.0,62.0,53.0,139.0,34.0,86.0,31.0,35.0,1.0,2.0,0.3308742982831052,0.8935544612395115,0.0,0.0,0.0,95.7803527853742,2.0,35.0,4.46,4844.0,5559.0,51.0,32478.4075731508,39716.152926856856,4.079922164238948,55.0,1.0,2.0,0.5993117529531558,1.6884851977906514,0.0,2.0,60.0,6.4,8330.0,12140.0,209040.21056114385,288373.98289636365,8.428854844042766,-0.4269268887702959,-0.2327936448964895,-0.2232794592736287,-10537.0,-0.3853584414878074,-1.710409939056048,0.2083194300989129,3.3870005691099525,0.2083194300989129,3.3870005691099525,-1.710409939056048,0.0,7.623694442326752,2.541231480775584,27.95354628853142,10.164925923102336,27.95354628853142,38.11847221163376,-3.6122150446040457,-27.1550175822941,5.695244415982243,-33.79229819814,68.88570483853191,-2.2306034482758585,-2.223158782004009,0.4095639594011269,1.7033924890546004,10876.674,19.00648652386483,2.6000000000000014,-2.4000000000000004,2.0,5.908096280087527,2.237136465324374,1.0,1.0,1.0,1.0,4.737136959865062,6.0,1.0,1.0,0.0,1.0,3.3870005691099525,3.3870005691099525,0.0,0.0,16.044685579014754,-10.262459634336288,0.2083194300989129,0.2083194300989129,0.9868376717795868,75727.64786013363,0.0,0.0,0.0,0.0,-0.4269268887702959,-0.2327936448964895,-0.2232794592736287,66.0,West,2.574678549669507,1.8192527758733368,1.8657382443654003,-2.7979580089431355,-1.2218257354471378,-0.5619319459174574,-0.5480449806333031,-0.4885842036089103,4.079975730286343,10.406061650772148,7.579000576998581,0.657161229578719,333473.1540272349,53558.32856179553,6.0,6.0,3.040066399300634,1.6605471084620405,1.9973133048237184,-2.630502439899507,2.237136465324374,1.3605442176870763,2.7827581690798247,3.670959814763153,96.98275862068968,142.24001685807607,222.5858486049739,-28.097053782157772,36292.0,37120.0,37125.333333333336,3059.0,earthquake_m6,municipio,-0.5227741120484619
2021.0,Santa Isabel,20530.0,0.0,17110.0,81.0,9135.0,207.0,20784.0,23371.665095652468,1664.0,270.96791666666667,14294.0,83.9,5515.0,606.3604539,26.8,3824.0,152.0,77.0,182.0,7.8,2.2,46.31,8.39,12308.0,17.56,20.38,17.59,28.46,16.55,100.0,0.0,1.97,0.42,4.06,12.08,5.0,0.02,17.9666,-66.405,9.0,5.0,3.0,31.0,79.0,20784.0,23371.665095652468,270.96791666666667,72.0,133.0,72133.0,8.4,2.6,44.5,2.8,48.9,2.7,182.0,82.0,45.1,37.0,49.0,10.0,24.0,11.0,35.0,1.0,2.0,0.385196455664442,1.0583723218268322,0.0,0.0,0.0,80.86272598128399,2.0,35.0,4.46,2023.0,5476.0,36.0,14966.33425643054,32295.562074948713,2.235287500909959,50.0,1.0,2.0,0.6326888527792415,1.3092726272104762,0.0,2.0,60.0,6.4,7025.0,12043.0,235314.8097459068,305468.99125769234,-4.39601378411102,-1.5733073550901144,-1.141438914710724,-1.0285656060234238,-12308.0,-0.3444911301203416,-1.474019719269403,0.3644522225324417,3.7553012438114486,0.3644522225324417,3.7553012438114486,-1.474019719269403,1.0,43.83828543594739,24.354603019970774,14.612761811982466,68.19288845591817,14.612761811982466,82.80565026790063,12.311357301964549,-22.64159229065328,5.323090192423997,-4.111643047706671,93.13588525658936,-1.3007307992829895,-1.4003444212816074,-0.725185952211449,3.0984406847287467,7613.95,-6.300225205823362,-1.5,1.9000000000000004,-0.3999999999999986,7.058823529411762,0.0,1.0,1.0,1.0,1.0,5.335779991270382,6.0,1.0,1.0,0.0,1.0,3.7553012438114486,3.7553012438114486,1.0,1.0,20.037461237921907,-8.844118315616416,0.3644522225324417,0.3644522225324417,1.944636876762623,127758.95696656058,0.0,0.0,0.0,0.0,-1.5733073550901144,-1.141438914710724,-1.0285656060234238,67.0,South,-2.238424906444436,-2.433451158984501,-2.3494033979294247,1.2098593004210123,-1.0444761842309658,-0.904686890978317,-0.7693804326829182,-0.4295435350384371,4.717243373383254,12.97899365154132,9.235698544744272,0.6185366178871279,323778.36515553517,22425.466149580687,6.0,6.0,-0.3756827304746135,10.396190736872304,4.141002235896605,-0.3495032217368355,0.0,6.25,1.8762939958592126,7.058823529411762,91.92443811187204,122.36019215082028,371.02034950172805,1.2114471447173258,21474.0,21757.0,21765.666666666668,-944.0,earthquake_m6,municipio,-1.1774319177421515
2021.0,Toa Alta,67602.0,0.0,56644.0,195.0,26328.0,277.0,28098.0,31596.27818791585,2014.0,270.96791666666667,47853.0,83.4,12588.0,1046.83332,26.9,12886.0,430.0,232.0,386.0,6.5,1.0,32.39,10.1,15038.0,16.99,19.07,15.33,14.17,13.29,99.16,0.0,2.83,0.45,3.11,6.95,332.0,0.49,18.3883,-66.2485,7.0,9.0,33.0,97.0,197.0,28098.0,31596.27818791585,270.96791666666667,72.0,135.0,72135.0,10.1,1.8,45.3,1.8,50.5,1.9,386.0,231.0,59.8,35.0,96.0,36.0,44.0,38.0,35.0,0.0,2.0,0.0,0.7945402099718818,0.0,0.0,0.0,122.02991840931276,2.0,35.0,4.2,68.0,5013.0,32.0,2383.925403343558,20600.13517412088,4.0533602222130005,45.0,1.0,1.0,0.4739704065067507,0.788131193143918,0.0,2.0,60.0,6.4,32.0,11913.0,743.1543345630399,178857.39725517924,-6.691511387163562,-1.3357592970622223,-0.7915711362055933,-0.6361697364268393,-15038.0,-0.8310126339977264,-2.7272669829100544,-0.2715304876051966,1.510806646345063,-0.2715304876051966,1.510806646345063,-2.7272669829100544,0.0,10.354723233040444,13.313215585337714,48.81512381290494,23.66793881837816,48.81512381290494,72.4830626312831,1.5837428211386817,3.2664695685985237,-25.950498776585732,-31.30685739381391,67.6328502415459,-0.5681818181818232,-0.7370070158708497,-2.837798858316476,-3.3641795191893844,25659.731999999996,-6.30566536780961,-0.1000000000000014,-0.200000000000001,-0.2000000000000028,3.208556149732611,9.6774193548387,1.0,1.0,1.0,1.0,5.308757600281977,6.0,1.0,1.0,0.0,1.0,1.510806646345063,1.510806646345063,0.0,0.0,8.020506266340877,-16.363601897460327,-0.2715304876051966,-0.2715304876051966,-1.4414895397823586,-57184.71661921403,0.0,0.0,0.0,0.0,-1.3357592970622223,-0.7915711362055933,-0.6361697364268393,68.0,Metro,-2.798544925689783,-2.903828820371235,-2.8033954801763037,2.162375189262944,-2.5867098865575406,-2.3447380110997047,-2.311887497469557,-0.1405570963525138,4.709451825392184,15.162030249606335,10.435808709146226,0.5993057748897925,197570.59586472588,26758.131274953907,6.0,6.0,-5.375089343343708,-1.8796503559079691,-4.099076353941689,2.537290485027232,9.6774193548387,12.171052631578938,7.840237596364408,-6.468863205106088,124.89020641194554,168.92582249165588,329.39206877874045,-57.257356170399646,72450.0,72864.0,72906.33333333333,-4848.0,earthquake_m6,municipio,-0.8116153229833631
2021.0,Toa Baja,76248.0,0.0,64421.0,214.0,34889.0,335.0,26587.0,29897.154537053124,1297.0,270.96791666666667,55064.0,81.9,14398.0,827.8629114,27.6,15221.0,438.0,121.0,777.0,7.2,0.9,35.64,13.41,14621.0,18.53,18.11,20.38,23.63,12.06,99.19,0.0,5.1,0.58,4.06,8.6,428.0,0.56,18.4438,-66.2591,9.0,35.0,60.0,253.0,526.0,26587.0,29897.154537053124,270.96791666666667,72.0,137.0,72137.0,13.4,1.6,44.4,1.5,51.5,1.4,777.0,422.0,54.3,87.0,150.0,52.0,88.0,56.0,35.0,0.0,2.0,0.0,0.7702535404751061,0.0,0.0,0.0,128.29438441783714,2.0,35.0,4.2,50.0,4885.0,34.0,2156.626045727432,20105.689129582806,2.1232094906196353,45.0,1.0,1.0,0.4455356555183339,0.7561991602952567,0.0,2.0,60.0,6.4,28.0,11765.0,687.2584219223395,171194.12667893124,0.3157562361856714,-1.8282446752701744,-1.4938193211314954,-1.4230324857064658,-14621.0,-0.5544358634526959,-3.1360583434574147,-0.2499420243803554,1.060909789943557,-0.2499420243803554,1.060909789943557,-3.1360583434574147,0.0,11.803588290840416,45.90284335326828,78.69058860560277,57.7064316441087,78.69058860560277,136.39702024971146,-0.1822116565964862,-34.455396027593736,-68.05917831605359,-37.220292194974675,171.03462793390167,-2.315897699524483,-2.4032310664024337,1.2298558556615102,-0.3449814180322826,28602.924,5.143583515171479,1.6000000000000014,-1.0,1.2999999999999972,4.1554959785522705,-0.1338688085676054,1.0,1.0,1.0,1.0,5.242626152912608,6.0,1.0,1.0,0.0,1.0,1.060909789943557,1.060909789943557,0.0,0.0,5.561953410639112,-18.81635006074449,-0.2499420243803554,-0.2499420243803554,-1.310352593728372,-50598.649738251406,0.0,0.0,0.0,0.0,-1.8282446752701744,-1.4938193211314954,-1.4230324857064658,69.0,Metro,-0.8942838083355609,-1.2827157657801846,-1.2176066691193643,-0.5287486773709049,-2.5904207162035555,-2.1590977166118517,-2.1670331765047623,-0.5456376272538592,4.66265123823894,15.195554704008218,10.445862398037711,0.5799749146736684,190330.08363669468,27521.64122702068,6.0,6.0,-1.296442774273554,-0.968357335484804,-1.1302976880236255,2.5262986299350643,-0.1338688085676054,3.0344827586206824,0.20316960958642513,4.289364787119876,276.31409844493,298.52243935479015,791.4941563538491,-105.27947051102831,76008.0,77810.0,77848.0,240.0,earthquake_m6,municipio,-1.55776535669942
2021.0,San Germán,32031.0,0.0,27243.0,144.0,15712.0,217.0,16492.0,18545.299305114535,1707.0,270.96791666666667,23079.0,71.0,7842.0,661.3017466,21.9,5064.0,293.0,129.0,336.0,4.6,1.2,49.95,7.34,10625.0,29.89,17.63,25.83,11.45,8.5,99.02,0.0,4.67,0.05,4.32,17.12,559.0,1.75,18.0816,-67.04,3.0,4.0,9.0,18.0,68.0,16492.0,18545.299305114535,270.96791666666667,72.0,125.0,72125.0,7.3,2.4,26.7,2.8,28.8,2.9,336.0,201.0,59.8,35.0,75.0,23.0,110.0,7.0,35.0,1.0,2.0,0.4222806472254481,1.069801627588422,1.0,0.0,0.0,72.8832678692806,2.0,35.0,4.46,5320.0,5487.0,40.0,68499.77306797661,71011.44931717182,0.1209646598526214,55.0,1.0,2.0,0.8475142607956232,2.029927486351018,0.0,2.0,60.0,6.4,11902.0,12065.0,476194.7837544848,478189.0798532879,3.9596248093213497,-1.0958134307389678,-0.8103137307310715,-0.7612991480766773,-10625.0,-0.2488910912564031,-1.7239033591935564,-0.0164727452732629,1.74540349783618,-0.0164727452732629,1.74540349783618,-1.7239033591935564,0.0,9.365926758452748,12.487902344603668,28.097780275358247,21.853829103056412,28.097780275358247,49.95160937841466,2.380264467049791,-4.358160784652789,-9.150568688845487,-27.97278484801009,51.92950569601766,-2.0068697919979672,-2.092545307342597,-4.867981171753111,-0.6616686591176202,7273.881,-0.5811056999777464,-1.400000000000002,-0.2000000000000001,-1.599999999999998,1.5105740181268867,1.5337423312883347,1.0,1.0,1.0,1.0,4.515640003941876,6.0,1.0,1.0,0.0,1.0,1.74540349783618,1.74540349783618,0.0,0.0,7.881613857849131,-10.343420155161338,-0.0164727452732629,-0.0164727452732629,-0.0743849875306905,-9336.172382191313,0.0,0.0,0.0,0.0,-1.0958134307389678,-0.8103137307310715,-0.7612991480766773,63.0,West,0.754838733925367,0.2516824624544167,0.30676515001742216,-1.5161378820020444,-1.4804167413488227,-1.2833289884618984,-1.2065396144593186,-0.2434866178447337,3.739132688754056,8.185114204118438,6.231150068996165,0.7765073151878195,504459.08207394625,31903.47694685108,6.0,6.0,-0.7881310901789784,3.6711062845792286,1.4290301063555961,-4.079850081574133,1.5337423312883347,0.9287925696594534,0.11377425991188798,-0.023168313161447962,89.05285923287323,84.07548109858628,125.51566268428901,-37.123353536855575,30811.0,31442.0,31455.666666666668,1220.0,earthquake_m6,municipio,-0.9826501791421447
2021.0,Orocovis,21510.0,0.0,17835.0,72.0,8971.0,144.0,15637.0,17583.849456347078,1796.0,270.96791666666667,15163.0,70.2,4706.0,428.9242357,17.8,2705.0,34.0,43.0,196.0,4.5,1.7,55.84,24.26,8911.0,31.0,20.01,18.86,22.1,14.75,99.45,0.0,0.28,0.0,6.88,16.3,169.0,0.79,18.2269,-66.4411,2.0,1.0,15.0,19.0,67.0,15637.0,17583.849456347078,270.96791666666667,72.0,107.0,72107.0,24.3,4.1,27.4,2.8,36.2,3.1,196.0,122.0,62.2,27.0,51.0,10.0,26.0,28.0,35.0,0.0,2.0,0.0,0.8891110892139831,0.0,0.0,0.0,109.21244847836456,2.0,35.0,4.46,835.0,5535.0,42.0,7536.369967520485,30512.60911263736,4.387353296607884,50.0,1.0,2.0,0.4896372052765048,1.124654581277323,0.0,2.0,60.0,6.4,2955.0,12076.0,129180.46714698046,264441.57756236475,4.376940993788825,-0.6136680613668011,-0.3702810773407394,-0.3124583162969485,-8911.0,0.0575343781956919,0.6836977272160674,0.5442106942680207,5.091653827771492,0.5442106942680207,5.091653827771492,0.6836977272160674,1.0,9.298000929800091,4.6490004649000465,69.73500697350069,13.94700139470014,69.73500697350069,83.68200836820083,4.242032450600762,-41.87213588364216,-14.124980536407726,-21.840574233696927,121.31211180124222,-1.7824802211419355,-1.9853319007801185,-5.485404459927579,3.080165234170784,4886.789999999999,3.52403589495891,-0.4000000000000021,-1.1999999999999993,-1.0999999999999943,2.617801047120416,9.770114942528728,1.0,1.0,1.0,1.0,4.8281270644629215,6.0,1.0,1.0,0.0,1.0,5.091653827771492,5.091653827771492,1.0,1.0,24.583151648739772,4.102186363296404,0.5442106942680207,0.5442106942680207,2.6275183817655874,166971.22888462816,0.0,0.0,0.0,0.0,-0.6136680613668011,-0.3702810773407394,-0.3124583162969485,54.0,Central Mountains,1.187637976468814,0.6251938472239704,0.6576529849912899,-1.5000962927657626,1.0069689016691448,1.4047862361444274,1.4419358396881448,-0.3232711744530774,4.167118239124357,12.711863302735315,8.925494483541126,0.6610088253385644,283494.83482465096,25179.48374682406,6.0,6.0,3.380513295708365,11.345386866731566,1.8912021938724468,-8.865917755635945,9.770114942528728,4.819277108433728,6.999882820406288,-7.152313895408312,157.27766657134688,210.2116130237773,270.0967795552328,-35.96555477010466,20608.0,20982.0,20999.0,902.0,earthquake_m6,municipio,-0.5815102527383562
2021.0,Naranjito,29200.0,0.0,24691.0,76.0,10391.0,288.0,19156.0,21540.974623379458,2194.0,270.96791666666667,20993.0,71.3,5075.0,808.1986142,17.9,3766.0,52.0,76.0,330.0,6.1,2.3,45.41,16.94,10818.0,29.57,18.83,21.14,28.34,10.8,100.0,0.0,0.37,0.0,5.34,16.96,76.0,0.26,18.3008,-66.2447,8.0,8.0,13.0,65.0,141.0,19156.0,21540.974623379458,270.96791666666667,72.0,105.0,72105.0,16.9,5.4,31.0,3.8,37.5,3.2,330.0,198.0,60.0,29.0,85.0,15.0,41.0,58.0,35.0,0.0,2.0,0.0,0.8370990488449861,0.0,0.0,0.0,112.33336996188623,2.0,35.0,4.8,84.0,5379.0,39.0,2302.137124985856,23918.739985009008,5.9856023875415065,45.0,1.0,1.0,0.522623581602863,0.8440872169199676,0.0,2.0,60.0,6.4,50.0,12043.0,989.704361057229,192171.533901126,5.342905588224678,-0.1609589041095871,0.0787361263996588,0.1254134252311356,-10818.0,-0.2040875296910536,-0.8362959175264509,-0.0591429398049796,3.1443096321257555,-0.0591429398049796,3.1443096321257555,-0.8362959175264509,0.0,27.3972602739726,27.3972602739726,44.52054794520548,54.7945205479452,44.52054794520548,99.31506849315068,-6.535253253418482,-38.45502837428656,-6.257021873081399,-23.740416850684397,144.3053501208557,-1.3979795105293125,-1.558286934902131,-2.5469495499788164,-2.7985774585797247,7654.21,6.046596044767227,-0.3000000000000007,-1.3000000000000007,-0.7999999999999972,7.14285714285714,2.3255813953488413,1.0,1.0,1.0,1.0,5.206003279305492,6.0,1.0,1.0,0.0,1.0,3.1443096321257555,3.1443096321257555,0.0,0.0,16.369286255998528,-5.017775505158705,-0.0591429398049796,-0.0591429398049796,-0.3078983385724915,-13410.384737355842,0.0,0.0,0.0,0.0,-0.1609589041095871,0.0787361263996588,0.1254134252311356,53.0,Central Mountains,1.8035616767995144,1.2194180748936967,1.2559872270218857,-1.6781482515683788,-0.5511383931125727,-0.1440206510450083,-0.2426689923419132,-0.2851575244138782,4.57315352955552,17.322625625130513,11.89786258875867,0.6328497497499717,209892.53437901437,24427.75170562757,6.0,6.0,-1.7866079690539771,-4.062174856706379,-0.4687544050951655,-0.7603415809248393,2.3255813953488413,3.436426116838498,2.385245245061289,4.817275747508298,174.30278884462152,203.10256679623208,444.1126764841135,-29.99743872376581,27719.0,28112.0,28129.333333333332,1481.0,earthquake_m6,municipio,-0.19329498337901518
2021.0,Naguabo,23722.0,0.0,19509.0,173.0,11270.0,247.0,18412.0,20704.344579539706,1735.0,270.96791666666667,16546.0,76.8,6317.0,788.6000254,22.1,3652.0,65.0,72.0,159.0,8.0,2.1,50.4,15.04,9609.0,24.25,20.68,19.37,7.42,14.78,99.34,0.0,5.93,0.0,6.46,10.8,48.0,0.2,18.2119,-65.735,3.0,11.0,12.0,25.0,87.0,18412.0,20704.344579539706,270.96791666666667,72.0,103.0,72103.0,15.0,5.6,32.0,3.6,37.6,3.3,159.0,101.0,63.5,26.0,39.0,7.0,20.0,23.0,35.0,0.0,2.0,0.0,0.6500941615427556,0.0,0.0,0.0,108.515821749422,2.0,35.0,4.8,63.0,234.0,20.0,2777.896814921613,6254.394973257996,14.070346725363796,45.0,1.0,1.0,0.6471427128383721,1.1098194629352058,0.0,2.0,60.0,4.3,37.0,222.0,1028.9008536767565,3249.4154954360192,-8.518761328140068,-1.610319534609228,-1.0957086455473997,-0.947601603901127,-9609.0,-0.290380610760481,-0.3808497234356479,0.1319662327619611,2.9751776197907995,0.1319662327619611,2.9751776197907995,-0.3808497234356479,0.0,12.646488491695472,46.3704578028834,50.58595396678189,59.01694629457887,50.58595396678189,109.60290026136076,24.30945333248717,8.165684790892023,11.69694646161232,-18.94118815872183,77.12776213798156,-0.552253116011503,-0.727175816645087,-8.505044001730045,-4.064981929821087,6242.88,-7.074846599101758,0.3000000000000007,-2.1999999999999993,-0.6999999999999957,3.9215686274509887,11.678832116788328,1.0,1.0,1.0,1.0,7.134253148901733,6.0,1.0,1.0,0.0,1.0,2.9751776197907995,2.9751776197907995,0.0,0.0,21.225670302534475,-2.2850983406138874,0.1319662327619611,0.1319662327619611,0.94148051163072,1952.3600747590872,0.0,0.0,0.0,0.0,-1.610319534609228,-1.0957086455473997,-0.947601603901127,52.0,East,-3.634679713393985,-3.626230755973836,-3.5332166806309764,2.687078109492858,-0.0822543450659296,0.1890335570333697,0.1720226916206945,-0.2985953783697183,6.8383328228411004,17.33817135446056,12.046778669112816,0.29592032606063245,12905.446935718188,14190.787387958964,6.0,6.0,-2.294586940666532,-1.3953148470666863,-1.3719932506072876,-6.210457061063513,11.678832116788328,7.03125,4.508298977201049,-7.75726348933734,84.37200383509108,277.92583568110865,341.4500672798006,-7.244241697109516,25931.0,26075.0,26090.666666666668,-2209.0,earthquake_m6,municipio,-1.0813150822423496
2021.0,Isabela,42985.0,0.0,36597.0,189.0,20069.0,335.0,17123.0,19254.86053853239,1374.0,270.96791666666667,31652.0,73.9,9249.0,893.174675,24.6,7796.0,163.0,117.0,481.0,5.9,1.4,50.52,8.78,10745.0,26.53,17.37,20.95,22.68,11.01,99.3,0.0,3.55,0.4,1.93,12.87,334.0,0.78,18.5011,-67.0247,4.0,5.0,17.0,67.0,146.0,17123.0,19254.86053853239,270.96791666666667,72.0,71.0,72071.0,8.8,2.6,32.3,2.5,35.4,2.3,481.0,304.0,63.2,78.0,120.0,48.0,82.0,24.0,35.0,0.0,2.0,0.0,0.8104388126144908,0.0,0.0,0.0,107.8520611201437,2.0,35.0,4.46,167.0,5601.0,60.0,3985.102264259785,32753.73527873627,6.814595939309505,55.0,1.0,2.0,0.5130454004194643,1.3116258507245782,0.0,2.0,60.0,6.4,82.0,12205.0,1534.7335086927972,217022.19487505648,4.627105442508039,-0.3908340118646047,-0.1245395721606201,-0.0737234474897485,-10745.0,-0.3527882209423433,-1.7529672066397128,0.0168554530584843,2.70669111207859,0.0168554530584843,2.70669111207859,-1.7529672066397128,0.0,9.305571711062,11.6319646388275,39.54867977201349,20.9375363498895,39.54867977201349,60.48621612190299,18.50349876834924,-31.038410092654026,-23.94043193197066,-128.42027101000582,73.02112744620777,-1.4937540460833951,-1.6808109382366765,-3.756129858959056,-1.7571704955218537,11820.830999999998,5.681709069588914,0.0999999999999943,-2.0,-0.8000000000000043,6.181015452538641,3.1890660592255093,1.0,1.0,1.0,1.0,3.7868911815509008,6.0,1.0,1.0,0.0,1.0,2.70669111207859,2.70669111207859,0.0,0.0,10.249944703512616,-10.517803239838276,0.0168554530584843,0.0168554530584843,0.0638297665482195,4950.5854978902935,0.0,0.0,0.0,0.0,-0.3908340118646047,-0.1245395721606201,-0.0737234474897485,36.0,West,1.4348675525043486,0.87938539241732,0.9187564169396071,-1.5085909999940972,-1.2538795141686765,-0.7361238454855031,-0.8315427239460087,-0.49908769247103635,3.1872969687530404,12.14139005844216,8.601750189141844,0.5995942127978604,271253.175219324,63392.939590765105,6.0,6.0,1.485404320420014,-3.0007859480265187,-0.4719794604799765,-5.2415341793790695,3.1890660592255093,4.275534441805218,1.489736265320533,2.9919493933131314,225.38183038818423,280.52805280528054,322.55145126780974,-152.36070294197646,41084.0,41707.0,41737.0,1901.0,earthquake_m6,municipio,-0.36842149164571825
2021.0,Jayuya,14877.0,0.0,12182.0,107.0,6177.0,171.0,16780.0,18869.15609627831,2300.0,270.96791666666667,10377.0,79.5,3787.0,457.770685,20.9,2167.0,35.0,54.0,106.0,5.6,1.8,56.93,18.78,7859.0,21.92,20.76,18.87,24.56,16.45,98.77,0.0,2.44,0.52,4.28,15.79,37.0,0.25,18.2186,-66.5916,1.0,1.0,6.0,24.0,48.0,16780.0,18869.15609627831,270.96791666666667,72.0,73.0,72073.0,18.8,6.4,28.6,4.1,35.2,4.3,106.0,61.0,57.5,20.0,35.0,7.0,12.0,8.0,35.0,0.0,2.0,0.0,0.9003474110092287,0.0,0.0,0.0,114.6443996270144,2.0,35.0,4.46,3677.0,5534.0,43.0,23517.890956634543,37406.292392069125,11.074220803817996,50.0,1.0,2.0,0.8752238011528256,1.137317713054756,0.0,2.0,60.0,6.4,9852.0,12086.0,297610.40059209766,333700.4948828338,4.480651731160901,-1.0149895812327725,-0.7556953314618253,-0.7017379191085582,-7859.0,-0.0068007166430071,0.1719622146130784,0.4053724383755785,4.243251528687399,0.4053724383755785,4.243251528687399,0.1719622146130784,1.0,6.7217853061773205,6.7217853061773205,40.33071183706392,13.44357061235464,40.33071183706392,53.77428244941856,-0.6023595793723064,-22.875974025707336,-20.344330486448996,-46.842148307391746,77.2526160544982,-2.063415640690558,-2.4620958003488513,0.168344332876269,0.3991332545895787,3484.0520000000006,4.949891994195932,-0.0999999999999978,4.300000000000001,1.6000000000000014,10.416666666666677,3.2258064516129004,1.0,1.0,1.0,1.0,4.269961222452065,6.0,1.0,1.0,0.0,1.0,4.243251528687399,4.243251528687399,1.0,1.0,18.11851948460564,1.0317732876784704,0.4053724383755785,0.4053724383755785,1.73092459251456,155950.86149562022,0.0,0.0,0.0,0.0,-1.0149895812327725,-0.7556953314618253,-0.7017379191085582,37.0,Central Mountains,0.9599251362559124,0.4269068286005151,0.4406463399871681,-1.6616630553644707,0.5244596970351711,0.8050120275449154,0.8166993538683397,-0.3524974824220928,3.610088111253285,10.91114233810448,7.733358896358054,0.6598731111987801,355240.86144465464,27871.21650976183,6.0,6.0,6.732668726572033,-5.703613295679566,-0.848644323628335,-6.564324393695764,3.2258064516129004,4.494382022471921,2.203025787657905,7.190860215053776,144.43909484833895,221.387360794311,333.3125730963722,-67.18647879384075,14239.0,14539.0,14561.333333333334,638.0,earthquake_m6,municipio,-0.9317981675140166
2021.0,Juncos,37290.0,0.0,30775.0,195.0,15791.0,290.0,22283.0,25057.294713550036,2211.0,270.96791666666667,26251.0,75.9,7087.0,871.6220511,21.4,5618.0,82.0,79.0,263.0,9.9,2.1,39.96,16.37,12112.0,24.65,19.85,17.09,23.21,17.99,99.77,0.0,5.12,0.72,3.13,9.74,211.0,0.57,18.2275,-65.9211,4.0,13.0,16.0,45.0,122.0,22283.0,25057.294713550036,270.96791666666667,72.0,77.0,72077.0,16.4,3.2,40.9,2.5,48.9,2.5,263.0,146.0,55.5,24.0,51.0,16.0,64.0,28.0,35.0,0.0,2.0,0.0,0.8383363063358982,0.0,0.0,0.0,104.85873378129554,2.0,35.0,4.8,77.0,923.0,18.0,1731.403723920222,8261.292749701695,9.443746881537056,45.0,1.0,1.0,0.6550431074284894,1.1235762819941957,0.0,2.0,60.0,6.4,33.0,3331.0,723.3395297662108,69781.00517652484,-3.0698448181747273,-0.9707696433360112,-0.5310426407098889,-0.4137953605785172,-12112.0,-0.2149199922587825,-1.3987320880898173,-0.0567043982487405,2.292540268412494,-0.0567043982487405,2.292540268412494,-1.3987320880898173,0.0,10.726736390453205,34.86189326897291,42.90694556181282,45.58862965942612,42.90694556181282,88.49557522123894,1.3995001852767572,-11.679626141548155,-17.698441438692306,-9.879647997515775,98.77570117751034,-0.7968024755028336,-0.8893886730729883,4.604216503096903,2.877324060441011,12586.975,-0.0749260920549499,1.1999999999999955,-3.400000000000002,-0.6000000000000014,2.734375,5.785123966942152,1.0,1.0,1.0,1.0,6.2162406541461435,6.0,1.0,1.0,0.0,1.0,2.292540268412494,2.292540268412494,0.0,0.0,14.250982017772856,-8.392392528538904,-0.0567043982487405,-0.0567043982487405,-0.3524881856627146,-4741.594975215964,0.0,0.0,0.0,0.0,-0.9707696433360112,-0.5310426407098889,-0.4137953605785172,39.0,East,-1.3846138163101984,-1.617921374778042,-1.5311714094758548,0.9708184557316812,-0.6229541308846461,-0.0762089817558076,-0.07480154533404293,-0.7757779572051712,5.737857254926798,17.678761046473618,12.280350427352664,0.4783833992193456,80063.42657574566,15319.40378272004,6.0,6.0,2.515594844513136,1.5121608337129944,1.3144581725482236,2.088621658583767,5.785123966942152,3.418803418803429,1.7018555766692904,-3.0507489669421517,126.35379061371842,184.01144960130853,395.61707886272944,-27.578089436208074,38471.0,38780.0,38793.0,-1181.0,earthquake_m6,municipio,-0.6322028259153654
2021.0,Lajas,23407.0,0.0,19984.0,162.0,12039.0,189.0,15593.0,17534.371335474832,1764.0,270.96791666666667,16972.0,67.1,4795.0,659.8825653,16.5,2799.0,120.0,98.0,178.0,5.3,1.7,59.77,21.53,8538.0,33.83,16.85,25.56,24.01,7.6,98.71,0.0,3.41,2.38,3.66,15.51,41.0,0.18,18.0497,-67.0594,0.0,3.0,15.0,16.0,44.0,15593.0,17534.371335474832,270.96791666666667,72.0,79.0,72079.0,21.5,4.8,30.4,3.8,38.8,4.1,178.0,103.0,57.9,30.0,46.0,10.0,25.0,14.0,35.0,1.0,2.0,0.4420644648129886,1.099801273553557,1.0,0.0,0.0,69.17397299691672,2.0,35.0,4.46,5318.0,5481.0,40.0,75303.20844351078,77661.10331704785,0.2687459393754776,55.0,1.0,2.0,0.9057177463746412,2.100849759004308,0.0,2.0,60.0,6.4,11892.0,12058.0,488531.55923920975,490493.4193338301,4.537537403421021,-0.8758063827060236,-0.5870179475769399,-0.532587514885452,-8538.0,0.1520457987161066,-0.6551794146228569,0.1765882829157794,2.633240726328969,0.1765882829157794,2.633240726328969,-0.6551794146228569,0.0,0.0,12.816678771307728,64.08339385653863,12.816678771307728,64.08339385653863,76.90007262784636,-0.5815615931244089,23.88867276324222,13.398240364432136,-21.114672381632424,53.59296145772855,-1.944383621633461,-2.0587604546429383,3.1650294964949977,1.6840828201781233,6075.1359999999995,9.242637300985043,1.1999999999999993,2.0,2.5999999999999943,1.7142857142857126,0.5747126436781658,1.0,1.0,1.0,1.0,4.412706261806973,6.0,1.0,1.0,0.0,1.0,2.633240726328969,2.633240726328969,0.0,0.0,11.619717841916984,-3.9310764877371414,0.1765882829157794,0.1765882829157794,0.7792322217842012,103358.0910161544,0.0,0.0,0.0,0.0,-0.8758063827060236,-0.5870179475769399,-0.532587514885452,40.0,West,1.092628629464909,0.5328826361535199,0.5856235184564277,-1.625216144350361,-0.4490358979711728,0.2699423705807996,0.08912015204774744,-0.20614351665168407,3.615438970204618,7.825852347869365,6.018362812231413,0.7972672916023544,516114.73466964095,31096.32194364034,6.0,6.0,1.917717540891517,-0.0304985768521448,-0.5134770624722044,1.2473119556034806,0.5747126436781658,5.454545454545445,2.627036650025157,1.1395730706075469,61.30939347492884,132.9616126956895,173.57548445757587,-7.71643201720029,22391.0,22835.0,22847.0,1016.0,earthquake_m6,municipio,-0.7801344621815267
2021.0,Lares,28092.0,0.0,23844.0,113.0,12360.0,213.0,17629.0,19823.85892856319,1237.0,270.96791666666667,20656.0,67.1,4863.0,646.1362086,21.0,4338.0,59.0,49.0,206.0,6.6,2.0,56.09,11.83,9079.0,33.68,17.83,22.02,19.15,9.44,99.63,0.0,2.46,0.34,3.18,14.14,258.0,0.92,18.2947,-66.8771,0.0,1.0,17.0,38.0,95.0,17629.0,19823.85892856319,270.96791666666667,72.0,81.0,72081.0,11.8,2.9,32.7,2.4,37.0,2.4,206.0,124.0,60.2,28.0,67.0,14.0,35.0,9.0,35.0,0.0,2.0,0.0,0.8985482082484237,0.0,0.0,0.0,101.0809069123098,2.0,35.0,4.46,5209.0,5559.0,49.0,38075.249359598194,42714.49561734966,8.792980043850918,55.0,1.0,2.0,0.5584929649342085,1.443600833211986,0.0,2.0,60.0,6.4,11081.0,12120.0,311873.1224445732,332366.1496271846,12.615754660252554,-0.3630926954293012,-0.2637680587457169,-0.282013420402849,-9079.0,-0.174358722690956,-0.7201338135835667,0.2731340284595092,3.7934756634171314,0.2731340284595092,3.7934756634171314,-0.7201338135835667,1.0,0.0,3.559732308130429,60.51544923821729,3.559732308130429,60.51544923821729,64.07518154634772,-4.45790649724139,-23.669758218186793,0.234326227538693,-63.697731522425315,92.2028462617759,-2.9226338729763435,-2.8543344297002005,-5.8461902796569376e-05,4.094553227276643,7796.988,16.473522287527366,0.8000000000000043,-2.1999999999999993,-0.1000000000000014,4.5685279187817285,0.0,1.0,1.0,1.0,1.0,4.6043573542223095,6.0,1.0,1.0,0.0,1.0,3.7934756634171314,3.7934756634171314,1.0,1.0,17.46651756891802,-4.3208028815014,0.2731340284595092,0.2731340284595092,1.2576066726259068,111160.99831754775,0.0,0.0,0.0,0.0,-0.3630926954293012,-0.2637680587457169,-0.282013420402849,41.0,Central Mountains,3.8568201638490502,2.8914114740491437,2.924952275965076,-4.138833584251899,-0.2739256816426394,-0.0262720048452499,0.08938201419094015,-0.44620813194092723,3.9473106223971177,10.31357789427999,7.437419366065066,0.6570467318251918,373528.9410545323,48914.63926077981,6.0,6.0,0.6085403814632295,11.675177762269495,7.666629320286091,-0.6085988433660261,0.0,10.67415730337078,2.8254517018561933,4.5685279187817285,155.66625155666253,189.0287701788212,273.506493037531,-63.46340529488663,24945.0,25696.0,25697.333333333332,3147.0,earthquake_m6,municipio,-0.5968391826429238
2021.0,Las Marías,8896.0,0.0,7432.0,44.0,3954.0,121.0,15353.0,17264.49067617169,3090.0,270.96791666666667,6187.0,63.4,2106.0,310.1902642,18.1,1118.0,36.0,39.0,57.0,3.0,1.8,49.41,6.84,8026.0,39.08,19.5,23.38,11.41,7.31,99.67,0.0,2.15,0.1,9.5,14.43,105.0,1.18,18.2514,-66.9922,2.0,1.0,3.0,7.0,18.0,15353.0,17264.49067617169,270.96791666666667,72.0,83.0,72083.0,6.8,6.4,31.2,4.9,33.4,4.8,57.0,37.0,64.9,5.0,18.0,,11.0,6.0,35.0,1.0,2.0,0.3541221583380607,0.9446175259391192,0.0,0.0,0.0,88.83595018244367,2.0,35.0,4.46,5288.0,5537.0,47.0,42925.547026250555,46520.62242872569,2.657540034724596,55.0,1.0,2.0,0.6600096878190047,1.779498286526476,0.0,2.0,60.0,6.4,11473.0,12099.0,329632.9106063058,343225.71043187444,9.408436846636326,-0.7868705035971257,-0.5975587636751878,-0.5728193190779884,-8026.0,-0.162770051003971,-0.2489494542114682,0.2146345469376643,3.985550226285613,0.2146345469376643,3.985550226285613,-0.2489494542114682,1.0,22.48201438848921,11.241007194244604,33.723021582733814,33.723021582733814,33.723021582733814,67.44604316546763,21.42441132569286,-52.36725021655287,-23.54368364976908,-45.331472525683466,98.38888205632765,-2.855436081242535,-2.6631003605070314,-0.6655840086099984,1.9451217579859017,2318.784,5.931917669664477,-1.5000000000000036,0.7000000000000002,-1.3999999999999986,11.764705882352944,6.25,1.0,1.0,1.0,1.0,4.182806052583678,6.0,1.0,1.0,0.0,1.0,3.985550226285613,3.985550226285613,1.0,1.0,16.670783609383708,-1.4936967252688091,0.2146345469376643,0.2146345469376643,0.8977746820244178,90592.67763838657,0.0,0.0,0.0,0.0,-0.7868705035971257,-0.5975587636751878,-0.5728193190779884,42.0,West,2.6317272590567375,1.78399395365898,1.8513372202395129,-3.204546578134726,-0.0502902860421432,0.8853755487247109,0.7672598137193417,-0.198659168169325,3.4908264103991433,9.113802503109472,6.753247058833335,0.6919796421845348,385361.08452247747,49420.88109900817,6.0,6.0,3.1644358436328845,3.3365134389348183,-0.8157017331230682,-3.830019852242883,6.25,2.127659574468077,1.4320089738022828,5.514705882352944,167.26403823178018,104.66333294569137,207.0875025102878,-68.87515617545253,8131.0,8370.0,8366.666666666666,765.0,earthquake_m6,municipio,-0.8415168353781961
2021.0,Las Piedras,35495.0,0.0,29830.0,148.0,15045.0,281.0,24466.0,27512.08421046157,3112.0,270.96791666666667,25646.0,80.3,6060.0,702.0113959,25.1,6435.0,16.0,25.0,290.0,6.7,1.8,37.19,12.48,12824.0,20.33,18.64,19.5,11.93,12.65,99.97,0.0,3.11,0.15,4.41,9.5,57.0,0.16,18.1827,-65.8661,7.0,13.0,43.0,53.0,168.0,24466.0,27512.08421046157,270.96791666666667,72.0,85.0,72085.0,12.5,2.8,36.3,2.6,41.5,2.6,290.0,169.0,58.3,42.0,56.0,19.0,51.0,23.0,35.0,0.0,2.0,0.0,0.8531816484468417,0.0,0.0,0.0,101.2293603561567,2.0,35.0,4.8,74.0,561.0,13.0,1796.8089641685683,6939.199667292052,4.103381587400422,45.0,1.0,1.0,0.7054014337675616,1.1750728974372953,0.0,2.0,60.0,5.6,38.0,1996.0,942.548062551133,34254.52920104233,-4.667902129831059,-1.1156500915621923,-0.6515095611806521,-0.5135024094175655,-12824.0,-0.6202022649212943,-2.0742751390897873,-0.1446209666847882,2.159973334135739,-0.1446209666847882,2.159973334135739,-2.0742751390897873,0.0,19.721087477109453,36.62487674320327,121.14382307367237,56.34596422031272,121.14382307367237,177.48978729398507,8.001753439553717,59.37066485381363,5.676406305973018,-42.22961518743214,110.11736900061771,-0.7093522493933135,-0.7122431688201702,2.2950750946811205,1.365508134699108,10828.29,-1.767333251384251,0.7999999999999972,-0.5,0.7000000000000028,1.7543859649122862,4.395604395604402,1.0,1.0,1.0,1.0,6.662494111021971,6.0,1.0,1.0,0.0,1.0,2.159973334135739,2.159973334135739,0.0,0.0,14.390809618643852,-12.445650834538725,-0.1446209666847882,-0.1446209666847882,-0.9635363388677064,-6738.586798499152,0.0,0.0,0.0,0.0,-1.1156500915621923,-0.6515095611806521,-0.5135024094175655,43.0,East,-2.0087648695832017,-2.1805945248726144,-2.0790378674849634,1.4952624601656361,-1.4804272415724622,-0.8652077050720061,-0.9711310390157127,-0.5938478975173251,6.174358169256478,17.902049965637758,12.448072845131385,0.4881359417654929,43878.689638679,14500.837596051268,6.0,6.0,4.145803715590057,-2.344354406173854,1.7114560844616857,-1.8507286209089369,4.395604395604402,2.6315789473684292,1.7273882975961108,-2.641218430692116,146.67057788207686,283.3086210548613,339.38945352377317,-36.55320888145914,37233.0,37499.0,37500.0,-1738.0,earthquake_m6,municipio,-0.7128050928809053
2021.0,Loíza,24216.0,0.0,20175.0,105.0,11515.0,200.0,19541.0,21973.90818101159,2311.0,270.96791666666667,17262.0,76.0,6629.0,501.3431958,17.0,2936.0,0.0,28.0,86.0,9.2,1.2,47.17,25.33,10440.0,24.95,19.47,19.97,19.62,16.92,99.92,0.0,11.1,0.2,6.11,20.96,87.0,0.36,18.433,-65.8797,,,,,,19541.0,21973.90818101159,270.96791666666667,72.0,87.0,72087.0,25.3,3.5,36.4,2.3,48.7,2.3,86.0,48.0,55.8,16.0,23.0,5.0,18.0,,35.0,0.0,2.0,0.0,0.7369780810013017,0.0,0.0,0.0,128.12295467339197,2.0,35.0,4.8,43.0,341.0,32.0,1267.4349519129946,7631.674963298579,8.744471096206858,45.0,1.0,1.0,0.4916199210165519,0.935867547729175,0.0,2.0,60.0,4.4,20.0,350.0,661.3174747928182,4975.596585460148,-3.767286599904629,-2.626362735381571,-2.170904738166335,-2.0342746799933864,-10440.0,0.1928418293313694,-0.2663648831344148,0.3888430321213487,3.428308402677296,0.3888430321213487,3.428308402677296,-0.2663648831344148,1.0,,,,0.0,0.0,0.0,0.0,0.0,0.0,0.0,0.0,-2.3818760183101917,-2.5885198201262116,7.513243416825421,1.443135827633616,7343.7,-1.5497696701380348,0.5,-0.3000000000000007,0.5,1.17647058823529,3.658536585365857,1.0,1.0,1.0,1.0,6.426407682597516,6.0,1.0,1.0,0.0,1.0,3.428308402677296,3.428308402677296,1.0,1.0,22.03170745727899,-1.598189298806489,0.3888430321213487,0.3888430321213487,2.498863848949148,7452.740679012141,0.0,0.0,0.0,0.0,-2.626362735381571,-2.170904738166335,-2.0342746799933864,44.0,East,-2.7059529838630914,-2.9270576045593355,-2.8491648234185227,0.671678303869705,0.3285915600389079,0.4774647903796969,0.5928250279430926,-0.5949564431733227,5.858807488062863,15.990436734514564,11.028706301074985,0.5676001945346529,17974.546416441823,19898.832804338115,6.0,6.0,-3.942726331992219,0.7588903980676465,-1.6119052644963752,11.45596974881764,3.658536585365857,0.0,2.4853349799320785,-2.482065997130567,0.0,0.0,0.0,0.0,25164.0,25778.0,25801.666666666668,-948.0,earthquake_m6,municipio,-2.084351553994374
2021.0,Luquillo,17917.0,0.0,15202.0,67.0,10411.0,199.0,22216.0,24981.953029494573,1746.0,270.96791666666667,12968.0,78.1,4300.0,409.9390199,21.9,2844.0,159.0,127.0,158.0,8.4,2.2,43.95,24.6,12277.0,23.13,17.97,23.01,25.02,11.33,99.31,0.0,11.74,0.0,5.75,12.6,34.0,0.19,18.3725,-65.7166,6.0,11.0,52.0,72.0,192.0,22216.0,24981.953029494573,270.96791666666667,72.0,89.0,72089.0,24.6,3.6,36.3,2.8,48.1,2.6,158.0,93.0,58.9,40.0,23.0,9.0,24.0,12.0,35.0,0.0,2.0,0.0,0.5807850294835941,1.0,0.0,0.0,125.97240803565649,2.0,35.0,4.8,32.0,260.0,34.0,926.4890854632688,7565.224287752139,19.08238474157356,45.0,1.0,1.0,0.5157485336749363,0.9605840769951548,0.0,2.0,60.0,4.54,18.0,126.0,635.3226308531823,2821.1366272059204,-0.039053782637799,-1.1218395936819725,-0.8013353779924626,-0.7214582465597141,-12277.0,-0.1671343514787741,-2.1586338345479925,0.1123087577699084,1.5865427832818388,0.1123087577699084,1.5865427832818388,-2.1586338345479925,0.0,33.48774906513367,61.394206619411726,290.2271585644918,94.8819556845454,290.2271585644918,385.1091142490372,-27.85850403426737,139.5911398186761,7.507799490542354,-156.6510751962388,273.37647846462846,-1.6461808604038677,-1.741521539871682,-2.669328439120422,-0.3588693060980049,5518.326,-2.882484540959418,-1.3000000000000045,-0.8999999999999986,-2.3999999999999986,1.935483870967736,1.9736842105263053,1.0,1.0,1.0,1.0,7.286835102633195,6.0,1.0,1.0,0.0,1.0,1.5865427832818388,1.5865427832818388,0.0,0.0,11.560875645047473,-12.951803007287955,0.1123087577699084,0.1123087577699084,0.8183753984508972,1818.025711755979,0.0,0.0,0.0,0.0,-1.1218395936819725,-0.8013353779924626,-0.7214582465597141,45.0,East,-0.547889600903495,-0.9379475928976476,-0.877054473846417,-0.1735686456562191,-1.898072217129164,-1.7470014321293788,-1.6516856015590264,-0.26056161741882855,6.706050073149601,16.24778022551244,11.152048176006678,0.5807850294835939,13755.866411433177,17369.83094841899,6.0,6.0,-1.4408342424364062,3.0335547632628135,2.175599630940876,-1.2284941966840157,1.9736842105263053,3.401360544217691,2.724082517315596,-0.038200339558569274,422.51975417032486,409.7697740874534,757.5902479868688,-149.1432757056964,17924.0,18224.0,18231.666666666668,-7.0,earthquake_m6,municipio,-0.9254321211240955
2021.0,Manatí,39693.0,0.0,33202.0,196.0,18515.0,233.0,19427.0,21845.714867842595,1521.0,270.96791666666667,28686.0,75.4,8656.0,687.6401675,23.6,6760.0,170.0,103.0,638.0,9.4,1.9,46.67,19.17,11824.0,25.16,18.56,23.0,20.42,12.84,98.49,0.0,8.2,0.28,6.98,18.54,241.0,0.61,18.4274,-66.4922,10.0,9.0,39.0,123.0,269.0,19427.0,21845.714867842595,270.96791666666667,72.0,91.0,72091.0,19.2,3.0,33.1,1.9,40.9,1.8,638.0,334.0,52.4,48.0,135.0,49.0,195.0,25.0,35.0,0.0,2.0,0.0,0.6523790397542235,0.0,0.0,0.0,132.05405029512005,2.0,35.0,4.46,110.0,5573.0,49.0,2406.481786533336,28143.621993196568,6.79155147154538,45.0,0.0,1.0,0.0,0.7683687164957604,0.0,2.0,60.0,6.4,82.0,12118.0,1413.9388878956704,215916.91353479133,4.285113761757131,-0.964905650870429,-0.6838183997961322,-0.6338430576175891,-11824.0,-0.071205968021412,-1.284113723993952,0.2881092923769248,2.776458378923229,0.2881092923769248,2.776458378923229,-1.284113723993952,0.0,25.193359030559545,22.674023127503588,98.25410021918222,47.86738215806314,98.25410021918222,146.12148237724534,-2.0511717802480405,16.80803853035873,-29.904290844879668,-37.00074024752422,131.36461562713467,-1.9929961891028911,-2.1566058651617426,-1.7282488073864788,-2.510886765800535,10989.862,3.7362705823274167,-0.3999999999999986,1.0,0.0,0.789889415481837,-0.4716981132075526,1.0,1.0,1.0,1.0,4.206786784705204,6.0,1.0,1.0,0.0,1.0,2.776458378923229,2.776458378923229,0.0,0.0,11.679968416738276,-7.704682343963712,0.2881092923769248,0.2881092923769248,1.212014363722015,74673.78183194097,0.0,0.0,0.0,0.0,-0.964905650870429,-0.6838183997961322,-0.6338430576175891,46.0,North,0.9456128518491536,0.4051949681871392,0.4505492042584954,-1.5794559094667426,-1.0418947924919026,-0.5548688265443248,-0.6407557099431492,-0.24221893150204932,3.7590599773572935,12.650282994200582,8.757862312434412,0.4477268073479106,240170.56233823704,33002.99356588874,6.0,6.0,0.8069979667789218,-6.611409456794048,-0.46027413766893305,-2.5352467741654006,-0.4716981132075526,3.2467532467532534,0.3925370146962777,1.2615875286893896,198.26964671953857,211.62954751587225,569.0123793256553,-66.9050310924039,38062.0,38836.0,38863.333333333336,1631.0,earthquake_m6,municipio,-0.8698332967169078
2021.0,Maricao,5389.0,246.0,4549.0,216.0,2643.0,125.0,19223.0,21616.31630743492,2653.0,270.96791666666667,3988.0,58.8,1257.0,209.0287062,10.9,436.0,0.0,21.0,24.0,3.4,2.1,52.42,2.57,8789.0,45.31,18.19,24.96,7.57,10.54,99.24,0.0,3.48,0.0,15.1,13.08,13.0,0.24,18.1808,-66.9799,2.0,0.0,2.0,10.0,21.0,19223.0,21616.31630743492,270.96791666666667,72.0,93.0,72093.0,2.6,2.2,32.5,4.9,33.4,4.9,24.0,15.0,62.5,4.0,6.0,,6.0,,35.0,1.0,2.0,0.3698790674316047,0.9860824779991216,0.0,0.0,0.0,84.62552245261065,2.0,35.0,4.46,5325.0,5521.0,44.0,51958.381868613506,55104.37278131573,1.2412046010087907,55.0,1.0,2.0,0.6999207772105309,1.843016990962787,0.0,2.0,60.0,6.4,11895.0,12089.0,409767.88889656746,412372.0133563848,-8.661016949152545,-0.6494711449248514,-1.9961714139842155,-2.544559897784693,-8789.0,-0.1180303839064452,0.2657669869452818,0.6332799586487733,5.147687016043563,0.6332799586487733,5.147687016043563,0.2657669869452818,1.0,37.1126368528484,0.0,37.1126368528484,37.1126368528484,37.1126368528484,74.2252737056968,37.1126368528484,-132.3788885708804,-32.92181069958848,4.882471925786433,169.4915254237288,-2.8806584362139898,-2.047726539825867,19.345804497533024,11.211262162545797,1478.425,5.097318585077337,4.5,-4.5,3.299999999999997,19.999999999999996,-4.761904761904767,1.0,1.0,1.0,1.0,4.627592350200913,6.0,1.0,1.0,0.0,1.0,5.147687016043563,5.147687016043563,1.0,1.0,23.821397056671756,1.5946019216716907,0.6332799586487733,0.6332799586487733,2.9305614921786134,308874.06685147935,0.0,0.0,0.0,0.0,-0.6494711449248514,-1.9961714139842155,-2.544559897784693,47.0,West,-4.270141125814597,-4.123826010673892,-4.323235237401398,1.7255812280299039,1.4672838273053497,2.355123146972448,2.1774437565362716,-1.201516840360068,3.908988822493632,9.10457841945628,6.773217593389063,0.7186035277072804,442212.42201815505,36258.23917060651,6.0,6.0,22.149314144939343,-7.861332154834988,3.485587516809266,-2.803509647406319,-4.761904761904767,-4.545454545454541,-4.551728464771943,24.761904761904763,197.53086419753083,177.36214124475975,184.29551098346042,-28.03933877380203,5900.0,6075.0,6059.0,-511.0,earthquake_m6,municipio,-2.523129293672442
2021.0,Maunabo,10700.0,0.0,9135.0,44.0,5044.0,190.0,21678.0,24376.97055155669,3147.0,270.96791666666667,7952.0,73.6,2448.0,337.8313189,15.3,1219.0,8.0,15.0,49.0,8.2,2.6,46.1,27.18,10077.0,28.47,17.76,25.19,12.28,13.62,99.61,0.0,2.64,0.0,11.67,16.73,5.0,0.05,18.0072,-65.8994,2.0,0.0,11.0,24.0,60.0,21678.0,24376.97055155669,270.96791666666667,72.0,95.0,72095.0,27.2,7.9,25.6,4.0,35.1,4.4,49.0,37.0,75.5,8.0,18.0,3.0,8.0,,35.0,1.0,2.0,0.3826852351830665,0.9714199330004292,0.0,0.0,0.0,81.45897667898508,2.0,35.0,4.8,77.0,1243.0,12.0,2016.9727634103515,8258.60315533162,3.418032887284185,45.0,1.0,1.0,1.0190415731922438,1.504107098928202,0.0,2.0,60.0,6.4,37.0,4883.0,892.3240806012958,89428.20007013464,1.249053747161244,-1.2803738317757052,-1.0239337908250157,-0.9466274637261352,-10077.0,-0.0141445703162101,-0.2002215069931969,0.2463985177779261,3.463567998870088,0.2463985177779261,3.463567998870088,-0.2002215069931969,1.0,18.69158878504673,0.0,102.803738317757,18.69158878504673,102.803738317757,121.49532710280374,9.229060397461566,74.41615315500152,-27.6569964824965,-36.57158335988743,37.85011355034065,-1.9302152932442416,-2.2407693005533913,0.7198158497842444,0.5340128997879352,2338.56,2.375882550711639,0.0,1.599999999999998,0.7000000000000028,-2.0000000000000018,-1.9607843137254943,1.0,1.0,1.0,1.0,7.076716328628718,6.0,1.0,1.0,0.0,1.0,3.463567998870088,3.463567998870088,1.0,1.0,24.510688212919845,-1.2013290419591813,0.2463985177779261,0.2463985177779261,1.7436924141089636,25582.51060357035,0.0,0.0,0.0,0.0,-1.2803738317757052,-1.0239337908250157,-0.9466274637261352,48.0,East,-0.2719983071258203,-0.6632609919262511,-0.640567873172256,-0.6746291566003149,-0.3030304214864971,0.342832156147428,0.19681967465983682,0.10280891449330021,6.5039232449550815,25.679025881018784,17.753595236764188,0.5727930836736368,99242.73090898784,13753.647038980513,6.0,6.0,-2.578337241034101,3.4605600906136624,3.471026414544935,3.2981530908183454,-1.9607843137254943,4.081632653061229,0.7069494464452449,-0.039215686274507444,102.07869339272456,108.86328585684478,191.29006342634875,-64.22857984238391,10568.0,10776.0,10789.0,132.0,earthquake_m6,municipio,-1.1346157401889907
2021.0,Mayagüez,74146.0,0.0,63813.0,211.0,40717.0,452.0,15501.0,17430.91708274196,776.0,270.96791666666667,50368.0,72.3,13317.0,833.1584483,28.2,14186.0,1167.0,289.0,1562.0,4.4,0.8,53.56,25.02,12156.0,28.09,16.52,24.77,23.54,11.96,99.41,0.0,18.76,0.04,2.8,21.36,1110.0,1.5,18.2011,-67.1397,23.0,9.0,27.0,88.0,218.0,15501.0,17430.91708274196,270.96791666666667,72.0,97.0,72097.0,25.0,2.2,29.7,1.3,39.6,1.5,1562.0,827.0,52.9,155.0,286.0,137.0,388.0,52.0,40.0,1.0,2.0,0.4166819950794158,1.2047878957192577,1.0,0.0,0.0,73.99690990566876,2.0,35.0,4.46,5181.0,5503.0,42.0,43180.12631157701,46964.2842157984,1.7524777369591242,55.0,1.0,2.0,0.8436574696071081,1.9986824753674504,0.0,2.0,60.0,6.4,10387.0,12082.0,258278.0569292796,314235.0199060438,1.1045052907167063,-1.921883850780892,-1.5782844891213288,-1.5144720752224727,-12156.0,0.2782031422612117,-1.9221289066944691,0.216685219309758,1.1464852067386044,0.216685219309758,1.1464852067386044,-1.9221289066944691,0.0,31.019879696814396,12.138213794405631,36.414641383216896,43.15809349122003,36.414641383216896,79.57273487443692,11.795597581980363,-27.673937213925026,6.107285360536984,-7.689388225486752,95.4510745063816,-2.5202041684389664,-2.6186007378163234,0.3191584263623204,0.5832860025574853,18952.461,4.876976190096727,0.8999999999999986,-0.8999999999999986,0.7000000000000028,1.692708333333326,-0.2597402597402598,1.0,1.0,1.0,1.0,4.374261810444886,6.0,1.0,1.0,0.0,1.0,1.1464852067386044,1.1464852067386044,0.0,0.0,5.015026456076687,-11.532773440166814,0.216685219309758,0.216685219309758,0.9478378797145496,84802.3893661955,0.0,0.0,0.0,0.0,-1.921883850780892,-1.5782844891213288,-1.5144720752224727,49.0,West,-0.6920256849053619,-1.12517110327105,-1.059016657256958,-0.8224463903171109,-1.74125540413898,-1.4648237900170809,-1.4838144416366088,-0.18087350255548906,3.6019661299899015,8.407456168329237,6.415362342430065,0.7722956804549845,354478.9566825932,46798.63384582838,6.0,6.0,2.4047661128161035,-0.9740665315059682,-1.4768112195765533,-2.085607686453783,-0.2597402597402598,2.735156771180791,-0.12539043483414578,1.9524485930735858,97.03317737133136,143.6800207106336,335.6334914496667,-1.5821028649497606,73336.0,75232.0,75274.33333333333,810.0,earthquake_m6,municipio,-1.644167130582354
2021.0,Moca,37532.0,0.0,31413.0,158.0,16183.0,242.0,17685.0,19886.831082400593,1967.0,270.96791666666667,26709.0,70.2,8171.0,734.4004357,22.7,6054.0,245.0,146.0,414.0,5.5,1.3,49.93,24.64,12184.0,30.45,18.93,18.97,20.33,15.48,99.72,0.0,2.5,0.41,3.76,10.57,175.0,0.47,18.3947,-67.1131,1.0,5.0,13.0,37.0,80.0,17685.0,19886.831082400593,270.96791666666667,72.0,99.0,72099.0,24.6,4.0,33.3,2.6,44.3,2.4,414.0,268.0,64.7,48.0,102.0,24.0,74.0,37.0,35.0,1.0,2.0,0.3403754749479645,0.8785606311032195,0.0,0.0,0.0,92.8276200138999,2.0,35.0,4.46,1400.0,5552.0,56.0,10023.276361570555,35245.92049930602,4.358279205259729,55.0,1.0,2.0,0.6180612389530533,1.7020520647603758,0.0,2.0,60.0,6.4,599.0,12153.0,7097.495933689751,239920.57215170565,5.584156187582634,-0.4502824256634286,-0.1733357747861874,-0.0960103001220624,-12184.0,-0.1411924338116214,-0.5876700632607731,0.1049228098514878,3.415306226857758,0.1049228098514878,3.415306226857758,-0.5876700632607731,0.0,2.6643930512629224,13.321965256314613,34.63710966641799,15.986358307577532,34.63710966641799,50.62346797399552,-6.519057057994807,-7.560544144030146,11.443774371130814,-18.641371658980248,64.70306917602048,-1.697961892646771,-1.9282924712519025,5.373211344938533,5.005517666903625,10460.529,4.873977129405538,-0.5,1.7000000000000028,0.2999999999999971,8.37696335078535,1.5957446808510634,1.0,1.0,1.0,1.0,3.967744942475874,6.0,1.0,1.0,0.0,1.0,3.415306226857758,3.415306226857758,0.0,0.0,13.55106400862123,-3.5260203795646383,0.1049228098514878,0.1049228098514878,0.4163069481385985,32945.40339777708,0.0,0.0,0.0,0.0,-0.4502824256634286,-0.1733357747861874,-0.0960103001220624,50.0,West,1.7100709419216598,1.0959527042338602,1.133052442039717,-1.8060812420437222,-0.3089527837572384,0.0752130598342385,0.2076099704908516,-0.2787172795035347,3.3165002056208372,9.794859848929695,7.173029218955982,0.6512447368550367,288496.91396501596,56317.99640979645,6.0,6.0,5.3042651799450224,4.339076475827319,4.220882631888534,0.0689461649935108,1.5957446808510634,10.26392961876832,3.0035571502055123,6.781218669934286,71.90066646386991,111.19548709047515,171.62411686762132,-7.197597287849433,35547.0,36161.0,36193.333333333336,1985.0,earthquake_m6,municipio,-0.393120728270437
2021.0,Morovis,29069.0,0.0,24094.0,173.0,11935.0,249.0,21598.0,24287.010331788973,1557.0,270.96791666666667,20508.0,73.9,6276.0,657.359871,17.5,3592.0,112.0,77.0,178.0,5.7,1.6,46.82,15.99,10788.0,26.95,19.59,17.59,23.42,18.26,99.7,0.0,3.24,0.0,3.13,13.27,74.0,0.25,18.3258,-66.4053,2.0,1.0,21.0,20.0,86.0,21598.0,24287.010331788973,270.96791666666667,72.0,101.0,72101.0,16.0,4.0,36.3,2.5,43.2,2.3,178.0,113.0,63.5,24.0,55.0,9.0,28.0,16.0,35.0,0.0,2.0,0.0,0.8351289727839193,0.0,0.0,0.0,118.5542492253884,2.0,35.0,4.46,198.0,5549.0,42.0,3253.726320034813,27584.864771466287,5.037672222104476,50.0,1.0,2.0,0.4604344074614605,1.0583022865311107,0.0,2.0,60.0,6.4,373.0,12094.0,6326.510298556033,224884.7897083669,-5.164426464831006,-1.410437235543016,-0.9244977745975436,-0.7765957405763912,-10788.0,-0.1906440813142939,-0.5429349802642035,0.4444918922443965,4.64196410572672,0.4444918922443965,4.64196410572672,-0.5429349802642035,1.0,6.8801816367952116,3.4400908183976058,72.24190718634972,10.320272455192818,72.24190718634972,82.56217964154254,-2.729446975839414,-6.056409399843673,-22.47770127822428,-31.513711060599448,91.34803601722562,-1.0012273108972236,-1.1430395913154534,-2.6351880157421737,-0.9317754247951818,8746.122,-5.291916324095536,-0.4000000000000057,-2.1000000000000014,-1.5,6.586826347305386,5.696202531645578,1.0,1.0,1.0,1.0,5.10340985550332,6.0,1.0,1.0,0.0,1.0,4.64196410572672,4.64196410572672,1.0,1.0,23.689845366058396,-3.2576098815852212,0.4444918922443965,0.4444918922443965,2.268424303571373,117449.33389549944,0.0,0.0,0.0,0.0,-1.410437235543016,-0.9244977745975436,-0.7765957405763912,51.0,Central Mountains,-2.3584616054187046,-2.543530276554129,-2.4524978501487564,1.5818658648423134,-0.2495805075817623,0.193871496383006,0.13699939454258694,-0.2933544726824412,4.480535248818489,13.914660530372249,9.699959237791566,0.6228746066848307,244539.84276448443,27290.027341470915,6.0,6.0,-0.0583756405746593,-0.1017626180687125,2.365445126342873,-2.5768123751675143,5.696202531645578,3.9473684210526327,3.2145236508994035,0.8906238156598079,145.33944835604936,153.25670498084293,408.90229913285225,-53.991412338823736,30652.0,30962.0,30978.0,-1583.0,earthquake_m6,municipio,-0.9463909262791946
2021.0,Utuado,28585.0,0.0,24129.0,98.0,13306.0,210.0,15812.0,17780.637437088953,1182.0,270.96791666666667,20883.0,73.5,5504.0,547.7271218,21.1,4402.0,107.0,89.0,210.0,6.4,1.3,54.6,31.87,9462.0,27.48,18.22,23.53,20.09,11.31,99.13,0.0,2.62,0.42,2.71,17.64,92.0,0.32,18.2655,-66.7005,0.0,4.0,19.0,67.0,120.0,15812.0,17780.637437088953,270.96791666666667,72.0,141.0,72141.0,31.9,4.9,26.6,2.0,39.0,2.4,210.0,151.0,71.9,22.0,58.0,25.0,32.0,11.0,35.0,0.0,2.0,0.0,0.8859026022431592,0.0,0.0,0.0,114.03646486928145,2.0,35.0,4.46,4552.0,5566.0,47.0,29231.113752675537,40203.6951672925,12.245373947416333,50.0,1.0,2.0,0.4768336372330178,1.1270537823828757,0.0,2.0,60.0,6.4,10903.0,12108.0,313053.3296419339,340837.78151105123,1.940016404550482,-1.504285464404409,-1.2125286695404691,-1.1370116613604764,-9462.0,0.006012649216843,-0.2884161967806644,0.3418554029359865,3.8948535014921903,0.3418554029359865,3.8948535014921903,-0.2884161967806644,1.0,0.0,13.993353157250308,66.46842749693896,13.993353157250308,66.46842749693896,80.46178065418927,6.860939905226485,-8.42191164931117,-13.791007029744904,-19.265052121709147,82.02275239827395,-2.2143953131538607,-2.46921978096728,0.5606110723683777,-3.872989778008354,6418.314,6.1819066147859925,0.9000000000000021,-1.3999999999999986,0.3999999999999986,11.111111111111116,7.3863636363636465,1.0,1.0,1.0,1.0,4.471724476783746,6.0,1.0,1.0,0.0,1.0,3.8948535014921903,3.8948535014921903,1.0,1.0,17.416711736109505,-1.7304971806839862,0.3418554029359865,0.3418554029359865,1.528683172829621,136256.09270460828,0.0,0.0,0.0,0.0,-1.504285464404409,-1.2125286695404691,-1.1370116613604764,71.0,Central Mountains,-0.1726646126865905,-0.6093219677049122,-0.5723138638900985,-0.9643470486738859,0.1407417502938164,0.133552312851001,0.14680610094181037,-0.42915794707448074,3.825001923976544,10.833534154259336,7.677767380112502,0.6467225528072018,367207.9824422973,33754.09173118115,6.0,6.0,-3.661762596104434,-8.517817810289008,-3.6238944876727377,4.222373668472812,7.3863636363636465,1.1494252873563315,2.4664750957854475,3.7247474747474696,115.078811549728,112.23726277124004,187.21784114184652,-33.05605915145405,28041.0,28676.0,28706.333333333332,544.0,earthquake_m6,municipio,-1.3093255928206555
2021.0,Yauco,34704.0,0.0,29486.0,99.0,17713.0,168.0,16444.0,18491.323173253902,1380.0,270.96791666666667,25661.0,77.8,8894.0,718.6800401,25.9,6651.0,352.0,166.0,406.0,5.9,1.2,46.44,17.37,10231.0,23.03,17.72,23.69,31.46,8.83,99.56,0.0,4.28,0.08,2.41,12.05,213.0,0.61,18.035,-66.8499,3.0,2.0,13.0,36.0,79.0,16444.0,18491.323173253902,270.96791666666667,72.0,153.0,72153.0,17.4,3.9,32.1,2.1,38.9,1.8,406.0,246.0,60.6,52.0,113.0,23.0,79.0,14.0,35.0,1.0,2.0,0.3582780696698092,1.1900418766267546,0.0,0.0,0.0,87.6894846850553,2.0,35.0,4.46,5324.0,5487.0,40.0,87745.02721896788,90049.11565892561,0.587645567061401,55.0,1.0,2.0,0.6420278379550087,1.624343996810492,0.0,2.0,60.0,6.4,11987.0,12066.0,851008.1587094272,852081.730442056,0.5883887423552947,-2.0631627478100545,-1.736785672382013,-1.6711958409869498,-10231.0,-0.2943480128960243,-2.30264204936906,0.1473462550059129,3.0538206954343563,0.1473462550059129,3.0538206954343563,-2.30264204936906,0.0,8.64453665283541,5.763024435223605,37.45965882895344,14.407561088059015,37.45965882895344,51.86721991701245,-14.577106023039214,-49.49434250434125,-4.8868469455801,19.210973219938023,115.93866844439292,-2.616574460878396,-2.774499849062817,6.048465675905801,0.7043764410741356,9465.006,7.04056161823059,1.7000000000000028,-0.1000000000000014,2.0,4.909560723514206,-1.0230179028132946,1.0,1.0,1.0,1.0,4.723213766126315,6.0,1.0,1.0,0.0,1.0,3.0538206954343563,3.0538206954343563,0.0,0.0,14.423847947956988,-13.81585229621436,0.1473462550059129,0.1473462550059129,0.6959478600310862,142100.52617489392,0.0,0.0,0.0,0.0,-2.0631627478100545,-1.736785672382013,-1.6711958409869498,77.0,South,-0.9677617413663464,-1.3736431190897511,-1.3181367257981835,-0.7034340996206034,-1.6330749428634657,-1.224492680424293,-1.2321953562395862,-0.6695671065055944,3.831566199302708,8.433235736072847,6.263069926253112,0.8916475668236066,882509.074585082,35311.46838399998,6.0,6.0,-0.7685068261440775,-3.1668295265393165,-0.9728035671997611,6.816972502049879,-1.0230179028132946,-0.761421319796951,-0.33905859850008974,5.9325786263275,101.61454217003498,101.53955926342655,250.41503172698904,14.324126274357937,34501.0,35428.0,35456.0,203.0,earthquake_m6,municipio,-1.7822269278297196
2021.0,Vega Baja,54544.0,0.0,45974.0,184.0,24695.0,300.0,21507.0,24184.680581803197,1165.0,270.96791666666667,39632.0,76.1,11932.0,711.5195008,22.7,8988.0,208.0,120.0,448.0,9.6,1.4,43.36,17.6,12361.0,24.43,18.22,21.41,20.31,13.03,98.0,0.0,4.13,0.59,4.93,13.15,318.0,0.58,18.4438,-66.3874,20.0,14.0,52.0,196.0,352.0,21507.0,24184.680581803197,270.96791666666667,72.0,145.0,72145.0,17.6,2.5,35.5,1.8,43.1,1.7,448.0,262.0,58.5,53.0,122.0,30.0,81.0,26.0,35.0,0.0,2.0,0.0,0.6364429592827845,0.0,0.0,0.0,130.77084340006462,2.0,35.0,4.46,64.0,5527.0,45.0,2008.2460411401848,25385.042901392066,1.9859696820438264,45.0,1.0,1.0,0.4188303000259331,0.7574661983920044,0.0,2.0,60.0,6.4,31.0,12087.0,602.3952258502939,193657.085850226,6.762708215075652,-0.6636843649163948,-0.4465087305490889,-0.4000533626554503,-12361.0,-0.3299630471999777,-1.7354822136138008,0.045353484626113,2.7505250835558357,0.045353484626113,2.7505250835558357,-1.7354822136138008,0.0,36.667644470519214,25.66735112936345,95.33587562334996,62.33499559988266,95.33587562334996,157.6708712232326,-12.045007923380666,-123.88939791889985,-59.74016815055643,33.373035651385294,293.6052770655131,-2.113350705088901,-2.209064847951137,2.085088811818725,1.436333668843015,16320.77,8.800150286450181,0.3999999999999986,-0.5,0.2000000000000028,3.2258064516129004,6.896551724137923,1.0,1.0,1.0,1.0,4.35305821747309,7.5,1.0,1.0,0.0,1.0,2.7505250835558357,2.7505250835558357,0.0,0.0,11.973195817338588,-13.016116602103507,0.045353484626113,0.045353484626113,0.197426358942741,10494.377925665243,0.0,0.0,0.0,0.0,-0.6636843649163948,-0.4465087305490889,-0.4000533626554503,73.0,North,1.9007836704861836,1.2551288990971354,1.2944058716762261,-2.300837033141634,-1.240102967336302,-0.94888834171801,-0.9057501875453999,-0.49537924627749885,3.913916189529675,13.195975752774224,9.115572878426608,0.43914202794341506,214811.7173312132,29884.520769001618,7.5,7.5,1.325147674743743,0.8987645199665772,0.28510981462357043,0.759941137074982,6.896551724137923,5.181347150259064,4.287062897209785,-3.6707452725250223,319.97240956468426,344.75651571077924,923.503717077186,-26.367132499171134,51089.0,52192.0,52217.333333333336,3455.0,earthquake_m7_5,municipio,-0.6726487946706119
2021.0,Yabucoa,31047.0,0.0,26282.0,169.0,14548.0,318.0,17267.0,19416.78893411428,1475.0,270.96791666666667,22690.0,73.1,6011.0,550.4416409,17.4,3951.0,53.0,47.0,177.0,5.6,1.2,52.62,15.22,10507.0,27.85,17.76,22.62,12.5,12.95,99.91,0.0,1.53,0.06,5.17,15.22,91.0,0.29,18.0505,-65.8794,9.0,4.0,24.0,24.0,116.0,17267.0,19416.78893411428,270.96791666666667,72.0,151.0,72151.0,15.2,3.0,31.9,2.5,37.7,2.5,177.0,111.0,62.7,22.0,53.0,10.0,30.0,12.0,35.0,1.0,2.0,0.3620838082084655,0.9363630811215408,0.0,0.0,0.0,86.66270406615135,2.0,35.0,4.8,78.0,784.0,11.0,1999.331372317464,6851.435975978414,6.102498439096153,45.0,1.0,1.0,0.9177166047001452,1.3988864144472577,0.0,2.0,60.0,6.4,41.0,3210.0,961.38711109657,69772.44766095818,-5.5374691940244025,-2.364157567558866,-1.9171107452632064,-1.8005106100797974,-10507.0,-0.2395690599287228,-0.6091235904350528,0.1112680882896196,3.2259404024552207,0.1112680882896196,3.2259404024552207,-0.6091235904350528,0.0,28.988308049086868,12.883692466260827,77.30215479756498,41.87200051534769,77.30215479756498,119.17415531291267,29.7017385504589,31.663672429232,-17.681375397420528,-34.9609385099022,57.808744333221775,-1.8866234812979443,-1.9034232334768195,-1.9778261118764464,-0.0120176373978209,8383.958,-2.8536196941171377,0.6999999999999993,-2.900000000000002,-0.5,2.3121387283236983,0.5813953488372103,1.0,1.0,1.0,1.0,7.015573438220777,7.5,1.0,1.0,0.0,1.0,3.2259404024552207,3.2259404024552207,0.0,0.0,22.63182180074809,-4.568426928262896,0.1112680882896196,0.1112680882896196,0.7806094447262601,9129.8777563392,0.0,0.0,0.0,0.0,-2.364157567558866,-1.9171107452632064,-1.8005106100797974,76.0,East,-3.139057052474747,-3.276420816222414,-3.1799980753134283,1.3385464423949496,-0.2692669702583902,0.2219512001020637,0.2607579550153442,-0.3398566201766626,6.468534193254994,21.77245183314426,15.111037972297177,0.5470392449657826,78976.35312972889,13356.680154924,7.5,7.5,1.9930332136436135,-0.05126001396063,0.7450846102597497,-3.9708593255200597,0.5813953488372103,2.9940119760478945,-1.887907703299167,1.730743379486488,110.4510582405445,149.34551524202757,313.1037352959989,-52.64231390732272,32867.0,33499.0,33505.0,-1820.0,earthquake_m7_5,municipio,-1.8648196247632902
2021.0,Villalba,22341.0,0.0,18348.0,100.0,9380.0,176.0,20722.0,23301.94592533249,1975.0,270.96791666666667,15523.0,78.6,5469.0,545.5135195,21.5,3333.0,89.0,72.0,138.0,3.2,1.0,44.49,18.64,12179.0,22.87,20.28,19.74,22.95,16.92,99.77,0.0,3.99,0.28,5.93,12.3,109.0,0.49,18.1275,-66.4925,3.0,1.0,8.0,15.0,60.0,20722.0,23301.94592533249,270.96791666666667,72.0,149.0,72149.0,18.6,3.5,34.8,2.4,42.8,2.7,138.0,95.0,68.8,16.0,42.0,6.0,26.0,11.0,35.0,0.0,2.0,0.0,0.9491275510213248,0.0,0.0,0.0,100.97010557829026,2.0,35.0,4.46,2740.0,5512.0,38.0,19022.4001551618,35135.69894244134,6.2889059328167525,50.0,1.0,2.0,0.9194115960882656,1.18883113685217,0.0,2.0,60.0,6.4,8517.0,12071.0,271934.3704511804,327069.6174830621,2.0183570026028663,-1.5979589096280389,-1.2680550365346877,-1.18523197249516,-12179.0,-0.1409755970720051,-1.093449951690187,0.4897668740429002,4.613141755449551,0.4897668740429002,4.613141755449551,-1.093449951690187,1.0,13.428226131328053,4.476075377109351,35.808603016874805,17.904301508437403,35.808603016874805,53.71290452531221,-4.927791281187691,-60.0861866995506,-8.413722502969648,33.403159131235924,118.7268825060505,-2.249698701066827,-2.565998347323095,2.277107656202104,-1.0753715167040787,6385.103999999999,-1.8954534468859088,-1.3000000000000045,-1.3999999999999986,-2.3000000000000043,14.049586776859504,-0.8196721311475419,1.0,1.0,1.0,1.0,4.500219936519927,7.5,1.0,1.0,0.0,1.0,4.613141755449551,4.613141755449551,1.0,1.0,20.7601524978666,-8.200874637676403,0.4897668740429002,0.4897668740429002,2.2040586508149036,183619.7078843797,0.0,0.0,0.0,0.0,-1.5979589096280389,-1.2680550365346877,-1.18523197249516,75.0,South,-0.1845191455744244,-0.6273559341701151,-0.5887226909924864,-1.0007128269207357,-0.7825158467590513,-0.376113525307703,-0.4137770012510235,-0.3109341049311357,3.7990654031087225,11.559426717972014,8.185219196802105,0.7011545334112044,346410.8391298689,24621.63746012064,7.5,7.5,-3.831087043509507,-1.672135162804833,-2.6902082509077516,6.1081946997116106,-0.8196721311475419,7.964601769911495,-0.077373180521305,14.869258908007046,93.73744587778422,108.72874353063976,209.78834798898106,24.989436628266276,21899.0,22403.0,22431.666666666668,442.0,earthquake_m7_5,municipio,-1.3529794822055825
2021.0,Vega Alta,35728.0,0.0,29794.0,101.0,16019.0,284.0,21828.0,24545.645963621155,1113.0,270.96791666666667,25251.0,75.4,7350.0,703.8870648,22.0,5560.0,399.0,180.0,412.0,5.5,1.5,44.96,21.22,14645.0,25.46,19.71,19.56,24.61,13.46,99.62,0.0,7.08,0.65,6.21,14.09,444.0,1.24,18.4119,-66.3314,5.0,11.0,16.0,99.0,218.0,21828.0,24545.645963621155,270.96791666666667,72.0,143.0,72143.0,21.2,3.9,36.5,2.9,46.4,2.8,412.0,227.0,55.1,46.0,107.0,28.0,82.0,22.0,35.0,0.0,2.0,0.0,0.7894888472803642,0.0,0.0,0.0,126.03989020804924,2.0,35.0,4.46,75.0,5497.0,46.0,2069.1338416494086,24738.088932618182,8.874460293719572,45.0,1.0,1.0,0.4439720883386583,0.7737805300980659,0.0,2.0,60.0,6.4,36.0,12078.0,746.6808814729154,190521.2903137596,-2.273038102792746,-1.2567174205105225,-0.8629938320755204,-0.7586518537710751,-14645.0,-0.0516855766287827,-1.6258047934537565,0.2405535004670204,3.121451575841775,0.2405535004670204,3.121451575841775,-1.6258047934537565,0.0,13.99462606359158,30.788177339901477,44.782803403493055,44.782803403493055,44.782803403493055,89.56560680698611,-1.7173743913043893,-61.89407506692464,-34.34928051383189,-95.44676730115565,153.17705626521513,-1.4741551231606698,-1.6382143993213916,0.2080657013455944,2.3106840513754223,10874.81,-1.3755248500836537,-0.1000000000000014,1.5,0.7999999999999972,0.7334963325183352,0.4914004914004843,1.0,1.0,1.0,1.0,4.92959166414526,7.5,1.0,1.0,0.0,1.0,3.121451575841775,3.121451575841775,0.0,0.0,15.3874816683027,-12.193535950903174,0.2405535004670204,0.2405535004670204,1.185830530683187,54568.07480855111,0.0,0.0,0.0,0.0,-1.2567174205105225,-0.8629938320755204,-0.7586518537710751,72.0,North,-1.335254735176672,-1.6689427485480524,-1.5999794825249714,0.5766028814055968,-1.1983572716781736,-0.6856552917463498,-0.794900071381023,-0.4274475217755829,4.33779123006625,14.0626498854765,9.698922904750807,0.5918004340790102,210326.10938703353,28222.957908495984,7.5,7.5,2.511485192803309,4.212501259977364,2.96535165171059,-2.3034194914577144,0.4914004914004843,0.0,0.08210081739493297,0.24209584111785093,282.9731040802027,188.2090976566642,503.44614598999686,-129.79604781498756,36559.0,37106.0,37129.666666666664,-831.0,earthquake_m7_5,municipio,-0.9465632292356092
2021.0,Vieques,8317.0,0.0,7041.0,178.0,4967.0,156.0,14942.0,16802.32004711505,2258.0,270.96791666666667,5970.0,73.0,2872.0,607.5532898,14.2,845.0,212.0,299.0,111.0,13.7,6.8,53.2,15.2,8834.0,30.69,18.72,25.53,12.58,10.03,93.88,0.0,2.4,0.28,16.26,15.21,0.0,0.0,18.1261,-65.44,8.0,2.0,22.0,20.0,77.0,14942.0,16802.32004711505,270.96791666666667,72.0,147.0,72147.0,15.2,7.8,28.4,6.1,33.4,6.7,111.0,71.0,64.0,37.0,24.0,6.0,7.0,7.0,35.0,0.0,2.0,0.0,0.7956456400179198,1.0,0.0,0.0,115.43453788809406,2.0,35.0,4.8,48.0,162.0,18.0,4878.308284864812,7900.2379997547905,13.735633325022606,45.0,1.0,1.0,0.5774869564926637,0.8504237545926516,0.0,2.0,60.0,4.54,28.0,83.0,1561.8622599564758,2818.1784399598373,-2.2449459332393062,-1.4187808103883648,-1.0272796434565137,-0.9672020784520784,-8834.0,-0.3292648321740621,-0.1645022239787236,0.3385961249579651,3.267847132498316,0.3385961249579651,3.267847132498316,-0.1645022239787236,0.0,96.188529517855,24.04713237946375,264.51845617410123,120.23566189731876,264.51845617410123,384.7541180714199,49.71380012016783,-88.09085271165338,-68.33488434643158,-87.10372050558993,423.1311706629056,-1.5505669983800097,-1.470755900125409,1.66736517557724,-3.695725417081305,1999.644,-2.649666272327622,-0.6000000000000014,2.0999999999999996,0.0,5.714285714285716,6.060606060606055,1.0,1.0,1.0,1.0,10.18577571377641,7.5,1.0,1.0,0.0,1.0,3.267847132498316,3.267847132498316,0.0,0.0,33.28555795853523,-1.233766679840427,0.3385961249579651,0.3385961249579651,3.4488641863756433,5081.845973645262,0.0,0.0,0.0,0.0,-1.4187808103883648,-1.0272796434565137,-0.9672020784520784,74.0,East,-1.4348444347060174,-1.7387672928234288,-1.643216950140891,0.467642356253939,0.005803925840569,-0.184967012614605,-0.040784772489496426,-0.1703061498192926,9.584203898000524,20.121592127619735,13.762560611358053,0.6015718157758858,10642.220910678345,11886.328005500232,7.5,7.5,-7.162129108929993,-5.59241231789116,-6.489942169054745,8.829494284507234,6.060606060606055,2.0618556701030855,-0.6875744848253493,-0.34632034632033903,578.5697755149271,752.4797628548627,977.404673876781,-155.43860485202146,8508.0,8642.0,8640.333333333334,-191.0,earthquake_m7_5,municipio,-1.1345853055239516
2021.0,Juana Díaz,46704.0,0.0,38738.0,133.0,18513.0,306.0,21420.0,24086.848842805804,1445.0,270.96791666666667,32836.0,77.4,10002.0,813.3369535,27.2,8930.0,184.0,147.0,310.0,5.8,1.1,45.08,20.69,10721.0,23.0,20.2,18.89,24.31,13.1,99.82,0.0,1.87,0.1,3.19,13.55,582.0,1.25,18.0525,-66.5064,11.0,6.0,12.0,55.0,127.0,21420.0,24086.848842805804,270.96791666666667,72.0,75.0,72075.0,20.7,2.6,36.4,1.9,46.2,1.8,310.0,192.0,61.9,33.0,83.0,17.0,53.0,28.0,35.0,1.0,2.0,0.3362091535071878,1.140400666060296,0.0,0.0,0.0,94.10186526718624,2.0,35.0,4.46,3566.0,5499.0,36.0,25589.447266872325,38122.00042577887,4.061612262668618,50.0,1.0,2.0,0.9526289323879912,1.2344203592102478,0.0,2.0,60.0,6.4,10612.0,12062.0,344636.0214994213,368846.2233308797,2.8405337561104416,-0.794364508393286,-0.4592594609420075,-0.39265544389675,-10721.0,-0.1933003693211516,-1.1162781240137911,0.1807892502817623,3.4615440286222676,0.1807892502817623,3.4615440286222676,-1.1162781240137911,1.0,23.552586502226788,12.846865364850975,25.69373072970195,36.399451867077765,25.69373072970195,62.09318259677972,-7.6398311733943345,-38.16322967898259,-7.962797042731225,-33.64693974732169,107.89624344915666,-1.5990639625585,-1.7206132879046043,-2.041582448112933,-1.6122016205649607,14100.632,2.1765676878551465,-0.6000000000000014,-0.6999999999999993,-1.0999999999999943,9.1549295774648,1.067615658362997,1.0,1.0,1.0,1.0,4.872270316596342,7.5,1.0,1.0,0.0,1.0,3.4615440286222676,3.4615440286222676,1.0,1.0,16.865578220247595,-8.372085930103433,0.1807892502817623,0.1807892502817623,0.8808540977075373,76011.77196446437,0.0,0.0,0.0,0.0,-0.794364508393286,-0.4592594609420075,-0.39265544389675,38.0,South,0.6287363212201136,0.1305569260323436,0.1924157018949361,-1.0213917651168636,-0.8612720656219751,-0.4304701799315769,-0.5107266892179685,-0.255006058391816,3.9946431752840974,10.581578237578428,7.553450119705052,0.877627141312245,388751.74280803715,24357.530631988997,7.5,7.5,-0.1282247906601807,-2.6667976229217683,-0.7327824735774903,-1.9133576574527522,1.067615658362997,5.63909774436091,3.5376544675746353,8.087313919101803,149.50598023920958,161.839863713799,324.8363357053906,-41.60973679005292,45414.0,46152.0,46175.333333333336,1290.0,earthquake_m7_5,municipio,-0.6454243145607741
2021.0,Trujillo Alto,68001.0,0.0,57546.0,177.0,29042.0,326.0,33948.0,38174.61925843005,1506.0,270.96791666666667,49339.0,85.4,11237.0,736.5140868,36.9,18229.0,827.0,275.0,587.0,6.3,1.0,28.25,5.54,17543.0,15.01,18.09,20.22,19.76,11.27,99.4,0.0,12.25,0.27,4.1,9.76,795.0,1.17,18.3547,-66.0072,13.0,17.0,28.0,102.0,268.0,33948.0,38174.61925843005,270.96791666666667,72.0,139.0,72139.0,5.5,1.4,49.1,1.5,52.1,1.4,587.0,358.0,61.0,63.0,97.0,66.0,81.0,50.0,35.0,0.0,2.0,0.0,0.786928464715688,0.0,0.0,0.0,117.68797038728506,2.0,35.0,4.8,49.0,1662.0,25.0,1445.3481457815833,11035.227205581865,9.561741341283394,45.0,1.0,1.0,0.5377857133958786,0.809480957719128,0.0,2.0,60.0,6.4,23.0,4976.0,685.8806242409828,89525.61800505032,4.599221670178899,-0.7411655710945375,-0.4953371753159463,-0.4495604555251997,-17543.0,-0.6741080373221654,-4.515405276592189,-0.3237364443868938,-0.4697626497830386,-0.3237364443868938,-0.4697626497830386,-4.515405276592189,0.0,19.11736592108939,24.999632358347668,41.17586506080793,44.11699827943706,41.17586506080793,85.29286334024499,-2.029038545100327,5.797236828662598,-44.299861453975694,-50.54497513244209,81.52466505668272,-2.0003617835931187,-2.127471230451461,-0.5533812847285602,0.2952068279703956,28255.086,5.30868189636895,-0.1000000000000014,0.7999999999999998,0.3999999999999986,5.197132616487465,1.454545454545464,1.0,1.0,1.0,1.0,5.936760937424561,7.5,1.0,1.0,0.0,1.0,-0.4697626497830386,-0.4697626497830386,0.0,0.0,-2.788868549092998,-33.865539574441414,-0.3237364443868938,-0.3237364443868938,-1.9219458770568296,-34835.649613959875,0.0,0.0,0.0,0.0,-0.7411655710945375,-0.4953371753159463,-0.4495604555251997,70.0,Metro,1.1746644219006397,0.5790120691529399,0.6207478471675613,-1.6242248774258394,-4.090026369710985,-3.689218501217003,-3.673319110260637,-0.4253789068812033,5.332814892526744,16.674733064715305,11.44730983565587,0.6039460448978167,102844.90664198702,19643.801925915064,7.5,7.5,-1.0371464127862828,2.47614818142603,-0.32336148319043545,0.48376512805772265,1.454545454545464,5.162523900573612,1.0371780999228422,3.7425871619420015,176.3695016431005,166.71584538211863,482.8237415230633,-94.84483658641778,65011.0,66338.0,66376.33333333333,2990.0,earthquake_m7_5,municipio,-0.7059630109014803
2021.0,Ceiba,11463.0,0.0,9676.0,60.0,7328.0,163.0,20748.0,23331.182996756997,1798.0,270.96791666666667,8438.0,75.2,2934.0,446.03251,21.1,1778.0,91.0,66.0,81.0,5.7,2.2,41.29,9.85,13503.0,26.11,17.03,24.87,10.5,13.61,99.34,0.0,13.48,0.42,5.72,15.13,19.0,0.17,18.2633,-65.6474,2.0,2.0,12.0,17.0,45.0,20748.0,23331.182996756997,270.96791666666667,72.0,37.0,72037.0,9.8,3.8,38.3,3.1,42.5,3.3,81.0,43.0,53.1,7.0,12.0,5.0,12.0,6.0,35.0,0.0,2.0,0.0,0.61636326104755,0.0,0.0,0.0,117.34532667469284,2.0,35.0,4.8,61.0,225.0,24.0,2822.753239952846,6836.768134409611,5.335535435139409,45.0,1.0,1.0,0.5762167223896209,1.032543323567425,0.0,2.0,60.0,4.54,32.0,116.0,1005.7830636051794,2757.297758812503,2.284286606585173,-1.805809997382879,-1.4720578368908943,-1.3798526468108083,-13503.0,-0.2460842624804272,-2.394518011387713,0.119457750028245,1.2253205710354662,0.119457750028245,1.2253205710354662,-2.394518011387713,0.0,17.447439588240425,17.447439588240425,104.68463752944254,34.89487917648085,104.68463752944254,139.5795167059234,8.12589550556089,51.14667018760262,-68.75858906030018,-146.20150291434766,80.30695101275987,-2.67477203647416,-2.851598751370965,3.8161114413219455,0.3129959119290185,3705.907999999999,10.44467153815456,2.5999999999999943,-0.6999999999999993,2.5,-5.813953488372093,-4.444444444444439,1.0,1.0,1.0,1.0,7.5370179431568,7.5,1.0,1.0,0.0,1.0,1.2253205710354662,1.2253205710354662,0.0,0.0,9.235263130013443,-17.95888508540785,0.119457750028245,0.119457750028245,0.9003552054120225,1753.783618278205,0.0,0.0,0.0,0.0,-1.805809997382879,-1.4720578368908943,-1.3798526468108083,18.0,East,-0.2355264817263891,-0.7554392206744365,-0.6999960988982701,-1.1443261650844192,-1.9521275443857131,-1.3310565819318751,-1.518946561476885,-0.442390467002,7.096900298018486,16.885824030260128,11.66014566666564,0.4401176451383142,12469.080281901788,14743.99549986727,7.5,7.5,2.9862323302664695,-5.86335603580136,-1.5728405911034455,0.829879111055476,-4.444444444444439,3.4482758620689724,2.1370796083439836,-1.3695090439276534,295.26704298740776,244.66379819454988,343.40234336723853,-214.9600919746479,11207.0,11515.0,11525.0,256.0,earthquake_m7_5,municipio,-1.5291188011563808
2021.0,Ciales,17045.0,0.0,14266.0,95.0,7335.0,139.0,18990.0,21354.30716736145,2051.0,270.96791666666667,12399.0,67.1,3599.0,379.8855091,15.4,1914.0,95.0,86.0,113.0,4.1,1.3,55.25,23.7,9435.0,33.8,18.79,21.99,26.47,13.23,99.31,0.0,2.55,0.45,5.1,14.0,10.0,0.06,18.3361,-66.4688,6.0,2.0,13.0,32.0,70.0,18990.0,21354.30716736145,270.96791666666667,72.0,39.0,72039.0,23.7,4.9,25.5,2.4,33.4,2.8,113.0,67.0,59.3,13.0,33.0,8.0,17.0,10.0,35.0,0.0,2.0,0.0,0.8334455813367947,0.0,0.0,0.0,121.64424375033248,2.0,35.0,4.46,411.0,5569.0,44.0,4677.462724901975,29223.21831638987,8.381539764984362,50.0,1.0,2.0,0.4375475934373934,1.0541236912562135,0.0,2.0,60.0,6.4,1318.0,12108.0,30276.85842149594,238108.9389402004,5.2940449715839,-0.7098855969492557,-0.5028778067995621,-0.4715660996084336,-9435.0,0.0384413247895331,-0.0533085518897571,0.3610064256909522,4.373532400600018,0.3610064256909522,4.373532400600018,-0.0533085518897571,1.0,35.20093869169845,11.73364623056615,76.26870049867996,46.9345849222646,76.26870049867996,123.20328542094455,40.75716955285516,-53.45702225891826,-36.21342820837776,-39.837651553550586,135.90313812700765,-1.968146308968688,-2.3592715231788075,2.014024364438538,5.354612522615451,3637.83,-1.0368762318261115,-1.8000000000000007,2.1999999999999993,-1.3999999999999986,10.784313725490202,-4.672897196261683,1.0,1.0,1.0,1.0,4.687452015520994,7.5,1.0,1.0,0.0,1.0,4.373532400600018,4.373532400600018,1.0,1.0,20.500723266138923,-0.3998141391731782,0.3610064256909522,0.3610064256909522,1.6922002977210835,101053.5644167776,0.0,0.0,0.0,0.0,-0.7098855969492557,-0.5028778067995621,-0.4715660996084336,19.0,Central Mountains,1.3930723595907637,0.8228598125555209,0.8257964195489335,-1.8646384591991974,-0.0014561634173448,0.3649687250027524,0.39183213710946546,-0.051852388472412296,4.068934741018835,12.96876896398202,9.068863308684962,0.6185172745021585,258981.18906672648,28551.247131554715,7.5,7.5,4.126088079079593,9.92372512432822,5.330375279017532,-2.112063714641055,-4.672897196261683,5.940594059405946,-0.2246835698904238,15.457210921751885,211.954217888936,206.95364238410593,339.7321535205474,-76.05107976192835,16188.0,16513.0,16537.666666666668,857.0,earthquake_m7_5,municipio,-0.7294913505867151
2021.0,Cidra,40125.0,0.0,33584.0,187.0,16129.0,224.0,23327.0,26231.275581518723,1182.0,270.96791666666667,28848.0,77.7,9378.0,765.3731116,24.3,7011.0,396.0,178.0,380.0,6.6,1.3,39.93,7.5,12639.0,22.69,18.86,18.84,33.29,11.5,99.68,0.0,1.6,0.11,2.37,12.5,157.0,0.39,18.1758,-66.1617,11.0,6.0,22.0,40.0,139.0,23327.0,26231.275581518723,270.96791666666667,72.0,41.0,72041.0,7.5,1.8,38.1,2.1,41.6,2.0,380.0,241.0,63.4,43.0,95.0,23.0,62.0,21.0,35.0,1.0,2.0,0.3252682239598114,0.8995349039038125,0.0,0.0,0.0,97.60350203874953,2.0,35.0,4.8,84.0,4950.0,26.0,2093.6132359541275,19979.783919756926,1.2443137822133006,50.0,1.0,2.0,0.6455095469481542,1.1977989710338304,0.0,2.0,60.0,6.4,57.0,11913.0,1076.9309270938782,187657.8350487696,2.945326731149134,-0.7327102803738272,-0.4496088715279067,-0.4020294796950652,-12639.0,-0.5089914343787496,-2.3211353085108715,-0.1281186278794675,2.0349718716664373,-0.1281186278794675,2.0349718716664373,-2.3211353085108715,0.0,27.41433021806853,14.953271028037385,54.82866043613706,42.36760124610592,54.82866043613706,97.19626168224298,14.145829431959118,0.9507324273113512,-4.600709060446075,-47.11432083607544,82.09969982297251,-1.590627919307197,-1.8243561460476456,7.8411326007331805,2.807032055561302,12795.504,8.95014681933446,1.8999999999999984,-5.199999999999999,-0.1000000000000014,4.109589041095885,7.038123167155419,1.0,1.0,1.0,1.0,5.436483390279707,7.5,1.0,1.0,0.0,1.0,2.0349718716664373,2.0349718716664373,0.0,0.0,11.063090780000994,-17.408514813831538,-0.1281186278794675,-0.1281186278794675,-0.6965147924521518,-27850.841550859503,0.0,0.0,0.0,0.0,-0.7327102803738272,-0.4496088715279067,-0.4020294796950652,20.0,Central Mountains,0.6694105982250509,0.1881645833349932,0.22570921492878945,-1.071440077920116,-1.5369796033512455,-1.0659004271892485,-1.1421157171133525,-0.784155705159626,4.916924566346763,20.55072343795009,14.226407308968296,0.5195588239329441,203043.6902673706,20603.81115570568,7.5,7.5,3.4588706753105214,-2.878907109359796,-1.3025368091463974,4.382261925422659,7.038123167155419,1.7910447761193993,4.725026630986788,-2.9285341260595343,133.81472971949404,185.9058572738765,490.2456107830794,-51.71502989652153,38977.0,39607.0,39642.333333333336,1148.0,earthquake_m7_5,municipio,-0.654603199690605
2021.0,Coamo,35268.0,0.0,29581.0,139.0,16120.0,228.0,19267.0,21665.794428307163,2335.0,270.96791666666667,25865.0,80.7,10081.0,894.3019624,23.0,5942.0,291.0,158.0,274.0,4.3,1.2,49.58,7.32,11454.0,19.71,18.8,19.0,30.42,12.69,99.7,0.0,4.83,0.14,3.45,13.81,95.0,0.27,18.0855,-66.3579,6.0,1.0,14.0,14.0,61.0,19267.0,21665.794428307163,270.96791666666667,72.0,43.0,72043.0,7.3,2.1,36.7,2.3,39.8,2.2,274.0,163.0,59.5,44.0,71.0,17.0,47.0,14.0,35.0,1.0,2.0,0.3447707095617282,0.9714413563868828,0.0,0.0,0.0,91.51674440236503,2.0,35.0,4.46,603.0,5481.0,36.0,6279.373257893189,29156.223335727052,8.699734349297497,50.0,1.0,2.0,0.6024655326660762,1.2367670530602024,0.0,2.0,60.0,6.4,2645.0,12059.0,80479.50274944323,264219.0493129888,-8.63922493070487,-2.015991833957131,-1.3905229363387115,-1.2150360235912094,-11454.0,-0.3483356670657684,-1.83835479235703,0.1039467491299684,3.006188217764195,0.1039467491299684,3.006188217764195,-1.83835479235703,0.0,17.01258931609391,2.8354315526823184,39.696041737552456,19.848020868776228,39.696041737552456,59.54406260632868,-13.828118291392666,-48.38001452750466,0.262269834100941,-9.595254072679992,121.752195425226,-0.7788001850614346,-0.9143002674137256,0.4736729851244181,-3.3763653659468464,10856.227,-4.910071123256943,1.2000000000000028,0.3999999999999994,1.5999999999999943,5.384615384615388,1.9607843137254832,1.0,1.0,1.0,1.0,5.2777494065444,7.5,1.0,1.0,0.0,1.0,3.006188217764195,3.006188217764195,0.0,0.0,15.865908082265747,-13.787660942677725,0.1039467491299684,0.1039467491299684,0.5486048935329103,31698.708865393233,0.0,0.0,0.0,0.0,-2.015991833957131,-1.3905229363387115,-1.2150360235912094,21.0,South,-3.868505172332226,-3.8742332807535584,-3.752682499974362,2.6534691487410167,-1.4857828205297172,-1.264361149530273,-1.1353898255089834,-0.3525719718273128,4.714753228317454,14.489586084521784,10.208128133421235,0.5629961782269461,281602.6256021155,22440.825374912383,7.5,7.5,-8.123529174197019,-2.4792399087679384,-3.09680578406258,8.597202159321437,1.9607843137254832,2.0000000000000018,1.320261437908495,3.4238310708899045,131.08517966380506,142.62065452693238,235.30335860768741,-9.332984238579058,38603.0,38906.0,38924.666666666664,-3335.0,earthquake_m7_5,municipio,-1.3207152592686977
2021.0,Comerío,18990.0,0.0,15805.0,106.0,7243.0,195.0,14666.0,16491.95728891643,1925.0,270.96791666666667,13618.0,72.2,3864.0,525.6320005,15.0,2046.0,107.0,113.0,120.0,5.3,2.0,53.78,14.88,8655.0,28.62,18.91,19.75,26.24,13.54,99.82,0.0,1.75,0.21,4.06,19.62,11.0,0.06,18.2183,-66.2257,0.0,4.0,7.0,21.0,55.0,14666.0,16491.95728891643,270.96791666666667,72.0,45.0,72045.0,14.9,5.3,35.9,4.2,42.3,4.1,120.0,79.0,65.8,12.0,39.0,,19.0,8.0,35.0,0.0,2.0,0.0,0.8803434446993486,0.0,0.0,0.0,102.97424578383624,2.0,35.0,4.8,102.0,5413.0,37.0,2286.1563872342717,24082.973578992205,7.041186089147417,50.0,1.0,2.0,0.5833206727091931,1.1473003338951329,0.0,2.0,60.0,6.4,91.0,12044.0,1504.299122037879,199259.4519202175,0.2534051314539098,-0.9110057925223792,-0.5676988242036551,-0.4921495761806782,-8655.0,-0.0511686005945448,0.042714856022611,0.109025601425624,3.6678824375818624,0.109025601425624,3.6678824375818624,0.042714856022611,1.0,0.0,21.063717746182203,36.86150605581886,21.063717746182203,36.86150605581886,57.92522380200106,-0.053376541643793,-26.489776807659126,-20.4975540683954,-51.08900011613084,84.46837715130398,-1.466916354556802,-1.6121602947950286,-2.0043703602130813,2.031284796416588,5673.995,5.813263482344788,1.5,-2.299999999999999,0.6999999999999957,9.090909090909085,1.85185185185186,1.0,1.0,1.0,1.0,5.5773129572084805,7.5,1.0,1.0,0.0,1.0,3.6678824375818624,3.6678824375818624,1.0,1.0,20.456928244642747,0.32036142016958247,0.109025601425624,0.109025601425624,0.6080698994985803,25462.725773046735,0.0,0.0,0.0,0.0,-0.9110057925223792,-0.5676988242036551,-0.4921495761806782,22.0,Central Mountains,-0.2947474693289376,-0.7107548342601633,-0.6503340635803045,-0.19740210685174064,0.6729893295612372,1.2473483880755647,1.2630892918645802,-0.6302744735386262,4.909012307473164,20.95914713670565,14.425879134090158,0.6683006497353166,215616.50406572985,22032.844589302396,7.5,7.5,2.818642636625901,5.279582112836945,0.19492309630797866,-4.823012996838982,1.85185185185186,5.882352941176472,4.296281322762023,7.2390572390572245,156.05493133583022,179.12892164389172,376.19850772050114,-71.58655418452624,18942.0,19224.0,19235.0,48.0,earthquake_m7_5,municipio,-0.7210095226563076
2021.0,Corozal,34631.0,0.0,28704.0,187.0,13001.0,263.0,19285.0,21686.0354777549,2104.0,270.96791666666667,24558.0,72.5,7022.0,721.3910174,21.4,5258.0,45.0,44.0,322.0,7.1,2.1,47.8,19.49,9639.0,28.0,19.79,19.39,22.53,10.77,99.62,0.0,0.74,0.72,4.05,15.39,256.0,0.74,18.3411,-66.3161,2.0,4.0,14.0,43.0,98.0,19285.0,21686.0354777549,270.96791666666667,72.0,47.0,72047.0,19.5,3.4,33.6,2.8,41.7,2.9,322.0,212.0,65.8,38.0,88.0,16.0,53.0,34.0,35.0,0.0,2.0,0.0,0.8220112745578184,0.0,0.0,0.0,118.00360147330326,2.0,35.0,4.46,89.0,5498.0,43.0,2169.23539313782,25146.75462440223,3.06109982005999,45.0,1.0,1.0,0.4798891260447013,0.8141993375076293,0.0,2.0,60.0,6.4,54.0,12083.0,966.411925360392,200942.19976791792,5.171890184645278,-0.4966648378620264,-0.2269330148974679,-0.1803178270431304,-9639.0,-0.14138343006266,-0.5132851928553284,-0.0103731398337402,3.2874558487432908,-0.0103731398337402,3.2874558487432908,-0.5132851928553284,0.0,5.775172533279432,11.550345066558863,40.42620773295602,17.325517599838296,40.42620773295602,57.75172533279432,-25.191489202882796,-38.53394775781171,0.7259620266016853,-31.48760570326212,121.47716229348882,-1.7074626865671627,-1.9464364115322708,8.799194240448838,5.9385188643052675,9644.544,12.630854161781269,2.0,-6.399999999999999,-1.0,6.270627062706269,0.6644518272425293,1.0,1.0,1.0,1.0,5.0195970618576675,7.5,1.0,1.0,0.0,1.0,3.2874558487432908,3.2874558487432908,0.0,0.0,16.50170371933863,-3.849638946414963,-0.0103731398337402,-0.0103731398337402,-0.0520689822316815,-2462.81845744191,0.0,0.0,0.0,0.0,-0.4966648378620264,-0.2269330148974679,-0.1803178270431304,23.0,Central Mountains,1.54115710522591,0.9452654343102608,0.9796757544411486,-1.7214749322690406,0.0324016077605891,0.6319814493036828,0.5017866906728349,-0.5456868006159175,4.402198341735076,14.171654255770534,9.787373467827974,0.6173987201225914,219915.098784208,26753.41136837235,7.5,7.5,10.458820722817896,-1.4424583703509295,2.952953849531529,-1.6596264823690579,0.6644518272425293,5.98591549295775,2.814160671846929,5.6061752354637395,152.23880597014926,99.5170496121762,287.1648327088749,-30.76164367666044,32928.0,33500.0,33531.0,1703.0,earthquake_m7_5,municipio,-0.4670565035994181
2021.0,Cayey,42134.0,0.0,35912.0,141.0,19742.0,313.0,23823.0,26789.028944078556,1807.0,270.96791666666667,30858.0,77.5,9928.0,805.067078,26.4,8160.0,453.0,159.0,504.0,6.6,1.3,40.15,7.51,14492.0,22.83,17.38,21.74,31.91,14.98,99.93,0.0,4.71,0.18,1.31,18.01,137.0,0.33,18.1119,-66.1663,2.0,22.0,33.0,92.0,222.0,23823.0,26789.028944078556,270.96791666666667,72.0,35.0,72035.0,7.5,2.1,37.3,2.1,40.5,2.1,504.0,295.0,58.5,57.0,121.0,34.0,103.0,26.0,35.0,1.0,2.0,0.3480789184799411,0.9406181235830776,0.0,0.0,0.0,90.55190975898462,2.0,35.0,4.8,93.0,5126.0,30.0,2282.4638168571687,21479.200660143262,1.3642541829675665,50.0,1.0,2.0,0.7056126047326056,1.2693659806446749,0.0,2.0,60.0,6.4,115.0,11978.0,1914.6771074739177,194554.93899444863,-2.3002365162546945,-1.483362605022076,-1.0773849373844624,-0.9722227604056944,-14492.0,-0.3166827137043292,-2.5486776659054486,0.0136398735063443,2.200618898196422,0.0136398735063443,2.200618898196422,-2.5486776659054486,0.0,4.746760336070632,52.21436369677695,78.32154554516542,56.96112403284758,78.32154554516542,135.282669578013,1.310240575072683,31.945809330353008,-12.865731821430316,-40.41197647218085,102.02661967258732,-1.5050816489665442,-1.6730294183696426,-1.497054093603345,1.1912566213310083,13395.176,0.195226655903502,0.5999999999999943,-0.5999999999999996,0.5,3.2786885245901676,3.609341825902334,1.0,1.0,1.0,1.0,5.703175510937491,7.5,1.0,1.0,0.0,1.0,2.200618898196422,2.200618898196422,0.0,0.0,12.550515809100078,-19.115082494290863,0.0136398735063443,0.0136398735063443,0.0777905925536682,3083.2656301731326,0.0,0.0,0.0,0.0,-1.483362605022076,-1.0773849373844624,-0.9722227604056944,17.0,Central Mountains,-1.486693374869208,-1.7636301305558044,-1.692345515976316,0.5144706144635135,-2.3472463895182716,-1.942392653741036,-1.9094977656126455,-0.20143127638717706,5.155121778094166,18.757279857909865,13.058830029068053,0.548053732843325,209784.2807642095,20228.35823071313,7.5,7.5,1.332726984569077,3.738096973027294,2.294237093167576,-2.829781078172422,3.609341825902334,2.3913043478260843,1.712859069403727,-0.33065330131216664,155.30432796619846,222.3220300920728,489.7972975350555,-53.27770829361114,43126.0,43785.0,43813.666666666664,-992.0,earthquake_m7_5,municipio,-1.138314926374674
2021.0,Culebra,1293.0,246.0,1103.0,207.0,1464.0,109.0,25104.0,28229.5169631091,5802.0,270.96791666666667,940.0,81.6,332.0,86.31338251,17.6,165.0,0.0,15.0,47.0,13.5,5.7,23.02,2.51,16250.0,31.28,17.01,32.64,7.12,8.38,94.35,0.0,7.38,0.55,34.15,17.18,0.0,0.0,18.303,-65.301,2.0,1.0,9.0,9.0,24.0,25104.0,28229.5169631091,270.96791666666667,72.0,49.0,72049.0,2.5,2.9,56.3,6.8,57.8,7.0,47.0,35.0,74.5,11.0,8.0,3.0,,,35.0,0.0,2.0,0.0,0.5613918908041875,1.0,0.0,0.0,139.9785456025938,2.0,35.0,4.8,21.0,175.0,31.0,2979.9287015981126,7549.188354730026,7.725398746774338,45.0,1.0,1.0,0.4401377479233436,0.7095401250890069,0.0,2.0,60.0,4.54,16.0,81.0,1156.5317675068886,2930.2718692161543,-5.689277899343548,-8.275328692962102,-0.4651188004625606,2.366843528140561,-16250.0,-0.392810927978437,-2.516269741650251,0.5933776139579584,2.772809558604166,0.5933776139579584,2.772809558604166,-2.516269741650251,0.0,154.67904098994586,77.33952049497293,696.0556844547564,232.0185614849188,696.0556844547564,928.0742459396752,232.0185614849188,-106.27837827317956,-76.27765064836004,192.11285754105563,802.3340627279359,4.576659038901609,-0.2283105022831022,-6.532619879877711,-0.5484077506058578,620.9889999999999,0.2630134332213929,1.0,-0.7999999999999998,0.6999999999999957,14.634146341463406,2.499999999999991,1.0,1.0,1.0,1.0,12.060340174521588,7.5,1.0,1.0,0.0,1.0,2.772809558604166,2.772809558604166,0.0,0.0,33.44102651593129,-18.872023062376883,0.5933776139579584,0.5933776139579584,7.156335876278927,8794.669685202682,0.0,0.0,0.0,0.0,-6.8200324295359085,-0.4651188004625606,1.9548955238758428,24.0,East,-2.2378918145158355,-3.2849637094283235,-2.019481150789948,4.604735342656396,-1.506950179745392,-0.439548727696477,-0.4750745929174866,-1.009319561904859,11.67450568744222,21.91272223057618,14.903513996655397,0.38583448707936796,11275.150575878062,13282.069651055404,7.5,7.5,8.603691859827034,-3.716295231766898,1.4582785115208161,-15.136311739704745,2.499999999999991,2.564102564102555,2.565227170490325,12.134146341463415,686.4988558352403,1141.552511415525,966.3339452638651,115.83520689269562,1371.0,1311.0,1332.0,-78.0,earthquake_m7_5,municipio,1.909877213450131
2021.0,Fajardo,32336.0,0.0,26977.0,128.0,18336.0,298.0,21701.0,24402.834114739904,1617.0,270.96791666666667,23310.0,83.1,7870.0,703.3327804,28.9,6743.0,171.0,90.0,495.0,8.1,1.6,42.71,25.64,13423.0,17.47,18.57,22.63,23.18,14.32,99.73,0.0,10.08,0.07,3.73,14.76,140.0,0.43,18.3258,-65.6524,13.0,9.0,32.0,64.0,172.0,21701.0,24402.834114739904,270.96791666666667,72.0,53.0,72053.0,25.6,3.0,37.2,2.0,50.0,2.1,495.0,289.0,58.4,64.0,110.0,33.0,92.0,12.0,35.0,0.0,2.0,0.0,0.5920210444001153,1.0,0.0,0.0,123.51431442066088,2.0,35.0,4.8,33.0,240.0,32.0,2259.3816395944737,7427.715339631954,11.009986161263118,45.0,1.0,1.0,0.5335011795645682,0.982693254070981,0.0,2.0,60.0,4.54,23.0,119.0,838.1631616200071,2826.6869935522777,6.849948782341464,-1.0885700148441368,-0.9008912763247,-0.8808602311259239,-13423.0,-0.1456210953822196,-2.224516902553789,0.1588273299407502,1.4878972133334556,0.1588273299407502,1.4878972133334556,-2.224516902553789,0.0,40.20286986640277,27.832756061355763,98.96091044037608,68.03562592775853,98.96091044037608,166.9965363681346,5.252689668960656,-13.387501812209608,-62.57465430402557,-6.580583922400663,175.13134851138355,-2.7257240204429323,-2.781163088653482,3.878204365861726,1.8010671362715132,10035.444,4.235676252393117,-1.1999999999999955,-0.2999999999999971,-1.8999999999999984,4.210526315789465,-0.4192872117400381,1.0,1.0,1.0,1.0,7.72839758172373,7.5,1.0,1.0,0.0,1.0,1.4878972133334556,1.4878972133334556,0.0,0.0,11.499061225379757,-16.683876769153418,0.1588273299407502,0.1588273299407502,1.2274807526257314,2503.604677389574,0.0,0.0,0.0,0.0,-1.0885700148441368,-0.9008912763247,-0.8808602311259239,26.0,East,1.6181471152217908,0.9267453820075212,0.9642097717956322,-2.4990073463477147,-1.687859630128747,-1.516758949027394,-1.4305598822767314,-0.536657272425042,7.30668754263624,16.864312706994596,11.627209891124267,0.4217100390874897,13233.570945947387,16633.06420881864,7.5,7.5,1.4413045869839936,0.0836924559688201,-0.06713089765375917,2.4368997788777325,-0.4192872117400381,-0.4175365344467607,-0.6913123827495501,4.629813527529502,244.28658673780976,268.74160182494296,505.60249268544254,-69.1552382264262,30263.0,31111.0,31125.0,2073.0,earthquake_m7_5,municipio,-1.1052739636582862
2021.0,Florida,11725.0,0.0,9775.0,93.0,5001.0,133.0,21487.0,24162.190526861268,3659.0,270.96791666666667,8137.0,78.4,2789.0,488.9836398,18.9,1536.0,45.0,69.0,54.0,4.4,1.8,49.12,19.74,9963.0,23.12,19.2,20.45,21.05,15.89,99.05,0.0,3.68,0.0,5.43,13.11,14.0,0.12,18.3625,-66.5614,2.0,1.0,9.0,16.0,47.0,21487.0,24162.190526861268,270.96791666666667,72.0,54.0,72054.0,19.7,6.5,36.9,3.9,46.0,4.3,54.0,30.0,55.6,9.0,17.0,,8.0,5.0,35.0,0.0,2.0,0.0,0.6849292934335598,0.0,0.0,0.0,127.84161221372872,2.0,35.0,4.46,679.0,5571.0,48.0,5886.9449365751025,31225.741906229603,15.410542191903833,50.0,0.0,2.0,0.0,1.045162512543136,0.0,2.0,60.0,6.4,2047.0,12124.0,47666.34844558686,251267.04537979988,1.8413966820116423,-0.7164179104477642,-0.4316351693304909,-0.5517235361698569,-9963.0,-0.1978619864331322,-0.7123316544361543,0.0863913708960629,2.9799113813528546,0.0863913708960629,2.9799113813528546,-0.7123316544361543,0.0,17.057569296375267,8.528784648187633,76.75906183368869,25.5863539445629,76.75906183368869,102.3454157782516,16.900520538847623,33.329894805112296,-34.06016984298096,-59.16124076829458,52.11500043429167,-1.5730529195520204,-1.788413098236774,1.5109983034672814,-0.6537031252570065,3606.975,1.876696426806168,-0.1000000000000014,0.8000000000000007,0.2999999999999971,-6.896551724137934,11.538461538461542,1.0,1.0,1.0,1.0,4.398186999088191,7.5,1.0,1.0,0.0,1.0,2.9799113813528546,2.9799113813528546,0.0,0.0,13.106207495901057,-5.3424874082711575,0.0863913708960629,0.0863913708960629,0.3799654043084698,25738.31050120975,0.0,0.0,0.0,0.0,-0.7164179104477642,-0.4316351693304909,-0.5517235361698569,27.0,North,0.3203485085031765,-0.1598404323078894,-0.11998945381290389,-0.8720720446730335,-0.3703135055160226,-0.2343441118583738,-0.24970666552808654,-0.3420181489201317,3.9299351875802095,12.32873548253357,8.639770319845285,0.46825181150798123,275746.6757823671,32598.390634003143,7.5,7.5,-2.3051626165083494,-1.1669450627299516,4.58038978128021,3.816160919975631,11.538461538461542,-3.703703703703709,3.2405167625293405,-18.435013262599476,145.33641104556722,176.32241813602013,370.81104300561424,-93.22141061127554,11513.0,11697.0,11706.666666666666,212.0,earthquake_m7_5,municipio,-0.7850895677193965
2021.0,Guayama,37388.0,0.0,31280.0,173.0,17904.0,393.0,17815.0,20033.01643952313,1606.0,270.96791666666667,26525.0,78.6,10365.0,790.9652331,21.1,5595.0,156.0,107.0,458.0,5.5,1.6,50.6,7.51,11032.0,21.89,18.8,19.24,21.95,13.16,99.7,0.0,6.83,0.34,2.47,15.71,2579.0,6.9,17.9741,-66.11,8.0,19.0,35.0,59.0,194.0,17815.0,20033.01643952313,270.96791666666667,72.0,57.0,72057.0,7.5,3.0,28.8,2.8,31.1,2.7,458.0,276.0,60.3,61.0,120.0,29.0,95.0,21.0,35.0,1.0,2.0,0.4119392223244564,1.037543958540896,0.0,0.0,0.0,74.96399008209247,2.0,35.0,4.8,113.0,4783.0,24.0,2126.696061466031,18873.572221496128,6.104586963453984,50.0,1.0,2.0,0.9429361813297794,1.7067840817831574,0.0,2.0,60.0,6.4,77.0,11797.0,1201.2295221007712,184833.1181192417,-6.990397532215531,-2.736172033807638,-2.085237383708216,-1.8991836070832544,-11032.0,0.248432513142572,-2.774356316071649,0.135326041666041,2.504548882712824,0.135326041666041,2.504548882712824,-2.774356316071649,0.0,21.397239756071468,50.818444420669735,93.61292393281268,72.2156841767412,93.61292393281268,165.8286081095539,2.560477450038377,-20.82062997534196,13.40535957954834,-51.87034200517169,184.08876063485744,-1.6899410599427678,-1.958950750491539,-1.734072275937737,0.300012252716216,9008.64,-5.494325656341859,0.1999999999999993,-1.3000000000000007,-0.2999999999999971,1.55210643015522,2.499999999999991,1.0,1.0,1.0,1.0,6.3711080007278635,7.5,1.0,1.0,0.0,1.0,2.504548882712824,2.504548882712824,0.0,0.0,15.956751424865704,-20.807672370537368,0.135326041666041,0.135326041666041,0.8621768267653465,29058.374548770105,0.0,0.0,0.0,0.0,-2.736172033807638,-2.085237383708216,-1.8991836070832544,28.0,South,-3.7483803355875978,-3.8330813279223057,-3.7196900856562873,1.8491967285043434,-2.24870281099205,-1.915690236367262,-1.8716148604290133,-0.5256535050795987,5.751091366230332,17.173176163119802,12.15688791068871,0.6200166344975315,200397.1712585891,19247.37510165663,7.5,7.5,-0.9055734559661356,3.5396824900525203,2.3776587702608523,-0.8284988199716014,2.499999999999991,4.761904761904767,1.1239148596127995,-0.947893569844771,222.55374306048083,203.80760562029445,445.5559968782167,-38.46498242562339,40198.0,40889.0,40931.0,-2810.0,earthquake_m7_5,municipio,-1.9447206027051687
2021.0,Guayanilla,18047.0,0.0,14897.0,93.0,8271.0,163.0,19023.0,21391.41575801563,1725.0,270.96791666666667,12883.0,77.1,3840.0,352.286815,24.3,3125.0,74.0,59.0,108.0,3.7,1.2,53.25,23.88,9273.0,23.95,19.29,22.21,14.25,15.81,99.77,0.0,1.44,0.22,5.08,15.34,79.0,0.44,18.013,-66.7919,8.0,1.0,10.0,13.0,67.0,19023.0,21391.41575801563,270.96791666666667,72.0,59.0,72059.0,23.9,4.3,28.8,2.6,37.8,2.6,108.0,69.0,63.9,21.0,20.0,5.0,20.0,10.0,35.0,1.0,2.0,0.3420036471674896,1.1954351855858834,0.0,0.0,0.0,92.33808992937269,2.0,35.0,4.46,5319.0,5483.0,39.0,87433.14248970449,89611.82192099879,0.1399598402562567,55.0,1.0,2.0,0.5957130080708339,1.5940043998579132,0.0,2.0,60.0,6.4,11990.0,12061.0,993157.358311552,994086.6557498826,-0.1825221238938024,-2.0889898598104972,-1.758126964342921,-1.702219423450846,-9273.0,-0.0363955159800328,-0.0840854244179384,0.1495780371059543,3.2481078277989313,0.1495780371059543,3.2481078277989313,-0.0840854244179384,0.0,44.32869729040838,5.541087161301047,55.41087161301048,49.86978445170943,55.41087161301048,105.2806560647199,22.21491719507226,16.694057453718443,-4.753040272800014,-4.493729213290877,66.3716814159292,-2.344171977962628,-2.59890572390572,2.116649049282171,1.3735120320675032,4290.336,-4.288818998676214,-1.3999999999999986,0.2999999999999971,-1.7000000000000028,18.68131868131868,-3.1914893617021267,1.0,1.0,1.0,1.0,4.755541589044122,7.5,1.0,1.0,0.0,1.0,3.2481078277989313,3.2481078277989313,0.0,0.0,15.44651186079758,-0.630640683134538,0.1495780371059543,0.1495780371059543,0.7113245762649505,165445.38745130238,0.0,0.0,0.0,0.0,-2.0889898598104972,-1.758126964342921,-1.702219423450846,29.0,South,-1.23570832914619,-1.5432649234225049,-1.4978183583969296,-0.466511094304656,0.1022336793210638,0.2154953208215344,0.26784417915282427,-0.18631910373900218,3.860159514883727,8.597114340590625,6.362762064154885,0.8953820741603948,1024406.399223073,35101.14687673039,7.5,7.5,1.1323229759976128,0.8715640709227257,4.073129259169813,0.9843260732845582,-3.1914893617021267,-2.083333333333337,0.07322759982334419,21.872808043020804,75.6184509020201,152.56734006734004,227.59255994139906,-9.246769486090898,18080.0,18514.0,18534.0,-33.0,earthquake_m7_5,municipio,-1.8061177996611595
2021.0,Guaynabo,90014.0,0.0,77938.0,227.0,40225.0,394.0,39176.0,44053.51962025024,2063.0,270.96791666666667,68437.0,85.7,12173.0,1144.665017,46.2,31616.0,1757.0,387.0,2267.0,5.6,0.9,25.06,9.02,25140.0,14.45,15.52,23.4,23.1,8.96,98.76,0.0,15.26,0.08,2.22,11.1,648.0,0.72,18.358,-66.1111,14.0,20.0,65.0,246.0,454.0,39176.0,44053.51962025024,270.96791666666667,72.0,61.0,72061.0,9.0,1.4,45.6,1.5,50.5,1.5,2267.0,1213.0,53.5,204.0,284.0,381.0,283.0,126.0,35.0,0.0,2.0,0.0,0.7967624061048204,0.0,0.0,0.0,117.65009969863377,2.0,35.0,4.8,63.0,3535.0,26.0,2140.8384346943226,15718.657501363425,3.744358827924872,45.0,1.0,1.0,0.5202603529076993,0.8098106612926019,0.0,2.0,60.0,6.4,24.0,9943.0,708.0451397911988,144240.3644174731,5.51153413353338,-0.5110316173039697,-0.2842487219430367,-0.2360757985416239,-25140.0,-0.9100279802614518,-6.363538287652271,-0.531871667034631,-2.3396176098054897,-0.531871667034631,-2.3396176098054897,-6.363538287652271,0.0,15.553136178816628,22.21876596973804,72.21098940164863,37.771902148554666,72.21098940164863,109.9828915502033,-25.52517212001248,-25.078958085223093,-27.573326136323757,-37.290265771004655,160.58702175543883,-1.8691696285816128,-1.9466970438627107,3.74753179204006,2.2966642426324473,35539.728,1.829716946749227,-2.1000000000000014,-0.5,-2.6000000000000014,3.6106032906764174,1.390176088971273,1.0,1.0,1.0,1.0,5.656080554061145,7.5,1.0,1.0,0.0,1.0,-2.3396176098054897,-2.3396176098054897,0.0,0.0,-13.233065666759844,-47.72653715739203,-0.531871667034631,-0.531871667034631,-3.0083089931706604,-90344.66577950065,0.0,0.0,0.0,0.0,-0.5110316173039697,-0.2842487219430367,-0.2360757985416239,30.0,Metro,1.6114127677174128,0.9935053810614214,1.0367585749374724,-1.8474885662590368,-6.044523978341161,-5.809181758452458,-5.754318789461035,-0.3190143093111102,5.0487654752389295,16.803384054185603,11.535342032315471,0.6073150788222152,161000.4837388522,23368.813821063733,7.5,7.5,-0.8388422208105428,3.981303156667826,0.13633434144254922,4.586374012850603,1.390176088971273,2.8598665395614953,2.015095885072945,2.220427201705144,225.4506136627673,242.4912308403731,512.5477291378257,-64.86359190732847,85312.0,86937.0,86970.66666666667,4702.0,earthquake_m7_5,municipio,-0.5188872313982851
2021.0,Gurabo,41237.0,0.0,34516.0,235.0,17014.0,360.0,35470.0,39886.11243951083,4466.0,270.96791666666667,29547.0,81.7,7201.0,968.5298137,32.5,9599.0,481.0,250.0,380.0,8.1,1.7,30.53,15.0,21634.0,18.73,18.85,16.75,23.03,13.35,98.53,0.0,1.65,0.0,4.24,10.16,313.0,0.76,18.2544,-65.9728,5.0,12.0,7.0,55.0,112.0,35470.0,39886.11243951083,270.96791666666667,72.0,63.0,72063.0,15.0,3.1,48.3,2.8,57.2,2.5,380.0,228.0,60.0,38.0,55.0,49.0,61.0,37.0,35.0,0.0,2.0,0.0,0.831909571184081,0.0,0.0,0.0,106.97567436843568,2.0,35.0,4.8,59.0,1867.0,19.0,1414.6260405806488,10695.214919350368,13.446714042350312,45.0,1.0,1.0,0.6239128119226841,1.093446078746807,0.0,2.0,60.0,6.4,23.0,5754.0,533.4308217525203,103425.8676690773,-12.16452245037062,-1.7460048015132013,-1.0408951612476236,-0.8223547112544249,-21634.0,-0.8457686703036871,-3.479472052075103,-0.3926532157295741,0.8167886364645985,-0.3926532157295741,0.8167886364645985,-3.479472052075103,0.0,12.125033343841697,29.10008002522007,16.975046681378373,41.225113369061766,16.975046681378373,58.20016005044014,17.79493529970844,-12.845179952344044,-46.917295816811674,-29.86853908787213,53.250404703075745,0.0810061820507357,0.0341195035612251,-4.191749409108592,-0.755425212069379,16671.228,-7.507086255078565,1.7999999999999972,-1.0,1.6000000000000014,9.5100864553314,2.0588235294117574,1.0,1.0,1.0,1.0,6.3613564648361,7.5,1.0,1.0,0.0,1.0,0.8167886364645985,0.8167886364645985,0.0,0.0,5.195883672978737,-26.09604039056327,-0.3926532157295741,-0.3926532157295741,-2.4978070723200103,-47386.70498907681,0.0,0.0,0.0,0.0,-1.7460048015132013,-1.0408951612476236,-0.8223547112544249,31.0,East,-4.897085222675546,-4.766309126880164,-4.619335903744041,4.074730511421121,-2.860325346565845,-2.556912928535733,-2.565987270802916,-0.6191467055092579,5.887126912979372,17.84002932840659,12.377061584962448,0.47422955185672766,115046.66310126112,16891.28189304272,7.5,7.5,-0.2531354034620237,2.178609176362478,0.8814727120170281,-3.9386140056465684,2.0588235294117574,3.0303030303030276,1.4955723070535238,7.451262925919643,130.03623960775954,121.5507314368576,377.01778104653886,-76.7858349046838,46948.0,46910.0,46917.333333333336,-5711.0,earthquake_m7_5,municipio,-0.9470903351121673
2021.0,Dorado,36030.0,0.0,30027.0,165.0,15763.0,252.0,29744.0,33447.2097096366,4198.0,270.96791666666667,25509.0,82.2,7057.0,778.1548689,31.3,7978.0,312.0,184.0,675.0,6.0,1.6,30.86,16.13,18004.0,18.27,19.87,18.22,15.01,10.31,97.01,0.0,2.35,0.7,4.19,10.47,53.0,0.15,18.4588,-66.2677,9.0,22.0,22.0,120.0,279.0,29744.0,33447.2097096366,270.96791666666667,72.0,51.0,72051.0,16.1,2.5,40.7,2.4,48.8,2.5,675.0,434.0,64.3,79.0,87.0,153.0,92.0,25.0,35.0,0.0,2.0,0.0,0.7643424425173349,0.0,0.0,0.0,130.06901468665262,2.0,35.0,4.2,51.0,4878.0,34.0,2201.5995064848116,20089.332846734746,1.2032378520798384,45.0,1.0,1.0,0.437332636264696,0.7481150755783401,0.0,2.0,60.0,6.4,29.0,11732.0,702.6290167043883,169859.2968355919,-1.2200137080191964,-0.6772134332500679,-0.2974170277113552,-0.2039497642439602,-18004.0,-0.8873081152137462,-2.9384009876972232,-0.2900054851883827,0.6406085885025358,-0.2900054851883827,0.6406085885025358,-2.9384009876972232,0.0,24.97918401332223,61.060227588121016,61.060227588121016,86.03941160144325,61.060227588121016,147.09963918956427,1.049692615836662,-59.57034129467544,-48.151601015480296,-55.98546785333919,205.62028786840304,-0.8912316930684949,-1.088475596645888,-4.815576544136113,-2.3786975641781742,12220.989,4.330215802648496,1.4000000000000057,-2.6999999999999993,0.0999999999999943,8.520900321543401,4.013377926421402,1.0,1.0,1.0,1.0,5.213608552337546,7.5,1.0,1.0,0.0,1.0,0.6406085885025358,0.6406085885025358,0.0,0.0,3.3398824157177045,-22.038007407729175,-0.2900054851883827,-0.2900054851883827,-1.511975077802952,-58316.31067553024,0.0,0.0,0.0,0.0,-0.6772134332500679,-0.2974170277113552,-0.2039497642439602,25.0,North,-0.6059027432140929,-0.9297378971608984,-0.8674355169852525,0.4019529789701327,-2.41190599653564,-2.182072485744519,-2.0078387860049935,-0.526494991161583,4.6385440678203205,15.029558189099133,10.332169803925572,0.5750644845172257,189134.6754458221,27769.653056973108,7.5,7.5,-4.065464406826824,1.7449482584284135,-1.2201794422295078,-0.7501121373092889,4.013377926421402,9.724770642201827,5.458227802849301,4.507522395121999,309.7573567372225,301.0105353687379,901.6788295603011,-104.13706886881945,36475.0,36803.0,36828.666666666664,-445.0,earthquake_m7_5,municipio,-0.4539463108172276
2021.0,Guánica,14297.0,0.0,11802.0,81.0,9413.0,156.0,12856.0,14456.607316671869,1386.0,270.96791666666667,10351.0,70.2,3867.0,329.2931824,15.1,1561.0,28.0,27.0,89.0,4.0,1.3,66.81,34.08,7489.0,31.0,19.05,25.3,37.03,12.45,99.33,0.0,4.29,0.15,4.3,11.07,88.0,0.62,17.9716,-66.908,2.0,1.0,10.0,29.0,65.0,12856.0,14456.607316671869,270.96791666666667,72.0,55.0,72055.0,34.1,5.7,24.7,2.4,37.4,2.3,89.0,51.0,57.3,14.0,22.0,,19.0,5.0,35.0,1.0,2.0,0.3922439243035833,1.2452826947876598,0.0,0.0,0.0,79.23019027545523,2.0,35.0,4.46,5326.0,5469.0,38.0,112165.01389798352,114039.10849675238,0.1445152487198422,55.0,1.0,2.0,0.7182235542716001,1.7170972008564818,0.0,2.0,60.0,6.4,11987.0,12057.0,976977.8593100432,977972.2848522976,-9.65560821484992,-4.301601734629646,-3.673110229061294,-3.4818354273112195,-7489.0,0.3357767151782009,-0.1446910435328134,0.3500547207775986,3.8600002552282047,0.3500547207775986,3.8600002552282047,-0.1446910435328134,1.0,13.988948730502903,6.994474365251452,69.9447436525145,20.98342309575435,69.9447436525145,90.92816674826886,-4.293038199664288,6.753590413967906,6.863645975956299,-71.83615910417726,88.46761453396525,-2.872399189836128,-2.9196210451051696,-0.0135023454146732,-3.4250629379054023,2915.094,-5.178363018216869,1.3000000000000007,-0.6999999999999957,1.5,1.1363636363636465,-6.382978723404253,1.0,1.0,1.0,1.0,4.8051423840387795,7.5,1.0,1.0,0.0,1.0,3.8600002552282047,3.8600002552282047,1.0,1.0,18.547850828797554,-1.0851828264961005,0.3500547207775986,0.3500547207775986,1.6820627755412991,391671.6174001554,0.0,0.0,0.0,0.0,-4.301601734629646,-3.673110229061294,-3.4818354273112195,32.0,West,-5.710045805925013,-5.655589281330831,-5.523083501266442,2.2282103786137935,-0.0038006986647215,0.013438988994648,0.13965635674199298,-0.1408903448680919,3.8808652750105015,8.030128253633324,6.03278643129417,0.924277109028278,1012526.0756195794,39223.44548590547,7.5,7.5,-6.648664136856974,-3.61302233144456,-2.6994751286080017,6.635161791442301,-6.382978723404253,-4.081632653061229,-1.6960890968146607,7.5193423597679,153.4401276621862,196.62753977238873,349.46658343700346,-64.97251312822095,15825.0,16293.0,16300.333333333334,-1528.0,earthquake_m7_5,municipio,-3.3521559613377176
2021.0,Cataño,23536.0,0.0,19617.0,101.0,10775.0,185.0,20089.0,22590.13568642044,1899.0,270.96791666666667,16870.0,76.9,5721.0,463.0172783,20.7,3491.0,98.0,67.0,325.0,7.5,1.1,46.08,14.1,13653.0,23.76,18.86,21.62,19.63,16.57,99.04,0.0,10.2,0.3,4.35,24.53,6.0,0.03,18.4388,-66.1182,6.0,2.0,19.0,58.0,113.0,20089.0,22590.13568642044,270.96791666666667,72.0,33.0,72033.0,14.1,2.8,38.2,2.4,45.0,2.2,325.0,124.0,38.2,27.0,47.0,18.0,28.0,18.0,35.0,0.0,2.0,0.0,0.7608529705855748,0.0,0.0,0.0,126.64342984032425,2.0,35.0,4.8,47.0,2653.0,28.0,1895.294336011279,14129.913314409076,4.776087714541953,45.0,1.0,1.0,0.4720565584656869,0.7567173104081955,0.0,2.0,60.0,6.4,21.0,7526.0,588.0293741715169,119216.42361337376,-0.6836019917292546,-2.0224337185588026,-1.645074518774592,-1.537510996547253,-13653.0,-0.0330849463837766,-1.0876123064934868,0.5923933271129839,3.40790293009356,0.5923933271129839,3.40790293009356,-1.0876123064934868,0.0,25.492861998640382,8.497620666213459,80.72739632902788,33.99048266485384,80.72739632902788,114.71787899388173,-33.52576343186317,-3.6679112918683927,-10.766478142086498,-35.08885042780382,151.9115537176133,-2.360842157307075,-2.479106396657027,2.9175151772419694,0.7847470123010162,7493.694,-0.4193084400673563,-0.1999999999999957,-2.5999999999999996,-1.3999999999999986,1.2461059190031154,-0.92592592592593,1.0,1.0,1.0,1.0,5.563799829039803,7.5,1.0,1.0,0.0,1.0,3.40790293009356,3.40790293009356,0.0,0.0,18.960889739838795,-8.157092298701151,0.5923933271129839,0.5923933271129839,3.29595789211554,84508.24640108194,0.0,0.0,0.0,0.0,-2.0224337185588026,-1.645074518774592,-1.537510996547253,16.0,Metro,-1.325622365257095,-1.6916189345290933,-1.620612118551697,-0.211888631290158,-0.6508325490897641,-0.153940269809495,-0.16770556581682813,-0.43677975740372277,4.985643593041375,15.780025035744137,10.833154705494538,0.5781562359984287,136028.62609521515,24086.272059873045,7.5,7.5,5.549380184156338,-6.112654324495259,-1.69625241383864,-2.631865006914369,-0.92592592592593,-1.8181818181818188,-1.115505794220654,2.1720318449290454,197.7668822875036,329.4760527161684,623.7518124818517,-45.855328569890304,23698.0,24271.0,24285.666666666668,-162.0,earthquake_m7_5,municipio,-1.6549057477301565
2021.0,Canóvanas,42811.0,0.0,35437.0,144.0,17529.0,332.0,23517.0,26444.931103467046,1645.0,270.96791666666667,30565.0,77.7,8733.0,739.6499172,26.4,8075.0,325.0,165.0,369.0,10.7,1.6,38.39,20.96,15824.0,22.59,19.35,17.97,19.9,14.39,99.93,0.0,4.26,0.1,6.8,9.85,55.0,0.13,18.3791,-65.9011,15.0,17.0,24.0,86.0,235.0,23517.0,26444.931103467046,270.96791666666667,72.0,29.0,72029.0,21.0,3.0,41.1,1.9,52.3,2.0,369.0,190.0,51.5,44.0,97.0,20.0,68.0,17.0,35.0,0.0,2.0,0.0,0.7624834980191695,0.0,0.0,0.0,121.82335381821476,2.0,35.0,4.8,45.0,466.0,28.0,1286.888281518896,7884.976666477723,2.3513112593219505,45.0,1.0,1.0,0.526238458609239,0.977786811148896,0.0,2.0,60.0,5.0,23.0,1191.0,634.5396131579985,14668.207350926932,-5.117464539007088,-1.385158020135013,-0.908096473925646,-0.7808036839082932,-15824.0,-0.4359837135054423,-1.825307780614895,-0.1439524561292058,1.9516579848484,-0.1439524561292058,1.9516579848484,-1.825307780614895,0.0,35.03772394945224,39.70942047604588,56.06035831912359,74.74714442549812,56.06035831912359,130.8075027446217,-7.256401673792666,-1.5637551560537162,-16.706640791996406,-38.892513707414615,139.62765957446808,-1.0265859436693892,-1.1277869350221237,3.940958222353119,1.7853819364790728,14564.607000000002,-0.8483565911990842,1.5,-1.1999999999999993,1.0999999999999943,0.2717391304347893,3.9548022598870025,1.0,1.0,1.0,1.0,6.425634142922364,7.5,1.0,1.0,0.0,1.0,1.9516579848484,1.9516579848484,0.0,0.0,12.540640182748938,-13.689808354611712,-0.1439524561292058,-0.1439524561292058,-0.9249858170613592,-4133.731940953797,0.0,0.0,0.0,0.0,-1.385158020135013,-0.908096473925646,-0.7808036839082932,14.0,East,-2.3315696989358647,-2.527440101790268,-2.4339089786300137,1.5507660150275715,-1.070979065647484,-0.6304192817902587,-0.6335266960920457,-0.7543287149674109,5.837577001297198,16.372333152828666,11.298959824400077,0.5880571416251659,26813.544145329408,18511.11313454099,7.5,7.5,0.3740123910312753,1.0411751960528235,0.796607635395456,3.566945831321844,3.9548022598870025,9.597523219814242,2.850775159900413,-3.683063129452213,195.2268140738791,206.03799774442615,505.0041445381368,-55.599154499411014,45120.0,45588.0,45605.333333333336,-2309.0,earthquake_m7_5,municipio,-0.9506503882133192
2021.0,Adjuntas,18068.0,0.0,15051.0,107.0,7584.0,160.0,15375.0,17289.22973660781,1242.0,270.96791666666667,13018.0,65.1,3881.0,466.2928265,14.4,1875.0,20.0,17.0,147.0,4.9,1.4,67.07,24.64,7527.0,35.44,19.03,20.97,14.9,11.66,99.51,0.0,4.61,0.0,2.35,14.06,74.0,0.41,18.1627,-66.7222,1.0,8.0,8.0,19.0,60.0,15375.0,17289.22973660781,270.96791666666667,72.0,1.0,72001.0,24.6,5.9,28.8,2.5,38.2,3.1,147.0,99.0,67.3,23.0,50.0,9.0,21.0,9.0,35.0,0.0,2.0,0.0,1.0891749170991962,0.0,0.0,0.0,106.16526147168383,2.0,35.0,4.46,5277.0,5525.0,41.0,46635.407169758946,49905.807074300465,2.8042051735770586,55.0,1.0,2.0,0.5149284871127813,1.465644312639839,0.0,2.0,60.0,6.4,11964.0,12086.0,457758.1187449419,459220.3235962623,2.577495174293176,-0.5313261013947357,-0.2576931090553458,-0.1996456064531804,-7527.0,0.0387646335911261,0.7483939353360415,0.1843740495025606,3.762319060677836,0.1843740495025606,3.762319060677836,0.7483939353360415,1.0,5.534646889528448,44.27717511622758,44.27717511622758,49.81182200575603,44.27717511622758,94.0889971219836,44.13451985973582,-1.1412420519341069,0.0878996531466995,-38.42262022494099,51.0957193141819,-1.5482644905259637,-1.5950717782300172,3.050186832130053,3.3935183049462747,4334.688,13.159652743242225,2.5,-5.199999999999999,0.7000000000000028,15.748031496062984,4.958677685950419,1.0,1.0,1.0,1.0,4.617982653520133,7.5,1.0,1.0,0.0,1.0,3.762319060677836,3.762319060677836,1.0,1.0,17.374324159218407,5.612954515020311,0.1843740495025606,0.1843740495025606,0.8514361623620873,96809.97727797567,0.0,0.0,0.0,0.0,-0.5313261013947357,-0.2576931090553458,-0.1996456064531804,0.0,Central Mountains,0.6785539229652304,0.1506866884746216,0.2072113049045865,-0.8781995294184108,1.2204647972771876,1.3305771298782385,1.500033450272089,-0.4720708619411461,3.788519672724885,10.070234181037868,7.288608203673174,0.8294629807952476,483517.8332163254,30319.9143313937,7.5,7.5,0.461237966320116,6.669130116388655,4.987555862795638,2.588948865809937,4.958677685950419,-4.7244094488189,0.8845410252803981,10.789353810112566,89.4304398859762,115.50519773389804,206.8633861791844,-38.3347205717943,17614.0,17891.0,17895.333333333332,454.0,earthquake_m7_5,municipio,-0.4707304975089639
2021.0,Aguada,38307.0,0.0,32722.0,145.0,17565.0,269.0,18733.0,21065.309961357663,1302.0,270.96791666666667,28428.0,66.5,7340.0,668.8796603,21.9,6237.0,173.0,94.0,548.0,5.2,1.1,45.06,7.57,10695.0,33.81,16.94,20.55,28.66,10.32,95.38,0.0,1.51,0.0,1.62,12.31,88.0,0.23,18.3605,-67.1882,3.0,4.0,15.0,51.0,113.0,18733.0,21065.309961357663,270.96791666666667,72.0,3.0,72003.0,7.6,2.3,35.0,2.4,37.9,2.2,548.0,389.0,71.0,73.0,169.0,36.0,83.0,40.0,40.0,1.0,2.0,0.3669499875015734,1.1047924616518818,0.0,0.0,0.0,85.38084532527726,2.0,35.0,4.46,1801.0,5525.0,52.0,15481.819942125048,35055.28082987386,4.347734437317142,55.0,1.0,2.0,0.683027967620547,1.790969751342246,0.0,2.0,60.0,6.4,838.0,12139.0,11516.092783206244,235747.5227374125,2.6804621116680583,-0.8066410838750149,-0.5274042988047234,-0.4800199818271511,-10695.0,-0.6812074823484117,-1.8078878920406496,-0.202525580870763,2.9277217095799166,-0.202525580870763,2.9277217095799166,-1.8078878920406496,0.0,7.8314668337379585,10.44195577831728,39.15733416868979,18.27342261205524,39.15733416868979,57.43075678074503,4.871112053714981,-6.410521729667089,-18.21491028794736,-36.10996462121945,58.97016645669714,-1.704695157295677,-1.7829878632611318,6.508997492166313,2.072502998574673,11452.7,4.412841301634551,0.2999999999999971,-0.1000000000000005,0.2999999999999971,4.1825095057034245,5.835010060362178,1.0,1.0,1.0,1.0,3.8825314076026185,7.5,1.0,1.0,0.0,1.0,2.9277217095799166,2.9277217095799166,0.0,0.0,11.366971490164058,-13.559159190304872,-0.202525580870763,-0.202525580870763,-0.7863119285737015,-62353.55139603247,0.0,0.0,0.0,0.0,-0.8066410838750149,-0.5274042988047234,-0.4800199818271511,1.0,West,0.5305917054369225,0.0386283465103831,0.09284779045223657,-1.0106116872640736,-1.369217015283538,-0.8984562711120946,-0.8807468543384616,-0.4386708767571117,3.177149015280329,8.962417485247252,6.705071597055448,0.7053823923222895,282608.54621897184,54131.53575555621,7.5,7.5,-0.8598010827895131,0.5683125863472194,-0.5935111882478528,7.368798574955826,5.835010060362178,3.757828810020869,4.054144006044884,-1.6525005546587535,113.29504136586394,108.68721372564242,243.74326162031716,-54.324874909166795,37307.0,37954.0,37968.0,1000.0,earthquake_m7_5,municipio,-0.7232800935006845
2021.0,Aguadilla,55241.0,0.0,46631.0,176.0,27336.0,301.0,16940.0,19049.07653581374,859.0,270.96791666666667,40042.0,75.1,11862.0,848.7361192,24.6,9834.0,299.0,115.0,914.0,5.8,0.8,49.66,17.31,12055.0,25.06,18.1,22.45,23.46,13.36,98.65,0.0,10.16,0.1,1.98,16.77,1009.0,1.83,18.4275,-67.1541,6.0,9.0,31.0,90.0,235.0,16940.0,19049.07653581374,270.96791666666667,72.0,5.0,72005.0,17.3,2.3,31.3,1.7,38.1,1.7,914.0,503.0,55.0,125.0,210.0,88.0,178.0,26.0,35.0,1.0,2.0,0.3377528093283284,0.8644222066581831,0.0,0.0,0.0,93.62608106680943,2.0,35.0,4.46,332.0,5548.0,57.0,4525.561324068143,33367.89129085688,4.758503629584122,55.0,1.0,2.0,0.6068654875027337,1.685610059835498,0.0,2.0,60.0,6.4,124.0,12159.0,2421.20214758962,222342.4795513604,7.15588144009931,-0.8852120707445565,-0.6857202982549215,-0.6706596537373488,-12055.0,-0.0424614289006006,-2.002327665575899,0.1795361701166932,2.40008355489349,0.1795361701166932,2.40008355489349,-2.002327665575899,0.0,10.861497800546696,16.29224670082004,56.11773863615793,27.153744501366734,56.11773863615793,83.27148313752467,-3.8828787140274272,-77.72769898022943,2.629146367487799,-82.05138642770103,164.88206083178153,-2.369183569115396,-2.5163386626296913,0.7331976481189217,-2.006117726576062,14595.503,6.432261244824411,-0.3999999999999986,-0.0999999999999978,-0.6000000000000014,5.909617612977991,0.5827505827505908,1.0,1.0,1.0,1.0,3.9198796970522496,7.5,1.0,1.0,0.0,1.0,2.40008355489349,2.40008355489349,0.0,0.0,9.40803879805598,-15.017457491819243,0.1795361701166932,0.1795361701166932,0.7037601881269445,53214.03257290449,0.0,0.0,0.0,0.0,-0.8852120707445565,-0.6857202982549215,-0.6706596537373488,2.0,West,1.8622197076003657,1.2155245229106937,1.244987339807957,-2.5328793613377147,-1.6108372641128814,-1.3934294498601123,-1.4070795126638895,-0.3914904014630176,3.277366383382234,9.842940369801964,7.197799897475865,0.6425133136700154,272761.55927816813,58250.94446736818,7.5,7.5,-2.4758351679612933,-4.275715659885815,-3.2917717705727974,3.209032816080215,0.5827505827505908,5.795314426633791,0.9752280190011434,5.3268670302274,244.30430089199476,256.61854299745227,444.5426863549272,-79.42224006021323,51552.0,52803.0,52840.333333333336,3689.0,earthquake_m7_5,municipio,-0.9180794879294829
2021.0,Aguas Buenas,24567.0,0.0,20818.0,122.0,10790.0,215.0,21844.0,24563.638007574697,2108.0,270.96791666666667,17784.0,74.1,6034.0,697.7248741,19.1,3392.0,79.0,87.0,143.0,6.6,1.6,42.75,5.7,13057.0,26.37,18.06,20.88,29.45,14.41,99.68,0.0,1.62,0.33,3.95,13.33,169.0,0.69,18.2572,-66.1031,6.0,2.0,13.0,33.0,75.0,21844.0,24563.638007574697,270.96791666666667,72.0,7.0,72007.0,5.7,2.2,42.0,2.6,44.5,2.6,143.0,89.0,62.2,16.0,35.0,6.0,23.0,15.0,35.0,0.0,2.0,0.0,0.8468242933344376,0.0,0.0,0.0,106.43628990878965,2.0,35.0,4.8,70.0,4241.0,23.0,2007.890211669105,16869.183616924085,0.4408046604050811,45.0,1.0,1.0,0.5954279558273148,0.8900718497871721,0.0,2.0,60.0,6.4,35.0,11269.0,756.4474347376146,159930.09166587042,-2.8895564866787904,-1.7543859649122862,-1.391618121188909,-1.310152543657006,-13057.0,-0.3326798997435646,-2.0584345014656886,-0.0691631583081456,2.7371622023833173,-0.0691631583081456,2.7371622023833173,-2.0584345014656886,0.0,24.423006472096716,8.141002157365572,52.916514022876214,32.564008629462286,52.916514022876214,85.4805226523385,12.7996003758454,-18.235355690144573,-65.67912134091472,-84.20000227703669,90.91627796663768,-1.7477085598881503,-2.005708848715504,3.3560237625112066,5.508509565473122,8743.56,5.6598410889795,3.1000000000000014,-3.999999999999999,1.3999999999999986,5.147058823529416,-7.482993197278908,1.0,1.0,1.0,1.0,5.78609278169781,7.5,1.0,1.0,0.0,1.0,2.7371622023833173,2.7371622023833173,0.0,0.0,15.837474461546192,-15.438258760992664,-0.0691631583081456,-0.0691631583081456,-0.4001844510461842,-12876.23006878292,0.0,0.0,0.0,0.0,-1.7543859649122862,-1.391618121188909,-1.310152543657006,3.0,Central Mountains,-1.8934807826198383,-2.1320257798069675,-2.08035196121672,0.5833282389628323,-1.4243108831457731,-0.8261022380571518,-0.7504872689498779,-0.6341236183199155,5.137605825206843,18.583435572791295,12.751760110737743,0.6484869564909665,175317.8097551666,21132.12439390183,7.5,7.5,3.4294427210258105,9.74006221288235,4.61129508078153,-0.0734189585146039,-7.482993197278908,10.526315789473696,2.048032595331081,12.630052020808325,240.7954015845891,171.2654614652712,488.6227825631974,-149.8791236179514,25298.0,25748.0,25773.666666666668,-731.0,earthquake_m7_5,municipio,-1.4390267670111707
2021.0,Aibonito,24565.0,0.0,20873.0,108.0,9852.0,184.0,21139.0,23770.863570871705,2210.0,270.96791666666667,18117.0,79.2,6637.0,561.079317,22.7,4107.0,350.0,170.0,289.0,3.8,1.1,43.72,7.53,12370.0,21.28,17.79,22.41,30.41,11.78,99.77,0.0,4.22,0.0,3.37,13.67,28.0,0.11,18.1408,-66.2663,1.0,1.0,10.0,24.0,56.0,21139.0,23770.863570871705,270.96791666666667,72.0,9.0,72009.0,7.5,2.4,36.2,2.4,39.1,2.4,289.0,179.0,61.9,29.0,74.0,27.0,60.0,13.0,35.0,1.0,2.0,0.3328974333584493,0.9302027667036056,0.0,0.0,0.0,95.13748828550906,2.0,35.0,4.8,145.0,5456.0,39.0,2694.3013064619145,26089.545334609425,3.2237164953604913,50.0,1.0,2.0,0.6208194412251409,1.2116614633546634,0.0,2.0,60.0,6.4,320.0,12058.0,8765.864537439835,220777.20786833472,8.959858061654469,-0.0407083248524342,0.0915518222371902,0.0962503644350132,-12370.0,-0.4206360044726417,-2.484376666937284,0.0890817780608062,2.8067057249448446,0.0890817780608062,2.8067057249448446,-2.484376666937284,0.0,4.0708324852432325,4.0708324852432325,40.70832485243232,8.141664970486465,40.70832485243232,48.849989822918786,-9.60062822090852,-48.003141104542614,-30.108759531764925,1.7095519148660117,106.45375914836993,-1.9270923960327144,-1.9994031632348583,-2.11771392791259,-0.2057277495301675,7556.026000000001,7.822790514423983,-0.8999999999999986,1.5,-0.5,0.6968641114982521,3.237410071942448,1.0,1.0,1.0,1.0,5.4027235743874655,7.5,1.0,1.0,0.0,1.0,2.8067057249448446,2.8067057249448446,0.0,0.0,15.163855186527773,-18.63282500202963,0.0890817780608062,0.0890817780608062,0.4812842223774697,22930.347436122353,0.0,0.0,0.0,0.0,-0.0407083248524342,0.0915518222371902,0.0962503644350132,4.0,Central Mountains,2.9644074903761863,2.2224416148367787,2.245733734402163,-2.868157125941173,-1.9964528006221196,-1.722755801770267,-1.6363891776265183,-0.4879238663151646,4.864381271121568,17.267244991418014,12.046003969876134,0.5383423032658978,236999.15827029097,21534.814693472184,7.5,7.5,-0.7080299092322329,2.20856058855432,2.065559799789703,-1.4096840186803572,3.237410071942448,2.583025830258312,0.9843507965519841,-2.540545960444196,134.85296676526883,264.313424564096,396.8564190135981,-28.399207616898906,22545.0,22988.0,22996.666666666668,2020.0,earthquake_m7_5,municipio,-0.23851778110071264
2021.0,Arecibo,88017.0,0.0,74996.0,208.0,41040.0,393.0,19311.0,21715.272549179408,1020.0,270.96791666666667,64361.0,78.0,19371.0,1098.264085,25.0,16082.0,583.0,213.0,1068.0,6.6,1.1,47.04,18.79,11810.0,22.17,17.52,22.38,20.47,14.13,99.47,0.0,5.19,0.11,2.18,13.75,1212.0,1.38,18.4724,-66.7157,9.0,11.0,67.0,104.0,336.0,19311.0,21715.272549179408,270.96791666666667,72.0,13.0,72013.0,18.8,1.9,33.0,1.3,40.7,1.3,1068.0,622.0,58.2,113.0,248.0,67.0,253.0,55.0,35.0,0.0,2.0,0.0,0.6530051118543522,0.0,0.0,0.0,126.9379951078552,2.0,35.0,4.46,205.0,5603.0,54.0,2795.761955756101,31691.82719756702,7.943202420609777,45.0,1.0,1.0,0.4232657185262911,0.7649573512740125,0.0,2.0,60.0,6.4,329.0,12175.0,3258.7538302577072,231564.22497237072,5.180325518032558,-0.908915323176207,-0.6508563820674107,-0.5904877072509862,-11810.0,-0.1951285801473585,-1.967830666375597,-0.0981207075551331,1.485907803764632,-0.0981207075551331,1.485907803764632,-1.967830666375597,0.0,10.2252973857323,12.497585693672814,76.12165831600713,22.722883079405115,76.12165831600713,98.84454139541224,-15.517120744595267,-24.258351721993876,-32.0258352672281,-41.32276546264309,138.62001386200137,-2.000234219463637,-2.1228307466587215,-4.246831878675006,-0.1539874914526784,24748.68,5.869730935373663,0.0,1.1000000000000014,0.6000000000000014,2.5936599423631135,3.479125248508952,1.0,1.0,1.0,1.0,3.904719577134072,7.5,1.0,1.0,0.0,1.0,1.485907803764632,1.485907803764632,0.0,0.0,5.802053291176051,-14.758729997816976,-0.0981207075551331,-0.0981207075551331,-0.3831338477127754,-29267.46867957739,0.0,0.0,0.0,0.0,-0.908915323176207,-0.6508563820674107,-0.5904877072509862,5.0,North,1.2560361407764509,0.7081713615801233,0.7531487286638772,-1.846523848027437,-1.6823997627960934,-1.4336804639924718,-1.4124495775841206,-0.2854309035795035,3.4601282699411406,11.905401736041236,8.261391542672634,0.4445913071929315,277064.98012321146,54730.773389526046,7.5,7.5,2.0410583139284677,1.743811090388503,1.8080380596572427,-6.287890192603474,3.479125248508952,2.443991853360483,1.638350861913466,-0.8854653061458384,211.96861459187255,157.03445588134156,411.85268922715926,-73.34860072987118,83682.0,85390.0,85438.0,4335.0,earthquake_m7_5,municipio,-0.8354140840707547
2021.0,Carolina,155886.0,0.0,132865.0,263.0,75941.0,553.0,30678.0,34497.49527542467,1084.0,270.96791666666667,114495.0,87.0,30012.0,1489.785555,33.6,38519.0,1597.0,337.0,1981.0,8.1,0.8,29.8,14.01,17865.0,13.06,17.19,22.9,20.26,12.99,99.26,0.0,12.45,0.25,2.87,11.51,692.0,0.44,18.3808,-65.9574,27.0,65.0,114.0,584.0,1158.0,30678.0,34497.49527542467,270.96791666666667,72.0,31.0,72031.0,14.0,1.3,45.0,1.2,52.5,1.0,1981.0,1001.0,50.5,250.0,414.0,156.0,231.0,87.0,35.0,0.0,2.0,0.0,0.7689979699678812,0.0,0.0,0.0,121.1235904654781,2.0,35.0,4.8,46.0,734.0,24.0,1276.816752080202,8598.11027798443,5.372418316023342,45.0,1.0,1.0,0.5235944835337123,0.9785874583611388,0.0,2.0,60.0,5.6,23.0,2301.0,619.5378819401463,37621.18849474432,3.6627698200534686,-1.1290301887276644,-0.8568586192669425,-0.7936089827316861,-17865.0,-0.5929027694958688,-4.417412687649851,-0.3370984467474543,-0.8305435934032732,-0.3370984467474543,-0.8305435934032732,-4.417412687649851,0.0,17.320349486162964,41.6971376518738,73.13036449713252,59.01748713803677,73.13036449713252,132.14785163516927,-12.80152894144294,-26.61826894658931,-47.83321211812856,-62.822328781289386,171.56764952320154,-2.211615370109054,-2.333394727315452,-0.3105495883871878,-1.1427127163659492,59789.25,3.630269875049686,-0.3999999999999986,-0.3000000000000007,-0.6000000000000014,1.9557385486361325,0.8826583592938642,1.0,1.0,1.0,1.0,6.244337798718146,7.5,1.0,1.0,0.0,1.0,-0.8305435934032732,-0.8305435934032732,0.0,0.0,-5.186194753771254,-33.13059515737388,-0.3370984467474543,-0.3370984467474543,-2.1049565729143054,-17730.732351129365,0.0,0.0,0.0,0.0,-1.1290301887276644,-0.8568586192669425,-0.7936089827316861,15.0,Metro,0.6273540564395663,0.0751596612900806,0.12322262550555534,-1.4209630391712524,-4.065194764288511,-3.768636146126066,-3.793926150058002,-0.3522179233613407,5.6531097734948315,16.375146584675853,11.302216857485803,0.5912280252233142,50322.2381424667,19133.24393348038,7.5,7.5,-0.0852767657048336,-3.0323117950058265,-1.43898820762763,-0.2252728226823542,0.8826583592938642,2.77481323372466,0.9369702488192244,1.0730801893422683,282.2231904226195,302.9475462518974,733.7620407471417,-110.65554089941796,150378.0,153779.0,153870.0,5508.0,earthquake_m7_5,municipio,-1.0099740015300596
2021.0,Arroyo,16183.0,0.0,13364.0,128.0,8226.0,216.0,14933.0,16792.19952239118,1660.0,270.96791666666667,11446.0,76.6,3554.0,450.9478906,20.6,2362.0,59.0,43.0,88.0,3.6,1.5,60.84,11.22,10310.0,24.18,20.28,20.84,23.09,20.63,99.64,0.0,4.55,0.22,5.3,12.9,22.0,0.14,17.9658,-66.0614,4.0,7.0,18.0,27.0,91.0,14933.0,16792.19952239118,270.96791666666667,72.0,15.0,72015.0,11.2,5.1,26.7,4.0,30.1,4.2,88.0,54.0,61.4,14.0,22.0,,16.0,5.0,35.0,1.0,2.0,0.4159412620449356,1.037458628940816,0.0,0.0,0.0,74.14649661811822,2.0,35.0,4.8,96.0,4361.0,22.0,1913.1632665735387,16776.69982761623,8.260639394631836,50.0,1.0,2.0,1.0195251479477738,1.7748278253143008,0.0,2.0,60.0,6.4,55.0,11508.0,991.8517321305056,168536.63162907405,-7.536281567820824,-2.3852190570351595,-1.9027969965470404,-1.7653100855646198,-10310.0,0.0428878356328655,-0.1970423500806506,0.3205385533341938,3.5968764253424843,0.3205385533341938,3.5968764253424843,-0.1970423500806506,1.0,24.717295927825496,43.25526787369461,111.22783167521472,67.97256380152011,111.22783167521472,179.20039547673483,22.263501980014,2.668809849137716,17.6270623831461,29.929423398668987,154.26808364758313,-1.7017691659646172,-1.6895809176743382,-11.973957994841957,-6.407594553851877,3568.188,-4.337097448766203,0.6999999999999993,-1.700000000000001,0.3000000000000007,10.000000000000009,0.0,1.0,1.0,1.0,1.0,6.575167211289303,7.5,1.0,1.0,0.0,1.0,3.5968764253424843,3.5968764253424843,1.0,1.0,23.650063934971374,-1.4778176256048796,0.3205385533341938,0.3205385533341938,2.107594585837099,62507.29934942962,0.0,0.0,0.0,0.0,-2.3852190570351595,-1.9027969965470404,-1.7653100855646198,6.0,South,-3.8177642437766335,-3.9101430793780145,-3.8034444954398965,2.0524541582120137,0.1028556009383788,0.2061713339027641,0.28597425546278304,-0.2998979510190294,5.953940232277119,17.881234572165567,12.651176206524688,0.6212269790121843,182899.9740135799,17933.146595915197,7.5,7.5,-8.904601047872319,1.6557753811586418,-0.5406223273947429,-3.069356946969638,0.0,8.108108108108114,1.4040014040014055,10.000000000000009,106.71159786576804,209.81723814256532,285.6508427276661,47.556485781815084,17502.0,17805.0,17806.0,-1319.0,earthquake_m7_5,municipio,-1.8218763930560822
2021.0,Barceloneta,22836.0,0.0,19097.0,106.0,9985.0,242.0,19051.0,21422.90183493433,2616.0,270.96791666666667,16419.0,74.4,5083.0,703.8309456,24.8,4071.0,53.0,87.0,298.0,6.0,1.8,44.95,15.88,12308.0,26.11,18.6,20.35,17.3,17.2,99.65,0.0,3.62,0.45,2.28,9.28,12.0,0.05,18.4505,-66.5385,2.0,11.0,60.0,100.0,238.0,19051.0,21422.90183493433,270.96791666666667,72.0,17.0,72017.0,15.9,3.9,35.0,3.7,41.6,4.0,298.0,130.0,43.6,46.0,100.0,14.0,25.0,21.0,35.0,0.0,2.0,0.0,0.6473940739492107,0.0,0.0,0.0,136.08590822782415,2.0,35.0,4.46,110.0,5579.0,50.0,2324.589364764159,28663.261340986388,8.316453059543045,45.0,0.0,1.0,0.0,0.7595253245401412,0.0,2.0,60.0,6.4,77.0,12128.0,1492.1979745526353,216873.20276178457,-4.5038263705934,-1.0159397442634388,-0.5951322713593776,-0.5017248390931317,-12308.0,-0.3254603942210373,-1.3846117445877624,0.0225657686598719,2.3605982091353312,0.0225657686598719,2.3605982091353312,-1.3846117445877624,0.0,8.758101243650378,48.16955684007707,262.7430373095113,56.92765808372745,262.7430373095113,319.67069539323876,19.291226017487325,82.92452854858627,-37.11750289783645,1.2396641245198623,217.45494082716516,-0.6893974002242564,-0.9053870529651452,2.1578853497714157,1.4954191741605318,6683.95,0.6308596384729359,1.3999999999999986,-2.700000000000001,0.3000000000000042,7.581227436823101,0.3623188405797117,1.0,1.0,1.0,1.0,4.1289355141554065,7.5,1.0,1.0,0.0,1.0,2.3605982091353312,2.3605982091353312,0.0,0.0,9.74675778035052,-10.384588084408218,0.0225657686598719,0.0225657686598719,0.0931726036239605,5964.967678080788,0.0,0.0,0.0,0.0,-1.0159397442634388,-0.5951322713593776,-0.5017248390931317,8.0,North,-1.9154904863748825,-2.08506259095651,-2.01639211963777,1.4137656472817508,-0.7601346519062949,-0.423141398476943,-0.38786542153429754,-0.6244770926814674,3.6856115641148977,12.414472082990557,8.597513204809985,0.44332395004050884,245343.41555617537,37483.19985978263,7.5,7.5,2.5682132314002404,-0.2398410586900601,-0.44344594581202285,-0.4103278816288247,0.3623188405797117,1.845018450184499,-0.5644573096979818,7.21890859624339,253.33277960048173,160.50043211654798,547.4414818321567,-35.87783877331657,23913.0,24079.0,24097.0,-1077.0,earthquake_m7_5,municipio,-0.703599219310959
2021.0,Barranquitas,28982.0,0.0,23686.0,149.0,10898.0,234.0,20290.0,22816.160738586823,2281.0,270.96791666666667,19880.0,75.2,5666.0,638.7566047,21.9,4355.0,60.0,57.0,280.0,3.5,1.2,51.84,15.97,10307.0,25.23,21.19,17.35,18.29,16.69,99.9,0.0,1.63,0.53,5.09,10.09,270.0,0.93,18.1861,-66.3061,0.0,1.0,19.0,36.0,100.0,20290.0,22816.160738586823,270.96791666666667,72.0,19.0,72019.0,16.0,4.2,34.7,3.1,41.3,2.7,280.0,187.0,66.8,43.0,78.0,18.0,35.0,34.0,35.0,0.0,2.0,0.0,0.905070008660286,0.0,0.0,0.0,100.91847654618353,2.0,35.0,4.8,193.0,5483.0,39.0,3306.571506326869,26867.68526792487,3.753152376850775,50.0,1.0,2.0,0.5692992299780886,1.1649384027248797,0.0,2.0,60.0,6.4,533.0,12059.0,13287.49572968974,226673.94014107803,3.411118247341749,-0.2863846525429592,0.003450357975665,0.0827415395067587,-10307.0,-0.1197453992655118,-0.282507641087908,0.2542888599910369,4.134505771878064,0.2542888599910369,4.134505771878064,-0.282507641087908,1.0,0.0,3.450417500517563,65.55793250983369,3.450417500517563,65.55793250983369,69.00835001035125,-21.526389749892772,-30.78118117032045,-13.765136186352247,-72.71663949844621,121.31592093056447,-1.2925721128447143,-1.2589114936532808,2.425726213758117,5.636246744608564,8219.042000000001,10.84756346324376,2.0,-2.0,1.3999999999999986,4.477611940298498,5.928853754940722,1.0,1.0,1.0,1.0,5.084502236504019,7.5,1.0,1.0,0.0,1.0,4.134505771878064,4.134505771878064,1.0,1.0,21.02190384395279,-2.11880730815931,0.2542888599910369,0.2542888599910369,1.2929322773424845,67195.51272325525,0.0,0.0,0.0,0.0,-0.2863846525429592,0.003450357975665,0.0827415395067587,9.0,Central Mountains,1.1266764868341772,0.5905487888886674,0.6598928326785991,-1.0439349473274184,0.1376963247461596,0.6948055401562175,0.655518967967938,-0.4202039658340676,4.402107148917317,16.170195568084942,11.242668153322782,0.682395087586702,243548.57546693037,22432.8726038029,7.5,7.5,9.707843184516584,4.77517083555099,4.606282466340883,-7.282116970758467,5.928853754940722,12.444444444444436,7.674820330027614,-1.4512418146422235,207.79769661536295,222.5699878282038,360.0763871130937,-86.48177568479848,28026.0,28393.0,28391.333333333332,956.0,earthquake_m7_5,municipio,-0.22118756297693998
2021.0,Bayamón,185939.0,0.0,158892.0,249.0,82577.0,581.0,27812.0,31274.67040224627,966.0,270.96791666666667,136733.0,82.5,31854.0,1243.057923,30.0,40959.0,1299.0,259.0,3043.0,8.1,0.6,33.71,10.83,15703.0,17.61,16.97,22.51,25.02,11.94,99.41,0.0,10.74,0.35,1.93,12.84,5484.0,2.95,18.3808,-66.1557,14.0,109.0,133.0,846.0,1620.0,27812.0,31274.67040224627,270.96791666666667,72.0,21.0,72021.0,10.8,1.1,42.1,1.0,47.4,0.9,3043.0,1648.0,54.2,290.0,721.0,203.0,552.0,134.0,35.0,0.0,2.0,0.0,0.7903046482400706,0.0,0.0,0.0,120.3239997822012,2.0,35.0,4.8,58.0,4231.0,27.0,2271.223520562848,17668.296439661,5.264077308780507,45.0,1.0,1.0,0.4978758334493764,0.7940534598889424,0.0,2.0,60.0,6.4,27.0,11051.0,725.0769680129775,154764.30460863354,7.049137856587695,-0.8674888000903547,-0.669936164893159,-0.6259781205551262,-15703.0,-0.3062650390627816,-4.385321628835997,-0.2720582427523006,-0.3097241076945283,-0.2720582427523006,-0.3097241076945283,-4.385321628835997,0.0,7.529351023722834,58.62137582755635,71.52883472536692,66.15072685127919,71.52883472536692,137.6795615766461,-1.2087250615565353,-46.49413657490079,-46.001417261986944,-54.82429457025397,185.38242321310344,-2.523682320193943,-2.603372413981575,-1.058303419768658,-0.312223943559764,66893.532,4.854607615870377,-1.1000000000000014,-0.7999999999999989,-1.5,1.197206518124383,1.794177386594442,1.0,1.0,1.0,1.0,5.525322119709151,7.5,1.0,1.0,0.0,1.0,-0.3097241076945283,-0.3097241076945283,0.0,0.0,-1.7113254632517565,-32.88991221626998,-0.2720582427523006,-0.2720582427523006,-1.5032094265284888,-49726.04073511441,0.0,0.0,0.0,0.0,-0.8674888000903547,-0.669936164893159,-0.6259781205551262,10.0,Metro,1.839173889898249,1.1345311513429213,1.171481059958494,-2.4651520104533753,-4.14410502413648,-3.796760784085287,-3.8025265962728176,-0.24121660469951678,4.92521081094881,16.426890030245787,11.279342286620084,0.6001113087603409,172314.20262777695,24609.251388935987,7.5,7.5,0.3811964284970326,-0.2595648394076666,-0.1297870331793368,-1.4394998482656907,1.794177386594442,2.3916811091854395,0.5616712052509502,-0.596970868470059,286.20813504534436,360.1978628624525,847.9773874851658,-100.82571183224093,173695.0,178192.0,178280.66666666666,12244.0,earthquake_m7_5,municipio,-0.8770808902389129
2021.0,Cabo Rojo,47403.0,0.0,40660.0,180.0,28902.0,406.0,18581.0,20894.385543799,1138.0,270.96791666666667,35160.0,73.9,8904.0,842.3354439,26.1,9183.0,434.0,208.0,569.0,5.3,1.1,47.55,15.25,11802.0,26.4,16.99,23.6,17.69,11.03,99.55,0.0,7.15,3.97,4.23,12.11,147.0,0.31,18.0866,-67.1457,8.0,2.0,18.0,38.0,95.0,18581.0,20894.385543799,270.96791666666667,72.0,23.0,72023.0,15.2,3.0,35.2,2.3,41.5,2.1,569.0,371.0,65.2,119.0,117.0,29.0,99.0,22.0,40.0,1.0,2.0,0.4698641992417862,1.298450624390494,1.0,0.0,0.0,64.48960796859826,2.0,35.0,4.46,5284.0,5479.0,38.0,56526.68707866517,59042.17784302328,1.4156839059122637,55.0,1.0,2.0,1.0234794945529342,2.218031518966824,0.0,2.0,60.0,6.4,11641.0,12057.0,358729.6582624262,371269.3492722795,-1.196406611501344,-0.8860198721599932,-0.4736657279277301,-0.3719631780892407,-11802.0,0.1226981036498023,-1.959007704268225,0.2697719314160459,1.1147442516202053,0.2697719314160459,1.1147442516202053,-1.959007704268225,0.0,16.876568993523616,4.219142248380904,37.97228023542814,21.09571124190452,37.97228023542814,59.067991477332654,6.505386711400321,-41.23233864445181,-6.033760275732524,-13.603762748185318,93.79494341038416,-1.051828325118076,-1.0570349964289405,2.835502595345974,2.3072857309062167,14312.320000000002,5.0513739791538725,1.7000000000000028,2.299999999999999,3.0,7.969639468690692,3.3333333333333437,1.0,1.0,1.0,1.0,4.680503271459717,7.5,1.0,1.0,0.0,1.0,1.1147442516202053,1.1147442516202053,0.0,0.0,5.217564116549284,-14.692557782011688,0.2697719314160459,0.2697719314160459,1.262668407540809,120363.10902073373,0.0,0.0,0.0,0.0,-0.8860198721599932,-0.4736657279277301,-0.3719631780892407,11.0,West,-0.7151648758544571,-1.0448328546055707,-0.9539256836350374,0.3432016977652164,-1.3368197005350853,-0.9746870167061394,-0.9827326179773365,-0.6221880037331398,3.846245976713771,7.914437399036816,6.170366548895001,0.8342572947459459,395985.1813821252,30364.28662534718,7.5,7.5,2.0314021842775976,2.054952413095079,-0.18467590218603025,0.8041004110683763,3.3333333333333437,2.2044088176352616,1.9800522126300457,4.636306135357349,113.432466434302,142.84256708499132,202.73453402499283,-19.637523023917836,47977.0,48487.0,48489.666666666664,-574.0,earthquake_m7_5,municipio,-0.6049539287867506
2021.0,Caguas,128182.0,0.0,108606.0,296.0,57286.0,453.0,27062.0,30431.293341923934,1174.0,270.96791666666667,93391.0,83.5,25339.0,1468.297313,33.3,31141.0,1677.0,427.0,2444.0,6.4,0.7,37.53,11.27,16904.0,16.61,17.84,20.86,23.68,12.77,98.72,0.0,9.44,0.13,2.11,13.61,1119.0,0.87,18.2325,-66.0391,26.0,87.0,147.0,408.0,888.0,27062.0,30431.293341923934,270.96791666666667,72.0,25.0,72025.0,11.3,1.4,43.3,1.1,48.9,1.1,2444.0,1307.0,53.5,260.0,527.0,222.0,448.0,110.0,35.0,0.0,2.0,0.0,0.8526180956121292,0.0,0.0,0.0,103.889607808347,2.0,35.0,4.8,67.0,3123.0,21.0,1620.433701690053,13607.395550851788,7.724993238537975,45.0,1.0,1.0,0.6336968646167239,1.1110888449670622,0.0,2.0,60.0,6.4,28.0,9505.0,607.4224833450405,138658.4730071729,1.1425505389240476,-1.0999984397185305,-0.760800815779894,-0.6796911181240817,-16904.0,-0.538709226793822,-3.600355844427675,-0.1989756838778868,0.4666428582309586,-0.1989756838778868,0.4666428582309586,-3.600355844427675,0.0,20.28365917211465,67.87224415284517,114.68068839618668,88.15590332495982,114.68068839618668,202.8365917211465,21.08629295994332,29.462830520636317,-30.65253300732813,-43.52718815468147,152.28746824056685,-1.7085863638831356,-1.8467909533125717,0.1136138639786565,0.1017143970005481,47026.398,3.1010243804475923,0.5,-1.5,-0.3000000000000042,2.2166457549142704,0.4199916001679904,1.0,1.0,1.0,1.0,6.188402292745138,7.5,1.0,1.0,0.0,1.0,0.4666428582309586,0.4666428582309586,0.0,0.0,2.8877737337696088,-27.00266883320756,-0.1989756838778868,-0.1989756838778868,-1.2313415783104469,-32054.27019811355,0.0,0.0,0.0,0.0,-1.0999984397185305,-0.760800815779894,-0.6796911181240817,12.0,East,-0.1303638229455006,-0.5628671184760403,-0.5023378238130038,-0.549327295178581,-3.1395373420014696,-2.686143666592231,-2.7321834033248193,-0.46081850242620526,5.7000203968788945,18.39240250544769,12.753376685202776,0.4883818958662438,152878.93632246144,19522.075296414365,7.5,7.5,1.461878011934803,-1.270348684911815,0.31371581713755353,-1.3482641479561464,0.4199916001679904,1.8827556696619616,0.08303366664071936,1.79665415474628,226.46718940257648,285.46851092012207,799.4823688432135,-74.17972116200963,126734.0,128937.0,129011.33333333333,1448.0,earthquake_m7_5,municipio,-0.8941828734634217
2021.0,Camuy,32885.0,0.0,27943.0,153.0,14071.0,192.0,19745.0,22203.306741419263,1269.0,270.96791666666667,24097.0,72.6,6016.0,550.2154124,21.4,5156.0,335.0,193.0,333.0,5.8,1.5,44.36,7.05,11692.0,27.84,17.57,21.17,17.0,8.59,99.32,0.0,2.0,0.24,1.58,10.74,133.0,0.4,18.4838,-66.845,2.0,3.0,47.0,85.0,174.0,19745.0,22203.306741419263,270.96791666666667,72.0,27.0,72027.0,7.1,2.0,36.0,2.3,39.2,2.7,333.0,226.0,67.9,42.0,89.0,25.0,40.0,33.0,35.0,0.0,2.0,0.0,0.6579725197598605,0.0,0.0,0.0,118.16965731963047,2.0,35.0,4.46,224.0,5607.0,57.0,3545.876724866253,33054.78322263513,7.654472931754173,55.0,1.0,2.0,0.4616725056408663,1.045049022538807,0.0,2.0,60.0,6.4,217.0,12196.0,2090.46255741255,232130.16551024455,5.8552758642889335,-0.4622168161775852,-0.2009012135124277,-0.1532935076108521,-11692.0,-0.624869070578541,-2.0902545286719207,-0.0616181677635936,2.7151854625566516,-0.0616181677635936,2.7151854625566516,-2.0902545286719207,0.0,6.0818002128630075,9.12270031929451,142.92230500228067,15.204500532157518,142.92230500228067,158.12680553443818,5.547640942895946,23.82103673472126,-18.8259557787997,-42.30135215145448,128.75812785682098,-1.6836508639787362,-1.9365650797591671,1.5691439833775744,2.887928600507776,10059.48,8.771713567431672,0.6000000000000014,-0.2000000000000001,0.5,9.90099009900991,3.0612244897959107,1.0,1.0,1.0,1.0,4.038850678556516,7.5,1.0,1.0,0.0,1.0,2.7151854625566516,2.7151854625566516,0.0,0.0,10.96622864785372,-15.676908965039406,-0.0616181677635936,-0.0616181677635936,-0.2488665786833994,-18771.723375970218,0.0,0.0,0.0,0.0,-0.4622168161775852,-0.2009012135124277,-0.1532935076108521,13.0,North,1.778313243074647,1.1832765064178297,1.214268487570891,-1.9316067506854993,-1.7511440999760943,-1.0262138408068973,-1.1714330902903243,-0.3391104286958264,3.5914398812310866,11.671260956391482,8.1993775525854,0.4474107973254293,282074.0977774223,59323.2839283057,7.5,7.5,7.8893900215793344,-0.7947482034335818,0.1866488040795143,-6.32024603820176,3.0612244897959107,4.62633451957295,4.049508517373261,6.839765609213999,189.88543578707515,133.44919620135312,257.5636531371031,-61.127307930254176,31066.0,31598.0,31628.666666666668,1819.0,earthquake_m7_5,municipio,-0.4463058523452679
2021.0,Añasco,25859.0,0.0,22146.0,107.0,12566.0,183.0,21189.0,23827.088708226525,1903.0,270.96791666666667,19098.0,71.2,5968.0,683.5451704,18.6,3560.0,114.0,116.0,265.0,4.8,1.5,44.73,9.14,11641.0,29.26,17.15,21.55,25.59,9.58,96.4,0.0,2.73,0.38,1.87,10.95,105.0,0.41,18.2827,-67.1399,0.0,1.0,10.0,28.0,54.0,21189.0,23827.088708226525,270.96791666666667,72.0,11.0,72011.0,9.1,3.1,38.4,2.7,42.2,2.6,265.0,164.0,61.9,42.0,55.0,15.0,43.0,14.0,40.0,1.0,2.0,0.3844887105008407,1.1454484947094787,0.0,0.0,0.0,81.02998096981436,2.0,35.0,4.46,4398.0,5521.0,49.0,30937.213863618515,40587.40250912856,6.152448762448919,55.0,1.0,2.0,0.7418110396922484,1.86881612027038,0.0,2.0,60.0,6.4,6391.0,12111.0,128481.93930798717,276274.5074482743,-2.620975334212017,-1.3998994547352983,-1.055494938881496,-0.9960043301149302,-11641.0,-0.6330653263811391,-2.2845070234557463,-0.0867405792816172,2.289101795330164,-0.0867405792816172,2.289101795330164,-2.2845070234557463,0.0,0.0,3.867125565567114,38.67125565567114,3.867125565567114,38.67125565567114,42.538381221238254,-26.259027701237628,-17.81528171958776,11.562256333560512,-47.47128545090877,86.61269064206364,-1.4071433875399109,-1.5857936275942677,0.3711977876661887,0.4397766553619416,8504.064,3.0692567106925805,1.8999999999999984,-0.5,1.8000000000000045,0.7604562737642651,-1.1278195488721776,1.0,1.0,1.0,1.0,4.020346988611385,7.5,1.0,1.0,0.0,1.0,2.289101795330164,2.289101795330164,0.0,0.0,9.20298350948054,-17.133802675918098,-0.0867405792816172,-0.0867405792816172,-0.3487272267052568,-30408.919637546485,0.0,0.0,0.0,0.0,-1.3998994547352983,-1.055494938881496,-0.9960043301149302,7.0,West,-1.5800982661049343,-1.811021315439232,-1.7546286911894562,0.5840939359900041,-1.7591112147220138,-1.54535082023961,-1.543746289048265,-0.5253958087337325,3.1221117882257743,8.5033430115494,6.374238479231015,0.8982352003856104,320086.145581065,50770.18503762725,7.5,7.5,-0.007797219771144,0.9559293981907802,0.5871157922010427,0.3789950074373327,-1.1278195488721776,1.9157088122605304,1.5906510028027565,1.8882758226364427,122.5217197594119,171.7334112832505,297.6643734767668,-35.909029117348254,26555.0,26934.0,26952.333333333332,-696.0,earthquake_m7_5,municipio,-1.1584334817385105
2021.0,Hatillo,38739.0,0.0,33011.0,128.0,17044.0,249.0,20955.0,23563.95506540596,1162.0,270.96791666666667,28662.0,76.4,6947.0,721.9972299,29.0,8302.0,369.0,210.0,516.0,7.9,1.8,42.58,6.84,12738.0,24.09,17.24,21.37,14.67,8.62,99.77,0.0,3.51,0.25,2.58,8.85,105.0,0.27,18.4863,-66.825,5.0,8.0,48.0,94.0,210.0,20955.0,23563.95506540596,270.96791666666667,72.0,65.0,72065.0,6.8,2.5,38.5,2.8,41.4,2.8,516.0,272.0,52.7,71.0,164.0,27.0,66.0,24.0,35.0,0.0,2.0,0.0,0.6555327591206176,0.0,0.0,0.0,119.8096732526896,2.0,35.0,4.46,202.0,5606.0,57.0,3334.639484303645,32797.70896986614,7.804701864614403,55.0,1.0,2.0,0.4540663088658036,1.0379733736166177,0.0,2.0,60.0,6.4,201.0,12194.0,2025.056768325428,231079.76601200888,-2.077803897778119,-1.0557835772735502,-0.6123708731335054,-0.5033163435621546,-12738.0,-0.6925603512444638,-2.5958284634733277,-0.0293783371687674,2.347070081340964,-0.0293783371687674,2.347070081340964,-2.5958284634733277,0.0,12.906889697720644,20.651023516353032,123.90614109811816,33.55791321407368,123.90614109811816,157.46405431219185,8.280493533074715,35.4351722146218,-7.263256163807046,-16.660445384338416,113.74838856449531,-0.9737171464330396,-1.08937855904927,5.3706662394210625,4.1466923556701785,12709.235,0.2529270923299798,0.6000000000000014,0.7000000000000002,1.0,3.200000000000003,2.249488752556239,1.0,1.0,1.0,1.0,4.052443843220719,7.5,1.0,1.0,0.0,1.0,2.347070081340964,2.347070081340964,0.0,0.0,9.511369700737744,-19.46871347604996,-0.0293783371687674,-0.0293783371687674,-0.1190540615836339,-8898.584506107652,0.0,0.0,0.0,0.0,-1.0557835772735502,-0.6123708731335054,-0.5033163435621546,33.0,North,-1.1032692157691648,-1.370383333076164,-1.2850666223214364,0.5999528722070102,-1.9991714220979435,-1.4803806346127208,-1.4565284341731928,-0.5966570413753842,3.606648941171565,11.58894954479878,8.14187010676188,0.4457949020491543,280704.59765065636,59079.65396578242,7.5,7.5,5.915396355850144,1.1540144717393286,0.5208980727034097,-0.5447301164290819,2.249488752556239,3.601694915254239,1.1912503185317187,0.9505112474437638,137.6720901126408,131.22059915820748,284.85760343713554,-23.923701548145488,39561.0,39950.0,39967.0,-822.0,earthquake_m7_5,municipio,-0.7181344863213758
2021.0,Hormigueros,15726.0,0.0,13626.0,78.0,7638.0,140.0,20811.0,23402.02666982407,2102.0,270.96791666666667,11965.0,79.5,4073.0,444.0146394,25.8,3087.0,30.0,34.0,180.0,3.9,1.3,42.84,19.59,13178.0,21.66,15.47,28.97,26.06,12.07,99.34,0.0,3.14,0.0,4.11,15.82,153.0,0.97,18.1397,-67.1274,3.0,0.0,7.0,13.0,27.0,20811.0,23402.02666982407,270.96791666666667,72.0,67.0,72067.0,19.6,4.3,36.5,3.1,45.5,2.6,180.0,97.0,53.9,23.0,39.0,11.0,36.0,11.0,40.0,1.0,2.0,0.4378681552111424,1.2472751531916106,1.0,0.0,0.0,69.93273679179252,2.0,35.0,4.46,5280.0,5492.0,41.0,50924.544185572144,53824.76441335635,3.0888671630565465,55.0,1.0,2.0,0.9135361244958944,2.087485097457764,0.0,2.0,60.0,6.4,11544.0,12070.0,331963.11048634467,354756.8762904169,-0.0317843748013468,-0.9856288948238534,-0.657125366587763,-0.6077816304004835,-13178.0,-0.2162576105131143,-2.91077926577072,-0.3023629833029664,-0.1422954212640121,-0.3023629833029664,-0.1422954212640121,-2.91077926577072,0.0,19.07668828691339,0.0,44.51227266946458,19.07668828691339,44.51227266946458,63.588960956377974,12.71981332664386,0.0141479475778538,-25.004851189137728,0.5917081127165602,50.854999682156254,-1.3297371887348697,-1.4647713226205172,0.1650338545098106,-0.1505072544494982,4973.49,0.3164103131971796,-0.2000000000000028,-0.8999999999999986,-0.7999999999999972,2.857142857142847,6.060606060606055,1.0,1.0,1.0,1.0,4.5109023010491445,7.5,1.0,1.0,0.0,1.0,-0.1422954212640121,-0.1422954212640121,0.0,0.0,-0.6418807432085896,-21.8308444932804,-0.3023629833029664,-0.3023629833029664,-1.3639298771334354,-128978.235420355,0.0,0.0,0.0,0.0,-0.9856288948238534,-0.657125366587763,-0.6077816304004835,34.0,West,-0.4491142217827537,-0.7838997396755754,-0.7257373624571942,-0.15866740861772982,-2.5017328413039763,-2.021289592617629,-2.1556813737476634,-0.40904642446674355,3.711303818536285,8.1694077406501,6.291325749812238,0.7995984825128595,382267.5695830569,33628.133141871636,7.5,7.5,3.0078522506703953,-3.6244078685287007,-1.4622656968921104,-2.8428183961605846,6.060606060606055,1.85185185185186,3.2664167884293676,-3.2034632034632082,75.26814275857743,129.78986402966626,179.63914054124734,-24.41314307642117,15731.0,15943.0,15951.333333333334,-5.0,earthquake_m7_5,municipio,-0.8236619239955543
2021.0,Humacao,51398.0,0.0,43654.0,177.0,26463.0,359.0,22431.0,25223.72112012031,1324.0,270.96791666666667,37763.0,79.0,13522.0,1090.638804,22.7,8561.0,354.0,139.0,778.0,4.8,1.0,39.2,9.16,14352.0,21.39,17.54,23.35,9.15,11.63,99.36,0.0,11.93,0.18,4.84,13.21,342.0,0.67,18.1497,-65.8274,8.0,29.0,55.0,139.0,323.0,22431.0,25223.72112012031,270.96791666666667,72.0,69.0,72069.0,9.2,2.3,33.7,2.0,37.1,2.0,778.0,450.0,57.8,75.0,152.0,103.0,161.0,42.0,35.0,1.0,2.0,0.3217047876186563,0.8640967282548062,0.0,0.0,0.0,98.79539673338166,2.0,35.0,4.8,66.0,389.0,12.0,2838.4402607893094,6352.7374791892325,6.0123550857565995,45.0,1.0,1.0,0.7426866716173237,1.2137182400713913,0.0,2.0,60.0,5.6,39.0,1286.0,1019.9244328315896,23573.64101320811,-0.3644399643314089,-1.3016070664228163,-0.9353444226011364,-0.8489840391357917,-14352.0,-0.4512257541298117,-2.934936605428944,-0.0267606365591215,1.4810230106510542,-0.0267606365591215,1.4810230106510542,-2.934936605428944,0.0,15.56480796918168,56.4224288882836,107.00805478812406,71.98723685746528,107.00805478812406,178.99529164558933,21.585965194611013,56.60678312526979,-27.683555122145822,-60.060190618365375,100.80254332570853,-1.7540518407069494,-1.793663262634193,-1.7138679361213272,1.5389018065202729,14711.398,-3.306383945889324,-1.3999999999999986,-0.3000000000000007,-1.7999999999999972,3.733333333333344,0.1335113484646211,1.0,1.0,1.0,1.0,7.167256983033544,7.5,1.0,1.0,0.0,1.0,1.4810230106510542,1.4810230106510542,0.0,0.0,10.614872515122132,-22.01202454071708,-0.0267606365591215,-0.0267606365591215,-0.1918003592487869,-940.418702728692,0.0,0.0,0.0,0.0,-1.3016070664228163,-0.9353444226011364,-0.8489840391357917,35.0,East,-0.7454073364354552,-1.1417241209137896,-1.064471258692808,-0.10357670270033648,-2.658216217351399,-2.063411704602821,-2.1168945464798945,-0.27672038807754484,6.672050961766593,18.55447616269943,12.897187090819367,0.49520602126695135,32768.98461747367,13457.407939104258,7.5,7.5,5.374448668982557,0.9561246866995888,3.305229601389563,-7.088316605103884,0.1335113484646211,0.6720430107526987,-1.632622564671541,3.599821984868723,188.54628906621977,261.84865147944487,559.977695762128,-87.74374574051124,51586.0,52507.0,52519.666666666664,-188.0,earthquake_m7_5,municipio,-1.038203714088182
2021.0,Peñuelas,20625.0,0.0,16886.0,92.0,8573.0,212.0,18123.0,20379.363285628835,1145.0,270.96791666666667,14252.0,74.2,3956.0,504.2548959,24.9,3547.0,79.0,73.0,154.0,4.3,1.4,53.77,14.78,10237.0,27.08,21.24,18.42,15.67,13.6,99.57,0.0,0.59,0.15,4.53,12.95,4.0,0.02,18.0622,-66.7219,3.0,2.0,4.0,23.0,61.0,18123.0,20379.363285628835,270.96791666666667,72.0,111.0,72111.0,14.8,3.4,33.7,2.4,39.5,2.5,154.0,93.0,60.4,15.0,49.0,6.0,19.0,13.0,35.0,0.0,2.0,0.0,1.1534275077280478,0.0,0.0,0.0,101.27607393737908,2.0,35.0,4.46,5300.0,5492.0,40.0,61435.74135787736,64020.198848565546,2.130962249105238,55.0,1.0,2.0,0.9611594325135482,1.527431367612582,0.0,2.0,60.0,6.4,11982.0,12064.0,659934.8797739786,660953.91501869,4.182451886649496,-1.5854545454545454,-1.325143665028461,-1.2635757560909733,-10237.0,-0.2847785806796991,0.051457739653554,0.2238499671497638,4.131647503699028,0.2238499671497638,4.131647503699028,0.051457739653554,1.0,14.545454545454543,9.696969696969695,19.39393939393939,24.24242424242424,19.39393939393939,43.63636363636364,-11.116468519105284,-51.32384612911966,-8.795549665983593,11.845195619708214,106.07667828458858,-2.8749448069469663,-2.8640869233701904,-0.0005283007157852,-1.4612050227083635,5690.582,9.00339140187203,1.0,-3.1999999999999993,-0.2999999999999971,10.79136690647482,-3.472222222222221,1.0,1.0,1.0,1.0,4.7321148589722,7.5,1.0,1.0,0.0,1.0,4.131647503699028,4.131647503699028,1.0,1.0,19.55143054428957,0.38593304740165496,0.2238499671497638,0.2238499671497638,1.0592837557298362,166254.81760895066,0.0,0.0,0.0,0.0,-1.5854545454545454,-1.325143665028461,-1.2635757560909733,56.0,South,0.4775861709068962,-0.1391983981967937,-0.07839046826411865,-1.7411619269978695,0.5513805852395617,1.1305826111758683,1.0841936795169518,-0.4999228455860077,3.860373024841091,9.06183853750066,6.644264705403614,0.8717418341311092,686388.360402918,30200.29070860204,7.5,7.5,2.277564372234564,-6.6606511396438695,-0.8580192248695514,-2.2780926729503492,-3.472222222222221,0.6993006993007089,1.5819584898532337,14.263589128697042,103.02703233086396,176.32481890964544,228.53731667852628,3.049645953724621,19797.0,20383.0,20388.0,828.0,earthquake_m7_5,municipio,-1.4348837320747199
2021.0,Ponce,139245.0,0.0,116592.0,227.0,65563.0,537.0,17747.0,19956.55025272057,715.0,270.96791666666667,99337.0,78.1,30655.0,1142.037215,29.2,29010.0,1949.0,325.0,2330.0,5.7,0.6,50.62,12.8,12323.0,22.07,18.8,22.88,22.21,13.9,99.63,0.0,12.19,0.22,3.2,18.07,3715.0,2.67,18.0111,-66.6141,19.0,44.0,80.0,326.0,654.0,17747.0,19956.55025272057,270.96791666666667,72.0,113.0,72113.0,12.8,1.2,31.8,1.0,36.5,1.1,2330.0,1253.0,53.8,228.0,472.0,201.0,508.0,93.0,35.0,1.0,2.0,0.3301335891925305,1.1775137728297216,0.0,0.0,0.0,96.01768843214668,2.0,35.0,4.46,4834.0,5494.0,37.0,42250.74923516522,50028.8393794812,2.1243805500565904,50.0,1.0,2.0,0.9617438165433756,1.2584891732427583,0.0,2.0,60.0,6.4,11867.0,12058.0,529069.5934339802,531319.3386509614,2.6320444595132386,-1.9411828072821269,-1.6543172436345066,-1.577163265645498,-12323.0,0.1223164194347234,-2.249341237426621,0.1942678310027604,1.9937875861281016,0.1942678310027604,1.9937875861281016,-2.249341237426621,0.0,13.645014183633164,31.598980214729437,57.45269129950806,45.2439943983626,57.45269129950806,102.69668569787066,3.9685842239739912,-34.67992069689508,-46.07271506277587,-51.06103593337468,133.40802217079175,-2.861725053876607,-2.9563803621305396,-1.7916028637328885,-1.4274393890314965,37076.256,1.969227925888295,-0.4000000000000021,1.1000000000000014,0.0,1.4808362369338024,-0.9063444108761364,1.0,1.0,1.0,1.0,4.777949917128569,7.5,1.0,1.0,0.0,1.0,1.9937875861281016,1.9937875861281016,0.0,0.0,9.526217231912732,-16.870059280699657,0.1942678310027604,0.1942678310027604,0.928201967040386,116034.30862115529,0.0,0.0,0.0,0.0,-1.9411828072821269,-1.6543172436345066,-1.577163265645498,57.0,South,-0.2457992691829558,-0.7524017600063049,-0.6980977494144689,-1.331363996462542,-1.9097623809999669,-1.5410401456914402,-1.549888625380647,-0.339578856426654,3.883484436379123,9.644708817705492,6.943651700244673,0.8944654807494459,554272.2782839381,27251.80792364893,7.5,7.5,-0.1149339253172176,-2.3757813780443837,-0.42140016276188685,-1.6766689384156708,-0.9063444108761364,2.1154693697664095,-0.13179500503021446,2.387180647809939,230.5417731669423,235.5377068771452,513.4071587920952,-97.13375099615055,135674.0,139671.0,139757.0,3571.0,earthquake_m7_5,municipio,-1.7083603838488646
2021.0,Quebradillas,23743.0,0.0,19939.0,127.0,10342.0,209.0,18947.0,21305.953549236303,2655.0,270.96791666666667,17284.0,74.5,5174.0,689.6876104,21.5,3712.0,179.0,146.0,214.0,5.2,1.9,45.43,5.28,10502.0,26.55,18.23,21.7,17.69,13.67,98.7,0.0,6.21,0.26,3.57,14.2,27.0,0.11,18.4738,-66.9385,1.0,3.0,20.0,46.0,105.0,18947.0,21305.953549236303,270.96791666666667,72.0,115.0,72115.0,5.3,3.5,35.6,3.8,37.5,3.8,214.0,128.0,59.8,20.0,61.0,12.0,30.0,19.0,35.0,0.0,2.0,0.0,0.8143088734632276,0.0,0.0,0.0,110.8699869265238,2.0,35.0,4.46,253.0,5609.0,58.0,3759.7666089693503,33841.4603393199,1.786757358799018,55.0,1.0,2.0,0.4983515889588749,1.5343640621610126,0.0,2.0,60.0,6.4,175.0,12196.0,2100.039944804145,232752.16871172725,2.072137913245342,-0.8549888388156512,-0.542684680047778,-0.4711262486333134,-10502.0,-0.3798733548267694,-1.562678118533887,0.1831590756576662,3.0042893465174028,0.1831590756576662,3.0042893465174028,-1.562678118533887,0.0,4.211767678894832,12.635303036684498,84.23535357789665,16.847070715579328,84.23535357789665,101.08242429347598,-8.947177167142826,15.450692557304237,8.865897127294502,-45.48170657854425,94.57890890331456,-1.5574082694993383,-1.6932933932434668,3.874180986999698,1.8544482973824012,7098.284000000001,3.5984196691930537,0.3000000000000042,0.2000000000000001,0.2999999999999971,0.9433962264151052,-2.304147465437789,1.0,1.0,1.0,1.0,4.417758847128147,7.5,1.0,1.0,0.0,1.0,3.0042893465174028,3.0042893465174028,0.0,0.0,13.272225839910096,-11.720085889004151,0.1831590756576662,0.1831590756576662,0.8091526269184687,56315.150106220986,0.0,0.0,0.0,0.0,-0.8549888388156512,-0.542684680047778,-0.4711262486333134,58.0,North,0.3213940505725654,-0.1257098983351245,-0.07077104795494649,-0.7925202992058789,-1.1336452665092829,-0.7741735810764453,-0.7520465305632129,-0.42903285202460406,3.817237960043388,11.888185089930094,8.508174076133221,0.6005208870847594,283937.0904876058,60427.63293722231,7.5,7.5,-1.5087432798813083,3.1979071850288143,0.8782135316078336,5.382924266881006,-2.304147465437789,5.339805825242716,2.3586874667363236,3.2475436918528944,131.19471835456432,95.68979863538026,186.97464997921296,-36.61580945124976,23261.0,23629.0,23642.0,482.0,earthquake_m7_5,municipio,-0.7118223357831504
2021.0,Rincón,15097.0,0.0,12998.0,99.0,9329.0,198.0,24744.0,27824.69597415438,3401.0,270.96791666666667,11567.0,73.1,3005.0,411.8689112,22.9,2646.0,145.0,113.0,210.0,5.0,1.7,40.88,8.18,14491.0,28.49,15.68,26.81,27.46,11.15,93.5,0.0,12.77,0.39,4.45,12.48,25.0,0.17,18.3403,-67.25,0.0,0.0,23.0,25.0,79.0,24744.0,27824.69597415438,270.96791666666667,72.0,117.0,72117.0,8.2,2.8,40.0,3.2,43.5,3.2,210.0,135.0,64.3,57.0,45.0,26.0,13.0,14.0,40.0,1.0,2.0,0.387844563912203,1.1340120352046157,0.0,0.0,0.0,80.24233741206439,2.0,35.0,4.46,1382.0,5506.0,49.0,13244.869099991249,34234.90432814251,2.812077596629793,55.0,1.0,2.0,0.7321661185728874,1.8588929584431977,0.0,2.0,60.0,6.4,553.0,12124.0,8864.399174760405,226897.8437497595,9.011480973355468,0.4437967808173848,0.591086099297522,0.6166222700984436,-14491.0,-0.5935518283256148,-3.717789652805773,-0.1893505961808615,1.369943405861755,-0.1893505961808615,1.369943405861755,-3.717789652805773,0.0,0.0,0.0,152.34814863880243,0.0,152.34814863880243,152.34814863880243,-7.220737959419453,65.699293125769,-7.008061129937405,-105.43993219328416,93.86959347245288,-1.4726807057484304,-1.4927465134207063,17.339053161656516,2.6135937203253023,5199.200000000001,10.167200212231652,0.1000000000000014,1.1999999999999993,0.5,11.702127659574458,2.732240437158473,1.0,1.0,1.0,1.0,3.7641696723146794,7.5,1.0,1.0,0.0,1.0,1.369943405861755,1.369943405861755,0.0,0.0,5.1566994211322985,-27.883422396043297,-0.1893505961808615,-0.1893505961808615,-0.712747771578703,-56249.471171688216,0.0,0.0,0.0,0.0,0.4437967808173848,0.591086099297522,0.6166222700984436,59.0,West,3.3230168084050327,2.5614161998453344,2.5941479109980348,-2.706394538306589,-3.2243941472149955,-2.7140392017703308,-2.819872707788093,-0.4933955055907773,3.0377784594606667,8.38885420488721,6.34807406352274,0.7263912128540126,272371.2560072717,52082.050212305,7.5,7.5,-0.0566679707125428,-9.441604029968063,1.9088668548518397,17.395721132369058,2.732240437158473,8.284023668639051,5.99276314075107,8.969887222415984,206.3175867956745,182.21318943163504,363.5733180843063,-112.44799332322161,13849.0,14056.0,14058.0,1248.0,earthquake_m7_5,municipio,0.22885815828041856
2021.0,Río Grande,47630.0,0.0,40526.0,188.0,22674.0,313.0,23679.0,26627.10054849667,1560.0,270.96791666666667,34734.0,77.8,10116.0,869.8781524,24.7,8581.0,126.0,97.0,368.0,8.7,1.6,37.63,21.24,12836.0,22.78,17.64,21.04,23.92,11.45,99.6,0.0,8.6,0.34,4.71,12.7,674.0,1.42,18.3794,-65.8311,,,,,,23679.0,26627.10054849667,270.96791666666667,72.0,119.0,72119.0,21.2,2.7,40.9,1.9,52.0,1.6,368.0,220.0,59.8,50.0,87.0,37.0,60.0,10.0,35.0,0.0,2.0,0.0,0.5872890282696139,0.0,0.0,0.0,123.35235387731198,2.0,35.0,4.8,38.0,306.0,28.0,1160.0216494050403,7260.066178894003,8.725808169174996,45.0,1.0,1.0,0.523887893594156,0.97179867910515,0.0,2.0,60.0,4.4,21.0,289.0,575.642873058346,4240.916140441501,-2.453510280986315,-1.6628175519630473,-1.216723941724962,-1.1174870971585649,-12836.0,-0.213491253945185,-2.575919640339253,0.0017497610572515,1.4461239486319784,0.0017497610572515,1.4461239486319784,-2.575919640339253,0.0,,,,0.0,0.0,0.0,0.0,0.0,0.0,0.0,0.0,-1.582246588595726,-1.853610286844709,-4.70740007796876,-0.7900978521730107,16575.134,-3.935678516377805,-0.8999999999999986,0.5999999999999979,-0.7000000000000028,11.515151515151524,1.2269938650306678,1.0,1.0,1.0,1.0,6.504931742258187,7.5,1.0,1.0,0.0,1.0,1.4461239486319784,1.4461239486319784,0.0,0.0,9.406937576695904,-19.3193973025444,0.0017497610572515,0.0017497610572515,0.011382076242683,30.441548656524137,0.0,0.0,0.0,0.0,-1.6628175519630473,-1.216723941724962,-1.1174870971585649,60.0,East,-1.6307186577494637,-1.9003138751480408,-1.8316104886007025,0.5132315605908988,-2.2826000143485334,-1.8753782713233031,-1.899552844488869,-0.2933196259907196,6.087795901848792,16.384020882215903,11.303331210465727,0.41713584040939544,15805.88720898092,17803.964386668587,7.5,7.5,3.4199044364139564,-1.0827979149642286,-0.12266958732669202,-8.127304514382717,1.2269938650306678,8.666666666666668,2.7514387564674174,10.288157650120857,0.0,0.0,0.0,0.0,48828.0,49613.0,49663.666666666664,-1198.0,earthquake_m7_5,municipio,-1.268077489782046
2021.0,Sabana Grande,22860.0,0.0,19278.0,127.0,10828.0,165.0,18857.0,21204.74830199762,1689.0,270.96791666666667,15604.0,75.3,5303.0,549.5061419,21.8,3406.0,110.0,86.0,181.0,7.3,1.7,44.77,18.47,10154.0,25.92,18.35,24.4,34.03,7.78,99.31,0.0,3.42,0.22,3.86,11.55,188.0,0.82,18.0777,-66.9605,2.0,1.0,4.0,10.0,38.0,18857.0,21204.74830199762,270.96791666666667,72.0,121.0,72121.0,18.5,4.5,31.5,2.7,38.8,2.7,181.0,118.0,65.2,21.0,40.0,16.0,39.0,6.0,35.0,1.0,2.0,0.3904312284926928,1.047962110374287,0.0,0.0,0.0,79.64446859213017,2.0,35.0,4.46,5339.0,5497.0,40.0,74001.60613974268,76419.09983667178,1.0927758633530464,55.0,1.0,2.0,0.7437185195579232,1.9211036737525296,0.0,2.0,60.0,6.4,11986.0,12067.0,575217.9730496662,576255.0586961209,3.2520325203251987,-0.9667541557305316,-0.7001765201362087,-0.6649542734212255,-10154.0,-0.2318092647860159,-2.2380971728612975,0.0592549874185914,2.540866174578131,0.0592549874185914,2.540866174578131,-2.2380971728612975,0.0,8.748906386701663,4.374453193350831,17.497812773403325,13.123359580052494,17.497812773403325,30.62117235345582,4.089935912482485,-0.569034561736693,4.600799554094832,-12.961521459186226,27.100271002710027,-1.8617021276595704,-2.142795176542034,-1.5084800216873862,1.2560287023524963,6072.57,-4.4967552075207635,-2.8999999999999986,0.1000000000000014,-3.4000000000000057,2.259887005649719,3.5087719298245723,1.0,1.0,1.0,1.0,4.776258429698451,7.5,1.0,1.0,0.0,1.0,2.540866174578131,2.540866174578131,0.0,0.0,12.135833485064454,-16.785728796459733,0.0592549874185914,0.0592549874185914,0.2830171331597231,39799.60333386057,0.0,0.0,0.0,0.0,-0.9667541557305316,-0.7001765201362087,-0.6649542734212255,61.0,West,0.6001251091448001,0.1165897837173135,0.14514117780261016,-1.2650793825660256,-1.597514683774525,-1.4563660463760164,-1.373788435491669,-0.6405824890867724,4.02065439551361,8.714416633573968,6.547431672363305,0.7556040341848416,603866.2432628261,33063.704063459496,7.5,7.5,4.2997487765392695,0.9768173522056056,3.260526184785436,-5.808228798226656,3.5087719298245723,1.7857142857142794,1.7648287385129506,-1.2488849241748534,35.46099290780142,73.73991498221567,143.69946964963015,-8.360721905091392,22140.0,22560.0,22584.666666666668,720.0,earthquake_m7_5,municipio,-0.8925543484142711
2021.0,Patillas,16231.0,0.0,13724.0,110.0,8355.0,233.0,17783.0,19997.03235161604,2131.0,270.96791666666667,12052.0,77.6,3575.0,515.9815888,19.6,2364.0,35.0,57.0,102.0,6.7,1.7,49.86,15.24,10695.0,23.95,17.47,24.02,12.08,9.63,100.0,0.0,2.06,0.55,6.9,17.65,0.0,0.0,18.0066,-66.0161,4.0,4.0,12.0,13.0,58.0,17783.0,19997.03235161604,270.96791666666667,72.0,109.0,72109.0,15.2,4.5,30.2,3.1,35.7,3.6,102.0,56.0,54.9,18.0,30.0,4.0,12.0,3.0,35.0,1.0,2.0,0.3929420506446309,0.9963863465173348,0.0,0.0,0.0,79.07165813020433,2.0,35.0,4.8,85.0,3516.0,16.0,1831.297585540868,14247.07453333343,7.8239888485080415,50.0,1.0,2.0,0.9731986056926204,1.7136723003394738,0.0,2.0,60.0,6.4,48.0,10602.0,867.2233099958346,153282.2047241215,-2.169851124103428,-1.8729591522395397,-1.4834946950019745,-1.3911229238068756,-10695.0,-0.2546065691395989,-0.9838187744930992,0.1111601159103898,3.2162263863086324,0.1111601159103898,3.2162263863086324,-0.9838187744930992,0.0,24.644199371572913,24.644199371572913,73.93259811471874,49.28839874314583,73.93259811471874,123.22099685786458,25.178941808663275,-28.532593856832108,0.4813631309501502,-33.396347398760454,126.5746489060334,-1.9965739263984927,-2.336448598130836,-0.8746270812561852,1.5394059351643432,4144.648,0.3768386626780584,0.3999999999999986,-3.6000000000000014,-1.0999999999999943,6.25,-1.0309278350515427,1.0,1.0,1.0,1.0,6.616415229855563,7.5,1.0,1.0,0.0,1.0,3.2162263863086324,3.2162263863086324,0.0,0.0,21.27988924503576,-7.378640808698244,0.1111601159103898,0.1111601159103898,0.7354814838620128,19598.448627018024,0.0,0.0,0.0,0.0,-1.8729591522395397,-1.4834946950019745,-1.3911229238068756,55.0,South,-1.712813547305958,-2.0132037425780624,-1.9645800817071606,0.3216906234990824,-0.4851980679188952,0.0807086206673608,-0.013030624242405272,-0.498620706574204,6.02525198230034,18.883293808676985,13.295161005551853,0.5911632475552233,166619.59738092546,17050.71486403341,7.5,7.5,5.74079290080074,-0.2479480140515244,3.837889290220583,-6.615419982056925,-1.0309278350515427,3.1914893617021267,-1.5900438475521141,7.280927835051543,159.4896331738437,98.0731510326526,166.5190896611183,-32.91498426781031,16591.0,16929.0,16951.333333333332,-360.0,earthquake_m7_5,municipio,-1.515561366291243
2021.0,Salinas,26208.0,0.0,21891.0,110.0,13068.0,261.0,18563.0,20874.14449435127,1777.0,270.96791666666667,18459.0,76.8,7468.0,715.3048301,19.5,3593.0,146.0,148.0,187.0,8.5,1.9,50.5,4.87,10502.0,24.25,20.17,20.86,25.25,16.73,99.87,0.0,4.03,0.37,4.86,14.85,99.0,0.38,17.9775,-66.2974,7.0,9.0,13.0,24.0,88.0,18563.0,20874.14449435127,270.96791666666667,72.0,123.0,72123.0,4.9,2.1,36.4,3.2,38.3,3.1,187.0,101.0,54.0,33.0,55.0,12.0,31.0,3.0,35.0,1.0,2.0,0.3968941889114433,1.0488896595573844,0.0,0.0,0.0,78.18471264594238,2.0,35.0,4.8,333.0,5452.0,38.0,5185.191002709786,28446.48865819966,1.1325818039453637,50.0,1.0,2.0,0.7238411447875103,1.3540096506912038,0.0,2.0,60.0,6.4,1556.0,12044.0,52831.81172629229,247490.817890682,-5.174035747883354,-1.984126984126988,-1.5593960651779426,-1.457075896827098,-10502.0,-0.1140050808333879,-0.9884887166215888,0.5373466140404948,4.643800577640859,0.5373466140404948,4.643800577640859,-0.9884887166215888,1.0,26.70940170940171,34.34065934065934,49.6031746031746,61.05006105006105,49.6031746031746,110.65323565323564,35.72261333314955,17.039313252859813,-28.03624362749776,-116.85447441403112,57.89130906722629,-1.675619908214454,-1.8300562288268816,0.2217740273110058,0.6961285799247781,7968.324,-1.3880844820263527,0.7999999999999972,-0.8999999999999995,0.5,8.092485549132956,8.805031446540879,1.0,1.0,1.0,1.0,5.583168859529314,7.5,1.0,1.0,0.0,1.0,4.643800577640859,4.643800577640859,1.0,1.0,25.927122774948685,-7.413665374661916,0.5373466140404948,0.5373466140404948,3.000096882284408,155100.03641243014,0.0,0.0,0.0,0.0,-1.984126984126988,-1.5593960651779426,-1.457075896827098,62.0,South,-2.779331689801501,-2.9575768457829277,-2.8812217118853733,1.3222557929744028,-0.5241721090388591,-0.2049803485440701,-0.12353255733652753,-0.46431660758272963,4.963613781282149,14.231240996516428,10.081942075011426,0.6195550782471653,265170.22633306077,21964.14378749401,7.5,7.5,-3.925182298449747,5.791794010913076,1.112442679929371,4.146956325760753,8.805031446540879,-0.6249999999999978,2.72667714884696,-0.7125458974079226,202.7820271087552,216.53337058638633,436.17956511517997,-144.89071804152888,27638.0,28109.0,28126.666666666668,-1430.0,earthquake_m7_5,municipio,-1.5583439984674856
2021.0,San Juan,344791.0,0.0,294169.0,410.0,189079.0,981.0,24347.0,27378.268383557093,705.0,270.96791666666667,253731.0,83.6,55109.0,1770.790784,40.0,101422.0,6856.0,695.0,11651.0,9.6,0.5,39.71,16.58,20286.0,16.51,16.87,23.46,19.83,12.72,98.66,0.0,24.15,0.14,2.22,23.26,7577.0,2.2,18.4655,-66.1057,132.0,254.0,399.0,1862.0,3897.0,24347.0,27378.268383557093,270.96791666666667,72.0,127.0,72127.0,16.6,0.8,43.3,0.6,52.0,0.7,11651.0,6811.0,58.5,1115.0,1614.0,2410.0,1570.0,448.0,35.0,0.0,2.0,0.0,0.7483357649808013,0.0,0.0,0.0,129.59909065343885,2.0,35.0,4.8,49.0,2183.0,29.0,1812.853483450194,12897.093777601334,6.608153598404679,45.0,1.0,1.0,0.4598743078345008,0.7402515998611829,0.0,2.0,60.0,6.4,20.0,6049.0,571.6719195527246,98520.46521187056,5.455830042850196,-1.1276396425660806,-0.8929309453579282,-0.8414795487346582,-20286.0,-0.0670365128767507,-4.371896303720464,0.0917554175830319,-0.6860289601767392,0.0917554175830319,-0.6860289601767392,-4.371896303720464,0.0,38.284061938971725,73.66781615529408,115.72227813371,111.9518780942658,115.72227813371,227.6741562279758,-28.129417994162793,-25.582435387805347,-84.9774278435113,-33.97280922282988,281.3860096099439,-2.538245078517176,-2.6517239978410156,-1.6212756363092051,0.6382802442669828,127375.177,5.083488684807147,-0.4000000000000057,0.5,-0.2999999999999971,3.0332507958967136,1.3624955181068543,1.0,1.0,1.0,1.0,5.571526133076798,7.5,1.0,1.0,0.0,1.0,-0.6860289601767392,-0.6860289601767392,0.0,0.0,-3.822228279672205,-32.789222277903484,0.0917554175830319,0.0917554175830319,0.5112177069152369,11044.270136767376,0.0,0.0,0.0,0.0,-1.1276396425660806,-0.8929309453579282,-0.8414795487346582,64.0,Metro,1.1796765192760628,0.5371510946137636,0.5782397483823217,-2.021156068010721,-4.134643979662517,-3.7168379465710393,-3.7119191403458163,-0.23725232405794738,5.002896227720454,15.553671806610446,10.675767024235512,0.5686299053563442,114988.17584342306,23866.486580551675,7.5,7.5,2.8157026527632745,0.7204137163468793,1.08908594488006,-4.43697828907248,1.3624955181068543,3.420784277370914,1.4283902549818446,1.6707552777898593,400.3362466762851,540.6174007417167,1260.773950411737,-118.95023706634117,326953.0,335468.0,335675.6666666667,17838.0,earthquake_m7_5,municipio,-1.0624010555764796
2021.0,San Lorenzo,37822.0,0.0,32115.0,195.0,16056.0,280.0,19339.0,21746.758626098108,1465.0,270.96791666666667,27675.0,72.3,6983.0,703.651192,18.6,5142.0,123.0,111.0,288.0,6.9,1.4,45.47,8.79,10965.0,28.41,17.79,20.36,14.7,11.0,99.97,0.0,1.72,0.0,4.39,16.82,94.0,0.25,18.1894,-65.9611,7.0,11.0,18.0,45.0,150.0,19339.0,21746.758626098108,270.96791666666667,72.0,129.0,72129.0,8.8,2.8,35.5,2.2,39.0,2.2,288.0,168.0,58.3,33.0,87.0,16.0,44.0,24.0,35.0,1.0,2.0,0.3182258822171976,0.8656194747393621,0.0,0.0,0.0,99.98476854284144,2.0,35.0,4.8,85.0,2028.0,16.0,1852.3396614835017,10153.52388151744,7.933336373116954,45.0,1.0,1.0,0.6944305487562994,1.169242221302877,0.0,2.0,60.0,6.4,36.0,6396.0,697.9584502596304,108028.7127340155,3.378341442081667,-0.7138702342551984,-0.4066753722853478,-0.3457909548728599,-10965.0,-0.4175520881908394,-1.0083518842852284,-0.0110628232588935,2.6742908087078052,-0.0110628232588935,2.6742908087078052,-1.0083518842852284,0.0,18.507746814023584,29.083602136322774,47.59134895034636,47.59134895034636,47.59134895034636,95.18269790069272,9.32534556107177,14.791917473825286,-15.48443333302378,-45.13870177081156,71.06543486579565,-1.674326103899593,-1.7532278932220868,-4.696653182842425,-1.5907934795558851,11400.825,4.172758199995741,-0.1000000000000014,-0.0999999999999996,-0.1000000000000014,5.882352941176472,4.615384615384621,1.0,1.0,1.0,1.0,6.314532797510919,7.5,1.0,1.0,0.0,1.0,2.6742908087078052,2.6742908087078052,0.0,0.0,16.886897021667437,-7.562639132139212,-0.0110628232588935,-0.0110628232588935,-0.0698565603013497,-1385.4977157500034,0.0,0.0,0.0,0.0,-0.7138702342551984,-0.4066753722853478,-0.3457909548728599,65.0,East,0.8393428760526067,0.3063339667197295,0.366923273557566,-1.1851338309254666,-0.8961336505985518,-0.6068519916554905,-0.64783321512247,-0.1122182336866766,5.817167905533463,18.385576764274965,12.769550110871572,0.4973648919774565,119748.27217408818,16702.93095648272,7.5,7.5,-1.211952536433647,1.136225280608416,-0.41277372933079187,-3.484700646408778,4.615384615384621,4.8387096774193505,2.3639631894648425,1.2669683257918507,131.688569969631,158.42420721886305,404.28522522892507,-60.62313510383535,36586.0,37209.0,37222.666666666664,1236.0,earthquake_m7_5,municipio,-0.6062059226528083
2021.0,San Sebastián,39351.0,0.0,33262.0,197.0,18290.0,250.0,16812.0,18905.1401841854,1346.0,270.96791666666667,28941.0,69.5,7618.0,734.4126905,20.8,6006.0,152.0,107.0,484.0,5.3,1.0,50.65,13.13,10537.0,31.22,17.97,24.49,24.84,10.08,96.94,0.0,2.64,0.32,3.01,11.17,208.0,0.53,18.3372,-66.9905,3.0,1.0,11.0,44.0,91.0,16812.0,18905.1401841854,270.96791666666667,72.0,131.0,72131.0,13.1,2.9,32.7,2.5,37.6,2.5,484.0,300.0,62.0,53.0,139.0,34.0,86.0,31.0,35.0,1.0,2.0,0.3308742982831052,0.8935544612395115,0.0,0.0,0.0,95.7803527853742,2.0,35.0,4.46,4844.0,5559.0,51.0,32478.4075731508,39716.152926856856,4.079922164238948,55.0,1.0,2.0,0.5993117529531558,1.6884851977906514,0.0,2.0,60.0,6.4,8330.0,12140.0,209040.21056114385,288373.98289636365,8.428854844042766,-0.4269268887702959,-0.2327936448964895,-0.2232794592736287,-10537.0,-0.3853584414878074,-1.710409939056048,0.2083194300989129,3.3870005691099525,0.2083194300989129,3.3870005691099525,-1.710409939056048,0.0,7.623694442326752,2.541231480775584,27.95354628853142,10.164925923102336,27.95354628853142,38.11847221163376,-3.6122150446040457,-27.1550175822941,5.695244415982243,-33.79229819814,68.88570483853191,-2.2306034482758585,-2.223158782004009,0.4095639594011269,1.7033924890546004,10876.674,19.00648652386483,2.6000000000000014,-2.4000000000000004,2.0,5.908096280087527,2.237136465324374,1.0,1.0,1.0,1.0,4.737136959865062,7.5,1.0,1.0,0.0,1.0,3.3870005691099525,3.3870005691099525,0.0,0.0,16.044685579014754,-12.82807454292036,0.2083194300989129,0.2083194300989129,0.9868376717795868,75727.64786013363,0.0,0.0,0.0,0.0,-0.4269268887702959,-0.2327936448964895,-0.2232794592736287,66.0,West,2.574678549669507,1.8192527758733368,1.8657382443654003,-2.7979580089431355,-1.2218257354471378,-0.5619319459174574,-0.5480449806333031,-0.4885842036089103,4.079975730286343,10.406061650772148,7.579000576998581,0.657161229578719,333473.1540272349,53558.32856179553,7.5,7.5,3.040066399300634,1.6605471084620405,1.9973133048237184,-2.630502439899507,2.237136465324374,1.3605442176870763,2.7827581690798247,3.670959814763153,96.98275862068968,142.24001685807607,222.5858486049739,-28.097053782157772,36292.0,37120.0,37125.333333333336,3059.0,earthquake_m7_5,municipio,-0.5227741120484619
2021.0,Santa Isabel,20530.0,0.0,17110.0,81.0,9135.0,207.0,20784.0,23371.665095652468,1664.0,270.96791666666667,14294.0,83.9,5515.0,606.3604539,26.8,3824.0,152.0,77.0,182.0,7.8,2.2,46.31,8.39,12308.0,17.56,20.38,17.59,28.46,16.55,100.0,0.0,1.97,0.42,4.06,12.08,5.0,0.02,17.9666,-66.405,9.0,5.0,3.0,31.0,79.0,20784.0,23371.665095652468,270.96791666666667,72.0,133.0,72133.0,8.4,2.6,44.5,2.8,48.9,2.7,182.0,82.0,45.1,37.0,49.0,10.0,24.0,11.0,35.0,1.0,2.0,0.385196455664442,1.0583723218268322,0.0,0.0,0.0,80.86272598128399,2.0,35.0,4.46,2023.0,5476.0,36.0,14966.33425643054,32295.562074948713,2.235287500909959,50.0,1.0,2.0,0.6326888527792415,1.3092726272104762,0.0,2.0,60.0,6.4,7025.0,12043.0,235314.8097459068,305468.99125769234,-4.39601378411102,-1.5733073550901144,-1.141438914710724,-1.0285656060234238,-12308.0,-0.3444911301203416,-1.474019719269403,0.3644522225324417,3.7553012438114486,0.3644522225324417,3.7553012438114486,-1.474019719269403,1.0,43.83828543594739,24.354603019970774,14.612761811982466,68.19288845591817,14.612761811982466,82.80565026790063,12.311357301964549,-22.64159229065328,5.323090192423997,-4.111643047706671,93.13588525658936,-1.3007307992829895,-1.4003444212816074,-0.725185952211449,3.0984406847287467,7613.95,-6.300225205823362,-1.5,1.9000000000000004,-0.3999999999999986,7.058823529411762,0.0,1.0,1.0,1.0,1.0,5.335779991270382,7.5,1.0,1.0,0.0,1.0,3.7553012438114486,3.7553012438114486,1.0,1.0,20.037461237921907,-11.055147894520521,0.3644522225324417,0.3644522225324417,1.944636876762623,127758.95696656058,0.0,0.0,0.0,0.0,-1.5733073550901144,-1.141438914710724,-1.0285656060234238,67.0,South,-2.238424906444436,-2.433451158984501,-2.3494033979294247,1.2098593004210123,-1.0444761842309658,-0.904686890978317,-0.7693804326829182,-0.4295435350384371,4.717243373383254,12.97899365154132,9.235698544744272,0.6185366178871279,323778.36515553517,22425.466149580687,7.5,7.5,-0.3756827304746135,10.396190736872304,4.141002235896605,-0.3495032217368355,0.0,6.25,1.8762939958592126,7.058823529411762,91.92443811187204,122.36019215082028,371.02034950172805,1.2114471447173258,21474.0,21757.0,21765.666666666668,-944.0,earthquake_m7_5,municipio,-1.1774319177421515
2021.0,Toa Alta,67602.0,0.0,56644.0,195.0,26328.0,277.0,28098.0,31596.27818791585,2014.0,270.96791666666667,47853.0,83.4,12588.0,1046.83332,26.9,12886.0,430.0,232.0,386.0,6.5,1.0,32.39,10.1,15038.0,16.99,19.07,15.33,14.17,13.29,99.16,0.0,2.83,0.45,3.11,6.95,332.0,0.49,18.3883,-66.2485,7.0,9.0,33.0,97.0,197.0,28098.0,31596.27818791585,270.96791666666667,72.0,135.0,72135.0,10.1,1.8,45.3,1.8,50.5,1.9,386.0,231.0,59.8,35.0,96.0,36.0,44.0,38.0,35.0,0.0,2.0,0.0,0.7945402099718818,0.0,0.0,0.0,122.02991840931276,2.0,35.0,4.2,68.0,5013.0,32.0,2383.925403343558,20600.13517412088,4.0533602222130005,45.0,1.0,1.0,0.4739704065067507,0.788131193143918,0.0,2.0,60.0,6.4,32.0,11913.0,743.1543345630399,178857.39725517924,-6.691511387163562,-1.3357592970622223,-0.7915711362055933,-0.6361697364268393,-15038.0,-0.8310126339977264,-2.7272669829100544,-0.2715304876051966,1.510806646345063,-0.2715304876051966,1.510806646345063,-2.7272669829100544,0.0,10.354723233040444,13.313215585337714,48.81512381290494,23.66793881837816,48.81512381290494,72.4830626312831,1.5837428211386817,3.2664695685985237,-25.950498776585732,-31.30685739381391,67.6328502415459,-0.5681818181818232,-0.7370070158708497,-2.837798858316476,-3.3641795191893844,25659.731999999996,-6.30566536780961,-0.1000000000000014,-0.200000000000001,-0.2000000000000028,3.208556149732611,9.6774193548387,1.0,1.0,1.0,1.0,5.308757600281977,7.5,1.0,1.0,0.0,1.0,1.510806646345063,1.510806646345063,0.0,0.0,8.020506266340877,-20.45450237182541,-0.2715304876051966,-0.2715304876051966,-1.4414895397823586,-57184.71661921403,0.0,0.0,0.0,0.0,-1.3357592970622223,-0.7915711362055933,-0.6361697364268393,68.0,Metro,-2.798544925689783,-2.903828820371235,-2.8033954801763037,2.162375189262944,-2.5867098865575406,-2.3447380110997047,-2.311887497469557,-0.1405570963525138,4.709451825392184,15.162030249606335,10.435808709146226,0.5993057748897925,197570.59586472588,26758.131274953907,7.5,7.5,-5.375089343343708,-1.8796503559079691,-4.099076353941689,2.537290485027232,9.6774193548387,12.171052631578938,7.840237596364408,-6.468863205106088,124.89020641194554,168.92582249165588,329.39206877874045,-57.257356170399646,72450.0,72864.0,72906.33333333333,-4848.0,earthquake_m7_5,municipio,-0.8116153229833631
2021.0,Toa Baja,76248.0,0.0,64421.0,214.0,34889.0,335.0,26587.0,29897.154537053124,1297.0,270.96791666666667,55064.0,81.9,14398.0,827.8629114,27.6,15221.0,438.0,121.0,777.0,7.2,0.9,35.64,13.41,14621.0,18.53,18.11,20.38,23.63,12.06,99.19,0.0,5.1,0.58,4.06,8.6,428.0,0.56,18.4438,-66.2591,9.0,35.0,60.0,253.0,526.0,26587.0,29897.154537053124,270.96791666666667,72.0,137.0,72137.0,13.4,1.6,44.4,1.5,51.5,1.4,777.0,422.0,54.3,87.0,150.0,52.0,88.0,56.0,35.0,0.0,2.0,0.0,0.7702535404751061,0.0,0.0,0.0,128.29438441783714,2.0,35.0,4.2,50.0,4885.0,34.0,2156.626045727432,20105.689129582806,2.1232094906196353,45.0,1.0,1.0,0.4455356555183339,0.7561991602952567,0.0,2.0,60.0,6.4,28.0,11765.0,687.2584219223395,171194.12667893124,0.3157562361856714,-1.8282446752701744,-1.4938193211314954,-1.4230324857064658,-14621.0,-0.5544358634526959,-3.1360583434574147,-0.2499420243803554,1.060909789943557,-0.2499420243803554,1.060909789943557,-3.1360583434574147,0.0,11.803588290840416,45.90284335326828,78.69058860560277,57.7064316441087,78.69058860560277,136.39702024971146,-0.1822116565964862,-34.455396027593736,-68.05917831605359,-37.220292194974675,171.03462793390167,-2.315897699524483,-2.4032310664024337,1.2298558556615102,-0.3449814180322826,28602.924,5.143583515171479,1.6000000000000014,-1.0,1.2999999999999972,4.1554959785522705,-0.1338688085676054,1.0,1.0,1.0,1.0,5.242626152912608,7.5,1.0,1.0,0.0,1.0,1.060909789943557,1.060909789943557,0.0,0.0,5.561953410639112,-23.52043757593061,-0.2499420243803554,-0.2499420243803554,-1.310352593728372,-50598.649738251406,0.0,0.0,0.0,0.0,-1.8282446752701744,-1.4938193211314954,-1.4230324857064658,69.0,Metro,-0.8942838083355609,-1.2827157657801846,-1.2176066691193643,-0.5287486773709049,-2.5904207162035555,-2.1590977166118517,-2.1670331765047623,-0.5456376272538592,4.66265123823894,15.195554704008218,10.445862398037711,0.5799749146736684,190330.08363669468,27521.64122702068,7.5,7.5,-1.296442774273554,-0.968357335484804,-1.1302976880236255,2.5262986299350643,-0.1338688085676054,3.0344827586206824,0.20316960958642513,4.289364787119876,276.31409844493,298.52243935479015,791.4941563538491,-105.27947051102831,76008.0,77810.0,77848.0,240.0,earthquake_m7_5,municipio,-1.55776535669942
2021.0,San Germán,32031.0,0.0,27243.0,144.0,15712.0,217.0,16492.0,18545.299305114535,1707.0,270.96791666666667,23079.0,71.0,7842.0,661.3017466,21.9,5064.0,293.0,129.0,336.0,4.6,1.2,49.95,7.34,10625.0,29.89,17.63,25.83,11.45,8.5,99.02,0.0,4.67,0.05,4.32,17.12,559.0,1.75,18.0816,-67.04,3.0,4.0,9.0,18.0,68.0,16492.0,18545.299305114535,270.96791666666667,72.0,125.0,72125.0,7.3,2.4,26.7,2.8,28.8,2.9,336.0,201.0,59.8,35.0,75.0,23.0,110.0,7.0,35.0,1.0,2.0,0.4222806472254481,1.069801627588422,1.0,0.0,0.0,72.8832678692806,2.0,35.0,4.46,5320.0,5487.0,40.0,68499.77306797661,71011.44931717182,0.1209646598526214,55.0,1.0,2.0,0.8475142607956232,2.029927486351018,0.0,2.0,60.0,6.4,11902.0,12065.0,476194.7837544848,478189.0798532879,3.9596248093213497,-1.0958134307389678,-0.8103137307310715,-0.7612991480766773,-10625.0,-0.2488910912564031,-1.7239033591935564,-0.0164727452732629,1.74540349783618,-0.0164727452732629,1.74540349783618,-1.7239033591935564,0.0,9.365926758452748,12.487902344603668,28.097780275358247,21.853829103056412,28.097780275358247,49.95160937841466,2.380264467049791,-4.358160784652789,-9.150568688845487,-27.97278484801009,51.92950569601766,-2.0068697919979672,-2.092545307342597,-4.867981171753111,-0.6616686591176202,7273.881,-0.5811056999777464,-1.400000000000002,-0.2000000000000001,-1.599999999999998,1.5105740181268867,1.5337423312883347,1.0,1.0,1.0,1.0,4.515640003941876,7.5,1.0,1.0,0.0,1.0,1.74540349783618,1.74540349783618,0.0,0.0,7.881613857849131,-12.929275193951673,-0.0164727452732629,-0.0164727452732629,-0.0743849875306905,-9336.172382191313,0.0,0.0,0.0,0.0,-1.0958134307389678,-0.8103137307310715,-0.7612991480766773,63.0,West,0.754838733925367,0.2516824624544167,0.30676515001742216,-1.5161378820020444,-1.4804167413488227,-1.2833289884618984,-1.2065396144593186,-0.2434866178447337,3.739132688754056,8.185114204118438,6.231150068996165,0.7765073151878195,504459.08207394625,31903.47694685108,7.5,7.5,-0.7881310901789784,3.6711062845792286,1.4290301063555961,-4.079850081574133,1.5337423312883347,0.9287925696594534,0.11377425991188798,-0.023168313161447962,89.05285923287323,84.07548109858628,125.51566268428901,-37.123353536855575,30811.0,31442.0,31455.666666666668,1220.0,earthquake_m7_5,municipio,-0.9826501791421447
2021.0,Orocovis,21510.0,0.0,17835.0,72.0,8971.0,144.0,15637.0,17583.849456347078,1796.0,270.96791666666667,15163.0,70.2,4706.0,428.9242357,17.8,2705.0,34.0,43.0,196.0,4.5,1.7,55.84,24.26,8911.0,31.0,20.01,18.86,22.1,14.75,99.45,0.0,0.28,0.0,6.88,16.3,169.0,0.79,18.2269,-66.4411,2.0,1.0,15.0,19.0,67.0,15637.0,17583.849456347078,270.96791666666667,72.0,107.0,72107.0,24.3,4.1,27.4,2.8,36.2,3.1,196.0,122.0,62.2,27.0,51.0,10.0,26.0,28.0,35.0,0.0,2.0,0.0,0.8891110892139831,0.0,0.0,0.0,109.21244847836456,2.0,35.0,4.46,835.0,5535.0,42.0,7536.369967520485,30512.60911263736,4.387353296607884,50.0,1.0,2.0,0.4896372052765048,1.124654581277323,0.0,2.0,60.0,6.4,2955.0,12076.0,129180.46714698046,264441.57756236475,4.376940993788825,-0.6136680613668011,-0.3702810773407394,-0.3124583162969485,-8911.0,0.0575343781956919,0.6836977272160674,0.5442106942680207,5.091653827771492,0.5442106942680207,5.091653827771492,0.6836977272160674,1.0,9.298000929800091,4.6490004649000465,69.73500697350069,13.94700139470014,69.73500697350069,83.68200836820083,4.242032450600762,-41.87213588364216,-14.124980536407726,-21.840574233696927,121.31211180124222,-1.7824802211419355,-1.9853319007801185,-5.485404459927579,3.080165234170784,4886.789999999999,3.52403589495891,-0.4000000000000021,-1.1999999999999993,-1.0999999999999943,2.617801047120416,9.770114942528728,1.0,1.0,1.0,1.0,4.8281270644629215,7.5,1.0,1.0,0.0,1.0,5.091653827771492,5.091653827771492,1.0,1.0,24.583151648739772,5.127732954120505,0.5442106942680207,0.5442106942680207,2.6275183817655874,166971.22888462816,0.0,0.0,0.0,0.0,-0.6136680613668011,-0.3702810773407394,-0.3124583162969485,54.0,Central Mountains,1.187637976468814,0.6251938472239704,0.6576529849912899,-1.5000962927657626,1.0069689016691448,1.4047862361444274,1.4419358396881448,-0.3232711744530774,4.167118239124357,12.711863302735315,8.925494483541126,0.6610088253385644,283494.83482465096,25179.48374682406,7.5,7.5,3.380513295708365,11.345386866731566,1.8912021938724468,-8.865917755635945,9.770114942528728,4.819277108433728,6.999882820406288,-7.152313895408312,157.27766657134688,210.2116130237773,270.0967795552328,-35.96555477010466,20608.0,20982.0,20999.0,902.0,earthquake_m7_5,municipio,-0.5815102527383562
2021.0,Naranjito,29200.0,0.0,24691.0,76.0,10391.0,288.0,19156.0,21540.974623379458,2194.0,270.96791666666667,20993.0,71.3,5075.0,808.1986142,17.9,3766.0,52.0,76.0,330.0,6.1,2.3,45.41,16.94,10818.0,29.57,18.83,21.14,28.34,10.8,100.0,0.0,0.37,0.0,5.34,16.96,76.0,0.26,18.3008,-66.2447,8.0,8.0,13.0,65.0,141.0,19156.0,21540.974623379458,270.96791666666667,72.0,105.0,72105.0,16.9,5.4,31.0,3.8,37.5,3.2,330.0,198.0,60.0,29.0,85.0,15.0,41.0,58.0,35.0,0.0,2.0,0.0,0.8370990488449861,0.0,0.0,0.0,112.33336996188623,2.0,35.0,4.8,84.0,5379.0,39.0,2302.137124985856,23918.739985009008,5.9856023875415065,45.0,1.0,1.0,0.522623581602863,0.8440872169199676,0.0,2.0,60.0,6.4,50.0,12043.0,989.704361057229,192171.533901126,5.342905588224678,-0.1609589041095871,0.0787361263996588,0.1254134252311356,-10818.0,-0.2040875296910536,-0.8362959175264509,-0.0591429398049796,3.1443096321257555,-0.0591429398049796,3.1443096321257555,-0.8362959175264509,0.0,27.3972602739726,27.3972602739726,44.52054794520548,54.7945205479452,44.52054794520548,99.31506849315068,-6.535253253418482,-38.45502837428656,-6.257021873081399,-23.740416850684397,144.3053501208557,-1.3979795105293125,-1.558286934902131,-2.5469495499788164,-2.7985774585797247,7654.21,6.046596044767227,-0.3000000000000007,-1.3000000000000007,-0.7999999999999972,7.14285714285714,2.3255813953488413,1.0,1.0,1.0,1.0,5.206003279305492,7.5,1.0,1.0,0.0,1.0,3.1443096321257555,3.1443096321257555,0.0,0.0,16.369286255998528,-6.272219381448382,-0.0591429398049796,-0.0591429398049796,-0.3078983385724915,-13410.384737355842,0.0,0.0,0.0,0.0,-0.1609589041095871,0.0787361263996588,0.1254134252311356,53.0,Central Mountains,1.8035616767995144,1.2194180748936967,1.2559872270218857,-1.6781482515683788,-0.5511383931125727,-0.1440206510450083,-0.2426689923419132,-0.2851575244138782,4.57315352955552,17.322625625130513,11.89786258875867,0.6328497497499717,209892.53437901437,24427.75170562757,7.5,7.5,-1.7866079690539771,-4.062174856706379,-0.4687544050951655,-0.7603415809248393,2.3255813953488413,3.436426116838498,2.385245245061289,4.817275747508298,174.30278884462152,203.10256679623208,444.1126764841135,-29.99743872376581,27719.0,28112.0,28129.333333333332,1481.0,earthquake_m7_5,municipio,-0.19329498337901518
2021.0,Naguabo,23722.0,0.0,19509.0,173.0,11270.0,247.0,18412.0,20704.344579539706,1735.0,270.96791666666667,16546.0,76.8,6317.0,788.6000254,22.1,3652.0,65.0,72.0,159.0,8.0,2.1,50.4,15.04,9609.0,24.25,20.68,19.37,7.42,14.78,99.34,0.0,5.93,0.0,6.46,10.8,48.0,0.2,18.2119,-65.735,3.0,11.0,12.0,25.0,87.0,18412.0,20704.344579539706,270.96791666666667,72.0,103.0,72103.0,15.0,5.6,32.0,3.6,37.6,3.3,159.0,101.0,63.5,26.0,39.0,7.0,20.0,23.0,35.0,0.0,2.0,0.0,0.6500941615427556,0.0,0.0,0.0,108.515821749422,2.0,35.0,4.8,63.0,234.0,20.0,2777.896814921613,6254.394973257996,14.070346725363796,45.0,1.0,1.0,0.6471427128383721,1.1098194629352058,0.0,2.0,60.0,4.3,37.0,222.0,1028.9008536767565,3249.4154954360192,-8.518761328140068,-1.610319534609228,-1.0957086455473997,-0.947601603901127,-9609.0,-0.290380610760481,-0.3808497234356479,0.1319662327619611,2.9751776197907995,0.1319662327619611,2.9751776197907995,-0.3808497234356479,0.0,12.646488491695472,46.3704578028834,50.58595396678189,59.01694629457887,50.58595396678189,109.60290026136076,24.30945333248717,8.165684790892023,11.69694646161232,-18.94118815872183,77.12776213798156,-0.552253116011503,-0.727175816645087,-8.505044001730045,-4.064981929821087,6242.88,-7.074846599101758,0.3000000000000007,-2.1999999999999993,-0.6999999999999957,3.9215686274509887,11.678832116788328,1.0,1.0,1.0,1.0,7.134253148901733,7.5,1.0,1.0,0.0,1.0,2.9751776197907995,2.9751776197907995,0.0,0.0,21.225670302534475,-2.856372925767359,0.1319662327619611,0.1319662327619611,0.94148051163072,1952.3600747590872,0.0,0.0,0.0,0.0,-1.610319534609228,-1.0957086455473997,-0.947601603901127,52.0,East,-3.634679713393985,-3.626230755973836,-3.5332166806309764,2.687078109492858,-0.0822543450659296,0.1890335570333697,0.1720226916206945,-0.2985953783697183,6.8383328228411004,17.33817135446056,12.046778669112816,0.29592032606063245,12905.446935718188,14190.787387958964,7.5,7.5,-2.294586940666532,-1.3953148470666863,-1.3719932506072876,-6.210457061063513,11.678832116788328,7.03125,4.508298977201049,-7.75726348933734,84.37200383509108,277.92583568110865,341.4500672798006,-7.244241697109516,25931.0,26075.0,26090.666666666668,-2209.0,earthquake_m7_5,municipio,-1.0813150822423496
2021.0,Isabela,42985.0,0.0,36597.0,189.0,20069.0,335.0,17123.0,19254.86053853239,1374.0,270.96791666666667,31652.0,73.9,9249.0,893.174675,24.6,7796.0,163.0,117.0,481.0,5.9,1.4,50.52,8.78,10745.0,26.53,17.37,20.95,22.68,11.01,99.3,0.0,3.55,0.4,1.93,12.87,334.0,0.78,18.5011,-67.0247,4.0,5.0,17.0,67.0,146.0,17123.0,19254.86053853239,270.96791666666667,72.0,71.0,72071.0,8.8,2.6,32.3,2.5,35.4,2.3,481.0,304.0,63.2,78.0,120.0,48.0,82.0,24.0,35.0,0.0,2.0,0.0,0.8104388126144908,0.0,0.0,0.0,107.8520611201437,2.0,35.0,4.46,167.0,5601.0,60.0,3985.102264259785,32753.73527873627,6.814595939309505,55.0,1.0,2.0,0.5130454004194643,1.3116258507245782,0.0,2.0,60.0,6.4,82.0,12205.0,1534.7335086927972,217022.19487505648,4.627105442508039,-0.3908340118646047,-0.1245395721606201,-0.0737234474897485,-10745.0,-0.3527882209423433,-1.7529672066397128,0.0168554530584843,2.70669111207859,0.0168554530584843,2.70669111207859,-1.7529672066397128,0.0,9.305571711062,11.6319646388275,39.54867977201349,20.9375363498895,39.54867977201349,60.48621612190299,18.50349876834924,-31.038410092654026,-23.94043193197066,-128.42027101000582,73.02112744620777,-1.4937540460833951,-1.6808109382366765,-3.756129858959056,-1.7571704955218537,11820.830999999998,5.681709069588914,0.0999999999999943,-2.0,-0.8000000000000043,6.181015452538641,3.1890660592255093,1.0,1.0,1.0,1.0,3.7868911815509008,7.5,1.0,1.0,0.0,1.0,2.70669111207859,2.70669111207859,0.0,0.0,10.249944703512616,-13.147254049797846,0.0168554530584843,0.0168554530584843,0.0638297665482195,4950.5854978902935,0.0,0.0,0.0,0.0,-0.3908340118646047,-0.1245395721606201,-0.0737234474897485,36.0,West,1.4348675525043486,0.87938539241732,0.9187564169396071,-1.5085909999940972,-1.2538795141686765,-0.7361238454855031,-0.8315427239460087,-0.49908769247103635,3.1872969687530404,12.14139005844216,8.601750189141844,0.5995942127978604,271253.175219324,63392.939590765105,7.5,7.5,1.485404320420014,-3.0007859480265187,-0.4719794604799765,-5.2415341793790695,3.1890660592255093,4.275534441805218,1.489736265320533,2.9919493933131314,225.38183038818423,280.52805280528054,322.55145126780974,-152.36070294197646,41084.0,41707.0,41737.0,1901.0,earthquake_m7_5,municipio,-0.36842149164571825
2021.0,Jayuya,14877.0,0.0,12182.0,107.0,6177.0,171.0,16780.0,18869.15609627831,2300.0,270.96791666666667,10377.0,79.5,3787.0,457.770685,20.9,2167.0,35.0,54.0,106.0,5.6,1.8,56.93,18.78,7859.0,21.92,20.76,18.87,24.56,16.45,98.77,0.0,2.44,0.52,4.28,15.79,37.0,0.25,18.2186,-66.5916,1.0,1.0,6.0,24.0,48.0,16780.0,18869.15609627831,270.96791666666667,72.0,73.0,72073.0,18.8,6.4,28.6,4.1,35.2,4.3,106.0,61.0,57.5,20.0,35.0,7.0,12.0,8.0,35.0,0.0,2.0,0.0,0.9003474110092287,0.0,0.0,0.0,114.6443996270144,2.0,35.0,4.46,3677.0,5534.0,43.0,23517.890956634543,37406.292392069125,11.074220803817996,50.0,1.0,2.0,0.8752238011528256,1.137317713054756,0.0,2.0,60.0,6.4,9852.0,12086.0,297610.40059209766,333700.4948828338,4.480651731160901,-1.0149895812327725,-0.7556953314618253,-0.7017379191085582,-7859.0,-0.0068007166430071,0.1719622146130784,0.4053724383755785,4.243251528687399,0.4053724383755785,4.243251528687399,0.1719622146130784,1.0,6.7217853061773205,6.7217853061773205,40.33071183706392,13.44357061235464,40.33071183706392,53.77428244941856,-0.6023595793723064,-22.875974025707336,-20.344330486448996,-46.842148307391746,77.2526160544982,-2.063415640690558,-2.4620958003488513,0.168344332876269,0.3991332545895787,3484.0520000000006,4.949891994195932,-0.0999999999999978,4.300000000000001,1.6000000000000014,10.416666666666677,3.2258064516129004,1.0,1.0,1.0,1.0,4.269961222452065,7.5,1.0,1.0,0.0,1.0,4.243251528687399,4.243251528687399,1.0,1.0,18.11851948460564,1.2897166095980879,0.4053724383755785,0.4053724383755785,1.73092459251456,155950.86149562022,0.0,0.0,0.0,0.0,-1.0149895812327725,-0.7556953314618253,-0.7017379191085582,37.0,Central Mountains,0.9599251362559124,0.4269068286005151,0.4406463399871681,-1.6616630553644707,0.5244596970351711,0.8050120275449154,0.8166993538683397,-0.3524974824220928,3.610088111253285,10.91114233810448,7.733358896358054,0.6598731111987801,355240.86144465464,27871.21650976183,7.5,7.5,6.732668726572033,-5.703613295679566,-0.848644323628335,-6.564324393695764,3.2258064516129004,4.494382022471921,2.203025787657905,7.190860215053776,144.43909484833895,221.387360794311,333.3125730963722,-67.18647879384075,14239.0,14539.0,14561.333333333334,638.0,earthquake_m7_5,municipio,-0.9317981675140166
2021.0,Juncos,37290.0,0.0,30775.0,195.0,15791.0,290.0,22283.0,25057.294713550036,2211.0,270.96791666666667,26251.0,75.9,7087.0,871.6220511,21.4,5618.0,82.0,79.0,263.0,9.9,2.1,39.96,16.37,12112.0,24.65,19.85,17.09,23.21,17.99,99.77,0.0,5.12,0.72,3.13,9.74,211.0,0.57,18.2275,-65.9211,4.0,13.0,16.0,45.0,122.0,22283.0,25057.294713550036,270.96791666666667,72.0,77.0,72077.0,16.4,3.2,40.9,2.5,48.9,2.5,263.0,146.0,55.5,24.0,51.0,16.0,64.0,28.0,35.0,0.0,2.0,0.0,0.8383363063358982,0.0,0.0,0.0,104.85873378129554,2.0,35.0,4.8,77.0,923.0,18.0,1731.403723920222,8261.292749701695,9.443746881537056,45.0,1.0,1.0,0.6550431074284894,1.1235762819941957,0.0,2.0,60.0,6.4,33.0,3331.0,723.3395297662108,69781.00517652484,-3.0698448181747273,-0.9707696433360112,-0.5310426407098889,-0.4137953605785172,-12112.0,-0.2149199922587825,-1.3987320880898173,-0.0567043982487405,2.292540268412494,-0.0567043982487405,2.292540268412494,-1.3987320880898173,0.0,10.726736390453205,34.86189326897291,42.90694556181282,45.58862965942612,42.90694556181282,88.49557522123894,1.3995001852767572,-11.679626141548155,-17.698441438692306,-9.879647997515775,98.77570117751034,-0.7968024755028336,-0.8893886730729883,4.604216503096903,2.877324060441011,12586.975,-0.0749260920549499,1.1999999999999955,-3.400000000000002,-0.6000000000000014,2.734375,5.785123966942152,1.0,1.0,1.0,1.0,6.2162406541461435,7.5,1.0,1.0,0.0,1.0,2.292540268412494,2.292540268412494,0.0,0.0,14.250982017772856,-10.490490660673629,-0.0567043982487405,-0.0567043982487405,-0.3524881856627146,-4741.594975215964,0.0,0.0,0.0,0.0,-0.9707696433360112,-0.5310426407098889,-0.4137953605785172,39.0,East,-1.3846138163101984,-1.617921374778042,-1.5311714094758548,0.9708184557316812,-0.6229541308846461,-0.0762089817558076,-0.07480154533404293,-0.7757779572051712,5.737857254926798,17.678761046473618,12.280350427352664,0.4783833992193456,80063.42657574566,15319.40378272004,7.5,7.5,2.515594844513136,1.5121608337129944,1.3144581725482236,2.088621658583767,5.785123966942152,3.418803418803429,1.7018555766692904,-3.0507489669421517,126.35379061371842,184.01144960130853,395.61707886272944,-27.578089436208074,38471.0,38780.0,38793.0,-1181.0,earthquake_m7_5,municipio,-0.6322028259153654
2021.0,Lajas,23407.0,0.0,19984.0,162.0,12039.0,189.0,15593.0,17534.371335474832,1764.0,270.96791666666667,16972.0,67.1,4795.0,659.8825653,16.5,2799.0,120.0,98.0,178.0,5.3,1.7,59.77,21.53,8538.0,33.83,16.85,25.56,24.01,7.6,98.71,0.0,3.41,2.38,3.66,15.51,41.0,0.18,18.0497,-67.0594,0.0,3.0,15.0,16.0,44.0,15593.0,17534.371335474832,270.96791666666667,72.0,79.0,72079.0,21.5,4.8,30.4,3.8,38.8,4.1,178.0,103.0,57.9,30.0,46.0,10.0,25.0,14.0,35.0,1.0,2.0,0.4420644648129886,1.099801273553557,1.0,0.0,0.0,69.17397299691672,2.0,35.0,4.46,5318.0,5481.0,40.0,75303.20844351078,77661.10331704785,0.2687459393754776,55.0,1.0,2.0,0.9057177463746412,2.100849759004308,0.0,2.0,60.0,6.4,11892.0,12058.0,488531.55923920975,490493.4193338301,4.537537403421021,-0.8758063827060236,-0.5870179475769399,-0.532587514885452,-8538.0,0.1520457987161066,-0.6551794146228569,0.1765882829157794,2.633240726328969,0.1765882829157794,2.633240726328969,-0.6551794146228569,0.0,0.0,12.816678771307728,64.08339385653863,12.816678771307728,64.08339385653863,76.90007262784636,-0.5815615931244089,23.88867276324222,13.398240364432136,-21.114672381632424,53.59296145772855,-1.944383621633461,-2.0587604546429383,3.1650294964949977,1.6840828201781233,6075.1359999999995,9.242637300985043,1.1999999999999993,2.0,2.5999999999999943,1.7142857142857126,0.5747126436781658,1.0,1.0,1.0,1.0,4.412706261806973,7.5,1.0,1.0,0.0,1.0,2.633240726328969,2.633240726328969,0.0,0.0,11.619717841916984,-4.9138456096714265,0.1765882829157794,0.1765882829157794,0.7792322217842012,103358.0910161544,0.0,0.0,0.0,0.0,-0.8758063827060236,-0.5870179475769399,-0.532587514885452,40.0,West,1.092628629464909,0.5328826361535199,0.5856235184564277,-1.625216144350361,-0.4490358979711728,0.2699423705807996,0.08912015204774744,-0.20614351665168407,3.615438970204618,7.825852347869365,6.018362812231413,0.7972672916023544,516114.73466964095,31096.32194364034,7.5,7.5,1.917717540891517,-0.0304985768521448,-0.5134770624722044,1.2473119556034806,0.5747126436781658,5.454545454545445,2.627036650025157,1.1395730706075469,61.30939347492884,132.9616126956895,173.57548445757587,-7.71643201720029,22391.0,22835.0,22847.0,1016.0,earthquake_m7_5,municipio,-0.7801344621815267
2021.0,Lares,28092.0,0.0,23844.0,113.0,12360.0,213.0,17629.0,19823.85892856319,1237.0,270.96791666666667,20656.0,67.1,4863.0,646.1362086,21.0,4338.0,59.0,49.0,206.0,6.6,2.0,56.09,11.83,9079.0,33.68,17.83,22.02,19.15,9.44,99.63,0.0,2.46,0.34,3.18,14.14,258.0,0.92,18.2947,-66.8771,0.0,1.0,17.0,38.0,95.0,17629.0,19823.85892856319,270.96791666666667,72.0,81.0,72081.0,11.8,2.9,32.7,2.4,37.0,2.4,206.0,124.0,60.2,28.0,67.0,14.0,35.0,9.0,35.0,0.0,2.0,0.0,0.8985482082484237,0.0,0.0,0.0,101.0809069123098,2.0,35.0,4.46,5209.0,5559.0,49.0,38075.249359598194,42714.49561734966,8.792980043850918,55.0,1.0,2.0,0.5584929649342085,1.443600833211986,0.0,2.0,60.0,6.4,11081.0,12120.0,311873.1224445732,332366.1496271846,12.615754660252554,-0.3630926954293012,-0.2637680587457169,-0.282013420402849,-9079.0,-0.174358722690956,-0.7201338135835667,0.2731340284595092,3.7934756634171314,0.2731340284595092,3.7934756634171314,-0.7201338135835667,1.0,0.0,3.559732308130429,60.51544923821729,3.559732308130429,60.51544923821729,64.07518154634772,-4.45790649724139,-23.669758218186793,0.234326227538693,-63.697731522425315,92.2028462617759,-2.9226338729763435,-2.8543344297002005,-5.8461902796569376e-05,4.094553227276643,7796.988,16.473522287527366,0.8000000000000043,-2.1999999999999993,-0.1000000000000014,4.5685279187817285,0.0,1.0,1.0,1.0,1.0,4.6043573542223095,7.5,1.0,1.0,0.0,1.0,3.7934756634171314,3.7934756634171314,1.0,1.0,17.46651756891802,-5.4010036018767495,0.2731340284595092,0.2731340284595092,1.2576066726259068,111160.99831754775,0.0,0.0,0.0,0.0,-0.3630926954293012,-0.2637680587457169,-0.282013420402849,41.0,Central Mountains,3.8568201638490502,2.8914114740491437,2.924952275965076,-4.138833584251899,-0.2739256816426394,-0.0262720048452499,0.08938201419094015,-0.44620813194092723,3.9473106223971177,10.31357789427999,7.437419366065066,0.6570467318251918,373528.9410545323,48914.63926077981,7.5,7.5,0.6085403814632295,11.675177762269495,7.666629320286091,-0.6085988433660261,0.0,10.67415730337078,2.8254517018561933,4.5685279187817285,155.66625155666253,189.0287701788212,273.506493037531,-63.46340529488663,24945.0,25696.0,25697.333333333332,3147.0,earthquake_m7_5,municipio,-0.5968391826429238
2021.0,Las Marías,8896.0,0.0,7432.0,44.0,3954.0,121.0,15353.0,17264.49067617169,3090.0,270.96791666666667,6187.0,63.4,2106.0,310.1902642,18.1,1118.0,36.0,39.0,57.0,3.0,1.8,49.41,6.84,8026.0,39.08,19.5,23.38,11.41,7.31,99.67,0.0,2.15,0.1,9.5,14.43,105.0,1.18,18.2514,-66.9922,2.0,1.0,3.0,7.0,18.0,15353.0,17264.49067617169,270.96791666666667,72.0,83.0,72083.0,6.8,6.4,31.2,4.9,33.4,4.8,57.0,37.0,64.9,5.0,18.0,,11.0,6.0,35.0,1.0,2.0,0.3541221583380607,0.9446175259391192,0.0,0.0,0.0,88.83595018244367,2.0,35.0,4.46,5288.0,5537.0,47.0,42925.547026250555,46520.62242872569,2.657540034724596,55.0,1.0,2.0,0.6600096878190047,1.779498286526476,0.0,2.0,60.0,6.4,11473.0,12099.0,329632.9106063058,343225.71043187444,9.408436846636326,-0.7868705035971257,-0.5975587636751878,-0.5728193190779884,-8026.0,-0.162770051003971,-0.2489494542114682,0.2146345469376643,3.985550226285613,0.2146345469376643,3.985550226285613,-0.2489494542114682,1.0,22.48201438848921,11.241007194244604,33.723021582733814,33.723021582733814,33.723021582733814,67.44604316546763,21.42441132569286,-52.36725021655287,-23.54368364976908,-45.331472525683466,98.38888205632765,-2.855436081242535,-2.6631003605070314,-0.6655840086099984,1.9451217579859017,2318.784,5.931917669664477,-1.5000000000000036,0.7000000000000002,-1.3999999999999986,11.764705882352944,6.25,1.0,1.0,1.0,1.0,4.182806052583678,7.5,1.0,1.0,0.0,1.0,3.985550226285613,3.985550226285613,1.0,1.0,16.670783609383708,-1.8671209065860115,0.2146345469376643,0.2146345469376643,0.8977746820244178,90592.67763838657,0.0,0.0,0.0,0.0,-0.7868705035971257,-0.5975587636751878,-0.5728193190779884,42.0,West,2.6317272590567375,1.78399395365898,1.8513372202395129,-3.204546578134726,-0.0502902860421432,0.8853755487247109,0.7672598137193417,-0.198659168169325,3.4908264103991433,9.113802503109472,6.753247058833335,0.6919796421845348,385361.08452247747,49420.88109900817,7.5,7.5,3.1644358436328845,3.3365134389348183,-0.8157017331230682,-3.830019852242883,6.25,2.127659574468077,1.4320089738022828,5.514705882352944,167.26403823178018,104.66333294569137,207.0875025102878,-68.87515617545253,8131.0,8370.0,8366.666666666666,765.0,earthquake_m7_5,municipio,-0.8415168353781961
2021.0,Las Piedras,35495.0,0.0,29830.0,148.0,15045.0,281.0,24466.0,27512.08421046157,3112.0,270.96791666666667,25646.0,80.3,6060.0,702.0113959,25.1,6435.0,16.0,25.0,290.0,6.7,1.8,37.19,12.48,12824.0,20.33,18.64,19.5,11.93,12.65,99.97,0.0,3.11,0.15,4.41,9.5,57.0,0.16,18.1827,-65.8661,7.0,13.0,43.0,53.0,168.0,24466.0,27512.08421046157,270.96791666666667,72.0,85.0,72085.0,12.5,2.8,36.3,2.6,41.5,2.6,290.0,169.0,58.3,42.0,56.0,19.0,51.0,23.0,35.0,0.0,2.0,0.0,0.8531816484468417,0.0,0.0,0.0,101.2293603561567,2.0,35.0,4.8,74.0,561.0,13.0,1796.8089641685683,6939.199667292052,4.103381587400422,45.0,1.0,1.0,0.7054014337675616,1.1750728974372953,0.0,2.0,60.0,5.6,38.0,1996.0,942.548062551133,34254.52920104233,-4.667902129831059,-1.1156500915621923,-0.6515095611806521,-0.5135024094175655,-12824.0,-0.6202022649212943,-2.0742751390897873,-0.1446209666847882,2.159973334135739,-0.1446209666847882,2.159973334135739,-2.0742751390897873,0.0,19.721087477109453,36.62487674320327,121.14382307367237,56.34596422031272,121.14382307367237,177.48978729398507,8.001753439553717,59.37066485381363,5.676406305973018,-42.22961518743214,110.11736900061771,-0.7093522493933135,-0.7122431688201702,2.2950750946811205,1.365508134699108,10828.29,-1.767333251384251,0.7999999999999972,-0.5,0.7000000000000028,1.7543859649122862,4.395604395604402,1.0,1.0,1.0,1.0,6.662494111021971,7.5,1.0,1.0,0.0,1.0,2.159973334135739,2.159973334135739,0.0,0.0,14.390809618643852,-15.557063543173404,-0.1446209666847882,-0.1446209666847882,-0.9635363388677064,-6738.586798499152,0.0,0.0,0.0,0.0,-1.1156500915621923,-0.6515095611806521,-0.5135024094175655,43.0,East,-2.0087648695832017,-2.1805945248726144,-2.0790378674849634,1.4952624601656361,-1.4804272415724622,-0.8652077050720061,-0.9711310390157127,-0.5938478975173251,6.174358169256478,17.902049965637758,12.448072845131385,0.4881359417654929,43878.689638679,14500.837596051268,7.5,7.5,4.145803715590057,-2.344354406173854,1.7114560844616857,-1.8507286209089369,4.395604395604402,2.6315789473684292,1.7273882975961108,-2.641218430692116,146.67057788207686,283.3086210548613,339.38945352377317,-36.55320888145914,37233.0,37499.0,37500.0,-1738.0,earthquake_m7_5,municipio,-0.7128050928809053
2021.0,Loíza,24216.0,0.0,20175.0,105.0,11515.0,200.0,19541.0,21973.90818101159,2311.0,270.96791666666667,17262.0,76.0,6629.0,501.3431958,17.0,2936.0,0.0,28.0,86.0,9.2,1.2,47.17,25.33,10440.0,24.95,19.47,19.97,19.62,16.92,99.92,0.0,11.1,0.2,6.11,20.96,87.0,0.36,18.433,-65.8797,,,,,,19541.0,21973.90818101159,270.96791666666667,72.0,87.0,72087.0,25.3,3.5,36.4,2.3,48.7,2.3,86.0,48.0,55.8,16.0,23.0,5.0,18.0,,35.0,0.0,2.0,0.0,0.7369780810013017,0.0,0.0,0.0,128.12295467339197,2.0,35.0,4.8,43.0,341.0,32.0,1267.4349519129946,7631.674963298579,8.744471096206858,45.0,1.0,1.0,0.4916199210165519,0.935867547729175,0.0,2.0,60.0,4.4,20.0,350.0,661.3174747928182,4975.596585460148,-3.767286599904629,-2.626362735381571,-2.170904738166335,-2.0342746799933864,-10440.0,0.1928418293313694,-0.2663648831344148,0.3888430321213487,3.428308402677296,0.3888430321213487,3.428308402677296,-0.2663648831344148,1.0,,,,0.0,0.0,0.0,0.0,0.0,0.0,0.0,0.0,-2.3818760183101917,-2.5885198201262116,7.513243416825421,1.443135827633616,7343.7,-1.5497696701380348,0.5,-0.3000000000000007,0.5,1.17647058823529,3.658536585365857,1.0,1.0,1.0,1.0,6.426407682597516,7.5,1.0,1.0,0.0,1.0,3.428308402677296,3.428308402677296,1.0,1.0,22.03170745727899,-1.997736623508111,0.3888430321213487,0.3888430321213487,2.498863848949148,7452.740679012141,0.0,0.0,0.0,0.0,-2.626362735381571,-2.170904738166335,-2.0342746799933864,44.0,East,-2.7059529838630914,-2.9270576045593355,-2.8491648234185227,0.671678303869705,0.3285915600389079,0.4774647903796969,0.5928250279430926,-0.5949564431733227,5.858807488062863,15.990436734514564,11.028706301074985,0.5676001945346529,17974.546416441823,19898.832804338115,7.5,7.5,-3.942726331992219,0.7588903980676465,-1.6119052644963752,11.45596974881764,3.658536585365857,0.0,2.4853349799320785,-2.482065997130567,0.0,0.0,0.0,0.0,25164.0,25778.0,25801.666666666668,-948.0,earthquake_m7_5,municipio,-2.084351553994374
2021.0,Luquillo,17917.0,0.0,15202.0,67.0,10411.0,199.0,22216.0,24981.953029494573,1746.0,270.96791666666667,12968.0,78.1,4300.0,409.9390199,21.9,2844.0,159.0,127.0,158.0,8.4,2.2,43.95,24.6,12277.0,23.13,17.97,23.01,25.02,11.33,99.31,0.0,11.74,0.0,5.75,12.6,34.0,0.19,18.3725,-65.7166,6.0,11.0,52.0,72.0,192.0,22216.0,24981.953029494573,270.96791666666667,72.0,89.0,72089.0,24.6,3.6,36.3,2.8,48.1,2.6,158.0,93.0,58.9,40.0,23.0,9.0,24.0,12.0,35.0,0.0,2.0,0.0,0.5807850294835941,1.0,0.0,0.0,125.97240803565649,2.0,35.0,4.8,32.0,260.0,34.0,926.4890854632688,7565.224287752139,19.08238474157356,45.0,1.0,1.0,0.5157485336749363,0.9605840769951548,0.0,2.0,60.0,4.54,18.0,126.0,635.3226308531823,2821.1366272059204,-0.039053782637799,-1.1218395936819725,-0.8013353779924626,-0.7214582465597141,-12277.0,-0.1671343514787741,-2.1586338345479925,0.1123087577699084,1.5865427832818388,0.1123087577699084,1.5865427832818388,-2.1586338345479925,0.0,33.48774906513367,61.394206619411726,290.2271585644918,94.8819556845454,290.2271585644918,385.1091142490372,-27.85850403426737,139.5911398186761,7.507799490542354,-156.6510751962388,273.37647846462846,-1.6461808604038677,-1.741521539871682,-2.669328439120422,-0.3588693060980049,5518.326,-2.882484540959418,-1.3000000000000045,-0.8999999999999986,-2.3999999999999986,1.935483870967736,1.9736842105263053,1.0,1.0,1.0,1.0,7.286835102633195,7.5,1.0,1.0,0.0,1.0,1.5865427832818388,1.5865427832818388,0.0,0.0,11.560875645047473,-16.189753759109944,0.1123087577699084,0.1123087577699084,0.8183753984508972,1818.025711755979,0.0,0.0,0.0,0.0,-1.1218395936819725,-0.8013353779924626,-0.7214582465597141,45.0,East,-0.547889600903495,-0.9379475928976476,-0.877054473846417,-0.1735686456562191,-1.898072217129164,-1.7470014321293788,-1.6516856015590264,-0.26056161741882855,6.706050073149601,16.24778022551244,11.152048176006678,0.5807850294835939,13755.866411433177,17369.83094841899,7.5,7.5,-1.4408342424364062,3.0335547632628135,2.175599630940876,-1.2284941966840157,1.9736842105263053,3.401360544217691,2.724082517315596,-0.038200339558569274,422.51975417032486,409.7697740874534,757.5902479868688,-149.1432757056964,17924.0,18224.0,18231.666666666668,-7.0,earthquake_m7_5,municipio,-0.9254321211240955
2021.0,Manatí,39693.0,0.0,33202.0,196.0,18515.0,233.0,19427.0,21845.714867842595,1521.0,270.96791666666667,28686.0,75.4,8656.0,687.6401675,23.6,6760.0,170.0,103.0,638.0,9.4,1.9,46.67,19.17,11824.0,25.16,18.56,23.0,20.42,12.84,98.49,0.0,8.2,0.28,6.98,18.54,241.0,0.61,18.4274,-66.4922,10.0,9.0,39.0,123.0,269.0,19427.0,21845.714867842595,270.96791666666667,72.0,91.0,72091.0,19.2,3.0,33.1,1.9,40.9,1.8,638.0,334.0,52.4,48.0,135.0,49.0,195.0,25.0,35.0,0.0,2.0,0.0,0.6523790397542235,0.0,0.0,0.0,132.05405029512005,2.0,35.0,4.46,110.0,5573.0,49.0,2406.481786533336,28143.621993196568,6.79155147154538,45.0,0.0,1.0,0.0,0.7683687164957604,0.0,2.0,60.0,6.4,82.0,12118.0,1413.9388878956704,215916.91353479133,4.285113761757131,-0.964905650870429,-0.6838183997961322,-0.6338430576175891,-11824.0,-0.071205968021412,-1.284113723993952,0.2881092923769248,2.776458378923229,0.2881092923769248,2.776458378923229,-1.284113723993952,0.0,25.193359030559545,22.674023127503588,98.25410021918222,47.86738215806314,98.25410021918222,146.12148237724534,-2.0511717802480405,16.80803853035873,-29.904290844879668,-37.00074024752422,131.36461562713467,-1.9929961891028911,-2.1566058651617426,-1.7282488073864788,-2.510886765800535,10989.862,3.7362705823274167,-0.3999999999999986,1.0,0.0,0.789889415481837,-0.4716981132075526,1.0,1.0,1.0,1.0,4.206786784705204,7.5,1.0,1.0,0.0,1.0,2.776458378923229,2.776458378923229,0.0,0.0,11.679968416738276,-9.63085292995464,0.2881092923769248,0.2881092923769248,1.212014363722015,74673.78183194097,0.0,0.0,0.0,0.0,-0.964905650870429,-0.6838183997961322,-0.6338430576175891,46.0,North,0.9456128518491536,0.4051949681871392,0.4505492042584954,-1.5794559094667426,-1.0418947924919026,-0.5548688265443248,-0.6407557099431492,-0.24221893150204932,3.7590599773572935,12.650282994200582,8.757862312434412,0.4477268073479106,240170.56233823704,33002.99356588874,7.5,7.5,0.8069979667789218,-6.611409456794048,-0.46027413766893305,-2.5352467741654006,-0.4716981132075526,3.2467532467532534,0.3925370146962777,1.2615875286893896,198.26964671953857,211.62954751587225,569.0123793256553,-66.9050310924039,38062.0,38836.0,38863.333333333336,1631.0,earthquake_m7_5,municipio,-0.8698332967169078
2021.0,Maricao,5389.0,246.0,4549.0,216.0,2643.0,125.0,19223.0,21616.31630743492,2653.0,270.96791666666667,3988.0,58.8,1257.0,209.0287062,10.9,436.0,0.0,21.0,24.0,3.4,2.1,52.42,2.57,8789.0,45.31,18.19,24.96,7.57,10.54,99.24,0.0,3.48,0.0,15.1,13.08,13.0,0.24,18.1808,-66.9799,2.0,0.0,2.0,10.0,21.0,19223.0,21616.31630743492,270.96791666666667,72.0,93.0,72093.0,2.6,2.2,32.5,4.9,33.4,4.9,24.0,15.0,62.5,4.0,6.0,,6.0,,35.0,1.0,2.0,0.3698790674316047,0.9860824779991216,0.0,0.0,0.0,84.62552245261065,2.0,35.0,4.46,5325.0,5521.0,44.0,51958.381868613506,55104.37278131573,1.2412046010087907,55.0,1.0,2.0,0.6999207772105309,1.843016990962787,0.0,2.0,60.0,6.4,11895.0,12089.0,409767.88889656746,412372.0133563848,-8.661016949152545,-0.6494711449248514,-1.9961714139842155,-2.544559897784693,-8789.0,-0.1180303839064452,0.2657669869452818,0.6332799586487733,5.147687016043563,0.6332799586487733,5.147687016043563,0.2657669869452818,1.0,37.1126368528484,0.0,37.1126368528484,37.1126368528484,37.1126368528484,74.2252737056968,37.1126368528484,-132.3788885708804,-32.92181069958848,4.882471925786433,169.4915254237288,-2.8806584362139898,-2.047726539825867,19.345804497533024,11.211262162545797,1478.425,5.097318585077337,4.5,-4.5,3.299999999999997,19.999999999999996,-4.761904761904767,1.0,1.0,1.0,1.0,4.627592350200913,7.5,1.0,1.0,0.0,1.0,5.147687016043563,5.147687016043563,1.0,1.0,23.821397056671756,1.9932524020896134,0.6332799586487733,0.6332799586487733,2.9305614921786134,308874.06685147935,0.0,0.0,0.0,0.0,-0.6494711449248514,-1.9961714139842155,-2.544559897784693,47.0,West,-4.270141125814597,-4.123826010673892,-4.323235237401398,1.7255812280299039,1.4672838273053497,2.355123146972448,2.1774437565362716,-1.201516840360068,3.908988822493632,9.10457841945628,6.773217593389063,0.7186035277072804,442212.42201815505,36258.23917060651,7.5,7.5,22.149314144939343,-7.861332154834988,3.485587516809266,-2.803509647406319,-4.761904761904767,-4.545454545454541,-4.551728464771943,24.761904761904763,197.53086419753083,177.36214124475975,184.29551098346042,-28.03933877380203,5900.0,6075.0,6059.0,-511.0,earthquake_m7_5,municipio,-2.523129293672442
2021.0,Maunabo,10700.0,0.0,9135.0,44.0,5044.0,190.0,21678.0,24376.97055155669,3147.0,270.96791666666667,7952.0,73.6,2448.0,337.8313189,15.3,1219.0,8.0,15.0,49.0,8.2,2.6,46.1,27.18,10077.0,28.47,17.76,25.19,12.28,13.62,99.61,0.0,2.64,0.0,11.67,16.73,5.0,0.05,18.0072,-65.8994,2.0,0.0,11.0,24.0,60.0,21678.0,24376.97055155669,270.96791666666667,72.0,95.0,72095.0,27.2,7.9,25.6,4.0,35.1,4.4,49.0,37.0,75.5,8.0,18.0,3.0,8.0,,35.0,1.0,2.0,0.3826852351830665,0.9714199330004292,0.0,0.0,0.0,81.45897667898508,2.0,35.0,4.8,77.0,1243.0,12.0,2016.9727634103515,8258.60315533162,3.418032887284185,45.0,1.0,1.0,1.0190415731922438,1.504107098928202,0.0,2.0,60.0,6.4,37.0,4883.0,892.3240806012958,89428.20007013464,1.249053747161244,-1.2803738317757052,-1.0239337908250157,-0.9466274637261352,-10077.0,-0.0141445703162101,-0.2002215069931969,0.2463985177779261,3.463567998870088,0.2463985177779261,3.463567998870088,-0.2002215069931969,1.0,18.69158878504673,0.0,102.803738317757,18.69158878504673,102.803738317757,121.49532710280374,9.229060397461566,74.41615315500152,-27.6569964824965,-36.57158335988743,37.85011355034065,-1.9302152932442416,-2.2407693005533913,0.7198158497842444,0.5340128997879352,2338.56,2.375882550711639,0.0,1.599999999999998,0.7000000000000028,-2.0000000000000018,-1.9607843137254943,1.0,1.0,1.0,1.0,7.076716328628718,7.5,1.0,1.0,0.0,1.0,3.463567998870088,3.463567998870088,1.0,1.0,24.510688212919845,-1.5016613024489769,0.2463985177779261,0.2463985177779261,1.7436924141089636,25582.51060357035,0.0,0.0,0.0,0.0,-1.2803738317757052,-1.0239337908250157,-0.9466274637261352,48.0,East,-0.2719983071258203,-0.6632609919262511,-0.640567873172256,-0.6746291566003149,-0.3030304214864971,0.342832156147428,0.19681967465983682,0.10280891449330021,6.5039232449550815,25.679025881018784,17.753595236764188,0.5727930836736368,99242.73090898784,13753.647038980513,7.5,7.5,-2.578337241034101,3.4605600906136624,3.471026414544935,3.2981530908183454,-1.9607843137254943,4.081632653061229,0.7069494464452449,-0.039215686274507444,102.07869339272456,108.86328585684478,191.29006342634875,-64.22857984238391,10568.0,10776.0,10789.0,132.0,earthquake_m7_5,municipio,-1.1346157401889907
2021.0,Mayagüez,74146.0,0.0,63813.0,211.0,40717.0,452.0,15501.0,17430.91708274196,776.0,270.96791666666667,50368.0,72.3,13317.0,833.1584483,28.2,14186.0,1167.0,289.0,1562.0,4.4,0.8,53.56,25.02,12156.0,28.09,16.52,24.77,23.54,11.96,99.41,0.0,18.76,0.04,2.8,21.36,1110.0,1.5,18.2011,-67.1397,23.0,9.0,27.0,88.0,218.0,15501.0,17430.91708274196,270.96791666666667,72.0,97.0,72097.0,25.0,2.2,29.7,1.3,39.6,1.5,1562.0,827.0,52.9,155.0,286.0,137.0,388.0,52.0,40.0,1.0,2.0,0.4166819950794158,1.2047878957192577,1.0,0.0,0.0,73.99690990566876,2.0,35.0,4.46,5181.0,5503.0,42.0,43180.12631157701,46964.2842157984,1.7524777369591242,55.0,1.0,2.0,0.8436574696071081,1.9986824753674504,0.0,2.0,60.0,6.4,10387.0,12082.0,258278.0569292796,314235.0199060438,1.1045052907167063,-1.921883850780892,-1.5782844891213288,-1.5144720752224727,-12156.0,0.2782031422612117,-1.9221289066944691,0.216685219309758,1.1464852067386044,0.216685219309758,1.1464852067386044,-1.9221289066944691,0.0,31.019879696814396,12.138213794405631,36.414641383216896,43.15809349122003,36.414641383216896,79.57273487443692,11.795597581980363,-27.673937213925026,6.107285360536984,-7.689388225486752,95.4510745063816,-2.5202041684389664,-2.6186007378163234,0.3191584263623204,0.5832860025574853,18952.461,4.876976190096727,0.8999999999999986,-0.8999999999999986,0.7000000000000028,1.692708333333326,-0.2597402597402598,1.0,1.0,1.0,1.0,4.374261810444886,7.5,1.0,1.0,0.0,1.0,1.1464852067386044,1.1464852067386044,0.0,0.0,5.015026456076687,-14.415966800208519,0.216685219309758,0.216685219309758,0.9478378797145496,84802.3893661955,0.0,0.0,0.0,0.0,-1.921883850780892,-1.5782844891213288,-1.5144720752224727,49.0,West,-0.6920256849053619,-1.12517110327105,-1.059016657256958,-0.8224463903171109,-1.74125540413898,-1.4648237900170809,-1.4838144416366088,-0.18087350255548906,3.6019661299899015,8.407456168329237,6.415362342430065,0.7722956804549845,354478.9566825932,46798.63384582838,7.5,7.5,2.4047661128161035,-0.9740665315059682,-1.4768112195765533,-2.085607686453783,-0.2597402597402598,2.735156771180791,-0.12539043483414578,1.9524485930735858,97.03317737133136,143.6800207106336,335.6334914496667,-1.5821028649497606,73336.0,75232.0,75274.33333333333,810.0,earthquake_m7_5,municipio,-1.644167130582354
2021.0,Moca,37532.0,0.0,31413.0,158.0,16183.0,242.0,17685.0,19886.831082400593,1967.0,270.96791666666667,26709.0,70.2,8171.0,734.4004357,22.7,6054.0,245.0,146.0,414.0,5.5,1.3,49.93,24.64,12184.0,30.45,18.93,18.97,20.33,15.48,99.72,0.0,2.5,0.41,3.76,10.57,175.0,0.47,18.3947,-67.1131,1.0,5.0,13.0,37.0,80.0,17685.0,19886.831082400593,270.96791666666667,72.0,99.0,72099.0,24.6,4.0,33.3,2.6,44.3,2.4,414.0,268.0,64.7,48.0,102.0,24.0,74.0,37.0,35.0,1.0,2.0,0.3403754749479645,0.8785606311032195,0.0,0.0,0.0,92.8276200138999,2.0,35.0,4.46,1400.0,5552.0,56.0,10023.276361570555,35245.92049930602,4.358279205259729,55.0,1.0,2.0,0.6180612389530533,1.7020520647603758,0.0,2.0,60.0,6.4,599.0,12153.0,7097.495933689751,239920.57215170565,5.584156187582634,-0.4502824256634286,-0.1733357747861874,-0.0960103001220624,-12184.0,-0.1411924338116214,-0.5876700632607731,0.1049228098514878,3.415306226857758,0.1049228098514878,3.415306226857758,-0.5876700632607731,0.0,2.6643930512629224,13.321965256314613,34.63710966641799,15.986358307577532,34.63710966641799,50.62346797399552,-6.519057057994807,-7.560544144030146,11.443774371130814,-18.641371658980248,64.70306917602048,-1.697961892646771,-1.9282924712519025,5.373211344938533,5.005517666903625,10460.529,4.873977129405538,-0.5,1.7000000000000028,0.2999999999999971,8.37696335078535,1.5957446808510634,1.0,1.0,1.0,1.0,3.967744942475874,7.5,1.0,1.0,0.0,1.0,3.415306226857758,3.415306226857758,0.0,0.0,13.55106400862123,-4.407525474455798,0.1049228098514878,0.1049228098514878,0.4163069481385985,32945.40339777708,0.0,0.0,0.0,0.0,-0.4502824256634286,-0.1733357747861874,-0.0960103001220624,50.0,West,1.7100709419216598,1.0959527042338602,1.133052442039717,-1.8060812420437222,-0.3089527837572384,0.0752130598342385,0.2076099704908516,-0.2787172795035347,3.3165002056208372,9.794859848929695,7.173029218955982,0.6512447368550367,288496.91396501596,56317.99640979645,7.5,7.5,5.3042651799450224,4.339076475827319,4.220882631888534,0.0689461649935108,1.5957446808510634,10.26392961876832,3.0035571502055123,6.781218669934286,71.90066646386991,111.19548709047515,171.62411686762132,-7.197597287849433,35547.0,36161.0,36193.333333333336,1985.0,earthquake_m7_5,municipio,-0.393120728270437
2021.0,Morovis,29069.0,0.0,24094.0,173.0,11935.0,249.0,21598.0,24287.010331788973,1557.0,270.96791666666667,20508.0,73.9,6276.0,657.359871,17.5,3592.0,112.0,77.0,178.0,5.7,1.6,46.82,15.99,10788.0,26.95,19.59,17.59,23.42,18.26,99.7,0.0,3.24,0.0,3.13,13.27,74.0,0.25,18.3258,-66.4053,2.0,1.0,21.0,20.0,86.0,21598.0,24287.010331788973,270.96791666666667,72.0,101.0,72101.0,16.0,4.0,36.3,2.5,43.2,2.3,178.0,113.0,63.5,24.0,55.0,9.0,28.0,16.0,35.0,0.0,2.0,0.0,0.8351289727839193,0.0,0.0,0.0,118.5542492253884,2.0,35.0,4.46,198.0,5549.0,42.0,3253.726320034813,27584.864771466287,5.037672222104476,50.0,1.0,2.0,0.4604344074614605,1.0583022865311107,0.0,2.0,60.0,6.4,373.0,12094.0,6326.510298556033,224884.7897083669,-5.164426464831006,-1.410437235543016,-0.9244977745975436,-0.7765957405763912,-10788.0,-0.1906440813142939,-0.5429349802642035,0.4444918922443965,4.64196410572672,0.4444918922443965,4.64196410572672,-0.5429349802642035,1.0,6.8801816367952116,3.4400908183976058,72.24190718634972,10.320272455192818,72.24190718634972,82.56217964154254,-2.729446975839414,-6.056409399843673,-22.47770127822428,-31.513711060599448,91.34803601722562,-1.0012273108972236,-1.1430395913154534,-2.6351880157421737,-0.9317754247951818,8746.122,-5.291916324095536,-0.4000000000000057,-2.1000000000000014,-1.5,6.586826347305386,5.696202531645578,1.0,1.0,1.0,1.0,5.10340985550332,7.5,1.0,1.0,0.0,1.0,4.64196410572672,4.64196410572672,1.0,1.0,23.689845366058396,-4.072012351981527,0.4444918922443965,0.4444918922443965,2.268424303571373,117449.33389549944,0.0,0.0,0.0,0.0,-1.410437235543016,-0.9244977745975436,-0.7765957405763912,51.0,Central Mountains,-2.3584616054187046,-2.543530276554129,-2.4524978501487564,1.5818658648423134,-0.2495805075817623,0.193871496383006,0.13699939454258694,-0.2933544726824412,4.480535248818489,13.914660530372249,9.699959237791566,0.6228746066848307,244539.84276448443,27290.027341470915,7.5,7.5,-0.0583756405746593,-0.1017626180687125,2.365445126342873,-2.5768123751675143,5.696202531645578,3.9473684210526327,3.2145236508994035,0.8906238156598079,145.33944835604936,153.25670498084293,408.90229913285225,-53.991412338823736,30652.0,30962.0,30978.0,-1583.0,earthquake_m7_5,municipio,-0.9463909262791946
2021.0,Utuado,28585.0,0.0,24129.0,98.0,13306.0,210.0,15812.0,17780.637437088953,1182.0,270.96791666666667,20883.0,73.5,5504.0,547.7271218,21.1,4402.0,107.0,89.0,210.0,6.4,1.3,54.6,31.87,9462.0,27.48,18.22,23.53,20.09,11.31,99.13,0.0,2.62,0.42,2.71,17.64,92.0,0.32,18.2655,-66.7005,0.0,4.0,19.0,67.0,120.0,15812.0,17780.637437088953,270.96791666666667,72.0,141.0,72141.0,31.9,4.9,26.6,2.0,39.0,2.4,210.0,151.0,71.9,22.0,58.0,25.0,32.0,11.0,35.0,0.0,2.0,0.0,0.8859026022431592,0.0,0.0,0.0,114.03646486928145,2.0,35.0,4.46,4552.0,5566.0,47.0,29231.113752675537,40203.6951672925,12.245373947416333,50.0,1.0,2.0,0.4768336372330178,1.1270537823828757,0.0,2.0,60.0,6.4,10903.0,12108.0,313053.3296419339,340837.78151105123,1.940016404550482,-1.504285464404409,-1.2125286695404691,-1.1370116613604764,-9462.0,0.006012649216843,-0.2884161967806644,0.3418554029359865,3.8948535014921903,0.3418554029359865,3.8948535014921903,-0.2884161967806644,1.0,0.0,13.993353157250308,66.46842749693896,13.993353157250308,66.46842749693896,80.46178065418927,6.860939905226485,-8.42191164931117,-13.791007029744904,-19.265052121709147,82.02275239827395,-2.2143953131538607,-2.46921978096728,0.5606110723683777,-3.872989778008354,6418.314,6.1819066147859925,0.9000000000000021,-1.3999999999999986,0.3999999999999986,11.111111111111116,7.3863636363636465,1.0,1.0,1.0,1.0,4.471724476783746,7.5,1.0,1.0,0.0,1.0,3.8948535014921903,3.8948535014921903,1.0,1.0,17.416711736109505,-2.163121475854983,0.3418554029359865,0.3418554029359865,1.528683172829621,136256.09270460828,0.0,0.0,0.0,0.0,-1.504285464404409,-1.2125286695404691,-1.1370116613604764,71.0,Central Mountains,-0.1726646126865905,-0.6093219677049122,-0.5723138638900985,-0.9643470486738859,0.1407417502938164,0.133552312851001,0.14680610094181037,-0.42915794707448074,3.825001923976544,10.833534154259336,7.677767380112502,0.6467225528072018,367207.9824422973,33754.09173118115,7.5,7.5,-3.661762596104434,-8.517817810289008,-3.6238944876727377,4.222373668472812,7.3863636363636465,1.1494252873563315,2.4664750957854475,3.7247474747474696,115.078811549728,112.23726277124004,187.21784114184652,-33.05605915145405,28041.0,28676.0,28706.333333333332,544.0,earthquake_m7_5,municipio,-1.3093255928206555
2021.0,Yauco,34704.0,0.0,29486.0,99.0,17713.0,168.0,16444.0,18491.323173253902,1380.0,270.96791666666667,25661.0,77.8,8894.0,718.6800401,25.9,6651.0,352.0,166.0,406.0,5.9,1.2,46.44,17.37,10231.0,23.03,17.72,23.69,31.46,8.83,99.56,0.0,4.28,0.08,2.41,12.05,213.0,0.61,18.035,-66.8499,3.0,2.0,13.0,36.0,79.0,16444.0,18491.323173253902,270.96791666666667,72.0,153.0,72153.0,17.4,3.9,32.1,2.1,38.9,1.8,406.0,246.0,60.6,52.0,113.0,23.0,79.0,14.0,35.0,1.0,2.0,0.3582780696698092,1.1900418766267546,0.0,0.0,0.0,87.6894846850553,2.0,35.0,4.46,5324.0,5487.0,40.0,87745.02721896788,90049.11565892561,0.587645567061401,55.0,1.0,2.0,0.6420278379550087,1.624343996810492,0.0,2.0,60.0,6.4,11987.0,12066.0,851008.1587094272,852081.730442056,0.5883887423552947,-2.0631627478100545,-1.736785672382013,-1.6711958409869498,-10231.0,-0.2943480128960243,-2.30264204936906,0.1473462550059129,3.0538206954343563,0.1473462550059129,3.0538206954343563,-2.30264204936906,0.0,8.64453665283541,5.763024435223605,37.45965882895344,14.407561088059015,37.45965882895344,51.86721991701245,-14.577106023039214,-49.49434250434125,-4.8868469455801,19.210973219938023,115.93866844439292,-2.616574460878396,-2.774499849062817,6.048465675905801,0.7043764410741356,9465.006,7.04056161823059,1.7000000000000028,-0.1000000000000014,2.0,4.909560723514206,-1.0230179028132946,1.0,1.0,1.0,1.0,4.723213766126315,7.5,1.0,1.0,0.0,1.0,3.0538206954343563,3.0538206954343563,0.0,0.0,14.423847947956988,-17.26981537026795,0.1473462550059129,0.1473462550059129,0.6959478600310862,142100.52617489392,0.0,0.0,0.0,0.0,-2.0631627478100545,-1.736785672382013,-1.6711958409869498,77.0,South,-0.9677617413663464,-1.3736431190897511,-1.3181367257981835,-0.7034340996206034,-1.6330749428634657,-1.224492680424293,-1.2321953562395862,-0.6695671065055944,3.831566199302708,8.433235736072847,6.263069926253112,0.8916475668236066,882509.074585082,35311.46838399998,7.5,7.5,-0.7685068261440775,-3.1668295265393165,-0.9728035671997611,6.816972502049879,-1.0230179028132946,-0.761421319796951,-0.33905859850008974,5.9325786263275,101.61454217003498,101.53955926342655,250.41503172698904,14.324126274357937,34501.0,35428.0,35456.0,203.0,earthquake_m7_5,municipio,-1.7822269278297196
2021.0,REGION_AVG,26696.0,,,,,,,,,,,,,,,,,,,,,,,,,,,,,,,,,,,,,,,,,,,,,,,,,,,,,,,,,,,,,,,,,,,,,,,,,,,,,,,,,,,,,,,,,,,,,,,,,,-0.46223304144103367,,,-0.7335158469079581,,,,,,,,,,,,,,,,,100.28002580539905,-1.7424002898031445,-1.9164438343847394,0.7952336366656133,,,,,,,6.803165603334881,,,,,,5.053260362309574,294352.61208264675,,,,,,,,,17.87430343539309,1088779.9957041903,,,,,,,,,,,,,Central Mountains,0.6650116714444887,0.15490894388574614,0.19836098893716297,-1.1272447128855225,-0.30969120093656155,0.07196396857945629,0.08419495463162814,-0.4238246459713967,4.416534221850928,15.03373918736881,10.484550375925085,0.6367261404586461,272041.9424377728,26735.10725292428,106610.61371254828,22310.66964487397,2.686707950602922,2.8432105688076965,2.181508609512743,-1.8914743139373082,2.9024592499296555,4.75610829949114,3.0006662115977765,3.900706353405226,158.28983863057016,183.78039007618779,356.84706930567205,-58.009812825171096,25989.866666666665,26441.066666666666,26459.2,706.1333333333333,baseline,region,-0.7092731477919778
2021.0,REGION_AVG,34286.82352941176,,,,,,,,,,,,,,,,,,,,,,,,,,,,,,,,,,,,,,,,,,,,,,,,,,,,,,,,,,,,,,,,,,,,,,,,,,,,,,,,,,,,,,,,,,,,,,,,,,-0.7549384357034417,,,-1.7536677324980874,,,,,,,,,,,,,,,,,156.05842425228826,-1.173088127603732,-1.557401742498457,-0.37916971206855016,,,,,,,3.747572752552841,,,,,,7.31130390015499,53811.18050781983,,,,,,,,,16.21155697575224,107386.14234177298,,,,,,,,,,,,,East,-1.4634631660041304,-1.8043634634492578,-1.6572609888999352,0.7085247303006885,-1.3162552253700441,-0.9028579724155777,-0.9139139189494958,-0.4374125071280433,6.8206999854616885,18.489527466593284,12.77491095883913,0.4906039146933021,50439.96295886676,15754.367687346297,28079.42558578369,3371.217548953073,0.7901295443665868,-0.42089097477572873,0.26609845297898765,-1.1692992564351368,2.483457290182764,3.523725669173204,1.3647989716455875,1.2641154623700768,215.8254847841136,285.52895615371756,457.46772452869345,-59.76706053182534,35018.17647058824,35527.882352941175,35545.490196078434,-731.3529411764706,baseline,region,-0.9411208012535179
2021.0,REGION_AVG,126502.125,,,,,,,,,,,,,,,,,,,,,,,,,,,,,,,,,,,,,,,,,,,,,,,,,,,,,,,,,,,,,,,,,,,,,,,,,,,,,,,,,,,,,,,,,,,,,,,,,,-0.8179270155961066,,,-3.875563977163966,,,,,,,,,,,,,,,,,158.8783501314289,-2.0484994820010356,-2.160250486547816,0.18919925467918158,,,,,,,2.9505112271386387,,,,,,5.631151390653024,148613.38298066665,,,,,,,,,0.7252083380338409,48534.51447527643,,,,,,,,,,,,,Metro,0.17672881949368646,-0.31985052040242323,-0.26389555148699506,-0.9946558350897929,-3.538307158498814,-3.179801391746613,-3.172829503273682,-0.3372568186651518,5.040067979575284,15.99642944122396,10.994350481123902,0.5910834110777401,140674.9140738927,23623.45527647431,62269.07050716594,7938.468906773948,0.014185218562215496,-0.6343341994825987,-0.9490428616848433,0.17501403611696614,1.9377096784821326,3.74962782905424,1.6134008882222481,1.0128015486565058,246.19485932431198,301.2367750801466,697.8153608649218,-87.31650919288307,121688.125,124457.375,124526.66666666667,4814.0,baseline,region,-1.0248240771322696
2021.0,REGION_AVG,38394.0,,,,,,,,,,,,,,,,,,,,,,,,,,,,,,,,,,,,,,,,,,,,,,,,,,,,,,,,,,,,,,,,,,,,,,,,,,,,,,,,,,,,,,,,,,,,,,,,,,-0.4768170220608369,,,-1.7897336894837381,,,,,,,,,,,,,,,,,152.9042617274355,-1.4949194529571985,-1.6628228638992701,0.5985372146003753,,,,,,,3.059281450162977,,,,,,4.364394067794415,269405.9076215975,,,,,,,,,10.478537107402646,660977.5057997977,,,,,,,,,,,,,North,0.15625712847273648,-0.2787905165102411,-0.2247261951067791,-0.6330741505335735,-1.358906973684375,-0.9743418976577056,-0.9779274474547801,-0.43082671579936316,3.874031326885583,12.673547171423616,8.82526247023458,0.4903627409088326,249931.39218797442,42252.306001498175,106324.80393276634,19474.515433623113,1.5178318453867679,0.4139003003881359,0.9100750189951908,-0.9192946307863925,2.9316103433216822,3.2306012899125323,2.2133785149536425,0.1276711068412948,218.03625665938497,189.9822596380904,495.71421925715214,-65.13199493194948,37518.1,38128.0,38151.83333333333,875.9,baseline,region,-0.7143357176991262
2021.0,REGION_AVG,36122.833333333336,,,,,,,,,,,,,,,,,,,,,,,,,,,,,,,,,,,,,,,,,,,,,,,,,,,,,,,,,,,,,,,,,,,,,,,,,,,,,,,,,,,,,,,,,,,,,,,,,,-1.3790279871218882,,,-1.254201643013122,,,,,,,,,,,,,,,,,115.51075493403543,-1.9741345006795565,-2.1341804731263245,-0.6669906269152861,,,,,,,8.117135816323428,,,,,,5.343391590300359,478001.6200080449,,,,,,,,,18.274244583590022,1613497.303589018,,,,,,,,,,,,,South,-1.6410571573659383,-1.9439163870210414,-1.8716477136303131,0.26202917024405004,-0.8515406136213285,-0.5190731058506173,-0.4984603215130428,-0.40266102939179343,4.61293214313251,12.792952305330163,9.131784299042137,0.7304594471678487,441933.8878480603,24825.46282155694,161331.63703319864,36067.73215998467,-1.493886753629825,0.24880199476213624,0.519123370391955,0.8268961267145388,0.3241464629013739,3.1050180968270205,0.9588098976563635,7.792989353422055,139.04932030594833,160.81252036847062,307.90049611041485,-23.5385653719129,36447.583333333336,37245.5,37270.61111111112,-324.75,baseline,region,-1.5057201814759709
2021.0,REGION_AVG,31157.9375,,,,,,,,,,,,,,,,,,,,,,,,,,,,,,,,,,,,,,,,,,,,,,,,,,,,,,,,,,,,,,,,,,,,,,,,,,,,,,,,,,,,,,,,,,,,,,,,,,-0.8109592104209924,,,-1.5875330485652954,,,,,,,,,,,,,,,,,83.7510119145722,-1.9812025710988126,-2.0171927999518626,2.859629553610594,,,,,,,5.870380815711089,,,,,,4.310282107168574,458729.5465269312,,,,,,,,,10.953018376192652,1222194.8921898657,,,,,,,,,,,,,West,0.19363593854640831,-0.26556447045131204,-0.2250768701304725,-1.0045951489674008,-1.1526125063237849,-0.7156708658410642,-0.7407812188871508,-0.4349205422415105,3.5633500649140464,8.969066268712927,6.700763393789139,0.7469320422545277,414895.13125696575,45016.31889735825,161118.30727210335,43834.41526996546,2.373004755322646,-0.9536361277127918,0.33622832684730236,0.4866247982879478,1.5562919556550752,2.7571203826471407,1.5437342112560415,4.314088860056014,129.40599790981253,152.43489929727716,247.99577725092973,-45.65498599524032,30276.75,30873.25,30887.6875,881.1875,baseline,region,-1.0187609562714897
2021.0,REGION_AVG,26696.0,,,,,,,,,,,,,,,,,,,,,,,,,,,,,,,,,,,,,,,,,,,,,,,,,,,,,,,,,,,,,,,,,,,,,,,,,,,,,,,,,,,,,,,,,,,,,,,,,,-0.46223304144103367,,,-0.7335158469079581,,,,,,,,,,,,,,,,,100.28002580539905,-1.7424002898031445,-1.9164438343847394,0.7952336366656133,,,,,,,6.803165603334881,,,,,,111.0,294352.61208264675,,,,,,,,,-81.42025900678335,1088779.9957041903,,,,,,,,,,,,,Central Mountains,0.6650116714444887,0.15490894388574614,0.19836098893716297,-1.1272447128855225,-0.30969120093656155,0.07196396857945629,0.08419495463162814,-0.4238246459713967,4.416534221850928,15.03373918736881,111.0,111.0,272041.9424377728,26735.10725292428,106610.61371254828,22310.66964487397,2.686707950602922,2.8432105688076965,2.181508609512743,-1.8914743139373082,2.9024592499296555,4.75610829949114,3.0006662115977765,3.900706353405226,158.28983863057016,183.78039007618779,356.84706930567205,-58.009812825171096,25989.866666666665,26441.066666666666,26459.2,706.1333333333333,hurricane_cat3,region,-0.7092731477919778
2021.0,REGION_AVG,34286.82352941176,,,,,,,,,,,,,,,,,,,,,,,,,,,,,,,,,,,,,,,,,,,,,,,,,,,,,,,,,,,,,,,,,,,,,,,,,,,,,,,,,,,,,,,,,,,,,,,,,,-0.7549384357034417,,,-1.7536677324980874,,,,,,,,,,,,,,,,,156.05842425228826,-1.173088127603732,-1.557401742498457,-0.37916971206855016,,,,,,,3.747572752552841,,,,,,111.0,53811.18050781983,,,,,,,,,-194.6571183072877,107386.14234177298,,,,,,,,,,,,,East,-1.4634631660041304,-1.8043634634492578,-1.6572609888999352,0.7085247303006885,-1.3162552253700441,-0.9028579724155777,-0.9139139189494958,-0.4374125071280433,6.8206999854616885,18.489527466593284,111.0,111.0,50439.96295886676,15754.367687346297,28079.42558578369,3371.217548953073,0.7901295443665868,-0.42089097477572873,0.26609845297898765,-1.1692992564351368,2.483457290182764,3.523725669173204,1.3647989716455875,1.2641154623700768,215.8254847841136,285.52895615371756,457.46772452869345,-59.76706053182534,35018.17647058824,35527.882352941175,35545.490196078434,-731.3529411764706,hurricane_cat3,region,-0.9411208012535179
2021.0,REGION_AVG,126502.125,,,,,,,,,,,,,,,,,,,,,,,,,,,,,,,,,,,,,,,,,,,,,,,,,,,,,,,,,,,,,,,,,,,,,,,,,,,,,,,,,,,,,,,,,,,,,,,,,,-0.8179270155961066,,,-3.875563977163966,,,,,,,,,,,,,,,,,158.8783501314289,-2.0484994820010356,-2.160250486547816,0.18919925467918158,,,,,,,2.9505112271386387,,,,,,111.0,148613.38298066665,,,,,,,,,-430.1876014652002,48534.51447527643,,,,,,,,,,,,,Metro,0.17672881949368646,-0.31985052040242323,-0.26389555148699506,-0.9946558350897929,-3.538307158498814,-3.179801391746613,-3.172829503273682,-0.3372568186651518,5.040067979575284,15.99642944122396,111.0,111.0,140674.9140738927,23623.45527647431,62269.07050716594,7938.468906773948,0.014185218562215496,-0.6343341994825987,-0.9490428616848433,0.17501403611696614,1.9377096784821326,3.74962782905424,1.6134008882222481,1.0128015486565058,246.19485932431198,301.2367750801466,697.8153608649218,-87.31650919288307,121688.125,124457.375,124526.66666666667,4814.0,hurricane_cat3,region,-1.0248240771322696
2021.0,REGION_AVG,38394.0,,,,,,,,,,,,,,,,,,,,,,,,,,,,,,,,,,,,,,,,,,,,,,,,,,,,,,,,,,,,,,,,,,,,,,,,,,,,,,,,,,,,,,,,,,,,,,,,,,-0.4768170220608369,,,-1.7897336894837381,,,,,,,,,,,,,,,,,152.9042617274355,-1.4949194529571985,-1.6628228638992701,0.5985372146003753,,,,,,,3.059281450162977,,,,,,111.0,269405.9076215975,,,,,,,,,-198.66043953269494,660977.5057997977,,,,,,,,,,,,,North,0.15625712847273648,-0.2787905165102411,-0.2247261951067791,-0.6330741505335735,-1.358906973684375,-0.9743418976577056,-0.9779274474547801,-0.43082671579936316,3.874031326885583,12.673547171423616,111.0,111.0,249931.39218797442,42252.306001498175,106324.80393276634,19474.515433623113,1.5178318453867679,0.4139003003881359,0.9100750189951908,-0.9192946307863925,2.9316103433216822,3.2306012899125323,2.2133785149536425,0.1276711068412948,218.03625665938497,189.9822596380904,495.71421925715214,-65.13199493194948,37518.1,38128.0,38151.83333333333,875.9,hurricane_cat3,region,-0.7143357176991262
2021.0,REGION_AVG,36122.833333333336,,,,,,,,,,,,,,,,,,,,,,,,,,,,,,,,,,,,,,,,,,,,,,,,,,,,,,,,,,,,,,,,,,,,,,,,,,,,,,,,,,,,,,,,,,,,,,,,,,-1.3790279871218882,,,-1.254201643013122,,,,,,,,,,,,,,,,,115.51075493403543,-1.9741345006795565,-2.1341804731263245,-0.6669906269152861,,,,,,,8.117135816323428,,,,,,111.0,478001.6200080449,,,,,,,,,-139.21638237445654,1613497.303589018,,,,,,,,,,,,,South,-1.6410571573659383,-1.9439163870210414,-1.8716477136303131,0.26202917024405004,-0.8515406136213285,-0.5190731058506173,-0.4984603215130428,-0.40266102939179343,4.61293214313251,12.792952305330163,111.0,111.0,441933.8878480603,24825.46282155694,161331.63703319864,36067.73215998467,-1.493886753629825,0.24880199476213624,0.519123370391955,0.8268961267145388,0.3241464629013739,3.1050180968270205,0.9588098976563635,7.792989353422055,139.04932030594833,160.81252036847062,307.90049611041485,-23.5385653719129,36447.583333333336,37245.5,37270.61111111112,-324.75,hurricane_cat3,region,-1.5057201814759709
2021.0,REGION_AVG,31157.9375,,,,,,,,,,,,,,,,,,,,,,,,,,,,,,,,,,,,,,,,,,,,,,,,,,,,,,,,,,,,,,,,,,,,,,,,,,,,,,,,,,,,,,,,,,,,,,,,,,-0.8109592104209924,,,-1.5875330485652954,,,,,,,,,,,,,,,,,83.7510119145722,-1.9812025710988126,-2.0171927999518626,2.859629553610594,,,,,,,5.870380815711089,,,,,,111.0,458729.5465269312,,,,,,,,,-176.21616839074778,1222194.8921898657,,,,,,,,,,,,,West,0.19363593854640831,-0.26556447045131204,-0.2250768701304725,-1.0045951489674008,-1.1526125063237849,-0.7156708658410642,-0.7407812188871508,-0.4349205422415105,3.5633500649140464,8.969066268712927,111.0,111.0,414895.13125696575,45016.31889735825,161118.30727210335,43834.41526996546,2.373004755322646,-0.9536361277127918,0.33622832684730236,0.4866247982879478,1.5562919556550752,2.7571203826471407,1.5437342112560415,4.314088860056014,129.40599790981253,152.43489929727716,247.99577725092973,-45.65498599524032,30276.75,30873.25,30887.6875,881.1875,hurricane_cat3,region,-1.0187609562714897
2021.0,REGION_AVG,26696.0,,,,,,,,,,,,,,,,,,,,,,,,,,,,,,,,,,,,,,,,,,,,,,,,,,,,,,,,,,,,,,,,,,,,,,,,,,,,,,,,,,,,,,,,,,,,,,,,,,-0.46223304144103367,,,-0.7335158469079581,,,,,,,,,,,,,,,,,100.28002580539905,-1.7424002898031445,-1.9164438343847394,0.7952336366656133,,,,,,,6.803165603334881,,,,,,157.0,294352.61208264675,,,,,,,,,-115.16198796454943,1088779.9957041903,,,,,,,,,,,,,Central Mountains,0.6650116714444887,0.15490894388574614,0.19836098893716297,-1.1272447128855225,-0.30969120093656155,0.07196396857945629,0.08419495463162814,-0.4238246459713967,4.416534221850928,15.03373918736881,157.0,157.0,272041.9424377728,26735.10725292428,106610.61371254828,22310.66964487397,2.686707950602922,2.8432105688076965,2.181508609512743,-1.8914743139373082,2.9024592499296555,4.75610829949114,3.0006662115977765,3.900706353405226,158.28983863057016,183.78039007618779,356.84706930567205,-58.009812825171096,25989.866666666665,26441.066666666666,26459.2,706.1333333333333,hurricane_cat5,region,-0.7092731477919778
2021.0,REGION_AVG,34286.82352941176,,,,,,,,,,,,,,,,,,,,,,,,,,,,,,,,,,,,,,,,,,,,,,,,,,,,,,,,,,,,,,,,,,,,,,,,,,,,,,,,,,,,,,,,,,,,,,,,,,-0.7549384357034417,,,-1.7536677324980874,,,,,,,,,,,,,,,,,156.05842425228826,-1.173088127603732,-1.557401742498457,-0.37916971206855016,,,,,,,3.747572752552841,,,,,,157.0,53811.18050781983,,,,,,,,,-275.3258340021997,107386.14234177298,,,,,,,,,,,,,East,-1.4634631660041304,-1.8043634634492578,-1.6572609888999352,0.7085247303006885,-1.3162552253700441,-0.9028579724155777,-0.9139139189494958,-0.4374125071280433,6.8206999854616885,18.489527466593284,157.0,157.0,50439.96295886676,15754.367687346297,28079.42558578369,3371.217548953073,0.7901295443665868,-0.42089097477572873,0.26609845297898765,-1.1692992564351368,2.483457290182764,3.523725669173204,1.3647989716455875,1.2641154623700768,215.8254847841136,285.52895615371756,457.46772452869345,-59.76706053182534,35018.17647058824,35527.882352941175,35545.490196078434,-731.3529411764706,hurricane_cat5,region,-0.9411208012535179
2021.0,REGION_AVG,126502.125,,,,,,,,,,,,,,,,,,,,,,,,,,,,,,,,,,,,,,,,,,,,,,,,,,,,,,,,,,,,,,,,,,,,,,,,,,,,,,,,,,,,,,,,,,,,,,,,,,-0.8179270155961066,,,-3.875563977163966,,,,,,,,,,,,,,,,,158.8783501314289,-2.0484994820010356,-2.160250486547816,0.18919925467918158,,,,,,,2.9505112271386387,,,,,,157.0,148613.38298066665,,,,,,,,,-608.4635444147426,48534.51447527643,,,,,,,,,,,,,Metro,0.17672881949368646,-0.31985052040242323,-0.26389555148699506,-0.9946558350897929,-3.538307158498814,-3.179801391746613,-3.172829503273682,-0.3372568186651518,5.040067979575284,15.99642944122396,157.0,157.0,140674.9140738927,23623.45527647431,62269.07050716594,7938.468906773948,0.014185218562215496,-0.6343341994825987,-0.9490428616848433,0.17501403611696614,1.9377096784821326,3.74962782905424,1.6134008882222481,1.0128015486565058,246.19485932431198,301.2367750801466,697.8153608649218,-87.31650919288307,121688.125,124457.375,124526.66666666667,4814.0,hurricane_cat5,region,-1.0248240771322696
2021.0,REGION_AVG,38394.0,,,,,,,,,,,,,,,,,,,,,,,,,,,,,,,,,,,,,,,,,,,,,,,,,,,,,,,,,,,,,,,,,,,,,,,,,,,,,,,,,,,,,,,,,,,,,,,,,,-0.4768170220608369,,,-1.7897336894837381,,,,,,,,,,,,,,,,,152.9042617274355,-1.4949194529571985,-1.6628228638992701,0.5985372146003753,,,,,,,3.059281450162977,,,,,,157.0,269405.9076215975,,,,,,,,,-280.98818924894687,660977.5057997977,,,,,,,,,,,,,North,0.15625712847273648,-0.2787905165102411,-0.2247261951067791,-0.6330741505335735,-1.358906973684375,-0.9743418976577056,-0.9779274474547801,-0.43082671579936316,3.874031326885583,12.673547171423616,157.0,157.0,249931.39218797442,42252.306001498175,106324.80393276634,19474.515433623113,1.5178318453867679,0.4139003003881359,0.9100750189951908,-0.9192946307863925,2.9316103433216822,3.2306012899125323,2.2133785149536425,0.1276711068412948,218.03625665938497,189.9822596380904,495.71421925715214,-65.13199493194948,37518.1,38128.0,38151.83333333333,875.9,hurricane_cat5,region,-0.7143357176991262
2021.0,REGION_AVG,36122.833333333336,,,,,,,,,,,,,,,,,,,,,,,,,,,,,,,,,,,,,,,,,,,,,,,,,,,,,,,,,,,,,,,,,,,,,,,,,,,,,,,,,,,,,,,,,,,,,,,,,,-1.3790279871218882,,,-1.254201643013122,,,,,,,,,,,,,,,,,115.51075493403543,-1.9741345006795565,-2.1341804731263245,-0.6669906269152861,,,,,,,8.117135816323428,,,,,,157.0,478001.6200080449,,,,,,,,,-196.90965795306016,1613497.303589018,,,,,,,,,,,,,South,-1.6410571573659383,-1.9439163870210414,-1.8716477136303131,0.26202917024405004,-0.8515406136213285,-0.5190731058506173,-0.4984603215130428,-0.40266102939179343,4.61293214313251,12.792952305330163,157.0,157.0,441933.8878480603,24825.46282155694,161331.63703319864,36067.73215998467,-1.493886753629825,0.24880199476213624,0.519123370391955,0.8268961267145388,0.3241464629013739,3.1050180968270205,0.9588098976563635,7.792989353422055,139.04932030594833,160.81252036847062,307.90049611041485,-23.5385653719129,36447.583333333336,37245.5,37270.61111111112,-324.75,hurricane_cat5,region,-1.5057201814759709
2021.0,REGION_AVG,31157.9375,,,,,,,,,,,,,,,,,,,,,,,,,,,,,,,,,,,,,,,,,,,,,,,,,,,,,,,,,,,,,,,,,,,,,,,,,,,,,,,,,,,,,,,,,,,,,,,,,,-0.8109592104209924,,,-1.5875330485652954,,,,,,,,,,,,,,,,,83.7510119145722,-1.9812025710988126,-2.0171927999518626,2.859629553610594,,,,,,,5.870380815711089,,,,,,157.0,458729.5465269312,,,,,,,,,-249.2426886247514,1222194.8921898657,,,,,,,,,,,,,West,0.19363593854640831,-0.26556447045131204,-0.2250768701304725,-1.0045951489674008,-1.1526125063237849,-0.7156708658410642,-0.7407812188871508,-0.4349205422415105,3.5633500649140464,8.969066268712927,157.0,157.0,414895.13125696575,45016.31889735825,161118.30727210335,43834.41526996546,2.373004755322646,-0.9536361277127918,0.33622832684730236,0.4866247982879478,1.5562919556550752,2.7571203826471407,1.5437342112560415,4.314088860056014,129.40599790981253,152.43489929727716,247.99577725092973,-45.65498599524032,30276.75,30873.25,30887.6875,881.1875,hurricane_cat5,region,-1.0187609562714897
2021.0,REGION_AVG,26696.0,,,,,,,,,,,,,,,,,,,,,,,,,,,,,,,,,,,,,,,,,,,,,,,,,,,,,,,,,,,,,,,,,,,,,,,,,,,,,,,,,,,,,,,,,,,,,,,,,,-0.46223304144103367,,,-0.7335158469079581,,,,,,,,,,,,,,,,,100.28002580539905,-1.7424002898031445,-1.9164438343847394,0.7952336366656133,,,,,,,6.803165603334881,,,,,,5.053260362309574,6.0,,,,,,,,,17.87430343539309,-4.401095081447749,,,,,,,,,,,,,Central Mountains,0.6650116714444887,0.15490894388574614,0.19836098893716297,-1.1272447128855225,-0.30969120093656155,0.07196396857945629,0.08419495463162814,-0.4238246459713967,4.416534221850928,15.03373918736881,10.484550375925085,0.6367261404586461,272041.9424377728,26735.10725292428,6.0,6.0,2.686707950602922,2.8432105688076965,2.181508609512743,-1.8914743139373082,2.9024592499296555,4.75610829949114,3.0006662115977765,3.900706353405226,158.28983863057016,183.78039007618779,356.84706930567205,-58.009812825171096,25989.866666666665,26441.066666666666,26459.2,706.1333333333333,earthquake_m6,region,-0.7092731477919778
2021.0,REGION_AVG,34286.82352941176,,,,,,,,,,,,,,,,,,,,,,,,,,,,,,,,,,,,,,,,,,,,,,,,,,,,,,,,,,,,,,,,,,,,,,,,,,,,,,,,,,,,,,,,,,,,,,,,,,-0.7549384357034417,,,-1.7536677324980874,,,,,,,,,,,,,,,,,156.05842425228826,-1.173088127603732,-1.557401742498457,-0.37916971206855016,,,,,,,3.747572752552841,,,,,,7.31130390015499,6.0,,,,,,,,,16.21155697575224,-10.522006394988525,,,,,,,,,,,,,East,-1.4634631660041304,-1.8043634634492578,-1.6572609888999352,0.7085247303006885,-1.3162552253700441,-0.9028579724155777,-0.9139139189494958,-0.4374125071280433,6.8206999854616885,18.489527466593284,12.77491095883913,0.4906039146933021,50439.96295886676,15754.367687346297,6.0,6.0,0.7901295443665868,-0.42089097477572873,0.26609845297898765,-1.1692992564351368,2.483457290182764,3.523725669173204,1.3647989716455875,1.2641154623700768,215.8254847841136,285.52895615371756,457.46772452869345,-59.76706053182534,35018.17647058824,35527.882352941175,35545.490196078434,-731.3529411764706,earthquake_m6,region,-0.9411208012535179
2021.0,REGION_AVG,126502.125,,,,,,,,,,,,,,,,,,,,,,,,,,,,,,,,,,,,,,,,,,,,,,,,,,,,,,,,,,,,,,,,,,,,,,,,,,,,,,,,,,,,,,,,,,,,,,,,,,-0.8179270155961066,,,-3.875563977163966,,,,,,,,,,,,,,,,,158.8783501314289,-2.0484994820010356,-2.160250486547816,0.18919925467918158,,,,,,,2.9505112271386387,,,,,,5.631151390653024,6.0,,,,,,,,,0.7252083380338409,-23.253383862983796,,,,,,,,,,,,,Metro,0.17672881949368646,-0.31985052040242323,-0.26389555148699506,-0.9946558350897929,-3.538307158498814,-3.179801391746613,-3.172829503273682,-0.3372568186651518,5.040067979575284,15.99642944122396,10.994350481123902,0.5910834110777401,140674.9140738927,23623.45527647431,6.0,6.0,0.014185218562215496,-0.6343341994825987,-0.9490428616848433,0.17501403611696614,1.9377096784821326,3.74962782905424,1.6134008882222481,1.0128015486565058,246.19485932431198,301.2367750801466,697.8153608649218,-87.31650919288307,121688.125,124457.375,124526.66666666667,4814.0,earthquake_m6,region,-1.0248240771322696
2021.0,REGION_AVG,38394.0,,,,,,,,,,,,,,,,,,,,,,,,,,,,,,,,,,,,,,,,,,,,,,,,,,,,,,,,,,,,,,,,,,,,,,,,,,,,,,,,,,,,,,,,,,,,,,,,,,-0.4768170220608369,,,-1.7897336894837381,,,,,,,,,,,,,,,,,152.9042617274355,-1.4949194529571985,-1.6628228638992701,0.5985372146003753,,,,,,,3.059281450162977,,,,,,4.364394067794415,6.0,,,,,,,,,10.478537107402646,-10.73840213690243,,,,,,,,,,,,,North,0.15625712847273648,-0.2787905165102411,-0.2247261951067791,-0.6330741505335735,-1.358906973684375,-0.9743418976577056,-0.9779274474547801,-0.43082671579936316,3.874031326885583,12.673547171423616,8.82526247023458,0.4903627409088326,249931.39218797442,42252.306001498175,6.0,6.0,1.5178318453867679,0.4139003003881359,0.9100750189951908,-0.9192946307863925,2.9316103433216822,3.2306012899125323,2.2133785149536425,0.1276711068412948,218.03625665938497,189.9822596380904,495.71421925715214,-65.13199493194948,37518.1,38128.0,38151.83333333333,875.9,earthquake_m6,region,-0.7143357176991262
2021.0,REGION_AVG,36122.833333333336,,,,,,,,,,,,,,,,,,,,,,,,,,,,,,,,,,,,,,,,,,,,,,,,,,,,,,,,,,,,,,,,,,,,,,,,,,,,,,,,,,,,,,,,,,,,,,,,,,-1.3790279871218882,,,-1.254201643013122,,,,,,,,,,,,,,,,,115.51075493403543,-1.9741345006795565,-2.1341804731263245,-0.6669906269152861,,,,,,,8.117135816323428,,,,,,5.343391590300359,6.0,,,,,,,,,18.274244583590022,-7.525209858078732,,,,,,,,,,,,,South,-1.6410571573659383,-1.9439163870210414,-1.8716477136303131,0.26202917024405004,-0.8515406136213285,-0.5190731058506173,-0.4984603215130428,-0.40266102939179343,4.61293214313251,12.792952305330163,9.131784299042137,0.7304594471678487,441933.8878480603,24825.46282155694,6.0,6.0,-1.493886753629825,0.24880199476213624,0.519123370391955,0.8268961267145388,0.3241464629013739,3.1050180968270205,0.9588098976563635,7.792989353422055,139.04932030594833,160.81252036847062,307.90049611041485,-23.5385653719129,36447.583333333336,37245.5,37270.61111111112,-324.75,earthquake_m6,region,-1.5057201814759709
2021.0,REGION_AVG,31157.9375,,,,,,,,,,,,,,,,,,,,,,,,,,,,,,,,,,,,,,,,,,,,,,,,,,,,,,,,,,,,,,,,,,,,,,,,,,,,,,,,,,,,,,,,,,,,,,,,,,-0.8109592104209924,,,-1.5875330485652954,,,,,,,,,,,,,,,,,83.7510119145722,-1.9812025710988126,-2.0171927999518626,2.859629553610594,,,,,,,5.870380815711089,,,,,,4.310282107168574,6.0,,,,,,,,,10.953018376192652,-9.525198291391773,,,,,,,,,,,,,West,0.19363593854640831,-0.26556447045131204,-0.2250768701304725,-1.0045951489674008,-1.1526125063237849,-0.7156708658410642,-0.7407812188871508,-0.4349205422415105,3.5633500649140464,8.969066268712927,6.700763393789139,0.7469320422545277,414895.13125696575,45016.31889735825,6.0,6.0,2.373004755322646,-0.9536361277127918,0.33622832684730236,0.4866247982879478,1.5562919556550752,2.7571203826471407,1.5437342112560415,4.314088860056014,129.40599790981253,152.43489929727716,247.99577725092973,-45.65498599524032,30276.75,30873.25,30887.6875,881.1875,earthquake_m6,region,-1.0187609562714897
2021.0,REGION_AVG,26696.0,,,,,,,,,,,,,,,,,,,,,,,,,,,,,,,,,,,,,,,,,,,,,,,,,,,,,,,,,,,,,,,,,,,,,,,,,,,,,,,,,,,,,,,,,,,,,,,,,,-0.46223304144103367,,,-0.7335158469079581,,,,,,,,,,,,,,,,,100.28002580539905,-1.7424002898031445,-1.9164438343847394,0.7952336366656133,,,,,,,6.803165603334881,,,,,,5.053260362309574,7.5,,,,,,,,,17.87430343539309,-5.501368851809686,,,,,,,,,,,,,Central Mountains,0.6650116714444887,0.15490894388574614,0.19836098893716297,-1.1272447128855225,-0.30969120093656155,0.07196396857945629,0.08419495463162814,-0.4238246459713967,4.416534221850928,15.03373918736881,10.484550375925085,0.6367261404586461,272041.9424377728,26735.10725292428,7.5,7.5,2.686707950602922,2.8432105688076965,2.181508609512743,-1.8914743139373082,2.9024592499296555,4.75610829949114,3.0006662115977765,3.900706353405226,158.28983863057016,183.78039007618779,356.84706930567205,-58.009812825171096,25989.866666666665,26441.066666666666,26459.2,706.1333333333333,earthquake_m7_5,region,-0.7092731477919778
2021.0,REGION_AVG,34286.82352941176,,,,,,,,,,,,,,,,,,,,,,,,,,,,,,,,,,,,,,,,,,,,,,,,,,,,,,,,,,,,,,,,,,,,,,,,,,,,,,,,,,,,,,,,,,,,,,,,,,-0.7549384357034417,,,-1.7536677324980874,,,,,,,,,,,,,,,,,156.05842425228826,-1.173088127603732,-1.557401742498457,-0.37916971206855016,,,,,,,3.747572752552841,,,,,,7.31130390015499,7.5,,,,,,,,,16.21155697575224,-13.152507993735655,,,,,,,,,,,,,East,-1.4634631660041304,-1.8043634634492578,-1.6572609888999352,0.7085247303006885,-1.3162552253700441,-0.9028579724155777,-0.9139139189494958,-0.4374125071280433,6.8206999854616885,18.489527466593284,12.77491095883913,0.4906039146933021,50439.96295886676,15754.367687346297,7.5,7.5,0.7901295443665868,-0.42089097477572873,0.26609845297898765,-1.1692992564351368,2.483457290182764,3.523725669173204,1.3647989716455875,1.2641154623700768,215.8254847841136,285.52895615371756,457.46772452869345,-59.76706053182534,35018.17647058824,35527.882352941175,35545.490196078434,-731.3529411764706,earthquake_m7_5,region,-0.9411208012535179
2021.0,REGION_AVG,126502.125,,,,,,,,,,,,,,,,,,,,,,,,,,,,,,,,,,,,,,,,,,,,,,,,,,,,,,,,,,,,,,,,,,,,,,,,,,,,,,,,,,,,,,,,,,,,,,,,,,-0.8179270155961066,,,-3.875563977163966,,,,,,,,,,,,,,,,,158.8783501314289,-2.0484994820010356,-2.160250486547816,0.18919925467918158,,,,,,,2.9505112271386387,,,,,,5.631151390653024,7.5,,,,,,,,,0.7252083380338409,-29.066729828729745,,,,,,,,,,,,,Metro,0.17672881949368646,-0.31985052040242323,-0.26389555148699506,-0.9946558350897929,-3.538307158498814,-3.179801391746613,-3.172829503273682,-0.3372568186651518,5.040067979575284,15.99642944122396,10.994350481123902,0.5910834110777401,140674.9140738927,23623.45527647431,7.5,7.5,0.014185218562215496,-0.6343341994825987,-0.9490428616848433,0.17501403611696614,1.9377096784821326,3.74962782905424,1.6134008882222481,1.0128015486565058,246.19485932431198,301.2367750801466,697.8153608649218,-87.31650919288307,121688.125,124457.375,124526.66666666667,4814.0,earthquake_m7_5,region,-1.0248240771322696
2021.0,REGION_AVG,38394.0,,,,,,,,,,,,,,,,,,,,,,,,,,,,,,,,,,,,,,,,,,,,,,,,,,,,,,,,,,,,,,,,,,,,,,,,,,,,,,,,,,,,,,,,,,,,,,,,,,-0.4768170220608369,,,-1.7897336894837381,,,,,,,,,,,,,,,,,152.9042617274355,-1.4949194529571985,-1.6628228638992701,0.5985372146003753,,,,,,,3.059281450162977,,,,,,4.364394067794415,7.5,,,,,,,,,10.478537107402646,-13.423002671128035,,,,,,,,,,,,,North,0.15625712847273648,-0.2787905165102411,-0.2247261951067791,-0.6330741505335735,-1.358906973684375,-0.9743418976577056,-0.9779274474547801,-0.43082671579936316,3.874031326885583,12.673547171423616,8.82526247023458,0.4903627409088326,249931.39218797442,42252.306001498175,7.5,7.5,1.5178318453867679,0.4139003003881359,0.9100750189951908,-0.9192946307863925,2.9316103433216822,3.2306012899125323,2.2133785149536425,0.1276711068412948,218.03625665938497,189.9822596380904,495.71421925715214,-65.13199493194948,37518.1,38128.0,38151.83333333333,875.9,earthquake_m7_5,region,-0.7143357176991262
2021.0,REGION_AVG,36122.833333333336,,,,,,,,,,,,,,,,,,,,,,,,,,,,,,,,,,,,,,,,,,,,,,,,,,,,,,,,,,,,,,,,,,,,,,,,,,,,,,,,,,,,,,,,,,,,,,,,,,-1.3790279871218882,,,-1.254201643013122,,,,,,,,,,,,,,,,,115.51075493403543,-1.9741345006795565,-2.1341804731263245,-0.6669906269152861,,,,,,,8.117135816323428,,,,,,5.343391590300359,7.5,,,,,,,,,18.274244583590022,-9.406512322598415,,,,,,,,,,,,,South,-1.6410571573659383,-1.9439163870210414,-1.8716477136303131,0.26202917024405004,-0.8515406136213285,-0.5190731058506173,-0.4984603215130428,-0.40266102939179343,4.61293214313251,12.792952305330163,9.131784299042137,0.7304594471678487,441933.8878480603,24825.46282155694,7.5,7.5,-1.493886753629825,0.24880199476213624,0.519123370391955,0.8268961267145388,0.3241464629013739,3.1050180968270205,0.9588098976563635,7.792989353422055,139.04932030594833,160.81252036847062,307.90049611041485,-23.5385653719129,36447.583333333336,37245.5,37270.61111111112,-324.75,earthquake_m7_5,region,-1.5057201814759709
2021.0,REGION_AVG,31157.9375,,,,,,,,,,,,,,,,,,,,,,,,,,,,,,,,,,,,,,,,,,,,,,,,,,,,,,,,,,,,,,,,,,,,,,,,,,,,,,,,,,,,,,,,,,,,,,,,,,-0.8109592104209924,,,-1.5875330485652954,,,,,,,,,,,,,,,,,83.7510119145722,-1.9812025710988126,-2.0171927999518626,2.859629553610594,,,,,,,5.870380815711089,,,,,,4.310282107168574,7.5,,,,,,,,,10.953018376192652,-11.906497864239716,,,,,,,,,,,,,West,0.19363593854640831,-0.26556447045131204,-0.2250768701304725,-1.0045951489674008,-1.1526125063237849,-0.7156708658410642,-0.7407812188871508,-0.4349205422415105,3.5633500649140464,8.969066268712927,6.700763393789139,0.7469320422545277,414895.13125696575,45016.31889735825,7.5,7.5,2.373004755322646,-0.9536361277127918,0.33622832684730236,0.4866247982879478,1.5562919556550752,2.7571203826471407,1.5437342112560415,4.314088860056014,129.40599790981253,152.43489929727716,247.99577725092973,-45.65498599524032,30276.75,30873.25,30887.6875,881.1875,earthquake_m7_5,region,-1.0187609562714897
2021.0,ISLAND_AVG,42452.230769230766,,,,,,,,,,,,,,,,,,,,,,,,,,,,,,,,,,,,,,,,,,,,,,,,,,,,,,,,,,,,,,,,,,,,,,,,,,,,,,,,,,,,,,,,,,,,,,,,,,-0.7769579305916637,,,-1.6688190559158738,,,,,,,,,,,,,,,,,124.1462598402212,-1.7026224108670072,-1.8848457711072537,0.6504073200390015,,,,,,,5.272882666787423,,,,,,5.40858251716344,285753.04582642805,,,,,,,,,13.446631883578775,821441.0441958879,,,,,,,,,,,,,Puerto Rico,-0.3656642023253174,-0.7855549002582881,-0.713044241357135,-0.41129372826634647,-1.2509938630103836,-0.8606482979049662,-0.8624300790225023,-0.41782519290549003,4.790122524901098,13.994300640384804,9.839010209995005,0.6184599922623423,262876.2884054665,29468.310486178754,104510.03339466122,22876.757420961512,1.1418725225287902,0.2857024008037127,0.6456903053085563,-0.4914652024897886,2.0431265690823515,3.524642816463453,1.7879235140926806,3.229756097705071,178.62038554109242,208.83491712764325,401.6930875051746,-54.47412570087124,41739.0,42544.192307692305,42568.50427350427,713.2307692307693,baseline,island,-0.9788322834653126
2021.0,ISLAND_AVG,42452.230769230766,,,,,,,,,,,,,,,,,,,,,,,,,,,,,,,,,,,,,,,,,,,,,,,,,,,,,,,,,,,,,,,,,,,,,,,,,,,,,,,,,,,,,,,,,,,,,,,,,,-0.7769579305916637,,,-1.6688190559158738,,,,,,,,,,,,,,,,,124.1462598402212,-1.7026224108670072,-1.8848457711072537,0.6504073200390015,,,,,,,5.272882666787423,,,,,,111.0,285753.04582642805,,,,,,,,,-185.238915206662,821441.0441958879,,,,,,,,,,,,,Puerto Rico,-0.3656642023253174,-0.7855549002582881,-0.713044241357135,-0.41129372826634647,-1.2509938630103836,-0.8606482979049662,-0.8624300790225023,-0.41782519290549003,4.790122524901098,13.994300640384804,111.0,111.0,262876.2884054665,29468.310486178754,104510.03339466122,22876.757420961512,1.1418725225287902,0.2857024008037127,0.6456903053085563,-0.4914652024897886,2.0431265690823515,3.524642816463453,1.7879235140926806,3.229756097705071,178.62038554109242,208.83491712764325,401.6930875051746,-54.47412570087124,41739.0,42544.192307692305,42568.50427350427,713.2307692307693,hurricane_cat3,island,-0.9788322834653126
2021.0,ISLAND_AVG,42452.230769230766,,,,,,,,,,,,,,,,,,,,,,,,,,,,,,,,,,,,,,,,,,,,,,,,,,,,,,,,,,,,,,,,,,,,,,,,,,,,,,,,,,,,,,,,,,,,,,,,,,-0.7769579305916637,,,-1.6688190559158738,,,,,,,,,,,,,,,,,124.1462598402212,-1.7026224108670072,-1.8848457711072537,0.6504073200390015,,,,,,,5.272882666787423,,,,,,157.0,285753.04582642805,,,,,,,,,-262.0045917787922,821441.0441958879,,,,,,,,,,,,,Puerto Rico,-0.3656642023253174,-0.7855549002582881,-0.713044241357135,-0.41129372826634647,-1.2509938630103836,-0.8606482979049662,-0.8624300790225023,-0.41782519290549003,4.790122524901098,13.994300640384804,157.0,157.0,262876.2884054665,29468.310486178754,104510.03339466122,22876.757420961512,1.1418725225287902,0.2857024008037127,0.6456903053085563,-0.4914652024897886,2.0431265690823515,3.524642816463453,1.7879235140926806,3.229756097705071,178.62038554109242,208.83491712764325,401.6930875051746,-54.47412570087124,41739.0,42544.192307692305,42568.50427350427,713.2307692307693,hurricane_cat5,island,-0.9788322834653126
2021.0,ISLAND_AVG,42452.230769230766,,,,,,,,,,,,,,,,,,,,,,,,,,,,,,,,,,,,,,,,,,,,,,,,,,,,,,,,,,,,,,,,,,,,,,,,,,,,,,,,,,,,,,,,,,,,,,,,,,-0.7769579305916637,,,-1.6688190559158738,,,,,,,,,,,,,,,,,124.1462598402212,-1.7026224108670072,-1.8848457711072537,0.6504073200390015,,,,,,,5.272882666787423,,,,,,5.40858251716344,6.0,,,,,,,,,13.446631883578775,-10.012914335495243,,,,,,,,,,,,,Puerto Rico,-0.3656642023253174,-0.7855549002582881,-0.713044241357135,-0.41129372826634647,-1.2509938630103836,-0.8606482979049662,-0.8624300790225023,-0.41782519290549003,4.790122524901098,13.994300640384804,9.839010209995005,0.6184599922623423,262876.2884054665,29468.310486178754,6.0,6.0,1.1418725225287902,0.2857024008037127,0.6456903053085563,-0.4914652024897886,2.0431265690823515,3.524642816463453,1.7879235140926806,3.229756097705071,178.62038554109242,208.83491712764325,401.6930875051746,-54.47412570087124,41739.0,42544.192307692305,42568.50427350427,713.2307692307693,earthquake_m6,island,-0.9788322834653126
2021.0,ISLAND_AVG,42452.230769230766,,,,,,,,,,,,,,,,,,,,,,,,,,,,,,,,,,,,,,,,,,,,,,,,,,,,,,,,,,,,,,,,,,,,,,,,,,,,,,,,,,,,,,,,,,,,,,,,,,-0.7769579305916637,,,-1.6688190559158738,,,,,,,,,,,,,,,,,124.1462598402212,-1.7026224108670072,-1.8848457711072537,0.6504073200390015,,,,,,,5.272882666787423,,,,,,5.40858251716344,7.5,,,,,,,,,13.446631883578775,-12.516142919369052,,,,,,,,,,,,,Puerto Rico,-0.3656642023253174,-0.7855549002582881,-0.713044241357135,-0.41129372826634647,-1.2509938630103836,-0.8606482979049662,-0.8624300790225023,-0.41782519290549003,4.790122524901098,13.994300640384804,9.839010209995005,0.6184599922623423,262876.2884054665,29468.310486178754,7.5,7.5,1.1418725225287902,0.2857024008037127,0.6456903053085563,-0.4914652024897886,2.0431265690823515,3.524642816463453,1.7879235140926806,3.229756097705071,178.62038554109242,208.83491712764325,401.6930875051746,-54.47412570087124,41739.0,42544.192307692305,42568.50427350427,713.2307692307693,earthquake_m7_5,island,-0.9788322834653126
