year,municipio,geoid,total_population,total_population_moe,total_population_16plus,total_population_16plus_moe,unemployment_rate_pct,labor_force_participation_pct,median_income_nominal,median_income_real,cpi,total_housing_units,pct_no_vehicle,pct_below_poverty,pct_no_hs_diploma,pct_aged_65_plus,pct_aged_17_under,pct_disability,pct_single_parent,pct_lim_english,pct_multi_unit,pct_mobile_homes,pct_crowding,pct_group_quarters,R_unemployment_rate_pct,R_pct_below_poverty,R_pct_no_hs_diploma,R_pct_aged_65_plus,R_pct_aged_17_under,R_pct_disability,R_pct_single_parent,R_pct_no_vehicle,R_pct_crowding,R_income,SVI_SUM,OVERALL_SVI,Evacuation_Crisis_Index,Crisis_Score,housing_per_100,Geography,Isolation_Index
2012,Adjuntas Municipio,72001,19458.0,0.0,15081.0,80.0,23.1,39.6,13095.0,18627.74,229.59,7037.0,45.2,56.2,20.1,51.8,69.2,21.9,2.83,7.3,1.9,0.0,1.1,0.37,0.7115384615384616,0.7692307692307693,0.5064102564102564,0.28846153846153844,0.21794871794871795,0.6025641025641025,0.36538461538461536,0.7307692307692307,0.6858974358974359,0.9615384615384616,5.83974358974359,0.7564102564102564,512.75784,58.86116324640037,36.165073491622984,Mountain (Isolated),39.63333333333333
2012,Aguada Municipio,72003,41876.0,0.0,33277.0,134.0,30.7,48.7,15106.0,21488.4,229.59,16280.0,41.3,55.8,19.2,51.4,71.4,28.9,2.32,15.1,1.3,0.0,0.6,0.23,0.9615384615384616,0.7564102564102564,0.3525641025641026,0.1858974358974359,0.75,0.8717948717948718,0.17307692307692307,0.2564102564102564,0.21153846153846154,0.7051282051282052,5.2243589743589745,0.6025641025641025,613.4949799999999,70.42511172257674,38.87668354188556,Other,40.53333333333333
2012,Aguadilla Municipio,72005,60714.0,0.0,48215.0,181.0,24.5,40.1,15302.0,21767.21,229.59,25553.0,43.5,50.3,28.8,52.4,71.9,21.9,2.69,20.1,6.8,0.2,0.6,2.44,0.8012820512820513,0.5,0.8717948717948718,0.4807692307692308,0.8333333333333334,0.6025641025641025,0.2692307692307692,0.5641025641025641,0.21153846153846154,0.6923076923076923,5.8269230769230775,0.7435897435897436,499.18859999999995,57.3035054429242,42.08749217643377,Other,39.266666666666666
2012,Aguas Buenas Municipio,72007,28573.0,0.0,22384.0,104.0,13.2,33.1,13994.0,19906.57,229.59,10250.0,52.7,57.3,15.8,51.8,70.5,22.8,1.68,6.0,1.5,0.4,0.5,0.7,0.25,0.8333333333333334,0.22435897435897437,0.28846153846153844,0.5,0.6538461538461539,0.0641025641025641,0.9743589743589743,0.1346153846153846,0.8846153846153846,4.8076923076923075,0.4358974358974359,622.40808,71.44827586206898,35.873026983515906,Other,42.43333333333333
2012,Aibonito Municipio,72009,25823.0,0.0,20332.0,86.0,10.0,36.9,16235.0,23094.41,229.59,9556.0,42.4,48.9,16.4,52.3,71.1,31.5,3.97,13.3,1.7,0.0,0.7,0.22,0.10256410256410256,0.41025641025641024,0.25,0.4358974358974359,0.6410256410256411,0.9487179487179487,0.6666666666666666,0.3717948717948718,0.358974358974359,0.5512820512820513,4.737179487179486,0.3974358974358974,698.5187999999999,80.1852763820826,37.005770049955466,Other,42.06666666666666
2012,Arecibo Municipio,72013,96176.0,0.0,77254.0,180.0,15.0,38.2,17077.0,24292.17,229.59,40017.0,43.0,47.1,21.3,52.9,72.8,13.7,2.55,14.0,3.0999999999999996,0.2,0.8,2.02,0.358974358974359,0.3141025641025641,0.5897435897435898,0.6602564102564102,0.9230769230769231,0.10897435897435898,0.24358974358974358,0.46794871794871795,0.48717948717948717,0.4358974358974359,4.589743589743589,0.32051282051282054,311.6338999999999,35.77348297787588,41.60809349525869,Other,36.53333333333333
2012,Arroyo Municipio,72015,19542.0,0.0,15013.0,104.0,28.5,43.1,16114.0,22922.29,229.59,8053.0,51.8,53.2,23.1,54.1,68.7,25.0,3.86,14.1,1.6,0.1,0.4,0.18,0.9102564102564102,0.6153846153846154,0.6410256410256411,0.9294871794871795,0.1858974358974359,0.782051282051282,0.6346153846153846,0.9230769230769231,0.09615384615384616,0.5769230769230769,6.294871794871795,0.8717948717948718,700.595,80.42361022624611,41.208678743219735,Other,43.633333333333326
2012,Añasco Municipio,72011,29236.0,0.0,23220.0,135.0,9.3,38.7,16771.0,23856.88,229.59,11457.0,44.5,49.5,23.8,52.3,71.8,11.2,2.83,10.4,2.0999999999999996,0.4,0.7,0.35,0.08974358974358974,0.44871794871794873,0.7115384615384616,0.4358974358974359,0.8076923076923077,0.0641025641025641,0.36538461538461536,0.6474358974358975,0.358974358974359,0.46153846153846156,4.3910256410256405,0.2692307692307692,260.66319999999996,29.92238825159476,39.18798741277877,Other,36.0
2012,Barceloneta Municipio,72017,24815.0,0.0,19166.0,108.0,17.7,37.6,15034.0,21385.98,229.59,9518.0,43.2,53.5,23.5,53.0,69.7,36.3,3.43,22.6,1.4,0.0,0.2,0.2,0.48717948717948717,0.6282051282051282,0.6730769230769231,0.717948717948718,0.3076923076923077,1.0,0.5384615384615384,0.5192307692307693,0.038461538461538464,0.7307692307692307,5.6410256410256405,0.6794871794871795,831.1248,95.40755638359788,38.355833165424144,Other,44.166666666666664
2012,Barranquitas Municipio,72019,30322.0,0.0,22997.0,135.0,12.4,36.5,14907.0,21205.32,229.59,10348.0,52.0,56.7,12.4,51.4,66.6,21.0,4.82,9.8,1.8,0.0,1.3,0.84,0.17307692307692307,0.7948717948717948,0.08974358974358974,0.1858974358974359,0.02564102564102564,0.48717948717948717,0.8076923076923077,0.9423076923076923,0.8012820512820513,0.7435897435897436,5.051282051282051,0.5384615384615384,561.2879999999999,64.43210033852542,34.12703647516654,Other,41.46666666666667
2012,Bayamón Municipio,72021,207337.0,0.0,166407.0,279.0,18.5,52.4,24609.0,35006.5,229.59,81952.0,43.1,35.2,19.9,53.7,72.8,23.8,3.06,16.2,8.8,0.1,0.7,2.74,0.5448717948717948,0.07692307692307693,0.4358974358974359,0.8525641025641025,0.9230769230769231,0.717948717948718,0.42948717948717946,0.4935897435897436,0.358974358974359,0.08974358974358974,4.9230769230769225,0.48717948717948717,550.8438600000001,63.23318306890698,39.525989090225096,Metro/Coastal (Hubs),40.199999999999996
2012,Cabo Rojo Municipio,72023,50866.0,0.0,40527.0,195.0,10.7,35.4,16003.0,22764.39,229.59,27085.0,39.6,49.3,19.5,53.1,72.8,15.2,2.23,8.9,6.1,3.9,0.7,0.25,0.1282051282051282,0.4358974358974359,0.391025641025641,0.7628205128205128,0.9230769230769231,0.19230769230769232,0.14102564102564102,0.1858974358974359,0.358974358974359,0.6282051282051282,4.147435897435898,0.1794871794871795,319.61952,36.69017862985016,53.24774898753588,Other,35.96666666666667
2012,Caguas Municipio,72025,142549.0,0.0,112407.0,217.0,14.4,51.5,23845.0,33919.7,229.59,55096.0,39.9,36.6,17.0,54.3,71.2,20.1,3.26,16.9,6.5,0.2,0.6,0.66,0.32051282051282054,0.11538461538461539,0.28205128205128205,0.9551282051282052,0.6858974358974359,0.42948717948717946,0.5,0.21794871794871795,0.21153846153846154,0.10256410256410256,3.8205128205128207,0.10256410256410256,435.48057,49.99025060524766,38.6505692779325,Other,38.1
2012,Camuy Municipio,72027,35085.0,0.0,27660.0,130.0,18.9,42.4,17762.0,25266.58,229.59,13204.0,38.8,48.2,12.0,52.4,70.8,13.8,1.38,8.1,0.8,0.2,0.3,0.28,0.5769230769230769,0.38461538461538464,0.07692307692307693,0.4807692307692308,0.5897435897435898,0.1346153846153846,0.038461538461538464,0.12179487179487179,0.057692307692307696,0.358974358974359,2.8205128205128203,0.038461538461538464,280.57055999999994,32.207619749498065,37.63431665954112,Other,35.0
2012,Canóvanas Municipio,72029,47656.0,0.0,36568.0,136.0,18.0,52.3,22746.0,32356.36,229.59,16751.0,41.4,42.9,16.4,52.6,68.3,18.7,4.69,12.8,0.8999999999999999,0.0,1.7,0.26,0.5128205128205128,0.21794871794871795,0.25,0.5448717948717948,0.16025641025641027,0.3076923076923077,0.782051282051282,0.28205128205128205,0.8846153846153846,0.15384615384615385,4.096153846153846,0.14102564102564102,407.21868,46.7459750600082,35.14982373678026,Other,37.56666666666666
2012,Carolina Municipio,72031,176157.0,0.0,140890.0,272.0,13.7,55.1,29470.0,41921.31,229.59,74214.0,42.1,29.2,15.6,55.2,72.5,19.0,2.9,18.9,20.0,0.0,1.1,0.41,0.28205128205128205,0.02564102564102564,0.20512820512820512,0.9871794871794872,0.8717948717948718,0.3333333333333333,0.3974358974358974,0.3333333333333333,0.6858974358974359,0.038461538461538464,4.160256410256411,0.20512820512820512,441.5448,50.6863835634365,42.129464057630415,Metro/Coastal (Hubs),38.76666666666667
2012,Cataño Municipio,72033,28049.0,0.0,21686.0,113.0,27.2,53.9,17780.0,25292.19,229.59,10665.0,36.9,47.2,23.4,53.8,69.5,18.0,4.0,10.0,12.6,0.1,0.7,0.04,0.8846153846153846,0.3333333333333333,0.6538461538461539,0.8782051282051282,0.27564102564102566,0.27564102564102566,0.6794871794871795,0.02564102564102564,0.358974358974359,0.34615384615384615,4.711538461538461,0.38461538461538464,357.33959999999996,41.02019099308829,38.02274590894506,Other,36.23333333333333
2012,Cayey Municipio,72035,48008.0,0.0,38070.0,169.0,14.7,50.0,20912.0,29747.48,229.59,18524.0,42.2,38.6,11.3,52.6,71.2,31.9,4.24,10.6,2.9,0.2,0.7,0.33,0.34615384615384615,0.14743589743589744,0.038461538461538464,0.5448717948717948,0.6858974358974359,0.9615384615384616,0.7307692307692307,0.3525641025641026,0.358974358974359,0.19230769230769232,4.3589743589743595,0.24358974358974358,708.0906800000001,81.28406405006827,38.585235794034325,Other,42.233333333333334
2012,Ceiba Municipio,72037,13726.0,0.0,10869.0,72.0,12.8,44.1,20455.0,29097.4,229.59,7456.0,48.5,41.0,20.6,54.0,70.7,13.7,3.12,24.1,4.3,0.4,2.0,0.46,0.21794871794871795,0.19230769230769232,0.5769230769230769,0.9038461538461539,0.5705128205128205,0.10897435897435898,0.47435897435897434,0.8974358974358975,0.9487179487179487,0.20512820512820512,5.096153846153847,0.5641025641025641,358.80299999999994,41.18817950457508,54.32026810432755,Other,38.733333333333334
2012,Ciales Municipio,72039,18712.0,0.0,14587.0,72.0,21.0,33.6,13722.0,19519.65,229.59,7035.0,47.1,61.9,28.3,51.1,69.5,14.5,4.93,6.5,2.5999999999999996,0.0,0.9,0.21,0.6282051282051282,1.0,0.8589743589743589,0.1346153846153846,0.27564102564102566,0.15384615384615385,0.8461538461538461,0.8333333333333334,0.5576923076923077,0.8974358974358975,6.185897435897436,0.8589743589743589,348.98745,40.061420153800064,37.59619495510902,Other,37.56666666666666
2012,Cidra Municipio,72041,43414.0,0.0,33871.0,154.0,12.1,53.6,23804.0,33861.38,229.59,15246.0,38.7,38.5,9.9,51.8,70.3,29.6,5.7,10.2,0.4,0.2,1.0,0.4,0.15384615384615385,0.1282051282051282,0.01282051282051282,0.28846153846153844,0.4358974358974359,0.9038461538461539,0.9102564102564102,0.09615384615384616,0.6153846153846154,0.11538461538461539,3.66025641025641,0.08974358974358974,593.37936,68.11597337254672,35.11770396646243,Other,40.03333333333334
2012,Coamo Municipio,72043,40577.0,0.0,31290.0,114.0,13.3,40.3,16658.0,23696.14,229.59,14995.0,43.4,53.1,15.8,52.2,68.3,28.0,4.01,18.2,2.3,0.0,0.7,0.27,0.2692307692307692,0.6025641025641025,0.22435897435897437,0.38461538461538464,0.16025641025641027,0.8461538461538461,0.6987179487179487,0.5512820512820513,0.358974358974359,0.48717948717948717,4.583333333333333,0.2948717948717949,634.3344000000001,72.81733746130033,36.954432313872395,Other,41.199999999999996
2012,Comerío Municipio,72045,20745.0,0.0,16135.0,99.0,10.1,33.1,12481.0,17754.32,229.59,7524.0,56.0,59.1,20.1,50.9,70.0,21.6,2.36,5.1,1.4,0.0,0.9,0.14,0.11538461538461539,0.8910256410256411,0.5064102564102564,0.08974358974358974,0.34615384615384615,0.5576923076923077,0.19230769230769232,0.9871794871794872,0.5576923076923077,0.9743589743589743,5.217948717948718,0.5897435897435898,615.6864,70.67667205047232,36.26898047722343,Other,42.833333333333336
2012,Corozal Municipio,72047,37074.0,0.0,28764.0,134.0,11.8,34.7,15828.0,22515.45,229.59,12595.0,52.4,53.7,21.9,52.0,69.1,19.7,3.37,9.7,0.4,0.1,1.7,0.47,0.14102564102564102,0.6410256410256411,0.6153846153846154,0.34615384615384615,0.20512820512820512,0.391025641025641,0.5192307692307693,0.9615384615384616,0.8846153846153846,0.6538461538461539,5.3589743589743595,0.6410256410256411,536.7855999999999,61.619389047112314,33.97259534984086,Other,41.36666666666667
2012,Culebra Municipio,72049,1535.0,272.0,1240.0,235.0,9.0,50.2,16375.0,23293.57,229.59,1207.0,38.2,57.1,20.0,47.4,72.7,12.1,0.0,21.5,2.2,2.1,2.4,2.28,0.07692307692307693,0.8141025641025641,0.46153846153846156,0.01282051282051282,0.8910256410256411,0.08974358974358974,0.01282051282051282,0.0641025641025641,0.9935897435897436,0.5384615384615384,3.9551282051282053,0.11538461538461539,219.09228,25.15032526680832,78.63192182410424,Other,32.56666666666667
2012,Dorado Municipio,72051,38179.0,0.0,29481.0,125.0,15.4,51.8,28530.0,40584.15,229.59,15225.0,34.4,36.2,13.5,53.0,69.4,18.0,3.06,18.7,1.6,0.1,1.9,0.15,0.3974358974358974,0.09615384615384616,0.1282051282051282,0.717948717948718,0.2564102564102564,0.27564102564102566,0.42948717948717946,0.01282051282051282,0.9294871794871795,0.05128205128205128,3.2948717948717947,0.07692307692307693,328.176,37.67240518360614,39.87794337201079,Metro/Coastal (Hubs),35.13333333333333
2012,Fajardo Municipio,72053,36857.0,0.0,28838.0,127.0,19.2,50.0,21194.0,30148.63,229.59,17870.0,43.6,42.0,15.5,54.1,70.6,21.9,4.28,19.3,12.0,0.4,0.6,0.74,0.5897435897435898,0.20512820512820512,0.19230769230769232,0.9294871794871795,0.5384615384615384,0.6025641025641025,0.7435897435897436,0.5769230769230769,0.21153846153846154,0.1794871794871795,4.76923076923077,0.4230769230769231,516.56844,59.29859458565934,48.48468404916298,Other,39.86666666666667
2012,Florida Municipio,72054,12657.0,0.0,9786.0,89.0,15.3,40.4,16150.0,22973.5,229.59,4751.0,41.8,55.7,13.8,52.8,69.7,32.8,2.28,16.4,1.9,0.0,0.4,0.09,0.38461538461538464,0.7435897435897436,0.14102564102564102,0.6153846153846154,0.3076923076923077,0.9743589743589743,0.15384615384615385,0.3076923076923077,0.09615384615384616,0.5641025641025641,4.288461538461539,0.23076923076923078,723.9091199999998,83.09991493816658,37.53654104448131,Other,42.46666666666666
2012,Guayama Municipio,72057,45250.0,0.0,35138.0,132.0,21.4,44.3,17496.0,24888.2,229.59,18043.0,43.9,47.5,24.2,50.4,70.3,21.5,5.07,15.8,2.7,0.1,0.8,3.46,0.6538461538461539,0.3525641025641026,0.75,0.038461538461538464,0.4358974358974359,0.532051282051282,0.8717948717948718,0.6282051282051282,0.48717948717948717,0.3974358974358974,5.147435897435898,0.5769230769230769,475.70039999999995,54.6072175137838,39.874033149171275,Other,38.6
2012,Guayanilla Municipio,72059,21493.0,0.0,16656.0,96.0,27.1,37.6,14679.0,20880.99,229.59,8246.0,44.5,55.5,28.9,52.3,70.2,19.7,2.93,8.9,0.5,0.5,0.4,0.15,0.8717948717948718,0.7307692307692307,0.8846153846153846,0.4358974358974359,0.3782051282051282,0.391025641025641,0.41025641025641024,0.6474358974358975,0.09615384615384616,0.7948717948717948,5.641025641025641,0.6923076923076923,458.48794999999996,52.63134362110865,38.36597962127204,Other,38.833333333333336
2012,Guaynabo Municipio,72061,97639.0,0.0,79414.0,199.0,15.2,57.8,34638.0,49272.83,229.59,38799.0,39.2,27.2,13.4,53.5,74.4,14.8,2.42,24.7,20.1,0.2,0.7,0.99,0.3717948717948718,0.01282051282051282,0.11538461538461539,0.8205128205128205,0.9871794871794872,0.16666666666666666,0.20512820512820512,0.15384615384615385,0.358974358974359,0.01282051282051282,3.205128205128205,0.0641025641025641,310.3856,35.63018650467037,39.73719517815627,Metro/Coastal (Hubs),35.833333333333336
2012,Gurabo Municipio,72063,45540.0,0.0,35023.0,169.0,13.1,55.1,27817.0,39569.9,229.59,15880.0,38.4,33.9,16.5,53.0,69.7,17.1,2.79,20.0,0.7999999999999999,0.0,0.3,0.57,0.23076923076923078,0.0641025641025641,0.2692307692307692,0.717948717948718,0.3076923076923077,0.20512820512820512,0.34615384615384615,0.07692307692307693,0.057692307692307696,0.0641025641025641,2.3397435897435894,0.01282051282051282,348.0192,39.95027154354512,34.87044356609574,Other,36.166666666666664
2012,Guánica Municipio,72055,19363.0,0.0,15127.0,86.0,33.0,40.1,13567.0,19299.16,229.59,9021.0,52.0,61.3,18.3,52.6,71.1,25.7,2.88,9.7,0.7,0.1,0.9,0.45,1.0,0.9871794871794872,0.3076923076923077,0.5448717948717948,0.6410256410256411,0.7948717948717948,0.38461538461538464,0.9423076923076923,0.5576923076923077,0.9358974358974359,7.096153846153847,0.9871794871794872,702.9464,80.69353518586757,46.588855032794505,Other,43.43333333333334
2012,Hatillo Municipio,72065,41945.0,0.0,33072.0,134.0,20.1,46.1,18669.0,26556.8,229.59,15703.0,47.0,47.1,19.8,52.7,71.6,10.7,1.54,8.1,1.5,0.2,0.6,0.25,0.6153846153846154,0.3141025641025641,0.4230769230769231,0.5833333333333334,0.7756410256410257,0.04487179487179487,0.05128205128205128,0.8205128205128205,0.21153846153846154,0.2948717948717949,4.134615384615384,0.16666666666666666,265.0283,30.42347247428917,37.43712003814519,Other,36.800000000000004
2012,Hormigueros Municipio,72067,17217.0,0.0,14028.0,78.0,14.2,43.8,20428.0,29058.99,229.59,7216.0,42.8,32.4,20.1,54.7,74.9,20.1,2.68,22.2,3.5999999999999996,0.4,0.1,1.0,0.3076923076923077,0.05128205128205128,0.5064102564102564,0.9743589743589743,1.0,0.42948717948717946,0.2564102564102564,0.4423076923076923,0.019230769230769232,0.21794871794871795,4.205128205128205,0.21794871794871795,470.57316000000003,54.018644727371665,41.91206365801243,Other,39.2
2012,Humacao Municipio,72069,58333.0,0.0,46310.0,178.0,17.0,43.7,19918.0,28333.51,229.59,25192.0,40.8,44.3,19.6,53.5,71.7,15.1,2.76,16.1,8.6,0.0,0.8,1.04,0.4423076923076923,0.24358974358974358,0.41025641025641024,0.8205128205128205,0.7948717948717948,0.1794871794871795,0.2948717948717949,0.23717948717948717,0.48717948717948717,0.24358974358974358,4.153846153846153,0.19230769230769232,329.6028,37.8361922604063,43.18653249447139,Other,36.46666666666666
2012,Isabela Municipio,72071,45567.0,0.0,36176.0,132.0,15.8,36.6,14570.0,20725.94,229.59,18766.0,42.6,57.1,22.3,52.2,71.9,28.3,2.7,13.1,2.3,0.0,1.0,0.53,0.41025641025641024,0.8141025641025641,0.6282051282051282,0.38461538461538464,0.8333333333333334,0.8589743589743589,0.28205128205128205,0.41025641025641024,0.6153846153846154,0.8205128205128205,6.0576923076923075,0.8076923076923077,629.31276,72.24088684709878,41.18331248491233,Other,41.03333333333333
2012,Jayuya Municipio,72073,16600.0,0.0,12583.0,81.0,25.0,48.6,17137.0,24377.52,229.59,5802.0,43.8,54.4,14.1,50.7,68.2,29.6,8.76,7.5,1.2,0.3,1.2,0.34,0.8205128205128205,0.6666666666666666,0.15384615384615385,0.05128205128205128,0.1346153846153846,0.9038461538461539,1.0,0.6153846153846154,0.75,0.4230769230769231,5.51923076923077,0.6538461538461539,657.31536,75.4553976382427,34.95180722891566,Mountain (Isolated),41.36666666666667
2012,Juana Díaz Municipio,72075,50695.0,0.0,38852.0,135.0,18.6,43.5,16938.0,24094.44,229.59,18242.0,42.7,53.0,18.4,52.8,68.2,20.8,3.74,11.2,1.3,0.2,1.9,1.0,0.5641025641025641,0.5833333333333334,0.32051282051282054,0.6153846153846154,0.1346153846153846,0.47435897435897434,0.5897435897435898,0.4230769230769231,0.9294871794871795,0.44871794871794873,5.083333333333333,0.5512820512820513,468.9484800000001,53.83214235287232,35.98382483479633,Other,38.766666666666666
2012,Juncos Municipio,72077,40292.0,0.0,30846.0,180.0,18.4,46.9,18946.0,26950.83,229.59,14903.0,41.4,44.6,24.0,53.1,69.3,17.9,3.57,14.6,3.0,0.0,0.4,0.66,0.5256410256410257,0.2564102564102564,0.7307692307692307,0.7628205128205128,0.23717948717948717,0.2564102564102564,0.5641025641025641,0.28205128205128205,0.09615384615384616,0.28205128205128205,3.993589743589743,0.1282051282051282,393.50285999999994,45.17149085499195,36.98749131341209,Other,37.46666666666667
2012,Lajas Municipio,72079,25671.0,0.0,20585.0,105.0,12.4,28.1,13698.0,19485.51,229.59,11719.0,46.6,61.1,34.1,52.2,72.3,17.8,2.12,7.6,1.7999999999999998,1.0,1.3,0.11,0.17307692307692307,0.9743589743589743,0.9230769230769231,0.38461538461538464,0.8589743589743589,0.24358974358974358,0.10256410256410256,0.7948717948717948,0.8012820512820513,0.9102564102564102,6.166666666666667,0.8461538461538461,432.98856000000006,49.704184560071916,45.650734291613105,Other,38.86666666666667
2012,Lares Municipio,72081,30628.0,0.0,24204.0,95.0,25.5,38.0,12094.0,17203.81,229.59,11944.0,49.6,60.9,27.3,51.3,71.3,21.5,5.69,8.6,1.0,0.2,0.9,0.7,0.8333333333333334,0.9615384615384616,0.8333333333333334,0.16666666666666666,0.7243589743589743,0.532051282051282,0.8974358974358975,0.9102564102564102,0.5576923076923077,1.0,7.416666666666667,1.0,547.0632,62.79918864097363,38.99699621261591,Mountain (Isolated),40.800000000000004
2012,Las Marías Municipio,72083,9853.0,0.0,7736.0,55.0,6.0,40.1,14460.0,20569.46,229.59,3929.0,38.8,59.1,40.2,50.8,70.2,7.9,4.88,5.7,1.4,0.2,1.7,0.69,0.01282051282051282,0.8910256410256411,0.9871794871794872,0.0641025641025641,0.3782051282051282,0.01282051282051282,0.8205128205128205,0.12179487179487179,0.8846153846153846,0.8333333333333334,5.0064102564102555,0.5128205128205128,155.71215999999998,17.874712299298267,39.876179843702424,Other,32.5
2012,Las Piedras Municipio,72085,38687.0,0.0,30316.0,129.0,18.5,45.2,19345.0,27518.41,229.59,14065.0,45.3,47.9,24.8,52.7,70.2,18.9,2.77,11.5,0.7,0.2,0.6,0.24,0.5448717948717948,0.3717948717948718,0.7692307692307693,0.5833333333333334,0.3782051282051282,0.32051282051282054,0.3141025641025641,0.7435897435897436,0.21153846153846154,0.2564102564102564,4.493589743589744,0.28205128205128205,451.20158999999995,51.794918330308526,36.35588182076667,Other,38.96666666666666
2012,Loíza Municipio,72087,29997.0,0.0,22944.0,130.0,24.5,52.6,19100.0,27169.9,229.59,11351.0,45.6,45.2,11.6,54.3,67.9,17.3,3.85,8.6,3.3,0.5,2.1,0.26,0.8012820512820513,0.2692307692307692,0.05128205128205128,0.9551282051282052,0.10256410256410256,0.22435897435897437,0.6153846153846154,0.7628205128205128,0.967948717948718,0.2692307692307692,5.019230769230769,0.5256410256410257,428.36184000000003,49.17306811489891,37.84045071173784,Other,39.06666666666666
2012,Luquillo Municipio,72089,20050.0,0.0,15664.0,89.0,23.5,51.3,20084.0,28569.65,229.59,10197.0,43.2,43.5,19.5,53.2,70.5,22.9,4.92,18.0,19.0,0.2,1.6,0.5,0.7435897435897436,0.23076923076923078,0.391025641025641,0.782051282051282,0.5,0.6730769230769231,0.8333333333333334,0.5192307692307693,0.8525641025641025,0.23076923076923078,5.7564102564102555,0.717948717948718,526.29696,60.415363475757374,50.857855361596,Other,39.766666666666666
2012,Manatí Municipio,72091,43974.0,0.0,34176.0,157.0,22.6,45.0,17513.0,24912.38,229.59,17955.0,45.1,49.0,20.4,53.8,70.5,19.5,2.5,15.1,4.8999999999999995,0.2,2.1,0.84,0.6923076923076923,0.4230769230769231,0.5641025641025641,0.8782051282051282,0.5,0.3717948717948718,0.23076923076923078,0.717948717948718,0.967948717948718,0.38461538461538464,5.730769230769231,0.7051282051282052,473.1441,54.313771407515056,40.83094555873926,Other,39.46666666666667
2012,Maricao Municipio,72093,6546.0,272.0,5141.0,256.0,8.4,40.3,12288.0,17479.78,229.59,2318.0,39.1,59.5,34.6,51.2,71.1,9.3,7.13,4.6,0.4,1.3,0.8,0.38,0.05128205128205128,0.9166666666666666,0.9487179487179487,0.15384615384615385,0.6410256410256411,0.02564102564102564,0.9871794871794872,0.14102564102564102,0.48717948717948717,0.9871794871794872,5.339743589743589,0.6282051282051282,186.17856000000003,21.37205081669692,35.41093797739077,Other,33.199999999999996
2012,Maunabo Municipio,72095,12201.0,0.0,9677.0,80.0,26.4,40.0,16043.0,22821.29,229.59,5001.0,46.2,58.1,15.0,51.1,71.9,24.4,5.02,6.9,2.6,0.3,2.4,0.11,0.8525641025641025,0.8589743589743589,0.1794871794871795,0.1346153846153846,0.8333333333333334,0.7564102564102564,0.8589743589743589,0.782051282051282,0.9935897435897436,0.5897435897435898,6.839743589743589,0.9487179487179487,576.04008,66.12554024595612,40.98844357019916,Other,40.56666666666667
2012,Mayagüez Municipio,72097,88664.0,0.0,72978.0,211.0,17.2,38.6,15060.0,21422.97,229.59,39853.0,42.2,51.4,19.2,52.9,72.7,21.4,1.76,19.2,16.1,0.0,0.7,1.78,0.46153846153846156,0.5448717948717948,0.3525641025641026,0.6602564102564102,0.8910256410256411,0.5128205128205128,0.07692307692307693,0.3525641025641026,0.358974358974359,0.717948717948718,4.92948717948718,0.5,477.72932000000003,54.84012393084393,44.9483443111071,Other,38.833333333333336
2012,Moca Municipio,72099,40044.0,0.0,30958.0,148.0,24.4,43.5,14384.0,20461.35,229.59,15081.0,42.0,54.5,20.1,51.6,69.9,18.5,3.78,11.3,1.6,0.0,0.6,0.6,0.7756410256410257,0.6858974358974359,0.5064102564102564,0.23076923076923078,0.3333333333333333,0.2948717948717949,0.6025641025641025,0.32051282051282054,0.21153846153846154,0.8461538461538461,4.807692307692308,0.44871794871794873,400.932,46.02430633280184,37.66107281989811,Other,37.36666666666667
2012,Morovis Municipio,72101,32617.0,0.0,24648.0,109.0,26.4,40.1,14596.0,20762.92,229.59,10662.0,44.9,57.8,23.8,50.9,67.0,30.0,5.79,9.9,2.2,0.0,0.8,0.17,0.8525641025641025,0.8461538461538461,0.7115384615384616,0.08974358974358974,0.0641025641025641,0.9230769230769231,0.9358974358974359,0.7051282051282052,0.48717948717948717,0.8076923076923077,6.423076923076923,0.8974358974358975,685.623,78.70492497684046,32.68847533494803,Other,41.93333333333334
2012,Naguabo Municipio,72103,26761.0,0.0,20607.0,86.0,17.9,44.5,16706.0,23764.42,229.59,10400.0,39.6,53.0,39.3,52.9,68.7,13.8,4.01,16.8,3.8,0.0,0.6,0.37,0.5,0.5833333333333334,0.9743589743589743,0.6602564102564102,0.1858974358974359,0.1346153846153846,0.6987179487179487,0.1858974358974359,0.21153846153846154,0.47435897435897434,4.6089743589743595,0.3525641025641026,289.08792,33.18535558945784,38.86252382197974,Other,35.43333333333334
2012,Naranjito Municipio,72105,30385.0,0.0,23905.0,115.0,8.5,33.3,16007.0,22770.08,229.59,9873.0,56.7,52.0,10.3,50.9,70.2,23.6,3.87,8.6,0.8,0.0,0.8,0.29,0.0641025641025641,0.5641025641025641,0.02564102564102564,0.08974358974358974,0.3782051282051282,0.7051282051282052,0.6538461538461539,1.0,0.48717948717948717,0.6153846153846154,4.583333333333334,0.3076923076923077,681.1030800000001,78.18606845583501,32.49300641764029,Other,43.73333333333333
2012,Orocovis Municipio,72107,23386.0,0.0,18013.0,100.0,29.0,42.1,14296.0,20336.17,229.59,8253.0,43.1,59.9,19.3,50.3,66.9,30.7,5.76,7.7,1.5,0.0,0.8,0.65,0.9358974358974359,0.9487179487179487,0.3717948717948718,0.02564102564102564,0.05128205128205128,0.9358974358974359,0.9230769230769231,0.4935897435897436,0.48717948717948717,0.8589743589743589,6.032051282051282,0.7948717948717948,665.5545099999999,76.40119683491919,35.290344650645686,Mountain (Isolated),41.36666666666667
2012,Patillas Municipio,72109,19225.0,0.0,15176.0,110.0,29.5,41.1,14777.0,21020.4,229.59,8229.0,43.7,54.9,14.7,51.5,71.3,27.8,2.46,10.7,0.5,0.1,0.5,0.04,0.9487179487179487,0.7051282051282052,0.16666666666666666,0.20512820512820512,0.7243589743589743,0.8333333333333334,0.21794871794871795,0.5961538461538461,0.1346153846153846,0.7564102564102564,5.288461538461539,0.6153846153846154,625.6529,71.82075944949727,42.8036410923277,Other,41.0
2012,Peñuelas Municipio,72111,24193.0,0.0,18309.0,117.0,24.4,44.5,15541.0,22107.19,229.59,8587.0,39.7,59.8,27.4,51.6,67.2,19.8,4.39,9.5,0.2,0.1,1.8,0.07,0.7756410256410257,0.9358974358974359,0.8461538461538461,0.23076923076923078,0.07692307692307693,0.41025641025641024,0.7564102564102564,0.20512820512820512,0.9102564102564102,0.6666666666666666,5.814102564102566,0.7307692307692307,405.6069600000001,46.56096040664379,35.49373785805812,Other,37.03333333333334
2012,Ponce Municipio,72113,165602.0,0.0,130391.0,237.0,22.3,47.3,17459.0,24835.56,229.59,66003.0,43.3,49.7,20.3,52.9,70.7,21.2,3.49,15.4,11.4,0.1,1.0,2.2,0.6794871794871795,0.46153846153846156,0.5448717948717948,0.6602564102564102,0.5705128205128205,0.5,0.5512820512820513,0.5384615384615384,0.6153846153846154,0.41025641025641024,5.532051282051281,0.6666666666666666,485.60084,55.74372166757927,39.856402700450474,Other,39.13333333333333
2012,Quebradillas Municipio,72115,25874.0,0.0,20226.0,115.0,17.3,34.9,14255.0,20277.85,229.59,9592.0,42.5,58.9,25.4,51.9,70.6,29.1,2.77,16.8,3.4000000000000004,0.2,1.1,0.26,0.47435897435897434,0.8717948717948718,0.8012820512820513,0.32051282051282054,0.5384615384615384,0.8846153846153846,0.3141025641025641,0.391025641025641,0.6858974358974359,0.8717948717948718,6.153846153846155,0.8333333333333334,641.87325,73.68274691177331,37.07196413387957,Other,41.166666666666664
2012,Rincón Municipio,72117,15182.0,0.0,12228.0,70.0,24.3,46.0,16548.0,23539.66,229.59,8445.0,47.7,49.9,43.8,52.3,73.6,34.3,2.01,24.0,9.7,0.5,0.7,0.16,0.7564102564102564,0.4807692307692308,1.0,0.4358974358974359,0.9615384615384616,0.9871794871794872,0.08974358974358974,0.8717948717948718,0.358974358974359,0.5128205128205128,6.455128205128205,0.9102564102564102,855.6855299999999,98.22696356805118,55.625082334343304,Other,44.76666666666667
2012,Río Grande Municipio,72119,54203.0,0.0,42642.0,139.0,21.3,51.5,22491.0,31993.62,229.59,22478.0,40.8,40.3,23.5,52.3,70.4,23.1,3.37,14.5,5.3,0.2,1.6,2.15,0.6410256410256411,0.1794871794871795,0.6730769230769231,0.4358974358974359,0.47435897435897434,0.6923076923076923,0.5192307692307693,0.23717948717948717,0.8525641025641025,0.16666666666666666,4.871794871794871,0.46153846153846156,492.91704,56.58357239037527,41.470029334169695,Other,38.733333333333334
2012,Sabana Grande Municipio,72121,25216.0,0.0,19896.0,107.0,28.8,41.2,15958.0,22700.38,229.59,10321.0,44.8,50.4,25.2,53.5,71.2,24.0,2.32,11.1,2.1,0.0,1.4,0.68,0.9230769230769231,0.5128205128205128,0.782051282051282,0.8205128205128205,0.6858974358974359,0.7371794871794872,0.17307692307692307,0.6858974358974359,0.8333333333333334,0.6410256410256411,6.794871794871796,0.9358974358974359,575.232,66.03277807815357,40.9303616751269,Other,40.766666666666666
2012,Salinas Municipio,72123,31019.0,0.0,23789.0,117.0,23.1,41.8,13386.0,19041.69,229.59,13120.0,44.8,59.5,30.6,52.6,67.8,20.3,5.4,13.9,0.8999999999999999,0.2,1.0,0.68,0.7115384615384616,0.9166666666666666,0.8974358974358975,0.5448717948717948,0.08974358974358974,0.44871794871794873,0.8846153846153846,0.6858974358974359,0.6153846153846154,0.9487179487179487,6.7435897435897445,0.9230769230769231,478.3654399999999,54.91314624321715,42.29665688771398,Other,39.233333333333334
2012,San Germán Municipio,72125,35441.0,0.0,28400.0,112.0,7.1,37.5,15470.0,22006.2,229.59,14708.0,39.5,47.5,20.3,52.5,73.2,10.7,3.86,11.3,3.9,0.1,0.6,1.98,0.02564102564102564,0.3525641025641026,0.5448717948717948,0.5064102564102564,0.9487179487179487,0.04487179487179487,0.6346153846153846,0.16666666666666666,0.21153846153846154,0.6794871794871795,4.115384615384615,0.15384615384615385,221.89125,25.471628262569006,41.499957676137804,Other,34.233333333333334
2012,San Juan Municipio,72127,393633.0,0.0,319020.0,360.0,16.0,54.3,23100.0,32859.93,229.59,184552.0,42.5,39.4,20.0,55.4,73.9,19.3,2.78,23.3,29.9,0.4,0.7,1.97,0.4230769230769231,0.16666666666666666,0.46153846153846156,1.0,0.9743589743589743,0.358974358974359,0.3333333333333333,0.391025641025641,0.358974358974359,0.14102564102564102,4.6089743589743595,0.3525641025641026,454.4185,52.16419803680503,46.88428053542259,Metro/Coastal (Hubs),39.06666666666667
2012,San Lorenzo Municipio,72129,40979.0,0.0,32271.0,118.0,14.0,44.7,17875.0,25427.33,229.59,15323.0,38.7,46.5,20.0,51.7,70.9,21.6,4.74,9.9,1.0,0.1,1.1,0.49,0.2948717948717949,0.2948717948717949,0.46153846153846156,0.2564102564102564,0.6089743589743589,0.5576923076923077,0.7948717948717948,0.09615384615384616,0.6858974358974359,0.3333333333333333,4.384615384615384,0.2564102564102564,432.17064000000005,49.61029282622247,37.392322897093635,Other,37.333333333333336
2012,San Sebastián Municipio,72131,42291.0,0.0,33489.0,138.0,22.1,36.1,13658.0,19428.61,229.59,16495.0,46.9,56.3,32.5,52.0,71.4,24.8,3.08,12.9,1.2,0.0,1.0,0.37,0.6666666666666666,0.782051282051282,0.9102564102564102,0.34615384615384615,0.75,0.7692307692307693,0.4551282051282051,0.8076923076923077,0.6153846153846154,0.9230769230769231,7.0256410256410255,0.9615384615384616,604.8224,69.42955766698694,39.0035704996335,Other,41.23333333333333
2012,Santa Isabel Municipio,72133,23261.0,0.0,17436.0,89.0,13.2,45.9,18024.0,25639.28,229.59,8928.0,41.4,48.4,21.5,53.0,66.4,26.1,5.85,17.7,3.1999999999999997,0.1,0.7,0.09,0.25,0.3974358974358974,0.6025641025641025,0.717948717948718,0.01282051282051282,0.8205128205128205,0.9551282051282052,0.28205128205128205,0.358974358974359,0.3076923076923077,4.705128205128204,0.3717948717948718,572.6862000000001,65.74053730150806,38.38184084949056,Other,40.166666666666664
2012,Toa Alta Municipio,72135,74178.0,0.0,56666.0,217.0,14.6,54.3,27211.0,38707.86,229.59,24355.0,37.8,36.2,18.7,52.5,68.1,19.2,4.23,14.8,1.3,0.6,0.7,0.39,0.3333333333333333,0.09615384615384616,0.3333333333333333,0.5064102564102564,0.11538461538461539,0.34615384615384615,0.717948717948718,0.038461538461538464,0.358974358974359,0.07692307692307693,2.9230769230769234,0.05128205128205128,381.02399999999994,43.739001367188166,32.83318504138693,Other,36.5
2012,Toa Baja Municipio,72137,89294.0,0.0,70086.0,178.0,17.0,55.1,23572.0,33531.35,229.59,34568.0,43.0,38.6,17.3,53.7,70.9,21.8,3.18,14.4,2.9,0.1,1.2,0.32,0.4423076923076923,0.14743589743589744,0.2948717948717949,0.8525641025641025,0.6089743589743589,0.5769230769230769,0.48717948717948717,0.46794871794871795,0.75,0.1282051282051282,4.756410256410257,0.41025641025641024,503.3838,57.785086284382025,38.71256747373843,Other,39.5
2012,Trujillo Alto Municipio,72139,74655.0,0.0,58218.0,160.0,7.9,53.8,31354.0,44601.31,229.59,28093.0,38.1,30.7,11.8,54.0,70.6,17.3,3.08,18.1,12.2,0.1,0.6,1.13,0.038461538461538464,0.038461538461538464,0.0641025641025641,0.9038461538461539,0.5384615384615384,0.22435897435897437,0.4551282051282051,0.05128205128205128,0.21153846153846154,0.02564102564102564,2.5512820512820515,0.02564102564102564,355.9302,40.85840131966375,37.63043332663586,Other,36.46666666666667
2012,Utuado Municipio,72141,33033.0,0.0,26040.0,99.0,30.9,39.3,14752.0,20984.84,229.59,12717.0,44.6,54.5,12.5,51.8,70.3,22.1,5.85,12.3,0.7,0.3,1.3,0.32,0.9743589743589743,0.6858974358974359,0.10256410256410256,0.28846153846153844,0.4358974358974359,0.6282051282051282,0.9551282051282052,0.6666666666666666,0.8012820512820513,0.7692307692307693,6.3076923076923075,0.8846153846153846,510.57188,58.61022968990886,38.497865770593044,Mountain (Isolated),39.5
2012,Vega Alta Municipio,72143,39913.0,0.0,30786.0,146.0,19.5,39.6,17616.0,25058.9,229.59,15196.0,47.2,49.9,25.4,53.3,69.3,20.7,3.73,16.6,3.6,0.2,1.1,1.35,0.6025641025641025,0.4807692307692308,0.8012820512820513,0.7948717948717948,0.23717948717948717,0.46153846153846156,0.5769230769230769,0.8461538461538461,0.6858974358974359,0.3717948717948718,5.8589743589743595,0.7692307692307693,520.76232,59.78002389996454,38.07280835817904,Other,40.4
2012,Vega Baja Municipio,72145,59444.0,0.0,46327.0,149.0,12.7,34.5,16462.0,23417.32,229.59,23424.0,47.6,51.4,34.2,53.0,70.3,22.2,1.3,22.9,0.8,0.1,0.1,0.46,0.1987179487179487,0.5448717948717948,0.9358974358974359,0.717948717948718,0.4358974358974359,0.6410256410256411,0.02564102564102564,0.8589743589743589,0.019230769230769232,0.5256410256410257,4.903846153846153,0.47435897435897434,560.0616,64.29131783853404,39.40515443106117,Other,40.93333333333334
2012,Vieques Municipio,72147,9293.0,0.0,7358.0,60.0,12.7,47.0,16598.0,23610.78,229.59,4544.0,45.6,45.3,35.3,51.0,71.6,12.0,2.16,14.5,0.5,1.5,1.3,0.11,0.1987179487179487,0.28205128205128205,0.9615384615384616,0.11538461538461539,0.7756410256410257,0.07692307692307693,0.11538461538461539,0.7628205128205128,0.8012820512820513,0.5,4.58974358974359,0.3333333333333333,279.072,32.03559510567297,48.897019261809966,Other,36.199999999999996
2012,Villalba Municipio,72149,25983.0,0.0,19771.0,113.0,28.2,48.4,16014.0,22780.04,229.59,8645.0,42.8,54.2,24.2,51.6,66.8,24.0,7.03,8.6,2.4,0.1,1.2,0.62,0.8974358974358975,0.6538461538461539,0.75,0.23076923076923078,0.038461538461538464,0.7371794871794872,0.9743589743589743,0.4423076923076923,0.75,0.6025641025641025,6.076923076923077,0.8205128205128205,530.0352,60.84448837201294,33.271754608782665,Other,39.46666666666666
2012,Yabucoa Municipio,72151,37823.0,0.0,29677.0,135.0,23.3,39.0,17926.0,25499.88,229.59,13881.0,43.7,51.0,23.7,52.0,70.3,26.0,4.58,8.1,0.4,0.0,1.1,0.42,0.7307692307692307,0.5256410256410257,0.6923076923076923,0.34615384615384615,0.4358974358974359,0.8076923076923077,0.7692307692307693,0.5961538461538461,0.6858974358974359,0.32051282051282054,5.91025641025641,0.782051282051282,590.8240000000001,67.82263517197758,36.69989160034899,Other,40.56666666666667
2012,Yauco Municipio,72153,41876.0,0.0,33137.0,101.0,31.1,42.6,14728.0,20950.7,229.59,16848.0,48.2,55.2,26.4,52.8,71.2,22.9,2.19,8.3,1.9,0.1,1.2,0.65,0.9871794871794872,0.717948717948718,0.8205128205128205,0.6153846153846154,0.6858974358974359,0.6730769230769231,0.1282051282051282,0.8846153846153846,0.75,0.782051282051282,7.044871794871795,0.9743589743589743,582.79584,66.90105621312983,40.23306906103735,Other,41.3
2013,Adjuntas Municipio,72001,19334.0,0.0,15087.0,79.0,27.2,39.6,11528.0,16161.74,232.95,7298.0,49.5,60.2,19.5,51.7,70.1,22.5,2.49,7.7,1.4,0.0,1.0,0.34,0.8333333333333334,0.9230769230769231,0.5384615384615384,0.23717948717948717,0.24358974358974358,0.6217948717948718,0.21794871794871795,0.9102564102564102,0.6538461538461539,1.0,6.17948717948718,0.8333333333333334,575.80875,66.09898511245727,37.746974242267505,Mountain (Isolated),41.233333333333334
2013,Aguada Municipio,72003,41595.0,0.0,33414.0,140.0,30.3,47.5,15665.0,21961.63,232.95,16683.0,42.7,54.4,23.5,51.4,72.4,28.6,2.98,16.2,1.5,0.1,1.4,0.25,0.9615384615384616,0.7435897435897436,0.7115384615384616,0.16666666666666666,0.782051282051282,0.9102564102564102,0.3333333333333333,0.41025641025641024,0.8461538461538461,0.7051282051282052,6.57051282051282,0.9230769230769231,627.70708,72.05656554525095,40.1081860800577,Other,40.9
2013,Aguadilla Municipio,72005,59982.0,0.0,47917.0,151.0,25.9,40.0,15847.0,22216.79,232.95,26312.0,43.8,49.5,32.8,52.4,72.5,22.9,3.4,21.0,7.4,0.1,0.7,2.74,0.7692307692307693,0.4358974358974359,0.967948717948718,0.44871794871794873,0.8205128205128205,0.6794871794871795,0.5961538461538461,0.5769230769230769,0.33974358974358976,0.6538461538461539,6.288461538461538,0.8589743589743589,525.5824799999998,60.33334596059603,43.86649328131773,Other,39.699999999999996
2013,Aguas Buenas Municipio,72007,28378.0,0.0,22354.0,111.0,16.5,35.1,14902.0,20891.94,232.95,10492.0,50.1,53.7,9.0,51.9,70.7,22.7,2.0,8.2,1.8,0.4,0.8,0.76,0.41025641025641024,0.7051282051282052,0.02564102564102564,0.28846153846153844,0.34615384615384615,0.6538461538461539,0.10256410256410256,0.9230769230769231,0.46794871794871795,0.8205128205128205,4.743589743589744,0.358974358974359,590.24313,67.75595518928841,36.9723024878427,Other,41.56666666666666
2013,Aibonito Municipio,72009,25560.0,0.0,20364.0,79.0,10.0,34.9,16189.0,22696.26,232.95,9766.0,44.7,47.5,17.3,52.4,71.9,28.8,4.18,12.7,1.7000000000000002,0.2,0.8,0.18,0.07692307692307693,0.3717948717948718,0.4230769230769231,0.44871794871794873,0.6923076923076923,0.9230769230769231,0.6794871794871795,0.6794871794871795,0.46794871794871795,0.6282051282051282,5.391025641025642,0.6282051282051282,674.57664,77.4368768876323,38.208137715179966,Other,41.96666666666667
2013,Arecibo Municipio,72013,95185.0,0.0,76842.0,206.0,15.8,37.9,16977.0,23801.0,232.95,40692.0,43.6,47.4,19.2,52.9,73.2,13.9,2.61,14.7,2.9,0.2,0.6,2.15,0.3141025641025641,0.358974358974359,0.5128205128205128,0.6346153846153846,0.8974358974358975,0.14102564102564102,0.2564102564102564,0.5384615384615384,0.26282051282051283,0.5128205128205128,4.429487179487179,0.2692307692307692,320.59515999999996,36.80217556257325,42.75043336660188,Other,36.800000000000004
2013,Arroyo Municipio,72015,19443.0,0.0,15068.0,96.0,29.4,44.0,16350.0,22921.97,232.95,8232.0,51.7,51.7,27.5,54.2,69.6,24.9,3.11,13.4,1.7,0.4,0.6,0.11,0.8974358974358975,0.5897435897435898,0.9102564102564102,0.9230769230769231,0.1794871794871795,0.782051282051282,0.4230769230769231,0.9358974358974359,0.26282051282051283,0.6025641025641025,6.506410256410256,0.8974358974358975,697.73286,80.09505573788557,42.339145193642956,Other,43.6
2013,Añasco Municipio,72011,29086.0,0.0,23315.0,124.0,11.9,40.1,16568.0,23227.6,232.95,11826.0,43.3,50.3,25.1,52.3,72.4,14.5,3.3,10.1,2.0999999999999996,0.4,0.8,0.35,0.14102564102564102,0.47435897435897434,0.8076923076923077,0.41025641025641024,0.782051282051282,0.15384615384615385,0.532051282051282,0.5192307692307693,0.46794871794871795,0.5641025641025641,4.852564102564102,0.46153846153846156,328.36555,37.694164253137586,40.65873616172729,Other,36.699999999999996
2013,Barceloneta Municipio,72017,24884.0,0.0,19381.0,138.0,20.3,35.4,14848.0,20816.24,232.95,9588.0,42.5,54.2,25.9,53.1,70.4,34.9,3.25,21.7,1.6,0.0,0.2,0.18,0.5961538461538461,0.717948717948718,0.8333333333333334,0.7243589743589743,0.3076923076923077,1.0,0.5128205128205128,0.3974358974358974,0.05128205128205128,0.8461538461538461,5.987179487179487,0.7948717948717948,787.6057500000001,90.41186113225223,38.53078283234207,Other,43.5
2013,Barranquitas Municipio,72019,30218.0,0.0,23085.0,115.0,12.5,34.9,15127.0,21207.38,232.95,10613.0,54.6,58.3,11.9,51.5,66.8,19.3,4.49,9.0,1.6,0.0,1.2,0.96,0.16666666666666666,0.8910256410256411,0.11538461538461539,0.1858974358974359,0.01282051282051282,0.34615384615384615,0.782051282051282,0.9807692307692307,0.7756410256410257,0.7435897435897436,5.0,0.5512820512820513,542.6967000000001,62.2979437076628,35.12145079091932,Other,41.800000000000004
2013,Bayamón Municipio,72021,204725.0,0.0,165417.0,268.0,18.1,51.7,24374.0,34171.26,232.95,82783.0,43.3,35.4,18.7,53.7,73.5,23.8,3.0,16.9,8.9,0.1,0.7,2.82,0.48717948717948717,0.08333333333333333,0.48717948717948717,0.8461538461538461,0.9358974358974359,0.7307692307692307,0.34615384615384615,0.5192307692307693,0.33974358974358976,0.08974358974358974,4.865384615384615,0.47435897435897434,553.39998,63.52660851238219,40.43619489559165,Metro/Coastal (Hubs),40.266666666666666
2013,Cabo Rojo Municipio,72023,50869.0,0.0,40771.0,168.0,12.2,35.1,17228.0,24152.89,232.95,28206.0,38.8,49.3,14.0,53.2,73.3,15.9,2.29,10.5,6.5,4.1,0.5,0.25,0.15384615384615385,0.4230769230769231,0.21794871794871795,0.7564102564102564,0.9102564102564102,0.1794871794871795,0.16666666666666666,0.09615384615384616,0.1858974358974359,0.46153846153846156,3.551282051282051,0.10256410256410256,328.20144,37.67532552509324,55.44830840000786,Other,35.96666666666667
2013,Caguas Municipio,72025,141600.0,0.0,112297.0,233.0,15.8,51.5,23924.0,33540.38,232.95,56175.0,39.8,37.3,17.0,54.4,71.9,20.5,3.59,16.9,6.4,0.2,0.6,0.71,0.3141025641025641,0.11538461538461539,0.3717948717948718,0.9551282051282052,0.6923076923076923,0.44871794871794873,0.6153846153846154,0.1282051282051282,0.26282051282051283,0.1282051282051282,4.032051282051283,0.16666666666666666,443.84959999999995,50.95095915539684,39.67161016949153,Other,38.233333333333334
2013,Camuy Municipio,72027,34806.0,0.0,27678.0,131.0,19.9,43.9,19527.0,27375.99,232.95,13461.0,41.9,44.7,13.8,52.5,71.4,16.1,1.74,9.9,0.7,0.3,0.5,0.31,0.5448717948717948,0.2692307692307692,0.1794871794871795,0.5,0.5769230769230769,0.19230769230769232,0.05128205128205128,0.33974358974358976,0.1858974358974359,0.23076923076923078,3.0705128205128203,0.038461538461538464,354.15975000000003,40.65516552619526,38.674366488536464,Other,36.833333333333336
2013,Canóvanas Municipio,72029,47730.0,0.0,36961.0,166.0,20.1,52.9,21588.0,30265.42,232.95,17307.0,40.8,42.7,14.3,52.6,69.1,18.5,4.01,13.9,0.8,0.1,1.8,0.21,0.5769230769230769,0.21794871794871795,0.24358974358974358,0.5384615384615384,0.14102564102564102,0.3269230769230769,0.6666666666666666,0.24358974358974358,0.9423076923076923,0.16666666666666666,4.064102564102564,0.1794871794871795,397.02479999999997,45.57578596100931,36.26021370207417,Other,37.3
2013,Carolina Municipio,72031,173994.0,0.0,140106.0,258.0,14.5,54.7,28674.0,40199.67,232.95,75100.0,43.1,30.0,12.8,55.2,73.0,20.0,3.01,19.7,20.200000000000003,0.1,1.0,0.39,0.2564102564102564,0.038461538461538464,0.14102564102564102,0.9871794871794872,0.8589743589743589,0.4166666666666667,0.36538461538461536,0.48717948717948717,0.6538461538461539,0.038461538461538464,4.243589743589744,0.20512820512820512,475.824,54.6214059653485,43.162407899122954,Metro/Coastal (Hubs),39.43333333333334
2013,Cataño Municipio,72033,27669.0,0.0,21602.0,120.0,28.8,52.9,18977.0,26604.91,232.95,10778.0,38.8,49.0,23.9,53.8,70.5,17.0,3.69,8.1,12.5,0.0,0.4,0.03,0.8846153846153846,0.3974358974358974,0.7692307692307693,0.8653846153846154,0.3333333333333333,0.21794871794871795,0.6538461538461539,0.09615384615384616,0.10897435897435898,0.2948717948717949,4.621794871794871,0.3333333333333333,354.86479999999995,40.73610054056163,38.953341284469985,Other,36.53333333333333
2013,Cayey Municipio,72035,47700.0,0.0,38008.0,176.0,15.1,49.7,21223.0,29753.7,232.95,18979.0,42.9,39.0,11.0,52.6,72.0,31.8,4.32,10.4,2.8,0.2,0.5,0.35,0.28205128205128205,0.15384615384615385,0.0641025641025641,0.5384615384615384,0.717948717948718,0.9615384615384616,0.7051282051282052,0.4551282051282051,0.1858974358974359,0.19230769230769232,4.256410256410257,0.21794871794871795,717.5797200000001,82.37334224129323,39.78825995807128,Other,42.43333333333334
2013,Ceiba Municipio,72037,13419.0,0.0,10684.0,70.0,13.4,41.8,19520.0,27366.17,232.95,7482.0,47.7,42.3,17.9,54.2,71.6,13.7,3.01,22.8,4.8,0.1,1.7,0.31,0.23076923076923078,0.20512820512820512,0.44871794871794873,0.9230769230769231,0.6025641025641025,0.1282051282051282,0.36538461538461536,0.8589743589743589,0.9166666666666666,0.24358974358974358,4.923076923076923,0.5192307692307693,354.19158,40.658819396853055,55.75676279901632,Other,38.53333333333334
2013,Ciales Municipio,72039,18509.0,0.0,14592.0,76.0,20.6,31.6,13802.0,19349.79,232.95,7143.0,47.9,60.6,29.0,51.2,70.4,12.6,4.46,6.7,2.9000000000000004,0.0,0.7,0.17,0.6153846153846154,0.9615384615384616,0.9230769230769231,0.14743589743589744,0.3076923076923077,0.11538461538461539,0.7564102564102564,0.8717948717948718,0.33974358974358976,0.9358974358974359,5.9743589743589745,0.782051282051282,309.01248,35.472561532077265,38.592036306661626,Other,37.233333333333334
2013,Cidra Municipio,72041,43238.0,0.0,33938.0,123.0,13.1,53.4,24224.0,33960.97,232.95,15648.0,38.6,38.9,7.7,51.8,71.1,29.0,5.43,10.4,0.3,0.2,1.0,0.37,0.20512820512820512,0.14102564102564102,0.01282051282051282,0.26282051282051283,0.47435897435897434,0.9358974358974359,0.9102564102564102,0.07051282051282051,0.6538461538461539,0.10256410256410256,3.769230769230769,0.11538461538461539,579.8492,66.56280169113487,36.19038808455525,Other,39.800000000000004
2013,Coamo Municipio,72043,40579.0,0.0,31614.0,108.0,13.4,40.7,17645.0,24737.51,232.95,15521.0,42.8,51.3,15.5,52.2,69.4,27.0,5.13,19.0,2.6,0.0,0.8,0.29,0.23076923076923078,0.532051282051282,0.27564102564102566,0.38461538461538464,0.16666666666666666,0.8333333333333334,0.8717948717948718,0.42948717948717946,0.46794871794871795,0.41025641025641024,4.602564102564102,0.3076923076923077,603.2232,69.24598022570659,38.24884792626728,Other,40.666666666666664
2013,Comerío Municipio,72045,20676.0,0.0,16211.0,103.0,11.5,33.1,12615.0,17685.67,232.95,7623.0,56.6,59.3,15.5,50.9,70.8,23.1,2.8,6.3,1.7,0.0,1.7,0.12,0.10256410256410256,0.9102564102564102,0.27564102564102566,0.07692307692307693,0.3717948717948718,0.7051282051282052,0.3076923076923077,1.0,0.9166666666666666,0.9743589743589743,5.641025641025641,0.6794871794871795,665.4971400000001,76.39461114344456,36.868833430063845,Other,43.53333333333333
2013,Corozal Municipio,72047,36828.0,0.0,28626.0,156.0,15.9,37.0,16219.0,22738.32,232.95,12923.0,49.3,52.9,20.3,52.0,69.8,18.0,3.4,11.2,0.5,0.3,1.4,0.59,0.3333333333333333,0.6282051282051282,0.5641025641025641,0.32051282051282054,0.20512820512820512,0.2692307692307692,0.5961538461538461,0.8974358974358975,0.8461538461538461,0.6153846153846154,5.2756410256410255,0.5897435897435898,461.448,52.97113752122241,35.090148799826224,Other,39.766666666666666
2013,Culebra Municipio,72049,1478.0,290.0,1223.0,243.0,6.6,51.7,16188.0,22694.86,232.95,1293.0,43.9,53.6,21.5,42.2,75.7,9.8,1.3,18.6,1.4,2.9,2.6,0.88,0.02564102564102564,0.6858974358974359,0.6025641025641025,0.01282051282051282,0.9871794871794872,0.0641025641025641,0.01282051282051282,0.5961538461538461,0.9871794871794872,0.6410256410256411,4.615384615384615,0.32051282051282054,181.55284000000003,20.841049164821367,87.4830852503383,Other,31.96666666666667
2013,Dorado Municipio,72051,38303.0,0.0,29650.0,145.0,16.3,50.6,28306.0,39683.75,232.95,15467.0,35.7,35.8,13.3,53.0,69.9,17.2,3.17,20.0,1.4,0.2,1.8,0.13,0.38461538461538464,0.10256410256410256,0.15384615384615385,0.6858974358974359,0.22435897435897437,0.24358974358974358,0.46153846153846156,0.01282051282051282,0.9423076923076923,0.05128205128205128,3.2628205128205128,0.07692307692307693,325.4412,37.358468473742754,40.3806490353236,Metro/Coastal (Hubs),35.300000000000004
2013,Fajardo Municipio,72053,36252.0,0.0,28506.0,114.0,22.1,51.4,21544.0,30203.73,232.95,18163.0,45.7,41.8,12.3,54.2,71.1,21.6,4.4,20.2,11.7,0.4,0.5,0.73,0.6602564102564102,0.19230769230769232,0.1282051282051282,0.9230769230769231,0.47435897435897434,0.5512820512820513,0.7243589743589743,0.75,0.1858974358974359,0.1794871794871795,4.76923076923077,0.41025641025641024,535.01904,61.4165997995709,50.10206333443672,Other,40.50000000000001
2013,Florida Municipio,72054,12645.0,0.0,9854.0,99.0,16.1,39.8,16750.0,23482.76,232.95,4810.0,42.4,54.8,21.7,53.0,70.4,29.3,1.83,14.1,3.1,0.0,0.3,0.09,0.3525641025641026,0.7564102564102564,0.6346153846153846,0.6858974358974359,0.3076923076923077,0.9487179487179487,0.07692307692307693,0.3782051282051282,0.07051282051282051,0.5384615384615384,4.75,0.3717948717948718,658.4296,75.58330492199222,38.03875049426651,Other,41.56666666666666
2013,Guayama Municipio,72057,44725.0,0.0,34969.0,158.0,20.3,40.7,17260.0,24197.75,232.95,18293.0,44.4,49.6,23.1,51.0,70.9,22.1,4.52,14.3,2.6,0.3,0.8,4.12,0.5961538461538461,0.44871794871794873,0.6923076923076923,0.10897435897435898,0.40384615384615385,0.5769230769230769,0.7948717948717948,0.6474358974358975,0.46794871794871795,0.44871794871794873,5.185897435897436,0.5641025641025641,500.4324000000001,57.44628534629121,40.901062045835666,Other,39.166666666666664
2013,Guayanilla Municipio,72059,21218.0,0.0,16578.0,99.0,27.1,37.7,15063.0,21117.66,232.95,8402.0,45.5,53.0,23.8,52.4,70.8,18.4,3.03,8.8,0.3,0.5,0.4,0.17,0.8205128205128205,0.6410256410256411,0.7564102564102564,0.44871794871794873,0.3717948717948718,0.3076923076923077,0.38461538461538464,0.717948717948718,0.10897435897435898,0.782051282051282,5.339743589743589,0.6025641025641025,438.6928,50.35899307911209,39.59845414270902,Other,38.766666666666666
2013,Guaynabo Municipio,72061,96670.0,0.0,79238.0,199.0,14.7,57.4,35074.0,49172.19,232.95,39314.0,40.3,27.1,11.2,53.6,74.9,15.2,2.56,24.1,19.4,0.2,0.8,0.84,0.2692307692307692,0.01282051282051282,0.07692307692307693,0.8333333333333334,0.9743589743589743,0.16666666666666666,0.24358974358974358,0.1987179487179487,0.46794871794871795,0.01282051282051282,3.2564102564102564,0.0641025641025641,328.33216,37.69033130493577,40.66825281886832,Metro/Coastal (Hubs),36.36666666666667
2013,Gurabo Municipio,72063,46084.0,0.0,35786.0,161.0,12.6,53.2,27459.0,38496.3,232.95,16487.0,37.7,35.4,15.1,53.1,70.3,19.6,3.14,18.1,2.1,0.1,0.3,0.63,0.1794871794871795,0.08333333333333333,0.2564102564102564,0.7243589743589743,0.28205128205128205,0.38461538461538464,0.44871794871794873,0.038461538461538464,0.07051282051282051,0.07692307692307693,2.544871794871795,0.01282051282051282,392.36652,45.04104663936882,35.77597430778579,Other,36.800000000000004
2013,Guánica Municipio,72055,19019.0,0.0,14975.0,95.0,33.1,37.1,13031.0,18268.88,232.95,9130.0,54.6,63.2,16.4,52.7,71.8,26.7,2.27,11.3,1.3,0.2,1.1,0.45,0.9871794871794872,1.0,0.33974358974358976,0.5641025641025641,0.6538461538461539,0.8205128205128205,0.15384615384615385,0.9807692307692307,0.7307692307692307,0.9615384615384616,7.192307692307693,0.9871794871794872,768.2711400000002,88.19237749546282,48.00462695199537,Other,44.666666666666664
2013,Hatillo Municipio,72065,41932.0,0.0,33313.0,159.0,19.2,46.2,19199.0,26916.14,232.95,16156.0,44.1,46.1,13.9,52.8,72.2,9.3,1.62,9.3,1.9,0.2,0.5,0.26,0.5256410256410257,0.2948717948717949,0.1987179487179487,0.5897435897435898,0.7307692307692307,0.038461538461538464,0.02564102564102564,0.6282051282051282,0.1858974358974359,0.2692307692307692,3.4871794871794872,0.08974358974358974,216.54864,24.85833244368528,38.52904702852237,Other,35.4
2013,Hormigueros Municipio,72067,17151.0,0.0,14034.0,64.0,18.0,43.6,21107.0,29591.08,232.95,7323.0,43.9,32.8,15.6,54.7,75.8,22.5,2.08,20.8,4.3,0.4,0.1,0.93,0.47435897435897434,0.05128205128205128,0.2948717948717949,0.9743589743589743,1.0,0.6217948717948718,0.1282051282051282,0.5961538461538461,0.02564102564102564,0.20512820512820512,4.371794871794871,0.24358974358974358,540.29925,62.02273251669382,42.69721882106,Other,40.36666666666667
2013,Humacao Municipio,72069,57823.0,0.0,46100.0,188.0,15.3,42.7,20156.0,28257.82,232.95,25881.0,40.5,43.0,17.1,53.5,72.4,12.4,2.77,17.7,9.1,0.0,0.8,1.02,0.2948717948717949,0.23076923076923078,0.38461538461538464,0.8141025641025641,0.782051282051282,0.10256410256410256,0.2948717948717949,0.21794871794871795,0.46794871794871795,0.21794871794871795,3.807692307692308,0.1282051282051282,268.677,30.84231877869115,44.759005931895615,Other,35.46666666666667
2013,Isabela Municipio,72071,45315.0,0.0,36135.0,130.0,17.8,37.5,15495.0,21723.3,232.95,19405.0,41.8,55.3,17.2,52.2,72.4,27.6,3.19,16.0,2.3,0.0,1.0,0.58,0.46153846153846156,0.782051282051282,0.40384615384615385,0.38461538461538464,0.782051282051282,0.8717948717948718,0.47435897435897434,0.32051282051282054,0.6538461538461539,0.717948717948718,5.852564102564102,0.7692307692307693,602.2209600000001,69.13092979127136,42.82246496745007,Other,40.53333333333334
2013,Jayuya Municipio,72073,16413.0,0.0,12618.0,85.0,26.2,45.7,19489.0,27322.71,232.95,5892.0,38.5,51.7,13.4,50.8,68.5,28.4,6.44,7.5,2.0,0.5,0.8,0.31,0.782051282051282,0.5897435897435898,0.16666666666666666,0.04487179487179487,0.08974358974358974,0.8846153846153846,0.9615384615384616,0.05128205128205128,0.46794871794871795,0.2564102564102564,4.294871794871795,0.23076923076923078,555.4472,63.76161564678561,35.89837324072382,Mountain (Isolated),39.23333333333333
2013,Juana Díaz Municipio,72075,50365.0,0.0,39012.0,142.0,18.7,44.4,17139.0,24028.12,232.95,18570.0,44.0,53.1,13.9,52.9,69.1,21.3,3.35,12.4,1.5,0.2,1.5,1.05,0.5064102564102564,0.6538461538461539,0.1987179487179487,0.6346153846153846,0.14102564102564102,0.5064102564102564,0.5705128205128205,0.6153846153846154,0.8846153846153846,0.48717948717948717,5.198717948717949,0.5769230769230769,495.7788,56.912083257282774,36.87084284721533,Other,39.4
2013,Juncos Municipio,72077,40346.0,0.0,31079.0,162.0,19.9,47.3,18497.0,25931.97,232.95,15262.0,40.1,46.3,21.5,53.2,69.9,18.5,3.2,13.9,2.8,0.0,0.5,0.62,0.5448717948717948,0.3076923076923077,0.6025641025641025,0.7564102564102564,0.22435897435897437,0.3269230769230769,0.48717948717948717,0.14743589743589744,0.1858974358974359,0.3333333333333333,3.9166666666666674,0.15384615384615385,394.66420000000005,45.30480490305133,37.827789619788824,Other,37.26666666666667
2013,Lajas Municipio,72079,25442.0,0.0,20497.0,121.0,11.8,28.3,13975.0,19592.33,232.95,11806.0,43.7,61.2,31.9,52.1,73.1,17.1,1.85,5.4,1.7,1.5,0.9,0.13,0.1282051282051282,0.9743589743589743,0.9487179487179487,0.3525641025641026,0.8782051282051282,0.23076923076923078,0.08974358974358974,0.5576923076923077,0.5705128205128205,0.9230769230769231,5.653846153846154,0.6923076923076923,389.32767000000007,44.69220702741609,46.40358462385032,Other,37.63333333333333
2013,Lares Municipio,72081,30051.0,0.0,24009.0,104.0,29.7,37.8,11851.0,16614.58,232.95,12112.0,52.9,62.3,24.4,51.2,72.3,23.9,5.23,8.6,1.2000000000000002,0.1,1.1,0.69,0.9294871794871795,0.9871794871794872,0.7948717948717948,0.14743589743589744,0.7435897435897436,0.7435897435897436,0.8974358974358975,0.9615384615384616,0.7307692307692307,0.9871794871794872,7.923076923076924,1.0,647.32672,74.30876871561225,40.304815147582445,Mountain (Isolated),42.666666666666664
2013,Las Marías Municipio,72083,9699.0,0.0,7670.0,55.0,6.7,39.6,15779.0,22121.46,232.95,3894.0,38.6,57.8,32.8,50.8,70.8,8.2,5.03,5.8,1.4,0.2,1.5,0.75,0.038461538461538464,0.8717948717948718,0.967948717948718,0.04487179487179487,0.3717948717948718,0.01282051282051282,0.8333333333333334,0.07051282051282051,0.8846153846153846,0.6794871794871795,4.775641025641026,0.4358974358974359,160.79216,18.457862250338927,40.148468914321064,Other,32.53333333333333
2013,Las Piedras Municipio,72085,38777.0,0.0,30587.0,132.0,20.0,43.1,18632.0,26121.24,232.95,14672.0,44.4,49.0,26.3,52.8,70.9,18.1,2.67,12.6,0.6,0.2,0.4,0.22,0.5641025641025641,0.3974358974358974,0.8717948717948718,0.5897435897435898,0.40384615384615385,0.28846153846153844,0.2692307692307692,0.6474358974358975,0.10897435897435898,0.3076923076923077,4.448717948717948,0.2948717948717949,424.32192000000003,48.709312376668954,37.83686205740516,Other,38.43333333333334
2013,Loíza Municipio,72087,29549.0,0.0,22886.0,116.0,26.4,53.8,19085.0,26756.32,232.95,11517.0,44.6,45.9,10.9,54.4,69.1,16.5,3.35,7.7,2.7,0.3,1.3,0.28,0.7948717948717948,0.28205128205128205,0.05128205128205128,0.9551282051282052,0.14102564102564102,0.20512820512820512,0.5705128205128205,0.6666666666666666,0.8141025641025641,0.28205128205128205,4.762820512820513,0.3974358974358974,400.3296,45.9551548504186,38.975938272022745,Other,38.5
2013,Luquillo Municipio,72089,19918.0,0.0,15688.0,83.0,24.5,51.6,18593.0,26066.56,232.95,10261.0,42.4,43.3,16.9,53.3,71.3,22.4,5.2,16.9,18.5,0.1,1.2,0.36,0.7564102564102564,0.2564102564102564,0.358974358974359,0.782051282051282,0.5641025641025641,0.6025641025641025,0.8846153846153846,0.3782051282051282,0.7756410256410257,0.32051282051282054,5.67948717948718,0.7115384615384616,506.22207999999995,58.110901804665424,51.51621648759915,Other,39.36666666666667
2013,Manatí Municipio,72091,43497.0,0.0,34052.0,125.0,22.2,43.5,18046.0,25299.69,232.95,18266.0,45.6,46.8,16.3,53.9,71.2,19.9,2.44,16.5,4.8,0.2,1.5,0.91,0.6794871794871795,0.33974358974358976,0.32051282051282054,0.8846153846153846,0.532051282051282,0.3974358974358974,0.20512820512820512,0.7307692307692307,0.8846153846153846,0.3717948717948718,5.346153846153847,0.6153846153846154,489.11015999999995,56.14656808218281,41.99370071499184,Other,39.800000000000004
2013,Maricao Municipio,72093,6552.0,290.0,5163.0,259.0,6.3,38.4,15104.0,21175.14,232.95,2442.0,40.1,56.4,27.4,52.4,71.7,8.6,7.17,3.9,0.4,1.4,2.0,0.37,0.01282051282051282,0.8461538461538461,0.8974358974358975,0.44871794871794873,0.6282051282051282,0.02564102564102564,1.0,0.14743589743589744,0.9615384615384616,0.7692307692307693,5.737179487179487,0.7435897435897436,180.70664,20.743911076520064,37.27106227106227,Other,33.699999999999996
2013,Maunabo Municipio,72095,12070.0,0.0,9679.0,60.0,26.7,40.2,18446.0,25860.47,232.95,5079.0,46.7,56.2,18.5,51.1,72.7,24.0,4.62,9.5,2.5,0.0,2.8,0.11,0.8076923076923077,0.8269230769230769,0.47435897435897434,0.1282051282051282,0.8333333333333334,0.7564102564102564,0.8076923076923077,0.8076923076923077,1.0,0.34615384615384615,6.788461538461538,0.9615384615384616,572.7288000000001,65.74542749597938,42.079536039768016,Other,40.6
2013,Mayagüez Municipio,72097,87161.0,0.0,72209.0,173.0,18.7,37.8,15112.0,21186.35,232.95,40403.0,41.5,51.3,18.1,52.9,73.1,21.3,1.77,19.7,16.9,0.1,0.5,1.7,0.5064102564102564,0.532051282051282,0.46153846153846156,0.6346153846153846,0.8782051282051282,0.5064102564102564,0.0641025641025641,0.28205128205128205,0.1858974358974359,0.7564102564102564,4.8076923076923075,0.44871794871794873,467.60954999999996,53.67844216311898,46.354447516664564,Other,38.56666666666667
2013,Moca Municipio,72099,39755.0,0.0,30988.0,146.0,22.5,40.9,14717.0,20632.58,232.95,15321.0,40.6,52.8,25.2,51.6,70.2,21.4,3.3,13.1,1.5,0.2,0.4,0.62,0.7051282051282052,0.6153846153846154,0.8205128205128205,0.21153846153846154,0.26282051282051283,0.5256410256410257,0.532051282051282,0.23076923076923078,0.10897435897435898,0.8846153846153846,4.897435897435898,0.5,448.32144000000005,51.46429641466095,38.538548610237704,Other,37.86666666666667
2013,Morovis Municipio,72101,32609.0,0.0,24974.0,106.0,28.1,42.8,14797.0,20744.74,232.95,11111.0,45.4,56.2,23.7,50.9,67.8,28.5,5.76,9.2,1.7999999999999998,0.0,1.0,0.18,0.8589743589743589,0.8269230769230769,0.7435897435897436,0.07692307692307693,0.05128205128205128,0.8974358974358975,0.9358974358974359,0.7051282051282052,0.6538461538461539,0.8589743589743589,6.608974358974359,0.9487179487179487,658.5950999999999,75.60230321272,34.073415314790395,Other,41.6
2013,Naguabo Municipio,72103,26867.0,0.0,20794.0,124.0,16.4,43.7,17132.0,24018.3,232.95,10791.0,41.4,51.7,26.1,53.2,70.2,12.0,3.05,16.5,4.5,0.0,1.0,0.31,0.3974358974358974,0.5897435897435898,0.8589743589743589,0.7564102564102564,0.26282051282051283,0.08974358974358974,0.40384615384615385,0.26282051282051283,0.6538461538461539,0.5,4.7756410256410255,0.4230769230769231,264.29760000000005,30.33959301184323,40.16451408791454,Other,35.53333333333333
2013,Naranjito Municipio,72105,30256.0,0.0,23989.0,129.0,13.0,34.2,16685.0,23391.63,232.95,10166.0,52.1,51.5,11.4,51.0,71.0,21.2,4.29,9.1,0.5,0.0,1.0,0.32,0.19230769230769232,0.5576923076923077,0.08974358974358974,0.10897435897435898,0.42948717948717946,0.48717948717948717,0.6923076923076923,0.9487179487179487,0.6538461538461539,0.5512820512820513,4.711538461538462,0.34615384615384615,563.3052,64.66366137813947,33.59994711792702,Other,41.43333333333334
2013,Orocovis Municipio,72107,23194.0,0.0,17965.0,105.0,29.5,38.7,14743.0,20669.03,232.95,8327.0,42.8,60.4,14.2,50.3,67.9,32.7,4.4,6.6,0.9,0.0,0.6,0.61,0.9102564102564102,0.9487179487179487,0.23076923076923078,0.02564102564102564,0.0641025641025641,0.9871794871794872,0.7243589743589743,0.42948717948717946,0.26282051282051283,0.8717948717948718,5.455128205128206,0.6410256410256411,703.9786799999999,80.81203401095817,35.90152625679055,Mountain (Isolated),41.93333333333333
2013,Patillas Municipio,72109,19017.0,0.0,15133.0,93.0,31.2,42.1,14506.0,20336.77,232.95,8434.0,45.3,55.7,16.4,51.5,72.8,25.9,2.02,10.9,0.8,0.6,0.1,0.03,0.9743589743589743,0.7948717948717948,0.33974358974358976,0.1858974358974359,0.8461538461538461,0.8076923076923077,0.11538461538461539,0.6923076923076923,0.02564102564102564,0.8974358974358975,5.67948717948718,0.7115384615384616,604.2340499999999,69.36201903043285,44.34979229110795,Other,40.9
2013,Peñuelas Municipio,72111,23783.0,0.0,18103.0,99.0,27.3,44.5,14938.0,20942.41,232.95,8693.0,41.9,60.3,24.0,51.6,68.0,18.1,5.08,9.0,0.3,0.1,2.2,0.07,0.8461538461538461,0.9358974358974359,0.782051282051282,0.21153846153846154,0.07692307692307693,0.28846153846153844,0.8461538461538461,0.33974358974358976,0.9743589743589743,0.8076923076923077,6.108974358974359,0.8076923076923077,391.32924,44.92197384779098,36.551318168439636,Other,37.199999999999996
2013,Ponce Municipio,72113,162793.0,0.0,128868.0,199.0,23.3,46.0,17211.0,24129.06,232.95,66368.0,43.7,50.9,19.6,52.9,71.2,20.2,3.62,15.2,11.1,0.1,1.0,2.19,0.717948717948718,0.5128205128205128,0.5512820512820513,0.6346153846153846,0.532051282051282,0.4358974358974359,0.6410256410256411,0.5576923076923077,0.6538461538461539,0.47435897435897434,5.711538461538463,0.7307692307692307,466.96946,53.60496412135489,40.768337704938176,Other,38.93333333333333
2013,Quebradillas Municipio,72115,25738.0,0.0,20250.0,100.0,17.2,34.9,15221.0,21339.17,232.95,9924.0,41.7,57.2,22.7,52.0,71.1,27.3,3.21,15.1,2.9,0.0,0.8,0.21,0.4358974358974359,0.8589743589743589,0.6602564102564102,0.32051282051282054,0.47435897435897434,0.8461538461538461,0.5,0.30128205128205127,0.46794871794871795,0.7307692307692307,5.596153846153847,0.6666666666666666,591.9732000000001,67.95455562940593,38.5577744968529,Other,40.333333333333336
2013,Rincón Municipio,72117,15094.0,0.0,12257.0,62.0,24.0,45.0,15842.0,22209.78,232.95,8872.0,49.0,53.5,35.2,52.4,74.3,32.6,2.55,22.0,9.5,0.2,0.7,0.17,0.7371794871794872,0.6666666666666666,0.9871794871794872,0.44871794871794873,0.9487179487179487,0.9743589743589743,0.23076923076923078,0.8846153846153846,0.33974358974358976,0.6666666666666666,6.884615384615384,0.9743589743589743,837.0376,96.08630619275402,58.77832251225653,Other,44.666666666666664
2013,Río Grande Municipio,72119,54035.0,0.0,42902.0,168.0,22.1,51.9,22947.0,32170.67,232.95,22814.0,40.3,40.5,21.7,52.2,71.1,22.9,3.6,14.5,5.6,0.2,1.2,2.13,0.6602564102564102,0.1794871794871795,0.6346153846153846,0.38461538461538464,0.47435897435897434,0.6794871794871795,0.6282051282051282,0.1987179487179487,0.7756410256410257,0.14102564102564102,4.756410256410257,0.38461538461538464,481.73813999999993,55.30030959752321,42.220782825946145,Other,38.46666666666666
2013,Sabana Grande Municipio,72121,24974.0,0.0,19891.0,82.0,29.7,41.4,16458.0,23073.38,232.95,10389.0,45.8,49.7,19.3,53.5,71.8,23.5,2.42,11.2,2.2,0.0,1.3,0.67,0.9294871794871795,0.46153846153846156,0.5256410256410257,0.8141025641025641,0.6538461538461539,0.717948717948718,0.19230769230769232,0.7692307692307693,0.8141025641025641,0.5769230769230769,6.455128205128204,0.8846153846153846,575.8204999999999,66.10033393370227,41.59926323376311,Other,40.93333333333333
2013,Salinas Municipio,72123,30807.0,0.0,23865.0,150.0,21.0,41.4,13495.0,18919.39,232.95,13507.0,46.4,58.3,23.5,52.6,68.6,20.7,6.62,15.5,1.2000000000000002,0.4,0.8,0.73,0.6282051282051282,0.8910256410256411,0.7115384615384616,0.5384615384615384,0.10256410256410256,0.46153846153846156,0.9743589743589743,0.7948717948717948,0.46794871794871795,0.9487179487179487,6.519230769230769,0.9102564102564102,505.2124799999999,57.995006491560964,43.843931573992926,Other,39.9
2013,San Germán Municipio,72125,35070.0,0.0,28290.0,132.0,7.1,35.5,15696.0,22005.09,232.95,14974.0,40.2,46.5,23.0,52.5,73.4,10.6,3.05,11.6,3.7,0.1,0.7,1.79,0.05128205128205128,0.32051282051282054,0.6794871794871795,0.5,0.9230769230769231,0.07692307692307693,0.40384615384615385,0.17307692307692307,0.33974358974358976,0.6923076923076923,4.160256410256411,0.19230769230769232,223.71300000000002,25.680752952196627,42.6974622184203,Other,34.43333333333334
2013,San Juan Municipio,72127,387336.0,0.0,315381.0,372.0,16.1,53.2,22754.0,31900.1,232.95,187301.0,43.1,40.1,19.1,55.4,74.4,19.4,2.86,24.2,29.4,0.4,0.9,1.97,0.3525641025641026,0.16666666666666666,0.5,1.0,0.9615384615384616,0.36538461538461536,0.32051282051282054,0.48717948717948717,0.5705128205128205,0.15384615384615385,4.878205128205129,0.48717948717948717,463.22156,53.17473032184598,48.35620753041287,Metro/Coastal (Hubs),39.300000000000004
2013,San Lorenzo Municipio,72129,40701.0,0.0,32322.0,110.0,16.6,43.9,17743.0,24874.9,232.95,15708.0,40.2,46.8,15.7,51.8,71.8,21.0,4.83,9.7,1.0,0.2,0.9,0.43,0.4230769230769231,0.33974358974358976,0.3076923076923077,0.26282051282051283,0.6538461538461539,0.47435897435897434,0.8205128205128205,0.17307692307692307,0.5705128205128205,0.3974358974358974,4.423076923076923,0.2564102564102564,437.29560000000004,50.19860388391643,38.59364634775558,Other,37.666666666666664
2013,San Sebastián Municipio,72131,41798.0,0.0,33200.0,134.0,24.0,35.9,14463.0,20276.48,232.95,16985.0,45.7,55.2,26.0,52.0,72.4,27.4,2.69,11.8,1.2,0.0,0.7,0.38,0.7371794871794872,0.7692307692307693,0.8461538461538461,0.32051282051282054,0.782051282051282,0.8589743589743589,0.28205128205128205,0.75,0.33974358974358976,0.9102564102564102,6.596153846153846,0.9358974358974359,651.1336,74.74577302380469,40.63591559404756,Other,41.7
2013,Santa Isabel Municipio,72133,23231.0,0.0,17574.0,86.0,11.7,45.5,18033.0,25281.46,232.95,9122.0,41.4,49.0,21.5,53.0,67.4,25.8,7.12,21.5,2.7,0.1,0.5,0.09,0.11538461538461539,0.3974358974358974,0.6025641025641025,0.6858974358974359,0.02564102564102564,0.7948717948717948,0.9871794871794872,0.26282051282051283,0.1858974358974359,0.38461538461538464,4.4423076923076925,0.28205128205128205,566.1036,64.98489894172059,39.26649735267531,Other,40.06666666666666
2013,Toa Alta Municipio,72135,74561.0,0.0,57480.0,210.0,16.2,53.9,28255.0,39612.25,232.95,24801.0,37.4,35.2,17.5,52.5,68.7,20.0,4.41,15.1,1.1,0.6,0.8,0.41,0.3717948717948718,0.0641025641025641,0.4358974358974359,0.5,0.11538461538461539,0.4166666666666667,0.7435897435897436,0.02564102564102564,0.46794871794871795,0.0641025641025641,3.2051282051282053,0.05128205128205128,392.7,45.079327908202096,33.26269765695203,Other,36.63333333333333
2013,Toa Baja Municipio,72137,88195.0,0.0,69668.0,173.0,17.6,55.0,23934.0,33554.4,232.95,34677.0,43.1,38.1,17.2,53.8,71.6,22.3,3.33,14.9,3.0,0.2,1.1,0.36,0.44871794871794873,0.1282051282051282,0.40384615384615385,0.8653846153846154,0.6025641025641025,0.5897435897435898,0.5512820512820513,0.48717948717948717,0.7307692307692307,0.11538461538461539,4.923076923076923,0.5192307692307693,517.08794,59.35822970368406,39.31855547366631,Other,39.73333333333333
2013,Trujillo Alto Municipio,72139,73970.0,0.0,58123.0,185.0,8.8,53.7,31261.0,43826.53,232.95,28426.0,39.3,29.8,9.9,54.0,71.2,17.5,3.13,18.5,12.5,0.1,0.7,1.12,0.0641025641025641,0.02564102564102564,0.038461538461538464,0.8974358974358975,0.532051282051282,0.2564102564102564,0.4358974358974359,0.11538461538461539,0.33974358974358976,0.02564102564102564,2.730769230769231,0.02564102564102564,371.385,42.63250877307776,38.42909287549006,Other,36.93333333333333
2013,Utuado Municipio,72141,32593.0,0.0,25958.0,106.0,33.7,38.4,14852.0,20821.84,232.95,12977.0,42.9,55.8,11.7,51.9,71.2,21.6,5.67,11.6,0.5,0.2,1.2,0.34,1.0,0.8076923076923077,0.10256410256410256,0.28846153846153844,0.532051282051282,0.5512820512820513,0.9230769230769231,0.4551282051282051,0.7756410256410257,0.8333333333333334,6.269230769230769,0.8461538461538461,480.92616,55.20709973586062,39.815297763323414,Mountain (Isolated),38.800000000000004
2013,Vega Alta Municipio,72143,39856.0,0.0,31008.0,133.0,21.5,40.2,18184.0,25493.16,232.95,15582.0,47.3,50.6,26.9,53.4,69.7,19.4,4.48,17.0,4.199999999999999,0.1,1.4,1.71,0.6410256410256411,0.4935897435897436,0.8846153846153846,0.7948717948717948,0.19230769230769232,0.36538461538461536,0.7692307692307693,0.8205128205128205,0.8461538461538461,0.358974358974359,6.166666666666666,0.8205128205128205,490.00907999999987,56.24975807312561,39.09574468085106,Other,40.03333333333333
2013,Vega Baja Municipio,72145,58782.0,0.0,46196.0,146.0,13.4,34.9,16453.0,23066.37,232.95,24024.0,47.5,50.6,39.1,53.0,71.1,21.6,1.63,24.8,0.6000000000000001,0.1,0.1,0.52,0.23076923076923078,0.4935897435897436,1.0,0.6858974358974359,0.47435897435897434,0.5512820512820513,0.038461538461538464,0.8461538461538461,0.02564102564102564,0.5897435897435898,4.935897435897435,0.5384615384615384,543.7800000000001,62.422299286789254,40.869653975706846,Other,40.699999999999996
2013,Vieques Municipio,72147,9273.0,0.0,7338.0,77.0,10.1,46.3,17355.0,24330.94,232.95,4792.0,45.9,43.2,31.3,50.9,71.6,9.7,2.37,10.3,0.5,2.1,0.8,0.02,0.08974358974358974,0.24358974358974358,0.9358974358974359,0.07692307692307693,0.6025641025641025,0.05128205128205128,0.1794871794871795,0.782051282051282,0.46794871794871795,0.4230769230769231,3.852564102564102,0.14102564102564102,226.62206999999995,26.014694690006436,51.67691146338833,Other,35.5
2013,Villalba Municipio,72149,25618.0,0.0,19668.0,98.0,28.2,49.5,16754.0,23488.36,232.95,8889.0,41.7,53.6,20.7,51.7,67.6,22.6,6.31,8.8,2.5,0.1,1.0,0.72,0.8717948717948718,0.6858974358974359,0.5769230769230769,0.23717948717948717,0.038461538461538464,0.6410256410256411,0.9487179487179487,0.30128205128205127,0.6538461538461539,0.5256410256410257,5.480769230769231,0.6538461538461539,487.2311400000001,55.930869180410305,34.69825903661488,Other,38.66666666666667
2013,Yabucoa Municipio,72151,37404.0,0.0,29501.0,107.0,22.3,37.6,17264.0,24203.36,232.95,14140.0,42.2,51.5,23.6,52.1,71.0,24.1,5.09,8.9,0.6000000000000001,0.0,0.9,0.39,0.6923076923076923,0.5576923076923077,0.7307692307692307,0.3525641025641026,0.42948717948717946,0.7692307692307693,0.8589743589743589,0.358974358974359,0.5705128205128205,0.4358974358974359,5.7564102564102555,0.7564102564102564,529.8674200000002,60.825228352566974,37.80344348198054,Other,39.46666666666667
2013,Yauco Municipio,72153,41194.0,0.0,32852.0,118.0,29.8,41.6,15053.0,21103.64,232.95,16831.0,47.4,54.3,22.7,52.8,71.9,22.9,2.09,10.0,2.0,0.1,0.7,0.7,0.9487179487179487,0.7307692307692307,0.6602564102564102,0.5897435897435898,0.6923076923076923,0.6794871794871795,0.14102564102564102,0.8333333333333334,0.33974358974358976,0.7948717948717948,6.41025641025641,0.8717948717948718,573.1228799999999,65.79066523863804,40.85789192600864,Other,41.03333333333333
2014,Adjuntas Municipio,72001,19188.0,0.0,15080.0,88.0,34.0,42.4,10550.0,14555.49,236.72,7514.0,53.8,62.1,18.5,51.6,71.0,19.9,3.17,6.9,1.3,0.0,1.1,0.38,1.0,0.9871794871794872,0.6410256410256411,0.21794871794871795,0.2692307692307692,0.391025641025641,0.3974358974358974,0.9615384615384616,0.7564102564102564,1.0,6.621794871794871,0.9358974358974359,552.4399199999999,63.41640005923333,39.15989159891599,Mountain (Isolated),41.766666666666666
2014,Aguada Municipio,72003,41176.0,0.0,33284.0,154.0,27.9,47.5,16376.0,22593.44,236.72,16998.0,42.6,53.3,22.8,51.4,73.2,26.8,3.73,18.1,1.6,0.1,2.0,0.28,0.8717948717948718,0.6666666666666666,0.7948717948717948,0.16666666666666666,0.8076923076923077,0.8589743589743589,0.6474358974358975,0.4166666666666667,0.9615384615384616,0.6153846153846154,6.807692307692308,0.9487179487179487,586.82352,67.36340688139902,41.28132892947348,Other,40.26666666666667
2014,Aguadilla Municipio,72005,59068.0,0.0,47470.0,139.0,24.5,39.1,16767.0,23132.89,236.72,27040.0,43.9,49.4,31.6,52.3,73.3,23.5,3.52,21.8,7.9,0.2,0.6,3.0,0.7435897435897436,0.4230769230769231,0.9743589743589743,0.4358974358974359,0.8205128205128205,0.7051282051282052,0.5128205128205128,0.5897435897435898,0.2692307692307692,0.5512820512820513,6.025641025641025,0.8461538461538461,539.55295,61.937062278807666,45.777747680639266,Other,39.9
2014,Aguas Buenas Municipio,72007,28083.0,0.0,22309.0,132.0,21.6,37.3,15081.0,20806.77,236.72,10697.0,51.3,54.1,7.5,51.9,71.5,25.0,1.75,9.4,1.6,0.0,0.9,0.82,0.6538461538461539,0.717948717948718,0.02564102564102564,0.28846153846153844,0.33974358974358976,0.7692307692307693,0.0641025641025641,0.9230769230769231,0.5576923076923077,0.8333333333333334,5.1730769230769225,0.5512820512820513,665.6175000000001,76.40842766472552,38.09065982979026,Other,42.73333333333333
2014,Aibonito Municipio,72009,25241.0,0.0,20247.0,99.0,9.5,33.0,16962.0,23401.92,236.72,9865.0,46.6,48.5,13.8,52.4,72.4,27.6,3.07,10.7,1.7999999999999998,0.3,1.0,0.14,0.08974358974358974,0.3717948717948718,0.27564102564102566,0.46153846153846156,0.6538461538461539,0.9038461538461539,0.358974358974359,0.7884615384615384,0.6474358974358975,0.5128205128205128,5.064102564102564,0.5128205128205128,673.94784,77.36469486219639,39.083237589635914,Other,42.199999999999996
2014,Arecibo Municipio,72013,93969.0,0.0,76225.0,215.0,16.6,38.4,16997.0,23450.21,236.72,41152.0,43.8,48.6,15.8,52.9,73.8,14.8,2.49,15.4,3.3,0.2,0.4,2.09,0.3974358974358974,0.38461538461538464,0.46153846153846156,0.6538461538461539,0.8782051282051282,0.14102564102564102,0.14102564102564102,0.5641025641025641,0.12179487179487179,0.5,4.243589743589743,0.19230769230769232,342.91895999999997,39.364798176164086,43.79316583128479,Other,37.166666666666664
2014,Arroyo Municipio,72015,19255.0,0.0,15024.0,99.0,26.1,40.0,15863.0,21885.67,236.72,8374.0,51.2,51.7,19.4,54.3,69.9,23.6,3.01,13.1,1.5,0.5,0.5,0.1,0.7948717948717948,0.6089743589743589,0.6730769230769231,0.9358974358974359,0.14743589743589744,0.717948717948718,0.3333333333333333,0.9102564102564102,0.19230769230769232,0.6794871794871795,5.9935897435897445,0.8333333333333334,656.11776,75.31792118521784,43.490002596728125,Other,43.03333333333334
2014,Añasco Municipio,72011,28874.0,0.0,23338.0,125.0,13.4,40.1,17147.0,23657.16,236.72,12177.0,43.7,48.9,23.8,52.2,73.1,18.0,3.47,10.7,2.0999999999999996,0.3,0.8,0.37,0.17307692307692307,0.3974358974358974,0.8461538461538461,0.4166666666666667,0.7884615384615384,0.26282051282051283,0.4807692307692308,0.5512820512820513,0.4935897435897436,0.46153846153846156,4.871794871794872,0.4230769230769231,410.6052000000001,47.13472485768502,42.172889104384566,Other,37.96666666666667
2014,Barceloneta Municipio,72017,24908.0,0.0,19605.0,136.0,17.1,34.0,15228.0,21009.58,236.72,9731.0,41.9,54.2,23.6,53.1,71.0,33.6,3.31,24.2,1.5,0.2,0.4,0.16,0.44871794871794873,0.7307692307692307,0.8269230769230769,0.7307692307692307,0.2692307692307692,0.9871794871794872,0.4423076923076923,0.32051282051282054,0.12179487179487179,0.7948717948717948,5.6730769230769225,0.7307692307692307,747.56304,85.81522641256024,39.06776939136021,Other,42.86666666666667
2014,Barranquitas Municipio,72019,30045.0,0.0,23101.0,148.0,8.0,31.6,15109.0,20845.4,236.72,10906.0,57.8,59.3,8.9,51.5,67.6,20.9,3.55,8.3,1.8,0.0,1.1,1.01,0.05128205128205128,0.9230769230769231,0.08974358974358974,0.1858974358974359,0.01282051282051282,0.46153846153846156,0.532051282051282,0.9871794871794872,0.7564102564102564,0.8076923076923077,4.8076923076923075,0.3974358974358974,622.1302999999999,71.41638857990358,36.298885005824594,Other,43.4
2014,Bayamón Municipio,72021,201273.0,0.0,163745.0,247.0,16.9,51.1,24597.0,33935.68,236.72,83736.0,43.3,35.4,17.2,53.6,74.2,24.1,3.0,17.5,8.8,0.1,0.7,3.05,0.4230769230769231,0.07692307692307693,0.5448717948717948,0.8333333333333334,0.9358974358974359,0.7307692307692307,0.3141025641025641,0.5,0.38461538461538464,0.08974358974358974,4.833333333333333,0.41025641025641024,559.3320800000001,64.2075738321791,41.60319565962648,Metro/Coastal (Hubs),40.333333333333336
2014,Cabo Rojo Municipio,72023,50706.0,0.0,40891.0,133.0,12.0,34.4,16880.0,23288.79,236.72,29173.0,40.8,50.9,14.8,53.2,73.9,16.6,2.65,10.8,7.1,4.6,0.5,0.26,0.11538461538461539,0.5705128205128205,0.33974358974358976,0.7564102564102564,0.9102564102564102,0.17307692307692307,0.17307692307692307,0.19230769230769232,0.19230769230769232,0.5256410256410257,3.9487179487179485,0.14102564102564102,360.31296000000003,41.3615127919911,57.53362521200647,Other,36.86666666666667
2014,Caguas Municipio,72025,140166.0,0.0,111924.0,239.0,16.0,51.6,24083.0,33226.53,236.72,57370.0,41.1,37.5,14.8,54.4,72.4,21.6,3.66,17.1,6.8,0.1,0.6,0.76,0.34615384615384615,0.11538461538461539,0.33974358974358976,0.9551282051282052,0.6538461538461539,0.532051282051282,0.5769230769230769,0.21153846153846154,0.2692307692307692,0.10256410256410256,4.102564102564102,0.16666666666666666,482.94144,55.43844037234354,40.930040095315555,Other,39.03333333333333
2014,Camuy Municipio,72027,34438.0,0.0,27630.0,151.0,19.3,43.4,19490.0,26889.72,236.72,13749.0,42.6,44.1,11.8,52.5,72.3,18.0,1.72,10.1,0.7,0.3,0.3,0.33,0.5128205128205128,0.25,0.15384615384615385,0.4935897435897436,0.6025641025641025,0.26282051282051283,0.05128205128205128,0.4166666666666667,0.0641025641025641,0.2564102564102564,3.064102564102564,0.05128205128205128,402.57,46.21233775402322,39.92392124978222,Other,37.699999999999996
2014,Canóvanas Municipio,72029,47655.0,0.0,37142.0,151.0,21.3,51.6,20494.0,28274.91,236.72,17756.0,41.5,44.1,16.2,52.6,70.0,18.5,4.52,13.3,0.7,0.1,2.1,0.19,0.6282051282051282,0.25,0.5128205128205128,0.532051282051282,0.16666666666666666,0.3141025641025641,0.782051282051282,0.28205128205128205,0.9743589743589743,0.20512820512820512,4.647435897435897,0.358974358974359,403.8365,46.35772346524231,37.25946910082887,Other,37.53333333333333
2014,Carolina Municipio,72031,171310.0,0.0,138896.0,223.0,14.4,54.5,28660.0,39541.27,236.72,76382.0,43.9,30.1,12.4,55.2,73.6,21.3,2.97,19.9,19.700000000000003,0.1,1.0,0.39,0.2564102564102564,0.02564102564102564,0.1794871794871795,0.9871794871794872,0.8397435897435898,0.4935897435897436,0.2948717948717949,0.5897435897435898,0.6474358974358975,0.05128205128205128,4.365384615384616,0.2564102564102564,516.15864,59.25155229236475,44.587006012491976,Metro/Coastal (Hubs),40.13333333333333
2014,Cataño Municipio,72033,27211.0,0.0,21451.0,95.0,30.6,53.5,18625.0,25696.31,236.72,10813.0,38.1,49.6,26.3,53.8,71.3,17.8,3.68,10.1,12.3,0.2,0.6,0.04,0.9358974358974359,0.4358974358974359,0.9294871794871795,0.8653846153846154,0.30128205128205127,0.23076923076923078,0.5897435897435898,0.038461538461538464,0.2692307692307692,0.32051282051282054,4.916666666666666,0.4358974358974359,364.86084,41.88357893359323,39.73760611517401,Other,36.56666666666666
2014,Cayey Municipio,72035,47252.0,0.0,37900.0,194.0,14.9,49.3,21058.0,29053.04,236.72,19380.0,42.1,41.3,11.3,52.6,72.7,31.3,4.27,10.4,3.0,0.1,0.5,0.34,0.28205128205128205,0.1794871794871795,0.14102564102564102,0.532051282051282,0.7051282051282052,0.967948717948718,0.7307692307692307,0.34615384615384615,0.19230769230769232,0.1794871794871795,4.256410256410257,0.20512820512820512,693.1259800000001,79.56621679173398,41.0141369677474,Other,42.0
2014,Ceiba Municipio,72037,13122.0,0.0,10576.0,53.0,11.7,40.8,20339.0,28061.06,236.72,7446.0,49.8,43.8,14.5,54.2,72.4,12.1,3.38,22.9,4.2,0.1,1.1,0.32,0.10256410256410256,0.21794871794871795,0.3076923076923077,0.9166666666666666,0.6538461538461539,0.11538461538461539,0.46153846153846156,0.8846153846153846,0.7564102564102564,0.21794871794871795,4.634615384615384,0.34615384615384615,326.59836,37.49130268581878,56.744398719707355,Other,38.699999999999996
2014,Ciales Municipio,72039,18242.0,0.0,14515.0,82.0,21.3,31.1,12565.0,17335.52,236.72,7245.0,48.0,59.7,22.2,51.2,71.8,13.7,3.97,7.7,2.5,0.0,0.4,0.12,0.6282051282051282,0.9423076923076923,0.7564102564102564,0.14743589743589744,0.46153846153846156,0.1282051282051282,0.717948717948718,0.8461538461538461,0.12179487179487179,0.9743589743589743,5.724358974358974,0.7564102564102564,336.69120000000004,38.64989307004343,39.716039907904836,Other,37.63333333333333
2014,Cidra Municipio,72041,42878.0,0.0,33892.0,154.0,13.6,51.9,23452.0,32355.96,236.72,15998.0,39.8,38.9,8.8,51.9,71.8,29.7,5.65,11.0,0.4,0.4,1.0,0.39,0.1987179487179487,0.14102564102564102,0.07692307692307693,0.28846153846153844,0.46153846153846156,0.9487179487179487,0.9358974358974359,0.10897435897435898,0.6474358974358975,0.1282051282051282,3.9358974358974357,0.1282051282051282,613.4891399999999,70.42444132971963,37.31050888567564,Other,40.46666666666666
2014,Coamo Municipio,72043,40496.0,0.0,31849.0,118.0,13.4,41.3,17938.0,24748.48,236.72,16049.0,42.6,50.0,13.3,52.2,70.5,26.0,5.23,19.5,2.8,0.0,0.9,0.31,0.17307692307692307,0.46794871794871795,0.21794871794871795,0.4166666666666667,0.23076923076923078,0.8205128205128205,0.8846153846153846,0.4166666666666667,0.5576923076923077,0.41025641025641024,4.596153846153846,0.3076923076923077,578.1672,66.36971936482573,39.631074674041884,Other,40.26666666666667
2014,Comerío Municipio,72045,20533.0,0.0,16220.0,98.0,14.2,35.6,13680.0,18873.85,236.72,7704.0,53.1,57.3,14.3,50.9,71.7,25.8,2.55,6.5,2.5,0.0,1.6,0.08,0.23076923076923078,0.8717948717948718,0.2948717948717949,0.10256410256410256,0.3974358974358974,0.7948717948717948,0.15384615384615385,0.9487179487179487,0.8974358974358975,0.9358974358974359,5.628205128205129,0.7051282051282052,697.31982,80.04764151430727,37.52008961184435,Other,43.26666666666667
2014,Corozal Municipio,72047,36463.0,0.0,28499.0,175.0,16.1,36.5,17020.0,23481.94,236.72,13009.0,51.7,52.7,19.8,52.0,70.4,18.4,2.95,11.2,0.3,0.8,1.9,0.66,0.36538461538461536,0.6410256410256411,0.7051282051282052,0.32051282051282054,0.21794871794871795,0.2948717948717949,0.28205128205128205,0.9358974358974359,0.9423076923076923,0.48717948717948717,5.1923076923076925,0.5641025641025641,494.6656,56.78429535856261,35.67726188190768,Other,40.7
2014,Culebra Municipio,72049,1585.0,255.0,1292.0,232.0,3.1,55.6,18167.0,25064.42,236.72,1425.0,41.4,43.9,7.1,43.4,75.6,7.6,3.5,22.5,1.9,2.5,1.9,0.25,0.01282051282051282,0.23076923076923078,0.01282051282051282,0.01282051282051282,0.9871794871794872,0.01282051282051282,0.5,0.2692307692307692,0.9423076923076923,0.38461538461538464,3.3653846153846154,0.08974358974358974,136.55375999999998,15.67545638945233,89.90536277602523,Other,30.8
2014,Dorado Municipio,72051,38305.0,0.0,29828.0,150.0,17.8,50.4,27924.0,38525.84,236.72,15798.0,36.5,36.1,14.9,52.9,70.3,16.3,3.47,20.9,0.8,0.3,1.6,0.13,0.47435897435897434,0.10256410256410256,0.358974358974359,0.6538461538461539,0.1987179487179487,0.15384615384615385,0.4807692307692308,0.02564102564102564,0.8974358974358975,0.0641025641025641,3.4102564102564106,0.10256410256410256,314.72855,36.12872805582627,41.24265761649915,Metro/Coastal (Hubs),35.233333333333334
2014,Fajardo Municipio,72053,35539.0,0.0,28157.0,98.0,25.6,51.7,20531.0,28325.95,236.72,18469.0,44.2,44.3,10.6,54.2,71.6,22.1,4.68,21.3,11.7,0.4,0.7,0.73,0.7756410256410257,0.2692307692307692,0.1282051282051282,0.9166666666666666,0.358974358974359,0.5897435897435898,0.8076923076923077,0.6282051282051282,0.38461538461538464,0.19230769230769232,5.051282051282052,0.48717948717948717,529.4364400000001,60.77575473723241,51.96826022116549,Other,40.16666666666667
2014,Florida Municipio,72054,12565.0,0.0,9884.0,95.0,18.0,39.0,15992.0,22063.64,236.72,4876.0,40.5,54.6,18.1,53.0,71.4,25.9,4.57,14.6,3.9,0.0,0.3,0.09,0.5,0.7564102564102564,0.6089743589743589,0.7051282051282052,0.32051282051282054,0.8076923076923077,0.7948717948717948,0.16666666666666666,0.0641025641025641,0.6666666666666666,5.391025641025641,0.6282051282051282,555.9435,63.818587560309524,38.806207719856744,Other,39.800000000000004
2014,Guayama Municipio,72057,44261.0,0.0,34830.0,155.0,20.0,37.3,16765.0,23130.13,236.72,18636.0,46.2,50.0,23.5,50.9,71.9,21.3,3.96,12.3,2.1,0.3,0.7,4.83,0.5512820512820513,0.46794871794871795,0.8076923076923077,0.10256410256410256,0.5128205128205128,0.4935897435897436,0.7051282051282052,0.75,0.38461538461538464,0.5641025641025641,5.33974358974359,0.6089743589743589,500.8865400000001,57.49841757439468,42.104787510449384,Other,39.46666666666667
2014,Guayanilla Municipio,72059,20862.0,0.0,16421.0,98.0,24.0,37.2,15483.0,21361.39,236.72,8457.0,45.9,54.3,22.3,52.5,71.9,19.8,3.15,8.6,0.6000000000000001,0.4,0.5,0.2,0.717948717948718,0.7435897435897436,0.7692307692307693,0.4935897435897436,0.5128205128205128,0.3717948717948718,0.38461538461538464,0.717948717948718,0.19230769230769232,0.717948717948718,5.621794871794872,0.6794871794871795,477.1305,54.771383408465546,40.53781995973541,Other,39.4
2014,Guaynabo Municipio,72061,95428.0,0.0,78785.0,152.0,13.7,56.4,34450.0,47529.55,236.72,39825.0,40.2,27.7,9.3,53.6,75.5,16.6,2.94,24.6,19.2,0.2,0.7,0.71,0.21794871794871795,0.01282051282051282,0.11538461538461539,0.8333333333333334,0.9743589743589743,0.17307692307692307,0.26282051282051283,0.15384615384615385,0.38461538461538464,0.01282051282051282,3.1410256410256405,0.07692307692307693,357.68352000000004,41.05967070394694,41.73303432954688,Metro/Coastal (Hubs),36.800000000000004
2014,Gurabo Municipio,72063,46460.0,0.0,36420.0,173.0,13.6,53.1,27909.0,38505.14,236.72,17133.0,38.4,34.7,15.2,53.1,71.3,21.6,2.89,18.8,2.5,0.1,0.3,0.63,0.1987179487179487,0.0641025641025641,0.3974358974358974,0.7307692307692307,0.30128205128205127,0.532051282051282,0.24358974358974358,0.057692307692307696,0.0641025641025641,0.07692307692307693,2.6666666666666665,0.02564102564102564,440.43264000000005,50.558715049745686,36.876883340507966,Other,37.699999999999996
2014,Guánica Municipio,72055,18627.0,0.0,14729.0,86.0,31.8,35.9,13635.0,18811.77,236.72,9290.0,58.0,64.4,18.1,52.7,72.3,28.5,3.65,12.0,1.7,0.1,1.0,0.5,0.9551282051282052,1.0,0.6089743589743589,0.5705128205128205,0.6025641025641025,0.9358974358974359,0.5641025641025641,1.0,0.6474358974358975,0.9487179487179487,7.833333333333334,1.0,871.131,100.0,49.87383905084018,Other,46.4
2014,Hatillo Municipio,72065,41830.0,0.0,33425.0,143.0,17.2,44.9,19130.0,26393.04,236.72,16592.0,44.2,46.1,13.6,52.7,72.8,8.1,1.32,9.0,1.8,0.0,0.7,0.27,0.46153846153846156,0.32051282051282054,0.24358974358974358,0.5705128205128205,0.717948717948718,0.02564102564102564,0.01282051282051282,0.6282051282051282,0.38461538461538464,0.28205128205128205,3.6474358974358974,0.11538461538461539,188.67654000000002,21.65880217785844,39.66531197704997,Other,35.0
2014,Hormigueros Municipio,72067,17023.0,0.0,14016.0,68.0,21.1,43.2,21323.0,29418.65,236.72,7443.0,46.2,35.8,19.1,54.7,76.3,25.4,1.55,17.6,4.2,0.4,0.2,1.0,0.5769230769230769,0.08974358974358974,0.6538461538461539,0.9743589743589743,1.0,0.782051282051282,0.02564102564102564,0.75,0.02564102564102564,0.16666666666666666,5.044871794871795,0.47435897435897434,641.89356,73.68507836364451,43.72319802619985,Other,42.1
2014,Humacao Municipio,72069,57181.0,0.0,45942.0,146.0,15.0,41.0,20251.0,27939.65,236.72,26463.0,41.8,43.4,15.4,53.5,73.1,11.6,3.24,17.7,9.7,0.0,0.7,0.96,0.2948717948717949,0.20512820512820512,0.4230769230769231,0.8076923076923077,0.7884615384615384,0.10256410256410256,0.4230769230769231,0.3076923076923077,0.38461538461538464,0.23076923076923078,3.9679487179487176,0.15384615384615385,259.4108,29.7786211258697,46.27935852818244,Other,35.63333333333333
2014,Isabela Municipio,72071,44965.0,0.0,36063.0,138.0,19.5,37.1,15740.0,21715.97,236.72,20087.0,43.5,55.4,15.0,52.1,73.0,26.9,3.64,15.3,2.5,0.0,1.2,0.64,0.532051282051282,0.782051282051282,0.3782051282051282,0.3717948717948718,0.7564102564102564,0.8717948717948718,0.5512820512820513,0.532051282051282,0.8269230769230769,0.6923076923076923,6.294871794871795,0.8846153846153846,609.64815,69.98352142215121,44.672523073501615,Other,40.833333333333336
2014,Jayuya Municipio,72073,16183.0,0.0,12599.0,93.0,31.8,41.2,16111.0,22227.82,236.72,6116.0,40.0,56.7,15.7,50.8,69.1,28.0,6.69,8.1,2.1,0.1,1.1,0.32,0.9551282051282052,0.8333333333333334,0.44871794871794873,0.0641025641025641,0.07692307692307693,0.9230769230769231,0.9871794871794872,0.1282051282051282,0.7564102564102564,0.6410256410256411,5.814102564102564,0.782051282051282,568.9599999999999,65.31279451655377,37.79274547364518,Mountain (Isolated),39.6
2014,Juana Díaz Municipio,72075,49876.0,0.0,38955.0,152.0,16.6,45.2,18758.0,25879.8,236.72,18945.0,42.3,50.6,15.3,52.9,69.7,21.6,3.12,13.7,1.5,0.2,1.1,1.01,0.3974358974358974,0.532051282051282,0.41025641025641024,0.6538461538461539,0.1282051282051282,0.532051282051282,0.3717948717948718,0.38461538461538464,0.7564102564102564,0.3076923076923077,4.474358974358974,0.2692307692307692,483.33672,55.48381586695916,37.98420081802871,Other,38.93333333333333
2014,Juncos Municipio,72077,40284.0,0.0,31304.0,160.0,21.2,46.7,19288.0,26611.03,236.72,15647.0,41.6,46.0,17.8,53.1,70.7,19.9,3.94,13.5,2.7,0.0,0.5,0.57,0.5961538461538461,0.3076923076923077,0.5897435897435898,0.7307692307692307,0.24358974358974358,0.391025641025641,0.6923076923076923,0.2948717948717949,0.19230769230769232,0.2692307692307692,4.3076923076923075,0.23076923076923078,439.58304000000004,50.46118666423306,38.84172376129481,Other,38.199999999999996
2014,Lajas Municipio,72079,25117.0,0.0,20395.0,117.0,14.8,28.1,13422.0,18517.9,236.72,12014.0,43.0,60.9,26.3,52.1,73.9,18.3,1.83,5.3,1.5,2.0,0.8,0.14,0.2692307692307692,0.967948717948718,0.9294871794871795,0.3717948717948718,0.9102564102564102,0.28205128205128205,0.08974358974358974,0.4807692307692308,0.4935897435897436,0.9615384615384616,5.756410256410256,0.7692307692307693,409.97490000000005,47.062370642302945,47.83214555878489,Other,37.800000000000004
2014,Lares Municipio,72081,29426.0,0.0,23718.0,75.0,32.9,40.9,11929.0,16458.05,236.72,12103.0,56.0,59.7,21.5,51.2,73.0,21.6,5.57,8.3,1.2,0.1,1.1,0.79,0.9871794871794872,0.9423076923076923,0.717948717948718,0.14743589743589744,0.7564102564102564,0.532051282051282,0.9230769230769231,0.9743589743589743,0.7564102564102564,0.9871794871794872,7.7243589743589745,0.9871794871794872,619.3152000000001,71.09323396825508,41.130292938217906,Mountain (Isolated),42.93333333333334
2014,Las Marías Municipio,72083,9521.0,0.0,7581.0,49.0,6.5,36.5,14928.0,20595.68,236.72,3866.0,38.4,56.7,30.3,50.7,71.5,8.4,3.55,6.2,1.0,0.2,1.6,0.83,0.02564102564102564,0.8333333333333334,0.9615384615384616,0.038461538461538464,0.33974358974358976,0.038461538461538464,0.532051282051282,0.057692307692307696,0.8974358974358975,0.8589743589743589,4.583333333333333,0.28205128205128205,163.53792,18.773057094742356,40.60497846864825,Other,32.5
2014,Las Piedras Municipio,72085,38759.0,0.0,30725.0,148.0,21.2,42.7,19929.0,27495.39,236.72,15218.0,43.9,47.6,25.8,52.8,71.7,19.5,2.94,13.0,1.0,0.2,0.3,0.2,0.5961538461538461,0.3333333333333333,0.8974358974358975,0.5961538461538461,0.3974358974358974,0.358974358974359,0.26282051282051283,0.5897435897435898,0.0641025641025641,0.24358974358974358,4.339743589743589,0.24358974358974358,451.9944,51.88592760445903,39.26313888387213,Other,38.73333333333333
2014,Loíza Municipio,72087,29054.0,0.0,22696.0,121.0,26.4,52.4,18456.0,25463.14,236.72,11647.0,44.6,47.9,12.1,54.4,70.2,17.6,3.78,7.6,2.6,0.1,1.0,0.27,0.8076923076923077,0.34615384615384615,0.16666666666666666,0.9551282051282052,0.1794871794871795,0.21794871794871795,0.6666666666666666,0.6794871794871795,0.6474358974358975,0.3333333333333333,5.0,0.46153846153846156,427.01824000000005,49.01883184044651,40.08742341846217,Other,38.86666666666667
2014,Luquillo Municipio,72089,19731.0,0.0,15660.0,76.0,26.9,51.7,18256.0,25187.21,236.72,10421.0,41.3,44.7,16.1,53.4,71.9,23.0,4.97,16.5,18.700000000000003,0.0,1.4,0.29,0.8333333333333334,0.28205128205128205,0.5,0.782051282051282,0.5128205128205128,0.6410256410256411,0.8333333333333334,0.25,0.8461538461538461,0.358974358974359,5.8397435897435885,0.7948717948717948,507.2466,58.22850983376783,52.81536668187117,Other,39.233333333333334
2014,Manatí Municipio,72091,42900.0,0.0,33939.0,124.0,20.8,42.8,18796.0,25932.23,236.72,18655.0,44.2,45.3,13.7,53.8,71.7,20.3,3.02,17.5,4.9,0.2,1.5,1.1,0.5641025641025641,0.2948717948717949,0.2564102564102564,0.8653846153846154,0.3974358974358974,0.41025641025641024,0.34615384615384615,0.6282051282051282,0.8653846153846154,0.2948717948717949,4.9230769230769225,0.44871794871794873,482.72587999999996,55.41369552914544,43.484848484848484,Other,39.43333333333333
2014,Maricao Municipio,72093,6384.0,255.0,5056.0,231.0,9.3,36.7,14149.0,19520.92,236.72,2504.0,40.1,58.9,37.5,52.1,72.3,10.1,6.96,5.0,0.4,0.8,2.3,0.39,0.07692307692307693,0.8974358974358975,1.0,0.3717948717948718,0.6025641025641025,0.0641025641025641,1.0,0.14102564102564102,0.9871794871794872,0.9102564102564102,6.051282051282052,0.8589743589743589,211.01021000000003,24.222557801295103,39.22305764411028,Other,34.1
2014,Maunabo Municipio,72095,11904.0,0.0,9652.0,50.0,30.5,38.1,17866.0,24649.14,236.72,5223.0,46.8,56.3,15.6,51.1,73.8,21.2,3.73,9.9,3.5999999999999996,0.0,1.8,0.11,0.9230769230769231,0.7948717948717948,0.4358974358974359,0.1282051282051282,0.8782051282051282,0.47435897435897434,0.6474358974358975,0.8205128205128205,0.9230769230769231,0.4230769230769231,6.44871794871795,0.9102564102564102,506.99375999999995,58.19948549644083,43.87600806451613,Other,39.699999999999996
2014,Mayagüez Municipio,72097,85425.0,0.0,71053.0,186.0,21.3,38.7,15402.0,21249.64,236.72,40992.0,41.3,50.3,17.6,52.9,73.9,23.2,2.41,19.7,16.799999999999997,0.1,0.6,1.74,0.6282051282051282,0.48717948717948717,0.5769230769230769,0.6538461538461539,0.9102564102564102,0.6730769230769231,0.11538461538461539,0.25,0.2692307692307692,0.7307692307692307,5.294871794871795,0.5897435897435898,506.86663999999996,58.184892972469115,47.98595258999122,Other,39.13333333333333
2014,Moca Municipio,72099,39349.0,0.0,30853.0,190.0,22.7,39.6,15301.0,21110.29,236.72,15428.0,38.7,53.0,24.5,51.6,71.0,23.1,3.2,13.7,1.4,0.2,0.5,0.67,0.6794871794871795,0.6538461538461539,0.8653846153846154,0.21794871794871795,0.2692307692307692,0.6538461538461539,0.41025641025641024,0.07692307692307693,0.19230769230769232,0.7564102564102564,4.7756410256410255,0.3717948717948718,461.28852,52.95283028614526,39.20811202317721,Other,37.800000000000004
2014,Morovis Municipio,72101,32484.0,0.0,25206.0,139.0,23.4,41.7,16086.0,22193.33,236.72,11533.0,46.3,55.3,19.7,50.8,68.9,24.2,5.08,8.1,2.4,0.0,0.7,0.2,0.7051282051282052,0.7692307692307693,0.6923076923076923,0.0641025641025641,0.05128205128205128,0.7435897435897436,0.8525641025641025,0.7692307692307693,0.38461538461538464,0.6538461538461539,5.685897435897437,0.7435897435897436,569.1936799999999,65.33961941430162,35.5036325575668,Other,40.43333333333333
2014,Naguabo Municipio,72103,26881.0,0.0,21020.0,118.0,12.9,40.3,18295.0,25241.02,236.72,11316.0,41.1,53.5,23.6,53.4,69.9,10.6,2.8,15.6,4.9,0.0,1.1,0.25,0.15384615384615385,0.6794871794871795,0.8269230769230769,0.782051282051282,0.14743589743589744,0.08974358974358974,0.23076923076923078,0.21153846153846154,0.7564102564102564,0.34615384615384615,4.2243589743589745,0.1794871794871795,232.64244,26.705792814169165,42.0966481901715,Other,35.03333333333333
2014,Naranjito Municipio,72105,30034.0,0.0,23915.0,117.0,15.7,37.1,17478.0,24113.83,236.72,10492.0,49.7,49.7,9.1,50.9,71.8,22.0,5.48,9.6,0.4,0.1,1.2,0.32,0.32051282051282054,0.44871794871794873,0.10256410256410256,0.10256410256410256,0.46153846153846156,0.5769230769230769,0.9102564102564102,0.8717948717948718,0.8269230769230769,0.4358974358974359,5.0576923076923075,0.5,556.5406,63.887130638216306,34.93374175933941,Other,40.86666666666667
2014,Orocovis Municipio,72107,22927.0,0.0,18045.0,100.0,27.7,37.2,14549.0,20072.78,236.72,8429.0,43.4,59.2,13.5,50.3,68.9,34.3,4.4,6.9,1.0,0.1,0.7,0.6,0.8589743589743589,0.9102564102564102,0.23076923076923078,0.02564102564102564,0.05128205128205128,1.0,0.7692307692307693,0.5128205128205128,0.38461538461538464,0.8846153846153846,5.628205128205128,0.6923076923076923,748.7758599999999,85.95445001957225,36.764513455750865,Mountain (Isolated),42.666666666666664
2014,Patillas Municipio,72109,18766.0,0.0,15085.0,99.0,30.3,38.7,14343.0,19788.57,236.72,8757.0,44.7,56.5,13.8,51.5,73.7,23.4,2.44,11.2,1.5,0.7,0.0,0.02,0.9102564102564102,0.8076923076923077,0.27564102564102566,0.1858974358974359,0.8589743589743589,0.6923076923076923,0.1282051282051282,0.6923076923076923,0.01282051282051282,0.8974358974358975,5.461538461538462,0.6538461538461539,538.6797,61.83681903181038,46.66417989981882,Other,39.86666666666667
2014,Peñuelas Municipio,72111,23307.0,0.0,17871.0,82.0,27.5,42.7,15506.0,21393.12,236.72,8785.0,42.7,60.9,27.1,51.6,69.2,17.2,6.37,9.2,0.3,0.1,2.9,0.09,0.8461538461538461,0.967948717948718,0.9487179487179487,0.21794871794871795,0.09615384615384616,0.20512820512820512,0.9615384615384616,0.4551282051282051,1.0,0.7051282051282052,6.403846153846154,0.8974358974358975,378.97104,43.50333531925738,37.69253872227228,Other,37.166666666666664
2014,Ponce Municipio,72113,159660.0,0.0,127145.0,265.0,22.6,43.9,16807.0,23188.07,236.72,66891.0,44.5,51.4,17.2,52.8,71.7,18.7,3.71,15.5,11.4,0.1,0.7,2.23,0.6666666666666666,0.5897435897435898,0.5448717948717948,0.5961538461538461,0.3974358974358974,0.3333333333333333,0.6217948717948718,0.6666666666666666,0.38461538461538464,0.5384615384615384,5.33974358974359,0.6089743589743589,439.37519999999995,50.43732802529125,41.89590379556557,Other,38.666666666666664
2014,Quebradillas Municipio,72115,25512.0,0.0,20209.0,125.0,17.0,35.6,15277.0,21077.18,236.72,10192.0,43.0,57.1,21.7,52.0,71.8,27.6,2.65,13.7,2.3,0.0,0.7,0.2,0.4358974358974359,0.8589743589743589,0.7371794871794872,0.32051282051282054,0.46153846153846156,0.9038461538461539,0.17307692307692307,0.4807692307692308,0.38461538461538464,0.782051282051282,5.538461538461538,0.6666666666666666,617.136,70.84307641445432,39.94982753214173,Other,40.86666666666667
2014,Rincón Municipio,72117,14998.0,0.0,12305.0,55.0,23.2,45.2,16704.0,23045.97,236.72,9374.0,50.7,50.5,21.7,52.4,75.2,31.3,3.69,23.6,9.9,0.0,1.0,0.17,0.6923076923076923,0.5128205128205128,0.7371794871794872,0.46153846153846156,0.9615384615384616,0.967948717948718,0.6025641025641025,0.8974358974358975,0.6474358974358975,0.5769230769230769,7.0576923076923075,0.9743589743589743,831.54084,95.45531498706853,62.50166688891853,Other,44.800000000000004
2014,Río Grande Municipio,72119,53628.0,0.0,43019.0,177.0,24.2,52.2,22372.0,30865.92,236.72,23209.0,39.5,40.7,18.2,52.1,72.1,23.2,4.36,14.8,5.5,0.3,0.8,2.16,0.7307692307692307,0.15384615384615385,0.6282051282051282,0.3717948717948718,0.5576923076923077,0.6730769230769231,0.7564102564102564,0.08974358974358974,0.4935897435897436,0.14102564102564102,4.596153846153848,0.32051282051282054,477.44440000000003,54.80741702453478,43.277765346460804,Other,38.266666666666666
2014,Sabana Grande Municipio,72121,24692.0,0.0,19785.0,106.0,25.6,36.2,15054.0,20769.52,236.72,10534.0,46.6,50.6,17.0,53.6,72.3,26.5,2.38,14.1,2.2,0.0,1.0,0.67,0.7756410256410257,0.532051282051282,0.5256410256410257,0.8333333333333334,0.6025641025641025,0.8461538461538461,0.10256410256410256,0.7884615384615384,0.6474358974358975,0.8461538461538461,6.5,0.9230769230769231,661.9064000000001,75.98241825856273,42.66159079863924,Other,42.23333333333333
2014,Salinas Municipio,72123,30506.0,0.0,23810.0,151.0,16.1,40.4,13871.0,19137.37,236.72,13936.0,47.6,58.3,22.5,52.6,69.2,20.7,5.93,18.4,1.5,0.5,0.7,0.8,0.36538461538461536,0.8846153846153846,0.782051282051282,0.532051282051282,0.09615384615384616,0.44871794871794873,0.9487179487179487,0.8333333333333334,0.38461538461538464,0.9230769230769231,6.198717948717949,0.8717948717948718,518.27832,59.49487734910134,45.682816495115716,Other,40.300000000000004
2014,San Germán Municipio,72125,34725.0,0.0,28153.0,138.0,7.7,35.0,15091.0,20820.56,236.72,15304.0,42.2,48.4,24.5,52.4,73.6,10.4,2.67,11.9,3.8,0.1,0.6,1.67,0.038461538461538464,0.358974358974359,0.8653846153846154,0.46153846153846156,0.8397435897435898,0.07692307692307693,0.20512820512820512,0.36538461538461536,0.2692307692307692,0.8205128205128205,4.301282051282052,0.21794871794871795,229.97312000000005,26.399372769422747,44.07199424046077,Other,35.0
2014,San Juan Municipio,72127,380149.0,0.0,311213.0,374.0,15.8,52.8,22266.0,30719.68,236.72,190122.0,43.5,40.9,17.4,55.3,74.9,19.1,2.66,25.3,29.0,0.4,0.9,1.93,0.3333333333333333,0.16666666666666666,0.5641025641025641,1.0,0.9487179487179487,0.34615384615384615,0.19230769230769232,0.532051282051282,0.5576923076923077,0.15384615384615385,4.794871794871796,0.38461538461538464,459.46005,52.742934185558774,50.01249510060529,Metro/Coastal (Hubs),39.300000000000004
2014,San Lorenzo Municipio,72129,40313.0,0.0,32186.0,124.0,16.6,42.9,17116.0,23614.39,236.72,16178.0,41.2,49.3,12.7,51.7,72.6,22.4,4.78,10.4,0.7,0.4,0.9,0.39,0.3974358974358974,0.41025641025641024,0.19230769230769232,0.24358974358974358,0.6858974358974359,0.6153846153846154,0.8205128205128205,0.23076923076923078,0.5576923076923077,0.47435897435897434,4.628205128205128,0.3333333333333333,477.12896,54.77120662678748,40.130975119688436,Other,38.43333333333333
2014,San Sebastián Municipio,72131,41204.0,0.0,32913.0,126.0,29.8,37.0,14726.0,20316.98,236.72,17415.0,45.7,56.7,25.2,52.0,73.0,27.1,3.71,11.0,1.3,0.1,0.4,0.43,0.8974358974358975,0.8333333333333334,0.8846153846153846,0.32051282051282054,0.7564102564102564,0.8846153846153846,0.6217948717948718,0.7051282051282052,0.12179487179487179,0.8717948717948718,6.897435897435898,0.9615384615384616,644.0044,73.92738864763166,42.265314047179885,Other,41.6
2014,Santa Isabel Municipio,72133,23114.0,0.0,17661.0,84.0,12.3,43.8,16344.0,22549.29,236.72,9237.0,42.6,50.8,19.4,52.9,68.4,26.1,6.5,22.8,3.0,0.1,1.1,0.06,0.14102564102564102,0.5512820512820513,0.6730769230769231,0.6538461538461539,0.02564102564102564,0.8333333333333334,0.9743589743589743,0.4166666666666667,0.7564102564102564,0.6282051282051282,5.653846153846153,0.717948717948718,588.17394,67.51842604614002,39.96279311239942,Other,40.53333333333333
2014,Toa Alta Municipio,72135,74688.0,0.0,58177.0,208.0,15.4,54.0,29183.0,40262.84,236.72,25323.0,36.3,32.9,13.1,52.6,69.5,20.6,4.35,16.0,1.2000000000000002,0.7,0.8,0.42,0.3076923076923077,0.05128205128205128,0.20512820512820512,0.532051282051282,0.11538461538461539,0.4358974358974359,0.7435897435897436,0.01282051282051282,0.4935897435897436,0.038461538461538464,2.935897435897436,0.038461538461538464,393.33228,45.151909414313124,33.90504498714653,Other,36.5
2014,Toa Baja Municipio,72137,86873.0,0.0,69206.0,154.0,17.9,55.0,23642.0,32618.1,236.72,34734.0,42.7,37.8,16.0,53.9,72.3,22.8,3.31,16.7,3.0,0.2,1.5,0.38,0.48717948717948717,0.1282051282051282,0.4807692307692308,0.8846153846153846,0.6025641025641025,0.6282051282051282,0.4423076923076923,0.4551282051282051,0.8653846153846154,0.11538461538461539,5.089743589743589,0.5256410256410257,524.7488400000001,60.23764967611073,39.98250319431814,Other,39.800000000000004
2014,Trujillo Alto Municipio,72139,73030.0,0.0,57885.0,183.0,8.6,52.7,30687.0,42337.86,236.72,28921.0,39.8,30.8,8.7,54.0,71.7,17.9,3.0,18.5,13.1,0.0,0.7,1.14,0.0641025641025641,0.038461538461538464,0.057692307692307696,0.8974358974358975,0.3974358974358974,0.24358974358974358,0.3141025641025641,0.10897435897435898,0.38461538461538464,0.02564102564102564,2.532051282051282,0.01282051282051282,384.70679999999993,44.16176212303316,39.60153361632206,Other,37.233333333333334
2014,Utuado Municipio,72141,32086.0,0.0,25699.0,107.0,32.7,38.4,15291.0,21096.5,236.72,13413.0,42.0,54.0,8.7,51.8,72.1,18.5,5.08,11.7,0.6,0.1,0.7,0.34,0.9743589743589743,0.7051282051282052,0.057692307692307696,0.26282051282051283,0.5576923076923077,0.3141025641025641,0.8525641025641025,0.3333333333333333,0.38461538461538464,0.7692307692307693,5.211538461538462,0.5769230769230769,402.486,46.20269511703751,41.80327868852459,Mountain (Isolated),37.43333333333333
2014,Vega Alta Municipio,72143,39670.0,0.0,31039.0,119.0,19.5,40.4,17944.0,24756.75,236.72,15930.0,48.6,50.9,26.0,53.4,70.3,17.1,3.89,16.8,4.7,0.1,1.1,1.91,0.532051282051282,0.5705128205128205,0.9102564102564102,0.782051282051282,0.1987179487179487,0.19230769230769232,0.6794871794871795,0.8589743589743589,0.7564102564102564,0.3974358974358974,5.878205128205129,0.8076923076923077,443.78604,50.94366289341098,40.15628938744643,Other,39.699999999999996
2014,Vega Baja Municipio,72145,57915.0,0.0,45820.0,160.0,12.2,34.2,16625.0,22936.97,236.72,24607.0,46.0,50.4,35.9,52.9,71.8,20.5,1.66,25.8,0.7,0.2,0.3,0.55,0.1282051282051282,0.5,0.9871794871794872,0.6538461538461539,0.46153846153846156,0.4230769230769231,0.038461538461538464,0.7307692307692307,0.0641025641025641,0.6025641025641025,4.589743589743589,0.2948717948717949,498.84700000000004,57.26429205251564,42.48812915479582,Other,39.800000000000004
2014,Vieques Municipio,72147,9217.0,0.0,7336.0,74.0,14.3,45.2,18179.0,25080.98,236.72,4977.0,44.4,41.6,8.4,50.8,72.6,9.0,2.79,8.7,0.0,2.3,0.9,0.01,0.24358974358974358,0.19230769230769232,0.038461538461538464,0.0641025641025641,0.6858974358974359,0.05128205128205128,0.21794871794871795,0.6538461538461539,0.5576923076923077,0.3717948717948718,3.076923076923077,0.0641025641025641,202.9968,23.30267204358472,53.998047086904634,Other,34.73333333333333
2014,Villalba Municipio,72149,25196.0,0.0,19608.0,107.0,26.5,49.0,17389.0,23991.04,236.72,9040.0,42.2,53.8,15.0,51.8,68.9,21.9,5.24,9.8,2.3,0.2,1.0,0.75,0.8205128205128205,0.6923076923076923,0.3782051282051282,0.26282051282051283,0.05128205128205128,0.5641025641025641,0.8974358974358975,0.36538461538461536,0.6474358974358975,0.44871794871794873,5.128205128205129,0.5384615384615384,478.72524,54.954448871639286,35.8787109064931,Other,38.63333333333333
2014,Yabucoa Municipio,72151,36903.0,0.0,29421.0,136.0,25.4,37.1,16627.0,22939.73,236.72,14482.0,40.6,51.7,14.6,52.1,72.0,22.2,5.13,11.3,0.7,0.0,0.9,0.32,0.7564102564102564,0.6089743589743589,0.32051282051282054,0.3717948717948718,0.5384615384615384,0.6025641025641025,0.8717948717948718,0.1794871794871795,0.5576923076923077,0.5897435897435898,5.397435897435897,0.6410256410256411,469.58772,53.90552282033356,39.243421944015395,Other,38.300000000000004
2014,Yauco Municipio,72153,40391.0,0.0,32503.0,111.0,28.0,39.7,15346.0,21172.38,236.72,16943.0,46.7,52.1,16.0,52.9,72.9,24.4,1.77,10.5,2.3,0.0,0.5,0.76,0.8846153846153846,0.6282051282051282,0.4807692307692308,0.6538461538461539,0.7307692307692307,0.7564102564102564,0.07692307692307693,0.8076923076923077,0.19230769230769232,0.7435897435897436,5.955128205128205,0.8205128205128205,602.78492,69.19566861930066,41.94746354385878,Other,41.333333333333336
2015,Adjuntas Municipio,72001,18962.0,0.0,15022.0,85.0,36.5,42.9,10499.0,14467.6,237.0,7694.0,19.3,61.7,18.5,51.7,71.7,20.3,2.77,93.2,1.2,0.4,2.6,0.37,1.0,0.9871794871794872,0.8846153846153846,0.21794871794871795,0.28846153846153844,0.4166666666666667,0.22435897435897437,0.7948717948717948,0.3269230769230769,1.0,6.1410256410256405,0.8589743589743589,202.55543,23.252005725889678,40.57588861934395,Mountain (Isolated),30.433333333333334
2015,Aguada Municipio,72003,40603.0,0.0,32989.0,171.0,25.1,46.8,16029.0,22087.93,237.0,17398.0,15.8,54.2,14.6,51.5,74.1,26.9,3.85,96.3,1.4,0.1,1.9,0.28,0.8012820512820513,0.7051282051282052,0.6987179487179487,0.17307692307692307,0.8333333333333334,0.8461538461538461,0.6666666666666666,0.42948717948717946,0.09615384615384616,0.6025641025641025,5.852564102564102,0.7692307692307693,218.8853,25.126565350102336,42.8490505627663,Other,31.400000000000002
2015,Aguadilla Municipio,72005,57973.0,0.0,46796.0,158.0,23.2,40.8,17267.0,23793.9,237.0,27386.0,17.8,49.1,22.2,52.3,73.8,24.0,3.8,95.2,8.4,0.2,2.1,3.23,0.7051282051282052,0.42948717948717946,0.9230769230769231,0.42948717948717946,0.7564102564102564,0.7051282051282052,0.6538461538461539,0.6666666666666666,0.16666666666666666,0.48717948717948717,5.923076923076923,0.8076923076923077,223.4256,25.6477613585098,47.23923205630207,Other,31.366666666666664
2015,Aguas Buenas Municipio,72007,27693.0,0.0,22168.0,128.0,24.6,38.6,14824.0,20427.45,237.0,10752.0,18.2,53.6,8.3,52.0,72.2,26.8,1.88,95.3,1.5,0.0,3.0,0.81,0.7692307692307693,0.6666666666666666,0.12179487179487179,0.30128205128205127,0.3717948717948718,0.8333333333333334,0.0641025641025641,0.7051282051282052,0.4166666666666667,0.7948717948717948,5.044871794871796,0.5,253.63520000000003,29.11562095712356,38.82569602426606,Other,32.333333333333336
2015,Aibonito Municipio,72009,24829.0,0.0,20025.0,92.0,6.0,31.4,17307.0,23849.02,237.0,9986.0,16.6,47.2,8.2,52.5,73.0,28.2,3.15,95.8,1.5,0.5,4.1,0.1,0.038461538461538464,0.32051282051282054,0.08974358974358974,0.47435897435897434,0.6217948717948718,0.8974358974358975,0.38461538461538464,0.5384615384615384,0.5833333333333334,0.47435897435897434,4.423076923076923,0.21794871794871795,245.763,28.211945160945945,40.21909863466108,Other,32.43333333333334
2015,Arecibo Municipio,72013,92511.0,0.0,75485.0,178.0,17.7,37.9,16485.0,22716.3,237.0,41472.0,18.7,49.6,12.6,52.9,74.1,16.6,2.48,95.7,3.3,0.2,1.5,2.01,0.46794871794871795,0.48717948717948717,0.532051282051282,0.6346153846153846,0.8333333333333334,0.1794871794871795,0.1282051282051282,0.7435897435897436,0.02564102564102564,0.5641025641025641,4.596153846153846,0.2564102564102564,164.21218000000002,18.85045762348028,44.82926354703765,Other,29.400000000000002
2015,Arroyo Municipio,72015,19018.0,0.0,14936.0,74.0,22.9,34.7,15298.0,21080.62,237.0,8564.0,18.5,52.7,10.7,54.5,70.5,23.3,2.79,95.1,1.2,0.7,5.0,0.09,0.6602564102564102,0.6410256410256411,0.3269230769230769,0.9487179487179487,0.14102564102564102,0.6346153846153846,0.24358974358974358,0.717948717948718,0.7948717948717948,0.7051282051282052,5.814102564102564,0.7435897435897436,234.92225000000002,26.967499721626258,45.03102324113997,Other,32.1
2015,Añasco Municipio,72011,28579.0,0.0,23252.0,110.0,15.0,41.9,17386.0,23957.88,237.0,12368.0,14.4,49.1,16.6,52.3,73.9,21.2,3.6,97.4,2.0,0.3,4.4,0.41,0.28205128205128205,0.42948717948717946,0.8205128205128205,0.42948717948717946,0.782051282051282,0.48717948717948717,0.5769230769230769,0.27564102564102566,0.6602564102564102,0.46153846153846156,5.205128205128205,0.5897435897435898,159.66144000000003,18.328063173047457,43.27653171909444,Other,29.3
2015,Barceloneta Municipio,72017,24775.0,0.0,19594.0,124.0,17.1,33.2,15212.0,20962.11,237.0,9845.0,15.7,55.9,14.0,53.3,71.8,28.9,2.77,95.9,1.3,0.2,2.6,0.15,0.3974358974358974,0.7692307692307693,0.6666666666666666,0.75,0.3076923076923077,0.9615384615384616,0.22435897435897437,0.3974358974358974,0.3269230769230769,0.7307692307692307,5.532051282051283,0.6794871794871795,241.83809,27.761391799855588,39.73763874873865,Other,32.63333333333333
2015,Barranquitas Municipio,72019,29805.0,0.0,23036.0,149.0,6.8,29.1,14331.0,19748.09,237.0,11080.0,15.2,61.2,9.5,51.5,68.4,23.4,2.12,96.4,2.1,0.1,6.4,1.25,0.057692307692307696,0.9743589743589743,0.21794871794871795,0.17307692307692307,0.01282051282051282,0.6538461538461539,0.10256410256410256,0.358974358974359,0.9230769230769231,0.8717948717948718,4.346153846153847,0.20512820512820512,183.1752,21.027285218870638,37.17497064250965,Other,30.033333333333335
2015,Bayamón Municipio,72021,197287.0,0.0,161158.0,263.0,16.1,50.9,24430.0,33664.5,237.0,83980.0,14.5,35.6,10.8,53.6,74.8,24.6,3.04,92.8,8.6,0.1,2.3,3.13,0.3782051282051282,0.08333333333333333,0.34615384615384615,0.8205128205128205,0.9358974358974359,0.7692307692307693,0.3333333333333333,0.2948717948717949,0.22435897435897437,0.08974358974358974,4.275641025641025,0.19230769230769232,191.1912,21.947468291221416,42.567427149279986,Metro/Coastal (Hubs),30.900000000000002
2015,Cabo Rojo Municipio,72023,50380.0,0.0,40864.0,161.0,11.8,34.5,16499.0,22735.59,237.0,29661.0,15.8,50.7,11.1,53.3,74.7,16.1,3.2,97.1,7.1,4.8,2.8,0.27,0.1282051282051282,0.5256410256410257,0.391025641025641,0.75,0.9230769230769231,0.16025641025641027,0.3974358974358974,0.42948717948717946,0.36538461538461536,0.5512820512820513,4.621794871794871,0.2948717948717949,135.58454,15.564196429698866,58.87455339420406,Other,28.400000000000002
2015,Caguas Municipio,72025,138262.0,0.0,111045.0,292.0,15.9,51.5,23769.0,32753.64,237.0,58254.0,17.1,38.0,11.9,54.5,73.0,22.8,4.05,93.2,6.699999999999999,0.1,2.6,0.78,0.358974358974359,0.11538461538461539,0.46153846153846156,0.9487179487179487,0.6217948717948718,0.6153846153846154,0.7371794871794872,0.5897435897435898,0.3269230769230769,0.10256410256410256,4.878205128205128,0.41025641025641024,212.48460000000003,24.391807891120855,42.13305174234424,Other,31.46666666666667
2015,Camuy Municipio,72027,33949.0,0.0,27411.0,131.0,21.4,41.3,17532.0,24159.07,237.0,14076.0,12.9,48.6,7.5,52.6,73.0,21.0,2.3,94.8,0.7,0.2,1.9,0.32,0.5641025641025641,0.38461538461538464,0.05128205128205128,0.5,0.6217948717948718,0.47435897435897434,0.11538461538461539,0.16666666666666666,0.09615384615384616,0.4358974358974359,3.4102564102564106,0.07692307692307693,142.4934,16.35728725071201,41.4621932899349,Other,28.833333333333332
2015,Canóvanas Municipio,72029,47432.0,0.0,37164.0,156.0,22.6,51.4,20023.0,27591.66,237.0,17901.0,14.7,43.8,10.7,52.7,70.9,19.0,4.77,95.5,0.7,0.1,5.8,0.23,0.6346153846153846,0.21794871794871795,0.3269230769230769,0.5384615384615384,0.16666666666666666,0.3076923076923077,0.8782051282051282,0.3333333333333333,0.9038461538461539,0.20512820512820512,4.512820512820514,0.24358974358974358,147.1911,16.896551724137932,37.74034407151291,Other,28.8
2015,Carolina Municipio,72031,168114.0,0.0,137045.0,265.0,14.5,54.7,27969.0,38541.23,237.0,77446.0,14.6,30.5,8.2,55.2,74.1,22.7,3.05,92.9,20.1,0.2,2.6,0.42,0.2692307692307692,0.038461538461538464,0.08974358974358974,0.9871794871794872,0.8333333333333334,0.6025641025641025,0.34615384615384615,0.3141025641025641,0.3269230769230769,0.0641025641025641,3.8717948717948723,0.14102564102564102,182.94384,21.00072664157285,46.0675494010017,Metro/Coastal (Hubs),30.833333333333332
2015,Cataño Municipio,72033,26680.0,0.0,21179.0,83.0,30.8,53.8,18326.0,25253.2,237.0,10890.0,26.9,48.9,18.6,53.9,71.9,19.3,3.61,93.8,12.0,0.2,4.4,0.03,0.9487179487179487,0.41025641025641024,0.8974358974358975,0.8653846153846154,0.32051282051282054,0.36538461538461536,0.5897435897435898,0.9871794871794872,0.6602564102564102,0.34615384615384615,6.391025641025641,0.9102564102564102,279.83262999999994,32.122910331511555,40.81709145427286,Other,33.36666666666667
2015,Cayey Municipio,72035,46647.0,0.0,37629.0,166.0,12.8,48.3,20751.0,28594.84,237.0,19938.0,17.5,41.5,8.9,52.6,73.5,30.8,3.58,96.9,3.2,0.2,4.0,0.31,0.20512820512820512,0.1794871794871795,0.16666666666666666,0.5,0.6923076923076923,0.9871794871794872,0.5641025641025641,0.6346153846153846,0.532051282051282,0.16666666666666666,4.628205128205129,0.3076923076923077,283.514,32.5455069329412,42.74229854009904,Other,33.63333333333333
2015,Ceiba Municipio,72037,12810.0,0.0,10376.0,58.0,12.2,41.0,20702.0,28527.32,237.0,7453.0,12.5,43.3,10.5,54.2,73.2,11.4,2.92,95.9,4.3,0.2,5.4,0.22,0.16666666666666666,0.20512820512820512,0.30128205128205127,0.9102564102564102,0.6730769230769231,0.10256410256410256,0.2948717948717949,0.09615384615384616,0.8461538461538461,0.1794871794871795,3.7756410256410255,0.1282051282051282,77.235,8.86606032846954,58.18110850897737,Other,26.033333333333335
2015,Ciales Municipio,72039,17928.0,0.0,14353.0,73.0,17.7,29.4,12630.0,17404.12,237.0,7421.0,20.1,59.5,22.8,51.3,72.5,16.0,3.87,94.8,2.3,0.0,4.0,0.09,0.46794871794871795,0.9166666666666666,0.9487179487179487,0.15384615384615385,0.46794871794871795,0.14102564102564102,0.6794871794871795,0.8461538461538461,0.532051282051282,0.9615384615384616,6.115384615384615,0.8333333333333334,164.9808,18.93869004776549,41.39335118250781,Other,29.133333333333336
2015,Cidra Municipio,72041,42298.0,0.0,33640.0,124.0,13.7,51.8,23315.0,32128.03,237.0,16328.0,12.6,39.2,7.9,52.0,72.2,28.6,6.09,98.1,0.5,0.4,4.2,0.4,0.24358974358974358,0.16666666666666666,0.0641025641025641,0.30128205128205127,0.3717948717948718,0.9487179487179487,0.9487179487179487,0.11538461538461539,0.6346153846153846,0.11538461538461539,3.91025641025641,0.15384615384615385,187.3872,21.510794587725613,38.602297980992006,Other,31.066666666666663
2015,Coamo Municipio,72043,40293.0,0.0,31992.0,96.0,11.5,41.0,18233.0,25125.04,237.0,16427.0,15.7,49.4,13.9,52.2,71.6,24.4,6.18,96.3,2.5,0.0,4.2,0.3,0.11538461538461539,0.46794871794871795,0.6538461538461539,0.40384615384615385,0.2692307692307692,0.7243589743589743,0.9743589743589743,0.3974358974358974,0.6346153846153846,0.358974358974359,4.999999999999999,0.47435897435897434,199.96776,22.954958553879955,40.76886804159531,Other,30.766666666666666
2015,Comerío Municipio,72045,20339.0,0.0,16189.0,99.0,20.6,37.1,13124.0,18084.85,237.0,7777.0,22.8,60.0,10.4,50.9,72.6,27.4,3.5,93.7,3.5999999999999996,0.0,4.1,0.07,0.5512820512820513,0.9358974358974359,0.27564102564102566,0.09615384615384616,0.5128205128205128,0.8717948717948718,0.5,0.9423076923076923,0.5833333333333334,0.9487179487179487,6.217948717948718,0.8717948717948718,317.98247999999995,36.502257410194325,38.236884802596,Other,33.699999999999996
2015,Corozal Municipio,72047,35975.0,0.0,28342.0,171.0,23.1,36.7,15098.0,20805.02,237.0,13144.0,14.4,56.6,15.4,52.1,71.1,19.2,2.57,96.8,0.5,0.9,9.0,0.92,0.6923076923076923,0.8333333333333334,0.7435897435897436,0.3525641025641026,0.20512820512820512,0.3333333333333333,0.15384615384615385,0.27564102564102566,0.9871794871794872,0.7435897435897436,5.32051282051282,0.6153846153846154,144.04608000000002,16.535524507795042,36.53648366921473,Other,28.566666666666666
2015,Culebra Municipio,72049,1557.0,291.0,1268.0,225.0,3.2,53.9,18649.0,25698.29,237.0,1491.0,30.5,45.5,26.5,44.4,76.8,9.4,3.09,94.1,2.5,2.5,9.3,0.0,0.01282051282051282,0.2692307692307692,0.9871794871794872,0.01282051282051282,0.9935897435897436,0.0641025641025641,0.358974358974359,1.0,1.0,0.32051282051282054,5.019230769230769,0.48717948717948717,127.2948,14.612589840104414,95.76107899807322,Other,28.099999999999998
2015,Dorado Municipio,72051,38166.0,0.0,29871.0,127.0,19.4,50.0,26947.0,37132.92,237.0,15896.0,11.4,35.6,11.7,53.0,70.5,15.2,3.72,93.2,0.8,0.3,5.6,0.13,0.5128205128205128,0.08333333333333333,0.44871794871794873,0.6858974358974359,0.14102564102564102,0.1282051282051282,0.6282051282051282,0.04487179487179487,0.8717948717948718,0.07692307692307693,3.621794871794872,0.10256410256410256,91.8384,10.542432768435518,41.64963580149871,Metro/Coastal (Hubs),26.533333333333335
2015,Fajardo Municipio,72053,34720.0,0.0,27692.0,116.0,25.1,51.9,19320.0,26622.93,237.0,18641.0,16.5,45.4,12.9,54.3,72.2,21.9,4.55,94.4,11.0,0.4,4.8,0.83,0.8012820512820513,0.2564102564102564,0.6025641025641025,0.9230769230769231,0.3717948717948718,0.5384615384615384,0.8461538461538461,0.5256410256410257,0.7371794871794872,0.24358974358974358,5.846153846153846,0.7564102564102564,196.21304999999998,22.523943012015412,53.689516129032256,Other,30.899999999999995
2015,Florida Municipio,72054,12408.0,0.0,9798.0,138.0,15.7,38.0,14994.0,20661.71,237.0,4912.0,7.9,54.0,11.0,53.2,71.5,22.5,4.06,96.8,3.5,0.0,3.3,0.1,0.3141025641025641,0.6858974358974359,0.36538461538461536,0.717948717948718,0.25,0.5897435897435898,0.7564102564102564,0.01282051282051282,0.44871794871794873,0.7692307692307693,4.910256410256411,0.4230769230769231,94.563,10.855198586664923,39.58736299161831,Other,27.86666666666667
2015,Guayama Municipio,72057,43700.0,0.0,34781.0,166.0,17.4,33.8,15860.0,21855.05,237.0,18742.0,19.8,53.0,19.1,51.0,72.4,22.3,3.96,95.6,2.1,0.6,2.3,4.87,0.4230769230769231,0.6538461538461539,0.9102564102564102,0.11538461538461539,0.4230769230769231,0.5641025641025641,0.717948717948718,0.8076923076923077,0.22435897435897437,0.6153846153846154,5.455128205128204,0.6538461538461539,225.18540000000002,25.84977460336046,42.88787185354691,Other,31.03333333333333
2015,Guayanilla Municipio,72059,20442.0,0.0,16164.0,79.0,22.5,36.8,15067.0,20762.3,237.0,8479.0,16.2,56.0,16.7,52.6,72.6,17.7,3.67,94.0,0.7,0.4,2.8,0.23,0.6089743589743589,0.7948717948717948,0.8333333333333334,0.5,0.5128205128205128,0.23717948717948717,0.6153846153846154,0.48717948717948717,0.36538461538461536,0.7564102564102564,5.711538461538461,0.717948717948718,150.82524,17.313726638129054,41.47832893063301,Other,28.833333333333332
2015,Guaynabo Municipio,72061,93899.0,0.0,78001.0,168.0,12.4,54.9,34719.0,47842.72,237.0,40251.0,11.4,26.9,7.1,53.6,76.1,18.5,3.35,94.1,19.799999999999997,0.2,2.1,0.61,0.19230769230769232,0.01282051282051282,0.038461538461538464,0.8205128205128205,0.9743589743589743,0.28846153846153844,0.4230769230769231,0.04487179487179487,0.16666666666666666,0.01282051282051282,2.9743589743589736,0.05128205128205128,113.0424,12.976509847543023,42.866271206296126,Metro/Coastal (Hubs),27.833333333333332
2015,Gurabo Municipio,72063,46765.0,0.0,36938.0,188.0,13.4,54.8,29317.0,40398.78,237.0,17512.0,12.5,34.1,9.0,53.2,71.7,23.5,3.48,95.2,3.1999999999999997,0.1,1.9,0.68,0.23076923076923078,0.0641025641025641,0.1794871794871795,0.717948717948718,0.28846153846153844,0.6666666666666666,0.48717948717948717,0.09615384615384616,0.09615384615384616,0.05128205128205128,2.878205128205128,0.038461538461538464,156.275,17.939322558834437,37.4468085106383,Other,29.733333333333334
2015,Guánica Municipio,72055,18207.0,0.0,14465.0,86.0,27.2,36.3,13682.0,18853.77,237.0,9305.0,17.0,61.0,14.3,52.8,72.8,28.4,3.4,92.6,1.7999999999999998,0.2,4.1,0.47,0.8717948717948718,0.9615384615384616,0.6794871794871795,0.5769230769230769,0.5448717948717948,0.9358974358974359,0.44871794871794873,0.5769230769230769,0.5833333333333334,0.9102564102564102,7.089743589743589,0.9871794871794872,254.91839999999996,29.262923716410043,51.106717196682595,Other,32.73333333333333
2015,Hatillo Municipio,72065,41578.0,0.0,33484.0,169.0,13.3,43.5,18687.0,25750.65,237.0,16821.0,13.4,44.7,9.2,52.8,73.9,7.1,1.23,96.0,1.5,0.0,1.6,0.27,0.21794871794871795,0.23076923076923078,0.1987179487179487,0.5769230769230769,0.782051282051282,0.01282051282051282,0.01282051282051282,0.21153846153846154,0.038461538461538464,0.3076923076923077,2.5897435897435894,0.01282051282051282,50.23392,5.7665173205866855,40.456491413728415,Other,24.433333333333334
2015,Hormigueros Municipio,72067,16845.0,0.0,13871.0,66.0,22.6,45.6,20598.0,28384.01,237.0,7559.0,14.3,37.4,12.8,54.7,76.8,28.3,1.56,92.0,4.6,0.2,1.8,0.96,0.6346153846153846,0.10256410256410256,0.5769230769230769,0.9743589743589743,0.9935897435897436,0.9166666666666666,0.038461538461538464,0.2564102564102564,0.057692307692307696,0.19230769230769232,4.743589743589744,0.3269230769230769,221.36543000000006,25.411267650904406,44.87384980706441,Other,32.43333333333333
2015,Humacao Municipio,72069,56384.0,0.0,45664.0,180.0,13.8,40.2,19342.0,26653.24,237.0,26730.0,13.4,44.9,9.6,53.5,73.7,11.5,3.39,95.1,9.5,0.0,3.8,0.98,0.2564102564102564,0.24358974358974358,0.23076923076923078,0.7948717948717948,0.7307692307692307,0.11538461538461539,0.4358974358974359,0.21153846153846154,0.5064102564102564,0.23076923076923078,3.7564102564102564,0.11538461538461539,82.4435,9.46396121823239,47.40706583427923,Other,26.133333333333336
2015,Isabela Municipio,72071,44438.0,0.0,35914.0,146.0,20.3,36.5,15707.0,21644.22,237.0,20400.0,15.9,55.9,15.5,52.1,73.6,27.8,3.44,95.5,2.4,0.0,2.4,0.68,0.5384615384615384,0.7692307692307693,0.7628205128205128,0.3525641025641026,0.7051282051282052,0.8846153846153846,0.47435897435897434,0.4551282051282051,0.27564102564102566,0.6538461538461539,5.871794871794872,0.7948717948717948,230.29242000000002,26.43602626929819,45.90665646518745,Other,31.933333333333337
2015,Jayuya Municipio,72073,15890.0,0.0,12471.0,81.0,31.7,40.0,16033.0,22093.45,237.0,6249.0,20.1,57.8,12.8,50.8,70.1,26.3,6.23,95.2,2.4000000000000004,0.1,5.4,1.26,0.9743589743589743,0.8461538461538461,0.5769230769230769,0.0641025641025641,0.09615384615384616,0.8205128205128205,0.9871794871794872,0.8461538461538461,0.8461538461538461,0.5897435897435898,6.647435897435897,0.9743589743589743,268.54404,30.82705586186234,39.326620516047825,Mountain (Isolated),32.4
2015,Juana Díaz Municipio,72075,49259.0,0.0,38672.0,142.0,17.2,46.6,18609.0,25643.17,237.0,19087.0,16.1,51.2,9.7,53.0,70.5,22.4,3.66,96.1,1.6,0.2,4.1,1.11,0.41025641025641024,0.5641025641025641,0.24358974358974358,0.6858974358974359,0.14102564102564102,0.5769230769230769,0.6025641025641025,0.47435897435897434,0.5833333333333334,0.3333333333333333,4.615384615384615,0.2692307692307692,191.1392,21.941499039754067,38.74824905093485,Other,30.5
2015,Juncos Municipio,72077,40104.0,0.0,31411.0,159.0,24.0,48.4,19141.0,26376.26,237.0,15829.0,13.1,47.4,11.1,53.2,71.2,20.8,3.33,98.2,3.0,0.0,4.1,0.51,0.7307692307692307,0.3333333333333333,0.391025641025641,0.717948717948718,0.21794871794871795,0.44871794871794873,0.41025641025641024,0.1794871794871795,0.5833333333333334,0.2564102564102564,4.269230769230769,0.1794871794871795,144.95936000000003,16.640362930489218,39.46987831637742,Other,29.03333333333333
2015,Lajas Municipio,72079,24722.0,0.0,20180.0,127.0,17.6,29.8,13215.0,18210.25,237.0,12122.0,13.8,59.3,15.5,52.1,74.5,19.3,1.94,94.3,2.5,1.9,5.0,0.15,0.4423076923076923,0.8974358974358975,0.7628205128205128,0.3525641025641026,0.8974358974358975,0.36538461538461536,0.07692307692307693,0.23076923076923078,0.7948717948717948,0.9358974358974359,5.756410256410256,0.7307692307692307,138.76314000000002,15.929078404970094,49.03324973707629,Other,28.400000000000002
2015,Lares Municipio,72081,28727.0,0.0,23338.0,91.0,35.2,41.1,11905.0,16405.07,237.0,12178.0,17.9,58.3,22.4,51.2,73.7,21.8,4.67,97.3,1.1,0.2,3.4,0.87,0.9871794871794872,0.8717948717948718,0.9358974358974359,0.14102564102564102,0.7307692307692307,0.5256410256410257,0.8589743589743589,0.6794871794871795,0.47435897435897434,0.9871794871794872,7.1923076923076925,1.0,199.79264,22.9348559516307,42.39217460925262,Mountain (Isolated),30.3
2015,Las Marías Municipio,72083,9306.0,0.0,7442.0,48.0,4.6,34.9,13944.0,19214.81,237.0,3905.0,15.1,58.0,25.8,50.8,72.9,8.1,4.07,96.3,0.6,0.0,5.7,0.95,0.02564102564102564,0.8589743589743589,0.9743589743589743,0.0641025641025641,0.5769230769230769,0.038461538461538464,0.7692307692307693,0.34615384615384615,0.8846153846153846,0.8974358974358975,5.435897435897436,0.6410256410256411,62.13347999999999,7.132507051178296,41.96217494089834,Other,24.666666666666668
2015,Las Piedras Municipio,72085,38605.0,0.0,30733.0,146.0,22.5,42.5,18838.0,25958.73,237.0,15616.0,12.8,49.2,15.9,52.9,72.2,17.8,3.88,96.5,1.0,0.2,4.5,0.16,0.6089743589743589,0.44871794871794873,0.7948717948717948,0.6346153846153846,0.3717948717948718,0.26282051282051283,0.6923076923076923,0.14743589743589744,0.6858974358974359,0.2692307692307692,4.916666666666666,0.4358974358974359,120.52736,13.835733087216504,40.45071881880585,Other,27.833333333333332
2015,Loíza Municipio,72087,28454.0,0.0,22394.0,105.0,26.2,51.1,18718.0,25793.37,237.0,11684.0,21.8,47.7,11.2,54.5,71.0,18.5,3.57,95.8,2.3,0.0,6.6,0.26,0.8461538461538461,0.34615384615384615,0.41025641025641024,0.9487179487179487,0.1858974358974359,0.28846153846153844,0.5512820512820513,0.9102564102564102,0.9358974358974359,0.28205128205128205,5.705128205128205,0.7051282051282052,219.7985,25.231394589332716,41.062767976382936,Other,31.599999999999998
2015,Luquillo Municipio,72089,19497.0,0.0,15580.0,91.0,28.5,50.5,18170.0,25038.23,237.0,10471.0,17.7,45.8,13.6,53.4,72.5,23.7,3.95,94.3,16.7,0.0,5.1,0.56,0.9102564102564102,0.28205128205128205,0.6282051282051282,0.7756410256410257,0.46794871794871795,0.6923076923076923,0.7051282051282052,0.6538461538461539,0.8205128205128205,0.3717948717948718,6.307692307692308,0.8846153846153846,224.00766,25.71457794522293,53.70569831256091,Other,31.599999999999998
2015,Manatí Municipio,72091,42167.0,0.0,33697.0,125.0,18.9,41.3,18162.0,25027.2,237.0,18904.0,20.1,46.2,12.4,53.9,72.4,19.5,3.0,94.8,4.7,0.3,7.7,1.19,0.48717948717948717,0.2948717948717949,0.4935897435897436,0.8653846153846154,0.4230769230769231,0.38461538461538464,0.32051282051282054,0.8461538461538461,0.9743589743589743,0.38461538461538464,5.4743589743589745,0.6666666666666666,211.26105,24.251352552027193,44.83126615599877,Other,31.166666666666668
2015,Maricao Municipio,72093,6315.0,291.0,5025.0,226.0,10.7,33.4,12606.0,17371.05,237.0,2571.0,22.0,64.2,18.1,51.9,72.9,9.3,5.45,96.4,0.4,1.1,5.4,0.38,0.08974358974358974,1.0,0.8717948717948718,0.2692307692307692,0.5769230769230769,0.05128205128205128,0.9102564102564102,0.9230769230769231,0.8461538461538461,0.9743589743589743,6.512820512820512,0.9487179487179487,106.18740000000001,12.189601793530482,40.712589073634206,Other,27.733333333333334
2015,Maunabo Municipio,72095,11701.0,0.0,9524.0,50.0,27.9,35.8,19541.0,26927.46,237.0,5286.0,16.8,55.9,10.4,51.1,74.2,17.8,2.84,96.0,2.7,0.0,6.7,0.09,0.8974358974358975,0.7692307692307693,0.27564102564102566,0.1282051282051282,0.8782051282051282,0.26282051282051283,0.2564102564102564,0.5512820512820513,0.9487179487179487,0.21794871794871795,5.185897435897436,0.5769230769230769,152.80944000000002,17.54149949892726,45.175626014870524,Other,28.566666666666666
2015,Mayagüez Municipio,72097,83418.0,0.0,69522.0,169.0,22.9,39.3,14871.0,20492.21,237.0,41452.0,23.3,51.1,12.1,52.9,74.2,24.4,2.61,92.7,16.9,0.1,2.3,1.61,0.6602564102564102,0.5512820512820513,0.47435897435897434,0.6346153846153846,0.8782051282051282,0.7243589743589743,0.19230769230769232,0.9615384615384616,0.22435897435897437,0.782051282051282,6.083333333333334,0.8205128205128205,300.74708000000004,34.52374901134273,49.69191301637536,Other,33.53333333333333
2015,Moca Municipio,72099,38815.0,0.0,30631.0,182.0,23.0,39.2,14427.0,19880.38,237.0,15683.0,14.6,54.3,12.5,51.6,71.5,24.5,2.97,95.3,1.2,0.2,2.3,0.74,0.6794871794871795,0.717948717948718,0.5128205128205128,0.19230769230769232,0.25,0.75,0.3076923076923077,0.3141025641025641,0.22435897435897437,0.8461538461538461,4.794871794871795,0.3974358974358974,184.57319999999999,21.18776624870427,40.40448280304006,Other,30.23333333333333
2015,Morovis Municipio,72101,32294.0,0.0,25339.0,132.0,24.7,40.5,16536.0,22786.58,237.0,11612.0,17.4,55.2,15.7,50.8,69.7,20.6,3.75,94.8,2.6,0.0,3.3,0.2,0.782051282051282,0.7307692307692307,0.782051282051282,0.0641025641025641,0.04487179487179487,0.4358974358974359,0.6410256410256411,0.6089743589743589,0.44871794871794873,0.5384615384615384,5.076923076923077,0.5256410256410257,182.08751999999998,20.902426845101367,35.957143741871555,Other,29.600000000000005
2015,Naguabo Municipio,72103,26804.0,0.0,21080.0,115.0,10.9,39.1,18704.0,25774.08,237.0,11555.0,16.9,52.6,11.6,53.6,71.0,11.1,3.13,98.5,4.300000000000001,0.0,7.0,0.21,0.10256410256410256,0.6282051282051282,0.42948717948717946,0.8205128205128205,0.1858974358974359,0.08974358974358974,0.3717948717948718,0.5641025641025641,0.9615384615384616,0.2948717948717949,4.448717948717949,0.23076923076923078,100.54823999999999,11.542264022288267,43.10923742724967,Other,27.2
2015,Naranjito Municipio,72105,29751.0,0.0,23827.0,114.0,21.9,39.3,17423.0,24008.86,237.0,10676.0,14.0,49.4,6.1,50.9,72.5,24.5,4.87,96.9,0.7,0.1,4.9,0.31,0.5897435897435898,0.46794871794871795,0.01282051282051282,0.09615384615384616,0.46794871794871795,0.75,0.8974358974358975,0.24358974358974358,0.7692307692307693,0.44871794871794873,4.743589743589744,0.3269230769230769,174.58700000000002,20.041417421719583,35.88450808376189,Other,29.8
2015,Orocovis Municipio,72107,22595.0,0.0,17968.0,91.0,31.2,36.8,14110.0,19443.56,237.0,8485.0,20.1,59.5,12.6,50.4,69.8,36.8,4.48,96.0,1.3,0.1,2.4,0.63,0.9615384615384616,0.9166666666666666,0.532051282051282,0.02564102564102564,0.07051282051282051,1.0,0.8205128205128205,0.8461538461538461,0.27564102564102566,0.8846153846153846,6.333333333333332,0.8974358974358975,372.79872,42.79479435354729,37.552555875193626,Mountain (Isolated),35.76666666666666
2015,Patillas Municipio,72109,18441.0,0.0,14944.0,92.0,27.5,35.8,13284.0,18305.33,237.0,8838.0,20.1,59.1,17.1,51.7,74.6,19.2,2.59,96.8,2.3,0.7,2.9,0.0,0.8846153846153846,0.8846153846153846,0.8525641025641025,0.21794871794871795,0.9102564102564102,0.3333333333333333,0.1794871794871795,0.8461538461538461,0.391025641025641,0.9230769230769231,6.423076923076923,0.9230769230769231,199.52064000000001,22.903632174724585,47.925817471937535,Other,30.333333333333332
2015,Peñuelas Municipio,72111,22770.0,0.0,17631.0,85.0,26.1,41.7,15497.0,21354.84,237.0,8861.0,16.4,60.2,23.1,51.7,70.1,16.1,5.56,94.8,0.3,0.1,5.0,0.11,0.8333333333333334,0.9487179487179487,0.9615384615384616,0.21794871794871795,0.09615384615384616,0.16025641025641027,0.9230769230769231,0.5064102564102564,0.7948717948717948,0.6923076923076923,6.134615384615385,0.8461538461538461,136.50868,15.670281507603335,38.915239350021956,Other,28.066666666666674
2015,Ponce Municipio,72113,156054.0,0.0,124910.0,260.0,20.0,41.8,16318.0,22486.18,237.0,66939.0,20.9,51.8,11.6,52.8,72.2,17.5,3.54,93.4,11.2,0.1,2.9,2.29,0.5256410256410257,0.5897435897435898,0.42948717948717946,0.5769230769230769,0.3717948717948718,0.21794871794871795,0.5192307692307693,0.8974358974358975,0.391025641025641,0.5769230769230769,5.096153846153847,0.5512820512820513,193.11599999999999,22.168422430151146,42.89476719597062,Other,30.399999999999995
2015,Quebradillas Municipio,72115,25205.0,0.0,20154.0,132.0,16.1,37.2,15806.0,21780.64,237.0,10380.0,12.7,55.5,11.0,52.1,72.8,24.8,2.0,97.7,1.8,0.0,2.0,0.15,0.3782051282051282,0.7435897435897436,0.36538461538461536,0.3525641025641026,0.5448717948717948,0.782051282051282,0.08974358974358974,0.1282051282051282,0.1346153846153846,0.6282051282051282,4.147435897435898,0.16666666666666666,164.09416000000002,18.836909718515358,41.1823050981948,Other,29.86666666666667
2015,Rincón Municipio,72117,14841.0,0.0,12226.0,81.0,17.6,43.9,16755.0,23088.36,237.0,9512.0,12.8,48.8,9.8,52.4,76.0,30.7,4.52,95.1,11.8,0.1,1.0,0.16,0.4423076923076923,0.3974358974358974,0.2564102564102564,0.4551282051282051,0.9615384615384616,0.9743589743589743,0.8333333333333334,0.14743589743589744,0.01282051282051282,0.5128205128205128,4.993589743589744,0.44871794871794873,205.91103999999999,23.63720726274234,64.09271612425039,Other,31.966666666666665
2015,Río Grande Municipio,72119,53029.0,0.0,42699.0,177.0,23.9,52.5,22246.0,30654.95,237.0,23311.0,12.0,39.1,12.4,52.1,73.0,23.3,4.05,95.5,5.2,0.4,4.7,2.04,0.717948717948718,0.14743589743589744,0.4935897435897436,0.3525641025641026,0.6217948717948718,0.6346153846153846,0.7371794871794872,0.0641025641025641,0.7051282051282052,0.14102564102564102,4.615384615384616,0.28205128205128205,145.6716,16.722123308664255,43.958965848875145,Other,29.133333333333336
2015,Sabana Grande Municipio,72121,24307.0,0.0,19616.0,106.0,24.3,36.0,14795.0,20387.48,237.0,10663.0,19.2,47.1,12.8,53.7,72.6,28.3,2.5,94.2,2.3,0.2,2.3,0.7,0.75,0.3076923076923077,0.5769230769230769,0.8461538461538461,0.5128205128205128,0.9166666666666666,0.14102564102564102,0.7756410256410257,0.22435897435897437,0.8205128205128205,5.871794871794871,0.782051282051282,291.78432000000004,33.49488423669919,43.86802155757601,Other,33.733333333333334
2015,Salinas Municipio,72123,30114.0,0.0,23693.0,157.0,12.1,37.7,15240.0,21000.69,237.0,13970.0,15.7,56.2,16.2,52.7,69.8,20.3,5.62,95.9,2.2,0.6,3.0,0.66,0.14102564102564102,0.8076923076923077,0.8076923076923077,0.5384615384615384,0.07051282051282051,0.4166666666666667,0.9358974358974359,0.3974358974358974,0.4166666666666667,0.717948717948718,5.250000000000001,0.6025641025641025,167.96017000000003,19.28070175438597,46.390383210466894,Other,29.566666666666666
2015,San Germán Municipio,72125,34125.0,0.0,27779.0,129.0,6.8,34.0,14797.0,20390.24,237.0,15530.0,20.2,51.0,14.6,52.4,74.1,10.4,2.87,94.7,3.7,0.1,3.8,1.75,0.057692307692307696,0.5384615384615384,0.6987179487179487,0.4551282051282051,0.8333333333333334,0.07692307692307693,0.2692307692307692,0.8846153846153846,0.5064102564102564,0.8076923076923077,5.128205128205128,0.5641025641025641,110.08192,12.63666658631136,45.50915750915751,Other,27.666666666666668
2015,San Juan Municipio,72127,371400.0,0.0,305478.0,374.0,15.8,51.8,21243.0,29272.82,237.0,191797.0,26.5,42.3,13.0,55.3,75.4,19.2,2.58,93.2,28.8,0.4,1.8,1.88,0.33974358974358976,0.19230769230769232,0.6153846153846154,1.0,0.9487179487179487,0.3333333333333333,0.16666666666666666,0.9743589743589743,0.057692307692307696,0.15384615384615385,4.782051282051282,0.38461538461538464,281.3664,32.29897684733984,51.64162627894453,Metro/Coastal (Hubs),33.666666666666664
2015,San Lorenzo Municipio,72129,39778.0,0.0,32046.0,156.0,15.8,42.0,16538.0,22789.34,237.0,16508.0,18.9,48.4,8.2,51.8,73.2,21.5,4.32,95.7,1.2000000000000002,0.4,3.3,0.31,0.33974358974358976,0.358974358974359,0.08974358974358974,0.24358974358974358,0.6730769230769231,0.5128205128205128,0.8076923076923077,0.7564102564102564,0.44871794871794873,0.5256410256410257,4.756410256410256,0.34615384615384615,210.4893,24.162760824720966,41.500326813816685,Other,30.73333333333333
2015,San Sebastián Municipio,72131,40471.0,0.0,32519.0,140.0,29.4,38.2,14345.0,19767.39,237.0,17576.0,17.5,56.5,13.8,52.1,73.9,25.8,3.54,97.5,1.6,0.1,1.9,0.45,0.9358974358974359,0.8205128205128205,0.6410256410256411,0.3525641025641026,0.782051282051282,0.8076923076923077,0.5192307692307693,0.6346153846153846,0.09615384615384616,0.8589743589743589,6.448717948717947,0.9358974358974359,235.23149999999998,27.002999548862338,43.42862790640212,Other,31.8
2015,Santa Isabel Municipio,72133,22913.0,0.0,17697.0,105.0,12.2,44.5,15674.0,21598.74,237.0,9316.0,15.9,50.1,12.7,52.9,69.3,25.3,6.15,94.8,3.7,0.1,2.5,0.05,0.16666666666666666,0.5,0.5512820512820513,0.6346153846153846,0.02564102564102564,0.7948717948717948,0.9615384615384616,0.4551282051282051,0.2948717948717949,0.6666666666666666,5.051282051282051,0.5128205128205128,212.80083,24.428108975573135,40.658141666302974,Other,31.36666666666667
2015,Toa Alta Municipio,72135,74603.0,0.0,58794.0,200.0,15.7,54.0,29976.0,41306.88,237.0,25715.0,9.1,31.3,8.3,52.7,70.3,20.2,4.22,94.9,1.0,0.7,4.8,0.41,0.3141025641025641,0.05128205128205128,0.12179487179487179,0.5384615384615384,0.11538461538461539,0.3974358974358974,0.7948717948717948,0.02564102564102564,0.7371794871794872,0.038461538461538464,3.134615384615384,0.0641025641025641,96.87313999999999,11.120387174833635,34.469123225607554,Other,27.333333333333332
2015,Toa Baja Municipio,72137,85242.0,0.0,68452.0,148.0,19.0,54.2,23303.0,32111.49,237.0,34673.0,13.3,38.4,15.0,54.0,72.9,23.6,3.41,93.3,3.2,0.2,3.6,0.39,0.5,0.1282051282051282,0.717948717948718,0.8846153846153846,0.5769230769230769,0.6794871794871795,0.46153846153846156,0.19230769230769232,0.48717948717948717,0.1282051282051282,4.756410256410257,0.358974358974359,169.4952,19.456912909769024,40.67595786114826,Other,30.299999999999997
2015,Trujillo Alto Municipio,72139,71886.0,0.0,57429.0,162.0,7.9,53.1,30140.0,41532.87,237.0,29340.0,12.4,29.8,6.9,54.1,72.1,17.7,2.91,94.3,13.5,0.0,4.5,1.06,0.07692307692307693,0.02564102564102564,0.02564102564102564,0.8974358974358975,0.3333333333333333,0.23717948717948717,0.28205128205128205,0.07692307692307693,0.6858974358974359,0.02564102564102564,2.6666666666666665,0.02564102564102564,118.73867999999999,13.630404611935518,40.8146231533261,Other,28.066666666666666
2015,Utuado Municipio,72141,31474.0,0.0,25352.0,107.0,28.8,37.8,15725.0,21669.02,237.0,13361.0,19.2,52.3,9.2,51.9,72.4,17.4,4.19,95.9,0.4,0.1,2.1,0.35,0.9230769230769231,0.6089743589743589,0.1987179487179487,0.2692307692307692,0.4230769230769231,0.20512820512820512,0.782051282051282,0.7756410256410257,0.16666666666666666,0.6410256410256411,4.9935897435897445,0.46153846153846156,173.38752,19.903725157295515,42.45091186376057,Mountain (Isolated),29.5
2015,Vega Alta Municipio,72143,39319.0,0.0,30998.0,134.0,21.7,40.4,18016.0,24826.02,237.0,16084.0,16.4,50.3,17.1,53.4,71.3,16.8,3.55,95.3,4.8,0.0,4.8,2.25,0.5769230769230769,0.5128205128205128,0.8525641025641025,0.7756410256410257,0.23076923076923078,0.19230769230769232,0.5384615384615384,0.5064102564102564,0.7371794871794872,0.41025641025641024,5.333333333333334,0.6282051282051282,147.12767999999997,16.889271533213716,40.906432004883136,Other,28.866666666666664
2015,Vega Baja Municipio,72145,56858.0,0.0,45494.0,161.0,15.2,35.4,16948.0,23354.31,237.0,24765.0,18.6,48.5,27.7,52.9,72.5,21.4,1.77,95.4,0.8,0.3,2.3,0.58,0.2948717948717949,0.3717948717948718,1.0,0.6346153846153846,0.46794871794871795,0.5,0.05128205128205128,0.7307692307692307,0.22435897435897437,0.5,4.7756410256410255,0.3717948717948718,210.56316,24.17123945767055,43.55587604206972,Other,30.96666666666667
2015,Vieques Municipio,72147,9130.0,0.0,7339.0,100.0,12.2,44.4,18104.0,24947.28,237.0,5139.0,22.8,39.1,8.6,50.6,74.1,7.5,2.67,92.3,0.0,2.2,4.1,0.0,0.16666666666666666,0.14743589743589744,0.15384615384615385,0.038461538461538464,0.8333333333333334,0.02564102564102564,0.20512820512820512,0.9423076923076923,0.5833333333333334,0.3974358974358974,3.4935897435897436,0.08974358974358974,86.526,9.932604855067723,56.2869660460022,Other,26.96666666666667
2015,Villalba Municipio,72149,24685.0,0.0,19402.0,109.0,25.9,47.4,17818.0,24553.17,237.0,9175.0,15.5,54.0,8.5,51.9,69.7,22.1,4.77,96.2,3.2,0.2,5.8,0.76,0.8205128205128205,0.6858974358974359,0.14102564102564102,0.2692307692307692,0.04487179487179487,0.5512820512820513,0.8782051282051282,0.3717948717948718,0.9038461538461539,0.4230769230769231,5.08974358974359,0.5384615384615384,177.78345,20.40834845735027,37.16832084261698,Other,29.833333333333332
2015,Yabucoa Municipio,72151,36279.0,0.0,29114.0,108.0,24.3,36.8,15627.0,21533.98,237.0,14706.0,17.4,52.3,15.1,52.2,73.1,20.9,6.42,95.6,0.8,0.0,4.8,0.26,0.75,0.6089743589743589,0.7307692307692307,0.40384615384615385,0.6538461538461539,0.46153846153846156,1.0,0.6089743589743589,0.7371794871794872,0.6794871794871795,6.634615384615385,0.9615384615384616,189.83051999999998,21.791271347248575,40.53584718432151,Other,30.166666666666668
2015,Yauco Municipio,72153,39474.0,0.0,31952.0,120.0,27.1,38.4,14708.0,20267.6,237.0,17133.0,18.1,51.7,10.5,52.9,73.7,27.1,1.49,90.3,2.2,0.0,2.0,0.85,0.8589743589743589,0.5769230769230769,0.30128205128205127,0.6346153846153846,0.7307692307692307,0.8589743589743589,0.02564102564102564,0.6923076923076923,0.1346153846153846,0.8333333333333334,5.647435897435897,0.6923076923076923,259.47979000000004,29.786540715460713,43.403252773977805,Other,32.699999999999996
2016,Adjuntas Municipio,72001,18760.0,0.0,14963.0,78.0,35.6,42.3,11296.0,15371.06,240.01,7673.0,19.0,63.0,20.5,51.7,73.0,20.6,3.28,94.1,1.3,0.4,2.4,0.38,0.9871794871794872,0.9807692307692307,0.9358974358974359,0.21794871794871795,0.3974358974358974,0.41025641025641024,0.4358974358974359,0.8076923076923077,0.3076923076923077,1.0,6.480769230769231,0.9358974358974359,202.35380000000004,23.228859953325053,40.90085287846482,Mountain (Isolated),30.433333333333337
2016,Aguada Municipio,72003,40083.0,0.0,32846.0,147.0,21.2,45.2,15543.0,21150.18,240.01,17508.0,15.3,54.5,14.5,51.5,75.0,27.4,4.14,96.2,1.2,0.1,1.8,0.22,0.5897435897435898,0.7307692307692307,0.7692307692307693,0.1858974358974359,0.8910256410256411,0.8846153846153846,0.782051282051282,0.5064102564102564,0.1282051282051282,0.717948717948718,6.185897435897435,0.8333333333333334,215.89829999999998,24.78367777062233,43.67936531696729,Other,31.400000000000002
2016,Aguadilla Municipio,72005,56893.0,0.0,46198.0,166.0,22.2,39.9,17191.0,23392.7,240.01,27365.0,18.4,49.7,21.0,52.4,74.3,23.9,3.51,95.1,9.2,0.2,1.9,3.45,0.6730769230769231,0.5256410256410257,0.967948717948718,0.44871794871794873,0.7115384615384616,0.6923076923076923,0.5897435897435898,0.7435897435897436,0.15384615384615385,0.5256410256410257,6.032051282051283,0.782051282051282,230.43424,26.452306254742396,48.099063153639285,Other,31.566666666666663
2016,Aguas Buenas Municipio,72007,27323.0,0.0,22046.0,118.0,24.6,40.1,15409.0,20967.84,240.01,10790.0,18.5,50.8,8.2,52.1,72.8,26.8,1.88,94.2,1.5,0.0,2.5,0.72,0.8012820512820513,0.5961538461538461,0.16666666666666666,0.32051282051282054,0.32051282051282054,0.8589743589743589,0.0641025641025641,0.7564102564102564,0.3333333333333333,0.7307692307692307,4.948717948717949,0.5128205128205128,258.3118,29.65246329197331,39.49053910624748,Other,32.46666666666667
2016,Aibonito Municipio,72009,24438.0,0.0,19898.0,99.0,6.0,32.1,18145.0,24690.86,240.01,9961.0,15.6,46.8,6.6,52.6,74.6,26.2,3.31,95.0,1.6,0.6,4.0,0.1,0.038461538461538464,0.3269230769230769,0.05128205128205128,0.48717948717948717,0.8076923076923077,0.8333333333333334,0.46794871794871795,0.5384615384615384,0.6666666666666666,0.4358974358974359,4.653846153846154,0.3333333333333333,214.98672,24.679034496533816,40.7602913495376,Other,31.466666666666665
2016,Arecibo Municipio,72013,91096.0,0.0,74784.0,208.0,18.1,37.6,16796.0,22855.2,240.01,41400.0,18.2,48.9,10.5,52.9,74.7,17.5,2.7,95.5,4.0,0.1,1.6,1.86,0.48717948717948717,0.42948717948717946,0.4423076923076923,0.6217948717948718,0.8397435897435898,0.25,0.22435897435897437,0.717948717948718,0.07051282051282051,0.5641025641025641,4.647435897435897,0.3076923076923077,168.4865,19.34112091063227,45.44656186879775,Other,29.533333333333335
2016,Arroyo Municipio,72015,18778.0,0.0,14869.0,86.0,22.3,33.6,16387.0,22298.65,240.01,8556.0,16.4,53.1,11.3,54.6,71.0,23.1,2.72,95.0,1.6,0.7,4.2,0.09,0.6987179487179487,0.6923076923076923,0.48717948717948717,0.9615384615384616,0.08974358974358974,0.6089743589743589,0.24358974358974358,0.5769230769230769,0.6923076923076923,0.6282051282051282,5.679487179487181,0.7051282051282052,206.84664,23.74460787183558,45.56395782298434,Other,31.366666666666664
2016,Añasco Municipio,72011,28250.0,0.0,23190.0,109.0,15.5,43.8,17712.0,24101.65,240.01,12448.0,15.0,48.9,16.7,52.3,74.5,24.3,3.33,97.2,1.7000000000000002,0.3,2.7,0.41,0.3717948717948718,0.42948717948717946,0.8846153846153846,0.4230769230769231,0.7756410256410257,0.7435897435897436,0.48717948717948717,0.4423076923076923,0.3974358974358974,0.46153846153846156,5.416666666666667,0.6666666666666666,190.63349999999997,21.88344806923413,44.06371681415929,Other,30.53333333333333
2016,Barceloneta Municipio,72017,24699.0,0.0,19656.0,142.0,17.7,33.0,15549.0,21158.34,240.01,9892.0,14.3,53.0,12.4,53.4,72.6,25.3,2.5,95.2,1.2,0.2,2.1,0.15,0.47435897435897434,0.6794871794871795,0.6346153846153846,0.7564102564102564,0.28846153846153844,0.8076923076923077,0.16666666666666666,0.3269230769230769,0.22435897435897437,0.7051282051282052,5.064102564102564,0.5384615384615384,193.19586,22.177589822885423,40.0502044617191,Other,31.0
2016,Barranquitas Municipio,72019,29548.0,0.0,23065.0,165.0,9.2,29.7,14778.0,20109.2,240.01,11034.0,14.1,60.7,8.3,51.5,69.2,25.0,2.34,95.6,2.2,0.1,6.3,1.41,0.07692307692307693,0.9358974358974359,0.1794871794871795,0.1858974358974359,0.01282051282051282,0.7692307692307693,0.12179487179487179,0.28205128205128205,0.9487179487179487,0.8205128205128205,4.333333333333333,0.20512820512820512,181.5375,20.8392882356385,37.34262894273724,Other,30.2
2016,Bayamón Municipio,72021,192974.0,0.0,159083.0,213.0,15.2,50.8,24612.0,33490.84,240.01,83785.0,13.5,35.3,9.9,53.7,75.6,25.1,2.86,92.9,8.600000000000001,0.2,2.1,3.36,0.3333333333333333,0.07692307692307693,0.358974358974359,0.8205128205128205,0.9487179487179487,0.7884615384615384,0.2692307692307692,0.20512820512820512,0.22435897435897437,0.08974358974358974,4.115384615384615,0.14102564102564102,181.96245000000002,20.888069647389433,43.417766123933795,Metro/Coastal (Hubs),30.76666666666667
2016,Cabo Rojo Municipio,72023,50096.0,0.0,40872.0,195.0,11.0,35.6,17088.0,23252.54,240.01,29625.0,14.7,50.1,9.7,53.3,75.3,15.5,3.53,96.7,7.5,4.7,3.0,0.27,0.1282051282051282,0.5512820512820513,0.3333333333333333,0.7243589743589743,0.9166666666666666,0.14102564102564102,0.6025641025641025,0.3974358974358974,0.4358974358974359,0.5384615384615384,4.769230769230769,0.38461538461538464,121.44404999999999,13.940962955054982,59.13645800063877,Other,27.833333333333332
2016,Caguas Municipio,72025,136372.0,0.0,110456.0,276.0,15.4,51.1,24278.0,33036.35,240.01,58356.0,16.7,37.2,10.1,54.5,73.9,23.5,3.56,93.4,6.4,0.1,2.7,0.8,0.3525641025641026,0.14102564102564102,0.3974358974358974,0.9423076923076923,0.6346153846153846,0.6538461538461539,0.6282051282051282,0.6153846153846154,0.3974358974358974,0.10256410256410256,4.865384615384615,0.4230769230769231,213.88524999999998,24.55259312319272,42.79177543777315,Other,31.566666666666666
2016,Camuy Municipio,72027,33481.0,0.0,27244.0,140.0,20.0,40.0,17206.0,23413.11,240.01,14051.0,12.1,48.4,7.0,52.6,73.5,21.8,2.39,94.7,0.6,0.0,1.8,0.33,0.5256410256410257,0.3974358974358974,0.07051282051282051,0.48717948717948717,0.5576923076923077,0.5192307692307693,0.14102564102564102,0.10256410256410256,0.1282051282051282,0.5128205128205128,3.442307692307692,0.10256410256410256,138.74828,15.927372576569997,41.96708580986231,Other,28.833333333333332
2016,Canóvanas Municipio,72029,47174.0,0.0,37279.0,148.0,22.2,50.6,20426.0,27794.73,240.01,18012.0,14.3,43.5,11.6,52.8,71.8,18.5,4.96,95.6,0.8,0.1,5.9,0.24,0.6730769230769231,0.20512820512820512,0.5833333333333334,0.5769230769230769,0.19230769230769232,0.28205128205128205,0.8974358974358975,0.3269230769230769,0.9230769230769231,0.20512820512820512,4.865384615384616,0.4358974358974359,139.6824,16.03460329158301,38.18204943401026,Other,28.53333333333333
2016,Carolina Municipio,72031,165040.0,0.0,135415.0,278.0,14.2,54.8,28611.0,38932.49,240.01,77771.0,13.5,29.9,7.8,55.3,74.8,22.8,3.13,92.7,21.0,0.2,2.6,0.43,0.26282051282051283,0.03205128205128205,0.11538461538461539,0.9935897435897436,0.8653846153846154,0.5705128205128205,0.38461538461538464,0.20512820512820512,0.36538461538461536,0.0641025641025641,3.8589743589743586,0.1282051282051282,170.2134,19.53935745599686,47.122515753756666,Metro/Coastal (Hubs),30.53333333333333
2016,Cataño Municipio,72033,26137.0,0.0,20909.0,89.0,29.7,52.7,18562.0,25258.29,240.01,10849.0,26.7,49.1,14.8,53.9,72.6,21.4,3.43,93.6,11.9,0.3,4.0,0.03,0.9487179487179487,0.46153846153846156,0.8205128205128205,0.8589743589743589,0.28846153846153844,0.47435897435897434,0.5512820512820513,1.0,0.6666666666666666,0.358974358974359,6.42948717948718,0.9102564102564102,307.97382,35.353330325748935,41.50820675670505,Other,34.0
2016,Cayey Municipio,72035,46071.0,0.0,37388.0,160.0,12.1,46.1,20577.0,28000.21,240.01,20106.0,16.9,43.1,8.0,52.6,74.3,30.9,3.47,96.6,3.0,0.3,3.2,0.31,0.19230769230769232,0.19230769230769232,0.14102564102564102,0.48717948717948717,0.7115384615384616,0.9615384615384616,0.5769230769230769,0.6474358974358975,0.48717948717948717,0.19230769230769232,4.589743589743589,0.2948717948717949,274.68245999999994,31.531705334788906,43.64133619847627,Other,33.46666666666667
2016,Ceiba Municipio,72037,12538.0,0.0,10236.0,64.0,11.4,38.9,20038.0,27266.76,240.01,7456.0,14.9,44.8,8.4,54.2,74.4,10.5,1.94,95.6,3.5,0.2,4.3,0.19,0.14743589743589744,0.2564102564102564,0.19230769230769232,0.9038461538461539,0.75,0.07692307692307693,0.08974358974358974,0.4166666666666667,0.7371794871794872,0.24358974358974358,3.8141025641025643,0.11538461538461539,84.7959,9.734000971151296,59.46721965225714,Other,26.533333333333335
2016,Ciales Municipio,72039,17644.0,0.0,14229.0,87.0,14.1,28.6,12511.0,17024.38,240.01,7322.0,20.2,60.8,19.4,51.4,73.2,20.0,4.23,95.0,3.2,0.0,3.3,0.1,0.24358974358974358,0.9487179487179487,0.9102564102564102,0.16025641025641027,0.4935897435897436,0.391025641025641,0.8076923076923077,0.8782051282051282,0.5192307692307693,0.9615384615384616,6.314102564102565,0.8846153846153846,207.65599999999998,23.837516975058858,41.49852641124462,Other,30.533333333333335
2016,Cidra Municipio,72041,41782.0,0.0,33551.0,118.0,16.5,48.8,21846.0,29727.0,240.01,16213.0,13.7,42.0,9.0,52.0,73.1,28.3,5.71,97.8,0.5,0.3,3.4,0.42,0.3974358974358974,0.16666666666666666,0.25,0.28205128205128205,0.4358974358974359,0.9102564102564102,0.9358974358974359,0.23717948717948717,0.5448717948717948,0.14102564102564102,4.301282051282052,0.1794871794871795,201.6092,23.14338486404456,38.803791106217986,Other,31.333333333333332
2016,Coamo Municipio,72043,40090.0,0.0,32183.0,98.0,10.4,40.3,18453.0,25109.97,240.01,16380.0,15.1,49.3,11.5,52.2,72.8,24.2,5.98,96.0,2.7,0.0,3.2,0.28,0.08974358974358974,0.48717948717948717,0.532051282051282,0.3782051282051282,0.32051282051282054,0.7243589743589743,0.9487179487179487,0.46153846153846156,0.48717948717948717,0.3974358974358974,4.8269230769230775,0.41025641025641024,190.74924,21.89673424548087,40.858069343976055,Other,30.5
2016,Comerío Municipio,72045,20153.0,0.0,16157.0,106.0,22.0,38.2,13164.0,17912.95,240.01,7625.0,23.3,61.0,9.4,50.9,73.1,29.0,3.14,92.7,3.5,0.0,3.1,0.07,0.6410256410256411,0.9615384615384616,0.2948717948717949,0.09615384615384616,0.4358974358974359,0.9230769230769231,0.3974358974358974,0.9615384615384616,0.4551282051282051,0.9230769230769231,6.08974358974359,0.8076923076923077,343.9313,39.481008022903566,37.83555798144197,Other,34.4
2016,Corozal Municipio,72047,35484.0,0.0,28219.0,188.0,27.8,38.4,14733.0,20047.97,240.01,13063.0,14.2,56.1,14.7,52.2,71.7,21.8,2.99,96.2,0.6,1.0,6.6,0.94,0.8974358974358975,0.7948717948717948,0.8076923076923077,0.3782051282051282,0.17307692307692307,0.5192307692307693,0.3269230769230769,0.30128205128205127,0.9743589743589743,0.8333333333333334,6.006410256410256,0.7692307692307693,161.59032,18.54948566863078,36.813775222635556,Other,29.400000000000002
2016,Culebra Municipio,72049,1508.0,218.0,1156.0,156.0,3.6,58.2,20956.0,28515.93,240.01,1519.0,25.3,45.8,27.1,45.8,72.8,6.7,4.13,93.5,2.6999999999999997,2.4,9.4,0.0,0.02564102564102564,0.28205128205128205,1.0,0.01282051282051282,0.32051282051282054,0.01282051282051282,0.7692307692307693,0.9743589743589743,1.0,0.16666666666666666,4.564102564102565,0.28205128205128205,77.63558,8.91204422756164,100.72944297082229,Other,25.933333333333334
2016,Dorado Municipio,72051,38013.0,0.0,30026.0,116.0,21.1,49.0,28133.0,38282.05,240.01,15803.0,10.8,35.8,9.2,53.0,71.1,15.8,3.19,93.0,1.0,0.3,5.7,0.13,0.5769230769230769,0.08974358974358974,0.28205128205128205,0.6666666666666666,0.10897435897435898,0.15384615384615385,0.4230769230769231,0.038461538461538464,0.9038461538461539,0.07692307692307693,3.3205128205128203,0.08974358974358974,90.43920000000001,10.38181398664495,41.572619893194435,Metro/Coastal (Hubs),26.53333333333333
2016,Fajardo Municipio,72053,33912.0,0.0,27319.0,101.0,25.8,53.3,19482.0,26510.18,240.01,18627.0,15.4,44.1,10.4,54.3,72.9,21.7,5.3,94.5,10.6,0.2,4.8,0.79,0.8333333333333334,0.21794871794871795,0.4230769230769231,0.9230769230769231,0.36538461538461536,0.4935897435897436,0.9102564102564102,0.5256410256410257,0.8461538461538461,0.2692307692307692,5.8076923076923075,0.7435897435897436,181.45973999999998,20.830361908828866,54.9274593064402,Other,30.46666666666667
2016,Florida Municipio,72054,12287.0,0.0,9828.0,83.0,16.9,36.3,16793.0,22851.12,240.01,4919.0,9.6,54.6,8.0,53.3,71.9,19.5,3.97,96.7,3.0,0.0,3.4,0.07,0.41025641025641024,0.7435897435897436,0.14102564102564102,0.7243589743589743,0.20512820512820512,0.358974358974359,0.7371794871794872,0.02564102564102564,0.5448717948717948,0.5769230769230769,4.467948717948718,0.2564102564102564,99.77759999999999,11.453799715542209,40.034182469276466,Other,27.466666666666665
2016,Guayama Municipio,72057,43210.0,0.0,34785.0,183.0,14.5,31.7,15078.0,20517.43,240.01,18819.0,21.5,53.9,18.1,50.9,72.9,23.2,3.61,95.6,1.8,0.7,1.6,4.93,0.28205128205128205,0.717948717948718,0.8974358974358975,0.09615384615384616,0.36538461538461536,0.6282051282051282,0.6410256410256411,0.9230769230769231,0.07051282051282051,0.7564102564102564,5.378205128205128,0.6538461538461539,253.88919999999996,29.144778454675585,43.552418421661656,Other,31.866666666666664
2016,Guayanilla Municipio,72059,20025.0,0.0,15980.0,79.0,22.3,36.1,14848.0,20204.45,240.01,8364.0,14.0,58.8,13.8,52.7,73.1,16.5,3.68,93.8,1.0,0.1,1.7,0.31,0.6987179487179487,0.8846153846153846,0.7564102564102564,0.5256410256410257,0.4358974358974359,0.19230769230769232,0.6538461538461539,0.2692307692307692,0.09615384615384616,0.8076923076923077,5.32051282051282,0.6410256410256411,121.73700000000002,13.974591651542653,41.767790262172284,Other,27.733333333333334
2016,Guaynabo Municipio,72061,92444.0,0.0,77321.0,203.0,11.6,54.8,33979.0,46237.01,240.01,40303.0,10.9,27.2,4.9,53.6,77.1,19.3,3.36,94.3,19.8,0.2,2.0,0.64,0.17307692307692307,0.01282051282051282,0.01282051282051282,0.8012820512820513,0.9871794871794872,0.3333333333333333,0.5064102564102564,0.05128205128205128,0.1794871794871795,0.01282051282051282,3.0705128205128203,0.0641025641025641,112.75832,12.943899367603725,43.59720479425382,Metro/Coastal (Hubs),27.933333333333337
2016,Gurabo Municipio,72063,46990.0,0.0,37363.0,247.0,14.9,55.7,31070.0,42278.58,240.01,17568.0,12.7,32.4,8.8,53.4,72.3,23.7,3.74,95.0,3.4000000000000004,0.1,2.0,0.7,0.3076923076923077,0.0641025641025641,0.23076923076923078,0.7564102564102564,0.2564102564102564,0.6730769230769231,0.6666666666666666,0.11538461538461539,0.1794871794871795,0.02564102564102564,3.275641025641025,0.07692307692307693,160.72866,18.450572875950918,37.38667801659928,Other,29.933333333333334
2016,Guánica Municipio,72055,17788.0,0.0,14274.0,87.0,30.8,35.6,13242.0,18019.09,240.01,9346.0,16.7,63.0,13.7,52.8,73.2,31.8,2.86,93.2,2.1,0.2,3.6,0.47,0.9743589743589743,0.9807692307692307,0.7371794871794872,0.5769230769230769,0.4935897435897436,0.9871794871794872,0.2692307692307692,0.6153846153846154,0.6153846153846154,0.9102564102564102,7.160256410256411,1.0,280.39968,32.18800387082999,52.54103890263099,Other,33.766666666666666
2016,Hatillo Municipio,72065,41327.0,0.0,33644.0,171.0,10.5,41.3,18480.0,25146.71,240.01,16855.0,13.7,44.7,7.0,52.8,74.8,7.7,1.61,95.9,1.5,0.0,1.1,0.25,0.10256410256410256,0.24358974358974358,0.07051282051282051,0.5769230769230769,0.8653846153846154,0.038461538461538464,0.05128205128205128,0.23717948717948717,0.038461538461538464,0.38461538461538464,2.608974358974359,0.01282051282051282,55.698719999999994,6.3938397324856995,40.7844750405304,Other,24.733333333333334
2016,Hormigueros Municipio,72067,16678.0,0.0,13789.0,81.0,22.0,45.2,20589.0,28016.54,240.01,7555.0,13.3,36.3,9.7,54.8,77.3,30.1,1.09,91.0,5.2,0.2,2.2,1.1,0.6410256410256411,0.11538461538461539,0.3333333333333333,0.9743589743589743,1.0,0.9487179487179487,0.02564102564102564,0.16666666666666666,0.26282051282051283,0.1794871794871795,4.647435897435898,0.32051282051282054,219.38084,25.183450020720194,45.29919654634848,Other,32.733333333333334
2016,Humacao Municipio,72069,55621.0,0.0,45353.0,184.0,12.6,39.7,19349.0,26329.2,240.01,26899.0,13.4,45.3,12.1,53.6,74.2,11.2,3.41,94.7,9.1,0.1,4.0,0.99,0.23076923076923078,0.2692307692307692,0.6153846153846154,0.8012820512820513,0.6794871794871795,0.11538461538461539,0.532051282051282,0.1794871794871795,0.6666666666666666,0.28205128205128205,4.371794871794871,0.23076923076923078,80.44288,9.234303451490074,48.361230470505745,Other,26.066666666666666
2016,Isabela Municipio,72071,43919.0,0.0,35865.0,108.0,20.1,36.7,15947.0,21699.92,240.01,20417.0,14.5,54.8,11.5,52.1,74.3,27.3,3.1,94.9,2.8,0.0,2.0,0.71,0.5384615384615384,0.7564102564102564,0.532051282051282,0.32051282051282054,0.7115384615384616,0.8717948717948718,0.3717948717948718,0.3782051282051282,0.1794871794871795,0.6538461538461539,5.314102564102564,0.6282051282051282,206.23785,23.674722860281637,46.48785263781052,Other,31.3
2016,Jayuya Municipio,72073,15605.0,0.0,12419.0,87.0,28.1,35.0,15893.0,21626.44,240.01,6231.0,20.0,59.8,13.5,50.8,71.7,23.7,6.02,94.4,2.5999999999999996,0.1,4.4,1.45,0.9102564102564102,0.9102564102564102,0.7051282051282052,0.0641025641025641,0.17307692307692307,0.6730769230769231,0.9615384615384616,0.8461538461538461,0.7884615384615384,0.6666666666666666,6.698717948717948,0.9615384615384616,240.79199999999997,27.641307679327216,39.92950977250881,Mountain (Isolated),31.5
2016,Juana Díaz Municipio,72075,48658.0,0.0,38523.0,140.0,19.8,48.8,20231.0,27529.39,240.01,18930.0,14.4,48.2,9.7,53.0,71.2,21.2,3.44,96.1,1.8,0.1,3.3,1.05,0.5128205128205128,0.38461538461538464,0.3333333333333333,0.6666666666666666,0.1282051282051282,0.46153846153846156,0.5641025641025641,0.3525641025641026,0.5192307692307693,0.21794871794871795,4.1410256410256405,0.15384615384615385,161.79840000000002,18.57337185796396,38.90418841711538,Other,29.533333333333335
2016,Juncos Municipio,72077,39942.0,0.0,31657.0,146.0,26.0,48.7,19084.0,25968.6,240.01,15723.0,14.5,49.0,9.1,53.2,72.0,21.7,3.3,98.2,3.3,0.0,4.7,0.51,0.8525641025641025,0.44871794871794873,0.2692307692307692,0.7051282051282052,0.21794871794871795,0.4935897435897436,0.44871794871794873,0.3782051282051282,0.8269230769230769,0.2948717948717949,4.935897435897436,0.5,167.3938,19.215686274509807,39.36457863902659,Other,29.8
2016,Lajas Municipio,72079,24323.0,0.0,20082.0,128.0,17.4,30.0,12785.0,17397.22,240.01,12107.0,13.1,59.9,13.2,52.1,75.3,19.6,2.16,94.1,2.4000000000000004,1.9,5.0,0.16,0.46153846153846156,0.9230769230769231,0.6923076923076923,0.32051282051282054,0.9166666666666666,0.3717948717948718,0.10256410256410256,0.14743589743589744,0.8717948717948718,0.9487179487179487,5.756410256410256,0.717948717948718,133.77196,15.35612439460885,49.77593224520002,Other,28.266666666666666
2016,Lares Municipio,72081,28052.0,0.0,22927.0,99.0,36.0,42.3,12410.0,16886.94,240.01,12263.0,16.2,57.6,21.0,51.2,74.6,22.0,4.62,97.5,0.8,0.4,2.8,0.98,1.0,0.8461538461538461,0.967948717948718,0.14102564102564102,0.8076923076923077,0.5384615384615384,0.8333333333333334,0.5641025641025641,0.4230769230769231,0.9743589743589743,7.096153846153846,0.9871794871794872,182.47680000000003,20.947113579932296,43.71524311992015,Mountain (Isolated),29.8
2016,Las Marías Municipio,72083,9093.0,0.0,7327.0,63.0,2.8,33.9,13132.0,17869.4,240.01,3932.0,15.3,58.9,20.3,50.8,73.9,7.1,4.86,96.3,0.7,0.0,5.7,1.01,0.01282051282051282,0.8974358974358975,0.9230769230769231,0.0641025641025641,0.6346153846153846,0.02564102564102564,0.8717948717948718,0.5064102564102564,0.9038461538461539,0.9358974358974359,5.7756410256410255,0.7307692307692307,55.18403999999999,6.334757918154674,43.242054327504675,Other,24.400000000000002
2016,Las Piedras Municipio,72085,38466.0,0.0,30940.0,133.0,20.8,42.3,20119.0,27376.98,240.01,15634.0,12.0,47.5,16.4,53.0,73.1,16.9,4.69,96.7,1.3,0.1,4.7,0.15,0.5512820512820513,0.34615384615384615,0.8717948717948718,0.6666666666666666,0.4358974358974359,0.21794871794871795,0.8461538461538461,0.08974358974358974,0.8269230769230769,0.23076923076923078,5.083333333333333,0.5512820512820513,107.484,12.338442783002785,40.64368533250143,Other,27.3
2016,Loíza Municipio,72087,27857.0,0.0,22121.0,95.0,26.1,50.0,18154.0,24703.1,240.01,11588.0,22.1,49.6,11.5,54.5,72.2,18.7,3.77,95.3,3.0,0.0,6.4,0.27,0.8717948717948718,0.5128205128205128,0.532051282051282,0.9423076923076923,0.23076923076923078,0.32051282051282054,0.6923076923076923,0.9487179487179487,0.9615384615384616,0.4230769230769231,6.435897435897436,0.9230769230769231,225.23215,25.855141190016194,41.598162041856625,Other,31.76666666666667
2016,Luquillo Municipio,72089,19237.0,0.0,15551.0,86.0,26.4,50.9,19658.0,26749.68,240.01,10529.0,17.0,44.3,15.4,53.5,73.4,23.4,4.21,94.8,16.4,0.0,5.2,0.64,0.8846153846153846,0.23076923076923078,0.8333333333333334,0.782051282051282,0.5384615384615384,0.6410256410256411,0.7948717948717948,0.6666666666666666,0.8846153846153846,0.2564102564102564,6.512820512820514,0.9487179487179487,212.82299999999998,24.430653942977575,54.73306648645839,Other,31.3
2016,Manatí Municipio,72091,41468.0,0.0,33450.0,120.0,17.0,39.7,18534.0,25220.19,240.01,18799.0,18.7,46.3,9.0,54.0,73.2,20.0,2.99,95.2,3.7,0.3,6.9,0.5,0.42948717948717946,0.3076923076923077,0.25,0.8717948717948718,0.4935897435897436,0.391025641025641,0.3269230769230769,0.7692307692307693,0.9871794871794872,0.3717948717948718,5.198717948717949,0.5833333333333334,201.96,23.183654352789652,45.33375132632391,Other,30.900000000000002
2016,Maricao Municipio,72093,6274.0,218.0,5114.0,162.0,12.3,32.7,11909.0,16205.2,240.01,2634.0,20.3,63.8,15.7,51.4,75.0,9.0,4.87,97.0,0.2,1.1,4.9,0.29,0.21153846153846154,1.0,0.8589743589743589,0.16025641025641027,0.8910256410256411,0.0641025641025641,0.8846153846153846,0.8974358974358975,0.8589743589743589,0.9871794871794872,6.814102564102563,0.9743589743589743,93.9078,10.77998601817637,41.982786101370735,Other,26.900000000000002
2016,Maunabo Municipio,72095,11506.0,0.0,9430.0,51.0,24.4,33.3,18815.0,25602.56,240.01,5353.0,15.2,56.0,11.5,51.1,74.1,16.7,3.02,95.9,2.9,0.0,6.0,0.07,0.782051282051282,0.7756410256410257,0.532051282051282,0.1282051282051282,0.6666666666666666,0.20512820512820512,0.34615384615384615,0.4807692307692308,0.9358974358974359,0.34615384615384615,5.198717948717949,0.5833333333333334,129.71224,14.890095749089404,46.52355292890666,Other,27.666666666666668
2016,Mayagüez Municipio,72097,81594.0,0.0,68363.0,180.0,23.7,40.0,15017.0,20434.42,240.01,41274.0,21.6,51.3,11.6,53.0,74.3,25.7,2.45,92.2,16.7,0.1,2.2,1.52,0.7371794871794872,0.6282051282051282,0.5833333333333334,0.6666666666666666,0.7115384615384616,0.8205128205128205,0.15384615384615385,0.9358974358974359,0.26282051282051283,0.7692307692307693,6.26923076923077,0.8589743589743589,294.21360000000004,33.77374929832598,50.58460180895654,Other,33.43333333333334
2016,Moca Municipio,72099,38289.0,0.0,30563.0,158.0,23.7,38.7,14157.0,19264.17,240.01,15632.0,14.4,56.6,14.6,51.7,72.3,24.6,2.51,95.3,1.3,0.2,2.3,0.73,0.7371794871794872,0.8205128205128205,0.7884615384615384,0.21794871794871795,0.2564102564102564,0.7564102564102564,0.1794871794871795,0.3525641025641026,0.28846153846153844,0.8717948717948718,5.269230769230768,0.6153846153846154,183.14208000000005,21.023483264859138,40.82634699260884,Other,30.233333333333338
2016,Morovis Municipio,72101,32087.0,0.0,25447.0,145.0,21.8,41.0,17649.0,24015.92,240.01,11661.0,16.1,51.9,11.8,50.8,70.8,20.7,3.36,95.4,2.1,0.2,2.6,0.2,0.6153846153846154,0.6538461538461539,0.6025641025641025,0.0641025641025641,0.057692307692307696,0.4230769230769231,0.5064102564102564,0.5512820512820513,0.36538461538461536,0.47435897435897434,4.314102564102564,0.19230769230769232,169.30115999999998,19.434638418332028,36.341820675039735,Other,29.2
2016,Naguabo Municipio,72103,26722.0,0.0,21156.0,116.0,11.6,38.7,18973.0,25817.56,240.01,11555.0,16.7,49.9,13.1,53.8,71.5,10.6,2.34,98.7,5.0,0.0,4.6,0.18,0.17307692307692307,0.5384615384615384,0.6794871794871795,0.8397435897435898,0.15384615384615385,0.08974358974358974,0.12179487179487179,0.6153846153846154,0.8076923076923077,0.32051282051282054,4.339743589743589,0.21794871794871795,95.23675999999999,10.932541718754123,43.24152383803608,Other,27.03333333333333
2016,Naranjito Municipio,72105,29467.0,0.0,23700.0,119.0,22.0,41.8,18828.0,25620.25,240.01,10605.0,13.5,47.9,8.0,51.0,73.2,25.1,5.44,96.6,0.6,0.3,4.3,0.31,0.6410256410256411,0.358974358974359,0.14102564102564102,0.11538461538461539,0.4935897435897436,0.7884615384615384,0.9230769230769231,0.20512820512820512,0.7371794871794872,0.3333333333333333,4.737179487179487,0.3717948717948718,172.81350000000003,19.837831508693878,35.989411884480944,Other,29.866666666666664
2016,Orocovis Municipio,72107,22258.0,0.0,17819.0,88.0,28.6,36.8,14662.0,19951.35,240.01,8514.0,19.3,57.7,12.5,50.5,71.1,35.3,4.58,95.7,0.8999999999999999,0.2,2.1,0.67,0.9230769230769231,0.8653846153846154,0.6538461538461539,0.038461538461538464,0.10897435897435898,1.0,0.8205128205128205,0.8333333333333334,0.22435897435897437,0.8589743589743589,6.326923076923077,0.8974358974358975,344.05145,39.49480043759205,38.251415221493396,Mountain (Isolated),35.03333333333333
2016,Patillas Municipio,72109,18135.0,0.0,14767.0,98.0,26.0,36.4,13975.0,19016.52,240.01,8943.0,18.9,56.7,12.4,51.7,75.5,16.2,3.08,97.8,2.5,0.5,3.6,0.0,0.8525641025641025,0.8333333333333334,0.6346153846153846,0.21794871794871795,0.9358974358974359,0.16666666666666666,0.358974358974359,0.7948717948717948,0.6153846153846154,0.8846153846153846,6.294871794871796,0.8717948717948718,158.29505999999998,18.171211907279154,49.313482216708024,Other,28.933333333333337
2016,Peñuelas Municipio,72111,22231.0,0.0,17293.0,91.0,24.6,40.9,16764.0,22811.66,240.01,8828.0,15.0,57.7,20.9,51.8,70.8,14.8,4.84,95.2,0.4,0.1,4.3,0.12,0.8012820512820513,0.8653846153846154,0.9487179487179487,0.25,0.057692307692307696,0.1282051282051282,0.8589743589743589,0.4423076923076923,0.7371794871794872,0.5897435897435898,5.679487179487179,0.6794871794871795,114.996,13.200770033439287,39.710314425801805,Other,27.2
2016,Ponce Municipio,72113,152594.0,0.0,123075.0,223.0,17.0,39.8,16561.0,22535.42,240.01,66906.0,20.1,51.3,10.1,52.8,72.9,16.3,2.94,93.4,11.6,0.2,2.5,2.41,0.42948717948717946,0.6282051282051282,0.3974358974358974,0.5769230769230769,0.36538461538461536,0.1794871794871795,0.2948717948717949,0.8589743589743589,0.3333333333333333,0.6025641025641025,4.666666666666666,0.34615384615384615,172.98864,19.857936406809078,43.84576064589695,Other,29.73333333333333
2016,Quebradillas Municipio,72115,24904.0,0.0,20105.0,117.0,16.4,37.6,15641.0,21283.53,240.01,10348.0,12.8,56.0,11.1,52.2,73.9,24.2,1.05,97.5,2.0,0.3,0.8,0.12,0.38461538461538464,0.7756410256410257,0.47435897435897434,0.3782051282051282,0.6346153846153846,0.7243589743589743,0.01282051282051282,0.1282051282051282,0.019230769230769232,0.6923076923076923,4.2243589743589745,0.16666666666666666,161.69472000000002,18.56147008888445,41.551557982653385,Other,29.733333333333334
2016,Rincón Municipio,72117,14700.0,0.0,12228.0,69.0,14.6,41.8,17784.0,24199.62,240.01,9462.0,13.8,48.1,6.2,52.5,76.6,31.5,3.88,94.9,10.8,0.1,0.8,0.17,0.2948717948717949,0.3717948717948718,0.038461538461538464,0.46153846153846156,0.9743589743589743,0.9743589743589743,0.717948717948718,0.2564102564102564,0.019230769230769232,0.44871794871794873,4.5576923076923075,0.2692307692307692,228.21750000000003,26.19783936055542,64.36734693877551,Other,32.6
2016,Río Grande Municipio,72119,52479.0,0.0,42789.0,170.0,22.8,52.5,22990.0,31283.7,240.01,23191.0,11.9,37.6,10.5,52.2,73.9,22.4,3.55,94.7,5.300000000000001,0.4,4.3,1.81,0.717948717948718,0.15384615384615385,0.4423076923076923,0.3782051282051282,0.6346153846153846,0.5512820512820513,0.6153846153846154,0.07692307692307693,0.7371794871794872,0.1282051282051282,4.435897435897436,0.24358974358974358,139.14432,15.972835314091679,44.19100973722823,Other,28.833333333333332
2016,Sabana Grande Municipio,72121,24013.0,0.0,19506.0,109.0,21.7,36.1,14877.0,20243.92,240.01,10806.0,19.2,49.2,11.5,53.8,73.3,29.3,2.63,92.8,2.2,0.2,2.7,0.7,0.6025641025641025,0.47435897435897434,0.532051282051282,0.8397435897435898,0.5256410256410257,0.9358974358974359,0.20512820512820512,0.8205128205128205,0.3974358974358974,0.7948717948717948,6.128205128205129,0.8205128205128205,302.65728,34.74302716812971,45.00062466164161,Other,34.1
2016,Salinas Municipio,72123,29722.0,0.0,23535.0,141.0,11.4,37.5,16540.0,22506.85,240.01,13873.0,14.9,53.2,14.6,52.7,70.7,20.8,7.04,95.4,2.1,0.6,3.1,0.54,0.14743589743589744,0.7051282051282052,0.7884615384615384,0.5256410256410257,0.038461538461538464,0.4358974358974359,1.0,0.4166666666666667,0.4551282051282051,0.6153846153846154,5.128205128205128,0.5641025641025641,163.32784,18.74894131881428,46.67586299710652,Other,29.46666666666667
2016,San Germán Municipio,72125,33546.0,0.0,27476.0,111.0,7.7,34.4,14988.0,20394.96,240.01,15652.0,20.4,51.3,13.6,52.3,74.6,10.7,3.31,94.5,3.7,0.1,4.4,1.94,0.05128205128205128,0.6282051282051282,0.717948717948718,0.4230769230769231,0.8076923076923077,0.10256410256410256,0.46794871794871795,0.9102564102564102,0.7884615384615384,0.782051282051282,5.67948717948718,0.6923076923076923,114.16043999999997,13.10485334582284,46.65831991891731,Other,27.8
2016,San Juan Municipio,72127,363744.0,0.0,301074.0,418.0,15.4,51.5,21395.0,29113.3,240.01,192766.0,25.4,42.3,11.5,55.3,75.9,19.4,2.7,92.6,28.6,0.4,1.7,2.05,0.3525641025641026,0.1794871794871795,0.532051282051282,0.9935897435897436,0.9615384615384616,0.34615384615384615,0.22435897435897437,0.9871794871794872,0.09615384615384616,0.15384615384615385,4.826923076923077,0.3974358974358974,272.49628,31.280746523771974,52.994963490806725,Metro/Coastal (Hubs),33.36666666666667
2016,San Lorenzo Municipio,72129,39283.0,0.0,31854.0,144.0,14.2,40.7,16916.0,23018.49,240.01,16434.0,18.8,46.8,8.6,51.8,74.4,21.1,3.97,95.9,1.2000000000000002,0.4,3.5,0.29,0.26282051282051283,0.3269230769230769,0.21794871794871795,0.25,0.75,0.44871794871794873,0.7371794871794872,0.782051282051282,0.5769230769230769,0.5512820512820513,4.903846153846153,0.48717948717948717,205.48024,23.587754310201337,41.834890410610186,Other,30.566666666666666
2016,San Sebastián Municipio,72131,39755.0,0.0,32153.0,128.0,30.1,37.3,13866.0,18868.2,240.01,17695.0,18.3,56.5,10.0,52.1,74.5,26.3,3.17,96.8,2.0,0.3,1.8,0.44,0.9615384615384616,0.8076923076923077,0.3717948717948718,0.32051282051282054,0.7756410256410257,0.8461538461538461,0.41025641025641024,0.7307692307692307,0.1282051282051282,0.8974358974358975,6.25,0.8461538461538461,250.75209,28.78465925331552,44.51012451263992,Other,32.233333333333334
2016,Santa Isabel Municipio,72133,22732.0,0.0,17744.0,114.0,10.9,45.7,15295.0,20812.71,240.01,9380.0,15.2,50.4,10.6,52.8,70.4,23.0,6.83,95.0,3.6,0.2,2.5,0.05,0.11538461538461539,0.5769230769230769,0.46153846153846156,0.5769230769230769,0.02564102564102564,0.5897435897435898,0.9871794871794872,0.4807692307692308,0.3333333333333333,0.7435897435897436,4.8910256410256405,0.46153846153846156,184.58879999999996,21.18955702414447,41.263417209220485,Other,30.333333333333332
2016,Toa Alta Municipio,72135,74467.0,0.0,59519.0,181.0,15.0,53.2,29578.0,40248.34,240.01,25726.0,8.6,30.6,7.6,52.7,71.3,18.6,3.81,94.7,1.1,0.8,3.6,0.4,0.32051282051282054,0.05128205128205128,0.10256410256410256,0.5256410256410257,0.14102564102564102,0.30128205128205127,0.7051282051282052,0.01282051282051282,0.6153846153846154,0.05128205128205128,2.8269230769230766,0.02564102564102564,84.29892000000001,9.676950998185118,34.54684625404541,Other,26.633333333333336
2016,Toa Baja Municipio,72137,83645.0,0.0,67560.0,178.0,18.3,53.9,23889.0,32507.02,240.01,34592.0,13.1,36.9,13.7,54.1,73.8,23.1,3.75,93.0,2.9000000000000004,0.2,3.2,0.4,0.5,0.1282051282051282,0.7371794871794872,0.8846153846153846,0.5897435897435898,0.6089743589743589,0.6794871794871795,0.14743589743589744,0.48717948717948717,0.11538461538461539,4.878205128205129,0.44871794871794873,163.71201000000002,18.793041459895242,41.355729571402954,Other,30.099999999999998
2016,Trujillo Alto Municipio,72139,70737.0,0.0,57074.0,168.0,8.0,52.6,30427.0,41403.62,240.01,29505.0,11.8,29.9,7.2,54.2,72.9,18.2,2.86,94.5,13.2,0.0,4.3,1.11,0.0641025641025641,0.03205128205128205,0.08974358974358974,0.9038461538461539,0.36538461538461536,0.2692307692307692,0.2692307692307692,0.0641025641025641,0.7371794871794872,0.038461538461538464,2.833333333333333,0.038461538461538464,116.39992000000001,13.361930639593817,41.71084439543662,Other,28.066666666666666
2016,Utuado Municipio,72141,30869.0,0.0,25097.0,86.0,29.1,37.7,15875.0,21601.95,240.01,13368.0,17.4,52.2,10.1,51.9,73.1,17.5,3.41,95.5,0.7,0.2,1.4,0.33,0.9358974358974359,0.6666666666666666,0.3974358974358974,0.2692307692307692,0.4358974358974359,0.25,0.532051282051282,0.6794871794871795,0.05128205128205128,0.6794871794871795,4.897435897435898,0.47435897435897434,158.03549999999998,18.141416158993305,43.30558165149503,Mountain (Isolated),28.933333333333337
2016,Vega Alta Municipio,72143,39018.0,0.0,30937.0,144.0,21.0,40.4,18312.0,24918.1,240.01,16128.0,16.5,48.7,15.6,53.4,72.3,17.0,2.95,95.4,4.8,0.1,3.8,2.29,0.5641025641025641,0.41025641025641024,0.8461538461538461,0.7564102564102564,0.2564102564102564,0.23076923076923078,0.3076923076923077,0.5897435897435898,0.6410256410256411,0.41025641025641024,5.012820512820513,0.5256410256410257,149.787,17.194543644985657,41.33476856835307,Other,28.96666666666667
2016,Vega Baja Municipio,72145,55866.0,0.0,45100.0,195.0,17.3,37.8,17634.0,23995.51,240.01,24739.0,18.0,46.0,26.2,52.9,73.5,24.0,2.58,94.9,0.7,0.4,2.1,0.57,0.44871794871794873,0.2948717948717949,0.9871794871794872,0.6217948717948718,0.5576923076923077,0.7051282051282052,0.19230769230769232,0.6923076923076923,0.22435897435897437,0.48717948717948717,5.211538461538463,0.6025641025641025,228.52799999999996,26.23348267941331,44.28274800415279,Other,31.633333333333336
2016,Vieques Municipio,72147,9046.0,0.0,7229.0,117.0,12.3,46.2,17535.0,23860.8,240.01,5036.0,20.2,35.9,6.1,50.4,73.8,8.4,1.35,90.4,0.0,2.2,3.5,0.0,0.21153846153846154,0.10256410256410256,0.02564102564102564,0.02564102564102564,0.5897435897435898,0.05128205128205128,0.038461538461538464,0.8782051282051282,0.5769230769230769,0.5,3.0,0.05128205128205128,85.51872,9.816975862413347,55.6710148131771,Other,26.333333333333332
2016,Villalba Municipio,72149,24186.0,0.0,19212.0,99.0,24.8,48.3,18974.0,25818.92,240.01,9144.0,14.2,50.8,8.5,52.1,70.9,22.8,4.0,95.6,3.2,0.2,4.3,0.78,0.8205128205128205,0.5961538461538461,0.20512820512820512,0.32051282051282054,0.07692307692307693,0.5705128205128205,0.7564102564102564,0.30128205128205127,0.7371794871794872,0.3076923076923077,4.692307692307692,0.358974358974359,168.67896,19.363214028659296,37.8069957826842,Other,29.700000000000003
2016,Yabucoa Municipio,72151,35670.0,0.0,28916.0,133.0,24.2,37.4,16308.0,22191.15,240.01,14771.0,16.9,49.5,12.8,52.3,73.8,18.6,6.61,95.1,0.8,0.0,3.5,0.22,0.7692307692307693,0.5,0.6666666666666666,0.4230769230769231,0.5897435897435898,0.30128205128205127,0.9743589743589743,0.6474358974358975,0.5769230769230769,0.6410256410256411,6.089743589743589,0.7948717948717948,164.39981999999998,18.871997437813597,41.41014858424446,Other,29.26666666666667
2016,Yauco Municipio,72153,38519.0,0.0,31386.0,101.0,24.0,38.0,14666.0,19956.8,240.01,17252.0,18.1,50.3,9.6,53.0,74.7,28.0,1.89,91.1,2.1,0.0,2.3,0.81,0.7564102564102564,0.5641025641025641,0.3076923076923077,0.6666666666666666,0.8397435897435898,0.8974358974358975,0.07692307692307693,0.7051282051282052,0.28846153846153844,0.8461538461538461,5.948717948717948,0.7564102564102564,268.60400000000004,30.833938867977384,44.7882863002674,Other,33.03333333333333
2017,Adjuntas Municipio,72001,18525.0,0.0,14895.0,100.0,40.9,42.2,11680.0,15561.9,245.12,7705.0,19.0,64.1,20.8,17.0,22.3,21.3,2.74,94.7,1.3,0.4,1.7,0.4,1.0,0.9743589743589743,0.9871794871794872,0.3782051282051282,0.717948717948718,0.46153846153846156,0.2692307692307692,0.8461538461538461,0.20512820512820512,1.0,6.839743589743589,0.9487179487179487,68.799,7.897664071190212,41.59244264507422,Mountain (Isolated),19.099999999999998
2017,Aguada Municipio,72003,39470.0,0.0,32605.0,144.0,17.6,44.4,16199.0,21582.81,245.12,17385.0,14.1,52.2,11.3,16.3,20.0,28.9,3.77,96.2,1.1,0.1,1.8,0.24,0.46153846153846156,0.6666666666666666,0.5769230769230769,0.3141025641025641,0.11538461538461539,0.9102564102564102,0.6794871794871795,0.2948717948717949,0.23717948717948717,0.6794871794871795,4.935897435897436,0.46153846153846156,66.42087,7.624670686727943,44.04611097035723,Other,19.76666666666667
2017,Aguadilla Municipio,72005,55722.0,0.0,45638.0,150.0,22.6,39.4,16821.0,22411.53,245.12,27301.0,18.5,51.6,18.4,19.4,20.9,23.4,3.41,94.9,9.1,0.1,2.0,3.56,0.6666666666666666,0.5961538461538461,0.9358974358974359,0.7564102564102564,0.36538461538461536,0.6923076923076923,0.5,0.7884615384615384,0.3141025641025641,0.5769230769230769,6.192307692307692,0.8333333333333334,83.98259999999999,9.640639582336066,48.99501094720218,Other,20.433333333333334
2017,Aguas Buenas Municipio,72007,26855.0,0.0,21897.0,128.0,20.7,42.8,16733.0,22294.28,245.12,10794.0,18.3,48.3,5.2,17.2,21.6,28.1,2.34,94.8,0.7,0.0,1.6,0.77,0.5961538461538461,0.391025641025641,0.02564102564102564,0.4166666666666667,0.5384615384615384,0.8717948717948718,0.12179487179487179,0.75,0.1794871794871795,0.6025641025641025,4.493589743589744,0.3076923076923077,88.44756,10.153187063713725,40.19363247067585,Other,21.2
2017,Aibonito Municipio,72009,24008.0,0.0,19648.0,113.0,6.4,33.2,18387.0,24498.0,245.12,9945.0,15.9,49.2,3.6,18.0,20.7,26.7,3.69,94.5,1.6,0.6,3.9,0.13,0.038461538461538464,0.48717948717948717,0.01282051282051282,0.5576923076923077,0.28846153846153844,0.8205128205128205,0.6666666666666666,0.5064102564102564,0.717948717948718,0.41025641025641024,4.506410256410256,0.32051282051282054,76.41539999999999,8.771975741880382,41.42369210263245,Other,20.2
2017,Arecibo Municipio,72013,89550.0,0.0,74069.0,204.0,17.4,37.6,17289.0,23035.07,245.12,41382.0,18.0,48.6,10.0,19.7,20.2,19.4,2.59,95.1,4.0,0.1,1.5,1.68,0.44871794871794873,0.4358974358974359,0.5,0.7948717948717948,0.14743589743589744,0.3269230769230769,0.1987179487179487,0.7115384615384616,0.14743589743589744,0.5128205128205128,4.2243589743589745,0.21794871794871795,68.79239999999999,7.896906435427047,46.211055276381906,Other,19.03333333333333
2017,Arroyo Municipio,72015,18504.0,0.0,14816.0,87.0,15.7,30.1,15689.0,20903.31,245.12,8503.0,16.8,56.7,10.5,17.2,23.3,24.8,2.99,95.4,1.8,0.7,4.9,0.1,0.3974358974358974,0.8461538461538461,0.5128205128205128,0.4166666666666667,0.8846153846153846,0.7435897435897436,0.3076923076923077,0.6282051282051282,0.8846153846153846,0.7435897435897436,6.365384615384616,0.8846153846153846,71.66208,8.226326465250347,45.95222654561176,Other,19.599999999999998
2017,Añasco Municipio,72011,27892.0,0.0,23099.0,102.0,14.3,44.7,18765.0,25001.63,245.12,12557.0,13.3,45.4,16.3,18.4,20.3,26.7,3.48,97.3,1.8,0.3,2.1,0.42,0.3141025641025641,0.28205128205128205,0.8717948717948718,0.6410256410256411,0.17307692307692307,0.8205128205128205,0.5256410256410257,0.1987179487179487,0.358974358974359,0.3333333333333333,4.519230769230768,0.3333333333333333,65.34024,7.500621605705686,45.020077441560304,Other,19.466666666666665
2017,Barceloneta Municipio,72017,24583.0,0.0,19804.0,107.0,18.9,35.2,17113.0,22800.58,245.12,9935.0,14.5,48.6,9.1,17.5,22.2,23.3,2.5,96.4,0.7,0.2,2.8,0.13,0.5128205128205128,0.4358974358974359,0.391025641025641,0.4807692307692308,0.6858974358974359,0.6666666666666666,0.15384615384615385,0.33974358974358976,0.5256410256410257,0.5384615384615384,4.730769230769231,0.41025641025641024,59.123749999999994,6.787010220047271,40.414107309929626,Other,18.433333333333334
2017,Barranquitas Municipio,72019,29237.0,0.0,23070.0,140.0,11.7,29.5,15694.0,20909.97,245.12,10884.0,14.4,60.7,6.3,13.7,24.1,26.0,2.59,94.8,1.3,0.1,6.1,1.37,0.1858974358974359,0.9615384615384616,0.08974358974358974,0.02564102564102564,0.9743589743589743,0.782051282051282,0.1987179487179487,0.32051282051282054,0.9551282051282052,0.7307692307692307,5.2243589743589745,0.5769230769230769,51.29280000000001,5.88806964738943,37.2268016554366,Other,18.033333333333335
2017,Bayamón Municipio,72021,188614.0,0.0,156567.0,244.0,14.5,50.3,25528.0,34012.34,245.12,83381.0,13.6,34.7,9.4,19.6,19.7,26.2,2.66,92.7,8.0,0.3,1.9,3.49,0.3333333333333333,0.08974358974358974,0.4230769230769231,0.7692307692307693,0.09615384615384616,0.7948717948717948,0.23717948717948717,0.22435897435897437,0.28205128205128205,0.08974358974358974,3.33974358974359,0.07692307692307693,69.83872000000001,8.017016958413834,44.20721685558866,Metro/Coastal (Hubs),19.8
2017,Cabo Rojo Municipio,72023,49726.0,0.0,40964.0,179.0,12.8,35.1,16461.0,21931.88,245.12,29668.0,14.2,52.5,7.9,21.1,20.2,15.7,4.13,96.8,7.2,4.6,4.0,0.34,0.23717948717948717,0.6923076923076923,0.24358974358974358,0.9102564102564102,0.14743589743589744,0.20512820512820512,0.782051282051282,0.3076923076923077,0.7371794871794872,0.6282051282051282,4.8910256410256405,0.44871794871794873,47.04033999999999,5.399915741719672,59.66295298234324,Other,17.0
2017,Caguas Municipio,72025,134269.0,0.0,109743.0,281.0,15.4,50.6,24229.0,32281.61,245.12,58048.0,16.1,37.7,7.9,18.2,21.0,23.2,3.35,93.4,5.9,0.2,2.6,0.84,0.38461538461538464,0.1282051282051282,0.24358974358974358,0.6025641025641025,0.3974358974358974,0.6410256410256411,0.47435897435897434,0.5384615384615384,0.4935897435897436,0.11538461538461539,4.019230769230769,0.14102564102564102,67.98064,7.8037218282898895,43.23261512337174,Other,19.166666666666668
2017,Camuy Municipio,72027,32936.0,0.0,26986.0,132.0,19.1,41.1,17579.0,23421.45,245.12,14148.0,11.4,48.5,8.7,17.7,20.7,21.7,2.01,94.3,0.8,0.2,1.8,0.38,0.5256410256410257,0.41025641025641024,0.3269230769230769,0.5064102564102564,0.28846153846153844,0.4807692307692308,0.0641025641025641,0.08974358974358974,0.23717948717948717,0.5,3.4294871794871793,0.08974358974358974,43.78626,5.0263691683569975,42.95603594850619,Other,16.933333333333334
2017,Canóvanas Municipio,72029,46779.0,0.0,37265.0,157.0,23.3,50.1,19986.0,26628.43,245.12,17906.0,13.6,42.8,9.4,15.2,22.9,19.1,4.59,96.0,1.2999999999999998,0.1,5.1,0.26,0.7115384615384616,0.19230769230769232,0.4230769230769231,0.16025641025641027,0.8269230769230769,0.3076923076923077,0.8589743589743589,0.22435897435897437,0.9166666666666666,0.21794871794871795,4.839743589743589,0.4358974358974359,39.48352,4.532443455691509,38.277859723380146,Other,15.966666666666667
2017,Carolina Municipio,72031,161684.0,0.0,133656.0,229.0,14.1,54.4,29082.0,38747.53,245.12,77499.0,13.7,29.0,6.6,20.1,20.1,23.0,3.55,92.5,21.6,0.3,2.1,0.46,0.2948717948717949,0.02564102564102564,0.1282051282051282,0.8205128205128205,0.1282051282051282,0.6217948717948718,0.6025641025641025,0.24358974358974358,0.358974358974359,0.07692307692307693,3.3012820512820515,0.0641025641025641,63.3351,7.2704449732589005,47.93238663071176,Metro/Coastal (Hubs),18.933333333333334
2017,Cataño Municipio,72033,25595.0,0.0,20622.0,87.0,27.9,52.1,18663.0,24865.73,245.12,10725.0,27.5,49.4,14.3,17.0,22.2,22.5,3.32,93.8,10.8,0.3,4.3,0.03,0.8846153846153846,0.5256410256410257,0.782051282051282,0.3782051282051282,0.6858974358974359,0.5576923076923077,0.46153846153846156,1.0,0.8269230769230769,0.3717948717948718,6.4743589743589745,0.8974358974358975,105.18750000000001,12.074819975411277,41.9027153740965,Other,22.333333333333332
2017,Cayey Municipio,72035,45431.0,0.0,37159.0,161.0,10.6,44.2,20442.0,27235.99,245.12,20096.0,17.8,43.6,9.1,18.3,20.5,31.2,3.21,96.5,3.0,0.4,2.2,0.33,0.14743589743589744,0.23076923076923078,0.391025641025641,0.6217948717948718,0.21153846153846154,0.9615384615384616,0.41025641025641024,0.6923076923076923,0.40384615384615385,0.1794871794871795,4.25,0.24358974358974358,101.63088000000002,11.666543837838399,44.23411327067421,Other,22.433333333333334
2017,Ceiba Municipio,72037,12238.0,0.0,10048.0,67.0,11.9,39.7,18998.0,25312.07,245.12,7448.0,15.7,43.2,5.4,21.2,20.8,10.2,2.23,95.4,2.8,0.5,5.6,0.16,0.20512820512820512,0.21153846153846154,0.05128205128205128,0.9294871794871795,0.3269230769230769,0.08974358974358974,0.08974358974358974,0.47435897435897434,0.9358974358974359,0.28205128205128205,3.596153846153846,0.10256410256410256,33.949679999999994,3.897195714536619,60.859617584572646,Other,15.699999999999998
2017,Ciales Municipio,72039,17325.0,0.0,14060.0,80.0,20.1,29.8,14432.0,19228.54,245.12,7335.0,18.4,58.2,19.5,17.4,21.9,24.5,5.43,95.9,2.5,0.0,2.9,0.1,0.5641025641025641,0.9102564102564102,0.9615384615384616,0.46153846153846156,0.6346153846153846,0.717948717948718,0.9358974358974359,0.7692307692307693,0.5641025641025641,0.8717948717948718,7.3910256410256405,0.9743589743589743,78.43919999999999,9.004294417257563,42.33766233766234,Other,20.099999999999998
2017,Cidra Municipio,72041,41181.0,0.0,33252.0,146.0,16.9,47.4,20389.0,27165.37,245.12,15950.0,15.0,43.2,7.2,15.2,21.8,28.4,5.11,97.0,0.4,0.5,3.0,0.4,0.4230769230769231,0.21153846153846154,0.16666666666666666,0.16025641025641027,0.6025641025641025,0.8846153846153846,0.9102564102564102,0.38461538461538464,0.6089743589743589,0.19230769230769232,4.544871794871795,0.358974358974359,64.752,7.433095596414316,38.73145382579345,Other,19.53333333333333
2017,Coamo Municipio,72043,39796.0,0.0,32190.0,126.0,8.2,39.3,19110.0,25461.29,245.12,16462.0,15.3,48.3,8.9,15.8,22.2,24.5,6.6,95.9,2.7,0.0,3.7,0.29,0.07692307692307693,0.391025641025641,0.36538461538461536,0.23076923076923078,0.6858974358974359,0.717948717948718,0.9743589743589743,0.4423076923076923,0.6730769230769231,0.2692307692307692,4.8269230769230775,0.4230769230769231,59.2263,6.798782272700662,41.36596642878681,Other,18.53333333333333
2017,Comerío Municipio,72045,19914.0,0.0,16082.0,108.0,25.0,41.4,13523.0,18017.43,245.12,7537.0,23.1,58.9,9.9,16.0,21.9,30.0,3.49,93.5,3.3000000000000003,0.0,1.9,0.07,0.7948717948717948,0.9230769230769231,0.4807692307692308,0.2564102564102564,0.6346153846153846,0.9358974358974359,0.5384615384615384,0.9487179487179487,0.28205128205128205,0.9358974358974359,6.730769230769231,0.9358974358974359,110.88000000000001,12.728280821139418,37.84774530481069,Other,23.03333333333333
2017,Corozal Municipio,72047,34933.0,0.0,28052.0,175.0,29.1,40.4,14752.0,19654.89,245.12,13010.0,15.1,55.2,12.5,16.0,22.6,22.0,3.17,96.0,0.4,1.3,4.1,0.95,0.9358974358974359,0.7692307692307693,0.6858974358974359,0.2564102564102564,0.7756410256410257,0.5,0.391025641025641,0.40384615384615385,0.7756410256410257,0.8205128205128205,6.314102564102565,0.8717948717948718,53.152,6.101493346006514,37.24272178169639,Other,17.7
2017,Culebra Municipio,72049,1494.0,261.0,1229.0,216.0,1.6,56.1,23355.0,31117.13,245.12,1512.0,22.5,41.8,22.1,20.4,19.3,7.0,5.19,89.9,3.7,2.3,6.7,0.0,0.01282051282051282,0.16666666666666666,1.0,0.8717948717948718,0.0641025641025641,0.01282051282051282,0.9230769230769231,0.9358974358974359,1.0,0.1282051282051282,5.115384615384615,0.48717948717948717,32.129999999999995,3.6883086470347166,101.20481927710843,Other,16.633333333333333
2017,Dorado Municipio,72051,37722.0,0.0,30129.0,112.0,20.7,49.9,29354.0,39109.93,245.12,15750.0,9.7,33.1,12.1,15.6,23.5,14.7,3.85,93.6,0.7,0.5,4.6,0.14,0.5961538461538461,0.07692307692307693,0.6666666666666666,0.1987179487179487,0.9230769230769231,0.1794871794871795,0.6923076923076923,0.02564102564102564,0.8653846153846154,0.0641025641025641,4.288461538461538,0.2564102564102564,22.24404,2.553466700186309,41.75282328614602,Metro/Coastal (Hubs),13.333333333333334
2017,Fajardo Municipio,72053,33075.0,0.0,26770.0,117.0,28.4,52.8,18941.0,25236.12,245.12,18522.0,15.6,43.7,8.9,20.2,21.7,22.9,4.19,95.2,10.9,0.2,4.6,0.71,0.9102564102564102,0.24358974358974358,0.36538461538461536,0.8397435897435898,0.5705128205128205,0.5897435897435898,0.7948717948717948,0.46153846153846156,0.8653846153846154,0.3076923076923077,5.94871794871795,0.7564102564102564,72.16247999999999,8.2837690312938,56.00000000000001,Other,19.566666666666666
2017,Florida Municipio,72054,12140.0,0.0,9813.0,90.0,17.3,38.2,16919.0,22542.1,245.12,4904.0,10.4,56.4,8.1,16.2,22.6,18.8,7.72,96.8,2.2,0.0,2.9,0.15,0.4358974358974359,0.8269230769230769,0.28846153846153844,0.28846153846153844,0.7756410256410257,0.2948717948717949,1.0,0.038461538461538464,0.5641025641025641,0.5512820512820513,5.064102564102563,0.47435897435897434,31.674240000000005,3.635990453789385,40.395387149917624,Other,15.133333333333333
2017,Guayama Municipio,72057,42623.0,0.0,34571.0,213.0,7.9,29.9,15296.0,20379.69,245.12,18794.0,20.5,55.1,19.4,16.0,22.2,24.5,4.01,95.8,1.8,0.7,1.4,5.38,0.0641025641025641,0.7564102564102564,0.9487179487179487,0.2564102564102564,0.6858974358974359,0.717948717948718,0.7435897435897436,0.8974358974358975,0.10256410256410256,0.782051282051282,5.955128205128205,0.7756410256410257,80.36,9.224789382997505,44.09356450742557,Other,20.333333333333332
2017,Guayanilla Municipio,72059,19578.0,0.0,15709.0,98.0,23.9,37.9,14988.0,19969.33,245.12,8278.0,14.0,55.8,13.2,18.3,22.5,15.8,4.0,94.5,0.9,0.2,1.0,0.42,0.7435897435897436,0.7948717948717948,0.717948717948718,0.6217948717948718,0.75,0.21794871794871795,0.7307692307692307,0.28205128205128205,0.0641025641025641,0.8076923076923077,5.73076923076923,0.6923076923076923,40.47960000000001,4.646786763414459,42.282153437531925,Other,16.033333333333335
2017,Guaynabo Municipio,72061,90773.0,0.0,76332.0,200.0,10.6,53.3,34060.0,45379.98,245.12,40052.0,11.0,26.9,5.4,19.7,18.3,20.5,3.17,93.4,19.0,0.1,1.6,0.65,0.14743589743589744,0.01282051282051282,0.05128205128205128,0.7948717948717948,0.01282051282051282,0.4230769230769231,0.391025641025641,0.07051282051282051,0.1794871794871795,0.01282051282051282,2.096153846153846,0.02564102564102564,44.4235,5.099520049223366,44.12325250900599,Metro/Coastal (Hubs),17.066666666666666
2017,Gurabo Municipio,72063,47074.0,0.0,37834.0,188.0,14.8,55.2,32625.0,43468.06,245.12,17446.0,12.3,31.1,9.4,14.1,22.4,23.0,4.82,94.5,3.4000000000000004,0.1,2.3,0.7,0.34615384615384615,0.0641025641025641,0.4230769230769231,0.05128205128205128,0.7307692307692307,0.6217948717948718,0.8846153846153846,0.1282051282051282,0.42948717948717946,0.02564102564102564,3.705128205128205,0.11538461538461539,39.88890000000001,4.578978362611365,37.06079789267961,Other,16.46666666666667
2017,Guánica Municipio,72055,17327.0,0.0,14035.0,80.0,31.2,34.5,12653.0,16858.28,245.12,9347.0,18.5,65.2,15.8,21.2,21.5,34.2,3.13,92.5,2.2,0.2,3.0,0.51,0.9615384615384616,1.0,0.8589743589743589,0.9294871794871795,0.4935897435897436,1.0,0.3717948717948718,0.7884615384615384,0.6089743589743589,0.9871794871794872,7.999999999999999,1.0,134.13240000000002,15.39750049074135,53.94471056732267,Other,24.633333333333336
2017,Hatillo Municipio,72065,40978.0,0.0,33685.0,180.0,9.4,39.6,17770.0,23675.93,245.12,16829.0,13.3,45.3,6.2,18.0,20.6,8.2,1.13,96.3,1.6,0.0,0.7,0.24,0.11538461538461539,0.2692307692307692,0.07692307692307693,0.5576923076923077,0.24358974358974358,0.0641025641025641,0.038461538461538464,0.1987179487179487,0.038461538461538464,0.47435897435897434,2.076923076923077,0.01282051282051282,19.6308,2.253484263560819,41.06837815413149,Other,13.166666666666666
2017,Hormigueros Municipio,72067,16474.0,0.0,13750.0,69.0,23.1,45.6,19674.0,26212.74,245.12,7669.0,16.1,39.3,10.9,25.2,18.6,29.7,0.89,90.9,4.6,0.0,2.6,0.71,0.6923076923076923,0.15384615384615385,0.5576923076923077,1.0,0.038461538461538464,0.9230769230769231,0.02564102564102564,0.5384615384615384,0.4935897435897436,0.24358974358974358,4.666666666666666,0.3974358974358974,120.49883999999999,13.832459182373258,46.55214277042612,Other,23.666666666666668
2017,Humacao Municipio,72069,54736.0,0.0,44938.0,155.0,13.3,38.2,18735.0,24961.66,245.12,26825.0,13.2,45.7,9.8,19.0,20.7,10.5,3.67,95.3,9.5,0.2,4.0,0.84,0.2692307692307692,0.32051282051282054,0.4551282051282051,0.6794871794871795,0.28846153846153844,0.10256410256410256,0.6538461538461539,0.1794871794871795,0.7371794871794872,0.358974358974359,4.044871794871795,0.15384615384615385,26.334,3.022966695020611,49.00796550716165,Other,14.233333333333334
2017,Isabela Municipio,72071,43314.0,0.0,35660.0,151.0,19.4,37.7,16333.0,21761.34,245.12,20354.0,13.9,54.0,11.9,18.1,20.5,26.8,3.27,94.9,2.3,0.3,1.8,0.76,0.5384615384615384,0.7435897435897436,0.6538461538461539,0.5833333333333334,0.21153846153846154,0.8525641025641025,0.4358974358974359,0.26282051282051283,0.23717948717948717,0.6410256410256411,5.160256410256411,0.5384615384615384,67.42612000000001,7.7400666489885,46.99173477397608,Other,19.6
2017,Jayuya Municipio,72073,15297.0,0.0,12311.0,55.0,27.1,36.1,15615.0,20804.71,245.12,6189.0,19.8,60.3,17.9,14.7,23.6,22.9,4.52,94.6,2.5,0.1,2.6,1.69,0.8589743589743589,0.9358974358974359,0.9102564102564102,0.08974358974358974,0.9487179487179487,0.5897435897435898,0.8461538461538461,0.8846153846153846,0.4935897435897436,0.7564102564102564,7.314102564102564,0.9615384615384616,66.65274,7.651287808607431,40.45891351245342,Mountain (Isolated),19.13333333333333
2017,Juana Díaz Municipio,72075,47952.0,0.0,38229.0,148.0,21.9,50.7,20228.0,26950.86,245.12,18905.0,13.9,47.7,8.1,15.6,23.5,20.7,3.53,96.2,1.6,0.0,1.8,1.1,0.6538461538461539,0.3717948717948718,0.28846153846153844,0.1987179487179487,0.9230769230769231,0.4423076923076923,0.5833333333333334,0.26282051282051283,0.23717948717948717,0.20512820512820512,4.166666666666666,0.19230769230769232,44.88588,5.152598174097811,39.42484150817484,Other,16.73333333333333
2017,Juncos Municipio,72077,39704.0,0.0,31820.0,177.0,26.9,48.8,18533.0,24692.52,245.12,15538.0,14.7,51.0,7.4,14.4,23.1,22.3,3.58,98.2,3.4,0.0,4.1,0.51,0.8461538461538461,0.5769230769230769,0.1858974358974359,0.0641025641025641,0.8525641025641025,0.5256410256410257,0.6153846153846154,0.358974358974359,0.7756410256410257,0.3974358974358974,5.198717948717949,0.5576923076923077,47.20464,5.418776280490534,39.13459601047754,Other,17.133333333333336
2017,Lajas Municipio,72079,23893.0,0.0,19876.0,139.0,17.8,30.4,13896.0,18514.39,245.12,12094.0,12.2,60.6,8.8,21.8,19.7,19.6,2.27,94.6,1.9,2.6,4.3,0.2,0.47435897435897434,0.9487179487179487,0.34615384615384615,0.9615384615384616,0.09615384615384616,0.34615384615384615,0.10256410256410256,0.11538461538461539,0.8269230769230769,0.9230769230769231,5.141025641025641,0.5128205128205128,52.12816,5.983963376346383,50.617335621311675,Other,17.86666666666667
2017,Lares Municipio,72081,27321.0,0.0,22516.0,86.0,36.2,42.4,12820.0,17080.78,245.12,12228.0,16.5,56.4,18.2,18.5,20.6,20.1,3.44,97.3,1.1,0.6,1.4,0.95,0.9871794871794872,0.8269230769230769,0.9230769230769231,0.6538461538461539,0.24358974358974358,0.3974358974358974,0.5128205128205128,0.5897435897435898,0.10256410256410256,0.9743589743589743,6.211538461538461,0.8461538461538461,61.355250000000005,7.043171463304601,44.75678049851762,Mountain (Isolated),18.366666666666667
2017,Las Marías Municipio,72083,8874.0,0.0,7159.0,60.0,2.4,33.0,14404.0,19191.23,245.12,3919.0,16.2,57.6,14.1,18.1,21.8,7.5,4.75,96.9,0.4,0.0,5.1,1.05,0.02564102564102564,0.8846153846153846,0.75,0.5833333333333334,0.6025641025641025,0.02564102564102564,0.8717948717948718,0.5641025641025641,0.9166666666666666,0.8846153846153846,6.1089743589743595,0.8205128205128205,21.991500000000002,2.5244768008485523,44.16272256028848,Other,13.933333333333332
2017,Las Piedras Municipio,72085,38253.0,0.0,30972.0,155.0,21.0,41.5,20587.0,27429.18,245.12,15619.0,10.9,45.5,14.1,15.7,22.0,13.6,5.1,96.7,1.4,0.0,3.8,0.14,0.6153846153846154,0.2948717948717949,0.75,0.21794871794871795,0.6538461538461539,0.14102564102564102,0.8974358974358975,0.05128205128205128,0.6987179487179487,0.16666666666666666,4.487179487179487,0.2948717948717949,23.27368,2.671662470971645,40.83078451363292,Other,13.399999999999999
2017,Loíza Municipio,72087,27242.0,0.0,21804.0,112.0,28.6,48.4,17273.0,23013.75,245.12,11558.0,24.2,51.9,10.6,14.9,22.8,19.9,3.66,95.4,3.4000000000000004,0.0,6.1,0.3,0.9230769230769231,0.6410256410256411,0.5256410256410257,0.1282051282051282,0.8012820512820513,0.38461538461538464,0.6410256410256411,0.9743589743589743,0.9551282051282052,0.5256410256410257,6.5,0.9230769230769231,71.75542,8.237041271634233,42.42713457161735,Other,19.666666666666668
2017,Luquillo Municipio,72089,18952.0,0.0,15488.0,73.0,27.3,50.1,19377.0,25817.03,245.12,10462.0,16.3,46.0,11.5,19.2,21.5,25.3,3.03,94.6,15.4,0.0,4.1,0.73,0.8717948717948718,0.3333333333333333,0.6089743589743589,0.7307692307692307,0.4935897435897436,0.7692307692307693,0.3333333333333333,0.5769230769230769,0.7756410256410257,0.2564102564102564,5.749999999999999,0.7051282051282052,79.17888,9.089204723514605,55.20261713803293,Other,20.266666666666666
2017,Manatí Municipio,72091,40705.0,0.0,33036.0,128.0,18.1,39.9,18191.0,24236.86,245.12,18742.0,18.7,46.1,6.6,19.0,21.8,19.8,3.26,95.5,3.5,0.4,6.5,0.51,0.48717948717948717,0.34615384615384615,0.1282051282051282,0.6794871794871795,0.6025641025641025,0.36538461538461536,0.4230769230769231,0.8076923076923077,0.9743589743589743,0.4358974358974359,5.25,0.6025641025641025,70.3494,8.075639599555062,46.04348360152316,Other,19.166666666666668
2017,Maricao Municipio,72093,6180.0,261.0,5055.0,220.0,12.1,33.4,13462.0,17936.15,245.12,2623.0,17.1,65.0,15.5,17.3,20.9,7.7,4.02,96.0,0.4,0.8,4.1,0.26,0.21794871794871795,0.9871794871794872,0.8333333333333334,0.44871794871794873,0.36538461538461536,0.05128205128205128,0.7564102564102564,0.6410256410256411,0.7756410256410257,0.9487179487179487,6.025641025641026,0.8076923076923077,22.778910000000003,2.614866191192829,42.44336569579288,Other,14.033333333333333
2017,Maunabo Municipio,72095,11297.0,0.0,9308.0,49.0,24.6,32.1,17636.0,23497.4,245.12,5332.0,18.3,52.6,6.5,19.7,20.6,14.6,2.34,95.6,1.8,0.0,6.6,0.06,0.7692307692307693,0.7051282051282052,0.10256410256410256,0.7948717948717948,0.24358974358974358,0.16666666666666666,0.12179487179487179,0.75,0.9871794871794872,0.48717948717948717,5.128205128205128,0.5,52.63446,6.042083222844784,47.19837124900416,Other,17.53333333333333
2017,Mayagüez Municipio,72097,79615.0,0.0,67025.0,169.0,25.9,40.4,14642.0,19508.33,245.12,41149.0,21.8,52.0,10.8,21.6,18.5,26.7,2.41,92.1,16.9,0.1,1.9,1.54,0.8205128205128205,0.6538461538461539,0.5384615384615384,0.9487179487179487,0.02564102564102564,0.8205128205128205,0.14102564102564102,0.9230769230769231,0.28205128205128205,0.8333333333333334,5.987179487179486,0.7948717948717948,125.72496000000001,14.43238273003716,51.68498398542988,Other,23.366666666666664
2017,Moca Municipio,72099,37676.0,0.0,30346.0,169.0,26.2,38.8,13413.0,17870.87,245.12,15744.0,14.8,57.7,13.3,15.4,22.5,22.9,2.52,95.4,1.4,0.6,2.0,0.67,0.8333333333333334,0.8974358974358975,0.7307692307692307,0.1794871794871795,0.75,0.5897435897435898,0.16666666666666666,0.3717948717948718,0.3141025641025641,0.9615384615384616,5.794871794871796,0.7307692307692307,52.19368,5.9914846331952365,41.78787557065506,Other,17.7
2017,Morovis Municipio,72101,31785.0,0.0,25495.0,142.0,20.5,42.1,18739.0,24966.99,245.12,11807.0,14.5,49.3,10.9,13.9,23.2,19.8,3.29,96.4,2.7,0.2,2.1,0.19,0.5769230769230769,0.5064102564102564,0.5576923076923077,0.038461538461538464,0.8717948717948718,0.36538461538461536,0.44871794871794873,0.33974358974358976,0.358974358974359,0.34615384615384615,4.41025641025641,0.28205128205128205,39.9069,4.581044641965445,37.14645272927481,Other,16.066666666666666
2017,Naguabo Municipio,72103,26584.0,0.0,21199.0,121.0,11.2,37.8,18976.0,25282.75,245.12,11570.0,16.1,49.3,9.9,16.2,23.7,9.5,3.64,98.9,4.4,0.0,3.3,0.19,0.16666666666666666,0.5064102564102564,0.4807692307692308,0.28846153846153844,0.9615384615384616,0.07692307692307693,0.6282051282051282,0.5384615384615384,0.6410256410256411,0.2948717948717949,4.583333333333333,0.3717948717948718,24.777900000000002,2.844336844860303,43.5224195004514,Other,13.933333333333332
2017,Naranjito Municipio,72105,29112.0,0.0,23583.0,132.0,23.8,42.3,18069.0,24074.31,245.12,10634.0,15.9,47.5,7.5,16.6,21.7,26.8,4.3,95.0,0.5,0.3,2.3,0.29,0.7307692307692307,0.358974358974359,0.21153846153846154,0.3525641025641026,0.5705128205128205,0.8525641025641025,0.8076923076923077,0.5064102564102564,0.42948717948717946,0.44871794871794873,5.26923076923077,0.6282051282051282,70.73592000000001,8.12000950488503,36.52789227809838,Other,19.76666666666667
2017,Orocovis Municipio,72107,21906.0,0.0,17660.0,78.0,32.1,37.6,14296.0,19047.34,245.12,8528.0,19.3,56.3,16.9,14.9,22.9,33.8,4.31,95.0,0.7,0.2,2.1,0.63,0.9743589743589743,0.8076923076923077,0.8974358974358975,0.1282051282051282,0.8269230769230769,0.9871794871794872,0.8205128205128205,0.8589743589743589,0.358974358974359,0.8974358974358975,7.557692307692307,0.9871794871794872,97.19865999999999,11.157754689019217,38.929973523235645,Mountain (Isolated),22.666666666666668
2017,Patillas Municipio,72109,17769.0,0.0,14573.0,91.0,19.9,34.6,14512.0,19335.12,245.12,8973.0,18.8,57.3,11.5,19.0,20.4,13.0,2.69,98.2,2.6,0.7,2.4,0.0,0.5512820512820513,0.8653846153846154,0.6089743589743589,0.6794871794871795,0.19230769230769232,0.1282051282051282,0.2564102564102564,0.8205128205128205,0.4551282051282051,0.8461538461538461,5.403846153846154,0.6666666666666666,46.436,5.330541560339375,50.49805841634307,Other,16.933333333333334
2017,Peñuelas Municipio,72111,21661.0,0.0,17006.0,116.0,23.3,40.5,16868.0,22474.15,245.12,8726.0,15.2,57.3,16.8,14.6,24.4,14.1,3.9,95.1,0.3,0.0,2.9,0.1,0.7115384615384616,0.8653846153846154,0.8846153846153846,0.07692307692307693,0.9935897435897436,0.15384615384615385,0.717948717948718,0.4230769230769231,0.5641025641025641,0.5641025641025641,5.955128205128205,0.7756410256410257,31.290719999999997,3.591964928351763,40.28438206915655,Other,14.633333333333333
2017,Ponce Municipio,72113,148863.0,0.0,120893.0,263.0,15.3,38.0,16561.0,22065.12,245.12,66368.0,20.9,51.6,9.8,19.1,21.6,16.3,3.12,92.9,11.7,0.2,2.4,2.5,0.3717948717948718,0.5961538461538461,0.4551282051282051,0.7115384615384616,0.5384615384615384,0.24358974358974358,0.358974358974359,0.9102564102564102,0.4551282051282051,0.6153846153846154,5.256410256410257,0.6153846153846154,65.06797,7.469366834609262,44.58327455445611,Other,18.76666666666667
2017,Quebradillas Municipio,72115,24548.0,0.0,20019.0,133.0,13.1,37.4,16082.0,21426.92,245.12,10387.0,13.0,51.7,15.3,17.9,21.4,23.3,0.73,97.3,1.7999999999999998,0.4,0.6,0.1,0.2564102564102564,0.6153846153846154,0.8205128205128205,0.532051282051282,0.46153846153846156,0.6666666666666666,0.01282051282051282,0.16025641025641027,0.02564102564102564,0.6923076923076923,4.243589743589744,0.23076923076923078,54.219100000000005,6.223989273714287,42.313019390581715,Other,18.066666666666666
2017,Rincón Municipio,72117,14526.0,0.0,12213.0,61.0,14.3,40.6,18292.0,24371.42,245.12,9447.0,17.6,48.6,5.4,22.3,19.1,31.1,3.88,93.1,10.8,0.1,0.4,0.19,0.3141025641025641,0.4358974358974359,0.05128205128205128,0.9871794871794872,0.05128205128205128,0.9487179487179487,0.7051282051282052,0.6794871794871795,0.01282051282051282,0.4230769230769231,4.6089743589743595,0.38461538461538464,122.06128000000002,14.011816822039396,65.03510945890129,Other,23.666666666666668
2017,Río Grande Municipio,72119,51768.0,0.0,42587.0,164.0,22.9,52.3,22584.0,30089.89,245.12,22981.0,13.0,38.2,8.0,17.7,20.9,22.5,3.51,95.0,5.0,0.3,4.4,1.75,0.6794871794871795,0.14102564102564102,0.2692307692307692,0.5064102564102564,0.36538461538461536,0.5576923076923077,0.5512820512820513,0.16025641025641027,0.8461538461538461,0.14102564102564102,4.217948717948718,0.20512820512820512,51.7725,5.943135992175689,44.392288672539024,Other,17.733333333333334
2017,Sabana Grande Municipio,72121,23610.0,0.0,19377.0,92.0,21.4,35.7,15736.0,20965.93,245.12,10767.0,18.9,49.0,11.8,20.5,21.3,32.7,3.38,91.5,1.7999999999999998,0.2,2.2,0.71,0.6282051282051282,0.46153846153846156,0.6410256410256411,0.8846153846153846,0.44871794871794873,0.9743589743589743,0.48717948717948717,0.8333333333333334,0.40384615384615385,0.717948717948718,6.480769230769231,0.9102564102564102,126.69614999999999,14.5438688325866,45.603557814485384,Other,24.03333333333333
2017,Salinas Municipio,72123,29239.0,0.0,23348.0,152.0,9.1,39.5,16246.0,21645.43,245.12,13858.0,15.1,53.6,14.2,17.2,23.5,20.7,6.19,95.4,2.8,0.5,2.1,0.38,0.10256410256410256,0.7307692307692307,0.7692307692307693,0.4166666666666667,0.9230769230769231,0.4423076923076923,0.9615384615384616,0.40384615384615385,0.358974358974359,0.6666666666666666,5.775641025641026,0.717948717948718,53.76203999999999,6.171521849182269,47.39560176476624,Other,17.666666666666668
2017,San Germán Municipio,72125,32937.0,0.0,27199.0,124.0,8.3,33.9,15036.0,20033.28,245.12,15689.0,19.7,51.8,14.6,22.1,20.3,11.1,3.11,94.1,3.4,0.0,3.8,2.1,0.08974358974358974,0.6282051282051282,0.7948717948717948,0.9743589743589743,0.17307692307692307,0.11538461538461539,0.34615384615384615,0.8717948717948718,0.6987179487179487,0.7948717948717948,5.487179487179487,0.6794871794871795,48.326069999999994,5.547508928048709,47.63336065822631,Other,17.633333333333336
2017,San Juan Municipio,72127,355181.0,0.0,295774.0,405.0,15.0,51.0,21677.0,28881.44,245.12,191901.0,25.4,42.0,11.7,20.3,19.4,19.4,2.55,92.7,28.7,0.2,1.5,2.05,0.358974358974359,0.1794871794871795,0.6282051282051282,0.8589743589743589,0.07692307692307693,0.3269230769230769,0.1794871794871795,0.9871794871794872,0.14743589743589744,0.15384615384615385,3.8974358974358974,0.1282051282051282,100.03028,11.48280568594161,54.029072501062835,Metro/Coastal (Hubs),21.7
2017,San Lorenzo Municipio,72129,38689.0,0.0,31537.0,181.0,11.7,40.6,18589.0,24767.13,245.12,16387.0,17.2,45.6,7.4,16.5,20.8,20.3,4.03,95.7,1.3,0.4,2.9,0.26,0.1858974358974359,0.3076923076923077,0.1858974358974359,0.3333333333333333,0.3269230769230769,0.41025641025641024,0.7692307692307693,0.6538461538461539,0.5641025641025641,0.38461538461538464,4.121794871794872,0.1794871794871795,57.611399999999996,6.613402576650354,42.355708340872084,Other,18.0
2017,San Sebastián Municipio,72131,38970.0,0.0,31785.0,175.0,28.0,37.2,14275.0,19019.36,245.12,17733.0,16.7,55.3,8.7,20.8,20.9,25.1,2.66,97.2,1.9,0.3,1.4,0.55,0.8974358974358975,0.782051282051282,0.3269230769230769,0.8974358974358975,0.36538461538461536,0.7564102564102564,0.23717948717948717,0.6089743589743589,0.10256410256410256,0.9102564102564102,5.884615384615384,0.7435897435897436,87.18736,10.00852455026856,45.504234026173975,Other,20.86666666666667
2017,Santa Isabel Municipio,72133,22475.0,0.0,17731.0,120.0,9.7,45.7,16816.0,22404.87,245.12,9417.0,15.3,49.1,15.7,14.8,24.4,21.7,7.08,96.4,2.8,0.4,1.4,0.04,0.1282051282051282,0.47435897435897434,0.8461538461538461,0.10256410256410256,0.9935897435897436,0.4807692307692308,0.9871794871794872,0.4423076923076923,0.10256410256410256,0.5897435897435898,5.147435897435897,0.5256410256410257,49.137480000000004,5.640653357531761,41.899888765294776,Other,17.266666666666666
2017,Toa Alta Municipio,72135,74169.0,0.0,59855.0,222.0,13.8,51.7,29672.0,39533.61,245.12,25828.0,8.4,29.8,6.6,12.3,23.1,18.1,3.53,94.6,1.3,0.8,3.1,0.42,0.28205128205128205,0.038461538461538464,0.1282051282051282,0.01282051282051282,0.8525641025641025,0.28205128205128205,0.5833333333333334,0.01282051282051282,0.6282051282051282,0.05128205128205128,2.871794871794872,0.05128205128205128,18.700920000000004,2.146740272128991,34.82317410238779,Other,12.933333333333335
2017,Toa Baja Municipio,72137,81905.0,0.0,66674.0,187.0,18.7,52.8,24583.0,32753.26,245.12,34589.0,11.7,35.8,12.6,17.2,21.5,22.3,3.52,93.0,2.5,0.3,2.9,0.42,0.5,0.10256410256410256,0.7051282051282052,0.4166666666666667,0.4935897435897436,0.5256410256410257,0.5641025641025641,0.10256410256410256,0.5641025641025641,0.10256410256410256,4.076923076923077,0.16666666666666666,44.87652,5.151523708833689,42.23063305048532,Other,17.066666666666666
2017,Trujillo Alto Municipio,72139,69478.0,0.0,56501.0,150.0,7.3,53.1,31202.0,41572.12,245.12,29385.0,11.0,30.4,7.5,16.6,21.6,17.9,2.61,94.7,12.4,0.1,4.2,1.11,0.05128205128205128,0.05128205128205128,0.21153846153846154,0.3525641025641026,0.5384615384615384,0.2692307692307692,0.21794871794871795,0.07051282051282051,0.8076923076923077,0.038461538461538464,2.608974358974359,0.038461538461538464,32.6854,3.7520648444378635,42.29396355680935,Other,15.166666666666666
2017,Utuado Municipio,72141,30209.0,0.0,24695.0,116.0,30.0,38.0,15931.0,21225.74,245.12,13315.0,17.4,53.0,11.4,19.1,21.2,17.4,2.89,95.4,0.6,0.3,0.8,0.31,0.9487179487179487,0.717948717948718,0.5897435897435898,0.7115384615384616,0.42948717948717946,0.2564102564102564,0.2948717948717949,0.6666666666666666,0.05128205128205128,0.7051282051282052,5.371794871794871,0.6538461538461539,57.82715999999999,6.638170378507939,44.07626866165712,Mountain (Isolated),17.966666666666665
2017,Vega Alta Municipio,72143,38589.0,0.0,30865.0,155.0,21.5,39.6,18053.0,24052.99,245.12,16090.0,15.8,50.6,15.2,16.3,22.8,16.2,2.87,94.9,5.4,0.4,3.4,2.43,0.6410256410256411,0.5641025641025641,0.8076923076923077,0.3141025641025641,0.8012820512820513,0.23076923076923078,0.28205128205128205,0.48717948717948717,0.6538461538461539,0.46153846153846156,5.243589743589744,0.5897435897435898,41.72148,4.7893462636503585,41.69582005234652,Other,16.099999999999998
2017,Vega Baja Municipio,72145,54754.0,0.0,44583.0,201.0,16.8,38.4,18900.0,25181.49,245.12,24648.0,16.7,43.8,20.1,17.9,21.5,22.3,3.01,94.0,1.0,0.4,1.4,0.57,0.41025641025641024,0.2564102564102564,0.9743589743589743,0.532051282051282,0.4935897435897436,0.5256410256410257,0.32051282051282054,0.6089743589743589,0.10256410256410256,0.32051282051282054,4.544871794871794,0.34615384615384615,66.66138999999998,7.652280770630362,45.01588925010045,Other,18.96666666666667
2017,Vieques Municipio,72147,8931.0,0.0,7136.0,80.0,12.8,47.0,16261.0,21665.41,245.12,5101.0,23.8,36.8,7.0,20.2,21.1,7.6,1.53,89.4,0.0,1.7,5.0,0.0,0.23717948717948717,0.11538461538461539,0.15384615384615385,0.8397435897435898,0.41025641025641024,0.038461538461538464,0.05128205128205128,0.9615384615384616,0.8974358974358975,0.6538461538461539,4.3589743589743595,0.2692307692307692,36.53776,4.194289951798295,57.11566453924532,Other,17.2
2017,Villalba Municipio,72149,23659.0,0.0,18999.0,100.0,24.8,48.2,19893.0,26504.52,245.12,9097.0,12.4,50.0,8.4,14.9,23.4,23.3,4.32,95.4,3.3,0.1,3.7,0.7,0.782051282051282,0.5384615384615384,0.3076923076923077,0.1282051282051282,0.8974358974358975,0.6666666666666666,0.8333333333333334,0.14102564102564102,0.6730769230769231,0.23076923076923078,5.198717948717949,0.5576923076923077,43.049080000000004,4.941745845343583,38.450483959592546,Other,16.866666666666667
2017,Yabucoa Municipio,72151,35025.0,0.0,28515.0,137.0,25.4,37.1,15586.0,20766.07,245.12,14742.0,18.2,52.4,12.5,17.5,21.2,15.4,5.49,94.8,0.8,0.0,2.6,0.22,0.8076923076923077,0.6794871794871795,0.6858974358974359,0.4807692307692308,0.42948717948717946,0.19230769230769232,0.9487179487179487,0.7307692307692307,0.4935897435897436,0.7692307692307693,6.217948717948718,0.8589743589743589,49.049,5.630496446573478,42.0899357601713,Other,17.03333333333333
2017,Yauco Municipio,72153,37585.0,0.0,30895.0,122.0,24.0,38.3,14451.0,19253.85,245.12,17344.0,18.0,50.4,7.9,19.3,20.7,28.7,2.09,91.0,2.0,0.0,1.6,0.73,0.7564102564102564,0.5512820512820513,0.24358974358974358,0.7435897435897436,0.28846153846153844,0.8974358974358975,0.07692307692307693,0.7115384615384616,0.1794871794871795,0.8589743589743589,5.3076923076923075,0.6410256410256411,99.70379999999999,11.445327970190474,46.1460689104696,Other,22.0
2018,Adjuntas Municipio,72001,18181.0,0.0,14771.0,89.0,38.4,41.7,12902.0,16780.75,251.1,7594.0,17.6,62.5,17.6,17.8,21.5,20.2,3.09,94.8,1.7000000000000002,0.4,1.8,0.42,1.0,0.9743589743589743,0.9615384615384616,0.3717948717948718,0.7243589743589743,0.3974358974358974,0.3333333333333333,0.7628205128205128,0.30128205128205127,0.9871794871794872,6.814102564102564,0.9615384615384616,63.282560000000004,7.264413733410935,41.76887959958198,Mountain (Isolated),18.533333333333335
2018,Aguada Municipio,72003,38643.0,0.0,32149.0,147.0,14.3,42.2,16347.0,21261.43,251.1,17555.0,15.3,51.2,8.7,17.2,19.1,28.0,3.48,95.9,0.7,0.0,2.0,0.22,0.358974358974359,0.6282051282051282,0.41025641025641024,0.32051282051282054,0.10256410256410256,0.8717948717948718,0.4807692307692308,0.4935897435897436,0.4166666666666667,0.7307692307692307,4.814102564102565,0.38461538461538464,73.6848,8.458521163866283,45.42866754651554,Other,20.166666666666668
2018,Aguadilla Municipio,72005,54166.0,0.0,44762.0,139.0,20.4,39.0,16693.0,21711.45,251.1,27241.0,18.5,51.3,14.7,20.1,20.2,22.6,3.4,95.0,9.2,0.2,1.4,3.24,0.6217948717948718,0.6410256410256411,0.8589743589743589,0.7371794871794872,0.38461538461538464,0.5833333333333334,0.4358974358974359,0.8333333333333334,0.19230769230769232,0.6794871794871795,5.967948717948718,0.8076923076923077,84.03810000000001,9.647010610344484,50.29169589779566,Other,20.400000000000002
2018,Aguas Buenas Municipio,72007,26275.0,0.0,21717.0,109.0,18.5,42.8,17255.0,22442.4,251.1,10762.0,19.2,50.5,6.2,18.0,20.7,30.3,2.59,95.9,0.6000000000000001,0.4,1.3,0.74,0.5512820512820513,0.5833333333333334,0.16025641025641027,0.4166666666666667,0.5128205128205128,0.9487179487179487,0.1794871794871795,0.8974358974358975,0.16025641025641027,0.5512820512820513,4.961538461538462,0.4358974358974359,104.71679999999999,12.020786770302056,40.959086584205515,Other,22.5
2018,Aibonito Municipio,72009,23457.0,0.0,19311.0,128.0,5.4,36.3,19720.0,25648.46,251.1,9800.0,14.5,45.9,4.1,18.9,20.0,26.1,4.55,94.3,1.2,0.4,3.6,0.12,0.038461538461538464,0.3782051282051282,0.038461538461538464,0.5897435897435898,0.3269230769230769,0.7948717948717948,0.8076923076923077,0.41025641025641024,0.7628205128205128,0.3333333333333333,4.480769230769231,0.2948717948717949,71.52704999999999,8.210825926295815,41.778573560131306,Other,19.833333333333332
2018,Arecibo Municipio,72013,87242.0,0.0,72712.0,185.0,17.6,38.4,18001.0,23412.67,251.1,41309.0,17.0,48.0,9.1,20.4,19.5,20.4,2.35,94.9,4.4,0.1,1.5,1.39,0.5,0.48717948717948717,0.4807692307692308,0.782051282051282,0.16025641025641027,0.4230769230769231,0.08974358974358974,0.6923076923076923,0.22435897435897437,0.5,4.339743589743589,0.23717948717948717,70.7472,8.121304373280253,47.34990027738933,Other,19.266666666666666
2018,Arroyo Municipio,72015,18111.0,0.0,14587.0,95.0,12.1,28.9,16976.0,22079.53,251.1,8446.0,15.4,58.0,6.1,17.9,22.6,23.4,3.0,95.5,1.3,0.7,4.9,0.1,0.23717948717948717,0.9102564102564102,0.1282051282051282,0.38461538461538464,0.8974358974358975,0.6602564102564102,0.32051282051282054,0.5192307692307693,0.8910256410256411,0.5897435897435898,5.538461538461538,0.6794871794871795,64.50443999999999,7.404677367697854,46.634641930318594,Other,18.9
2018,Añasco Municipio,72011,27368.0,0.0,22936.0,96.0,12.9,43.5,19379.0,25204.94,251.1,12524.0,12.9,43.4,10.5,19.1,19.4,25.3,3.38,97.5,1.7000000000000002,0.1,0.6,0.45,0.2692307692307692,0.2564102564102564,0.6282051282051282,0.6282051282051282,0.1346153846153846,0.7435897435897436,0.4230769230769231,0.1858974358974359,0.038461538461538464,0.3717948717948718,3.6794871794871793,0.1282051282051282,62.33667000000001,7.155831901286949,45.76147325343467,Other,19.1
2018,Barceloneta Municipio,72017,24299.0,0.0,19755.0,119.0,18.4,36.8,16889.0,21966.37,251.1,10094.0,13.7,50.2,5.8,18.2,21.3,20.5,2.36,96.7,0.5,0.2,2.2,0.07,0.532051282051282,0.5576923076923077,0.10256410256410256,0.44871794871794873,0.6858974358974359,0.44871794871794873,0.10256410256410256,0.2948717948717949,0.5064102564102564,0.6153846153846154,4.294871794871796,0.21794871794871795,51.11469999999999,5.867624961113769,41.54080414831886,Other,17.46666666666667
2018,Barranquitas Municipio,72019,28755.0,0.0,22970.0,123.0,13.3,32.9,15970.0,20771.09,251.1,10764.0,15.4,59.0,7.6,14.4,23.2,25.8,4.0,94.3,1.4,0.6,5.0,1.31,0.28205128205128205,0.9230769230769231,0.27564102564102566,0.02564102564102564,0.9743589743589743,0.7692307692307693,0.7435897435897436,0.5192307692307693,0.9102564102564102,0.7692307692307693,6.1923076923076925,0.8461538461538461,57.21408,6.5677929037079394,37.43348982785603,Other,18.533333333333335
2018,Bayamón Municipio,72021,182955.0,0.0,153182.0,241.0,13.7,49.7,26017.0,33838.54,251.1,83260.0,12.9,35.0,10.0,20.3,19.0,26.8,2.57,93.0,7.9,0.4,1.8,3.38,0.3076923076923077,0.08974358974358974,0.5705128205128205,0.7628205128205128,0.08974358974358974,0.8333333333333334,0.16666666666666666,0.1858974358974359,0.30128205128205127,0.08974358974358974,3.3974358974358974,0.10256410256410256,70.18116,8.05632677519225,45.5084583640786,Metro/Coastal (Hubs),20.0
2018,Cabo Rojo Municipio,72023,49005.0,0.0,40766.0,180.0,14.0,34.8,16080.0,20914.16,251.1,29603.0,13.5,53.1,9.1,21.8,19.3,15.6,4.75,96.8,6.7,4.5,3.4,0.31,0.3333333333333333,0.717948717948718,0.4807692307692308,0.9038461538461539,0.11538461538461539,0.1987179487179487,0.8589743589743589,0.27564102564102566,0.7243589743589743,0.7435897435897436,5.352564102564103,0.6089743589743589,45.9108,5.270252120519188,60.408121620242824,Other,16.966666666666665
2018,Caguas Municipio,72025,131363.0,0.0,108527.0,277.0,13.8,49.8,25006.0,32523.6,251.1,57739.0,15.9,37.4,6.1,18.9,20.2,23.8,2.95,94.0,5.8,0.1,2.1,0.84,0.32051282051282054,0.11538461538461539,0.1282051282051282,0.5897435897435898,0.38461538461538464,0.6923076923076923,0.28205128205128205,0.5961538461538461,0.4551282051282051,0.10256410256410256,3.666666666666667,0.11538461538461539,71.52138,8.21017504829928,43.95377693871181,Other,19.533333333333335
2018,Camuy Municipio,72027,32222.0,0.0,26637.0,138.0,16.0,38.4,16831.0,21890.93,251.1,14114.0,11.6,50.2,4.8,18.5,19.8,20.1,2.01,95.0,0.8,0.3,1.5,0.35,0.41025641025641024,0.5576923076923077,0.05128205128205128,0.48717948717948717,0.25,0.38461538461538464,0.0641025641025641,0.07692307692307693,0.22435897435897437,0.6538461538461539,3.1602564102564106,0.0641025641025641,43.1346,4.951562968141416,43.80237105083483,Other,16.733333333333334
2018,Canóvanas Municipio,72029,46108.0,0.0,37095.0,147.0,23.4,50.1,20673.0,26887.96,251.1,17770.0,12.5,43.5,8.8,15.8,22.0,18.5,5.38,95.6,1.8,0.1,5.3,0.25,0.7564102564102564,0.2692307692307692,0.4230769230769231,0.1282051282051282,0.8141025641025641,0.32051282051282054,0.9102564102564102,0.14102564102564102,0.9230769230769231,0.23076923076923078,4.916666666666667,0.4230769230769231,36.5375,4.194260105540958,38.539949683352134,Other,15.6
2018,Carolina Municipio,72031,157453.0,0.0,131031.0,242.0,14.8,54.0,29434.0,38282.8,251.1,77423.0,13.5,29.5,7.4,20.8,19.4,22.6,3.44,92.7,21.5,0.3,1.9,0.47,0.3717948717948718,0.05128205128205128,0.24358974358974358,0.8333333333333334,0.1346153846153846,0.5833333333333334,0.46153846153846156,0.27564102564102566,0.3717948717948718,0.0641025641025641,3.3910256410256414,0.08974358974358974,63.46080000000001,7.284874490748236,49.1721339066261,Metro/Coastal (Hubs),18.96666666666667
2018,Cataño Municipio,72033,24888.0,0.0,20251.0,119.0,25.1,51.6,18253.0,23740.43,251.1,10654.0,26.5,47.4,12.6,18.0,21.4,23.0,3.89,94.3,11.3,0.3,3.7,0.03,0.7948717948717948,0.46153846153846156,0.782051282051282,0.4166666666666667,0.7051282051282052,0.6217948717948718,0.6923076923076923,1.0,0.7884615384615384,0.48717948717948717,6.75,0.9487179487179487,109.71000000000001,12.593972663124148,42.80777884924461,Other,22.5
2018,Cayey Municipio,72035,44530.0,0.0,36828.0,153.0,8.9,42.3,21320.0,27729.47,251.1,20037.0,17.3,43.0,10.1,19.1,19.7,32.1,2.66,96.4,2.9,0.4,1.9,0.29,0.14102564102564102,0.21794871794871795,0.5897435897435898,0.6282051282051282,0.21153846153846154,0.9743589743589743,0.20512820512820512,0.7243589743589743,0.3717948717948718,0.19230769230769232,4.256410256410256,0.20512820512820512,106.06803000000004,12.175898917614003,44.996631484392545,Other,22.833333333333332
2018,Ceiba Municipio,72037,11853.0,0.0,9819.0,70.0,11.9,40.9,19103.0,24845.97,251.1,7441.0,17.6,43.3,5.3,22.0,19.9,9.2,2.98,95.5,2.7,0.5,4.4,0.15,0.21794871794871795,0.24358974358974358,0.0641025641025641,0.9230769230769231,0.28846153846153844,0.07692307692307693,0.3076923076923077,0.7628205128205128,0.8461538461538461,0.41025641025641024,4.141025641025641,0.19230769230769232,35.6224,4.089212759045425,62.77735594364297,Other,16.266666666666666
2018,Ciales Municipio,72039,16912.0,0.0,13856.0,83.0,20.0,30.5,15071.0,19601.82,251.1,7243.0,18.1,55.9,19.9,18.4,21.0,26.4,5.32,95.9,2.0,0.0,2.2,0.1,0.6025641025641025,0.8333333333333334,0.9935897435897436,0.47435897435897434,0.5961538461538461,0.8076923076923077,0.8974358974358975,0.8076923076923077,0.5064102564102564,0.8461538461538461,7.365384615384616,0.9743589743589743,87.92256,10.092920582553026,42.82757805108798,Other,20.966666666666665
2018,Cidra Municipio,72041,40343.0,0.0,32835.0,174.0,16.9,44.9,19949.0,25946.3,251.1,15825.0,15.2,42.6,6.1,16.0,21.0,28.9,4.78,96.9,0.5,0.5,1.9,0.43,0.4358974358974359,0.20512820512820512,0.1282051282051282,0.16666666666666666,0.5961538461538461,0.9038461538461539,0.8717948717948718,0.46794871794871795,0.3717948717948718,0.2692307692307692,4.416666666666667,0.2564102564102564,70.28479999999999,8.068223952539858,39.226135884787944,Other,20.03333333333333
2018,Coamo Municipio,72043,39265.0,0.0,32070.0,151.0,7.4,39.2,19833.0,25795.43,251.1,16305.0,14.4,47.0,6.3,16.5,21.2,24.7,6.36,95.8,2.0999999999999996,0.0,2.4,0.28,0.07692307692307693,0.4230769230769231,0.1794871794871795,0.23076923076923078,0.6474358974358975,0.7051282051282052,0.9871794871794872,0.391025641025641,0.5512820512820513,0.3076923076923077,4.5,0.3076923076923077,58.68720000000001,6.736897206045935,41.52553164395773,Other,18.533333333333335
2018,Comerío Municipio,72045,19539.0,0.0,15911.0,119.0,26.2,40.1,12812.0,16663.69,251.1,7451.0,24.7,60.3,10.2,16.7,21.2,28.9,2.71,91.5,2.8000000000000003,0.0,1.8,0.06,0.8461538461538461,0.9358974358974359,0.6025641025641025,0.2564102564102564,0.6474358974358975,0.9038461538461539,0.23076923076923078,0.9487179487179487,0.30128205128205127,1.0,6.673076923076923,0.9230769230769231,119.20960999999998,13.68446421950315,38.13398843338963,Other,23.433333333333334
2018,Corozal Municipio,72047,34165.0,0.0,27707.0,150.0,30.2,41.0,15088.0,19623.93,251.1,12728.0,14.7,56.3,9.9,16.7,21.9,25.6,3.61,96.0,0.3,1.3,3.1,0.94,0.9743589743589743,0.8461538461538461,0.5512820512820513,0.2564102564102564,0.7884615384615384,0.7564102564102564,0.5641025641025641,0.4358974358974359,0.6602564102564102,0.8333333333333334,6.666666666666667,0.9102564102564102,62.845439999999996,7.214235287230049,37.2545002195229,Other,19.0
2018,Culebra Municipio,72049,1314.0,218.0,1077.0,175.0,0.8,55.1,23802.0,30957.64,251.1,1541.0,25.3,41.9,16.2,21.8,20.2,7.2,3.79,91.0,3.7,1.7,7.6,0.0,0.01282051282051282,0.1794871794871795,0.9166666666666666,0.9038461538461539,0.38461538461538464,0.02564102564102564,0.6153846153846154,0.9743589743589743,1.0,0.1282051282051282,5.1410256410256405,0.5384615384615384,39.71088,4.558542859799503,117.27549467275496,Other,18.099999999999998
2018,Dorado Municipio,72051,37208.0,0.0,30051.0,124.0,22.0,49.8,29667.0,38585.84,251.1,15832.0,11.3,34.2,12.5,16.2,22.7,15.4,3.86,93.6,0.8,0.8,4.2,0.13,0.6730769230769231,0.07692307692307693,0.7692307692307693,0.19230769230769232,0.9230769230769231,0.1794871794871795,0.6794871794871795,0.05128205128205128,0.8333333333333334,0.05128205128205128,4.429487179487179,0.2692307692307692,28.19124,3.2361653987746966,42.549989249623735,Metro/Coastal (Hubs),14.300000000000002
2018,Fajardo Municipio,72053,32001.0,0.0,26123.0,110.0,28.4,52.5,19068.0,24800.45,251.1,18582.0,16.5,44.4,8.5,20.8,20.9,23.4,4.56,94.9,11.0,0.2,3.6,0.61,0.9230769230769231,0.28205128205128205,0.3717948717948718,0.8333333333333334,0.5576923076923077,0.6602564102564102,0.8205128205128205,0.6666666666666666,0.7628205128205128,0.4358974358974359,6.314102564102565,0.8974358974358975,80.3088,9.21891196616812,58.06693540826849,Other,20.233333333333334
2018,Florida Municipio,72054,11910.0,0.0,9737.0,79.0,17.2,40.1,20315.0,26422.34,251.1,4948.0,10.4,52.3,12.3,17.0,21.6,19.3,8.74,97.4,1.2,0.0,2.6,0.13,0.4551282051282051,0.7051282051282052,0.75,0.30128205128205127,0.7564102564102564,0.33974358974358976,1.0,0.02564102564102564,0.5897435897435898,0.2564102564102564,5.17948717948718,0.5512820512820513,34.122400000000006,3.917022812872003,41.544920235096555,Other,15.566666666666665
2018,Guayama Municipio,72057,41706.0,0.0,34133.0,210.0,7.8,30.4,16374.0,21296.55,251.1,18535.0,17.5,51.8,18.2,16.7,21.3,24.9,3.43,95.5,1.6,0.6,1.0,5.45,0.10256410256410256,0.6538461538461539,0.9743589743589743,0.2564102564102564,0.6858974358974359,0.7243589743589743,0.44871794871794873,0.7435897435897436,0.09615384615384616,0.717948717948718,5.403846153846154,0.6282051282051282,72.77024999999999,8.353536953684348,44.442046707907735,Other,19.7
2018,Guayanilla Municipio,72059,19008.0,0.0,15401.0,90.0,22.7,39.3,16922.0,22009.29,251.1,8265.0,13.4,55.6,12.0,19.1,21.6,15.6,4.39,95.3,1.9,0.2,1.8,0.4,0.7051282051282052,0.8205128205128205,0.7307692307692307,0.6282051282051282,0.7564102564102564,0.1987179487179487,0.782051282051282,0.24358974358974358,0.30128205128205127,0.6025641025641025,5.769230769230769,0.7307692307692307,39.926640000000006,4.583310661657088,43.48169191919192,Other,16.033333333333335
2018,Guaynabo Municipio,72061,88663.0,0.0,75021.0,201.0,10.3,52.9,33937.0,44139.54,251.1,39923.0,11.4,26.6,5.5,20.5,17.5,22.8,3.11,94.0,19.299999999999997,0.2,1.3,0.67,0.1858974358974359,0.01282051282051282,0.08333333333333333,0.7948717948717948,0.01282051282051282,0.6025641025641025,0.34615384615384615,0.0641025641025641,0.16025641025641027,0.01282051282051282,2.275641025641025,0.01282051282051282,53.28360000000001,6.116600143950796,45.0278019015824,Metro/Coastal (Hubs),18.23333333333333
2018,Gurabo Municipio,72063,46894.0,0.0,37978.0,227.0,16.4,56.7,33661.0,43780.57,251.1,17323.0,13.3,29.3,9.4,14.7,21.5,23.0,4.67,94.5,2.1,0.0,2.1,0.71,0.4230769230769231,0.038461538461538464,0.5128205128205128,0.05128205128205128,0.7243589743589743,0.6217948717948718,0.8333333333333334,0.21794871794871795,0.4551282051282051,0.02564102564102564,3.903846153846154,0.14102564102564102,44.967299999999994,5.161944644376104,36.940760011941826,Other,17.0
2018,Guánica Municipio,72055,16783.0,0.0,13699.0,83.0,30.1,35.9,13242.0,17222.97,251.1,9340.0,16.4,63.8,10.7,22.2,20.8,34.2,3.62,92.6,1.7999999999999998,0.1,1.8,0.49,0.9615384615384616,0.9871794871794872,0.6602564102564102,0.9358974358974359,0.5384615384615384,1.0,0.5769230769230769,0.6538461538461539,0.30128205128205127,0.9743589743589743,7.589743589743589,0.9871794871794872,124.51535999999999,14.293528757442909,55.651552165882144,Other,24.26666666666667
2018,Hatillo Municipio,72065,40390.0,0.0,33471.0,139.0,7.0,38.9,17201.0,22372.17,251.1,16902.0,12.7,46.5,6.6,18.7,19.7,9.2,0.94,96.4,1.1,0.0,0.8,0.25,0.0641025641025641,0.40384615384615385,0.20512820512820512,0.5448717948717948,0.21153846153846154,0.07692307692307693,0.038461538461538464,0.16666666666666666,0.07051282051282051,0.5641025641025641,2.3461538461538463,0.02564102564102564,21.84908,2.508127939425873,41.84699182966081,Other,13.533333333333331
2018,Hormigueros Municipio,72067,16180.0,0.0,13665.0,63.0,23.1,45.6,19394.0,25224.45,251.1,7658.0,17.3,40.8,8.6,26.1,17.9,29.7,0.85,92.8,4.7,0.0,2.5,0.83,0.7307692307692307,0.14102564102564102,0.391025641025641,1.0,0.02564102564102564,0.9230769230769231,0.02564102564102564,0.7243589743589743,0.5641025641025641,0.358974358974359,4.884615384615384,0.41025641025641024,134.10441000000003,15.394287426345754,47.33003708281829,Other,24.366666666666664
2018,Humacao Municipio,72069,53466.0,0.0,44297.0,199.0,13.6,38.6,19880.0,25856.56,251.1,26675.0,12.2,44.5,9.3,20.0,19.9,10.0,3.83,95.2,9.8,0.2,3.4,0.81,0.2948717948717949,0.2948717948717949,0.5,0.6987179487179487,0.28846153846153844,0.10256410256410256,0.6538461538461539,0.10897435897435898,0.7243589743589743,0.28205128205128205,3.948717948717949,0.16666666666666666,24.4,2.8009564577543444,49.89151984438709,Other,14.066666666666668
2018,Isabela Municipio,72071,42420.0,0.0,35266.0,149.0,18.4,37.5,16748.0,21782.98,251.1,20391.0,13.4,54.9,12.3,18.7,19.7,26.5,2.96,95.1,2.8,0.3,1.2,0.76,0.532051282051282,0.7948717948717948,0.75,0.5448717948717948,0.21153846153846154,0.8205128205128205,0.2948717948717949,0.24358974358974358,0.12179487179487179,0.6666666666666666,4.98076923076923,0.44871794871794873,66.4037,7.622699685810745,48.06930693069307,Other,19.533333333333335
2018,Jayuya Municipio,72073,14906.0,0.0,12001.0,88.0,22.2,35.6,15424.0,20060.95,251.1,6210.0,18.0,60.4,15.1,15.4,22.8,21.7,5.82,94.1,2.4,0.3,0.8,1.74,0.6923076923076923,0.9487179487179487,0.8910256410256411,0.10256410256410256,0.9487179487179487,0.5064102564102564,0.9487179487179487,0.7948717948717948,0.07051282051282051,0.8205128205128205,6.724358974358974,0.9358974358974359,60.1524,6.905092345468134,41.66107607674762,Mountain (Isolated),18.366666666666667
2018,Juana Díaz Municipio,72075,46960.0,0.0,37780.0,142.0,22.0,50.2,20845.0,27111.67,251.1,18696.0,13.1,46.5,8.6,16.3,22.7,20.4,4.79,96.8,1.8,0.0,1.9,1.1,0.6730769230769231,0.40384615384615385,0.391025641025641,0.20512820512820512,0.9230769230769231,0.4230769230769231,0.8846153846153846,0.20512820512820512,0.3717948717948718,0.20512820512820512,4.685897435897435,0.358974358974359,43.56012,5.000409812071893,39.81260647359455,Other,16.6
2018,Juncos Municipio,72077,39128.0,0.0,31845.0,153.0,27.0,48.1,18969.0,24671.69,251.1,15584.0,12.5,50.5,5.5,14.9,22.3,22.0,3.51,98.3,3.3000000000000003,0.0,4.6,0.52,0.8974358974358975,0.5833333333333334,0.08333333333333333,0.0641025641025641,0.8717948717948718,0.5448717948717948,0.5064102564102564,0.14102564102564102,0.8717948717948718,0.44871794871794873,5.012820512820513,0.48717948717948717,40.975,4.703655362970667,39.82825598037211,Other,16.466666666666665
2018,Lajas Municipio,72079,23315.0,0.0,19541.0,130.0,21.2,29.9,13747.0,17879.79,251.1,12249.0,14.0,61.5,10.4,22.7,18.9,21.7,2.93,94.3,2.0,2.6,3.1,0.18,0.6538461538461539,0.9615384615384616,0.6153846153846154,0.9615384615384616,0.07692307692307693,0.5064102564102564,0.2692307692307692,0.3333333333333333,0.6602564102564102,0.9230769230769231,5.961538461538463,0.7948717948717948,68.96260000000001,7.91644425465286,52.53699335191937,Other,19.466666666666665
2018,Lares Municipio,72081,26451.0,0.0,21950.0,88.0,28.5,41.1,14540.0,18911.19,251.1,12234.0,14.3,55.3,16.4,19.2,19.9,17.8,3.53,97.5,1.1,0.6,1.0,0.98,0.9358974358974359,0.8076923076923077,0.9358974358974359,0.6538461538461539,0.28846153846153844,0.2692307692307692,0.5256410256410257,0.3717948717948718,0.09615384615384616,0.8846153846153846,5.769230769230768,0.717948717948718,48.871680000000005,5.610141299069831,46.25155948735398,Mountain (Isolated),17.099999999999998
2018,Las Marías Municipio,72083,8599.0,0.0,6954.0,63.0,3.2,31.9,13435.0,17473.99,251.1,3883.0,15.0,57.1,19.9,18.9,21.2,7.7,3.48,96.9,0.5,0.0,4.9,1.07,0.02564102564102564,0.8717948717948718,0.9935897435897436,0.5897435897435898,0.6474358974358975,0.038461538461538464,0.4807692307692308,0.44871794871794873,0.8910256410256411,0.9358974358974359,5.923076923076923,0.782051282051282,21.8295,2.505880286661822,45.15641353645773,Other,13.866666666666665
2018,Las Piedras Municipio,72085,37768.0,0.0,30899.0,116.0,18.3,41.6,21792.0,28343.37,251.1,15528.0,10.5,43.2,11.9,16.4,21.2,12.2,5.99,97.7,1.2,0.0,4.5,0.14,0.5128205128205128,0.23076923076923078,0.717948717948718,0.21794871794871795,0.6474358974358975,0.15384615384615385,0.9615384615384616,0.038461538461538464,0.8589743589743589,0.16666666666666666,4.506410256410256,0.32051282051282054,21.008399999999998,2.4116235101264905,41.11417072654099,Other,13.033333333333331
2018,Loíza Municipio,72087,26463.0,0.0,21400.0,105.0,27.0,48.0,17402.0,22633.59,251.1,11563.0,23.7,50.8,9.0,15.9,21.9,19.8,3.79,95.3,4.4,0.1,5.7,0.31,0.8974358974358975,0.6025641025641025,0.4551282051282051,0.14743589743589744,0.7884615384615384,0.3717948717948718,0.6153846153846154,0.9358974358974359,0.9487179487179487,0.5384615384615384,6.301282051282051,0.8846153846153846,74.61233999999999,8.564996538982081,43.694970335940745,Other,19.8
2018,Luquillo Municipio,72089,18547.0,0.0,15290.0,84.0,25.2,49.3,20829.0,27090.86,251.1,10476.0,14.0,45.1,9.7,20.1,20.6,25.9,2.39,94.4,15.8,0.0,3.3,0.75,0.8076923076923077,0.32051282051282054,0.532051282051282,0.7371794871794872,0.47435897435897434,0.782051282051282,0.11538461538461539,0.3333333333333333,0.6987179487179487,0.21794871794871795,5.019230769230769,0.5,72.88260000000001,8.366433980652738,56.483528333423195,Other,20.0
2018,Manatí Municipio,72091,39692.0,0.0,32527.0,137.0,17.2,40.8,19459.0,25308.99,251.1,18639.0,18.5,45.8,6.2,19.8,21.0,19.3,3.56,95.9,3.1,0.3,5.9,0.56,0.4551282051282051,0.358974358974359,0.16025641025641027,0.6666666666666666,0.5961538461538461,0.33974358974358976,0.5384615384615384,0.8333333333333334,0.9615384615384616,0.34615384615384615,5.256410256410256,0.5897435897435898,70.69590000000001,8.115415477121122,46.95908495414693,Other,19.2
2018,Maricao Municipio,72093,6202.0,218.0,5130.0,176.0,12.5,29.4,13262.0,17248.98,251.1,2591.0,16.8,64.2,13.5,18.3,19.7,8.4,4.04,97.0,0.7,0.3,6.3,0.24,0.2564102564102564,1.0,0.8333333333333334,0.46153846153846156,0.21153846153846154,0.05128205128205128,0.7564102564102564,0.6794871794871795,0.9743589743589743,0.9615384615384616,6.185897435897436,0.8333333333333334,25.82496,2.9645323148871987,41.77684617865205,Other,14.5
2018,Maunabo Municipio,72095,11023.0,0.0,9142.0,58.0,27.0,33.4,19788.0,25736.9,251.1,5329.0,18.7,48.7,3.1,20.6,19.9,12.1,2.52,96.6,1.7000000000000002,0.0,6.9,0.05,0.8974358974358975,0.5256410256410257,0.02564102564102564,0.8076923076923077,0.28846153846153844,0.14102564102564102,0.15384615384615385,0.8589743589743589,0.9871794871794872,0.32051282051282054,5.006410256410256,0.46794871794871795,46.61162,5.35070155923736,48.34437086092716,Other,17.133333333333336
2018,Mayagüez Municipio,72097,77255.0,0.0,65310.0,171.0,26.8,39.4,14120.0,18364.92,251.1,40916.0,20.8,53.2,9.0,22.4,18.0,27.2,2.69,93.0,16.8,0.1,1.8,1.52,0.8717948717948718,0.7307692307692307,0.4551282051282051,0.9487179487179487,0.038461538461538464,0.8589743589743589,0.21794871794871795,0.9230769230769231,0.30128205128205127,0.9102564102564102,6.256410256410256,0.8717948717948718,126.73024000000001,14.54778213609664,52.96226781438095,Other,23.466666666666665
2018,Moca Municipio,72099,36872.0,0.0,29994.0,141.0,26.5,40.9,14155.0,18410.44,251.1,16030.0,13.9,57.2,10.6,16.1,21.6,21.2,2.89,95.8,1.3,0.5,2.1,0.68,0.8589743589743589,0.8846153846153846,0.6410256410256411,0.1794871794871795,0.7564102564102564,0.48717948717948717,0.24358974358974358,0.3076923076923077,0.4551282051282051,0.8974358974358975,5.711538461538462,0.6923076923076923,47.44348,5.446193511653242,43.4747233673248,Other,17.066666666666666
2018,Morovis Municipio,72101,31320.0,0.0,25338.0,172.0,20.8,42.8,20589.0,26778.71,251.1,11634.0,14.0,45.5,11.1,14.6,22.2,21.9,4.26,96.6,2.7,0.2,1.5,0.19,0.6410256410256411,0.34615384615384615,0.6794871794871795,0.038461538461538464,0.8589743589743589,0.5256410256410257,0.7692307692307693,0.3333333333333333,0.22435897435897437,0.24358974358974358,4.660256410256411,0.34615384615384615,44.7636,5.138561249685753,37.145593869731805,Other,16.833333333333332
2018,Naguabo Municipio,72103,26266.0,0.0,21159.0,111.0,10.3,37.1,19356.0,25175.03,251.1,11582.0,15.6,49.6,6.8,16.8,23.0,9.2,3.74,98.9,4.1,0.0,3.7,0.17,0.1858974358974359,0.5384615384615384,0.21794871794871795,0.28205128205128205,0.9615384615384616,0.07692307692307693,0.5897435897435898,0.5705128205128205,0.7884615384615384,0.38461538461538464,4.596153846153847,0.3333333333333333,24.11136,2.7678225203786804,44.09502779258357,Other,13.866666666666667
2018,Naranjito Municipio,72105,28557.0,0.0,23292.0,129.0,24.1,42.3,19332.0,25143.81,251.1,10455.0,16.0,45.9,7.8,17.5,21.0,30.1,3.97,94.8,0.4,0.3,1.7,0.3,0.782051282051282,0.3782051282051282,0.2948717948717949,0.3525641025641026,0.5961538461538461,0.9358974358974359,0.7307692307692307,0.6282051282051282,0.2564102564102564,0.3974358974358974,5.352564102564103,0.6089743589743589,84.28,9.674779108997384,36.61098854921735,Other,21.2
2018,Orocovis Municipio,72107,21407.0,0.0,17442.0,77.0,34.1,38.4,13319.0,17323.12,251.1,8580.0,18.5,57.5,15.1,15.6,22.1,31.5,3.85,94.9,0.8,0.2,3.0,0.66,0.9871794871794872,0.8974358974358975,0.8910256410256411,0.11538461538461539,0.8397435897435898,0.9615384615384616,0.6666666666666666,0.8333333333333334,0.6410256410256411,0.9487179487179487,7.782051282051283,1.0,90.90899999999999,10.435743877786463,40.08034754986687,Mountain (Isolated),21.866666666666664
2018,Patillas Municipio,72109,17334.0,0.0,14326.0,109.0,19.2,34.9,15761.0,20499.26,251.1,8844.0,18.9,53.3,7.0,20.0,19.5,11.0,3.37,97.7,2.6,0.2,2.6,0.0,0.5769230769230769,0.7435897435897436,0.23076923076923078,0.6987179487179487,0.16025641025641027,0.12179487179487179,0.40384615384615385,0.8782051282051282,0.5897435897435898,0.782051282051282,5.185897435897435,0.5641025641025641,41.57999999999999,4.77310530792728,51.021114572516446,Other,16.633333333333333
2018,Peñuelas Municipio,72111,20984.0,0.0,16637.0,103.0,23.9,40.2,17592.0,22880.71,251.1,8678.0,15.3,56.5,14.9,15.2,23.7,15.7,3.91,96.2,0.2,0.1,3.3,0.09,0.7692307692307693,0.8589743589743589,0.8717948717948718,0.07692307692307693,1.0,0.21794871794871795,0.717948717948718,0.4935897435897436,0.6987179487179487,0.5256410256410257,6.230769230769231,0.8589743589743589,36.511919999999996,4.1913236929922135,41.35531833778116,Other,15.4
2018,Ponce Municipio,72113,143926.0,0.0,117870.0,264.0,14.2,37.8,17173.0,22335.75,251.1,66038.0,20.3,50.9,8.1,20.0,20.9,17.5,3.36,93.1,12.0,0.2,2.1,2.47,0.34615384615384615,0.6153846153846154,0.3333333333333333,0.6987179487179487,0.5576923076923077,0.24358974358974358,0.3782051282051282,0.9102564102564102,0.4551282051282051,0.5769230769230769,5.115384615384615,0.5256410256410257,71.05000000000001,8.156063783747797,45.883301140864056,Other,19.266666666666666
2018,Quebradillas Municipio,72115,24036.0,0.0,19760.0,131.0,11.8,39.0,16630.0,21629.51,251.1,10399.0,14.6,52.0,16.2,18.7,20.6,20.9,0.3,96.9,2.1,0.4,0.7,0.1,0.20512820512820512,0.6730769230769231,0.9166666666666666,0.5448717948717948,0.47435897435897434,0.47435897435897434,0.01282051282051282,0.4230769230769231,0.05128205128205128,0.6923076923076923,4.467948717948717,0.28205128205128205,57.06117999999999,6.550241008527993,43.26427026127476,Other,18.066666666666666
2018,Rincón Municipio,72117,14269.0,0.0,12026.0,91.0,9.9,42.1,21591.0,28081.94,251.1,9453.0,14.4,42.2,2.2,23.2,18.3,27.1,3.2,95.5,11.8,0.3,0.4,0.18,0.16666666666666666,0.19230769230769232,0.01282051282051282,0.9871794871794872,0.05128205128205128,0.8461538461538461,0.358974358974359,0.391025641025641,0.01282051282051282,0.1794871794871795,3.1987179487179485,0.07692307692307693,90.53568000000001,10.392889243982824,66.24851075758637,Other,21.566666666666666
2018,Río Grande Municipio,72119,50550.0,0.0,41955.0,155.0,23.3,51.6,22509.0,29275.92,251.1,22935.0,14.1,38.8,8.4,18.6,20.1,23.7,3.79,95.4,4.8,0.4,3.9,1.54,0.7435897435897436,0.1282051282051282,0.358974358974359,0.5064102564102564,0.3525641025641026,0.6794871794871795,0.6153846153846154,0.358974358974359,0.8076923076923077,0.14102564102564102,4.6923076923076925,0.3717948717948718,62.15561999999999,7.135048574783815,45.37091988130564,Other,18.8
2018,Sabana Grande Municipio,72121,23054.0,0.0,19044.0,105.0,17.4,36.3,16846.0,21910.44,251.1,10839.0,15.6,47.2,8.9,21.4,20.5,32.9,3.51,91.1,1.6,0.4,2.0,0.75,0.47435897435897434,0.44871794871794873,0.4358974358974359,0.8717948717948718,0.4423076923076923,0.9871794871794872,0.5064102564102564,0.5705128205128205,0.4166666666666667,0.6410256410256411,5.794871794871796,0.7435897435897436,109.83335999999998,12.608133564297447,47.01570226424916,Other,23.299999999999997
2018,Salinas Municipio,72123,28633.0,0.0,23065.0,120.0,8.5,37.9,16887.0,21963.77,251.1,13540.0,15.2,53.8,13.1,18.0,22.7,20.6,5.79,96.2,2.7,0.3,2.3,0.35,0.1282051282051282,0.7692307692307693,0.8141025641025641,0.4166666666666667,0.9230769230769231,0.46153846153846156,0.9358974358974359,0.46794871794871795,0.5384615384615384,0.6282051282051282,6.083333333333334,0.8205128205128205,56.3616,6.469933913498658,47.28809415709147,Other,17.933333333333334
2018,San Germán Municipio,72125,32114.0,0.0,26709.0,115.0,7.6,33.5,15619.0,20314.57,251.1,15682.0,18.9,52.2,11.8,23.0,19.6,11.0,3.82,94.5,3.4,0.0,3.2,2.18,0.08974358974358974,0.6923076923076923,0.7051282051282052,0.9743589743589743,0.1794871794871795,0.12179487179487179,0.6410256410256411,0.8782051282051282,0.6794871794871795,0.7948717948717948,5.756410256410256,0.7051282051282052,47.81699999999999,5.489071104116372,48.83228498474186,Other,17.633333333333333
2018,San Juan Municipio,72127,344606.0,0.0,288699.0,373.0,15.4,51.6,22146.0,28803.79,251.1,191471.0,25.8,41.8,11.4,21.1,18.8,19.4,2.47,92.8,28.7,0.1,1.3,2.09,0.3974358974358974,0.16666666666666666,0.6923076923076923,0.8589743589743589,0.0641025641025641,0.358974358974359,0.14102564102564102,0.9871794871794872,0.16025641025641027,0.15384615384615385,3.980769230769231,0.1794871794871795,105.60972,12.123288001460171,55.56229433033667,Metro/Coastal (Hubs),22.099999999999998
2018,San Lorenzo Municipio,72129,37873.0,0.0,31129.0,154.0,9.3,40.2,18821.0,24479.19,251.1,16265.0,17.8,45.0,8.0,17.3,20.0,18.4,3.9,96.4,1.2,0.3,2.8,0.25,0.15384615384615385,0.3076923076923077,0.32051282051282054,0.3333333333333333,0.3269230769230769,0.3076923076923077,0.7051282051282052,0.782051282051282,0.6282051282051282,0.47435897435897434,4.339743589743589,0.23717948717948717,56.66096,6.504298435022976,42.94616217358012,Other,17.833333333333332
2018,San Sebastián Municipio,72131,37964.0,0.0,31318.0,143.0,25.9,37.1,14812.0,19264.96,251.1,17847.0,16.0,54.4,9.7,21.6,20.1,22.0,2.91,97.0,1.8,0.5,1.3,0.53,0.8269230769230769,0.782051282051282,0.532051282051282,0.8846153846153846,0.3525641025641026,0.5448717948717948,0.2564102564102564,0.6282051282051282,0.16025641025641027,0.8717948717948718,5.839743589743589,0.7564102564102564,76.03200000000001,8.727963991638457,47.010325571594144,Other,19.866666666666667
2018,Santa Isabel Municipio,72133,22066.0,0.0,17672.0,116.0,8.4,47.4,17640.0,22943.15,251.1,9282.0,13.4,47.1,13.0,15.3,23.3,23.3,5.63,96.4,2.7,0.4,1.2,0.03,0.11538461538461539,0.4358974358974359,0.7948717948717948,0.08974358974358974,0.9871794871794872,0.6410256410256411,0.9230769230769231,0.24358974358974358,0.12179487179487179,0.5128205128205128,4.865384615384615,0.3974358974358974,47.76966,5.48363678941514,42.06471494607088,Other,17.333333333333332
2018,Toa Alta Municipio,72135,73405.0,0.0,59877.0,177.0,12.1,51.4,28863.0,37540.14,251.1,25976.0,8.0,29.0,6.4,13.0,22.0,16.7,3.36,95.0,2.2,0.8,2.2,0.4,0.23717948717948717,0.02564102564102564,0.19230769230769232,0.01282051282051282,0.8141025641025641,0.23076923076923078,0.3782051282051282,0.01282051282051282,0.5064102564102564,0.07692307692307693,2.4871794871794877,0.038461538461538464,17.368,1.9937299900933383,35.38723520196172,Other,12.566666666666668
2018,Toa Baja Municipio,72137,79726.0,0.0,65614.0,222.0,17.5,52.1,24899.0,32384.43,251.1,34681.0,12.5,36.2,10.0,18.0,20.7,20.4,3.58,93.2,2.6999999999999997,0.3,2.7,0.44,0.48717948717948717,0.10256410256410256,0.5705128205128205,0.4166666666666667,0.5128205128205128,0.4230769230769231,0.5512820512820513,0.14102564102564102,0.6153846153846154,0.11538461538461539,3.9358974358974357,0.15384615384615385,45.9,5.2690123529067385,43.500238316233094,Other,16.966666666666665
2018,Trujillo Alto Municipio,72139,67780.0,0.0,55696.0,157.0,6.7,52.3,31193.0,40570.61,251.1,29351.0,11.7,31.0,8.2,17.5,20.7,17.6,2.64,95.5,12.3,0.3,4.0,1.12,0.05128205128205128,0.0641025641025641,0.34615384615384615,0.3525641025641026,0.5128205128205128,0.2564102564102564,0.19230769230769232,0.08974358974358974,0.8205128205128205,0.038461538461538464,2.724358974358974,0.05128205128205128,36.036,4.136691266870311,43.303334316907645,Other,15.6
2018,Utuado Municipio,72141,29402.0,0.0,24206.0,106.0,29.4,38.3,16533.0,21503.35,251.1,13328.0,16.0,52.0,10.7,20.0,20.5,18.1,3.37,95.5,0.7,0.3,0.5,0.32,0.9487179487179487,0.6730769230769231,0.6602564102564102,0.6987179487179487,0.4423076923076923,0.2948717948717949,0.40384615384615385,0.6282051282051282,0.02564102564102564,0.7051282051282052,5.480769230769231,0.6410256410256411,57.92,6.6488277882431,45.33024964288144,Mountain (Isolated),18.033333333333335
2018,Vega Alta Municipio,72143,37724.0,0.0,30407.0,156.0,20.4,40.5,18895.0,24575.44,251.1,15992.0,15.5,47.7,13.1,17.0,22.1,17.9,2.34,96.3,4.3,0.7,2.6,2.07,0.6217948717948718,0.47435897435897434,0.8141025641025641,0.30128205128205127,0.8397435897435898,0.28205128205128205,0.07692307692307693,0.5448717948717948,0.5897435897435898,0.46153846153846156,5.006410256410256,0.46794871794871795,47.16649999999999,5.414398064125831,42.39211112289259,Other,16.8
2018,Vega Baja Municipio,72145,53371.0,0.0,43815.0,195.0,18.8,40.2,19096.0,24836.87,251.1,24596.0,15.9,45.3,13.7,18.7,20.6,22.5,4.4,94.0,1.3,0.5,1.9,0.58,0.5641025641025641,0.3333333333333333,0.8461538461538461,0.5448717948717948,0.47435897435897434,0.5641025641025641,0.7948717948717948,0.5961538461538461,0.3717948717948718,0.4230769230769231,5.512820512820513,0.6602564102564102,66.89925,7.679585504361571,46.08495250229526,Other,19.033333333333335
2018,Vieques Municipio,72147,8771.0,0.0,7042.0,63.0,14.9,41.5,15539.0,20210.52,251.1,4934.0,25.0,41.3,16.8,20.8,20.4,6.8,1.5,89.2,0.0,0.5,5.5,0.0,0.38461538461538464,0.15384615384615385,0.9487179487179487,0.8333333333333334,0.4230769230769231,0.01282051282051282,0.05128205128205128,0.9615384615384616,0.9358974358974359,0.8076923076923077,5.512820512820513,0.6602564102564102,35.36,4.059090997794821,56.25356287766503,Other,17.533333333333335
2018,Villalba Municipio,72149,22993.0,0.0,18663.0,95.0,22.8,46.1,19855.0,25824.04,251.1,9089.0,12.2,48.2,7.5,15.9,22.5,24.9,4.71,95.7,3.5,0.1,3.5,0.57,0.717948717948718,0.5,0.2564102564102564,0.14743589743589744,0.8846153846153846,0.7243589743589743,0.8461538461538461,0.10897435897435898,0.7435897435897436,0.2948717948717949,5.224358974358974,0.5769230769230769,48.301019999999994,5.544633355947613,39.52942199799939,Other,17.666666666666668
2018,Yabucoa Municipio,72151,34149.0,0.0,28146.0,132.0,25.9,38.7,16013.0,20827.02,251.1,14736.0,17.2,53.5,7.6,18.6,20.3,13.6,6.14,95.4,0.7,0.0,2.2,0.21,0.8269230769230769,0.7564102564102564,0.27564102564102566,0.5064102564102564,0.41025641025641024,0.16666666666666666,0.9743589743589743,0.7051282051282052,0.5064102564102564,0.7564102564102564,5.884615384615384,0.7692307692307693,43.509119999999996,4.994555353901996,43.152068874637614,Other,16.46666666666667
2018,Yauco Municipio,72153,36439.0,0.0,30226.0,114.0,19.9,36.9,14954.0,19449.65,251.1,17427.0,15.5,48.4,7.9,20.3,19.8,28.6,2.42,92.0,1.5,0.1,1.5,0.69,0.5897435897435898,0.5128205128205128,0.3076923076923077,0.7628205128205128,0.25,0.8846153846153846,0.1282051282051282,0.5448717948717948,0.22435897435897437,0.8589743589743589,5.064102564102564,0.5128205128205128,89.9899,10.330237358101137,47.82513241307391,Other,21.46666666666667
2019,Adjuntas Municipio,72001,17891.0,0.0,14696.0,67.0,34.1,39.8,14012.0,17899.88,255.65,7586.0,16.1,62.0,16.4,18.6,20.6,19.4,2.18,94.8,2.2,0.5,1.2,0.42,1.0,0.9615384615384616,0.9871794871794872,0.3717948717948718,0.717948717948718,0.358974358974359,0.1282051282051282,0.6538461538461539,0.1346153846153846,0.9487179487179487,6.262820512820514,0.8846153846153846,58.09524,6.668944165688054,42.40120731093846,Mountain (Isolated),18.033333333333335
2019,Aguada Municipio,72003,37954.0,0.0,31861.0,169.0,11.2,39.8,16738.0,21382.26,255.65,17704.0,13.6,49.6,7.2,18.2,18.3,27.6,3.28,95.6,0.6000000000000001,0.0,1.7,0.22,0.24358974358974358,0.6153846153846154,0.28205128205128205,0.3333333333333333,0.09615384615384616,0.8782051282051282,0.44871794871794873,0.3076923076923077,0.3141025641025641,0.7051282051282052,4.2243589743589745,0.2564102564102564,68.31552,7.842163807739595,46.645939821889655,Other,19.8
2019,Aguadilla Municipio,72005,52803.0,0.0,43916.0,161.0,20.8,39.8,16269.0,20783.13,255.65,27278.0,18.0,51.5,12.1,20.9,19.6,23.5,3.02,95.6,9.6,0.1,1.2,2.84,0.6794871794871795,0.7307692307692307,0.782051282051282,0.7051282051282052,0.4230769230769231,0.6153846153846154,0.34615384615384615,0.8141025641025641,0.1346153846153846,0.7948717948717948,6.0256410256410255,0.8205128205128205,88.407,10.148531047569193,51.65994356381266,Other,20.8
2019,Aguas Buenas Municipio,72007,25748.0,0.0,21441.0,115.0,12.7,42.4,19279.0,24628.31,255.65,10698.0,18.2,46.6,4.6,18.9,19.7,31.7,3.4,95.6,1.0,0.4,1.9,0.74,0.32051282051282054,0.46153846153846156,0.07692307692307693,0.42948717948717946,0.46153846153846156,0.9743589743589743,0.5,0.8525641025641025,0.3717948717948718,0.44871794871794873,4.897435897435898,0.41025641025641024,109.04166,12.517251710707114,41.54885816374087,Other,22.933333333333334
2019,Aibonito Municipio,72009,22988.0,0.0,19053.0,114.0,5.1,38.6,20521.0,26214.92,255.65,9913.0,14.0,43.6,4.2,19.9,19.3,26.8,4.43,95.3,1.2000000000000002,0.3,3.1,0.11,0.038461538461538464,0.26282051282051283,0.05128205128205128,0.6153846153846154,0.3525641025641026,0.8397435897435898,0.7564102564102564,0.391025641025641,0.7307692307692307,0.2564102564102564,4.294871794871795,0.2692307692307692,74.6648,8.571018595366255,43.12249869497129,Other,20.233333333333334
2019,Arecibo Municipio,72013,85390.0,0.0,71757.0,180.0,17.9,39.2,18647.0,23820.95,255.65,41312.0,15.6,47.4,8.4,21.0,18.8,20.8,2.61,95.1,4.300000000000001,0.1,1.6,1.39,0.532051282051282,0.5128205128205128,0.5064102564102564,0.7371794871794872,0.16666666666666666,0.46153846153846156,0.21794871794871795,0.5769230769230769,0.28205128205128205,0.48717948717948717,4.480769230769231,0.3076923076923077,68.1408,7.822107122809313,48.38037240894718,Other,19.133333333333333
2019,Arroyo Municipio,72015,17805.0,0.0,14474.0,109.0,13.8,28.3,17570.0,22445.11,255.65,8364.0,14.3,59.2,7.0,18.7,21.8,23.0,2.64,94.8,1.6,0.5,3.2,0.11,0.358974358974359,0.9358974358974359,0.21794871794871795,0.391025641025641,0.9102564102564102,0.5961538461538461,0.23076923076923078,0.4423076923076923,0.7692307692307693,0.5641025641025641,5.416666666666666,0.6410256410256411,61.5043,7.060281404289366,46.97556866048863,Other,18.666666666666668
2019,Añasco Municipio,72011,26934.0,0.0,22737.0,90.0,10.9,41.6,19919.0,25445.89,255.65,12530.0,12.8,46.0,9.0,19.9,18.6,25.1,3.68,96.6,1.6,0.2,1.0,0.48,0.23076923076923078,0.4166666666666667,0.5769230769230769,0.6153846153846154,0.1346153846153846,0.7371794871794872,0.6025641025641025,0.21153846153846154,0.08974358974358974,0.3076923076923077,3.9230769230769234,0.14743589743589744,63.934720000000006,7.33927733027524,46.52112571471003,Other,19.266666666666666
2019,Barceloneta Municipio,72017,24079.0,0.0,19716.0,110.0,19.8,41.1,17154.0,21913.69,255.65,10042.0,10.5,48.6,7.0,18.9,20.4,17.7,1.92,96.4,0.5,0.0,2.2,0.06,0.6346153846153846,0.5705128205128205,0.21794871794871795,0.42948717948717946,0.6538461538461539,0.28205128205128205,0.08974358974358974,0.02564102564102564,0.5064102564102564,0.6410256410256411,4.051282051282051,0.16666666666666666,35.12564999999999,4.032189188537659,41.704389717180945,Other,15.699999999999998
2019,Barranquitas Municipio,72019,28393.0,0.0,22850.0,114.0,18.1,37.1,17036.0,21762.95,255.65,10753.0,14.0,55.9,6.1,15.1,22.6,24.1,4.92,94.5,1.4,0.7,3.8,1.34,0.5512820512820513,0.8653846153846154,0.14743589743589744,0.02564102564102564,0.9871794871794872,0.6666666666666666,0.8717948717948718,0.391025641025641,0.8717948717948718,0.6666666666666666,6.044871794871795,0.8333333333333334,50.94740000000001,5.848420042450562,37.872010706864366,Other,17.733333333333334
2019,Bayamón Municipio,72021,178192.0,0.0,150390.0,255.0,12.7,49.6,26420.0,33750.71,255.65,83204.0,13.2,34.6,9.7,21.0,18.3,27.3,2.29,93.4,8.3,0.4,1.5,3.32,0.32051282051282054,0.08974358974358974,0.6410256410256411,0.7371794871794872,0.09615384615384616,0.8589743589743589,0.14102564102564102,0.26282051282051283,0.25,0.08974358974358974,3.4871794871794872,0.10256410256410256,75.67560000000002,8.687051660427652,46.693454251593785,Metro/Coastal (Hubs),20.5
2019,Cabo Rojo Municipio,72023,48487.0,0.0,40754.0,185.0,14.8,36.5,16708.0,21343.94,255.65,29578.0,13.6,51.1,9.1,22.5,18.5,15.7,4.78,96.5,5.800000000000001,4.4,3.5,0.3,0.391025641025641,0.7051282051282052,0.6153846153846154,0.8910256410256411,0.11538461538461539,0.20512820512820512,0.8461538461538461,0.3076923076923077,0.8269230769230769,0.7307692307692307,5.634615384615385,0.7051282051282052,48.042,5.514899596042387,61.00191803988698,Other,17.26666666666667
2019,Caguas Municipio,72025,128937.0,0.0,107451.0,225.0,13.2,49.5,25136.0,32110.44,255.65,57542.0,15.9,37.7,7.1,19.6,19.4,23.7,2.88,93.7,5.5,0.1,2.1,0.86,0.34615384615384615,0.1282051282051282,0.2564102564102564,0.5641025641025641,0.38461538461538464,0.6474358974358975,0.28846153846153844,0.6217948717948718,0.47435897435897434,0.10256410256410256,3.814102564102564,0.11538461538461539,73.85868,8.478481422426707,44.627996618503616,Other,19.73333333333333
2019,Camuy Municipio,72027,31598.0,0.0,26341.0,125.0,12.6,38.5,17000.0,21716.96,255.65,14148.0,11.6,50.0,3.6,19.2,19.0,18.5,1.88,94.7,0.8999999999999999,0.3,1.2,0.36,0.2948717948717949,0.6410256410256411,0.038461538461538464,0.46794871794871795,0.22435897435897437,0.3076923076923077,0.07692307692307693,0.1346153846153846,0.1346153846153846,0.6794871794871795,3.0,0.0641025641025641,41.203199999999995,4.729851193448517,44.774985758592315,Other,16.433333333333334
2019,Canóvanas Municipio,72029,45588.0,0.0,37010.0,124.0,23.5,51.6,21267.0,27167.91,255.65,17694.0,12.7,42.1,8.1,16.4,21.1,18.8,4.17,96.3,1.8,0.1,4.3,0.27,0.8269230769230769,0.21794871794871795,0.42948717948717946,0.1282051282051282,0.8076923076923077,0.32051282051282054,0.6923076923076923,0.1858974358974359,0.9038461538461539,0.20512820512820512,4.717948717948719,0.34615384615384615,39.15664,4.494919822621397,38.812845485654115,Other,15.966666666666669
2019,Carolina Municipio,72031,153779.0,0.0,128919.0,238.0,14.8,53.3,29059.0,37121.94,255.65,77009.0,13.0,30.9,7.0,21.7,18.6,22.0,3.36,90.5,21.7,0.3,1.6,0.48,0.391025641025641,0.0641025641025641,0.21794871794871795,0.8461538461538461,0.1346153846153846,0.5384615384615384,0.46794871794871795,0.23717948717948717,0.28205128205128205,0.0641025641025641,3.2435897435897436,0.07692307692307693,62.062,7.124301626276646,50.077708919943554,Metro/Coastal (Hubs),18.900000000000002
2019,Cataño Municipio,72033,24271.0,0.0,19927.0,106.0,21.0,48.7,17448.0,22289.26,255.65,10763.0,26.2,48.6,10.2,19.0,20.4,22.3,3.37,94.7,11.4,0.2,2.5,0.02,0.6923076923076923,0.5705128205128205,0.6538461538461539,0.44871794871794873,0.6538461538461539,0.5512820512820513,0.48717948717948717,1.0,0.6089743589743589,0.5897435897435898,6.2564102564102555,0.8717948717948718,111.0094,12.74313507382931,44.3451032095917,Other,22.5
2019,Cayey Municipio,72035,43785.0,0.0,36546.0,142.0,9.3,40.3,22518.0,28766.02,255.65,20010.0,16.5,40.9,8.2,19.9,19.0,32.5,2.55,96.3,2.8,0.4,1.8,0.32,0.20512820512820512,0.15384615384615385,0.46153846153846156,0.6153846153846154,0.22435897435897437,0.9871794871794872,0.20512820512820512,0.6923076923076923,0.33974358974358976,0.16666666666666666,4.051282051282052,0.1794871794871795,106.71375,12.250023245642733,45.70058239122987,Other,22.96666666666667
2019,Ceiba Municipio,72037,11515.0,0.0,9591.0,63.0,12.7,41.4,18309.0,23389.16,255.65,7404.0,18.0,41.5,6.7,22.8,18.9,9.6,4.64,96.6,3.6,0.5,3.4,0.16,0.32051282051282054,0.1794871794871795,0.1794871794871795,0.9102564102564102,0.19230769230769232,0.05128205128205128,0.7884615384615384,0.8141025641025641,0.7948717948717948,0.5128205128205128,4.743589743589744,0.358974358974359,39.398399999999995,4.522672250212654,64.2987407729049,Other,16.8
2019,Ciales Municipio,72039,16513.0,0.0,13641.0,77.0,19.6,33.8,16867.0,21547.05,255.65,7267.0,16.9,55.1,19.1,19.3,20.1,29.3,4.73,95.2,2.8,0.1,3.5,0.09,0.6089743589743589,0.8333333333333334,1.0,0.5,0.5576923076923077,0.9358974358974359,0.8269230769230769,0.7307692307692307,0.8269230769230769,0.6923076923076923,7.512820512820513,0.9743589743589743,95.56781,10.9705440398746,44.007751468539944,Other,21.833333333333332
2019,Cidra Municipio,72041,39607.0,0.0,32576.0,169.0,15.1,43.3,19726.0,25199.33,255.65,15834.0,14.5,44.7,6.0,16.8,20.3,29.8,4.09,97.0,0.2,0.2,1.1,0.43,0.4166666666666667,0.3076923076923077,0.12179487179487179,0.15384615384615385,0.6153846153846154,0.9487179487179487,0.6794871794871795,0.47435897435897434,0.10256410256410256,0.358974358974359,4.17948717948718,0.23076923076923078,72.5928,8.333166883052032,39.977781705254124,Other,20.366666666666667
2019,Coamo Municipio,72043,38906.0,0.0,32061.0,131.0,6.1,38.5,19692.0,25155.9,255.65,16204.0,14.0,46.0,8.4,17.2,20.3,26.8,5.88,95.9,2.2,0.1,2.2,0.28,0.07692307692307693,0.4166666666666667,0.5064102564102564,0.21794871794871795,0.6153846153846154,0.8397435897435898,0.9487179487179487,0.391025641025641,0.5064102564102564,0.3717948717948718,4.891025641025642,0.3974358974358974,64.5344,7.4081165748894255,41.64910296612347,Other,19.333333333333332
2019,Comerío Municipio,72045,19224.0,0.0,15774.0,104.0,23.8,40.6,13733.0,17543.47,255.65,7328.0,22.1,58.7,6.4,17.5,20.5,26.6,3.59,92.6,2.4,0.0,1.3,0.06,0.8589743589743589,0.9230769230769231,0.16666666666666666,0.27564102564102566,0.6858974358974359,0.8205128205128205,0.5512820512820513,0.9487179487179487,0.1858974358974359,0.9743589743589743,6.391025641025641,0.9358974358974359,102.8755,11.809417871709307,38.11901789429879,Other,22.066666666666666
2019,Corozal Municipio,72047,33500.0,0.0,27368.0,138.0,32.0,42.7,15140.0,19340.87,255.65,12836.0,15.7,56.0,8.1,17.5,21.2,26.1,3.94,95.8,0.3,0.7,2.0,0.99,0.9871794871794872,0.8846153846153846,0.42948717948717946,0.27564102564102566,0.8333333333333334,0.7948717948717948,0.6538461538461539,0.5961538461538461,0.42948717948717946,0.8461538461538461,6.730769230769231,0.9487179487179487,71.70975,8.231798661739738,38.31641791044776,Other,19.766666666666666
2019,Culebra Municipio,72049,1311.0,240.0,1090.0,192.0,3.1,56.0,23333.0,29807.16,255.65,1528.0,24.1,36.0,13.6,23.3,19.5,11.7,1.45,92.7,4.0,1.9,10.4,0.0,0.01282051282051282,0.10256410256410256,0.8846153846153846,0.9423076923076923,0.3974358974358974,0.1346153846153846,0.05128205128205128,0.9743589743589743,1.0,0.1282051282051282,4.628205128205128,0.32051282051282054,65.69901000000002,7.541805997031448,116.55225019069412,Other,19.7
2019,Dorado Municipio,72051,36803.0,0.0,29929.0,205.0,19.1,49.9,30732.0,39259.15,255.65,15847.0,11.5,32.7,11.2,16.9,21.8,16.3,3.63,94.3,1.0,0.7,3.6,0.12,0.5897435897435898,0.07692307692307693,0.717948717948718,0.17307692307692307,0.9102564102564102,0.24358974358974358,0.5705128205128205,0.10897435897435898,0.8589743589743589,0.05128205128205128,4.301282051282051,0.28205128205128205,31.679049999999997,3.6365426095501134,43.058989756269874,Metro/Coastal (Hubs),14.9
2019,Fajardo Municipio,72053,31111.0,0.0,25569.0,118.0,26.2,53.3,19430.0,24821.2,255.65,18437.0,15.0,43.7,7.7,21.5,20.1,22.7,4.53,95.9,10.2,0.1,2.5,0.53,0.9102564102564102,0.28205128205128205,0.34615384615384615,0.8269230769230769,0.5576923076923077,0.5769230769230769,0.7692307692307693,0.5128205128205128,0.6089743589743589,0.4230769230769231,5.814102564102563,0.7435897435897436,73.2075,8.403730322993901,59.2619973642763,Other,19.733333333333334
2019,Florida Municipio,72054,11697.0,0.0,9610.0,87.0,17.9,43.9,20442.0,26114.0,255.65,4963.0,11.0,50.5,12.3,17.6,20.9,20.4,5.78,97.8,1.5,0.0,2.0,0.11,0.532051282051282,0.6666666666666666,0.7948717948717948,0.2948717948717949,0.7628205128205128,0.4358974358974359,0.9102564102564102,0.04487179487179487,0.42948717948717946,0.2692307692307692,5.141025641025641,0.48717948717948717,39.494400000000006,4.533692406767755,42.4296828246559,Other,16.333333333333332
2019,Guayama Municipio,72057,40889.0,0.0,33621.0,183.0,7.8,31.8,17261.0,22050.38,255.65,18264.0,16.6,50.2,15.7,17.4,20.5,25.3,3.52,94.6,1.6,0.8,1.6,5.51,0.15384615384615385,0.6538461538461539,0.967948717948718,0.25,0.6858974358974359,0.7564102564102564,0.5384615384615384,0.7051282051282052,0.28205128205128205,0.6282051282051282,5.621794871794872,0.6923076923076923,73.07652,8.388694696894037,44.66726992589694,Other,19.76666666666667
2019,Guayanilla Municipio,72059,18514.0,0.0,15049.0,84.0,21.7,40.4,17379.0,22201.12,255.65,8233.0,12.7,54.8,9.0,20.0,20.9,13.3,5.12,95.9,1.3,0.3,2.5,0.45,0.7307692307692307,0.8205128205128205,0.5769230769230769,0.6474358974358975,0.7628205128205128,0.1794871794871795,0.8974358974358975,0.1858974358974359,0.6089743589743589,0.6025641025641025,6.012820512820512,0.8076923076923077,33.782000000000004,3.8779471744203806,44.46905044830939,Other,15.333333333333334
2019,Guaynabo Municipio,72061,86937.0,0.0,74026.0,207.0,9.5,53.0,35928.0,45896.87,255.65,40073.0,11.5,25.3,5.5,21.4,16.8,23.6,3.13,94.2,20.0,0.1,1.3,0.71,0.21794871794871795,0.01282051282051282,0.10256410256410256,0.8012820512820513,0.01282051282051282,0.6282051282051282,0.3974358974358974,0.10897435897435898,0.1858974358974359,0.01282051282051282,2.480769230769231,0.02564102564102564,58.079600000000006,6.667148798515954,46.09429816993915,Metro/Coastal (Hubs),18.833333333333332
2019,Gurabo Municipio,72063,46910.0,0.0,38388.0,233.0,16.9,56.6,35018.0,44734.38,255.65,17209.0,13.0,30.7,9.1,15.4,20.6,21.9,4.73,94.8,2.2,0.0,2.4,0.72,0.5,0.05128205128205128,0.6153846153846154,0.05128205128205128,0.717948717948718,0.5192307692307693,0.8269230769230769,0.23717948717948717,0.5576923076923077,0.02564102564102564,4.102564102564102,0.19230769230769232,43.8438,5.032974374692211,36.68514176081859,Other,16.766666666666666
2019,Guánica Municipio,72055,16293.0,0.0,13376.0,79.0,29.6,34.7,12995.0,16600.7,255.65,9358.0,14.4,63.4,11.1,23.1,20.3,37.5,4.03,94.3,1.2,0.1,1.8,0.5,0.9487179487179487,0.9871794871794872,0.7051282051282052,0.9230769230769231,0.6153846153846154,1.0,0.6666666666666666,0.46153846153846156,0.33974358974358976,0.9871794871794872,7.634615384615384,1.0,124.74000000000001,14.319315923781845,57.43570858650955,Other,25.0
2019,Hatillo Municipio,72065,39950.0,0.0,33493.0,129.0,6.7,40.2,17715.0,22630.35,255.65,17113.0,11.0,45.4,4.3,19.5,18.9,11.2,1.12,96.3,1.2000000000000002,0.0,0.9,0.25,0.10256410256410256,0.358974358974359,0.0641025641025641,0.5384615384615384,0.19230769230769232,0.11538461538461539,0.02564102564102564,0.04487179487179487,0.07692307692307693,0.5512820512820513,2.0705128205128203,0.01282051282051282,24.023999999999997,2.7577941779135395,42.8360450563204,Other,13.9
2019,Hormigueros Municipio,72067,15943.0,0.0,13560.0,80.0,22.6,47.0,19030.0,24310.22,255.65,7649.0,17.3,43.6,8.1,27.0,17.1,27.8,1.61,93.4,4.6,0.0,2.7,0.87,0.7948717948717948,0.26282051282051283,0.42948717948717946,1.0,0.02564102564102564,0.8974358974358975,0.0641025641025641,0.7564102564102564,0.6666666666666666,0.46153846153846156,5.3589743589743595,0.5833333333333334,129.8538,14.906345888276276,47.97716866336323,Other,24.03333333333333
2019,Humacao Municipio,72069,52507.0,0.0,43806.0,175.0,11.3,39.1,20434.0,26103.78,255.65,26487.0,13.6,42.9,10.5,21.1,19.1,10.6,3.21,94.6,10.0,0.2,3.5,0.78,0.2564102564102564,0.24358974358974358,0.6666666666666666,0.7628205128205128,0.2692307692307692,0.09615384615384616,0.4230769230769231,0.3076923076923077,0.8269230769230769,0.28205128205128205,4.134615384615384,0.20512820512820512,30.41776,3.4917549714107294,50.44470261108043,Other,15.100000000000001
2019,Isabela Municipio,72071,41707.0,0.0,35001.0,162.0,15.2,35.7,16540.0,21129.32,255.65,20258.0,13.4,55.7,14.4,19.3,18.9,26.5,2.77,94.2,2.5,0.3,1.3,0.78,0.4423076923076923,0.8461538461538461,0.9230769230769231,0.5,0.19230769230769232,0.8076923076923077,0.2564102564102564,0.28205128205128205,0.1858974358974359,0.7435897435897436,5.17948717948718,0.5,68.53430000000002,7.867278285355477,48.57218212770039,Other,19.73333333333333
2019,Jayuya Municipio,72073,14539.0,0.0,11739.0,103.0,15.1,32.3,14808.0,18916.75,255.65,6169.0,17.7,61.0,12.7,16.1,22.2,21.0,4.67,95.3,2.0,0.3,0.7,1.93,0.4166666666666667,0.9487179487179487,0.8397435897435898,0.10256410256410256,0.9551282051282052,0.48717948717948717,0.8076923076923077,0.7948717948717948,0.05128205128205128,0.8974358974358975,6.301282051282052,0.8974358974358975,59.8437,6.869655654545642,42.430703624733475,Mountain (Isolated),18.266666666666666
2019,Juana Díaz Municipio,72075,46152.0,0.0,37503.0,117.0,21.6,49.3,20657.0,26388.66,255.65,18644.0,13.2,46.7,8.3,17.1,21.8,21.2,5.02,97.2,2.1,0.0,1.9,1.03,0.7115384615384616,0.47435897435897434,0.4807692307692308,0.20512820512820512,0.9102564102564102,0.5,0.8846153846153846,0.26282051282051283,0.3717948717948718,0.24358974358974358,5.044871794871795,0.47435897435897434,47.85264000000001,5.493162337237455,40.39694921130179,Other,17.166666666666668
2019,Juncos Municipio,72077,38780.0,0.0,31801.0,166.0,23.5,49.3,19605.0,25044.76,255.65,15608.0,11.4,47.4,8.1,15.6,21.5,20.9,3.81,91.0,3.3,0.5,2.9,0.54,0.8269230769230769,0.5128205128205128,0.42948717948717946,0.0641025641025641,0.8717948717948718,0.47435897435897434,0.6282051282051282,0.08333333333333333,0.6987179487179487,0.3974358974358974,4.987179487179488,0.4358974358974359,37.16856,4.266701563829091,40.247550283651364,Other,15.966666666666667
2019,Lajas Municipio,72079,22835.0,0.0,19293.0,130.0,22.9,32.8,13992.0,17874.33,255.65,12244.0,16.4,63.2,14.8,23.5,18.1,24.3,3.63,94.3,1.9,2.7,1.9,0.2,0.8076923076923077,0.9743589743589743,0.9423076923076923,0.9615384615384616,0.07051282051282051,0.6794871794871795,0.5705128205128205,0.6794871794871795,0.3717948717948718,0.9615384615384616,7.01923076923077,0.9615384615384616,93.6522,10.750644851348419,53.61944383621633,Other,21.399999999999995
2019,Lares Municipio,72081,25696.0,0.0,21470.0,95.0,19.6,38.3,16532.0,21119.1,255.65,12314.0,15.0,55.9,14.2,20.0,19.2,17.3,2.06,97.6,1.2,0.5,1.4,1.02,0.6089743589743589,0.8653846153846154,0.9038461538461539,0.6474358974358975,0.3141025641025641,0.2564102564102564,0.10256410256410256,0.5128205128205128,0.22435897435897437,0.7564102564102564,5.1923076923076925,0.5128205128205128,51.9,5.95777213760043,47.92185554171856,Mountain (Isolated),17.433333333333334
2019,Las Marías Municipio,72083,8370.0,0.0,6812.0,60.0,4.9,33.5,14135.0,18057.01,255.65,3895.0,15.5,50.6,11.7,19.8,20.6,7.9,2.81,99.1,0.5,0.1,4.0,1.16,0.02564102564102564,0.6794871794871795,0.7564102564102564,0.5833333333333334,0.717948717948718,0.038461538461538464,0.2692307692307692,0.5641025641025641,0.8846153846153846,0.9358974358974359,5.455128205128206,0.6538461538461539,24.2451,2.783174975979503,46.5352449223417,Other,14.4
2019,Las Piedras Municipio,72085,37499.0,0.0,30945.0,144.0,14.5,40.5,21667.0,27678.9,255.65,15327.0,11.2,41.9,7.1,17.3,20.4,10.1,5.96,97.5,0.9,0.2,4.6,0.16,0.3717948717948718,0.20512820512820512,0.2564102564102564,0.23076923076923078,0.6538461538461539,0.0641025641025641,0.9615384615384616,0.0641025641025641,0.9230769230769231,0.19230769230769232,3.9230769230769234,0.14743589743589744,19.569759999999995,2.246477280684535,40.87308994906531,Other,12.866666666666665
2019,Loíza Municipio,72087,25778.0,0.0,21051.0,87.0,24.8,49.0,17852.0,22805.36,255.65,11470.0,23.0,48.2,6.0,17.0,21.0,19.0,2.88,95.1,4.9,0.1,5.2,0.32,0.8846153846153846,0.5512820512820513,0.12179487179487179,0.19230769230769232,0.7884615384615384,0.3333333333333333,0.28846153846153844,0.9615384615384616,0.9487179487179487,0.5384615384615384,5.608974358974359,0.6794871794871795,74.29,8.527994067482389,44.49530607494763,Other,19.666666666666668
2019,Luquillo Municipio,72089,18224.0,0.0,15216.0,68.0,25.2,48.5,21850.0,27912.68,255.65,10469.0,14.0,42.6,10.8,20.9,19.6,25.4,2.39,94.5,15.3,0.0,2.4,0.83,0.8974358974358975,0.23076923076923078,0.6923076923076923,0.7051282051282052,0.4230769230769231,0.7692307692307693,0.16666666666666666,0.391025641025641,0.5576923076923077,0.1794871794871795,5.012820512820513,0.46153846153846156,74.32039999999999,8.531483783724836,57.446224758560135,Other,20.099999999999998
2019,Manatí Municipio,72091,38836.0,0.0,32075.0,151.0,18.4,40.6,18502.0,23635.71,255.65,18560.0,19.1,47.0,8.5,20.8,20.1,19.7,3.2,96.4,2.6999999999999997,0.3,5.5,0.58,0.5641025641025641,0.48717948717948717,0.532051282051282,0.6730769230769231,0.5576923076923077,0.3782051282051282,0.41025641025641024,0.8974358974358975,0.9615384615384616,0.5,5.961538461538462,0.7948717948717948,78.26416,8.984200998472101,47.790709650839425,Other,19.866666666666667
2019,Maricao Municipio,72093,6075.0,240.0,5100.0,193.0,9.1,25.9,12441.0,15892.98,255.65,2592.0,15.9,64.5,12.4,19.2,19.1,7.7,4.33,96.9,0.8,0.3,5.9,0.23,0.19230769230769232,1.0,0.8076923076923077,0.46794871794871795,0.2692307692307692,0.02564102564102564,0.7435897435897436,0.6217948717948718,0.9871794871794872,1.0,6.115384615384615,0.8589743589743589,23.50656,2.698395534081556,42.66666666666667,Other,14.266666666666666
2019,Maunabo Municipio,72095,10776.0,0.0,9017.0,47.0,26.9,31.8,20844.0,26627.54,255.65,5209.0,17.5,45.4,0.0,21.5,19.2,12.8,4.64,98.0,0.7,0.0,5.7,0.06,0.9358974358974359,0.358974358974359,0.01282051282051282,0.8269230769230769,0.3141025641025641,0.15384615384615385,0.7884615384615384,0.782051282051282,0.9743589743589743,0.23076923076923078,5.378205128205129,0.6025641025641025,48.16,5.528445205141362,48.33890126206384,Other,17.266666666666666
2019,Mayagüez Municipio,72097,75232.0,0.0,63917.0,196.0,26.5,39.0,14236.0,18186.03,255.65,40869.0,21.3,53.9,7.3,23.3,17.6,25.9,2.16,92.9,17.5,0.1,1.7,1.5,0.9230769230769231,0.782051282051282,0.2948717948717949,0.9423076923076923,0.05128205128205128,0.782051282051282,0.11538461538461539,0.9358974358974359,0.3141025641025641,0.9230769230769231,6.064102564102564,0.8461538461538461,128.53911,14.755428288053116,54.323957890259464,Other,23.5
2019,Moca Municipio,72099,36161.0,0.0,29739.0,152.0,24.4,42.7,15037.0,19209.29,255.65,16165.0,11.9,54.2,4.8,16.9,20.7,20.0,2.89,96.3,1.3,0.4,2.0,0.67,0.8717948717948718,0.8076923076923077,0.08974358974358974,0.17307692307692307,0.7435897435897436,0.4230769230769231,0.3076923076923077,0.16666666666666666,0.42948717948717946,0.8717948717948718,4.884615384615385,0.3782051282051282,40.222,4.617216009991608,44.702856668786815,Other,16.266666666666666
2019,Morovis Municipio,72101,30962.0,0.0,25278.0,173.0,21.8,44.3,20941.0,26751.46,255.65,11673.0,14.1,44.9,9.0,15.3,21.2,25.1,5.98,96.8,2.7,0.2,1.2,0.2,0.7435897435897436,0.32051282051282054,0.5769230769230769,0.038461538461538464,0.8333333333333334,0.7371794871794872,0.9743589743589743,0.4230769230769231,0.1346153846153846,0.21794871794871795,5.000000000000001,0.44871794871794873,54.14823,6.21585387272408,37.7010529035592,Other,18.166666666666668
2019,Naguabo Municipio,72103,26075.0,0.0,21145.0,145.0,15.2,39.7,19432.0,24823.76,255.65,11418.0,14.3,47.4,6.1,17.4,22.3,10.6,4.27,97.9,3.7,0.0,4.3,0.18,0.4423076923076923,0.5128205128205128,0.14743589743589744,0.25,0.9743589743589743,0.09615384615384616,0.7051282051282052,0.4423076923076923,0.9038461538461539,0.41025641025641024,4.884615384615385,0.3782051282051282,26.37492,3.0276640367522223,43.78906999041227,Other,14.1
2019,Naranjito Municipio,72105,28112.0,0.0,23217.0,130.0,23.6,40.7,18883.0,24122.43,255.65,10361.0,18.2,46.4,8.5,18.4,20.2,28.8,3.06,94.0,0.4,0.2,2.0,0.29,0.8461538461538461,0.4358974358974359,0.532051282051282,0.358974358974359,0.5897435897435898,0.9102564102564102,0.3782051282051282,0.8525641025641025,0.42948717948717946,0.47435897435897434,5.8076923076923075,0.7307692307692307,96.44543999999999,11.07129008151472,36.8561468412066,Other,21.8
2019,Orocovis Municipio,72107,20982.0,0.0,17164.0,70.0,31.6,40.4,15099.0,19288.49,255.65,8817.0,17.3,56.2,14.2,16.3,21.2,27.6,4.28,95.5,0.6000000000000001,0.1,2.5,0.7,0.9743589743589743,0.8974358974358975,0.9038461538461539,0.11538461538461539,0.8333333333333334,0.8782051282051282,0.717948717948718,0.7564102564102564,0.6089743589743589,0.8589743589743589,7.544871794871794,0.9871794871794872,77.82924000000001,8.934275097545607,42.02173291392622,Mountain (Isolated),20.400000000000002
2019,Patillas Municipio,72109,16929.0,0.0,14061.0,110.0,18.6,35.9,16007.0,20448.43,255.65,8744.0,18.9,54.0,6.8,21.1,18.7,11.7,2.93,97.9,3.0,0.3,3.2,0.0,0.5769230769230769,0.7948717948717948,0.19230769230769232,0.7628205128205128,0.15384615384615385,0.1346153846153846,0.32051282051282054,0.8846153846153846,0.7692307692307693,0.8076923076923077,5.397435897435897,0.6153846153846154,46.658429999999996,5.356075033490945,51.65101305452182,Other,17.23333333333333
2019,Peñuelas Municipio,72111,20383.0,0.0,16277.0,111.0,22.0,40.5,16718.0,21356.71,255.65,8705.0,16.1,57.4,13.2,16.0,22.9,16.1,3.47,96.8,0.3,0.1,2.4,0.08,0.7756410256410257,0.9102564102564102,0.8717948717948718,0.08974358974358974,1.0,0.23076923076923078,0.5128205128205128,0.6538461538461539,0.5576923076923077,0.717948717948718,6.32051282051282,0.9102564102564102,41.473600000000005,4.760891301078713,42.70715792572241,Other,16.066666666666666
2019,Ponce Municipio,72113,139671.0,0.0,115319.0,227.0,12.4,37.4,17069.0,21805.1,255.65,65901.0,20.0,51.4,9.1,20.9,20.1,19.2,3.36,92.9,11.7,0.2,2.2,2.55,0.28205128205128205,0.717948717948718,0.6153846153846154,0.7051282051282052,0.5576923076923077,0.34615384615384615,0.46794871794871795,0.9230769230769231,0.5064102564102564,0.6538461538461539,5.775641025641026,0.717948717948718,80.256,9.212850880062815,47.18302296110144,Other,20.03333333333333
2019,Quebradillas Municipio,72115,23629.0,0.0,19645.0,116.0,8.0,38.5,17473.0,22321.2,255.65,10392.0,15.7,49.3,14.8,19.5,19.7,17.5,0.75,96.0,2.4,0.3,0.6,0.09,0.17307692307692307,0.6025641025641025,0.9423076923076923,0.5384615384615384,0.46153846153846156,0.2692307692307692,0.01282051282051282,0.5961538461538461,0.038461538461538464,0.5769230769230769,4.211538461538462,0.24358974358974358,53.57625,6.15019440244923,43.97985526260104,Other,17.566666666666666
2019,Rincón Municipio,72117,14056.0,0.0,11883.0,68.0,7.3,42.3,19907.0,25430.56,255.65,9404.0,16.7,41.8,1.8,24.0,17.5,24.6,2.95,95.8,12.3,0.5,0.3,0.18,0.1282051282051282,0.19230769230769232,0.02564102564102564,0.9871794871794872,0.038461538461538464,0.7051282051282052,0.3333333333333333,0.717948717948718,0.01282051282051282,0.32051282051282054,3.461538461538462,0.08974358974358974,98.5968,11.318251789914491,66.90381331815594,Other,21.766666666666666
2019,Río Grande Municipio,72119,49613.0,0.0,41508.0,160.0,22.0,52.2,22669.0,28958.92,255.65,22868.0,13.8,39.4,7.8,19.3,19.3,23.7,3.49,95.6,5.3,0.4,3.5,1.34,0.7756410256410257,0.14102564102564102,0.3717948717948718,0.5,0.3525641025641026,0.6474358974358975,0.5256410256410257,0.34615384615384615,0.8269230769230769,0.15384615384615385,4.641025641025641,0.3333333333333333,63.122580000000006,7.246049101685053,46.092757946505955,Other,18.933333333333334
2019,Sabana Grande Municipio,72121,22560.0,0.0,18760.0,108.0,16.8,41.1,17319.0,22124.47,255.65,10842.0,13.9,46.5,7.7,22.1,19.7,31.6,3.65,90.6,1.5,0.4,2.0,0.78,0.48717948717948717,0.44871794871794873,0.34615384615384615,0.8717948717948718,0.46153846153846156,0.9615384615384616,0.5897435897435898,0.358974358974359,0.42948717948717946,0.6153846153846154,5.570512820512821,0.6666666666666666,97.07204000000003,11.143219561696235,48.058510638297875,Other,22.533333333333335
2019,Salinas Municipio,72123,28109.0,0.0,22817.0,119.0,5.3,37.0,18189.0,23235.87,255.65,13301.0,15.0,49.9,12.5,18.7,22.0,22.6,5.82,96.6,2.6,0.1,2.4,0.3,0.05128205128205128,0.6282051282051282,0.8205128205128205,0.391025641025641,0.9358974358974359,0.5641025641025641,0.9230769230769231,0.5128205128205128,0.5576923076923077,0.5256410256410257,5.91025641025641,0.782051282051282,63.393,7.277091505181196,47.319363904799175,Other,18.766666666666666
2019,San Germán Municipio,72125,31442.0,0.0,26361.0,105.0,6.6,31.5,16486.0,21060.34,255.65,15696.0,18.4,50.7,11.4,23.8,19.1,10.4,3.79,94.8,3.0999999999999996,0.0,3.1,2.25,0.08974358974358974,0.6923076923076923,0.7371794871794872,0.9743589743589743,0.2692307692307692,0.07692307692307693,0.6153846153846154,0.8717948717948718,0.7307692307692307,0.7692307692307693,5.826923076923077,0.7564102564102564,45.54368,5.22810920515973,49.92048851854208,Other,17.533333333333335
2019,San Juan Municipio,72127,335468.0,0.0,283102.0,427.0,15.8,51.7,22710.0,29011.3,255.65,191126.0,24.9,41.0,11.4,21.9,18.1,19.7,2.42,92.5,29.0,0.1,1.3,2.2,0.46153846153846156,0.16666666666666666,0.7371794871794872,0.8589743589743589,0.07051282051282051,0.3782051282051282,0.1794871794871795,0.9871794871794872,0.1858974358974359,0.14102564102564102,4.166666666666667,0.21794871794871795,107.42606999999998,12.331792807281566,56.97294525856415,Metro/Coastal (Hubs),22.166666666666668
2019,San Lorenzo Municipio,72129,37209.0,0.0,30928.0,183.0,8.0,38.8,19380.0,24757.33,255.65,16202.0,18.1,43.9,7.7,18.1,19.1,15.9,4.31,96.0,1.4,0.0,3.1,0.25,0.17307692307692307,0.2948717948717949,0.34615384615384615,0.32051282051282054,0.2692307692307692,0.21794871794871795,0.7307692307692307,0.8333333333333334,0.7307692307692307,0.4358974358974359,4.352564102564103,0.2948717948717949,52.08999000000001,5.979581716182756,43.543228788733906,Other,17.366666666666667
2019,San Sebastián Municipio,72131,37120.0,0.0,30881.0,136.0,20.0,36.8,15331.0,19584.86,255.65,18010.0,15.1,53.5,7.9,22.5,19.3,23.0,2.73,96.0,2.0,0.5,0.8,0.54,0.6538461538461539,0.7692307692307693,0.38461538461538464,0.8910256410256411,0.3525641025641026,0.5961538461538461,0.24358974358974358,0.5384615384615384,0.0641025641025641,0.8333333333333334,5.326923076923077,0.5512820512820513,78.1425,8.970235245904462,48.518318965517246,Other,20.2
2019,Santa Isabel Municipio,72133,21757.0,0.0,17658.0,99.0,7.1,48.7,19827.0,25328.36,255.65,9194.0,12.8,45.4,15.7,15.8,22.2,24.5,6.19,96.5,2.0,0.6,1.4,0.02,0.11538461538461539,0.358974358974359,0.967948717948718,0.07692307692307693,0.9551282051282052,0.6923076923076923,0.9935897435897436,0.21153846153846154,0.22435897435897437,0.34615384615384615,4.9423076923076925,0.4230769230769231,49.54880000000001,5.6878701366384625,42.25766420002758,Other,17.7
2019,Toa Alta Municipio,72135,72864.0,0.0,60157.0,177.0,11.5,51.8,28834.0,36834.51,255.65,26205.0,7.3,29.4,7.4,13.6,21.0,14.9,3.06,95.0,2.2,0.6,2.0,0.41,0.2692307692307692,0.02564102564102564,0.3076923076923077,0.01282051282051282,0.7884615384615384,0.19230769230769232,0.3782051282051282,0.01282051282051282,0.42948717948717946,0.07692307692307693,2.4935897435897436,0.038461538461538464,14.792719999999997,1.69810510703901,35.96426218708827,Other,11.933333333333332
2019,Toa Baja Municipio,72137,77810.0,0.0,64602.0,202.0,15.9,51.0,25105.0,32070.83,255.65,34692.0,11.6,36.5,8.8,18.8,19.8,19.8,3.26,93.2,2.6999999999999997,0.6,2.8,0.46,0.47435897435897434,0.11538461538461539,0.5512820512820513,0.41025641025641024,0.5,0.40384615384615385,0.4358974358974359,0.1346153846153846,0.6794871794871795,0.11538461538461539,3.82051282051282,0.1282051282051282,43.17984,4.956756216918007,44.58552885233261,Other,16.733333333333334
2019,Trujillo Alto Municipio,72139,66338.0,0.0,55076.0,138.0,5.4,52.4,32545.0,41575.2,255.65,29335.0,11.8,29.5,8.0,18.3,19.9,18.4,3.05,95.5,11.6,0.3,3.2,1.14,0.0641025641025641,0.038461538461538464,0.3974358974358974,0.34615384615384615,0.5256410256410257,0.2948717948717949,0.358974358974359,0.15384615384615385,0.7692307692307693,0.038461538461538464,2.987179487179487,0.05128205128205128,39.73296,4.561077495807175,44.22050710000301,Other,16.166666666666668
2019,Utuado Municipio,72141,28676.0,0.0,23794.0,88.0,31.0,37.9,15399.0,19671.73,255.65,13240.0,17.3,52.6,12.7,20.8,19.8,19.8,3.91,94.8,0.7,0.5,0.4,0.33,0.9615384615384616,0.7435897435897436,0.8397435897435898,0.6730769230769231,0.5,0.40384615384615385,0.6410256410256411,0.7564102564102564,0.02564102564102564,0.8205128205128205,6.365384615384616,0.9230769230769231,71.24832,8.178829590497871,46.17101408843632,Mountain (Isolated),19.3
2019,Vega Alta Municipio,72143,37106.0,0.0,30291.0,99.0,21.6,43.0,20048.0,25610.68,255.65,15935.0,15.3,45.9,12.9,17.7,21.3,20.7,2.5,96.1,3.9,0.7,2.6,1.86,0.7115384615384616,0.391025641025641,0.8589743589743589,0.3076923076923077,0.8589743589743589,0.44871794871794873,0.19230769230769232,0.5512820512820513,0.6474358974358975,0.2948717948717949,5.262820512820514,0.5384615384615384,56.057669999999995,6.4350447866049985,42.94453727160028,Other,17.900000000000002
2019,Vega Baja Municipio,72145,52192.0,0.0,43310.0,174.0,17.4,41.7,19617.0,25060.09,255.65,24612.0,14.7,45.2,12.0,19.5,19.8,21.9,4.8,94.4,1.3,0.4,2.2,0.6,0.5128205128205128,0.3333333333333333,0.7692307692307693,0.5384615384615384,0.5,0.5192307692307693,0.8589743589743589,0.48717948717948717,0.5064102564102564,0.38461538461538464,5.410256410256411,0.6282051282051282,62.77634999999999,7.206304218309301,47.156652360515025,Other,18.7
2019,Vieques Municipio,72147,8642.0,0.0,6984.0,62.0,7.5,38.2,14936.0,19080.26,255.65,4908.0,19.9,45.9,10.7,21.4,19.6,6.7,1.15,88.7,0.0,0.3,4.9,0.0,0.14102564102564102,0.391025641025641,0.6794871794871795,0.8012820512820513,0.4230769230769231,0.01282051282051282,0.038461538461538464,0.9102564102564102,0.9358974358974359,0.8846153846153846,5.217948717948717,0.5256410256410257,28.532619999999998,3.2753535346578184,56.79240916454524,Other,16.0
2019,Villalba Municipio,72149,22403.0,0.0,18325.0,90.0,21.9,46.1,19877.0,25392.23,255.65,9270.0,11.4,47.8,7.1,16.7,21.7,24.8,5.84,95.3,3.5,0.0,2.9,0.52,0.7564102564102564,0.5384615384615384,0.2564102564102564,0.14102564102564102,0.8846153846153846,0.717948717948718,0.9358974358974359,0.08333333333333333,0.6987179487179487,0.3333333333333333,5.346153846153846,0.5641025641025641,47.21424,5.419878296146044,41.378386823193324,Other,17.633333333333333
2019,Yabucoa Municipio,72151,33499.0,0.0,27816.0,170.0,19.8,38.7,16295.0,20816.34,255.65,14509.0,16.1,53.1,7.5,19.8,19.3,13.0,6.19,96.1,0.7,0.1,2.6,0.24,0.6346153846153846,0.7564102564102564,0.32051282051282054,0.5833333333333334,0.3525641025641026,0.16666666666666666,0.9935897435897436,0.6538461538461539,0.6474358974358975,0.782051282051282,5.891025641025641,0.7692307692307693,41.44140000000001,4.757194956900858,43.31174064897459,Other,16.3
2019,Yauco Municipio,72153,35428.0,0.0,29620.0,98.0,20.2,36.1,14743.0,18833.71,255.65,17521.0,13.7,49.0,8.3,21.3,19.1,29.1,2.34,91.9,1.2999999999999998,0.1,1.5,0.65,0.6666666666666666,0.5897435897435898,0.4807692307692308,0.782051282051282,0.2692307692307692,0.9230769230769231,0.15384615384615385,0.3333333333333333,0.25,0.9102564102564102,5.3589743589743595,0.5833333333333334,84.91671,9.747869149416104,49.45523314892176,Other,21.36666666666667
2020,Adjuntas Municipio,72001,17614.0,0.0,14565.0,88.0,29.8,37.5,14253.0,17982.44,258.86,7587.0,15.9,64.8,14.8,19.5,19.9,17.7,1.74,96.1,2.3,0.0,0.9,0.41,0.9743589743589743,0.9871794871794872,0.9230769230769231,0.38461538461538464,0.7243589743589743,0.2948717948717949,0.08974358974358974,0.7051282051282052,0.08974358974358974,0.9743589743589743,6.147435897435898,0.8589743589743589,54.87885,6.29972415170623,43.07369138185535,Mountain (Isolated),17.7
2020,Aguada Municipio,72003,37307.0,0.0,31610.0,174.0,7.7,37.6,16802.0,21198.41,258.86,17674.0,13.2,48.4,7.0,19.2,17.5,28.4,3.38,96.1,0.6000000000000001,0.0,0.9,0.24,0.1794871794871795,0.5641025641025641,0.3717948717948718,0.33974358974358976,0.08333333333333333,0.8974358974358975,0.4230769230769231,0.34615384615384615,0.08974358974358974,0.782051282051282,4.0769230769230775,0.20512820512820512,71.97696,8.262472578751073,47.37448736162114,Other,20.266666666666666
2020,Aguadilla Municipio,72005,51552.0,0.0,43260.0,158.0,17.4,38.7,16065.0,20268.57,258.86,27323.0,18.0,51.3,10.8,21.7,18.8,23.3,3.49,95.7,10.3,0.1,1.0,2.33,0.5512820512820513,0.7307692307692307,0.7307692307692307,0.6923076923076923,0.41025641025641024,0.6089743589743589,0.46153846153846156,0.8717948717948718,0.1346153846153846,0.8205128205128205,6.012820512820514,0.7948717948717948,91.0098,10.447315042169318,53.00085350713842,Other,21.0
2020,Aguas Buenas Municipio,72007,25298.0,0.0,21273.0,112.0,9.7,43.1,20190.0,25472.92,258.86,10626.0,16.7,44.8,4.1,19.8,18.9,31.2,3.93,95.8,1.2,0.4,2.4,0.78,0.2692307692307692,0.3525641025641026,0.07692307692307693,0.4358974358974359,0.4358974358974359,0.9487179487179487,0.6025641025641025,0.7756410256410257,0.5961538461538461,0.3333333333333333,4.826923076923077,0.391025641025641,103.16591999999999,11.842756141154428,42.00332042058661,Other,22.566666666666666
2020,Aibonito Municipio,72009,22545.0,0.0,18889.0,97.0,6.0,39.6,20631.0,26029.31,258.86,10004.0,14.1,44.8,3.7,20.9,18.5,28.5,5.13,95.3,0.9,0.0,3.0,0.13,0.0641025641025641,0.3525641025641026,0.05128205128205128,0.6410256410256411,0.34615384615384615,0.9102564102564102,0.8717948717948718,0.5128205128205128,0.7692307692307693,0.28205128205128205,4.801282051282051,0.3717948717948718,83.98664999999998,9.641104495190733,44.37347527167886,Other,21.166666666666668
2020,Arecibo Municipio,72013,83682.0,0.0,70838.0,178.0,17.7,40.1,19266.0,24307.15,258.86,41200.0,14.6,47.0,6.5,21.7,18.2,19.9,2.96,95.3,4.6,0.1,1.6,1.32,0.5769230769230769,0.5256410256410257,0.25,0.6923076923076923,0.24358974358974358,0.3782051282051282,0.2564102564102564,0.5897435897435898,0.3974358974358974,0.44871794871794873,4.358974358974359,0.2948717948717949,63.04717999999998,7.2373936870573985,49.23400492340049,Other,18.73333333333333
2020,Arroyo Municipio,72015,17502.0,0.0,14346.0,111.0,12.9,29.8,16206.0,20446.47,258.86,8274.0,13.9,60.1,7.2,19.6,20.9,23.6,3.21,94.6,1.6,0.3,3.3,0.1,0.3782051282051282,0.9615384615384616,0.4166666666666667,0.4166666666666667,0.8974358974358975,0.6282051282051282,0.358974358974359,0.47435897435897434,0.8141025641025641,0.8076923076923077,6.153846153846153,0.8717948717948718,64.29584000000001,7.380731485850006,47.2745971888927,Other,19.033333333333335
2020,Añasco Municipio,72011,26555.0,0.0,22605.0,93.0,9.6,40.4,20167.0,25443.9,258.86,12493.0,11.8,45.5,6.2,20.6,17.7,25.3,3.99,96.3,1.4,0.3,0.9,0.47,0.2564102564102564,0.3974358974358974,0.1987179487179487,0.5769230769230769,0.12179487179487179,0.782051282051282,0.6153846153846154,0.19230769230769232,0.08974358974358974,0.34615384615384615,3.576923076923077,0.10256410256410256,61.499240000000015,7.059700550204276,47.04575409527396,Other,19.233333333333334
2020,Barceloneta Municipio,72017,23913.0,0.0,19768.0,123.0,18.6,41.3,17815.0,22476.48,258.86,10219.0,10.7,46.4,6.6,19.5,19.5,17.5,1.55,96.8,0.3,0.3,1.5,0.08,0.6923076923076923,0.4807692307692308,0.2948717948717949,0.38461538461538464,0.6153846153846154,0.27564102564102566,0.0641025641025641,0.08333333333333333,0.3269230769230769,0.5897435897435898,3.807692307692308,0.14743589743589744,36.51375,4.191533764726545,42.734077698323084,Other,15.9
2020,Barranquitas Municipio,72019,28026.0,0.0,22675.0,141.0,18.0,39.9,18924.0,23875.66,258.86,10802.0,11.7,53.0,4.8,16.0,21.8,21.8,5.83,94.6,0.8,0.5,3.3,1.04,0.5961538461538461,0.8076923076923077,0.10256410256410256,0.03205128205128205,0.9871794871794872,0.5128205128205128,0.9551282051282052,0.17307692307692307,0.8141025641025641,0.5,5.480769230769231,0.5897435897435898,40.809599999999996,4.684668551572611,38.54278170270463,Other,16.5
2020,Bayamón Municipio,72021,173695.0,0.0,147677.0,232.0,11.6,48.9,26853.0,33879.36,258.86,82746.0,13.0,34.1,9.7,21.8,17.6,26.9,2.23,93.1,8.3,0.4,1.3,3.23,0.32051282051282054,0.10256410256410256,0.6153846153846154,0.717948717948718,0.10256410256410256,0.8589743589743589,0.11538461538461539,0.3333333333333333,0.24358974358974358,0.08974358974358974,3.5000000000000004,0.08974358974358974,76.2346,8.751221113701614,47.63867699127781,Metro/Coastal (Hubs),20.566666666666666
2020,Cabo Rojo Municipio,72023,47977.0,0.0,40669.0,174.0,12.9,38.5,17261.0,21777.52,258.86,29273.0,12.8,50.9,9.9,23.1,17.7,15.8,4.48,96.5,5.1,3.9,3.6,0.35,0.3782051282051282,0.6923076923076923,0.6346153846153846,0.8846153846153846,0.12179487179487179,0.23076923076923078,0.7307692307692307,0.3076923076923077,0.8589743589743589,0.7051282051282052,5.544871794871795,0.6410256410256411,46.71744,5.362848985973407,61.01465285449278,Other,17.233333333333334
2020,Caguas Municipio,72025,126734.0,0.0,106570.0,255.0,12.8,49.2,25823.0,32579.85,258.86,57533.0,14.9,37.1,6.3,20.3,18.6,23.8,2.7,94.1,5.6,0.1,1.9,0.9,0.358974358974359,0.1282051282051282,0.21794871794871795,0.5256410256410257,0.3782051282051282,0.6474358974358975,0.20512820512820512,0.6217948717948718,0.46794871794871795,0.10256410256410256,3.653846153846154,0.11538461538461539,71.98786,8.263723825693265,45.3966575662411,Other,19.666666666666668
2020,Camuy Municipio,72027,31066.0,0.0,26125.0,131.0,7.3,38.7,18571.0,23430.29,258.86,14040.0,11.4,45.6,3.9,20.1,18.2,16.7,1.11,95.0,0.7,0.3,0.9,0.39,0.15384615384615385,0.41025641025641024,0.0641025641025641,0.47435897435897434,0.24358974358974358,0.2564102564102564,0.02564102564102564,0.14102564102564102,0.08974358974358974,0.5512820512820513,2.41025641025641,0.05128205128205128,38.266380000000005,4.392723941634497,45.19410287774416,Other,16.066666666666666
2020,Canóvanas Municipio,72029,45120.0,0.0,37094.0,151.0,22.2,51.2,21614.0,27269.52,258.86,17556.0,11.5,41.3,6.8,17.1,20.1,19.4,3.89,96.4,2.0,0.1,4.7,0.15,0.8461538461538461,0.20512820512820512,0.3269230769230769,0.12179487179487179,0.7884615384615384,0.34615384615384615,0.5769230769230769,0.15384615384615385,0.9487179487179487,0.21794871794871795,4.532051282051282,0.3333333333333333,38.1501,4.379375777007132,38.909574468085104,Other,16.0
2020,Carolina Municipio,72031,150378.0,0.0,127081.0,221.0,14.3,53.1,29398.0,37090.29,258.86,76457.0,11.7,30.5,6.5,22.4,17.9,21.0,3.17,91.1,21.5,0.2,2.0,0.49,0.4358974358974359,0.05128205128205128,0.25,0.8333333333333334,0.16025641025641027,0.46153846153846156,0.34615384615384615,0.17307692307692307,0.5064102564102564,0.0641025641025641,3.282051282051282,0.07692307692307693,55.03679999999999,6.317855753038291,50.843208448044265,Metro/Coastal (Hubs),18.366666666666664
2020,Cataño Municipio,72033,23698.0,0.0,19597.0,102.0,16.7,46.4,18647.0,23526.18,258.86,10857.0,25.6,46.8,11.4,20.1,19.6,21.6,3.9,94.5,10.7,0.4,1.9,0.03,0.5128205128205128,0.5128205128205128,0.8205128205128205,0.47435897435897434,0.6666666666666666,0.5,0.5897435897435898,1.0,0.46794871794871795,0.5384615384615384,6.083333333333333,0.8205128205128205,111.14496000000003,12.758696453231492,45.81399274200354,Other,22.433333333333337
2020,Cayey Municipio,72035,43126.0,0.0,36428.0,177.0,8.1,40.0,23104.0,29149.4,258.86,19846.0,17.1,40.3,7.3,20.8,18.1,31.9,3.1,96.6,2.6,0.2,1.2,0.32,0.19230769230769232,0.19230769230769232,0.4423076923076923,0.6153846153846154,0.21153846153846154,0.9807692307692307,0.28205128205128205,0.8141025641025641,0.1987179487179487,0.16666666666666666,4.096153846153847,0.21794871794871795,113.46192,13.024667931688805,46.018643045958356,Other,23.26666666666667
2020,Ceiba Municipio,72037,11207.0,0.0,9399.0,68.0,10.5,40.0,19092.0,24087.62,258.86,7436.0,16.9,42.2,9.6,23.6,17.9,9.6,5.07,95.8,3.5,0.4,2.1,0.18,0.2948717948717949,0.22435897435897437,0.6025641025641025,0.9102564102564102,0.16025641025641027,0.08333333333333333,0.8461538461538461,0.7948717948717948,0.532051282051282,0.47435897435897434,4.923076923076923,0.4358974358974359,38.288639999999994,4.395279240435709,66.3513875256536,Other,16.7
2020,Ciales Municipio,72039,16188.0,0.0,13465.0,83.0,21.5,34.8,17783.0,22436.1,258.86,7321.0,15.1,54.8,16.8,20.3,19.5,28.1,4.77,95.1,2.7,0.2,3.0,0.08,0.8333333333333334,0.8846153846153846,0.9871794871794872,0.5256410256410257,0.6153846153846154,0.8846153846153846,0.8205128205128205,0.6538461538461539,0.7692307692307693,0.6153846153846154,7.589743589743589,0.9871794871794872,86.13493000000001,9.887712640234364,45.22485791944651,Other,21.166666666666668
2020,Cidra Municipio,72041,38977.0,0.0,32443.0,144.0,12.7,41.7,20664.0,26070.95,258.86,15893.0,14.4,43.3,6.9,17.7,19.5,31.5,3.61,97.1,0.0,0.1,1.2,0.42,0.34615384615384615,0.2564102564102564,0.3525641025641026,0.16666666666666666,0.6153846153846154,0.9615384615384616,0.5,0.5512820512820513,0.1987179487179487,0.2692307692307692,4.217948717948718,0.2564102564102564,80.2872,9.216432430943222,40.7753290402032,Other,21.2
2020,Coamo Municipio,72043,38603.0,0.0,32160.0,147.0,6.9,38.2,18319.0,23112.35,258.86,16170.0,14.4,48.5,6.9,17.9,19.4,28.6,4.2,96.3,2.5999999999999996,0.1,1.5,0.28,0.11538461538461539,0.5897435897435898,0.3525641025641026,0.20512820512820512,0.5576923076923077,0.9230769230769231,0.6794871794871795,0.5512820512820513,0.3269230769230769,0.5641025641025641,4.865384615384615,0.41025641025641024,73.71936000000001,8.462488420226121,41.88793617076393,Other,20.3
2020,Comerío Municipio,72045,18942.0,0.0,15588.0,139.0,17.2,41.6,14297.0,18037.96,258.86,7099.0,22.8,53.7,8.8,18.3,19.7,25.6,3.27,91.3,1.5,0.0,0.9,0.06,0.532051282051282,0.8461538461538461,0.5384615384615384,0.27564102564102566,0.6858974358974359,0.8012820512820513,0.38461538461538464,0.9743589743589743,0.08974358974358974,0.9615384615384616,6.089743589743589,0.8333333333333334,106.81344000000001,12.26146698946542,37.47756308731918,Other,22.233333333333334
2020,Corozal Municipio,72047,32928.0,0.0,27098.0,144.0,25.9,42.7,16933.0,21363.69,258.86,12921.0,15.8,52.3,6.8,18.2,20.4,25.6,4.51,95.8,0.2,0.8,1.6,0.7,0.9487179487179487,0.7756410256410257,0.3269230769230769,0.24358974358974358,0.8205128205128205,0.8012820512820513,0.7435897435897436,0.6923076923076923,0.3974358974358974,0.7435897435897436,6.4935897435897445,0.9358974358974359,73.61536000000001,8.450549917291431,39.24016034985422,Other,19.866666666666664
2020,Culebra Municipio,72049,1371.0,282.0,1120.0,225.0,3.3,57.1,25658.0,32371.68,258.86,1493.0,17.1,31.0,0.0,24.4,20.5,8.9,2.53,93.3,3.8,0.9,9.9,0.0,0.01282051282051282,0.0641025641025641,0.01282051282051282,0.9615384615384616,0.8461538461538461,0.05128205128205128,0.17307692307692307,0.8141025641025641,1.0,0.11538461538461539,4.051282051282051,0.19230769230769232,37.13436,4.2627756330563376,108.89861415025528,Other,16.8
2020,Dorado Municipio,72051,36475.0,0.0,29806.0,193.0,18.8,48.7,29852.0,37663.08,258.86,15862.0,11.1,33.0,9.9,17.5,21.0,16.4,3.59,93.6,0.5,0.7,2.9,0.12,0.7115384615384616,0.08974358974358974,0.6346153846153846,0.14102564102564102,0.9230769230769231,0.24358974358974358,0.48717948717948717,0.11538461538461539,0.7435897435897436,0.05128205128205128,4.1410256410256405,0.24358974358974358,31.857,3.656970076831154,43.48732008224812,Metro/Coastal (Hubs),15.0
2020,Fajardo Municipio,72053,30263.0,0.0,25072.0,98.0,25.9,51.9,19957.0,25178.95,258.86,18438.0,15.0,44.3,7.1,22.0,19.3,22.5,5.59,95.9,10.1,0.1,2.5,0.47,0.9487179487179487,0.32051282051282054,0.391025641025641,0.7564102564102564,0.532051282051282,0.5641025641025641,0.8974358974358975,0.6410256410256411,0.6282051282051282,0.3974358974358974,6.076923076923078,0.8076923076923077,74.25,8.52340233558443,60.92588309156396,Other,19.833333333333332
2020,Florida Municipio,72054,11513.0,0.0,9569.0,86.0,18.9,45.7,20221.0,25512.03,258.86,4957.0,12.4,52.3,9.5,18.5,19.9,20.4,5.48,97.6,0.9,0.0,2.1,0.16,0.7307692307692307,0.7756410256410257,0.5897435897435898,0.3076923076923077,0.7243589743589743,0.41025641025641024,0.8846153846153846,0.2564102564102564,0.532051282051282,0.32051282051282054,5.532051282051282,0.6282051282051282,46.797599999999996,5.372050816696914,43.05567619213064,Other,17.099999999999998
2020,Guayama Municipio,72057,40198.0,0.0,33330.0,199.0,8.8,31.4,17319.0,21850.69,258.86,18153.0,18.2,49.4,14.9,18.3,19.5,24.0,3.15,94.7,1.6,0.5,1.3,6.45,0.20512820512820512,0.6410256410256411,0.9358974358974359,0.27564102564102566,0.6153846153846154,0.6666666666666666,0.3076923076923077,0.8846153846153846,0.24358974358974358,0.6666666666666666,5.442307692307693,0.5384615384615384,79.93440000000001,9.175933355603235,45.15896313249416,Other,20.166666666666668
2020,Guayanilla Municipio,72059,18080.0,0.0,14843.0,90.0,23.6,39.5,17796.0,22452.51,258.86,8262.0,13.8,54.9,10.4,20.9,20.0,14.0,4.63,96.1,1.3,0.2,2.6,0.49,0.8717948717948718,0.8974358974358975,0.6602564102564102,0.6410256410256411,0.7564102564102564,0.19230769230769232,0.7692307692307693,0.4358974358974359,0.6602564102564102,0.6025641025641025,6.487179487179487,0.9230769230769231,40.3788,4.6352155990316035,45.69690265486726,Other,16.233333333333334
2020,Guaynabo Municipio,72061,85312.0,0.0,73168.0,243.0,9.5,53.1,36073.0,45511.87,258.86,40254.0,11.2,25.3,5.3,22.3,16.1,23.2,2.43,94.7,19.9,0.1,1.4,0.73,0.23717948717948717,0.01282051282051282,0.1282051282051282,0.8141025641025641,0.01282051282051282,0.5897435897435898,0.14102564102564102,0.1282051282051282,0.27564102564102566,0.01282051282051282,2.352564102564102,0.02564102564102564,57.94432,6.651619561237059,47.18445236309077,Metro/Coastal (Hubs),18.900000000000002
2020,Gurabo Municipio,72063,46948.0,0.0,38762.0,207.0,16.0,55.6,35367.0,44621.14,258.86,17159.0,12.2,29.8,10.4,16.0,19.7,22.0,4.57,94.4,1.7999999999999998,0.0,2.6,0.7,0.48717948717948717,0.038461538461538464,0.6602564102564102,0.03205128205128205,0.6858974358974359,0.5256410256410257,0.7564102564102564,0.23076923076923078,0.6602564102564102,0.02564102564102564,4.102564102564103,0.23076923076923078,42.944,4.929683365647647,36.54894777200307,Other,16.733333333333334
2020,Guánica Municipio,72055,15825.0,0.0,13138.0,71.0,34.8,35.9,12283.0,15496.97,258.86,9379.0,13.8,66.2,11.3,24.2,19.5,39.4,5.1,94.2,1.1,0.0,1.3,0.56,1.0,1.0,0.8076923076923077,0.9358974358974359,0.6153846153846154,1.0,0.8589743589743589,0.4358974358974359,0.24358974358974358,1.0,7.897435897435898,1.0,131.58024,15.10452962872404,59.26698262243286,Other,25.799999999999997
2020,Hatillo Municipio,72065,39561.0,0.0,33449.0,133.0,6.1,40.4,18998.0,23969.02,258.86,17169.0,10.0,45.2,5.6,20.3,18.0,13.8,1.03,96.2,1.3,0.0,1.4,0.27,0.08333333333333333,0.3717948717948718,0.14743589743589744,0.5256410256410257,0.1858974358974359,0.16666666666666666,0.01282051282051282,0.038461538461538464,0.27564102564102566,0.48717948717948717,2.294871794871795,0.01282051282051282,28.014000000000006,3.2158194347348457,43.39880185030712,Other,14.700000000000001
2020,Hormigueros Municipio,72067,15731.0,0.0,13509.0,74.0,20.5,46.3,19848.0,25041.43,258.86,7626.0,16.0,42.4,5.6,27.7,16.4,26.5,1.7,94.8,4.6,0.0,2.8,0.91,0.7948717948717948,0.24358974358974358,0.14743589743589744,1.0,0.02564102564102564,0.8461538461538461,0.07692307692307693,0.717948717948718,0.717948717948718,0.41025641025641024,4.980769230769231,0.44871794871794873,117.448,13.482243198784108,48.47752844701545,Other,23.400000000000002
2020,Humacao Municipio,72069,51586.0,0.0,43346.0,169.0,9.5,38.9,21802.0,27506.72,258.86,26450.0,13.6,39.8,9.0,22.1,18.3,9.6,2.85,94.4,9.9,0.3,3.5,0.69,0.23717948717948717,0.16666666666666666,0.5641025641025641,0.782051282051282,0.2692307692307692,0.08333333333333333,0.24358974358974358,0.41025641025641024,0.8461538461538461,0.20512820512820512,3.807692307692308,0.14743589743589744,28.85376,3.312218254200574,51.273601364711354,Other,15.100000000000001
2020,Isabela Municipio,72071,41084.0,0.0,34737.0,164.0,10.8,36.2,16996.0,21443.18,258.86,20357.0,13.4,51.2,15.0,20.0,18.1,24.2,3.24,93.8,2.5,0.4,1.2,0.92,0.3076923076923077,0.7115384615384616,0.9487179487179487,0.44871794871794873,0.21153846153846154,0.6987179487179487,0.3717948717948718,0.3782051282051282,0.1987179487179487,0.7307692307692307,5.006410256410256,0.46153846153846156,64.85600000000001,7.445034099349009,49.54970304741505,Other,19.2
2020,Jayuya Municipio,72073,14239.0,0.0,11567.0,100.0,14.5,33.6,16003.0,20190.35,258.86,6204.0,16.3,57.9,10.5,17.0,21.3,21.2,6.02,96.1,1.9,0.3,0.6,0.27,0.46153846153846156,0.9358974358974359,0.6858974358974359,0.10256410256410256,0.9615384615384616,0.48717948717948717,0.9871794871794872,0.7435897435897436,0.038461538461538464,0.8461538461538461,6.25,0.8846153846153846,58.7452,6.743555217297972,43.57047545473699,Mountain (Isolated),18.166666666666668
2020,Juana Díaz Municipio,72075,45414.0,0.0,37298.0,124.0,21.4,47.3,20889.0,26354.82,258.86,18719.0,12.3,45.7,12.0,17.8,21.0,22.6,4.84,97.2,2.2,0.0,1.9,1.16,0.8205128205128205,0.42948717948717946,0.8461538461538461,0.19230769230769232,0.9230769230769231,0.5769230769230769,0.8333333333333334,0.24358974358974358,0.46794871794871795,0.24358974358974358,5.576923076923077,0.6538461538461539,49.48044000000001,5.680022866824853,41.21856696172986,Other,17.566666666666666
2020,Juncos Municipio,72077,38471.0,0.0,31729.0,187.0,19.8,49.5,20350.0,25674.79,258.86,15777.0,10.3,43.5,7.3,16.1,20.7,20.6,4.07,90.8,2.7,0.8,2.3,0.57,0.7692307692307693,0.27564102564102566,0.4423076923076923,0.057692307692307696,0.8717948717948718,0.4358974358974359,0.6410256410256411,0.05128205128205128,0.5641025641025641,0.3076923076923077,4.416666666666667,0.32051282051282054,34.16098,3.9214515382875827,41.01011151256791,Other,15.666666666666666
2020,Lajas Municipio,72079,22391.0,0.0,19045.0,113.0,19.5,36.2,14439.0,18217.11,258.86,12188.0,14.3,61.4,14.1,24.3,17.4,22.2,4.03,92.8,0.7,2.6,1.5,0.21,0.7435897435897436,0.9743589743589743,0.8910256410256411,0.9487179487179487,0.0641025641025641,0.5384615384615384,0.6282051282051282,0.5256410256410257,0.3269230769230769,0.9487179487179487,6.589743589743589,0.9487179487179487,77.14278000000002,8.855474090578802,54.432584520566294,Other,20.266666666666666
2020,Lares Municipio,72081,24945.0,0.0,20985.0,94.0,14.0,37.1,16841.0,21247.62,258.86,12320.0,14.4,57.8,10.7,20.7,18.5,17.5,2.52,97.0,1.3,0.5,1.5,0.98,0.4230769230769231,0.9230769230769231,0.717948717948718,0.5961538461538461,0.34615384615384615,0.27564102564102566,0.15384615384615385,0.5512820512820513,0.3269230769230769,0.7564102564102564,5.07051282051282,0.47435897435897434,52.16400000000001,5.988077568126953,49.3886550410904,Mountain (Isolated),17.533333333333335
2020,Las Marías Municipio,72083,8131.0,0.0,6694.0,63.0,6.1,34.8,14765.0,18628.41,258.86,3920.0,13.9,48.4,9.2,20.7,20.0,8.2,2.53,97.0,0.4,0.1,4.4,1.29,0.08333333333333333,0.5641025641025641,0.5769230769230769,0.5961538461538461,0.7564102564102564,0.038461538461538464,0.17307692307692307,0.47435897435897434,0.9230769230769231,0.9230769230769231,5.1089743589743595,0.48717948717948717,23.59386,2.708416988948849,48.21055220760054,Other,14.266666666666666
2020,Las Piedras Municipio,72085,37233.0,0.0,31051.0,120.0,13.0,40.8,22848.0,28826.41,258.86,15134.0,11.0,37.8,7.5,18.2,19.5,10.8,4.74,97.7,1.6,0.2,4.2,0.16,0.3974358974358974,0.14102564102564102,0.47435897435897434,0.24358974358974358,0.6153846153846154,0.10256410256410256,0.8076923076923077,0.10256410256410256,0.8974358974358975,0.1794871794871795,3.9615384615384612,0.16666666666666666,21.6216,2.482014760122186,40.646738108667044,Other,13.333333333333334
2020,Loíza Municipio,72087,25164.0,0.0,20778.0,118.0,25.6,48.2,17363.0,21906.21,258.86,11582.0,22.7,50.4,6.2,18.2,20.1,19.2,4.09,95.0,5.5,0.1,4.6,0.33,0.9166666666666666,0.6666666666666666,0.1987179487179487,0.24358974358974358,0.7884615384615384,0.3269230769230769,0.6538461538461539,0.9615384615384616,0.9358974358974359,0.6538461538461539,6.346153846153847,0.9102564102564102,79.32288,9.105734958347252,46.02606898744238,Other,20.03333333333333
2020,Luquillo Municipio,72089,17924.0,0.0,15112.0,66.0,25.5,50.5,21805.0,27510.5,258.86,10381.0,12.6,42.2,10.6,21.6,18.7,24.3,3.62,94.7,15.2,0.0,2.5,0.18,0.8910256410256411,0.22435897435897437,0.7051282051282052,0.6666666666666666,0.3974358974358974,0.717948717948718,0.5128205128205128,0.28846153846153844,0.6282051282051282,0.19230769230769232,5.224358974358974,0.5256410256410257,66.13488,7.591840951590519,57.91675965186342,Other,19.500000000000004
2020,Manatí Municipio,72091,38062.0,0.0,31624.0,150.0,18.2,40.9,18885.0,23826.45,258.86,18526.0,18.8,46.0,6.1,21.7,19.3,20.6,3.5,96.4,2.8,0.2,5.2,0.55,0.6602564102564102,0.46153846153846156,0.1794871794871795,0.6923076923076923,0.532051282051282,0.4358974358974359,0.47435897435897434,0.9294871794871795,0.9615384615384616,0.5128205128205128,5.83974358974359,0.717948717948718,84.03976,9.647201167218249,48.67321738216594,Other,20.366666666666664
2020,Maricao Municipio,72093,5900.0,282.0,5024.0,241.0,7.1,30.1,15387.0,19413.17,258.86,2602.0,14.9,58.1,14.1,20.4,17.8,7.6,4.22,96.7,0.9,0.0,6.4,0.25,0.14102564102564102,0.9487179487179487,0.8910256410256411,0.5641025641025641,0.14102564102564102,0.019230769230769232,0.6923076923076923,0.6217948717948718,0.9743589743589743,0.8846153846153846,5.878205128205128,0.7307692307692307,23.100959999999997,2.6518353726362625,44.101694915254235,Other,14.299999999999999
2020,Maunabo Municipio,72095,10568.0,0.0,8923.0,39.0,25.6,34.4,20561.0,25941.0,258.86,5162.0,16.4,43.9,1.4,22.6,18.4,11.7,5.65,98.2,0.8,0.0,6.5,0.06,0.9166666666666666,0.3076923076923077,0.02564102564102564,0.8461538461538461,0.30128205128205127,0.1282051282051282,0.9230769230769231,0.7564102564102564,0.9871794871794872,0.2948717948717949,5.487179487179487,0.6025641025641025,43.36488,4.97799756867796,48.84557153671461,Other,16.9
2020,Mayagüez Municipio,72097,73336.0,0.0,62747.0,154.0,25.9,38.9,14761.0,18623.37,258.86,40894.0,20.8,53.4,6.5,24.1,17.1,24.9,1.88,93.5,17.6,0.1,1.6,1.44,0.9487179487179487,0.8333333333333334,0.25,0.9230769230769231,0.05128205128205128,0.75,0.10256410256410256,0.9487179487179487,0.3974358974358974,0.9358974358974359,6.141025641025641,0.8461538461538461,124.81872000000001,14.328352452157025,55.762517726628126,Other,23.266666666666666
2020,Moca Municipio,72099,35547.0,0.0,29510.0,149.0,22.9,44.0,16033.0,20228.2,258.86,16251.0,10.7,53.3,6.6,17.7,19.8,19.7,3.03,96.8,1.3,0.4,1.7,0.53,0.8589743589743589,0.8205128205128205,0.2948717948717949,0.16666666666666666,0.7051282051282052,0.358974358974359,0.2692307692307692,0.08333333333333333,0.4358974358974359,0.8333333333333334,4.826923076923077,0.391025641025641,37.30983,4.282918412959704,45.71693813823951,Other,16.03333333333333
2020,Morovis Municipio,72101,30652.0,0.0,25163.0,168.0,18.1,44.7,21191.0,26735.84,258.86,11894.0,13.4,44.5,7.6,16.1,20.3,24.9,5.83,97.2,2.5,0.2,1.1,0.24,0.6282051282051282,0.3333333333333333,0.4935897435897436,0.057692307692307696,0.8076923076923077,0.75,0.9551282051282052,0.3782051282051282,0.16025641025641027,0.23076923076923078,4.794871794871795,0.358974358974359,53.71926,6.166610991917404,38.80334072817435,Other,18.133333333333333
2020,Naguabo Municipio,72103,25931.0,0.0,21193.0,121.0,17.2,38.3,19224.0,24254.16,258.86,11321.0,12.0,48.1,7.4,18.1,21.5,9.1,3.7,97.4,3.7,0.0,4.3,0.2,0.532051282051282,0.5384615384615384,0.46153846153846156,0.21794871794871795,0.9743589743589743,0.0641025641025641,0.5256410256410257,0.21153846153846154,0.9102564102564102,0.46153846153846156,4.897435897435898,0.4230769230769231,19.7652,2.268912482737958,43.658169758204465,Other,13.066666666666668
2020,Naranjito Municipio,72105,27719.0,0.0,23060.0,182.0,18.2,38.3,18778.0,23691.46,258.86,10322.0,17.6,45.9,6.6,19.4,19.5,27.8,3.83,95.0,0.1,0.2,2.5,0.28,0.6602564102564102,0.44871794871794873,0.2948717948717949,0.358974358974359,0.6153846153846154,0.8717948717948718,0.5641025641025641,0.8461538461538461,0.6282051282051282,0.5256410256410257,5.814102564102564,0.7051282051282052,94.92032,10.896216527709381,37.23799559868682,Other,21.600000000000005
2020,Orocovis Municipio,72107,20608.0,0.0,16980.0,62.0,25.5,37.3,15805.0,19940.54,258.86,8920.0,16.7,57.5,11.1,17.1,20.5,24.2,5.7,95.3,0.2,0.1,3.0,0.71,0.8910256410256411,0.9102564102564102,0.7564102564102564,0.12179487179487179,0.8461538461538461,0.6987179487179487,0.9358974358974359,0.7756410256410257,0.7692307692307693,0.8717948717948718,7.576923076923077,0.9743589743589743,69.10794,7.93312831250409,43.28416149068323,Mountain (Isolated),19.333333333333332
2020,Patillas Municipio,72109,16591.0,0.0,13856.0,126.0,18.8,36.8,17138.0,21622.33,258.86,8595.0,18.6,50.8,5.0,22.1,18.0,12.1,2.67,97.9,3.0,0.4,2.7,0.0,0.7115384615384616,0.6794871794871795,0.11538461538461539,0.782051282051282,0.1858974358974359,0.14102564102564102,0.19230769230769232,0.9102564102564102,0.6858974358974359,0.717948717948718,5.121794871794872,0.5,49.73826000000001,5.709618874773141,51.80519558796938,Other,17.6
2020,Peñuelas Municipio,72111,19797.0,0.0,15965.0,116.0,18.0,39.8,17313.0,21843.12,258.86,8658.0,13.8,54.5,15.3,16.7,22.1,15.5,3.15,96.2,0.2,0.0,1.5,0.03,0.5961538461538461,0.8717948717948718,0.9615384615384616,0.08974358974358974,1.0,0.20512820512820512,0.3076923076923077,0.4358974358974359,0.3269230769230769,0.6794871794871795,5.474358974358975,0.5769230769230769,35.7213,4.100565816163126,43.733899075617515,Other,15.333333333333334
2020,Ponce Municipio,72113,135674.0,0.0,112920.0,216.0,11.7,36.5,17263.0,21780.04,258.86,65816.0,18.8,51.2,8.9,21.9,19.4,20.6,3.28,93.3,11.3,0.2,2.3,2.7,0.3333333333333333,0.7115384615384616,0.5512820512820513,0.7371794871794872,0.5576923076923077,0.4358974358974359,0.40384615384615385,0.9294871794871795,0.5641025641025641,0.6923076923076923,5.916666666666667,0.7435897435897436,84.81432,9.736115463690306,48.510399929242155,Other,20.433333333333334
2020,Quebradillas Municipio,72115,23261.0,0.0,19410.0,114.0,5.1,37.2,17425.0,21984.43,258.86,10413.0,15.4,46.7,17.5,20.3,19.0,18.6,1.17,97.2,2.9,0.6,0.8,0.1,0.038461538461538464,0.5,1.0,0.5256410256410257,0.4807692307692308,0.3076923076923077,0.038461538461538464,0.6794871794871795,0.05128205128205128,0.6410256410256411,4.262820512820513,0.28205128205128205,58.14732000000001,6.674922600619196,44.765917200464294,Other,18.1
2020,Rincón Municipio,72117,13849.0,0.0,11828.0,76.0,7.0,43.0,20145.0,25416.14,258.86,9399.0,13.9,43.5,1.9,24.9,16.5,26.4,3.81,96.9,12.0,0.4,0.3,0.17,0.1282051282051282,0.27564102564102566,0.038461538461538464,0.9871794871794872,0.038461538461538464,0.8333333333333334,0.5512820512820513,0.47435897435897434,0.01282051282051282,0.358974358974359,3.6987179487179493,0.1282051282051282,91.37303999999999,10.489012559534673,67.86771608058343,Other,21.733333333333334
2020,Río Grande Municipio,72119,48828.0,0.0,41278.0,163.0,20.6,52.7,23738.0,29949.29,258.86,22904.0,13.5,38.3,4.4,20.1,18.4,24.1,3.43,95.3,5.6,0.3,3.7,1.32,0.8076923076923077,0.15384615384615385,0.08974358974358974,0.47435897435897434,0.30128205128205127,0.6794871794871795,0.44871794871794873,0.3974358974358974,0.8782051282051282,0.14102564102564102,4.371794871794872,0.3076923076923077,65.39535000000002,7.506947864328101,46.907512083230934,Other,19.233333333333334
2020,Sabana Grande Municipio,72121,22140.0,0.0,18484.0,121.0,18.4,42.2,18290.0,23075.77,258.86,10823.0,12.9,49.1,7.2,23.0,18.9,31.9,4.28,91.0,1.7000000000000002,0.2,1.6,0.85,0.6794871794871795,0.6282051282051282,0.4166666666666667,0.8717948717948718,0.4358974358974359,0.9807692307692307,0.7051282051282052,0.32051282051282054,0.3974358974358974,0.5769230769230769,6.012820512820513,0.782051282051282,94.64729999999999,10.864875661639866,48.8843721770551,Other,22.599999999999998
2020,Salinas Municipio,72123,27638.0,0.0,22698.0,126.0,5.8,37.8,17694.0,22323.82,258.86,13229.0,14.5,49.8,14.6,19.6,21.0,23.8,6.74,96.6,2.2,0.2,1.9,0.38,0.05128205128205128,0.6538461538461539,0.9102564102564102,0.4166666666666667,0.9230769230769231,0.6474358974358975,1.0,0.5769230769230769,0.46794871794871795,0.6282051282051282,6.2756410256410255,0.8974358974358975,67.6396,7.764572722127901,47.86525797814603,Other,19.3
2020,San Germán Municipio,72125,30811.0,0.0,26037.0,112.0,7.5,30.4,16561.0,20894.35,258.86,15673.0,18.5,48.8,11.1,24.6,18.4,10.9,3.71,95.1,2.9000000000000004,0.0,2.0,2.01,0.16666666666666666,0.6025641025641025,0.7564102564102564,0.9743589743589743,0.30128205128205127,0.11538461538461539,0.5384615384615384,0.8974358974358975,0.5064102564102564,0.7948717948717948,5.653846153846153,0.6794871794871795,49.605900000000005,5.694424833922797,50.86819642335529,Other,18.0
2020,San Juan Municipio,72127,326953.0,0.0,277376.0,353.0,16.1,52.3,23642.0,29828.17,258.86,190822.0,23.8,40.1,11.1,22.7,17.5,19.9,2.33,92.7,29.4,0.1,1.2,2.34,0.5,0.1794871794871795,0.7564102564102564,0.8589743589743589,0.08333333333333333,0.3782051282051282,0.1282051282051282,0.9871794871794872,0.1987179487179487,0.15384615384615385,4.2243589743589745,0.2692307692307692,107.51174,12.341627149074021,58.36374035411818,Metro/Coastal (Hubs),22.13333333333333
2020,San Lorenzo Municipio,72129,36586.0,0.0,30742.0,142.0,8.9,39.1,19385.0,24457.28,258.86,16176.0,17.3,43.8,7.6,19.0,18.4,15.7,4.65,96.3,0.6,0.0,2.7,0.26,0.21794871794871795,0.2948717948717949,0.4935897435897436,0.32051282051282054,0.30128205128205127,0.21794871794871795,0.782051282051282,0.8333333333333334,0.6858974358974359,0.4230769230769231,4.570512820512821,0.34615384615384615,51.605900000000005,5.924011428820695,44.21363363035041,Other,17.333333333333332
2020,San Sebastián Municipio,72131,36292.0,0.0,30364.0,188.0,15.5,35.6,15995.0,20180.26,258.86,18225.0,12.5,51.6,8.4,23.2,18.6,25.0,3.28,96.4,1.9,0.4,1.0,0.61,0.47435897435897434,0.7435897435897436,0.5192307692307693,0.8974358974358975,0.3782051282051282,0.7692307692307693,0.40384615384615385,0.2692307692307692,0.1346153846153846,0.8589743589743589,5.448717948717949,0.5512820512820513,72.5,8.322514065048772,50.21767882728976,Other,20.233333333333334
2020,Santa Isabel Municipio,72133,21474.0,0.0,17665.0,109.0,6.5,49.3,20000.0,25233.2,258.86,9219.0,12.0,48.4,15.4,16.3,21.2,25.8,4.41,96.5,1.1,0.7,1.5,0.02,0.10256410256410256,0.5641025641025641,0.9743589743589743,0.07692307692307693,0.9487179487179487,0.8205128205128205,0.717948717948718,0.21153846153846154,0.3269230769230769,0.38461538461538464,5.128205128205129,0.5128205128205128,50.464800000000004,5.7930207971017,42.93098630902487,Other,18.033333333333335
2020,Toa Alta Municipio,72135,72450.0,0.0,60323.0,215.0,10.3,50.7,27626.0,34854.62,258.86,26384.0,6.8,31.1,6.5,14.3,20.0,13.9,3.16,95.1,2.4,0.6,1.6,0.44,0.28205128205128205,0.07692307692307693,0.25,0.01282051282051282,0.7564102564102564,0.1794871794871795,0.3333333333333333,0.01282051282051282,0.3974358974358974,0.07692307692307693,2.378205128205128,0.038461538461538464,13.516360000000002,1.5515875339070706,36.41683919944789,Other,11.666666666666666
2020,Toa Baja Municipio,72137,76008.0,0.0,63560.0,179.0,14.4,50.2,25090.0,31655.05,258.86,34916.0,9.6,36.5,11.8,19.5,19.0,21.1,3.4,93.8,2.6999999999999997,0.6,2.8,0.52,0.44871794871794873,0.11538461538461539,0.8333333333333334,0.38461538461538464,0.4807692307692308,0.47435897435897434,0.4358974358974359,0.02564102564102564,0.717948717948718,0.1282051282051282,4.044871794871796,0.1794871794871795,39.4992,4.534243414595509,45.93726976107778,Other,16.733333333333334
2020,Trujillo Alto Municipio,72139,65011.0,0.0,54534.0,170.0,4.7,51.7,32611.0,41144.0,258.86,29080.0,10.5,29.3,8.4,19.2,19.0,19.2,3.15,95.5,10.2,0.3,3.1,1.23,0.02564102564102564,0.02564102564102564,0.5192307692307693,0.33974358974358976,0.4807692307692308,0.3269230769230769,0.3076923076923077,0.0641025641025641,0.7948717948717948,0.038461538461538464,2.9230769230769225,0.0641025641025641,38.7072,4.4433271230159415,44.73089169525157,Other,16.3
2020,Utuado Municipio,72141,28041.0,0.0,23520.0,80.0,33.3,38.6,15021.0,18951.4,258.86,13375.0,17.9,54.3,13.9,21.9,18.9,20.1,4.13,94.9,0.7999999999999999,0.6,0.4,0.33,0.9871794871794872,0.8589743589743589,0.8717948717948718,0.7371794871794872,0.4358974358974359,0.3974358974358974,0.6666666666666666,0.8589743589743589,0.02564102564102564,0.8974358974358975,6.737179487179488,0.9615384615384616,78.79401,9.045024227125428,47.698013622909315,Mountain (Isolated),19.966666666666665
2020,Vega Alta Municipio,72143,36559.0,0.0,30127.0,129.0,19.7,45.6,20809.0,26253.89,258.86,16003.0,14.7,45.3,11.2,18.4,20.5,23.3,2.71,96.1,3.9,0.8,2.8,1.24,0.7564102564102564,0.38461538461538464,0.7884615384615384,0.2948717948717949,0.8461538461538461,0.6089743589743589,0.21794871794871795,0.6025641025641025,0.717948717948718,0.2564102564102564,5.4743589743589745,0.5641025641025641,63.02183999999999,7.2344848249000435,43.77307913236139,Other,18.8
2020,Vega Baja Municipio,72145,51089.0,0.0,42737.0,150.0,18.1,42.9,20126.0,25392.17,258.86,24677.0,14.0,45.7,10.5,20.3,19.0,22.3,5.64,94.9,1.6,0.5,2.3,0.64,0.6282051282051282,0.42948717948717946,0.6858974358974359,0.5256410256410257,0.4807692307692308,0.5512820512820513,0.9102564102564102,0.5,0.5641025641025641,0.3717948717948718,5.647435897435898,0.6666666666666666,63.37660000000001,7.2752088951030345,48.30198281430445,Other,18.866666666666667
2020,Vieques Municipio,72147,8508.0,0.0,7083.0,171.0,13.1,33.4,14040.0,17713.71,258.86,4940.0,16.2,52.6,11.2,22.1,19.1,7.6,1.25,91.0,0.9,0.5,3.7,0.0,0.41025641025641024,0.7948717948717948,0.7884615384615384,0.782051282051282,0.5128205128205128,0.019230769230769232,0.05128205128205128,0.7307692307692307,0.8782051282051282,0.9871794871794872,5.955128205128204,0.7564102564102564,27.20952,3.1234705228031148,58.06299952985425,Other,15.300000000000002
2020,Villalba Municipio,72149,21899.0,0.0,18029.0,99.0,20.0,45.1,19355.0,24419.43,258.86,9303.0,12.6,46.4,7.1,17.7,20.8,24.8,6.0,94.8,3.6,0.2,3.4,0.53,0.782051282051282,0.4807692307692308,0.391025641025641,0.16666666666666666,0.8846153846153846,0.7307692307692307,0.9743589743589743,0.28846153846153844,0.8333333333333334,0.4358974358974359,5.967948717948718,0.7692307692307693,55.30896,6.349097896871997,42.48139184437645,Other,18.366666666666667
2020,Yabucoa Municipio,72151,32867.0,0.0,27661.0,141.0,18.1,38.2,16828.0,21231.22,258.86,14648.0,15.3,51.7,5.7,20.9,18.5,12.6,4.68,96.7,0.6,0.1,2.4,0.26,0.6282051282051282,0.7564102564102564,0.16666666666666666,0.6410256410256411,0.34615384615384615,0.15384615384615385,0.7948717948717948,0.6666666666666666,0.5961538461538461,0.7692307692307693,5.519230769230769,0.6153846153846154,40.291019999999996,4.625139043381535,44.567499315422765,Other,16.266666666666666
2020,Yauco Municipio,72153,34501.0,0.0,29087.0,97.0,17.5,36.9,14813.0,18688.97,258.86,17672.0,13.3,48.9,12.2,22.3,18.2,29.6,2.83,91.9,1.2999999999999998,0.1,1.1,0.62,0.5641025641025641,0.6153846153846154,0.8589743589743589,0.8141025641025641,0.24358974358974358,0.9358974358974359,0.23076923076923078,0.358974358974359,0.16025641025641027,0.9102564102564102,5.6923076923076925,0.6923076923076923,87.79064000000001,10.077777050753562,51.22170371873279,Other,21.733333333333334
2021,Adjuntas Municipio,72001,18068.0,0.0,15051.0,107.0,24.6,38.2,15375.0,18530.56,270.97,7584.0,14.1,67.1,13.2,20.6,19.0,14.9,0.87,95.5,2.5999999999999996,0.0,0.6,0.41,0.9102564102564102,1.0,0.8782051282051282,0.4423076923076923,0.7243589743589743,0.21794871794871795,0.038461538461538464,0.6025641025641025,0.10256410256410256,0.9358974358974359,5.852564102564102,0.717948717948718,43.27854000000001,4.968086315376219,41.97476201018375,Mountain (Isolated),16.533333333333335
2021,Aguada Municipio,72003,38307.0,0.0,32722.0,145.0,7.6,37.9,18733.0,22577.76,270.97,17565.0,12.3,45.1,7.5,20.4,16.9,28.7,2.95,95.9,0.8999999999999999,0.0,0.8,0.23,0.20512820512820512,0.4423076923076923,0.46153846153846156,0.3974358974358974,0.07692307692307693,0.8974358974358975,0.2948717948717949,0.3141025641025641,0.14102564102564102,0.6666666666666666,3.897435897435897,0.20512820512820512,72.01404,8.266729114220478,45.85323831153575,Other,20.466666666666665
2021,Aguadilla Municipio,72005,55241.0,0.0,46631.0,176.0,17.3,38.1,16940.0,20416.77,270.97,27336.0,16.8,49.7,10.5,22.3,18.1,23.8,3.32,95.5,9.6,0.1,0.8,1.83,0.6538461538461539,0.6666666666666666,0.7692307692307693,0.6987179487179487,0.42948717948717946,0.6666666666666666,0.4358974358974359,0.8269230769230769,0.14102564102564102,0.8205128205128205,6.108974358974359,0.8333333333333334,89.16432,10.235466307593233,49.48498397929074,Other,20.96666666666667
2021,Aguas Buenas Municipio,72007,24567.0,0.0,20818.0,122.0,5.7,44.5,21844.0,26327.26,270.97,10790.0,13.3,42.7,3.6,20.6,18.1,29.6,4.17,96.6,1.7999999999999998,0.3,2.7,0.69,0.07692307692307693,0.28846153846153844,0.07051282051282051,0.4423076923076923,0.42948717948717946,0.9102564102564102,0.7051282051282052,0.4935897435897436,0.6987179487179487,0.2692307692307692,4.384615384615385,0.3076923076923077,81.09808000000002,9.309516019978629,43.92070663898726,Other,21.166666666666668
2021,Aibonito Municipio,72009,24565.0,0.0,20873.0,108.0,7.5,39.1,21139.0,25477.57,270.97,9852.0,13.7,43.7,3.7,22.1,17.8,30.4,3.95,96.1,0.7,0.0,2.4,0.11,0.17307692307692307,0.3333333333333333,0.08974358974358974,0.6602564102564102,0.33974358974358976,0.9230769230769231,0.6153846153846154,0.5448717948717948,0.5833333333333334,0.38461538461538464,4.647435897435898,0.358974358974359,92.04208,10.565813867259918,40.105841644616326,Other,22.066666666666666
2021,Arecibo Municipio,72013,88017.0,0.0,74996.0,208.0,18.8,40.7,19311.0,23274.39,270.97,41040.0,13.7,47.0,6.4,22.3,17.5,20.6,3.03,95.6,3.8,0.1,1.3,1.38,0.7243589743589743,0.5769230769230769,0.33974358974358976,0.6987179487179487,0.23076923076923078,0.46153846153846156,0.33974358974358976,0.5448717948717948,0.30128205128205127,0.5384615384615384,4.756410256410256,0.3717948717948718,62.93506,7.224523062547424,46.6273560789393,Other,18.86666666666667
2021,Arroyo Municipio,72015,16183.0,0.0,13364.0,128.0,11.2,30.1,14933.0,17997.85,270.97,8226.0,12.9,60.8,6.0,20.3,20.3,23.1,3.04,94.5,1.6,0.2,2.9,0.14,0.34615384615384615,0.9743589743589743,0.2564102564102564,0.38461538461538464,0.9294871794871795,0.5448717948717948,0.358974358974359,0.40384615384615385,0.7884615384615384,0.9743589743589743,5.961538461538462,0.7564102564102564,60.49197000000001,6.944072705482873,50.83111907557313,Other,18.76666666666667
2021,Añasco Municipio,72011,25859.0,0.0,22146.0,107.0,9.1,42.2,21189.0,25537.83,270.97,12566.0,11.0,44.7,4.3,21.2,17.2,25.7,2.96,96.7,1.3,0.4,0.8,0.41,0.28205128205128205,0.38461538461538464,0.1282051282051282,0.5448717948717948,0.16666666666666666,0.8012820512820513,0.3076923076923077,0.19230769230769232,0.14102564102564102,0.3717948717948718,3.320512820512821,0.10256410256410256,59.932399999999994,6.879837820029364,48.59429985691636,Other,19.3
2021,Barceloneta Municipio,72017,22836.0,0.0,19097.0,106.0,15.9,41.6,19051.0,22961.03,270.97,9985.0,9.3,44.9,6.1,20.0,18.6,17.3,1.45,97.3,0.4,0.5,1.1,0.05,0.5641025641025641,0.41025641025641024,0.27564102564102566,0.34615384615384615,0.5448717948717948,0.2692307692307692,0.07692307692307693,0.05128205128205128,0.22435897435897437,0.6025641025641025,3.3653846153846154,0.11538461538461539,32.178000000000004,3.6938187253122674,43.724820458924505,Other,15.533333333333331
2021,Barranquitas Municipio,72019,28982.0,0.0,23686.0,149.0,16.0,41.3,20290.0,24454.32,270.97,10898.0,10.1,51.8,4.7,17.0,21.2,18.4,7.13,95.0,1.0,0.5,3.5,0.93,0.5833333333333334,0.7948717948717948,0.15384615384615385,0.07051282051282051,0.9935897435897436,0.3076923076923077,0.9871794871794872,0.11538461538461539,0.8653846153846154,0.46153846153846156,5.333333333333332,0.5512820512820513,31.592799999999993,3.6266416876451415,37.602649920640395,Other,15.166666666666666
2021,Bayamón Municipio,72021,185939.0,0.0,158892.0,249.0,10.8,47.4,27812.0,33520.13,270.97,82577.0,12.8,33.7,8.8,22.5,17.0,25.7,2.38,93.3,8.2,0.4,1.2,2.95,0.3333333333333333,0.10256410256410256,0.5897435897435898,0.717948717948718,0.12179487179487179,0.8012820512820513,0.1794871794871795,0.38461538461538464,0.25,0.08974358974358974,3.5705128205128207,0.1282051282051282,74.016,8.496540703981378,44.410801391854314,Metro/Coastal (Hubs),20.333333333333332
2021,Cabo Rojo Municipio,72023,47403.0,0.0,40660.0,180.0,15.2,41.5,18581.0,22394.56,270.97,28902.0,12.1,47.5,9.3,23.4,17.0,17.7,4.23,97.3,4.800000000000001,4.0,3.2,0.31,0.532051282051282,0.6025641025641025,0.6794871794871795,0.8653846153846154,0.12179487179487179,0.28846153846153844,0.7435897435897436,0.28846153846153844,0.8333333333333334,0.6794871794871795,5.634615384615385,0.6538461538461539,50.115779999999994,5.752955640426066,60.97082463135245,Other,17.73333333333333
2021,Caguas Municipio,72025,128182.0,0.0,108606.0,296.0,11.3,48.9,27062.0,32616.2,270.97,57286.0,13.6,37.5,6.6,20.8,17.8,23.8,3.11,94.0,5.5,0.1,1.6,0.87,0.358974358974359,0.14102564102564102,0.36538461538461536,0.47435897435897434,0.33974358974358976,0.6666666666666666,0.38461538461538464,0.5192307692307693,0.40384615384615385,0.10256410256410256,3.7564102564102564,0.1794871794871795,67.32544000000001,7.72850925980134,44.69114228206769,Other,19.400000000000002
2021,Camuy Municipio,72027,32885.0,0.0,27943.0,153.0,7.1,39.2,19745.0,23797.46,270.97,14071.0,10.7,44.4,3.6,20.9,17.6,17.1,0.75,95.4,0.6,0.2,0.5,0.4,0.11538461538461539,0.358974358974359,0.07051282051282051,0.4935897435897436,0.2692307692307692,0.2564102564102564,0.01282051282051282,0.16666666666666666,0.0641025641025641,0.48717948717948717,2.2948717948717947,0.01282051282051282,38.24073,4.38977949355493,42.78850539759769,Other,16.233333333333334
2021,Canóvanas Municipio,72029,42811.0,0.0,35437.0,144.0,21.0,52.3,23517.0,28343.63,270.97,17529.0,9.9,38.4,4.5,17.7,19.3,20.0,3.97,96.7,2.3,0.1,5.0,0.13,0.8076923076923077,0.16666666666666666,0.14102564102564102,0.10256410256410256,0.7756410256410257,0.3717948717948718,0.6282051282051282,0.10256410256410256,0.9358974358974359,0.20512820512820512,4.237179487179487,0.2564102564102564,35.046,4.023045902395851,40.94508420732989,Other,15.866666666666667
2021,Carolina Municipio,72031,155886.0,0.0,132865.0,263.0,14.0,52.5,30678.0,36974.35,270.97,75941.0,11.5,29.8,6.2,22.8,17.2,20.4,3.02,91.2,21.1,0.2,1.9,0.44,0.4358974358974359,0.05128205128205128,0.30128205128205127,0.7628205128205128,0.16666666666666666,0.4230769230769231,0.32051282051282054,0.25,0.5,0.05128205128205128,3.2628205128205128,0.08974358974358974,53.488800000000005,6.14015572858732,48.715728160322286,Metro/Coastal (Hubs),18.233333333333334
2021,Cataño Municipio,72033,23536.0,0.0,19617.0,101.0,14.1,45.0,20089.0,24212.07,270.97,10775.0,24.5,46.1,13.2,21.2,18.9,19.7,3.82,94.1,9.8,0.3,1.9,0.03,0.44871794871794873,0.5064102564102564,0.8782051282051282,0.5448717948717948,0.6794871794871795,0.34615384615384615,0.5897435897435898,1.0,0.5,0.47435897435897434,5.967948717948718,0.7756410256410257,102.3218,11.745856822911824,45.78093133922502,Other,21.8
2021,Cayey Municipio,72035,42134.0,0.0,35912.0,141.0,7.5,40.5,23823.0,28712.43,270.97,19742.0,18.0,40.1,8.8,21.5,17.4,32.0,4.03,96.9,2.5,0.2,0.6,0.33,0.17307692307692307,0.23076923076923078,0.5897435897435898,0.5897435897435898,0.1987179487179487,0.9615384615384616,0.6538461538461539,0.9102564102564102,0.10256410256410256,0.1794871794871795,4.589743589743589,0.34615384615384615,123.83999999999999,14.216001956077786,46.855271277353204,Other,23.833333333333332
2021,Ceiba Municipio,72037,11463.0,0.0,9676.0,60.0,9.8,42.5,20748.0,25006.32,270.97,7328.0,15.1,41.3,10.0,23.9,17.0,10.5,4.2,95.8,4.0,0.4,2.9,0.17,0.3076923076923077,0.2564102564102564,0.717948717948718,0.9102564102564102,0.12179487179487179,0.0641025641025641,0.717948717948718,0.6794871794871795,0.7884615384615384,0.4358974358974359,5.0,0.4358974358974359,37.893449999999994,4.349914077216859,63.92741865131292,Other,16.5
2021,Ciales Municipio,72039,17045.0,0.0,14266.0,95.0,23.7,33.4,18990.0,22887.51,270.97,7335.0,14.0,55.2,16.4,21.3,18.8,26.5,4.21,95.0,3.3,0.4,2.6,0.06,0.8589743589743589,0.9102564102564102,1.0,0.5641025641025641,0.6153846153846154,0.8461538461538461,0.7307692307692307,0.5769230769230769,0.6474358974358975,0.6282051282051282,7.378205128205128,0.9743589743589743,79.02300000000001,9.071310744308263,43.03314755060135,Other,20.599999999999998
2021,Cidra Municipio,72041,40125.0,0.0,33584.0,187.0,7.5,41.6,23327.0,28114.63,270.97,16129.0,12.5,39.9,5.8,18.6,18.9,33.4,3.39,97.2,0.1,0.1,1.3,0.39,0.17307692307692307,0.20512820512820512,0.23717948717948717,0.1794871794871795,0.6794871794871795,0.9743589743589743,0.47435897435897434,0.33974358974358976,0.30128205128205127,0.21794871794871795,3.7820512820512824,0.19230769230769232,77.655,8.9142735133981,40.196884735202495,Other,21.5
2021,Coamo Municipio,72043,35268.0,0.0,29581.0,139.0,7.3,39.8,19267.0,23221.36,270.97,16120.0,13.8,49.6,8.9,18.7,18.8,30.5,4.3,96.8,2.8,0.1,1.9,0.27,0.1346153846153846,0.6538461538461539,0.6217948717948718,0.21153846153846154,0.6153846153846154,0.9358974358974359,0.7692307692307693,0.5641025641025641,0.5,0.5641025641025641,5.57051282051282,0.6282051282051282,78.70830000000001,9.035185293601078,45.70715662923897,Other,21.0
2021,Comerío Municipio,72045,18990.0,0.0,15805.0,106.0,14.9,42.3,14666.0,17676.05,270.97,7243.0,19.6,53.8,8.8,19.1,18.9,26.3,4.44,92.4,1.4,0.2,1.8,0.06,0.47435897435897434,0.8782051282051282,0.5897435897435898,0.27564102564102566,0.6794871794871795,0.8333333333333334,0.8076923076923077,0.9487179487179487,0.44871794871794873,0.9871794871794872,6.923076923076924,0.9487179487179487,98.45668,11.302166953075945,38.14112690889942,Other,21.666666666666668
2021,Corozal Municipio,72047,34631.0,0.0,28704.0,187.0,19.5,41.7,19285.0,23243.05,270.97,13001.0,15.4,47.8,7.6,19.0,19.8,22.6,3.76,95.7,0.3,0.7,1.9,0.74,0.7564102564102564,0.6153846153846154,0.47435897435897434,0.25,0.8525641025641025,0.5,0.5512820512820513,0.7307692307692307,0.5,0.5512820512820513,5.782051282051282,0.7051282051282052,66.1276,7.59100525638509,37.541509052582946,Other,19.0
2021,Culebra Municipio,72049,1293.0,246.0,1103.0,207.0,2.5,57.8,25104.0,30256.34,270.97,1464.0,17.2,23.0,0.0,23.3,17.0,7.1,3.89,92.1,4.1,0.5,8.6,0.0,0.01282051282051282,0.01282051282051282,0.01282051282051282,0.8461538461538461,0.12179487179487179,0.01282051282051282,0.6025641025641025,0.8717948717948718,1.0,0.1282051282051282,3.621794871794872,0.15384615384615385,28.45396,3.266323893880484,113.22505800464037,Other,15.866666666666665
2021,Dorado Municipio,72051,36030.0,0.0,30027.0,165.0,16.1,48.8,29744.0,35848.66,270.97,15763.0,10.5,30.9,10.1,17.9,19.9,15.1,4.32,94.2,0.3,0.7,2.5,0.15,0.6025641025641025,0.07692307692307693,0.7307692307692307,0.12179487179487179,0.8717948717948718,0.23076923076923078,0.782051282051282,0.14102564102564102,0.6089743589743589,0.0641025641025641,4.23076923076923,0.24358974358974358,28.380449999999996,3.2578854385850113,43.749653066888705,Metro/Coastal (Hubs),14.5
2021,Fajardo Municipio,72053,32336.0,0.0,26977.0,128.0,25.6,50.0,21701.0,26154.91,270.97,18336.0,14.8,42.7,7.0,22.2,18.6,23.3,4.26,96.0,9.8,0.1,1.8,0.43,0.9615384615384616,0.28846153846153844,0.4230769230769231,0.6794871794871795,0.5448717948717948,0.5897435897435898,0.7564102564102564,0.6602564102564102,0.44871794871794873,0.2948717948717949,5.647435897435898,0.6666666666666666,76.55448000000001,8.787941193689583,56.70460168233548,Other,20.099999999999998
2021,Florida Municipio,72054,11725.0,0.0,9775.0,93.0,19.7,46.0,21487.0,25896.99,270.97,5001.0,13.1,49.1,11.3,19.4,19.2,21.1,5.03,97.7,0.8,0.0,1.9,0.12,0.782051282051282,0.6282051282051282,0.7948717948717948,0.3076923076923077,0.7564102564102564,0.47435897435897434,0.8717948717948718,0.4423076923076923,0.5,0.34615384615384615,5.903846153846153,0.7435897435897436,53.62354,6.15562297748559,42.65245202558635,Other,17.866666666666667
2021,Guayama Municipio,72057,37388.0,0.0,31280.0,173.0,7.5,31.1,17815.0,21471.35,270.97,17904.0,15.7,50.6,11.1,18.9,18.8,23.5,2.68,95.4,2.2,0.3,1.2,6.9,0.17307692307692307,0.7692307692307693,0.782051282051282,0.23076923076923078,0.6153846153846154,0.6217948717948718,0.2564102564102564,0.7564102564102564,0.25,0.7307692307692307,5.185897435897436,0.5064102564102564,69.73155,8.004714560726228,47.88702257408794,Other,19.366666666666664
2021,Guayanilla Municipio,72059,18047.0,0.0,14897.0,93.0,23.9,37.8,19023.0,22927.28,270.97,8271.0,15.3,53.2,11.7,21.5,19.3,14.3,4.58,96.1,0.8,0.2,2.7,0.44,0.8717948717948718,0.8397435897435898,0.8269230769230769,0.5897435897435898,0.7756410256410257,0.1794871794871795,0.8205128205128205,0.717948717948718,0.6987179487179487,0.6153846153846154,6.935897435897436,0.9615384615384616,47.039849999999994,5.399859493003922,45.830331911120965,Other,17.03333333333333
2021,Guaynabo Municipio,72061,90014.0,0.0,77938.0,227.0,9.0,50.5,39176.0,47216.48,270.97,40225.0,11.1,25.1,5.8,23.2,15.5,23.3,2.52,94.8,20.200000000000003,0.1,1.3,0.72,0.2692307692307692,0.02564102564102564,0.23717948717948717,0.8333333333333334,0.019230769230769232,0.5897435897435898,0.23076923076923078,0.21153846153846154,0.30128205128205127,0.01282051282051282,2.730769230769231,0.057692307692307696,60.002159999999996,6.887845800459402,44.68749305663564,Metro/Coastal (Hubs),19.2
2021,Gurabo Municipio,72063,41237.0,0.0,34516.0,235.0,15.0,57.2,35470.0,42749.86,270.97,17014.0,10.2,30.5,15.5,16.4,18.9,23.2,4.11,94.8,1.9,0.0,2.2,0.76,0.4935897435897436,0.0641025641025641,0.9743589743589743,0.02564102564102564,0.6794871794871795,0.5641025641025641,0.6923076923076923,0.1282051282051282,0.5641025641025641,0.02564102564102564,4.211538461538462,0.23076923076923078,38.80895999999999,4.455008488964345,41.25906346242452,Other,16.599999999999998
2021,Guánica Municipio,72055,14297.0,0.0,11802.0,81.0,34.1,37.4,12856.0,15494.57,270.97,9413.0,11.1,66.8,9.0,24.4,19.0,37.1,7.3,94.6,1.0,0.1,0.9,0.62,1.0,0.9871794871794872,0.6474358974358975,0.9358974358974359,0.7243589743589743,1.0,1.0,0.21153846153846154,0.1858974358974359,1.0,7.6923076923076925,1.0,100.48164,11.534618788678166,65.83898720011192,Other,24.2
2021,Hatillo Municipio,72065,38739.0,0.0,33011.0,128.0,6.8,41.4,20955.0,25255.8,270.97,17044.0,8.9,42.6,6.2,21.0,17.2,14.7,0.76,96.5,1.0,0.3,1.3,0.27,0.09615384615384616,0.2692307692307692,0.30128205128205127,0.5192307692307693,0.16666666666666666,0.1987179487179487,0.02564102564102564,0.038461538461538464,0.30128205128205127,0.3974358974358974,2.3141025641025643,0.02564102564102564,27.474300000000003,3.1538654921016476,43.997005601590125,Other,14.866666666666667
2021,Hormigueros Municipio,72067,15726.0,0.0,13626.0,78.0,19.6,45.5,20811.0,25082.25,270.97,7638.0,15.8,42.8,7.8,28.1,15.5,26.2,1.93,95.8,5.2,0.0,1.8,0.97,0.7692307692307693,0.3076923076923077,0.48717948717948717,1.0,0.019230769230769232,0.8205128205128205,0.11538461538461539,0.7756410256410257,0.44871794871794873,0.41025641025641024,5.153846153846155,0.48717948717948717,116.32276,13.353073188762654,48.5692483784815,Other,23.366666666666664
2021,Humacao Municipio,72069,51398.0,0.0,43654.0,177.0,9.2,37.1,22431.0,27034.74,270.97,26463.0,13.2,39.2,5.2,23.1,17.5,9.2,3.03,95.2,10.3,0.2,3.4,0.67,0.2948717948717949,0.1794871794871795,0.19230769230769232,0.8205128205128205,0.23076923076923078,0.05128205128205128,0.33974358974358976,0.46794871794871795,0.8461538461538461,0.23076923076923078,3.653846153846154,0.16666666666666666,28.052640000000004,3.2202550477482723,51.48643916105685,Other,15.166666666666666
2021,Isabela Municipio,72071,42985.0,0.0,36597.0,189.0,8.8,35.4,17123.0,20637.32,270.97,20069.0,12.9,50.5,13.9,20.6,17.4,22.8,3.35,94.1,2.2,0.4,0.9,0.78,0.25,0.7371794871794872,0.9294871794871795,0.4423076923076923,0.1987179487179487,0.5256410256410257,0.46153846153846156,0.40384615384615385,0.1858974358974359,0.8076923076923077,4.9423076923076925,0.41025641025641024,60.58872000000001,6.955178957011059,46.68837966732581,Other,18.76666666666667
2021,Jayuya Municipio,72073,14877.0,0.0,12182.0,107.0,18.8,35.2,16780.0,20223.93,270.97,6177.0,15.8,56.9,8.4,17.9,20.8,24.6,5.58,96.5,1.9,0.5,0.4,0.25,0.7243589743589743,0.9487179487179487,0.5576923076923077,0.12179487179487179,0.9743589743589743,0.7307692307692307,0.9230769230769231,0.7756410256410257,0.02564102564102564,0.8461538461538461,6.628205128205128,0.9102564102564102,69.57372,7.98659673458986,41.52046783625731,Mountain (Isolated),19.433333333333334
2021,Juana Díaz Municipio,72075,46704.0,0.0,38738.0,133.0,20.7,46.2,21420.0,25816.24,270.97,18513.0,13.6,45.1,11.6,18.6,20.2,24.5,4.77,97.3,2.0,0.1,2.1,1.25,0.7948717948717948,0.4423076923076923,0.8076923076923077,0.1794871794871795,0.9038461538461539,0.717948717948718,0.8461538461538461,0.5192307692307693,0.5512820512820513,0.358974358974359,6.1217948717948705,0.8461538461538461,61.97520000000001,7.114337568058077,39.63900308324769,Other,18.900000000000002
2021,Juncos Municipio,72077,37290.0,0.0,30775.0,195.0,16.4,48.9,22283.0,26856.36,270.97,15791.0,9.7,40.0,8.0,16.7,19.8,23.3,4.78,91.4,2.4,0.7,1.6,0.57,0.6153846153846154,0.21794871794871795,0.5,0.05128205128205128,0.8525641025641025,0.5897435897435898,0.8589743589743589,0.07692307692307693,0.40384615384615385,0.24358974358974358,4.410256410256411,0.32051282051282054,37.743669999999995,4.332720337124956,42.34647358541164,Other,16.566666666666666
2021,Lajas Municipio,72079,23407.0,0.0,19984.0,162.0,21.5,38.8,15593.0,18793.31,270.97,12039.0,15.5,59.8,9.0,24.9,16.9,24.0,3.48,92.5,1.2,2.4,1.7,0.18,0.8461538461538461,0.9615384615384616,0.6474358974358975,0.9615384615384616,0.07692307692307693,0.6923076923076923,0.48717948717948717,0.7435897435897436,0.4230769230769231,0.9102564102564102,6.750000000000001,0.9358974358974359,92.62799999999999,10.633073556101206,51.433331909257916,Other,21.46666666666667
2021,Lares Municipio,72081,28092.0,0.0,23844.0,113.0,11.8,37.0,17629.0,21247.18,270.97,12360.0,14.1,56.1,8.9,21.5,17.8,19.3,2.31,96.2,1.1,0.3,1.5,0.92,0.3717948717948718,0.9358974358974359,0.6217948717948718,0.5897435897435898,0.33974358974358976,0.32051282051282054,0.15384615384615385,0.6025641025641025,0.3717948717948718,0.782051282051282,5.08974358974359,0.46794871794871795,58.507949999999994,6.716320507478208,43.998291328492094,Mountain (Isolated),18.3
2021,Las Marías Municipio,72083,8896.0,0.0,7432.0,44.0,6.8,33.4,15353.0,18504.05,270.97,3954.0,14.4,49.4,9.3,21.6,19.5,11.5,1.56,96.3,0.0,0.1,3.7,1.18,0.09615384615384616,0.6410256410256411,0.6794871794871795,0.6153846153846154,0.8012820512820513,0.08333333333333333,0.08974358974358974,0.6410256410256411,0.8974358974358975,0.9487179487179487,5.493589743589744,0.6025641025641025,35.769600000000004,4.106110332429911,44.44694244604317,Other,15.833333333333334
2021,Las Piedras Municipio,72085,35495.0,0.0,29830.0,148.0,12.5,41.5,24466.0,29487.4,270.97,15045.0,9.5,37.2,4.0,19.1,18.6,11.9,3.75,97.5,1.9,0.2,2.8,0.16,0.38461538461538464,0.1282051282051282,0.10256410256410256,0.27564102564102566,0.5448717948717948,0.10256410256410256,0.532051282051282,0.0641025641025641,0.7435897435897436,0.15384615384615385,3.0320512820512815,0.07692307692307693,21.592550000000003,2.478680014831294,42.386251584730246,Other,13.5
2021,Loíza Municipio,72087,24216.0,0.0,20175.0,105.0,25.3,48.7,19541.0,23551.59,270.97,11515.0,21.0,47.2,4.8,19.3,19.5,19.6,4.07,95.8,5.3,0.2,3.8,0.36,0.9487179487179487,0.5897435897435898,0.16666666666666666,0.2948717948717949,0.8012820512820513,0.3333333333333333,0.6666666666666666,0.9615384615384616,0.9102564102564102,0.5,6.173076923076923,0.8589743589743589,79.4388,9.119041797387535,47.55120581433763,Other,19.96666666666667
2021,Luquillo Municipio,72089,17917.0,0.0,15202.0,67.0,24.6,48.1,22216.0,26775.61,270.97,10411.0,12.6,44.0,8.4,22.1,18.0,25.0,2.47,95.2,16.2,0.0,2.8,0.19,0.9102564102564102,0.34615384615384615,0.5576923076923077,0.6602564102564102,0.391025641025641,0.7692307692307693,0.19230769230769232,0.358974358974359,0.7435897435897436,0.2564102564102564,5.185897435897436,0.5064102564102564,69.615,7.991335401908553,58.10682591951778,Other,19.900000000000002
2021,Manatí Municipio,72091,39693.0,0.0,33202.0,196.0,19.2,40.9,19427.0,23414.2,270.97,18515.0,18.5,46.7,6.7,22.6,18.6,20.5,3.98,96.1,3.3000000000000003,0.3,5.2,0.61,0.7435897435897436,0.5512820512820513,0.38461538461538464,0.7307692307692307,0.5448717948717948,0.44871794871794873,0.6410256410256411,0.9358974358974359,0.9487179487179487,0.5128205128205128,6.4423076923076925,0.8846153846153846,85.7105,9.838990920998105,46.645504245081,Other,20.533333333333335
2021,Maricao Municipio,72093,5389.0,246.0,4549.0,216.0,2.6,33.4,19223.0,23168.33,270.97,2643.0,13.1,52.4,16.2,21.9,18.2,7.6,5.3,97.9,1.3,0.0,5.5,0.24,0.02564102564102564,0.8076923076923077,0.9871794871794872,0.6346153846153846,0.4807692307692308,0.038461538461538464,0.9102564102564102,0.4423076923076923,0.9743589743589743,0.5769230769230769,5.878205128205128,0.7307692307692307,21.803639999999998,2.5029117319897924,49.04434960103916,Other,14.200000000000001
2021,Maunabo Municipio,72095,10700.0,0.0,9135.0,44.0,27.2,35.1,21678.0,26127.19,270.97,5044.0,16.7,46.1,5.1,23.6,17.8,12.3,6.73,96.7,1.2999999999999998,0.0,7.4,0.05,0.9743589743589743,0.5064102564102564,0.1794871794871795,0.8910256410256411,0.33974358974358976,0.1282051282051282,0.9615384615384616,0.8076923076923077,0.9871794871794872,0.3076923076923077,6.083333333333334,0.8012820512820513,48.47676,5.564807130041291,47.14018691588785,Other,17.533333333333335
2021,Mayagüez Municipio,72097,74146.0,0.0,63813.0,211.0,25.0,39.6,15501.0,18682.43,270.97,40717.0,21.4,53.6,6.1,24.5,16.5,23.7,1.61,94.2,17.9,0.0,1.5,1.5,0.9358974358974359,0.8589743589743589,0.27564102564102566,0.9487179487179487,0.05128205128205128,0.6410256410256411,0.10256410256410256,0.9743589743589743,0.3717948717948718,0.9230769230769231,6.083333333333334,0.8012820512820513,124.25909999999999,14.264111827038642,54.91462789631269,Other,23.2
2021,Moca Municipio,72099,37532.0,0.0,31413.0,158.0,24.6,44.3,17685.0,21314.67,270.97,16183.0,10.6,49.9,6.4,18.5,18.9,20.4,3.26,96.8,1.1,0.4,1.4,0.47,0.9102564102564102,0.6858974358974359,0.33974358974358976,0.15384615384615385,0.6794871794871795,0.4230769230769231,0.41025641025641024,0.15384615384615385,0.34615384615384615,0.7692307692307693,4.871794871794871,0.38461538461538464,40.0044,4.592236988466717,43.11787274858787,Other,16.5
2021,Morovis Municipio,72101,29069.0,0.0,24094.0,173.0,16.0,43.2,21598.0,26030.77,270.97,11935.0,13.3,46.8,7.2,17.0,19.6,23.5,5.96,97.0,2.7,0.0,0.6,0.25,0.5833333333333334,0.5641025641025641,0.4358974358974359,0.07051282051282051,0.8205128205128205,0.6217948717948718,0.9358974358974359,0.4935897435897436,0.10256410256410256,0.32051282051282054,4.948717948717948,0.4230769230769231,53.133500000000005,6.099369670003709,41.057483917575425,Other,17.933333333333334
2021,Naguabo Municipio,72103,23722.0,0.0,19509.0,173.0,15.0,37.6,18412.0,22190.88,270.97,11270.0,10.8,50.4,8.3,18.6,20.7,7.4,3.55,96.8,3.3000000000000003,0.0,3.9,0.2,0.4935897435897436,0.717948717948718,0.5384615384615384,0.1794871794871795,0.9615384615384616,0.02564102564102564,0.5,0.1794871794871795,0.9230769230769231,0.7051282051282052,5.2243589743589745,0.5256410256410257,14.865120000000003,1.7064161417743144,47.50864176713599,Other,12.266666666666666
2021,Naranjito Municipio,72105,29200.0,0.0,24691.0,76.0,16.9,37.5,19156.0,23087.58,270.97,10391.0,17.0,45.4,2.7,20.5,18.8,28.4,2.51,95.3,0.0,0.0,2.7,0.26,0.6410256410256411,0.46794871794871795,0.05128205128205128,0.41025641025641024,0.6153846153846154,0.8717948717948718,0.21794871794871795,0.8461538461538461,0.6987179487179487,0.5897435897435898,5.410256410256411,0.5769230769230769,98.97399999999999,11.361551821712233,35.58561643835617,Other,21.96666666666667
2021,Orocovis Municipio,72107,21510.0,0.0,17835.0,72.0,24.3,36.2,15637.0,18846.34,270.97,8971.0,16.3,55.8,12.6,18.0,20.0,22.2,6.37,95.0,0.0,0.0,3.5,0.79,0.8846153846153846,0.9230769230769231,0.8589743589743589,0.14102564102564102,0.8846153846153846,0.48717948717948717,0.9487179487179487,0.7948717948717948,0.8653846153846154,0.8974358974358975,7.685897435897436,0.9871794871794872,65.1348,7.477038470677774,41.70618317061832,Mountain (Isolated),18.833333333333332
2021,Patillas Municipio,72109,16231.0,0.0,13724.0,110.0,15.2,35.7,17783.0,21432.78,270.97,8355.0,17.7,49.9,0.8,22.9,17.5,12.1,2.11,97.2,3.1,0.6,2.9,0.0,0.532051282051282,0.6858974358974359,0.02564102564102564,0.7884615384615384,0.23076923076923078,0.11538461538461539,0.1282051282051282,0.8974358974358975,0.7884615384615384,0.7435897435897436,4.935897435897436,0.3974358974358974,49.044929999999994,5.63002923785286,51.47557143737293,Other,17.566666666666666
2021,Peñuelas Municipio,72111,20625.0,0.0,16886.0,92.0,14.8,39.5,18123.0,21842.56,270.97,8573.0,13.0,53.8,13.9,17.5,21.2,15.7,2.37,96.4,0.0,0.2,0.9,0.02,0.46153846153846156,0.8782051282051282,0.9294871794871795,0.08974358974358974,0.9935897435897436,0.24358974358974358,0.16666666666666666,0.4230769230769231,0.1858974358974359,0.717948717948718,5.08974358974359,0.46794871794871795,35.7175,4.10012960163282,41.5660606060606,Other,15.4
2021,Ponce Municipio,72113,139245.0,0.0,116592.0,227.0,12.8,36.5,17747.0,21389.39,270.97,65563.0,18.1,50.6,9.3,22.7,18.8,22.7,3.33,93.7,10.2,0.2,2.4,2.67,0.3974358974358974,0.7692307692307693,0.6794871794871795,0.7435897435897436,0.6153846153846154,0.5128205128205128,0.44871794871794873,0.9230769230769231,0.5833333333333334,0.7564102564102564,6.42948717948718,0.8717948717948718,93.26749000000001,10.706482721886836,47.08463499587059,Other,21.166666666666668
2021,Quebradillas Municipio,72115,23743.0,0.0,19939.0,127.0,5.3,37.5,18947.0,22835.68,270.97,10342.0,14.2,45.4,14.2,20.9,18.2,17.7,1.42,95.4,2.9000000000000004,0.3,1.3,0.11,0.05128205128205128,0.46794871794871795,0.9615384615384616,0.4935897435897436,0.4807692307692308,0.28846153846153844,0.05128205128205128,0.6282051282051282,0.30128205128205127,0.6410256410256411,4.365384615384615,0.28205128205128205,52.53005999999999,6.030098802591113,43.55810133513035,Other,17.599999999999998
2021,Rincón Municipio,72117,15097.0,0.0,12998.0,99.0,8.2,43.5,24744.0,29822.46,270.97,9329.0,12.5,40.9,1.6,25.6,15.7,27.5,4.1,96.7,11.7,0.4,0.5,0.17,0.21794871794871795,0.24358974358974358,0.038461538461538464,0.9871794871794872,0.038461538461538464,0.8589743589743589,0.6794871794871795,0.33974358974358976,0.0641025641025641,0.14102564102564102,3.608974358974359,0.14102564102564102,88.0,10.101810175507472,61.79373385440816,Other,21.866666666666664
2021,Río Grande Municipio,72119,47630.0,0.0,40526.0,188.0,21.2,52.0,23679.0,28538.88,270.97,22674.0,12.7,37.6,4.1,20.6,17.6,24.2,3.18,96.0,6.0,0.3,2.9,1.42,0.8269230769230769,0.15384615384615385,0.11538461538461539,0.4423076923076923,0.2692307692307692,0.7051282051282052,0.3974358974358974,0.3717948717948718,0.7884615384615384,0.19230769230769232,4.262820512820513,0.2692307692307692,63.31204,7.26779783981973,47.60445097627546,Other,19.166666666666668
2021,Sabana Grande Municipio,72121,22860.0,0.0,19278.0,127.0,18.5,38.8,18857.0,22727.21,270.97,10828.0,11.5,44.8,6.6,23.6,18.4,34.3,2.66,90.4,1.5,0.2,0.5,0.82,0.6923076923076923,0.3974358974358974,0.36538461538461536,0.8910256410256411,0.5128205128205128,0.9871794871794872,0.24358974358974358,0.25,0.0641025641025641,0.6538461538461539,5.0576923076923075,0.44871794871794873,93.09020000000001,10.686131018182111,47.3665791776028,Other,23.133333333333336
2021,Salinas Municipio,72123,26208.0,0.0,21891.0,110.0,4.9,38.3,18563.0,22372.87,270.97,13068.0,14.8,50.5,13.4,20.1,20.2,25.3,5.07,96.8,2.0,0.4,2.0,0.38,0.038461538461538464,0.7371794871794872,0.8974358974358975,0.36538461538461536,0.9038461538461539,0.782051282051282,0.8846153846153846,0.6602564102564102,0.5384615384615384,0.6923076923076923,6.5,0.8974358974358975,75.26244000000001,8.639623661653644,49.862637362637365,Other,20.066666666666666
2021,San Germán Municipio,72125,32031.0,0.0,27243.0,144.0,7.3,28.8,16492.0,19876.82,270.97,15712.0,17.1,50.0,9.7,25.2,17.6,11.5,3.6,95.1,3.6,0.1,2.5,1.75,0.1346153846153846,0.7051282051282052,0.7051282051282052,0.9743589743589743,0.2692307692307692,0.08333333333333333,0.5128205128205128,0.8589743589743589,0.6089743589743589,0.8589743589743589,5.711538461538461,0.6794871794871795,49.555800000000005,5.688673689720606,49.0524804096032,Other,17.933333333333334
2021,San Juan Municipio,72127,344791.0,0.0,294169.0,410.0,16.6,52.0,24347.0,29343.98,270.97,189079.0,23.3,39.7,10.3,23.4,16.9,20.1,2.14,93.2,29.799999999999997,0.1,1.1,2.2,0.6282051282051282,0.19230769230769232,0.7564102564102564,0.8653846153846154,0.07692307692307693,0.391025641025641,0.14102564102564102,0.9871794871794872,0.22435897435897437,0.16666666666666666,4.42948717948718,0.3333333333333333,109.58922000000001,12.580107928658263,54.83872838908208,Metro/Coastal (Hubs),22.266666666666666
2021,San Lorenzo Municipio,72129,37822.0,0.0,32115.0,195.0,8.8,39.0,19339.0,23308.14,270.97,16056.0,16.8,45.5,5.5,19.8,17.8,14.7,3.81,96.2,0.3,0.0,2.6,0.25,0.25,0.48717948717948717,0.20512820512820512,0.32051282051282054,0.33974358974358976,0.1987179487179487,0.5769230769230769,0.8269230769230769,0.6474358974358975,0.5256410256410257,4.378205128205129,0.2948717948717949,48.89808,5.613171842122482,42.45148326370895,Other,17.099999999999998
2021,San Sebastián Municipio,72131,39351.0,0.0,33262.0,197.0,13.1,37.6,16812.0,20262.49,270.97,18290.0,11.2,50.6,7.4,24.0,18.0,24.9,3.79,96.9,1.5,0.3,1.3,0.53,0.41025641025641024,0.7692307692307693,0.44871794871794873,0.9230769230769231,0.391025641025641,0.75,0.5641025641025641,0.23076923076923078,0.30128205128205127,0.8333333333333334,5.621794871794871,0.6410256410256411,66.93119999999999,7.683253150215065,46.479123783385425,Other,20.03333333333333
2021,Santa Isabel Municipio,72133,20530.0,0.0,17110.0,81.0,8.4,48.9,20784.0,25049.71,270.97,9135.0,12.1,46.3,14.0,16.6,20.4,28.5,4.37,97.1,0.8,0.4,0.9,0.02,0.23076923076923078,0.5256410256410257,0.9487179487179487,0.038461538461538464,0.9487179487179487,0.8846153846153846,0.7948717948717948,0.28846153846153844,0.1858974358974359,0.4230769230769231,5.26923076923077,0.5384615384615384,57.2451,6.571353791794805,44.49585971748661,Other,19.066666666666666
2021,Toa Alta Municipio,72135,67602.0,0.0,56644.0,195.0,10.1,50.5,28098.0,33864.83,270.97,26328.0,6.9,32.4,6.8,15.0,19.1,14.2,3.75,95.5,2.7,0.4,1.5,0.49,0.32051282051282054,0.08974358974358974,0.40384615384615385,0.01282051282051282,0.7435897435897436,0.16666666666666666,0.532051282051282,0.01282051282051282,0.3717948717948718,0.07692307692307693,2.730769230769231,0.057692307692307696,14.697000000000001,1.687117092607197,38.945593325641255,Other,12.033333333333333
2021,Toa Baja Municipio,72137,76248.0,0.0,64421.0,214.0,13.4,51.5,26587.0,32043.72,270.97,34889.0,8.6,35.6,10.2,20.1,18.1,23.8,3.09,94.6,2.8,0.6,2.7,0.56,0.4230769230769231,0.11538461538461539,0.7435897435897436,0.36538461538461536,0.42948717948717946,0.6666666666666666,0.3717948717948718,0.02564102564102564,0.6987179487179487,0.11538461538461539,3.955128205128205,0.21794871794871795,41.14068,4.722674316492009,45.75726576434791,Other,17.500000000000004
2021,Trujillo Alto Municipio,72139,68001.0,0.0,57546.0,177.0,5.5,52.1,33948.0,40915.49,270.97,29042.0,9.8,28.2,6.8,19.9,18.1,19.9,2.9,95.5,10.4,0.3,2.6,1.17,0.0641025641025641,0.038461538461538464,0.40384615384615385,0.3333333333333333,0.42948717948717946,0.358974358974359,0.28205128205128205,0.08974358974358974,0.6474358974358975,0.038461538461538464,2.6858974358974357,0.038461538461538464,38.80898,4.455010784830296,42.70819546771371,Other,16.53333333333333
2021,Utuado Municipio,72141,28585.0,0.0,24129.0,98.0,31.9,39.0,15812.0,19057.25,270.97,13306.0,17.6,54.6,13.8,22.8,18.2,20.1,3.27,95.1,0.4,0.4,0.4,0.32,0.9871794871794872,0.8974358974358975,0.9102564102564102,0.7628205128205128,0.4807692307692308,0.391025641025641,0.4230769230769231,0.8846153846153846,0.02564102564102564,0.8846153846153846,6.647435897435898,0.9230769230769231,80.65728000000001,9.25891513446313,46.54888927759314,Mountain (Isolated),20.166666666666668
2021,Vega Alta Municipio,72143,35728.0,0.0,29794.0,101.0,21.2,46.4,21828.0,26307.98,270.97,16019.0,14.1,45.0,11.9,19.0,19.7,24.9,2.84,96.4,3.2,0.6,3.6,1.24,0.8269230769230769,0.4230769230769231,0.8461538461538461,0.25,0.8333333333333334,0.75,0.2692307692307692,0.6025641025641025,0.8846153846153846,0.28205128205128205,5.967948717948718,0.7756410256410257,66.70709999999998,7.657527972256754,44.8359829825347,Other,19.333333333333332
2021,Vega Baja Municipio,72145,54544.0,0.0,45974.0,184.0,17.6,43.1,21507.0,25921.1,270.97,24695.0,13.2,43.4,8.2,21.0,18.2,20.4,5.29,95.5,1.7000000000000002,0.6,2.8,0.58,0.6794871794871795,0.32051282051282054,0.5192307692307693,0.5192307692307693,0.4807692307692308,0.4230769230769231,0.8974358974358975,0.46794871794871795,0.7435897435897436,0.3333333333333333,5.384615384615384,0.5641025641025641,56.5488,6.491423218781102,45.2753740099736,Other,18.2
2021,Vieques Municipio,72147,8317.0,0.0,7041.0,178.0,15.2,33.4,14942.0,18008.7,270.97,4967.0,15.2,53.2,8.2,22.9,18.7,12.6,1.43,92.7,1.3,0.3,5.3,0.0,0.532051282051282,0.8397435897435898,0.5192307692307693,0.7884615384615384,0.5769230769230769,0.15384615384615385,0.0641025641025641,0.6987179487179487,0.9615384615384616,0.9615384615384616,6.096153846153847,0.8205128205128205,43.858079999999994,5.034613622979781,59.721053264398215,Other,16.900000000000002
2021,Villalba Municipio,72149,22341.0,0.0,18348.0,100.0,18.6,42.8,20722.0,24974.98,270.97,9380.0,12.3,44.5,5.6,18.7,20.3,23.1,7.04,95.4,3.0999999999999996,0.3,3.1,0.49,0.7051282051282052,0.3717948717948718,0.21794871794871795,0.21153846153846154,0.9294871794871795,0.5448717948717948,0.9743589743589743,0.3141025641025641,0.8205128205128205,0.44871794871794873,5.538461538461538,0.6153846153846154,53.13231000000001,6.099233065979745,41.98558703728571,Other,18.03333333333333
2021,Yabucoa Municipio,72151,31047.0,0.0,26282.0,169.0,15.2,37.7,17267.0,20810.88,270.97,14548.0,15.2,52.6,6.3,21.9,17.8,12.5,4.59,97.1,0.7,0.1,2.6,0.29,0.532051282051282,0.8205128205128205,0.32051282051282054,0.6346153846153846,0.33974358974358976,0.14102564102564102,0.8333333333333334,0.6987179487179487,0.6474358974358975,0.7948717948717948,5.762820512820513,0.6923076923076923,41.61,4.776549106850749,46.85798949979064,Other,16.53333333333333
2021,Yauco Municipio,72153,34704.0,0.0,29486.0,99.0,17.4,38.9,16444.0,19818.97,270.97,17713.0,12.0,46.4,11.7,23.0,17.7,31.6,2.48,92.2,1.5,0.1,0.4,0.61,0.6666666666666666,0.5384615384615384,0.8269230769230769,0.8076923076923077,0.2948717948717949,0.9487179487179487,0.20512820512820512,0.2692307692307692,0.02564102564102564,0.8717948717948718,5.455128205128204,0.5897435897435898,87.21600000000001,10.011812230307498,51.04022591055786,Other,22.2
2022,Adjuntas Municipio,72001,17972.0,0.0,15111.0,95.0,21.9,41.3,17659.0,19708.47,292.63,7535.0,11.6,63.4,11.5,21.4,18.2,14.9,1.05,94.9,2.9,0.0,1.0,0.39,0.9102564102564102,0.9871794871794872,0.8910256410256411,0.4230769230769231,0.7243589743589743,0.1794871794871795,0.038461538461538464,0.33974358974358976,0.17307692307692307,0.8846153846153846,5.551282051282051,0.6025641025641025,36.98776,4.245946935650322,41.92632984642778,Mountain (Isolated),15.966666666666667
2022,Aguada Municipio,72003,37998.0,0.0,32757.0,139.0,7.6,37.6,20301.0,22657.09,292.63,17598.0,12.0,47.2,7.1,21.5,16.2,28.0,2.95,95.7,0.8999999999999999,0.1,1.2,0.37,0.23076923076923078,0.5897435897435898,0.4423076923076923,0.46153846153846156,0.09615384615384616,0.8461538461538461,0.32051282051282054,0.38461538461538464,0.23717948717948717,0.6538461538461539,4.262820512820514,0.24358974358974358,72.24,8.292667807712043,46.312963840202116,Other,20.5
2022,Aguadilla Municipio,72005,54752.0,0.0,46544.0,151.0,15.5,38.6,18348.0,20477.43,292.63,27565.0,16.3,48.7,11.9,23.0,17.4,24.7,3.15,95.8,10.6,0.1,0.7,1.76,0.6474358974358975,0.6794871794871795,0.9358974358974359,0.6666666666666666,0.4551282051282051,0.6923076923076923,0.4166666666666667,0.8653846153846154,0.09615384615384616,0.8589743589743589,6.314102564102564,0.8205128205128205,92.6003,10.629893781761872,50.34519286966687,Other,21.333333333333332
2022,Aguas Buenas Municipio,72007,24136.0,0.0,20594.0,130.0,5.2,43.3,23160.0,25847.9,292.63,10707.0,13.3,42.9,4.8,21.5,17.3,29.6,4.0,96.4,1.7,0.4,2.4,0.72,0.038461538461538464,0.3717948717948718,0.1794871794871795,0.46153846153846156,0.4166666666666667,0.8846153846153846,0.6410256410256411,0.5961538461538461,0.6346153846153846,0.32051282051282054,4.544871794871795,0.34615384615384615,84.6412,9.716242448035944,44.36112031819688,Other,21.46666666666667
2022,Aibonito Municipio,72009,24555.0,0.0,21052.0,114.0,6.4,39.8,22511.0,25123.58,292.63,10095.0,13.2,42.5,3.3,23.1,17.0,31.5,3.79,96.7,0.8,0.0,1.7,0.18,0.1282051282051282,0.3333333333333333,0.07692307692307693,0.6923076923076923,0.3141025641025641,0.9551282051282052,0.6282051282051282,0.5705128205128205,0.46153846153846156,0.4230769230769231,4.583333333333334,0.3974358974358974,96.04980000000002,11.02587326131202,41.11178985949908,Other,22.599999999999998
2022,Arecibo Municipio,72013,87217.0,0.0,74727.0,175.0,17.6,41.8,21799.0,24328.94,292.63,41099.0,13.1,44.9,5.9,22.9,16.9,20.1,2.67,95.7,3.8,0.2,1.3,1.74,0.7628205128205128,0.4230769230769231,0.3141025641025641,0.6474358974358975,0.27564102564102566,0.3076923076923077,0.21794871794871795,0.5448717948717948,0.2948717948717949,0.48717948717948717,4.2756410256410255,0.2564102564102564,60.297990000000006,6.921805101643725,47.12269397021223,Other,18.7
2022,Arroyo Municipio,72015,15797.0,0.0,13178.0,108.0,11.2,33.1,18496.0,20642.61,292.63,8153.0,10.3,57.7,10.3,21.3,19.4,22.0,2.61,95.0,1.4,0.4,2.6,0.19,0.40384615384615385,0.9743589743589743,0.8269230769230769,0.391025641025641,0.9294871794871795,0.48717948717948717,0.20512820512820512,0.1794871794871795,0.7115384615384616,0.8333333333333334,5.9423076923076925,0.7307692307692307,48.265800000000006,5.540590336011462,51.61106539216307,Other,17.866666666666664
2022,Añasco Municipio,72011,25497.0,0.0,22066.0,97.0,8.4,42.6,22673.0,25304.38,292.63,12390.0,10.6,46.6,5.3,22.1,16.3,25.3,3.44,97.0,1.5,0.4,0.5,0.61,0.28205128205128205,0.5576923076923077,0.21794871794871795,0.5448717948717948,0.12179487179487179,0.7307692307692307,0.5,0.23076923076923078,0.07051282051282051,0.38461538461538464,3.6410256410256414,0.15384615384615385,59.267779999999995,6.803543898678843,48.59395222967408,Other,19.333333333333336
2022,Barceloneta Municipio,72017,22604.0,0.0,19057.0,103.0,15.8,43.1,20282.0,22635.88,292.63,10055.0,8.6,46.6,7.9,20.6,17.8,17.3,1.24,97.0,1.2000000000000002,0.5,0.2,0.09,0.6794871794871795,0.5576923076923077,0.6025641025641025,0.3141025641025641,0.5512820512820513,0.24358974358974358,0.05128205128205128,0.038461538461538464,0.01282051282051282,0.6666666666666666,3.7179487179487176,0.16666666666666666,30.648680000000002,3.518263039657641,44.4832772960538,Other,15.500000000000002
2022,Barranquitas Municipio,72019,28899.0,0.0,23743.0,153.0,15.5,43.7,21262.0,23729.62,292.63,11074.0,9.8,50.0,4.1,17.9,20.5,18.0,6.48,95.7,1.9,0.5,2.8,0.85,0.6474358974358975,0.7564102564102564,0.1282051282051282,0.07051282051282051,1.0,0.2564102564102564,0.9358974358974359,0.11538461538461539,0.7884615384615384,0.5512820512820513,5.25,0.5512820512820513,31.5756,3.62466724292902,38.31966504031281,Other,15.233333333333334
2022,Bayamón Municipio,72021,184326.0,0.0,158308.0,270.0,9.9,47.0,29403.0,32815.45,292.63,83655.0,12.5,34.8,7.9,23.2,16.4,24.3,2.43,93.3,8.5,0.2,0.9,3.04,0.3333333333333333,0.10256410256410256,0.6025641025641025,0.717948717948718,0.14743589743589744,0.6282051282051282,0.1794871794871795,0.46153846153846156,0.14102564102564102,0.08974358974358974,3.4038461538461537,0.11538461538461539,70.47,8.089483671227404,45.38426483512906,Metro/Coastal (Hubs),20.0
2022,Cabo Rojo Municipio,72023,46983.0,0.0,40609.0,169.0,14.6,44.5,23077.0,25755.27,292.63,28480.0,10.9,42.1,9.5,24.0,16.2,19.5,3.36,97.1,4.6,3.4,2.4,0.36,0.5833333333333334,0.3076923076923077,0.75,0.8205128205128205,0.09615384615384616,0.2948717948717949,0.47435897435897434,0.2692307692307692,0.6346153846153846,0.3333333333333333,4.564102564102564,0.358974358974359,51.012,5.8558356894657635,60.61767022114382,Other,18.133333333333333
2022,Caguas Municipio,72025,126772.0,0.0,108335.0,291.0,9.6,48.7,29279.0,32677.06,292.63,57997.0,13.0,37.0,6.8,21.5,17.1,24.9,3.02,94.1,6.1,0.1,1.4,0.94,0.32051282051282054,0.15384615384615385,0.38461538461538464,0.46153846153846156,0.358974358974359,0.7051282051282052,0.358974358974359,0.5192307692307693,0.3525641025641026,0.10256410256410256,3.7179487179487185,0.1794871794871795,69.5955,7.989096932608299,45.7490613069132,Other,19.8
2022,Camuy Municipio,72027,32733.0,0.0,28032.0,151.0,5.4,41.1,23263.0,25962.85,292.63,14035.0,10.7,41.7,2.6,21.7,16.8,22.6,0.58,96.2,0.4,0.1,0.4,0.47,0.05128205128205128,0.28205128205128205,0.05128205128205128,0.5,0.23717948717948717,0.5256410256410257,0.01282051282051282,0.24358974358974358,0.038461538461538464,0.2948717948717949,2.2371794871794872,0.01282051282051282,52.474940000000004,6.0237713960357295,42.877218708948156,Other,18.333333333333332
2022,Canóvanas Municipio,72029,42218.0,0.0,35229.0,154.0,17.7,53.0,26021.0,29040.94,292.63,17553.0,9.7,36.4,6.4,18.4,18.6,20.4,3.62,96.7,2.0,0.1,5.5,0.16,0.7884615384615384,0.14102564102564102,0.34615384615384615,0.09615384615384616,0.7948717948717948,0.32051282051282054,0.5641025641025641,0.10256410256410256,0.9615384615384616,0.16666666666666666,4.282051282051282,0.2692307692307692,36.40991999999999,4.1796147766524205,41.57705244208631,Other,16.166666666666668
2022,Carolina Municipio,72031,154126.0,0.0,132256.0,276.0,13.3,52.5,32888.0,36704.91,292.63,76551.0,10.8,31.0,7.1,23.6,16.5,19.4,2.82,91.5,21.4,0.3,2.3,0.42,0.5128205128205128,0.0641025641025641,0.4423076923076923,0.7371794871794872,0.17307692307692307,0.28205128205128205,0.2692307692307692,0.2564102564102564,0.5833333333333334,0.05128205128205128,3.371794871794872,0.10256410256410256,49.446720000000006,5.676152036834874,49.6678042640437,Metro/Coastal (Hubs),17.933333333333334
2022,Cataño Municipio,72033,23060.0,0.0,19443.0,88.0,13.7,43.6,22407.0,25007.51,292.63,10917.0,23.2,45.6,11.7,22.4,18.0,18.8,3.76,94.0,9.8,0.3,1.2,0.03,0.5384615384615384,0.48717948717948717,0.9102564102564102,0.6153846153846154,0.6217948717948718,0.2692307692307692,0.6153846153846154,0.9871794871794872,0.23717948717948717,0.44871794871794873,5.730769230769231,0.6794871794871795,97.69984,11.215286793834682,47.3417172593235,Other,21.46666666666667
2022,Cayey Municipio,72035,41509.0,0.0,35716.0,119.0,6.7,41.7,26704.0,29803.21,292.63,19696.0,16.3,39.8,7.2,22.4,16.6,32.3,4.3,97.0,2.0999999999999996,0.0,0.8,0.33,0.16666666666666666,0.24358974358974358,0.46794871794871795,0.6153846153846154,0.1987179487179487,0.9743589743589743,0.6923076923076923,0.8653846153846154,0.12179487179487179,0.14102564102564102,4.487179487179487,0.3333333333333333,117.93375999999998,13.538005190952909,47.449950613120045,Other,23.666666666666668
2022,Ceiba Municipio,72037,11256.0,0.0,9598.0,60.0,11.2,43.1,22945.0,25607.95,292.63,7315.0,12.7,41.8,9.2,24.9,16.1,10.8,4.74,95.9,4.1,0.0,2.1,0.3,0.40384615384615385,0.2948717948717949,0.7115384615384616,0.9230769230769231,0.07051282051282051,0.08333333333333333,0.7756410256410257,0.48717948717948717,0.5384615384615384,0.358974358974359,4.647435897435897,0.41025641025641024,34.152840000000005,3.9205171208463487,64.98756218905473,Other,16.133333333333336
2022,Ciales Municipio,72039,16924.0,0.0,14238.0,86.0,17.7,35.4,19618.0,21894.82,292.63,7200.0,13.4,55.7,7.5,22.4,18.0,24.2,2.94,95.2,4.1,0.5,1.7,0.04,0.7884615384615384,0.9230769230769231,0.5192307692307693,0.6153846153846154,0.6217948717948718,0.6025641025641025,0.3076923076923077,0.6153846153846154,0.46153846153846156,0.782051282051282,6.237179487179486,0.7948717948717948,72.63871999999999,8.338438191270887,42.54313401087214,Other,19.999999999999996
2022,Cidra Municipio,72041,39831.0,0.0,33585.0,167.0,6.3,41.1,25580.0,28548.76,292.63,16449.0,11.5,39.0,5.4,19.5,18.1,35.0,3.49,98.0,0.1,0.0,1.4,0.44,0.11538461538461539,0.19230769230769232,0.23717948717948717,0.19230769230769232,0.6858974358974359,1.0,0.5256410256410257,0.32051282051282054,0.3525641025641026,0.21794871794871795,3.8397435897435903,0.20512820512820512,78.4875,9.009838933524348,41.29697973939896,Other,22.0
2022,Coamo Municipio,72043,34557.0,0.0,29180.0,139.0,7.4,40.6,20569.0,22956.19,292.63,15971.0,12.5,49.9,10.3,19.7,17.9,31.5,4.32,97.2,3.2,0.1,1.3,0.4,0.21794871794871795,0.7371794871794872,0.8269230769230769,0.23717948717948717,0.5769230769230769,0.9551282051282052,0.7051282051282052,0.46153846153846156,0.2948717948717949,0.5897435897435898,5.602564102564102,0.6153846153846154,77.56875,8.904372591493127,46.21639609919843,Other,21.233333333333334
2022,Comerío Municipio,72045,18817.0,0.0,15755.0,106.0,12.7,40.7,16153.0,18027.68,292.63,7411.0,19.1,53.3,7.5,20.0,18.1,27.0,4.78,92.4,2.0,0.2,1.6,0.13,0.46794871794871795,0.8461538461538461,0.5192307692307693,0.2692307692307692,0.6858974358974359,0.8076923076923077,0.7948717948717948,0.9358974358974359,0.4230769230769231,0.9871794871794872,6.737179487179487,0.9358974358974359,103.14,11.839780698884555,39.384599032789495,Other,22.03333333333333
2022,Corozal Municipio,72047,34459.0,0.0,28732.0,182.0,15.2,42.2,21670.0,24184.97,292.63,13177.0,13.2,46.1,6.9,19.6,19.1,24.3,4.41,95.7,0.5,0.7,2.7,0.82,0.6282051282051282,0.5192307692307693,0.41025641025641024,0.20512820512820512,0.8653846153846154,0.6282051282051282,0.7307692307692307,0.5705128205128205,0.75,0.5,5.8076923076923075,0.7051282051282052,62.86896000000001,7.216935225586049,38.239647116863516,Other,19.033333333333335
2022,Culebra Municipio,72049,1186.0,190.0,1013.0,153.0,3.2,58.5,25483.0,28440.5,292.63,1466.0,24.2,23.5,0.0,21.9,17.4,8.2,2.91,94.6,4.4,1.0,7.8,0.0,0.02564102564102564,0.01282051282051282,0.01282051282051282,0.5256410256410257,0.4551282051282051,0.03205128205128205,0.2948717948717949,1.0,0.9871794871794872,0.23076923076923078,3.5769230769230775,0.14102564102564102,43.45835999999999,4.988728446123487,123.60876897133221,Other,18.099999999999998
2022,Dorado Municipio,72051,35786.0,0.0,30064.0,185.0,14.2,48.2,31485.0,35139.08,292.63,15845.0,11.0,30.6,11.2,18.7,19.0,15.7,3.71,94.1,0.3,0.5,2.6,0.22,0.5641025641025641,0.05128205128205128,0.8717948717948718,0.1346153846153846,0.8461538461538461,0.21794871794871795,0.5897435897435898,0.28205128205128205,0.7115384615384616,0.07692307692307693,4.346153846153846,0.3076923076923077,32.2949,3.7072380617840484,44.27709160006707,Metro/Coastal (Hubs),15.133333333333333
2022,Fajardo Municipio,72053,31984.0,0.0,26920.0,137.0,22.6,50.9,24309.0,27130.25,292.63,18632.0,13.5,42.6,5.9,22.9,17.8,21.2,5.54,95.7,9.8,0.1,1.5,0.51,0.9358974358974359,0.34615384615384615,0.3141025641025641,0.6474358974358975,0.5512820512820513,0.3974358974358974,0.8974358974358975,0.6346153846153846,0.3974358974358974,0.2692307692307692,5.391025641025641,0.5769230769230769,65.5398,7.5235297561445975,58.25412706353177,Other,19.2
2022,Florida Municipio,72054,11641.0,0.0,9811.0,69.0,22.7,46.7,21560.0,24062.21,292.63,5027.0,12.9,47.4,11.5,20.3,18.3,20.7,3.0,96.4,1.8,0.0,0.4,0.24,0.9487179487179487,0.6025641025641025,0.8910256410256411,0.2948717948717949,0.75,0.34615384615384615,0.34615384615384615,0.5,0.038461538461538464,0.5128205128205128,5.23076923076923,0.5384615384615384,54.20709,6.222610606211925,43.18357529421871,Other,17.966666666666665
2022,Guayama Municipio,72057,36365.0,0.0,30670.0,165.0,6.8,32.9,19165.0,21389.25,292.63,17953.0,14.4,48.0,8.6,19.7,18.0,24.0,2.78,95.7,1.9,0.6,1.7,6.96,0.1794871794871795,0.6410256410256411,0.6602564102564102,0.23717948717948717,0.6217948717948718,0.5897435897435898,0.24358974358974358,0.7243589743589743,0.46153846153846156,0.7948717948717948,5.153846153846154,0.5256410256410257,68.0832,7.815495028876255,49.36889866630001,Other,19.366666666666667
2022,Guayanilla Municipio,72059,17670.0,0.0,14729.0,79.0,20.6,38.0,21312.0,23785.42,292.63,8303.0,13.7,53.4,7.6,22.3,18.5,14.4,5.01,96.4,1.0,0.1,2.8,0.44,0.8589743589743589,0.8589743589743589,0.5576923076923077,0.5897435897435898,0.782051282051282,0.16666666666666666,0.8397435897435898,0.6666666666666666,0.7884615384615384,0.5256410256410257,6.634615384615384,0.8974358974358975,43.99343999999999,5.05015204372247,46.98924731182796,Other,16.8
2022,Guaynabo Municipio,72061,89554.0,0.0,78257.0,202.0,8.2,52.1,43304.0,48329.77,292.63,40694.0,10.3,25.1,6.7,24.2,14.9,22.2,2.96,94.9,21.299999999999997,0.1,1.2,0.76,0.2564102564102564,0.02564102564102564,0.36538461538461536,0.8589743589743589,0.03205128205128205,0.5,0.3333333333333333,0.1794871794871795,0.23717948717948717,0.01282051282051282,2.801282051282051,0.05128205128205128,55.33572,6.352169765511732,45.44073966545324,Metro/Coastal (Hubs),18.900000000000002
2022,Gurabo Municipio,72063,40517.0,0.0,34166.0,245.0,14.7,57.7,39533.0,44121.11,292.63,17226.0,10.2,31.9,14.9,17.0,18.0,24.5,2.81,96.2,1.7999999999999998,0.0,1.5,0.81,0.6025641025641025,0.07692307692307693,1.0,0.02564102564102564,0.6217948717948718,0.6794871794871795,0.2564102564102564,0.15384615384615385,0.3974358974358974,0.02564102564102564,3.8397435897435894,0.19230769230769232,42.483,4.876763655523681,42.51548732630748,Other,17.233333333333334
2022,Guánica Municipio,72055,13682.0,0.0,11384.0,69.0,31.3,38.2,14525.0,16210.74,292.63,9148.0,10.0,66.3,4.3,25.4,18.3,34.1,7.49,95.6,1.4,0.2,1.3,0.64,1.0,1.0,0.14102564102564102,0.9487179487179487,0.75,0.9871794871794872,0.9743589743589743,0.1346153846153846,0.2948717948717949,1.0,7.230769230769231,1.0,86.614,9.94270666524323,66.86156994591434,Other,23.166666666666668
2022,Hatillo Municipio,72065,38330.0,0.0,32903.0,148.0,6.0,43.2,24407.0,27239.62,292.63,17130.0,7.5,39.3,7.7,22.1,16.4,21.4,1.01,96.7,1.0,0.6,1.3,0.41,0.08333333333333333,0.21794871794871795,0.5769230769230769,0.5448717948717948,0.14743589743589744,0.44871794871794873,0.02564102564102564,0.02564102564102564,0.2948717948717949,0.2564102564102564,2.6217948717948714,0.02564102564102564,35.4705,4.07177565716293,44.69084268197235,Other,17.0
2022,Hormigueros Municipio,72067,15571.0,0.0,13658.0,68.0,16.5,44.1,22542.0,25158.18,292.63,7561.0,13.0,41.1,5.2,29.2,14.7,28.5,1.56,95.4,5.9,0.0,1.9,0.98,0.717948717948718,0.2564102564102564,0.20512820512820512,1.0,0.01282051282051282,0.8717948717948718,0.07692307692307693,0.5192307692307693,0.5064102564102564,0.41025641025641024,4.5769230769230775,0.38461538461538464,108.18599999999999,12.419027677811947,48.558217198638495,Other,23.566666666666666
2022,Humacao Municipio,72069,50729.0,0.0,43357.0,166.0,7.3,38.6,25940.0,28950.54,292.63,26541.0,14.6,37.1,4.6,24.2,16.8,9.4,2.59,95.4,9.9,0.1,2.6,0.79,0.20512820512820512,0.16666666666666666,0.16666666666666666,0.8589743589743589,0.23717948717948717,0.05128205128205128,0.19230769230769232,0.7692307692307693,0.7115384615384616,0.19230769230769232,3.5512820512820515,0.1282051282051282,33.21207999999999,3.8125241783382746,52.31918626426699,Other,16.066666666666666
2022,Isabela Municipio,72071,42817.0,0.0,36801.0,167.0,7.0,36.2,19965.0,22282.09,292.63,20390.0,12.3,48.2,14.7,21.3,16.6,26.5,2.34,94.1,2.3,0.1,0.5,0.93,0.19230769230769232,0.6538461538461539,0.9871794871794872,0.391025641025641,0.1987179487179487,0.7564102564102564,0.15384615384615385,0.42948717948717946,0.07051282051282051,0.7435897435897436,4.576923076923077,0.3717948717948718,69.42735000000002,7.969794439642261,47.62127192470281,Other,20.03333333333333
2022,Jayuya Municipio,72073,14726.0,0.0,12055.0,141.0,19.8,36.8,18363.0,20494.17,292.63,6188.0,14.2,54.7,1.0,18.7,20.0,24.3,6.31,96.8,1.8,0.5,1.3,0.26,0.8397435897435898,0.9102564102564102,0.02564102564102564,0.1346153846153846,0.9743589743589743,0.6282051282051282,0.9230769230769231,0.7051282051282052,0.2948717948717949,0.8461538461538461,6.282051282051282,0.8076923076923077,64.52622,7.407177565716292,42.02091538774956,Mountain (Isolated),19.066666666666666
2022,Juana Díaz Municipio,72075,46333.0,0.0,38785.0,114.0,18.5,44.6,23035.0,25708.39,292.63,18727.0,13.6,44.3,12.4,19.4,19.3,25.0,4.46,97.1,2.2,0.2,2.8,1.1,0.8076923076923077,0.41025641025641024,0.9615384615384616,0.17307692307692307,0.9038461538461539,0.717948717948718,0.7564102564102564,0.6538461538461539,0.7884615384615384,0.34615384615384615,6.519230769230769,0.8461538461538461,65.96,7.571765899732647,40.41827639047763,Other,19.333333333333332
2022,Juncos Municipio,72077,36928.0,0.0,30729.0,211.0,14.6,49.3,25931.0,28940.5,292.63,16034.0,8.8,38.1,11.8,17.3,19.1,25.6,5.01,91.5,2.1,0.8,2.1,0.52,0.5833333333333334,0.1794871794871795,0.9230769230769231,0.05128205128205128,0.8653846153846154,0.7435897435897436,0.8397435897435898,0.05128205128205128,0.5384615384615384,0.20512820512820512,4.980769230769231,0.48717948717948717,38.97344000000001,4.47388969052875,43.419627383015595,Other,17.233333333333334
2022,Lajas Municipio,72079,23202.0,0.0,19987.0,157.0,19.8,42.0,17131.0,19119.19,292.63,12085.0,13.9,56.1,9.5,25.9,16.1,26.9,4.74,91.0,1.1,1.8,1.7,0.22,0.8397435897435898,0.9615384615384616,0.75,0.9615384615384616,0.07051282051282051,0.7948717948717948,0.7756410256410257,0.6794871794871795,0.46153846153846156,0.9230769230769231,7.217948717948719,0.9871794871794872,96.84269,11.116891718926317,52.08602706663219,Other,22.233333333333334
2022,Lares Municipio,72081,27990.0,0.0,23907.0,110.0,11.0,39.2,18844.0,21030.99,292.63,12363.0,13.3,56.0,10.4,22.2,17.1,21.5,3.4,96.7,1.0,0.2,1.4,1.15,0.3717948717948718,0.9487179487179487,0.8461538461538461,0.5705128205128205,0.358974358974359,0.46153846153846156,0.48717948717948717,0.5961538461538461,0.3525641025641026,0.8205128205128205,5.814102564102563,0.717948717948718,63.480900000000005,7.287181836026958,44.16934619506967,Mountain (Isolated),19.0
2022,Las Marías Municipio,72083,8826.0,0.0,7401.0,45.0,8.1,33.3,16506.0,18421.65,292.63,4005.0,12.5,52.8,9.1,22.2,18.9,10.8,2.2,96.5,0.9,0.1,3.5,1.01,0.24358974358974358,0.8333333333333334,0.6923076923076923,0.5705128205128205,0.8269230769230769,0.08333333333333333,0.14102564102564102,0.46153846153846156,0.8461538461538461,0.9743589743589743,5.6730769230769225,0.6666666666666666,29.970000000000002,3.440355124544989,45.37729435757988,Other,15.166666666666666
2022,Las Piedras Municipio,72085,35099.0,0.0,29723.0,152.0,10.9,40.8,23193.0,25884.73,292.63,15111.0,10.0,39.1,2.2,20.2,17.8,13.5,3.13,97.6,2.1,0.2,2.3,0.25,0.358974358974359,0.20512820512820512,0.038461538461538464,0.28205128205128205,0.5512820512820513,0.14102564102564102,0.3974358974358974,0.1346153846153846,0.5833333333333334,0.3076923076923077,3.0,0.0641025641025641,27.27,3.130413221432827,43.05250861847916,Other,14.566666666666668
2022,Loíza Municipio,72087,23580.0,0.0,19855.0,97.0,21.7,47.7,21306.0,23778.73,292.63,11470.0,19.4,45.4,5.8,20.6,18.4,20.7,4.14,95.4,5.4,0.2,3.5,0.35,0.8974358974358975,0.46153846153846156,0.28846153846153844,0.3141025641025641,0.7692307692307693,0.34615384615384615,0.6666666666666666,0.9487179487179487,0.8461538461538461,0.5384615384615384,6.076923076923077,0.7564102564102564,82.72547999999999,9.496330632247044,48.64291772688719,Other,20.23333333333333
2022,Luquillo Municipio,72089,17716.0,0.0,15235.0,64.0,22.4,47.8,22585.0,25206.17,292.63,10357.0,14.9,45.3,8.6,23.1,17.1,24.4,3.16,95.3,16.5,0.0,2.7,0.27,0.9230769230769231,0.4423076923076923,0.6602564102564102,0.6923076923076923,0.358974358974359,0.6602564102564102,0.4358974358974359,0.782051282051282,0.75,0.3974358974358974,6.102564102564103,0.7756410256410257,83.98236,9.640612031944679,58.46127794084444,Other,20.8
2022,Manatí Municipio,72091,39310.0,0.0,33257.0,188.0,17.4,40.6,20385.0,22750.84,292.63,18618.0,18.0,45.5,7.5,23.6,17.7,21.2,4.34,95.1,3.5,0.1,4.1,0.81,0.7307692307692307,0.47435897435897434,0.5192307692307693,0.7371794871794872,0.5192307692307693,0.3974358974358974,0.717948717948718,0.9230769230769231,0.9166666666666666,0.6282051282051282,6.564102564102564,0.8589743589743589,90.0576,10.338008864338429,47.361994403459676,Other,20.933333333333334
2022,Maricao Municipio,72093,5354.0,190.0,4548.0,162.0,2.0,30.4,20133.0,22469.59,292.63,2614.0,11.9,52.0,8.8,23.8,17.0,8.2,7.99,98.7,0.7,0.0,5.6,0.24,0.01282051282051282,0.7948717948717948,0.6794871794871795,0.7884615384615384,0.3141025641025641,0.03205128205128205,0.9871794871794872,0.3717948717948718,0.9743589743589743,0.6923076923076923,5.647435897435897,0.6538461538461539,23.224040000000002,2.6659641316862794,48.82330967500934,Other,14.633333333333333
2022,Maunabo Municipio,72095,10563.0,0.0,9077.0,40.0,23.7,34.5,21951.0,24498.59,292.63,4988.0,15.0,49.9,5.4,24.8,16.9,15.3,9.16,95.3,2.0,0.0,8.0,0.08,0.9615384615384616,0.7371794871794872,0.23717948717948717,0.9038461538461539,0.27564102564102566,0.20512820512820512,1.0,0.7948717948717948,1.0,0.47435897435897434,6.58974358974359,0.8717948717948718,56.916000000000004,6.533575317604356,47.22143330493231,Other,18.366666666666667
2022,Mayagüez Municipio,72097,72721.0,0.0,62901.0,180.0,23.9,40.3,16788.0,18736.38,292.63,40642.0,19.8,53.5,5.8,25.3,16.0,23.4,1.69,94.4,18.1,0.0,1.4,1.83,0.9743589743589743,0.8717948717948718,0.28846153846153844,0.9358974358974359,0.05128205128205128,0.5641025641025641,0.08974358974358974,0.9615384615384616,0.3525641025641026,0.9615384615384616,6.05128205128205,0.7435897435897436,117.21996,13.456065735233851,55.88757030293863,Other,22.833333333333332
2022,Moca Municipio,72099,37363.0,0.0,31613.0,138.0,21.3,45.3,20331.0,22690.57,292.63,16409.0,9.1,46.7,7.9,19.4,18.1,21.2,3.12,97.0,0.7,0.0,1.5,0.61,0.8717948717948718,0.5769230769230769,0.6025641025641025,0.17307692307692307,0.6858974358974359,0.3974358974358974,0.38461538461538464,0.07051282051282051,0.3974358974358974,0.6410256410256411,4.801282051282051,0.4358974358974359,37.42648,4.296309051107124,43.917779621550736,Other,16.566666666666666
2022,Morovis Municipio,72101,28659.0,0.0,23964.0,133.0,15.9,44.7,22282.0,24868.0,292.63,12042.0,14.1,47.5,7.4,17.9,18.7,21.3,5.6,96.1,3.2,0.2,0.8,0.27,0.6923076923076923,0.6153846153846154,0.48717948717948717,0.07051282051282051,0.8076923076923077,0.42948717948717946,0.9102564102564102,0.6923076923076923,0.12179487179487179,0.46153846153846156,5.288461538461538,0.5641025641025641,53.759069999999994,6.171180913088846,42.01821417355804,Other,17.76666666666667
2022,Naguabo Municipio,72103,23340.0,0.0,19349.0,184.0,10.0,39.3,20486.0,22863.56,292.63,11227.0,10.4,47.9,9.7,19.3,19.9,7.9,2.4,96.9,4.0,0.0,3.3,0.31,0.34615384615384615,0.6282051282051282,0.7692307692307693,0.15384615384615385,0.9615384615384616,0.01282051282051282,0.16666666666666666,0.21153846153846154,0.8205128205128205,0.6025641025641025,4.6730769230769225,0.4230769230769231,15.856880000000002,1.8202635424522835,48.10197086546701,Other,12.533333333333333
2022,Naranjito Municipio,72105,29153.0,0.0,24624.0,155.0,17.5,39.9,20616.0,23008.65,292.63,10590.0,16.0,48.8,3.4,21.4,18.1,27.1,4.86,96.7,0.2,0.2,4.1,0.27,0.7435897435897436,0.6923076923076923,0.08974358974358974,0.4230769230769231,0.6858974358974359,0.8205128205128205,0.8076923076923077,0.8397435897435898,0.9166666666666666,0.5769230769230769,6.596153846153846,0.8846153846153846,92.79039999999999,10.651715987606915,36.32559256337255,Other,21.5
2022,Orocovis Municipio,72107,21378.0,0.0,17863.0,75.0,19.6,37.3,16869.0,18826.78,292.63,8978.0,15.8,55.9,6.9,18.6,19.3,20.9,7.3,95.9,0.5,0.1,3.5,0.84,0.8205128205128205,0.9358974358974359,0.41025641025641024,0.11538461538461539,0.9038461538461539,0.3717948717948718,0.9615384615384616,0.8205128205128205,0.8461538461538461,0.9487179487179487,7.134615384615384,0.9743589743589743,61.42092,7.050709939148074,41.99644494339976,Mountain (Isolated),18.433333333333334
2022,Patillas Municipio,72109,15927.0,0.0,13657.0,133.0,13.0,36.5,20778.0,23189.45,292.63,8205.0,15.4,48.5,5.6,24.2,16.5,12.8,3.1,97.0,2.3,0.3,2.3,0.09,0.48717948717948717,0.6666666666666666,0.2564102564102564,0.8589743589743589,0.17307692307692307,0.1282051282051282,0.3717948717948718,0.8076923076923077,0.5833333333333334,0.5641025641025641,4.897435897435897,0.46153846153846156,47.70304,5.475989259939091,51.5162930872104,Other,17.466666666666665
2022,Peñuelas Municipio,72111,20298.0,0.0,16752.0,87.0,12.1,38.8,20072.0,22401.51,292.63,8654.0,11.6,52.1,14.4,18.4,20.4,16.7,2.84,97.1,0.0,0.2,1.2,0.03,0.44871794871794873,0.8076923076923077,0.9743589743589743,0.09615384615384616,0.9871794871794872,0.23076923076923078,0.28205128205128205,0.33974358974358976,0.23717948717948717,0.717948717948718,5.121794871794872,0.5128205128205128,35.644479999999994,4.091747395053097,42.63474233914671,Other,15.566666666666665
2022,Ponce Municipio,72113,136542.0,0.0,115013.0,241.0,12.7,37.7,18994.0,21198.4,292.63,66248.0,16.8,50.4,8.3,23.8,18.2,23.6,3.15,93.6,9.6,0.3,2.3,2.83,0.46794871794871795,0.7692307692307693,0.6282051282051282,0.7884615384615384,0.7243589743589743,0.5769230769230769,0.4166666666666667,0.8846153846153846,0.5833333333333334,0.8076923076923077,6.647435897435898,0.9230769230769231,94.36224000000001,10.832152684269072,48.51840459345843,Other,21.400000000000002
2022,Quebradillas Municipio,72115,23540.0,0.0,19914.0,137.0,5.7,39.6,20209.0,22554.41,292.63,10503.0,12.1,46.1,6.9,21.6,17.6,24.4,1.79,96.4,3.4000000000000004,0.4,1.9,0.74,0.0641025641025641,0.5192307692307693,0.41025641025641024,0.48717948717948717,0.5,0.6602564102564102,0.10256410256410256,0.40384615384615385,0.5064102564102564,0.6794871794871795,4.333333333333333,0.2948717948717949,63.77183999999999,7.3205797979867535,44.61767204757859,Other,19.366666666666667
2022,Rincón Municipio,72117,15164.0,0.0,13162.0,87.0,6.2,42.2,26771.0,29877.98,292.63,9279.0,9.5,41.3,3.8,26.4,14.9,30.3,3.29,97.2,11.8,0.4,1.0,0.18,0.10256410256410256,0.2692307692307692,0.11538461538461539,0.9871794871794872,0.03205128205128205,0.9102564102564102,0.44871794871794873,0.08974358974358974,0.17307692307692307,0.1282051282051282,3.2564102564102564,0.07692307692307693,75.9924,8.723418177059479,61.19097863360591,Other,22.066666666666666
2022,Río Grande Municipio,72119,46838.0,0.0,40194.0,141.0,17.6,52.3,25963.0,28976.21,292.63,22704.0,12.1,36.2,3.6,21.4,16.8,23.1,3.51,96.2,6.300000000000001,0.4,2.6,1.43,0.7628205128205128,0.1282051282051282,0.10256410256410256,0.4230769230769231,0.23717948717948717,0.5512820512820513,0.5384615384615384,0.40384615384615385,0.7115384615384616,0.1794871794871795,4.038461538461538,0.21794871794871795,59.81513999999999,6.866377157970499,48.473461719116955,Other,18.866666666666667
2022,Sabana Grande Municipio,72121,22639.0,0.0,19204.0,145.0,11.5,37.7,20464.0,22839.01,292.63,10907.0,10.3,46.0,3.2,24.3,17.7,31.0,2.76,91.9,1.2,0.4,0.7,0.79,0.4358974358974359,0.5,0.0641025641025641,0.8846153846153846,0.5192307692307693,0.9358974358974359,0.23076923076923078,0.1794871794871795,0.09615384615384616,0.6153846153846154,4.461538461538462,0.32051282051282054,77.58990000000001,8.906800469734174,48.177923053138386,Other,21.866666666666664
2022,Salinas Municipio,72123,25688.0,0.0,21694.0,76.0,6.0,38.5,20123.0,22458.43,292.63,12874.0,14.5,50.5,12.2,21.1,19.2,28.2,5.31,97.0,1.3,0.5,2.5,0.53,0.08333333333333333,0.782051282051282,0.9487179487179487,0.3717948717948718,0.8846153846153846,0.8589743589743589,0.8782051282051282,0.75,0.6730769230769231,0.7051282051282052,6.935897435897437,0.9487179487179487,86.27789999999999,9.904124637970638,50.11678604796014,Other,21.266666666666666
2022,San Germán Municipio,72125,31680.0,0.0,26961.0,157.0,6.5,30.9,17862.0,19935.02,292.63,15768.0,17.0,49.8,6.7,26.3,17.3,10.5,3.45,95.2,4.2,0.1,2.4,1.31,0.14743589743589744,0.717948717948718,0.36538461538461536,0.9743589743589743,0.4166666666666667,0.0641025641025641,0.5128205128205128,0.9102564102564102,0.6346153846153846,0.8717948717948718,5.615384615384617,0.6410256410256411,46.94550000000001,5.3890287453896155,49.77272727272727,Other,17.933333333333334
2022,San Juan Municipio,72127,340903.0,0.0,292548.0,424.0,15.7,52.3,26111.0,29141.39,292.63,191178.0,22.6,39.5,8.4,24.1,16.3,20.7,2.12,92.8,30.6,0.2,1.1,2.2,0.6666666666666666,0.23076923076923078,0.6410256410256411,0.8333333333333334,0.12179487179487179,0.34615384615384615,0.1282051282051282,0.9743589743589743,0.20512820512820512,0.15384615384615385,4.301282051282052,0.28205128205128205,112.74462,12.942326699428675,56.0798819605577,Metro/Coastal (Hubs),22.46666666666667
2022,San Lorenzo Municipio,72129,37552.0,0.0,32207.0,148.0,8.3,39.8,19629.0,21907.1,292.63,16209.0,16.9,45.3,4.9,20.7,17.0,14.1,3.64,96.3,0.6,0.1,3.6,0.27,0.2692307692307692,0.4423076923076923,0.19230769230769232,0.33974358974358976,0.3141025641025641,0.15384615384615385,0.5769230769230769,0.8974358974358975,0.8782051282051282,0.7692307692307693,4.833333333333333,0.44871794871794873,49.326029999999996,5.66229763376576,43.16414571793779,Other,17.23333333333333
2022,San Sebastián Municipio,72131,39183.0,0.0,33416.0,154.0,14.9,38.4,17557.0,19594.63,292.63,18369.0,11.7,52.4,7.5,24.8,17.3,27.2,4.99,96.7,1.4,0.3,1.7,0.71,0.6153846153846154,0.8205128205128205,0.5192307692307693,0.9038461538461539,0.4166666666666667,0.8333333333333334,0.8205128205128205,0.358974358974359,0.46153846153846156,0.8974358974358975,6.647435897435897,0.9102564102564102,78.92351999999998,9.05989110707804,46.8800245004211,Other,21.233333333333334
2022,Santa Isabel Municipio,72133,20207.0,0.0,17025.0,76.0,8.6,47.1,22680.0,25312.19,292.63,9142.0,11.2,46.4,10.1,17.2,19.4,30.2,4.44,97.0,0.8999999999999999,0.2,1.0,0.07,0.30128205128205127,0.5384615384615384,0.8012820512820513,0.038461538461538464,0.9294871794871795,0.8974358974358975,0.7435897435897436,0.2948717948717949,0.17307692307692307,0.3717948717948718,5.089743589743589,0.5,58.17727999999999,6.678361807810765,45.24174790914039,Other,19.53333333333333
2022,Toa Alta Municipio,72135,66699.0,0.0,56530.0,192.0,8.6,51.3,32456.0,36222.77,292.63,26651.0,6.4,32.3,5.7,16.0,18.0,15.1,4.01,96.0,3.2,0.2,2.1,0.54,0.30128205128205127,0.08974358974358974,0.2692307692307692,0.01282051282051282,0.6217948717948718,0.19230769230769232,0.6538461538461539,0.01282051282051282,0.5384615384615384,0.0641025641025641,2.7564102564102564,0.038461538461538464,15.4624,1.7749798824746224,39.95712079641374,Other,12.5
2022,Toa Baja Municipio,72137,74854.0,0.0,63785.0,192.0,11.3,52.3,28719.0,32052.06,292.63,35031.0,9.1,35.4,9.9,21.0,17.3,26.7,3.3,94.7,3.2,0.6,2.5,0.64,0.4230769230769231,0.11538461538461539,0.782051282051282,0.358974358974359,0.4166666666666667,0.7756410256410257,0.46153846153846156,0.07051282051282051,0.6730769230769231,0.11538461538461539,4.1923076923076925,0.23076923076923078,51.02369999999999,5.857178771045915,46.79910225238464,Other,18.933333333333334
2022,Trujillo Alto Municipio,72139,67497.0,0.0,57686.0,193.0,6.5,53.0,35821.0,39978.31,292.63,29548.0,10.4,29.2,7.2,20.7,17.2,21.3,3.74,95.0,11.0,0.2,2.4,1.21,0.14743589743589744,0.038461538461538464,0.46794871794871795,0.33974358974358976,0.38461538461538464,0.42948717948717946,0.6025641025641025,0.21153846153846154,0.6346153846153846,0.038461538461538464,3.2948717948717947,0.08974358974358974,45.85464,5.263805328934454,43.77676044861253,Other,17.466666666666665
2022,Utuado Municipio,72141,28155.0,0.0,23956.0,83.0,30.5,39.9,17164.0,19156.02,292.63,13346.0,16.0,53.7,10.1,23.7,17.5,22.7,4.15,95.5,0.5,0.3,1.0,0.51,0.9871794871794872,0.8846153846153846,0.8012820512820513,0.7628205128205128,0.4807692307692308,0.5384615384615384,0.6794871794871795,0.8397435897435898,0.17307692307692307,0.9102564102564102,7.057692307692308,0.9615384615384616,86.0784,9.881223375129574,47.40188243651217,Mountain (Isolated),20.8
2022,Vega Alta Municipio,72143,35279.0,0.0,29659.0,107.0,21.6,48.7,24778.0,27653.68,292.63,16136.0,13.5,42.3,9.3,19.7,18.9,26.7,3.53,96.3,3.0,0.5,3.8,1.08,0.8846153846153846,0.32051282051282054,0.7307692307692307,0.23717948717948717,0.8269230769230769,0.7756410256410257,0.5512820512820513,0.6346153846153846,0.8974358974358975,0.24358974358974358,6.102564102564103,0.7756410256410257,71.00865,8.15131708089828,45.73825788712832,Other,19.966666666666665
2022,Vega Baja Municipio,72145,54182.0,0.0,45969.0,201.0,16.3,44.1,23701.0,26451.69,292.63,25206.0,13.1,43.2,7.6,21.8,17.5,21.8,5.22,96.4,1.4,0.7,4.2,0.57,0.7051282051282052,0.38461538461538464,0.5576923076923077,0.5128205128205128,0.4807692307692308,0.47435897435897434,0.8589743589743589,0.5448717948717948,0.9358974358974359,0.28205128205128205,5.737179487179488,0.6923076923076923,62.256440000000005,7.146622035032619,46.520984828909974,Other,18.900000000000002
2022,Vieques Municipio,72147,8199.0,0.0,6912.0,36.0,13.1,34.6,17062.0,19042.18,292.63,5070.0,14.4,54.1,10.5,23.7,18.0,12.5,1.27,94.5,1.7,0.3,4.6,0.0,0.5,0.8974358974358975,0.8589743589743589,0.7628205128205128,0.6217948717948718,0.11538461538461539,0.0641025641025641,0.7243589743589743,0.9487179487179487,0.9358974358974359,6.42948717948718,0.8333333333333334,42.660000000000004,4.8970820691721455,61.83680936699597,Other,16.866666666666667
2022,Villalba Municipio,72149,21984.0,0.0,18226.0,95.0,13.9,42.8,22461.0,25067.77,292.63,9288.0,12.3,42.7,4.4,19.7,19.5,22.5,6.91,96.1,2.3,0.3,3.6,0.65,0.5512820512820513,0.358974358974359,0.15384615384615385,0.23717948717948717,0.9487179487179487,0.5128205128205128,0.9487179487179487,0.42948717948717946,0.8782051282051282,0.4358974358974359,5.455128205128206,0.5897435897435898,54.51975,6.258501878592313,42.248908296943235,Other,18.166666666666668
2022,Yabucoa Municipio,72151,30313.0,0.0,25933.0,125.0,11.1,37.8,19972.0,22289.91,292.63,14298.0,14.5,49.7,6.2,23.1,16.8,12.0,5.31,97.5,1.1,0.1,2.8,0.38,0.38461538461538464,0.7051282051282052,0.3333333333333333,0.6923076923076923,0.23717948717948717,0.10256410256410256,0.8782051282051282,0.75,0.7884615384615384,0.7307692307692307,5.602564102564103,0.6282051282051282,40.194,4.614001797663039,47.16788176689869,Other,16.533333333333335
2022,Yauco Municipio,72153,33988.0,0.0,29055.0,102.0,13.5,39.3,19827.0,22128.08,292.63,17473.0,11.3,43.7,9.2,23.9,17.0,30.4,2.09,93.5,1.6,0.1,0.4,0.76,0.5256410256410257,0.3974358974358974,0.7115384615384616,0.8076923076923077,0.3141025641025641,0.9230769230769231,0.11538461538461539,0.3076923076923077,0.038461538461538464,0.7564102564102564,4.897435897435898,0.47435897435897434,82.10128,9.424676655979411,51.40932093680123,Other,21.866666666666664
2023,Adjuntas Municipio,72001,17975.0,0.0,15266.0,88.0,21.4,41.0,18605.0,19941.29,304.7,7699.0,12.3,61.9,9.3,22.1,17.6,17.3,1.22,95.5,2.8,0.0,1.0,0.39,0.9487179487179487,0.9871794871794872,0.7692307692307693,0.4423076923076923,0.7371794871794872,0.23076923076923078,0.038461538461538464,0.5064102564102564,0.16666666666666666,0.8846153846153846,5.711538461538462,0.6538461538461539,47.02659000000001,5.398337333879751,42.8317107093185,Mountain (Isolated),17.233333333333334
2023,Aguada Municipio,72003,37904.0,0.0,32906.0,144.0,6.0,38.0,21694.0,23252.15,304.7,17417.0,10.9,46.5,6.0,22.3,15.6,28.5,2.59,96.4,1.0,0.1,1.2,0.43,0.10256410256410256,0.5897435897435898,0.3782051282051282,0.48717948717948717,0.07692307692307693,0.782051282051282,0.23076923076923078,0.2692307692307692,0.26282051282051283,0.5769230769230769,3.7564102564102564,0.1794871794871795,69.27495,7.952299941111039,45.9502954833263,Other,20.566666666666666
2023,Aguadilla Municipio,72005,54486.0,0.0,46580.0,188.0,16.0,39.8,19826.0,21249.98,304.7,27766.0,15.7,47.9,9.8,23.6,16.9,26.2,2.48,96.0,10.7,0.0,0.5,1.59,0.7692307692307693,0.6282051282051282,0.8205128205128205,0.6666666666666666,0.4807692307692308,0.7115384615384616,0.20512820512820512,0.8205128205128205,0.03205128205128205,0.7948717948717948,5.929487179487179,0.7307692307692307,97.07624000000001,11.143701693545518,50.95987960209962,Other,21.833333333333332
2023,Aguas Buenas Municipio,72007,23888.0,0.0,20492.0,134.0,4.5,43.5,22361.0,23967.06,304.7,10641.0,12.6,43.6,3.8,22.3,16.5,30.0,3.37,96.6,1.8,0.0,2.4,0.62,0.05128205128205128,0.38461538461538464,0.14743589743589744,0.48717948717948717,0.3782051282051282,0.8782051282051282,0.44871794871794873,0.5769230769230769,0.6666666666666666,0.5128205128205128,4.532051282051282,0.38461538461538464,84.294,9.67638621516167,44.545378432685865,Other,21.63333333333333
2023,Aibonito Municipio,72009,24610.0,0.0,21234.0,119.0,6.4,38.2,21714.0,23273.59,304.7,10417.0,14.4,44.6,2.8,24.0,16.4,35.1,3.14,97.4,0.8999999999999999,0.0,0.9,0.2,0.14743589743589744,0.46794871794871795,0.05128205128205128,0.7051282051282052,0.3269230769230769,0.9871794871794872,0.3717948717948718,0.7307692307692307,0.1282051282051282,0.5641025641025641,4.480769230769231,0.358974358974359,121.30560000000003,13.925069823023176,42.328321820398216,Other,24.5
2023,Arecibo Municipio,72013,86875.0,0.0,74680.0,254.0,16.4,42.4,23175.0,24839.52,304.7,41415.0,13.2,42.9,6.7,23.4,16.4,20.7,2.83,95.9,3.6,0.4,1.0,2.06,0.782051282051282,0.36538461538461536,0.4423076923076923,0.6474358974358975,0.3269230769230769,0.32051282051282054,0.3076923076923077,0.6410256410256411,0.16666666666666666,0.47435897435897434,4.4743589743589745,0.34615384615384615,63.938159999999996,7.339672219218464,47.67194244604316,Other,19.099999999999998
2023,Arroyo Municipio,72015,15573.0,0.0,13088.0,104.0,8.8,36.6,18931.0,20290.7,304.7,8087.0,11.9,54.4,10.3,22.0,18.7,23.9,2.04,95.6,0.7,0.2,2.4,0.24,0.3717948717948718,0.9230769230769231,0.8589743589743589,0.4166666666666667,0.9294871794871795,0.5641025641025641,0.15384615384615385,0.46153846153846156,0.6666666666666666,0.8461538461538461,6.1923076923076925,0.7692307692307693,62.5702,7.182639580040201,51.92962178128813,Other,19.266666666666666
2023,Añasco Municipio,72011,25316.0,0.0,22003.0,96.0,6.4,44.1,23591.0,25285.4,304.7,12273.0,9.7,44.9,5.6,22.7,15.7,26.8,2.65,96.7,1.6,0.6,0.8,0.66,0.14743589743589744,0.5128205128205128,0.2692307692307692,0.5384615384615384,0.11538461538461539,0.7564102564102564,0.27564102564102566,0.11538461538461539,0.10256410256410256,0.4230769230769231,3.2564102564102564,0.11538461538461539,59.01091999999999,6.774058092296106,48.47922262600727,Other,19.733333333333334
2023,Barceloneta Municipio,72017,22565.0,0.0,19180.0,119.0,14.7,45.7,21750.0,23312.17,304.7,10216.0,9.5,45.4,8.5,21.1,17.1,20.2,1.61,97.5,2.1,0.5,0.0,0.16,0.6923076923076923,0.5384615384615384,0.6858974358974359,0.32051282051282054,0.532051282051282,0.3076923076923077,0.08974358974358974,0.08974358974358974,0.01282051282051282,0.5512820512820513,3.8205128205128203,0.20512820512820512,40.4909,4.648083927675631,45.273653888765786,Other,16.933333333333334
2023,Barranquitas Municipio,72019,28984.0,0.0,23987.0,175.0,15.1,43.8,22167.0,23759.12,304.7,11378.0,10.1,49.6,4.1,18.6,20.0,18.0,6.92,95.6,1.9,0.0,3.7,0.76,0.7243589743589743,0.6923076923076923,0.17307692307692307,0.08333333333333333,1.0,0.25,0.9487179487179487,0.17307692307692307,0.9102564102564102,0.5256410256410257,5.480769230769231,0.5897435897435898,33.8148,3.881712394576706,39.25614131934861,Other,15.566666666666668
2023,Bayamón Municipio,72021,183456.0,0.0,158154.0,276.0,8.6,47.6,30729.0,32936.08,304.7,84738.0,12.3,34.4,6.8,23.8,15.9,23.0,2.58,93.7,8.7,0.2,0.6,3.0,0.3525641025641026,0.14102564102564102,0.47435897435897434,0.6858974358974359,0.17307692307692307,0.5128205128205128,0.21794871794871795,0.5064102564102564,0.0641025641025641,0.08974358974358974,3.2179487179487176,0.08974358974358974,67.3302,7.729055675897197,46.18982208267923,Metro/Coastal (Hubs),19.7
2023,Cabo Rojo Municipio,72023,46955.0,0.0,40883.0,173.0,14.4,46.4,25720.0,27567.31,304.7,28094.0,10.5,38.5,11.6,24.5,15.6,21.3,2.65,96.8,4.3,2.8,1.9,0.34,0.6666666666666666,0.23717948717948717,0.9166666666666666,0.7756410256410257,0.07692307692307693,0.36538461538461536,0.27564102564102566,0.21153846153846154,0.5064102564102564,0.2564102564102564,4.288461538461538,0.2948717948717949,54.79425,6.2900126387420485,59.83175380683633,Other,18.766666666666666
2023,Caguas Municipio,72025,126239.0,0.0,108389.0,279.0,9.1,49.3,30113.0,32275.84,304.7,58929.0,12.5,36.6,6.8,22.1,16.5,25.1,3.25,93.7,6.4,0.1,1.4,0.89,0.38461538461538464,0.1794871794871795,0.47435897435897434,0.4423076923076923,0.3782051282051282,0.6602564102564102,0.4230769230769231,0.5384615384615384,0.3333333333333333,0.10256410256410256,3.9166666666666665,0.23076923076923078,69.33875,7.959623753488282,46.68050285569436,Other,19.900000000000002
2023,Camuy Municipio,72027,32753.0,0.0,28201.0,117.0,3.3,43.0,26094.0,27968.18,304.7,14213.0,11.3,39.0,7.5,22.4,16.2,29.4,0.35,96.3,0.5,0.0,0.8,0.49,0.03205128205128205,0.2564102564102564,0.5769230769230769,0.5128205128205128,0.25,0.8461538461538461,0.01282051282051282,0.3333333333333333,0.10256410256410256,0.23076923076923078,3.153846153846154,0.07692307692307693,74.41727999999999,8.54260495838169,43.39449821390407,Other,21.03333333333333
2023,Canóvanas Municipio,72029,42037.0,0.0,35403.0,141.0,15.3,54.6,27278.0,29237.22,304.7,17915.0,10.0,33.9,5.9,18.9,17.9,19.7,3.6,97.4,1.7999999999999998,0.0,5.4,0.15,0.7435897435897436,0.11538461538461539,0.3333333333333333,0.10256410256410256,0.8012820512820513,0.28205128205128205,0.5641025641025641,0.14102564102564102,0.9743589743589743,0.1794871794871795,4.237179487179487,0.28205128205128205,37.233,4.2740988439167005,42.617218164949925,Other,16.2
2023,Carolina Municipio,72031,153226.0,0.0,132252.0,275.0,11.7,52.6,35126.0,37648.89,304.7,77274.0,10.0,29.3,5.9,24.2,16.0,19.4,2.6,92.0,21.7,0.2,2.5,0.37,0.5,0.0641025641025641,0.3333333333333333,0.7243589743589743,0.1987179487179487,0.2692307692307692,0.24358974358974358,0.14102564102564102,0.7243589743589743,0.05128205128205128,3.25,0.10256410256410256,46.948,5.389315728633236,50.43138892877188,Metro/Coastal (Hubs),17.866666666666664
2023,Cataño Municipio,72033,22768.0,0.0,19321.0,96.0,12.2,45.0,24307.0,26052.83,304.7,11011.0,22.1,44.2,10.6,23.3,17.3,18.0,4.06,93.6,9.7,0.3,1.0,0.03,0.5128205128205128,0.4166666666666667,0.8846153846153846,0.6217948717948718,0.6089743589743589,0.25,0.6666666666666666,1.0,0.16666666666666666,0.34615384615384615,5.4743589743589745,0.5769230769230769,92.68740000000001,10.639892277969675,48.36173576950105,Other,21.133333333333333
2023,Cayey Municipio,72035,41231.0,0.0,35771.0,152.0,5.9,43.2,28461.0,30505.18,304.7,19885.0,15.8,37.9,3.5,23.1,16.0,32.2,4.36,97.2,2.1,0.0,0.8,0.33,0.08974358974358974,0.21794871794871795,0.11538461538461539,0.6025641025641025,0.1987179487179487,0.9423076923076923,0.6923076923076923,0.8397435897435898,0.10256410256410256,0.1282051282051282,3.9294871794871793,0.24358974358974358,117.52356000000003,13.490916980339357,48.22827484174529,Other,23.700000000000003
2023,Ceiba Municipio,72037,11128.0,0.0,9576.0,64.0,10.3,42.4,23204.0,24870.6,304.7,7257.0,11.0,41.6,8.4,25.6,15.4,11.6,4.17,95.4,4.6,0.0,2.0,0.4,0.47435897435897434,0.32051282051282054,0.6666666666666666,0.9038461538461539,0.05128205128205128,0.08974358974358974,0.6794871794871795,0.28205128205128205,0.532051282051282,0.44871794871794873,4.448717948717949,0.3333333333333333,32.6656,3.7497919371483737,65.2138749101366,Other,16.066666666666666
2023,Ciales Municipio,72039,16874.0,0.0,14248.0,114.0,14.8,34.5,20614.0,22094.58,304.7,7276.0,12.6,58.2,4.7,23.4,17.3,24.1,3.52,96.3,3.7,0.5,2.6,0.05,0.7051282051282052,0.9615384615384616,0.21794871794871795,0.6474358974358975,0.6089743589743589,0.5769230769230769,0.5192307692307693,0.5769230769230769,0.7564102564102564,0.717948717948718,6.288461538461538,0.8205128205128205,71.05644000000001,8.156803052583367,43.119592272134646,Other,20.033333333333335
2023,Cidra Municipio,72041,39765.0,0.0,33722.0,153.0,5.4,42.5,27149.0,29098.95,304.7,16678.0,10.4,36.2,5.4,20.2,17.5,36.3,3.74,98.4,0.1,0.0,1.6,0.49,0.0641025641025641,0.15384615384615385,0.25,0.21153846153846154,0.6858974358974359,1.0,0.6025641025641025,0.19230769230769232,0.391025641025641,0.19230769230769232,3.743589743589744,0.16666666666666666,76.25904,8.754026661891267,41.94140575883314,Other,22.3
2023,Coamo Municipio,72043,34294.0,0.0,29186.0,139.0,7.0,40.9,20797.0,22290.72,304.7,16061.0,12.5,52.0,12.7,20.4,17.1,32.2,3.71,96.8,3.3,0.2,1.8,0.45,0.19230769230769232,0.7948717948717948,0.9358974358974359,0.25,0.532051282051282,0.9423076923076923,0.5897435897435898,0.5384615384615384,0.47435897435897434,0.7051282051282052,5.955128205128204,0.7435897435897436,82.11,9.425677653533166,46.83326529422056,Other,21.7
2023,Comerío Municipio,72045,18775.0,0.0,15858.0,108.0,15.1,41.2,17254.0,18493.25,304.7,7586.0,17.2,53.0,8.1,20.7,17.5,26.5,6.25,93.1,2.6,0.2,1.7,0.22,0.7243589743589743,0.8717948717948718,0.6538461538461539,0.28205128205128205,0.6858974358974359,0.7435897435897436,0.9358974358974359,0.9230769230769231,0.42948717948717946,0.9743589743589743,7.224358974358975,0.9871794871794872,94.35059999999999,10.830816490286765,40.40479360852197,Other,21.46666666666667
2023,Corozal Municipio,72047,34474.0,0.0,29061.0,171.0,8.3,42.5,23933.0,25651.96,304.7,13371.0,11.8,44.2,6.5,20.2,18.5,22.1,3.8,95.9,0.5,0.5,2.7,0.84,0.3333333333333333,0.4166666666666667,0.4230769230769231,0.21153846153846154,0.8782051282051282,0.46794871794871795,0.6153846153846154,0.4358974358974359,0.7692307692307693,0.358974358974359,4.91025641025641,0.48717948717948717,52.67756000000001,6.0470308139648346,38.785751580901554,Other,18.03333333333333
2023,Culebra Municipio,72049,1281.0,215.0,1107.0,188.0,3.3,60.5,27614.0,29597.35,304.7,1449.0,20.1,20.8,7.5,18.3,15.9,8.4,3.5,93.2,4.3,1.0,7.0,0.0,0.03205128205128205,0.01282051282051282,0.5769230769230769,0.0641025641025641,0.17307692307692307,0.038461538461538464,0.48717948717948717,0.9743589743589743,1.0,0.16666666666666666,3.525641025641025,0.14102564102564102,30.897720000000003,3.546851162454327,113.11475409836065,Other,15.600000000000001
2023,Dorado Municipio,72051,35816.0,0.0,30174.0,214.0,11.4,48.0,33388.0,35786.06,304.7,15894.0,10.8,29.2,7.8,19.2,18.4,15.6,3.96,94.1,0.6,0.2,2.1,0.29,0.48717948717948717,0.05128205128205128,0.6089743589743589,0.1282051282051282,0.8461538461538461,0.17307692307692307,0.6410256410256411,0.2564102564102564,0.5576923076923077,0.0641025641025641,3.814102564102564,0.19230769230769232,32.34816,3.71335195280618,44.376814831360285,Metro/Coastal (Hubs),15.199999999999998
2023,Fajardo Municipio,72053,31756.0,0.0,26952.0,143.0,18.3,50.4,25170.0,26977.81,304.7,18649.0,12.8,41.5,4.2,23.3,17.3,21.8,5.1,95.3,8.8,0.1,2.2,0.55,0.8589743589743589,0.3076923076923077,0.1987179487179487,0.6217948717948718,0.6089743589743589,0.4358974358974359,0.8461538461538461,0.6282051282051282,0.6025641025641025,0.3076923076923077,5.416666666666666,0.5641025641025641,65.01632000000001,7.463437760796024,58.72591006423983,Other,19.3
2023,Florida Municipio,72054,11624.0,0.0,9815.0,73.0,20.5,45.1,21213.0,22736.6,304.7,5031.0,11.4,50.6,7.2,20.9,17.7,22.4,2.86,95.8,2.9,0.4,0.6,0.34,0.9358974358974359,0.7435897435897436,0.5512820512820513,0.30128205128205127,0.7692307692307693,0.48717948717948717,0.32051282051282054,0.3525641025641026,0.0641025641025641,0.6794871794871795,5.205128205128204,0.5384615384615384,53.37023999999999,6.126545835241771,43.28114246386786,Other,18.23333333333333
2023,Guayama Municipio,72057,35845.0,0.0,30417.0,169.0,7.0,35.2,20273.0,21729.09,304.7,18227.0,15.3,48.6,8.6,20.3,17.3,24.5,4.44,96.2,2.7,0.5,2.0,6.12,0.19230769230769232,0.6666666666666666,0.7051282051282052,0.23076923076923078,0.6089743589743589,0.6089743589743589,0.7051282051282052,0.8076923076923077,0.532051282051282,0.782051282051282,5.839743589743589,0.6794871794871795,76.09455,8.735144312393887,50.849490863439804,Other,20.03333333333333
2023,Guayanilla Municipio,72059,17418.0,0.0,14631.0,68.0,20.1,39.1,21400.0,22937.03,304.7,8265.0,14.0,50.2,5.4,23.0,17.8,15.3,5.71,96.3,1.2,0.1,2.1,0.42,0.9102564102564102,0.717948717948718,0.25,0.5897435897435898,0.782051282051282,0.15384615384615385,0.8974358974358975,0.6923076923076923,0.5576923076923077,0.6282051282051282,6.179487179487179,0.7564102564102564,49.26600000000001,5.655406592119901,47.45091284877713,Other,17.433333333333334
2023,Guaynabo Municipio,72061,89503.0,0.0,78591.0,196.0,7.5,51.4,46048.0,49355.35,304.7,41194.0,10.0,24.3,6.9,24.9,14.4,21.8,2.67,94.7,20.7,0.2,1.1,2.0,0.2692307692307692,0.02564102564102564,0.5,0.8397435897435898,0.038461538461538464,0.4358974358974359,0.2948717948717949,0.14102564102564102,0.21794871794871795,0.01282051282051282,2.7756410256410255,0.01282051282051282,54.282,6.231209772123825,46.02527289588059,Metro/Coastal (Hubs),18.900000000000002
2023,Gurabo Municipio,72063,40383.0,0.0,34352.0,262.0,13.0,56.4,39532.0,42371.35,304.7,17343.0,9.0,32.0,15.1,17.4,17.3,23.5,2.12,96.3,2.3,0.0,1.2,0.81,0.5256410256410257,0.07692307692307693,0.9871794871794872,0.02564102564102564,0.6089743589743589,0.5448717948717948,0.1794871794871795,0.05128205128205128,0.26282051282051283,0.02564102564102564,3.288461538461538,0.1282051282051282,36.800999999999995,4.224508139418756,42.946289280142636,Other,16.633333333333333
2023,Guánica Municipio,72055,13266.0,0.0,11113.0,63.0,26.7,40.2,16210.0,17374.27,304.7,9017.0,11.8,64.7,3.7,26.1,17.6,32.6,7.47,96.0,2.5999999999999996,0.2,1.5,0.57,0.9935897435897436,1.0,0.1282051282051282,0.9487179487179487,0.7371794871794872,0.9615384615384616,0.9743589743589743,0.4358974358974359,0.36538461538461536,0.9871794871794872,7.532051282051282,1.0,100.40148000000002,11.525416957954663,67.9707522991105,Other,23.5
2023,Hatillo Municipio,72065,38266.0,0.0,33079.0,173.0,7.4,44.3,28001.0,30012.14,304.7,17001.0,7.2,36.4,7.5,22.8,15.7,25.1,1.39,96.1,1.3,0.5,1.7,0.5,0.2564102564102564,0.16666666666666666,0.5769230769230769,0.5512820512820513,0.11538461538461539,0.6602564102564102,0.0641025641025641,0.02564102564102564,0.42948717948717946,0.15384615384615385,2.999999999999999,0.05128205128205128,41.20416000000001,4.729961395014069,44.42847436366487,Other,18.36666666666667
2023,Hormigueros Municipio,72067,15520.0,0.0,13626.0,77.0,13.5,44.9,24862.0,26647.69,304.7,7570.0,11.6,40.1,6.0,29.8,14.1,29.7,1.84,94.9,5.4,0.0,2.4,0.93,0.6025641025641025,0.28205128205128205,0.3782051282051282,1.0,0.01282051282051282,0.8589743589743589,0.10256410256410256,0.38461538461538464,0.6666666666666666,0.3333333333333333,4.621794871794871,0.3974358974358974,102.66695999999999,11.785478877459301,48.77577319587629,Other,23.7
2023,Humacao Municipio,72069,50441.0,0.0,43377.0,160.0,5.6,38.1,26083.0,27956.39,304.7,26715.0,14.4,38.5,4.2,25.0,16.3,9.0,2.61,95.7,9.2,0.0,2.4,0.79,0.07692307692307693,0.23717948717948717,0.1987179487179487,0.8589743589743589,0.28205128205128205,0.05128205128205128,0.2564102564102564,0.7307692307692307,0.6666666666666666,0.24358974358974358,3.602564102564102,0.15384615384615385,32.400000000000006,3.719302837345934,52.96286750857438,Other,16.133333333333333
2023,Isabela Municipio,72071,42878.0,0.0,37125.0,117.0,8.1,37.9,20484.0,21955.24,304.7,20638.0,12.2,46.7,13.7,21.8,16.1,25.7,1.58,93.8,2.4,0.1,0.5,0.93,0.30128205128205127,0.6025641025641025,0.967948717948718,0.391025641025641,0.22435897435897437,0.6794871794871795,0.07692307692307693,0.4807692307692308,0.03205128205128205,0.7564102564102564,4.512820512820513,0.3717948717948718,68.35172,7.846319325107245,48.13190913755306,Other,19.900000000000002
2023,Jayuya Municipio,72073,14653.0,0.0,12058.0,145.0,17.8,37.9,18413.0,19735.5,304.7,6276.0,16.2,54.9,1.0,19.4,19.3,26.2,7.05,98.2,1.6,0.7,1.7,0.32,0.8461538461538461,0.9423076923076923,0.01282051282051282,0.15384615384615385,0.967948717948718,0.7115384615384616,0.9615384615384616,0.8846153846153846,0.42948717948717946,0.8974358974358975,6.8076923076923075,0.9230769230769231,82.34136,9.452236230830954,42.83081962738006,Mountain (Isolated),20.599999999999998
2023,Juana Díaz Municipio,72075,46276.0,0.0,38975.0,135.0,17.4,45.4,23823.0,25534.06,304.7,19046.0,14.4,42.9,10.9,20.1,18.6,26.4,3.11,97.3,2.2,0.2,3.0,1.05,0.8333333333333334,0.36538461538461536,0.8974358974358975,0.19230769230769232,0.9038461538461539,0.7307692307692307,0.358974358974359,0.7307692307692307,0.8012820512820513,0.38461538461538464,6.198717948717949,0.782051282051282,76.41216,8.771603811596648,41.157403405653035,Other,20.3
2023,Juncos Municipio,72077,36895.0,0.0,30871.0,200.0,9.3,51.1,28196.0,30221.15,304.7,16164.0,11.4,34.0,15.8,17.8,18.4,28.6,4.69,91.4,2.5999999999999996,1.0,1.0,0.47,0.4230769230769231,0.1282051282051282,1.0,0.05128205128205128,0.8461538461538461,0.8012820512820513,0.782051282051282,0.3525641025641026,0.16666666666666666,0.14102564102564102,4.6923076923076925,0.4358974358974359,58.035120000000006,6.662042792645424,43.81081447350589,Other,19.26666666666667
2023,Lajas Municipio,72079,23133.0,0.0,19999.0,145.0,20.3,43.0,18920.0,20278.91,304.7,12129.0,13.8,53.0,6.4,26.6,15.6,29.2,4.58,92.9,1.1,1.4,1.4,0.27,0.9230769230769231,0.8717948717948718,0.41025641025641024,0.9615384615384616,0.07692307692307693,0.8269230769230769,0.7435897435897436,0.6794871794871795,0.3333333333333333,0.8589743589743589,6.685897435897436,0.8974358974358975,107.18736000000001,12.304390499247532,52.431591233303074,Other,23.2
2023,Lares Municipio,72081,27944.0,0.0,23991.0,124.0,13.1,41.4,19323.0,20710.86,304.7,12448.0,12.7,54.9,10.4,22.9,16.5,24.5,3.98,97.0,0.7,0.2,1.8,1.25,0.5512820512820513,0.9423076923076923,0.8717948717948718,0.5705128205128205,0.3782051282051282,0.6089743589743589,0.6538461538461539,0.6089743589743589,0.47435897435897434,0.8205128205128205,6.480769230769231,0.8589743589743589,71.25335,8.179407000784037,44.546235327798456,Mountain (Isolated),20.03333333333333
2023,Las Marías Municipio,72083,8790.0,0.0,7419.0,44.0,7.1,35.9,16170.0,17331.39,304.7,3992.0,12.5,54.0,3.4,22.9,18.4,9.8,3.4,95.7,0.9,0.1,3.1,0.83,0.21794871794871795,0.9102564102564102,0.10256410256410256,0.5705128205128205,0.8461538461538461,0.0641025641025641,0.46153846153846156,0.5384615384615384,0.8333333333333334,1.0,5.544871794871795,0.6025641025641025,28.052500000000002,3.22023897668663,45.41524459613197,Other,15.066666666666668
2023,Las Piedras Municipio,72085,35034.0,0.0,29871.0,196.0,7.9,43.5,25697.0,27542.66,304.7,15124.0,9.6,37.5,2.1,20.9,17.2,13.0,3.7,97.6,2.8,0.2,2.4,0.35,0.28205128205128205,0.20512820512820512,0.03205128205128205,0.30128205128205127,0.5641025641025641,0.11538461538461539,0.5769230769230769,0.10256410256410256,0.6666666666666666,0.2692307692307692,3.115384615384615,0.0641025641025641,26.083199999999998,2.9941765360204147,43.16949249300679,Other,14.5
2023,Loíza Municipio,72087,23176.0,0.0,19640.0,105.0,18.5,47.1,22500.0,24116.04,304.7,11324.0,19.6,44.8,5.7,21.7,17.6,21.3,4.59,95.8,5.4,0.2,3.4,0.38,0.8717948717948718,0.5,0.28205128205128205,0.36538461538461536,0.7371794871794872,0.36538461538461536,0.7628205128205128,0.9615384615384616,0.8846153846153846,0.5,6.23076923076923,0.7948717948717948,90.59316,10.399487562720187,48.8608905764584,Other,20.866666666666667
2023,Luquillo Municipio,72089,17631.0,0.0,15279.0,68.0,22.5,48.5,23769.0,25476.19,304.7,10417.0,15.0,43.8,7.0,23.8,16.4,26.0,3.18,95.5,16.4,0.0,2.5,0.29,0.9615384615384616,0.3974358974358974,0.5192307692307693,0.6858974358974359,0.3269230769230769,0.6923076923076923,0.3974358974358974,0.7948717948717948,0.7243589743589743,0.3974358974358974,5.897435897435898,0.717948717948718,92.82000000000001,10.655113869211405,59.08343259032386,Other,21.599999999999998
2023,Manatí Municipio,72091,39152.0,0.0,33330.0,175.0,17.0,41.2,20352.0,21813.76,304.7,18740.0,17.8,45.9,7.0,24.3,17.1,21.0,4.88,94.9,3.9,0.1,3.1,0.91,0.8205128205128205,0.5641025641025641,0.5192307692307693,0.7435897435897436,0.532051282051282,0.33974358974358976,0.8205128205128205,0.9358974358974359,0.8333333333333334,0.7692307692307693,6.878205128205128,0.9358974358974359,90.83340000000001,10.427065504499325,47.86473232529628,Other,21.03333333333333
2023,Maricao Municipio,72093,5176.0,215.0,4406.0,197.0,0.0,30.2,20541.0,22016.34,304.7,2576.0,11.1,52.6,10.0,25.9,16.6,7.6,5.97,98.6,1.1,0.0,2.5,0.21,0.01282051282051282,0.8333333333333334,0.8333333333333334,0.9294871794871795,0.41025641025641024,0.01282051282051282,0.9102564102564102,0.2948717948717949,0.7243589743589743,0.7435897435897436,5.705128205128205,0.6410256410256411,21.849239999999998,2.5081463063534644,49.76816074188562,Other,14.866666666666667
2023,Maunabo Municipio,72095,10482.0,0.0,9058.0,44.0,16.8,35.0,19363.0,20753.73,304.7,5019.0,15.8,52.8,6.0,25.6,16.3,16.0,9.23,93.9,3.3000000000000003,0.0,6.5,0.11,0.8076923076923077,0.8461538461538461,0.3782051282051282,0.9038461538461539,0.28205128205128205,0.20512820512820512,1.0,0.8397435897435898,0.9871794871794872,0.8076923076923077,7.0576923076923075,0.9487179487179487,64.7168,7.429054872344115,47.882083571837434,Other,19.133333333333336
2023,Mayagüez Municipio,72097,71824.0,0.0,62344.0,192.0,22.7,42.3,17963.0,19253.18,304.7,41057.0,18.5,53.0,5.0,25.9,15.7,23.2,1.18,94.3,18.5,0.0,1.4,2.05,0.9743589743589743,0.8717948717948718,0.23076923076923078,0.9294871794871795,0.11538461538461539,0.5256410256410257,0.02564102564102564,0.9487179487179487,0.3333333333333333,0.9102564102564102,5.865384615384615,0.6923076923076923,111.1628,12.760744365657978,57.16334372911561,Other,22.53333333333333
2023,Moca Municipio,72099,37402.0,0.0,31857.0,157.0,19.2,45.6,21415.0,22953.11,304.7,16542.0,8.8,46.0,7.9,20.0,17.5,21.8,3.3,97.2,1.2,0.0,1.3,0.64,0.8846153846153846,0.5769230769230769,0.6282051282051282,0.1794871794871795,0.6858974358974359,0.4358974358974359,0.4358974358974359,0.038461538461538464,0.30128205128205127,0.6153846153846154,4.782051282051281,0.46153846153846156,38.368,4.404389236521259,44.227581412758674,Other,16.866666666666664
2023,Morovis Municipio,72101,28534.0,0.0,24101.0,137.0,13.1,44.6,23010.0,24662.67,304.7,12266.0,12.7,48.7,3.8,18.6,17.9,21.4,5.11,96.1,3.4,0.3,0.6,0.27,0.5512820512820513,0.6794871794871795,0.14743589743589744,0.08333333333333333,0.8012820512820513,0.38461538461538464,0.8589743589743589,0.6089743589743589,0.0641025641025641,0.48717948717948717,4.666666666666666,0.4230769230769231,50.551080000000006,5.802925162805595,42.98731338052849,Other,17.566666666666666
2023,Naguabo Municipio,72103,23205.0,0.0,19383.0,162.0,9.2,41.7,21416.0,22954.18,304.7,11220.0,10.5,48.0,10.1,19.7,19.3,8.2,2.01,97.0,4.4,0.0,4.0,0.38,0.3974358974358974,0.6474358974358975,0.8461538461538461,0.16666666666666666,0.967948717948718,0.02564102564102564,0.1282051282051282,0.21153846153846154,0.9487179487179487,0.6025641025641025,4.942307692307692,0.5,16.961699999999997,1.9470894733398303,48.35164835164835,Other,12.799999999999999
2023,Naranjito Municipio,72105,29246.0,0.0,24767.0,182.0,15.9,42.1,21399.0,22935.96,304.7,10862.0,14.6,50.5,2.1,22.3,17.5,24.3,5.36,97.1,0.8,0.2,3.7,0.27,0.7564102564102564,0.7307692307692307,0.03205128205128205,0.48717948717948717,0.6858974358974359,0.5897435897435898,0.8717948717948718,0.782051282051282,0.9102564102564102,0.6410256410256411,6.487179487179488,0.8717948717948718,79.11594,9.081979633373166,37.14012172604801,Other,20.400000000000002
2023,Orocovis Municipio,72107,21351.0,0.0,17949.0,106.0,14.0,37.9,19062.0,20431.11,304.7,9040.0,14.5,52.5,5.9,19.3,18.7,19.9,6.2,96.4,0.8,0.1,3.0,0.81,0.6410256410256411,0.8205128205128205,0.3333333333333333,0.14102564102564102,0.9294871794871795,0.2948717948717949,0.9230769230769231,0.7628205128205128,0.8012820512820513,0.8333333333333334,6.48076923076923,0.8461538461538461,55.690149999999996,6.392855953926562,42.339937239473564,Mountain (Isolated),17.900000000000002
2023,Patillas Municipio,72109,15753.0,0.0,13610.0,108.0,10.2,36.3,23422.0,25104.26,304.7,8067.0,13.3,47.8,6.0,25.2,15.8,14.0,3.51,97.5,2.0,0.3,2.2,0.17,0.46153846153846156,0.6153846153846154,0.3782051282051282,0.8717948717948718,0.14743589743589744,0.14102564102564102,0.5,0.6538461538461539,0.6025641025641025,0.4358974358974359,4.8076923076923075,0.47435897435897434,46.9224,5.386377020218544,51.209293467910875,Other,17.5
2023,Peñuelas Municipio,72111,20082.0,0.0,16711.0,77.0,9.3,42.0,20959.0,22464.36,304.7,8616.0,10.6,51.0,13.2,19.1,19.7,15.8,3.53,97.1,0.2,0.2,1.2,0.06,0.4230769230769231,0.7692307692307693,0.9487179487179487,0.11538461538461539,0.9871794871794872,0.19230769230769232,0.5448717948717948,0.23717948717948717,0.26282051282051283,0.6923076923076923,5.173076923076923,0.5256410256410257,31.988680000000002,3.6720860582392314,42.904093217806995,Other,15.16666666666667
2023,Ponce Municipio,72113,134676.0,0.0,114086.0,279.0,14.1,38.5,18827.0,20179.23,304.7,66944.0,16.5,50.9,8.0,24.5,17.6,24.9,3.16,93.8,9.6,0.3,2.5,2.89,0.6538461538461539,0.7564102564102564,0.6410256410256411,0.7756410256410257,0.7371794871794872,0.6346153846153846,0.38461538461538464,0.8974358974358975,0.7243589743589743,0.8717948717948718,7.076923076923078,0.9615384615384616,100.65825,11.554892432940624,49.70744601859277,Other,21.96666666666667
2023,Quebradillas Municipio,72115,23486.0,0.0,19968.0,112.0,8.1,39.6,23624.0,25320.77,304.7,10619.0,10.6,45.1,6.7,22.2,17.0,27.7,2.07,95.8,3.6,0.4,2.2,1.26,0.30128205128205127,0.5256410256410257,0.4423076923076923,0.46153846153846156,0.5,0.7692307692307693,0.16666666666666666,0.23717948717948717,0.6025641025641025,0.41025641025641024,4.416666666666667,0.32051282051282054,65.18364,7.482644975325181,45.214170143915524,Other,20.166666666666668
2023,Rincón Municipio,72117,15276.0,0.0,13377.0,93.0,6.2,41.9,25223.0,27034.62,304.7,9163.0,11.5,44.6,4.1,27.1,14.3,33.7,3.53,97.1,10.1,0.5,1.1,0.19,0.12179487179487179,0.46794871794871795,0.17307692307692307,0.9871794871794872,0.02564102564102564,0.9743589743589743,0.5448717948717948,0.3717948717948718,0.21794871794871795,0.2948717948717949,4.17948717948718,0.2692307692307692,105.02605000000001,12.056286597538145,59.982979837653836,Other,24.100000000000005
2023,Río Grande Municipio,72119,46478.0,0.0,40170.0,144.0,16.5,52.2,26745.0,28665.93,304.7,22782.0,11.7,37.0,3.2,22.0,16.2,23.5,3.01,96.2,6.1,0.3,2.2,1.29,0.7948717948717948,0.19230769230769232,0.08974358974358974,0.4166666666666667,0.25,0.5448717948717948,0.34615384615384615,0.40384615384615385,0.6025641025641025,0.21794871794871795,3.858974358974359,0.21794871794871795,60.489,6.943731769389448,49.01673910237101,Other,19.066666666666666
2023,Sabana Grande Municipio,72121,22541.0,0.0,19228.0,135.0,13.5,41.0,20564.0,22040.99,304.7,10949.0,11.2,44.5,9.0,24.9,17.1,31.2,2.36,91.5,1.3,0.2,1.2,0.68,0.6025641025641025,0.4358974358974359,0.7435897435897436,0.8397435897435898,0.532051282051282,0.9230769230769231,0.19230769230769232,0.3141025641025641,0.26282051282051283,0.7307692307692307,5.576923076923077,0.6153846153846154,87.01055999999998,9.988229095279582,48.57371012821082,Other,22.433333333333334
2023,Salinas Municipio,72123,25397.0,0.0,21569.0,98.0,7.0,40.0,21611.0,23163.19,304.7,13152.0,13.5,48.0,13.7,21.8,18.6,31.0,4.73,96.7,1.4,0.5,2.2,0.64,0.19230769230769232,0.6474358974358975,0.967948717948718,0.391025641025641,0.9038461538461539,0.9102564102564102,0.7948717948717948,0.6666666666666666,0.6025641025641025,0.5897435897435898,6.666666666666666,0.8846153846153846,91.23300000000002,10.472936906159926,51.78564397369768,Other,22.099999999999998
2023,San Germán Municipio,72125,31514.0,0.0,26931.0,115.0,6.6,31.5,17921.0,19208.16,304.7,15808.0,17.0,51.9,9.5,27.0,16.8,11.1,3.19,96.0,4.2,0.2,2.8,1.12,0.16666666666666666,0.782051282051282,0.7884615384615384,0.9743589743589743,0.4551282051282051,0.07692307692307693,0.41025641025641024,0.9102564102564102,0.782051282051282,0.9230769230769231,6.26923076923077,0.8076923076923077,50.949000000000005,5.848603711726481,50.161832836199785,Other,18.366666666666667
2023,San Juan Municipio,72127,338661.0,0.0,292433.0,451.0,14.5,52.1,26981.0,28918.88,304.7,193011.0,21.6,39.5,7.8,24.8,15.8,21.0,2.01,93.1,31.299999999999997,0.1,1.1,1.88,0.6794871794871795,0.2692307692307692,0.6089743589743589,0.8141025641025641,0.14743589743589744,0.33974358974358976,0.1282051282051282,0.9871794871794872,0.21794871794871795,0.20512820512820512,4.397435897435897,0.3076923076923077,112.49280000000003,12.913419451265085,56.99239062070921,Metro/Coastal (Hubs),22.46666666666667
2023,San Lorenzo Municipio,72129,37515.0,0.0,32405.0,124.0,7.3,41.0,21320.0,22851.29,304.7,16346.0,15.9,44.6,2.9,21.4,16.4,13.6,4.59,96.2,0.6,0.1,3.7,0.29,0.24358974358974358,0.46794871794871795,0.0641025641025641,0.33974358974358976,0.3269230769230769,0.1282051282051282,0.7628205128205128,0.8589743589743589,0.9102564102564102,0.6538461538461539,4.756410256410256,0.44871794871794873,46.27535999999999,5.312101165037175,43.57190457150473,Other,16.966666666666665
2023,San Sebastián Municipio,72131,39168.0,0.0,33593.0,152.0,13.8,39.3,17834.0,19114.91,304.7,18533.0,10.1,52.4,9.7,25.5,16.7,30.0,4.9,96.6,1.5,0.1,1.6,0.75,0.6282051282051282,0.8076923076923077,0.8076923076923077,0.8846153846153846,0.42948717948717946,0.8782051282051282,0.8333333333333334,0.17307692307692307,0.391025641025641,0.9358974358974359,6.76923076923077,0.9102564102564102,77.265,8.86950412739301,47.31668709150327,Other,21.866666666666664
2023,Santa Isabel Municipio,72133,20064.0,0.0,16959.0,83.0,6.2,48.0,23197.0,24863.1,304.7,9178.0,11.7,45.7,8.7,17.5,18.5,30.3,4.45,96.9,1.5,0.3,1.3,0.1,0.12179487179487179,0.5512820512820513,0.7243589743589743,0.038461538461538464,0.8782051282051282,0.8974358974358975,0.717948717948718,0.40384615384615385,0.30128205128205127,0.46153846153846156,5.096153846153846,0.5128205128205128,62.039249999999996,7.121690078759681,45.743620414673046,Other,19.833333333333332
2023,Toa Alta Municipio,72135,66536.0,0.0,56956.0,188.0,8.2,52.2,33349.0,35744.26,304.7,26786.0,6.3,33.8,5.8,16.6,17.3,16.7,3.95,96.0,3.0,0.2,1.9,0.61,0.32051282051282054,0.09615384615384616,0.30128205128205127,0.01282051282051282,0.6089743589743589,0.21794871794871795,0.6282051282051282,0.01282051282051282,0.5064102564102564,0.07692307692307693,2.782051282051282,0.02564102564102564,17.46486,2.0048488688842436,40.257905494769744,Other,13.199999999999998
2023,Toa Baja Municipio,72137,73987.0,0.0,63387.0,165.0,9.3,53.3,29648.0,31777.44,304.7,35263.0,9.1,33.8,11.6,21.7,16.7,28.6,2.98,94.9,2.9,0.5,1.7,0.68,0.4230769230769231,0.09615384615384616,0.9166666666666666,0.36538461538461536,0.42948717948717946,0.8012820512820513,0.3333333333333333,0.07051282051282051,0.42948717948717946,0.11538461538461539,3.980769230769231,0.2564102564102564,56.47642,6.483114479911747,47.66107559436117,Other,19.8
2023,Trujillo Alto Municipio,72139,67329.0,0.0,57938.0,212.0,7.2,55.5,38773.0,41557.83,304.7,29887.0,9.1,28.2,5.8,21.4,16.5,22.6,3.52,94.5,11.3,0.1,1.8,1.2,0.23076923076923078,0.038461538461538464,0.30128205128205127,0.33974358974358976,0.3782051282051282,0.5,0.5192307692307693,0.07051282051282051,0.47435897435897434,0.038461538461538464,2.891025641025641,0.038461538461538464,44.01124,5.052195364417063,44.38949041274933,Other,17.7
2023,Utuado Municipio,72141,27896.0,0.0,23874.0,124.0,26.7,40.1,17624.0,18889.83,304.7,13285.0,14.5,53.5,9.2,24.6,16.9,22.1,4.46,95.3,0.4,0.6,1.5,0.59,0.9935897435897436,0.8974358974358975,0.7564102564102564,0.7948717948717948,0.4807692307692308,0.46794871794871795,0.7307692307692307,0.7628205128205128,0.36538461538461536,0.9487179487179487,7.198717948717948,0.9743589743589743,78.83070000000001,9.049235993208828,47.62331517063379,Mountain (Isolated),20.400000000000002
2023,Vega Alta Municipio,72143,35114.0,0.0,29802.0,112.0,19.4,48.4,25235.0,27047.48,304.7,16323.0,12.6,41.3,9.5,20.4,18.2,24.9,3.44,96.6,3.5,0.2,3.3,0.83,0.8974358974358975,0.2948717948717949,0.7884615384615384,0.25,0.8205128205128205,0.6346153846153846,0.47435897435897434,0.5769230769230769,0.8717948717948718,0.28205128205128205,5.89102564102564,0.7051282051282052,64.00295999999999,7.347110824893155,46.485732186592244,Other,19.3
2023,Vega Baja Municipio,72145,54058.0,0.0,46109.0,178.0,13.4,43.0,23877.0,25591.94,304.7,25767.0,11.8,42.3,8.7,22.5,16.8,21.5,4.82,96.4,1.5,0.5,3.8,0.54,0.5769230769230769,0.34615384615384615,0.7243589743589743,0.5256410256410257,0.4551282051282051,0.40384615384615385,0.8076923076923077,0.4358974358974359,0.9358974358974359,0.3717948717948718,5.583333333333334,0.6282051282051282,57.0825,6.552688401629606,47.66547042065929,Other,18.599999999999998
2023,Vieques Municipio,72147,8147.0,0.0,6922.0,33.0,8.6,37.6,17531.0,18790.15,304.7,5242.0,16.0,59.5,8.5,24.4,17.4,15.6,1.28,95.0,1.5,0.2,4.2,0.0,0.3525641025641026,0.9743589743589743,0.6858974358974359,0.7564102564102564,0.6538461538461539,0.17307692307692307,0.05128205128205128,0.8717948717948718,0.9615384615384616,0.9615384615384616,6.442307692307692,0.8333333333333334,60.9024,6.991187318554845,64.34270283539954,Other,18.666666666666668
2023,Villalba Municipio,72149,21778.0,0.0,18147.0,98.0,13.5,43.3,24882.0,26669.13,304.7,9188.0,12.2,41.8,3.0,20.6,18.9,21.5,7.49,96.2,1.7,0.3,3.1,0.63,0.6025641025641025,0.3333333333333333,0.07692307692307693,0.2692307692307692,0.9487179487179487,0.40384615384615385,0.9871794871794872,0.4807692307692308,0.8333333333333334,0.32051282051282054,5.2564102564102555,0.5512820512820513,54.03380000000001,6.202718075696997,42.18936541463862,Other,18.099999999999998
2023,Yabucoa Municipio,72151,29868.0,0.0,25723.0,130.0,9.7,36.8,21279.0,22807.34,304.7,14165.0,14.3,49.7,6.8,24.2,16.1,12.3,5.48,98.1,1.2,0.1,3.2,0.43,0.44871794871794873,0.7051282051282052,0.47435897435897434,0.7243589743589743,0.22435897435897437,0.10256410256410256,0.8846153846153846,0.7051282051282052,0.8589743589743589,0.6666666666666666,5.794871794871795,0.6666666666666666,42.56538000000001,4.886220327367527,47.42533815454667,Other,16.933333333333334
2023,Yauco Municipio,72153,33509.0,0.0,28929.0,86.0,13.1,41.0,21918.0,23492.24,304.7,17199.0,11.2,44.6,7.1,24.8,16.3,29.2,2.01,94.7,1.7000000000000002,0.1,1.0,0.82,0.5512820512820513,0.46794871794871795,0.5384615384615384,0.8141025641025641,0.28205128205128205,0.8269230769230769,0.1282051282051282,0.3141025641025641,0.16666666666666666,0.5384615384615384,4.628205128205128,0.41025641025641024,81.10591999999998,9.310415999430624,51.32650929601002,Other,21.733333333333334
2024,Adjuntas Municipio,72001,17960.0,0.0,15305.0,121.0,20.3,40.5,19549.0,20352.27,313.7,7937.0,11.4,60.9,6.9,22.8,17.1,20.8,1.42,95.2,3.1,0.0,0.7,0.31,0.967948717948718,0.9871794871794872,0.5705128205128205,0.4230769230769231,0.75,0.33974358974358976,0.05128205128205128,0.4230769230769231,0.09615384615384616,0.9102564102564102,5.519230769230769,0.5897435897435898,54.06336,6.206111365569587,44.19265033407572,Mountain (Isolated),18.333333333333332
2024,Aguada Municipio,72003,37758.0,0.0,33010.0,147.0,5.0,38.8,21501.0,22384.47,313.7,17824.0,12.5,46.5,4.7,23.2,15.0,28.3,2.69,97.4,1.6,0.3,1.3,0.58,0.07692307692307693,0.6410256410256411,0.22435897435897437,0.5192307692307693,0.08333333333333333,0.8205128205128205,0.23076923076923078,0.6089743589743589,0.3269230769230769,0.782051282051282,4.314102564102565,0.2948717948717949,82.07,9.421085921635207,47.20589014248636,Other,21.333333333333332
2024,Aguadilla Municipio,72005,54137.0,0.0,46599.0,158.0,14.8,41.3,21540.0,22425.08,313.7,28777.0,14.9,44.8,8.7,24.6,16.3,25.1,2.83,95.8,10.6,0.0,0.3,1.74,0.7948717948717948,0.532051282051282,0.7948717948717948,0.6858974358974359,0.48717948717948717,0.6666666666666666,0.27564102564102566,0.8333333333333334,0.038461538461538464,0.7692307692307693,5.878205128205128,0.6923076923076923,92.00154,10.56116014698134,53.15588229861278,Other,21.533333333333335
2024,Aguas Buenas Municipio,72007,23614.0,0.0,20425.0,136.0,5.0,44.5,23072.0,24020.03,313.7,10959.0,13.6,45.5,3.7,23.0,15.9,28.5,3.25,97.7,1.4,0.0,1.7,0.63,0.07692307692307693,0.5769230769230769,0.1346153846153846,0.47435897435897434,0.3782051282051282,0.8333333333333334,0.41025641025641024,0.7435897435897436,0.4807692307692308,0.6025641025641025,4.711538461538461,0.4230769230769231,89.14800000000001,10.233592880978867,46.40890996866266,Other,21.7
2024,Aibonito Municipio,72009,24636.0,0.0,21516.0,69.0,6.8,37.8,21744.0,22637.46,313.7,10919.0,15.8,46.6,5.9,25.0,15.7,36.1,3.1,97.7,1.1,0.0,0.9,0.24,0.21794871794871795,0.6538461538461539,0.3525641025641026,0.7371794871794872,0.30128205128205127,1.0,0.3717948717948718,0.8910256410256411,0.17307692307692307,0.7564102564102564,5.455128205128205,0.5705128205128205,142.595,16.36895024973282,44.32131839584348,Other,25.633333333333336
2024,Arecibo Municipio,72013,86467.0,0.0,74609.0,272.0,14.5,43.0,23635.0,24606.16,313.7,43237.0,12.8,41.3,6.4,24.1,15.9,20.9,2.8,95.4,3.5,0.4,0.7,2.26,0.7756410256410257,0.358974358974359,0.4230769230769231,0.6282051282051282,0.3782051282051282,0.358974358974359,0.2564102564102564,0.6666666666666666,0.09615384615384616,0.5384615384615384,4.480769230769231,0.34615384615384615,64.47232,7.400990206983795,50.004047787017015,Other,19.266666666666666
2024,Arroyo Municipio,72015,15341.0,0.0,12947.0,91.0,7.3,40.1,21186.0,22056.53,313.7,8385.0,12.7,52.1,8.7,22.5,18.0,24.7,1.63,95.6,1.2,0.1,2.0,0.38,0.28846153846153844,0.8461538461538461,0.7948717948717948,0.38461538461538464,0.9166666666666666,0.6153846153846154,0.10256410256410256,0.6538461538461539,0.5705128205128205,0.8076923076923077,5.98076923076923,0.7307692307692307,70.58025,8.102139632271152,54.65745388175477,Other,19.96666666666667
2024,Añasco Municipio,72011,25094.0,0.0,21965.0,117.0,6.1,46.5,24436.0,25440.07,313.7,12640.0,9.1,42.9,5.5,23.4,15.1,24.8,2.32,97.4,1.8,0.6,0.5,0.71,0.15384615384615385,0.44871794871794873,0.3333333333333333,0.5448717948717948,0.12179487179487179,0.6474358974358975,0.1794871794871795,0.10256410256410256,0.05128205128205128,0.4358974358974359,3.019230769230769,0.05128205128205128,52.80911999999999,6.062133020177217,50.37060651948673,Other,19.1
2024,Barceloneta Municipio,72017,22494.0,0.0,19349.0,118.0,10.9,48.1,24508.0,25515.03,313.7,10798.0,8.8,41.9,6.7,21.5,16.5,20.7,1.8,97.0,2.6,0.5,0.0,0.18,0.5512820512820513,0.391025641025641,0.5128205128205128,0.28846153846153844,0.5512820512820513,0.3141025641025641,0.11538461538461539,0.057692307692307696,0.01282051282051282,0.41025641025641024,3.2051282051282044,0.07692307692307693,39.16440000000001,4.495810618609601,48.00391215435227,Other,17.0
2024,Barranquitas Municipio,72019,29054.0,0.0,24152.0,163.0,12.7,44.9,23407.0,24368.79,313.7,11843.0,9.2,48.5,7.5,19.4,19.4,20.3,6.71,95.9,2.6,0.0,4.3,0.53,0.6923076923076923,0.7051282051282052,0.6346153846153846,0.08333333333333333,1.0,0.27564102564102566,1.0,0.12179487179487179,0.9551282051282052,0.5641025641025641,6.032051282051281,0.7564102564102564,36.23144,4.159126468923732,40.76202932470572,Other,16.3
2024,Bayamón Municipio,72021,182469.0,0.0,157877.0,306.0,7.4,47.8,31354.0,32642.33,313.7,88047.0,11.9,34.3,6.3,24.4,15.5,22.6,2.83,93.8,9.0,0.2,0.9,2.73,0.3141025641025641,0.14102564102564102,0.41025641025641024,0.6538461538461539,0.21794871794871795,0.5,0.27564102564102566,0.5064102564102564,0.17307692307692307,0.11538461538461539,3.3076923076923075,0.10256410256410256,65.62136000000001,7.532892297484536,48.253127928579644,Metro/Coastal (Hubs),19.633333333333333
2024,Cabo Rojo Municipio,72023,46876.0,0.0,41086.0,147.0,13.1,47.2,26408.0,27493.1,313.7,28577.0,10.2,38.4,12.9,24.8,15.0,23.0,2.91,97.0,4.3,2.2,2.0,0.38,0.7307692307692307,0.2564102564102564,0.9487179487179487,0.717948717948718,0.08333333333333333,0.5384615384615384,0.3141025641025641,0.28846153846153844,0.5705128205128205,0.2692307692307692,4.717948717948717,0.4358974358974359,58.18079999999999,6.678765880217785,60.96296612338937,Other,19.333333333333332
2024,Caguas Municipio,72025,125586.0,0.0,108523.0,303.0,8.2,49.9,31379.0,32668.36,313.7,61398.0,11.8,35.7,6.7,22.5,15.9,24.8,3.15,93.7,7.5,0.1,1.3,0.82,0.38461538461538464,0.1794871794871795,0.5128205128205128,0.38461538461538464,0.3782051282051282,0.6474358974358975,0.391025641025641,0.47435897435897434,0.3269230769230769,0.10256410256410256,3.7820512820512824,0.16666666666666666,65.84400000000001,7.558449877228569,48.889207395728825,Other,19.7
2024,Camuy Municipio,72027,32734.0,0.0,28445.0,116.0,3.0,44.7,27411.0,28537.32,313.7,14747.0,11.0,37.8,7.7,23.0,15.6,32.9,0.85,97.2,0.3,0.0,0.7,0.58,0.038461538461538464,0.23076923076923078,0.6987179487179487,0.47435897435897434,0.2564102564102564,0.9551282051282052,0.01282051282051282,0.3525641025641026,0.09615384615384616,0.23076923076923078,3.3461538461538463,0.11538461538461539,83.237,9.555049699758131,45.05101729089021,Other,22.3
2024,Canóvanas Municipio,72029,41816.0,0.0,35478.0,165.0,14.5,55.0,29642.0,30859.99,313.7,18667.0,9.3,33.2,6.0,19.4,17.3,19.0,4.26,97.9,2.4,0.0,5.9,0.16,0.7756410256410257,0.11538461538461539,0.3782051282051282,0.08333333333333333,0.8076923076923077,0.24358974358974358,0.6666666666666666,0.14102564102564102,0.9871794871794872,0.15384615384615385,4.352564102564103,0.3141025641025641,34.2798,3.935091277890467,44.640807346470254,Other,15.9
2024,Carolina Municipio,72031,152204.0,0.0,132335.0,272.0,10.4,53.5,36958.0,38476.6,313.7,80200.0,9.6,27.9,5.0,24.7,15.5,19.4,2.96,94.3,22.299999999999997,0.0,2.7,0.44,0.4935897435897436,0.0641025641025641,0.27564102564102566,0.7051282051282052,0.21794871794871795,0.2564102564102564,0.33974358974358976,0.1858974358974359,0.8012820512820513,0.05128205128205128,3.3910256410256405,0.1282051282051282,46.001279999999994,5.280638618072367,52.692439094898944,Metro/Coastal (Hubs),17.9
2024,Cataño Municipio,72033,22467.0,0.0,19175.0,107.0,9.8,44.8,25508.0,26556.12,313.7,11337.0,20.7,42.2,10.6,24.3,16.7,17.2,4.14,93.5,8.4,0.3,1.1,0.02,0.47435897435897434,0.41025641025641024,0.8846153846153846,0.6410256410256411,0.6217948717948718,0.21794871794871795,0.6282051282051282,0.9871794871794872,0.22435897435897437,0.3333333333333333,5.4230769230769225,0.5512820512820513,86.51772,9.931654366564844,50.46067565763119,Other,20.733333333333334
2024,Cayey Municipio,72035,40917.0,0.0,35698.0,136.0,5.0,44.5,30129.0,31367.0,313.7,20583.0,14.8,37.3,3.2,23.9,15.4,32.9,4.36,96.6,2.1,0.1,0.7,0.36,0.07692307692307693,0.21794871794871795,0.08333333333333333,0.6153846153846154,0.1794871794871795,0.9551282051282052,0.717948717948718,0.8012820512820513,0.09615384615384616,0.1282051282051282,3.8717948717948723,0.19230769230769232,116.37388000000001,13.358941422128249,50.30427450692866,Other,23.866666666666664
2024,Ceiba Municipio,72037,10995.0,0.0,9551.0,66.0,9.5,42.2,25454.0,26499.9,313.7,7527.0,9.7,40.3,7.3,26.4,14.8,12.3,3.99,94.6,4.6,0.0,1.8,0.57,0.46153846153846156,0.3076923076923077,0.6089743589743589,0.9038461538461539,0.05128205128205128,0.07692307692307693,0.5769230769230769,0.22435897435897437,0.5128205128205128,0.34615384615384615,4.07051282051282,0.2564102564102564,31.49784,3.61574091611939,68.45839017735335,Other,16.133333333333336
2024,Ciales Municipio,72039,16805.0,0.0,14341.0,100.0,11.5,35.2,22586.0,23514.06,313.7,7454.0,13.4,54.3,7.3,24.5,16.7,24.7,3.31,97.0,3.3,0.3,0.9,0.13,0.6217948717948718,0.9230769230769231,0.6089743589743589,0.6666666666666666,0.6217948717948718,0.6153846153846154,0.4358974358974359,0.717948717948718,0.17307692307692307,0.6666666666666666,6.051282051282052,0.7692307692307693,81.0901,9.308599969464984,44.35584647426361,Other,20.866666666666667
2024,Cidra Municipio,72041,39643.0,0.0,33897.0,146.0,6.3,43.5,29246.0,30447.72,313.7,17287.0,9.4,34.7,4.2,21.0,16.9,35.9,3.64,98.5,0.3,0.0,2.0,0.52,0.1794871794871795,0.16666666666666666,0.19230769230769232,0.21794871794871795,0.6987179487179487,0.9871794871794872,0.5128205128205128,0.15384615384615385,0.5705128205128205,0.1794871794871795,3.858974358974359,0.1794871794871795,70.86659999999999,8.135010692995657,43.60668970562268,Other,22.099999999999998
2024,Coamo Municipio,72043,33998.0,0.0,29170.0,131.0,7.1,42.5,22045.0,22950.83,313.7,16674.0,11.0,50.2,13.0,21.2,16.4,30.5,4.8,97.5,3.6,0.0,2.4,0.61,0.2564102564102564,0.7948717948717948,0.967948717948718,0.25,0.5128205128205128,0.8910256410256411,0.7948717948717948,0.3525641025641026,0.7243589743589743,0.717948717948718,6.262820512820513,0.8461538461538461,71.126,8.164788074353915,49.04406141537738,Other,20.900000000000002
2024,Comerío Municipio,72045,18711.0,0.0,15955.0,122.0,15.3,40.9,17134.0,17838.03,313.7,8056.0,18.5,52.8,6.0,21.5,16.9,27.1,6.58,93.7,2.3,0.2,1.2,0.42,0.8461538461538461,0.8846153846153846,0.3782051282051282,0.28846153846153844,0.6987179487179487,0.7435897435897436,0.9743589743589743,0.9487179487179487,0.2692307692307692,0.9871794871794872,7.019230769230769,0.9615384615384616,107.79025,12.373598230346527,43.05488749933195,Other,22.366666666666664
2024,Corozal Municipio,72047,34444.0,0.0,29164.0,217.0,6.6,42.4,23797.0,24774.82,313.7,13966.0,11.8,43.1,6.5,20.9,18.0,22.7,3.74,96.1,0.9,0.5,3.4,0.79,0.20512820512820512,0.46153846153846156,0.4551282051282051,0.19230769230769232,0.9166666666666666,0.5128205128205128,0.5384615384615384,0.47435897435897434,0.8653846153846154,0.5256410256410257,5.147435897435898,0.5,55.98274,6.42644332482715,40.546974799674835,Other,18.466666666666665
2024,Culebra Municipio,72049,1387.0,246.0,1205.0,195.0,0.0,58.9,29630.0,30847.49,313.7,1539.0,18.9,25.7,8.8,22.9,15.3,6.6,4.96,92.7,4.5,1.0,5.0,0.0,0.019230769230769232,0.02564102564102564,0.8269230769230769,0.4423076923076923,0.14743589743589744,0.01282051282051282,0.8333333333333334,0.9615384615384616,0.9743589743589743,0.16666666666666666,4.410256410256411,0.3333333333333333,28.565459999999995,3.2791233465460414,110.95890410958904,Other,16.133333333333333
2024,Dorado Municipio,72051,35810.0,0.0,30342.0,207.0,11.0,49.4,36391.0,37886.3,313.7,16454.0,9.7,27.5,8.8,19.4,17.8,15.3,3.37,93.1,0.7,0.2,2.2,0.28,0.5705128205128205,0.038461538461538464,0.8269230769230769,0.08333333333333333,0.8717948717948718,0.15384615384615385,0.44871794871794873,0.22435897435897437,0.6538461538461539,0.0641025641025641,3.9358974358974352,0.23076923076923078,28.791539999999998,3.3050758152333,45.948059201340406,Metro/Coastal (Hubs),14.800000000000002
2024,Fajardo Municipio,72053,31489.0,0.0,26986.0,140.0,15.1,49.3,25563.0,26613.38,313.7,19314.0,12.5,40.4,4.1,23.8,16.7,21.0,5.02,94.6,9.6,0.1,1.7,0.76,0.8269230769230769,0.32051282051282054,0.17307692307692307,0.5961538461538461,0.6217948717948718,0.3717948717948718,0.8589743589743589,0.6089743589743589,0.4807692307692308,0.3076923076923077,5.166666666666666,0.5128205128205128,62.475,7.171711258123061,61.33570453174124,Other,19.099999999999998
2024,Florida Municipio,72054,11532.0,0.0,9782.0,98.0,18.2,46.9,22332.0,23249.62,313.7,5215.0,12.2,49.0,8.0,21.3,17.2,20.3,2.91,94.9,2.2,0.4,0.6,0.36,0.9358974358974359,0.7371794871794872,0.717948717948718,0.2692307692307692,0.7884615384615384,0.27564102564102566,0.3141025641025641,0.5448717948717948,0.0641025641025641,0.6794871794871795,5.326923076923077,0.5256410256410257,52.751580000000004,6.055527813842006,45.22199098161637,Other,17.933333333333334
2024,Guayama Municipio,72057,35298.0,0.0,30324.0,158.0,4.5,37.7,20402.0,21240.32,313.7,18983.0,14.9,49.0,6.5,21.0,16.7,24.1,5.65,96.6,3.5999999999999996,0.4,1.8,5.06,0.05128205128205128,0.7371794871794872,0.4551282051282051,0.21794871794871795,0.6217948717948718,0.5769230769230769,0.9102564102564102,0.8333333333333334,0.5128205128205128,0.8333333333333334,5.75,0.6794871794871795,75.4089,8.656436287998016,53.77925094906227,Other,20.0
2024,Guayanilla Municipio,72059,17141.0,0.0,14538.0,74.0,17.3,40.1,23915.0,24897.67,313.7,8411.0,13.6,46.4,6.7,23.7,17.1,17.0,5.68,96.1,1.9,0.0,1.2,0.41,0.8974358974358975,0.6282051282051282,0.5128205128205128,0.5769230769230769,0.75,0.1987179487179487,0.9230769230769231,0.7435897435897436,0.2692307692307692,0.5128205128205128,6.012820512820513,0.7435897435897436,54.7944,6.290029857736668,49.06948252727379,Other,18.1
2024,Guaynabo Municipio,72061,89378.0,0.0,78995.0,175.0,6.1,51.9,46731.0,48651.17,313.7,42567.0,9.6,24.3,8.5,25.9,13.8,21.1,2.38,95.1,20.4,0.3,0.9,2.01,0.15384615384615385,0.01282051282051282,0.7564102564102564,0.8461538461538461,0.03205128205128205,0.391025641025641,0.19230769230769232,0.1858974358974359,0.17307692307692307,0.01282051282051282,2.756410256410256,0.02564102564102564,52.46304,6.022405355796086,47.6258139586923,Metro/Coastal (Hubs),18.866666666666667
2024,Gurabo Municipio,72063,40228.0,0.0,34565.0,281.0,10.4,56.7,42216.0,43950.65,313.7,18002.0,9.8,29.0,16.4,17.8,16.6,22.5,2.21,96.4,2.7,0.0,1.6,0.89,0.4935897435897436,0.07692307692307693,1.0,0.02564102564102564,0.5897435897435898,0.48717948717948717,0.14102564102564102,0.24358974358974358,0.4423076923076923,0.02564102564102564,3.5256410256410255,0.15384615384615385,39.249,4.505522131573782,44.74992542507706,Other,16.7
2024,Guánica Municipio,72055,12855.0,0.0,10857.0,71.0,22.9,42.5,17633.0,18357.54,313.7,9135.0,10.8,63.6,0.9,26.8,17.1,27.7,4.98,95.9,3.6,0.2,1.4,0.43,1.0,1.0,0.02564102564102564,0.9487179487179487,0.75,0.8076923076923077,0.8461538461538461,0.3141025641025641,0.3717948717948718,0.9743589743589743,7.038461538461538,0.9743589743589743,80.17488000000002,9.203538847773759,71.06184364060677,Other,21.766666666666666
2024,Hatillo Municipio,72065,38157.0,0.0,33146.0,187.0,7.0,44.9,28146.0,29302.52,313.7,17452.0,7.4,37.2,7.6,23.4,15.0,27.5,1.52,97.0,1.3,0.6,1.6,0.71,0.24358974358974358,0.20512820512820512,0.6666666666666666,0.5448717948717948,0.08333333333333333,0.782051282051282,0.0641025641025641,0.038461538461538464,0.4423076923076923,0.20512820512820512,3.2756410256410255,0.08974358974358974,47.61900000000001,5.466342031221482,45.73734832402967,Other,19.433333333333334
2024,Hormigueros Municipio,72067,15441.0,0.0,13621.0,78.0,10.7,44.3,26828.0,27930.36,313.7,7794.0,11.1,37.0,6.2,30.2,13.5,29.2,1.53,94.2,6.0,0.0,1.8,1.21,0.532051282051282,0.19230769230769232,0.3974358974358974,1.0,0.01282051282051282,0.8589743589743589,0.07692307692307693,0.3717948717948718,0.5128205128205128,0.2564102564102564,4.211538461538462,0.28205128205128205,97.88423999999999,11.236454677884266,50.476005440062174,Other,23.5
2024,Humacao Municipio,72069,50100.0,0.0,43467.0,176.0,5.2,39.1,27038.0,28148.99,313.7,27848.0,13.6,38.2,3.2,26.1,15.6,8.8,2.24,95.9,8.6,0.0,1.4,0.9,0.10256410256410256,0.24358974358974358,0.08333333333333333,0.8653846153846154,0.2564102564102564,0.0641025641025641,0.15384615384615385,0.7435897435897436,0.3717948717948718,0.24358974358974358,3.128205128205128,0.0641025641025641,31.236480000000007,3.5857385398981334,55.58483033932136,Other,16.166666666666668
2024,Isabela Municipio,72071,42890.0,0.0,37441.0,159.0,9.4,39.6,23266.0,24222.0,313.7,21832.0,10.8,43.6,10.0,22.4,15.4,23.6,1.57,94.4,2.2,0.1,0.1,1.02,0.44871794871794873,0.48717948717948717,0.8717948717948718,0.358974358974359,0.1794871794871795,0.5641025641025641,0.08974358974358974,0.3141025641025641,0.02564102564102564,0.5897435897435898,3.9294871794871793,0.21794871794871795,57.093120000000006,6.553907506448514,50.90230823035673,Other,18.933333333333334
2024,Jayuya Municipio,72073,14566.0,0.0,12172.0,120.0,14.3,42.3,21796.0,22691.6,313.7,6394.0,14.7,46.9,0.8,20.2,18.6,24.7,6.03,97.9,2.3,0.7,1.6,0.34,0.7564102564102564,0.6666666666666666,0.01282051282051282,0.15384615384615385,0.967948717948718,0.6153846153846154,0.9487179487179487,0.782051282051282,0.4423076923076923,0.7435897435897436,6.089743589743589,0.782051282051282,73.34417999999998,8.419420270889223,43.89674584649183,Mountain (Isolated),19.866666666666664
2024,Juana Díaz Municipio,72075,46156.0,0.0,39189.0,147.0,16.1,46.5,24852.0,25873.17,313.7,19949.0,12.6,44.1,10.7,20.8,17.9,27.2,3.65,97.0,2.0,0.2,3.5,1.33,0.8717948717948718,0.5128205128205128,0.8974358974358975,0.17307692307692307,0.8974358974358975,0.7564102564102564,0.5256410256410257,0.6410256410256411,0.8910256410256411,0.38461538461538464,6.551282051282052,0.8974358974358975,71.28576,8.183127451554359,43.22081636190311,Other,20.2
2024,Juncos Municipio,72077,36829.0,0.0,31046.0,170.0,8.9,52.1,29863.0,31090.07,313.7,16940.0,10.0,34.6,15.8,18.2,17.7,30.6,3.87,98.7,2.9,0.3,1.3,0.51,0.4358974358974359,0.15384615384615385,0.9871794871794872,0.05128205128205128,0.8461538461538461,0.9102564102564102,0.5641025641025641,0.2692307692307692,0.3269230769230769,0.14102564102564102,4.685897435897436,0.41025641025641024,55.692,6.393068321526843,45.996361562898805,Other,19.599999999999998
2024,Lajas Municipio,72079,23035.0,0.0,19995.0,148.0,16.5,43.2,19695.0,20504.27,313.7,12573.0,12.2,52.6,3.7,27.3,15.0,27.3,3.49,94.0,0.7999999999999999,1.6,1.3,0.36,0.8846153846153846,0.8717948717948718,0.1346153846153846,0.9615384615384616,0.08333333333333333,0.7692307692307693,0.48717948717948717,0.5448717948717948,0.3269230769230769,0.8974358974358975,5.961538461538462,0.7051282051282052,90.92538,10.43762419199868,54.582157586281745,Other,22.266666666666666
2024,Lares Municipio,72081,27855.0,0.0,24091.0,119.0,13.0,43.0,18917.0,19694.3,313.7,12921.0,12.3,55.4,7.6,23.6,15.9,25.9,4.7,97.2,0.5,0.2,1.2,1.25,0.7115384615384616,0.9487179487179487,0.6666666666666666,0.5641025641025641,0.3782051282051282,0.6923076923076923,0.7692307692307693,0.5641025641025641,0.2692307692307692,0.9230769230769231,6.487179487179486,0.8846153846153846,75.18252000000001,8.630449381321526,46.386645126548196,Mountain (Isolated),20.599999999999998
2024,Las Marías Municipio,72083,8744.0,0.0,7422.0,46.0,6.0,36.4,16314.0,16984.34,313.7,4109.0,11.8,57.8,3.8,23.8,17.8,8.1,4.32,95.4,1.2,0.0,2.2,0.96,0.1282051282051282,0.9615384615384616,0.15384615384615385,0.5961538461538461,0.8717948717948718,0.038461538461538464,0.6794871794871795,0.47435897435897434,0.6538461538461539,1.0,5.557692307692308,0.6025641025641025,22.748040000000003,2.61132252210058,46.99222323879231,Other,14.566666666666668
2024,Las Piedras Municipio,72085,34951.0,0.0,30015.0,164.0,6.5,44.1,25232.0,26268.78,313.7,15714.0,8.9,38.7,4.1,21.2,16.5,13.6,4.51,97.7,2.8,0.0,2.3,0.49,0.19230769230769232,0.2692307692307692,0.17307692307692307,0.25,0.5512820512820513,0.12179487179487179,0.75,0.08333333333333333,0.6858974358974359,0.358974358974359,3.4358974358974357,0.14102564102564102,25.660480000000003,2.945651113322796,44.96008697891334,Other,14.566666666666665
2024,Loíza Municipio,72087,22768.0,0.0,19496.0,122.0,20.2,46.9,24272.0,25269.33,313.7,11749.0,19.0,42.8,6.7,22.9,16.8,21.6,4.41,96.0,5.9,0.2,3.5,0.38,0.9487179487179487,0.4358974358974359,0.5128205128205128,0.4423076923076923,0.6602564102564102,0.41025641025641024,0.7307692307692307,0.9743589743589743,0.8910256410256411,0.46153846153846156,6.467948717948718,0.8717948717948718,93.9816,10.788457763528104,51.603127196064655,Other,21.166666666666668
2024,Luquillo Municipio,72089,17532.0,0.0,15262.0,80.0,17.6,49.6,24225.0,25220.4,313.7,10815.0,13.0,44.8,4.7,24.6,15.8,26.0,2.96,95.2,17.4,0.0,1.9,0.38,0.9102564102564102,0.532051282051282,0.22435897435897437,0.6858974358974359,0.33974358974358976,0.7051282051282052,0.33974358974358976,0.6794871794871795,0.5384615384615384,0.5,5.455128205128205,0.5705128205128205,83.14800000000001,9.544833096285176,61.68720054757016,Other,21.2
2024,Manatí Municipio,72091,38943.0,0.0,33367.0,180.0,13.2,42.8,22683.0,23615.04,313.7,19464.0,15.7,42.3,5.2,25.0,16.5,20.6,4.95,94.9,3.9,0.1,2.7,0.78,0.7435897435897436,0.4230769230769231,0.30128205128205127,0.7371794871794872,0.5512820512820513,0.2948717948717949,0.8205128205128205,0.8717948717948718,0.8012820512820513,0.6538461538461539,6.198717948717948,0.8076923076923077,80.855,9.281612065234736,49.98074108312148,Other,20.433333333333334
2024,Maricao Municipio,72093,4988.0,246.0,4261.0,202.0,0.0,33.7,21302.0,22177.3,313.7,2591.0,8.8,52.9,7.0,26.1,16.1,7.7,5.45,98.0,1.1,0.0,3.0,0.16,0.019230769230769232,0.8974358974358975,0.5897435897435898,0.8653846153846154,0.4166666666666667,0.02564102564102564,0.8974358974358975,0.057692307692307696,0.8205128205128205,0.7948717948717948,5.384615384615384,0.5384615384615384,17.685360000000003,2.030160790971737,51.94466720128308,Other,14.200000000000003
2024,Maunabo Municipio,72095,10399.0,0.0,8994.0,58.0,12.1,36.1,18045.0,18786.47,313.7,5282.0,17.1,54.6,6.9,26.4,15.7,16.5,6.66,95.0,3.3,0.0,6.9,0.15,0.6666666666666666,0.9358974358974359,0.5705128205128205,0.9038461538461539,0.30128205128205127,0.1794871794871795,0.9871794871794872,0.9102564102564102,1.0,0.9615384615384616,7.416666666666667,1.0,74.4876,8.550677223058301,50.793345513991724,Other,20.0
2024,Mayagüez Municipio,72097,70828.0,0.0,61706.0,192.0,20.3,41.8,18295.0,19046.74,313.7,42468.0,17.7,53.3,5.3,26.7,15.5,24.3,1.17,94.3,18.5,0.0,1.5,2.37,0.967948717948718,0.9102564102564102,0.32051282051282054,0.9358974358974359,0.21794871794871795,0.5897435897435898,0.02564102564102564,0.9230769230769231,0.40384615384615385,0.9487179487179487,6.2435897435897445,0.8205128205128205,114.83936999999999,13.182789959259859,59.95933811486982,Other,22.900000000000002
2024,Moca Municipio,72099,37424.0,0.0,32053.0,136.0,17.7,46.4,23586.0,24555.15,313.7,17513.0,9.9,45.9,12.4,20.8,16.8,22.3,2.56,97.5,0.7999999999999999,0.0,0.8,0.9,0.9230769230769231,0.5897435897435898,0.9230769230769231,0.17307692307692307,0.6602564102564102,0.4551282051282051,0.21794871794871795,0.2564102564102564,0.1346153846153846,0.5512820512820513,4.884615384615385,0.44871794871794873,45.92016,5.27132658578331,46.79617357845233,Other,17.666666666666668
2024,Morovis Municipio,72101,28397.0,0.0,24109.0,129.0,10.5,47.0,25003.0,26030.37,313.7,12703.0,12.0,44.9,3.5,19.4,17.2,20.8,3.82,97.1,3.4000000000000004,0.3,0.8,0.31,0.5128205128205128,0.5512820512820513,0.10897435897435898,0.08333333333333333,0.7884615384615384,0.33974358974358976,0.5512820512820513,0.5256410256410257,0.1346153846153846,0.3717948717948718,3.967948717948718,0.24358974358974358,48.422399999999996,5.558566966391966,44.73359861957249,Other,17.400000000000002
2024,Naguabo Municipio,72103,23054.0,0.0,19318.0,132.0,6.9,43.9,23395.0,24356.3,313.7,11696.0,10.9,46.3,10.9,20.1,18.6,8.4,3.05,97.7,4.4,0.0,4.3,0.45,0.23076923076923078,0.6153846153846154,0.9102564102564102,0.1346153846153846,0.967948717948718,0.05128205128205128,0.358974358974359,0.3333333333333333,0.9551282051282052,0.5769230769230769,5.134615384615384,0.48717948717948717,18.403560000000002,2.1126053371995717,50.733061507764376,Other,13.133333333333333
2024,Naranjito Municipio,72105,29310.0,0.0,24961.0,178.0,11.7,43.3,22156.0,23066.39,313.7,11460.0,14.5,51.1,2.8,23.1,16.9,25.4,6.55,98.1,0.8,0.2,3.9,0.35,0.6410256410256411,0.8333333333333334,0.0641025641025641,0.5,0.6987179487179487,0.6794871794871795,0.9615384615384616,0.7692307692307693,0.9358974358974359,0.6923076923076923,6.775641025641026,0.9487179487179487,85.0773,9.76630380505343,39.099283520982596,Other,21.0
2024,Orocovis Municipio,72107,21309.0,0.0,18065.0,92.0,10.7,38.8,20302.0,21136.21,313.7,9214.0,14.9,50.4,2.2,20.1,18.1,22.2,5.41,96.9,1.2,0.1,3.2,0.66,0.532051282051282,0.8205128205128205,0.04487179487179487,0.1346153846153846,0.9358974358974359,0.4358974358974359,0.8846153846153846,0.8333333333333334,0.8333333333333334,0.8461538461538461,6.301282051282051,0.8589743589743589,66.48678,7.632236712962803,43.23994556290769,Mountain (Isolated),19.066666666666666
2024,Patillas Municipio,72109,15563.0,0.0,13593.0,87.0,8.3,36.5,24396.0,25398.43,313.7,8256.0,12.5,48.9,5.0,26.6,15.1,16.1,4.51,96.9,1.1,0.2,2.1,0.3,0.41025641025641024,0.717948717948718,0.27564102564102566,0.9230769230769231,0.12179487179487179,0.16666666666666666,0.75,0.6089743589743589,0.6153846153846154,0.44871794871794873,5.038461538461538,0.47435897435897434,53.532500000000006,6.14517219568584,53.048898027372616,Other,18.400000000000002
2024,Peñuelas Municipio,72111,19853.0,0.0,16667.0,82.0,11.2,43.1,22697.0,23629.62,313.7,8789.0,9.6,52.3,13.0,20.0,19.0,17.0,4.34,97.8,0.2,0.2,2.4,0.07,0.5897435897435898,0.8589743589743589,0.967948717948718,0.11538461538461539,0.9871794871794872,0.1987179487179487,0.6923076923076923,0.1858974358974359,0.7243589743589743,0.6410256410256411,5.961538461538463,0.717948717948718,32.64,3.7468532287336807,44.27038734700046,Other,15.533333333333333
2024,Ponce Municipio,72113,132760.0,0.0,113239.0,269.0,15.1,40.9,19877.0,20693.74,313.7,69741.0,15.6,49.7,6.5,25.2,17.1,26.4,3.59,94.7,10.2,0.3,2.5,2.84,0.8269230769230769,0.7756410256410257,0.4551282051282051,0.7692307692307693,0.75,0.717948717948718,0.5,0.8589743589743589,0.7628205128205128,0.8717948717948718,7.288461538461538,0.9871794871794872,103.78367999999999,11.913670848586493,52.53163603495029,Other,22.399999999999995
2024,Quebradillas Municipio,72115,23409.0,0.0,20064.0,137.0,8.1,39.9,24640.0,25652.46,313.7,11146.0,8.9,45.1,4.8,23.0,16.2,31.0,2.41,96.1,3.6,0.5,2.2,1.93,0.358974358974359,0.5641025641025641,0.24358974358974358,0.47435897435897434,0.44871794871794873,0.9230769230769231,0.20512820512820512,0.08333333333333333,0.6538461538461539,0.3974358974358974,4.352564102564103,0.3141025641025641,63.45700000000001,7.284438276217929,47.61416549190483,Other,20.966666666666665
2024,Rincón Municipio,72117,15378.0,0.0,13634.0,90.0,7.8,40.5,24447.0,25451.53,313.7,9379.0,10.2,46.1,8.6,27.9,13.8,33.4,3.15,96.2,8.8,0.2,1.1,0.27,0.3333333333333333,0.6025641025641025,0.7692307692307693,0.9871794871794872,0.03205128205128205,0.9743589743589743,0.391025641025641,0.28846153846153844,0.22435897435897437,0.4230769230769231,5.025641025641026,0.46153846153846156,95.04971999999998,10.911070780399273,60.98972558200026,Other,23.833333333333332
2024,Río Grande Municipio,72119,46051.0,0.0,40040.0,140.0,15.0,52.3,28943.0,30132.27,313.7,23376.0,11.9,33.8,3.5,22.7,15.6,23.4,3.43,96.9,5.5,0.2,2.4,1.37,0.8076923076923077,0.1282051282051282,0.10897435897435898,0.41025641025641024,0.2564102564102564,0.5512820512820513,0.47435897435897434,0.5064102564102564,0.7243589743589743,0.19230769230769232,4.160256410256411,0.2692307692307692,63.21042,7.256132544932966,50.76111267942064,Other,19.333333333333332
2024,Sabana Grande Municipio,72121,22407.0,0.0,19252.0,98.0,11.5,39.2,22065.0,22971.65,313.7,11400.0,11.2,44.0,6.7,25.6,16.5,26.8,2.89,92.3,1.9,0.3,2.1,0.8,0.6217948717948718,0.5,0.5128205128205128,0.8205128205128205,0.5512820512820513,0.7307692307692307,0.2948717948717949,0.391025641025641,0.6153846153846154,0.7051282051282052,5.743589743589744,0.6666666666666666,76.84096,8.820827177542757,50.87695809345294,Other,21.200000000000003
2024,Salinas Municipio,72123,25079.0,0.0,21487.0,92.0,7.2,42.0,21901.0,22800.91,313.7,13859.0,13.3,47.9,9.8,22.5,17.4,31.5,4.21,96.6,2.2,0.6,2.1,0.81,0.2692307692307692,0.6923076923076923,0.8589743589743589,0.38461538461538464,0.8205128205128205,0.9358974358974359,0.6538461538461539,0.7051282051282052,0.6153846153846154,0.7307692307692307,6.666666666666667,0.9230769230769231,94.26375,10.820846692403324,55.261374057976795,Other,22.433333333333334
2024,San Germán Municipio,72125,31305.0,0.0,26864.0,148.0,8.2,35.0,18317.0,19069.64,313.7,16255.0,15.8,49.6,6.5,27.8,16.3,14.7,3.38,95.3,5.1,0.2,2.5,1.1,0.38461538461538464,0.7564102564102564,0.4551282051282051,0.9743589743589743,0.48717948717948717,0.14102564102564102,0.46153846153846156,0.8910256410256411,0.7628205128205128,0.9358974358974359,6.25,0.8333333333333334,64.56828,7.412005771806997,51.92461268168024,Other,19.433333333333334
2024,San Juan Municipio,72127,336160.0,0.0,291675.0,407.0,12.3,52.4,27992.0,29142.19,313.7,201026.0,20.8,38.8,7.6,25.5,15.3,21.1,2.0,93.1,31.6,0.1,1.2,1.74,0.6794871794871795,0.28205128205128205,0.6666666666666666,0.8076923076923077,0.14743589743589744,0.391025641025641,0.1282051282051282,1.0,0.2692307692307692,0.21794871794871795,4.589743589743589,0.38461538461538464,111.91440000000003,12.847023008020612,59.800690147548785,Metro/Coastal (Hubs),22.46666666666667
2024,San Lorenzo Municipio,72129,37431.0,0.0,32516.0,111.0,7.4,43.5,22847.0,23785.78,313.7,16809.0,13.1,43.4,2.2,22.2,15.7,13.1,4.77,96.4,0.5,0.1,3.7,0.34,0.3141025641025641,0.47435897435897434,0.04487179487179487,0.3333333333333333,0.30128205128205127,0.10256410256410256,0.782051282051282,0.6923076923076923,0.9230769230769231,0.6282051282051282,4.596153846153847,0.3974358974358974,38.09742,4.373328466097521,44.90662819588042,Other,16.133333333333333
2024,San Sebastián Municipio,72131,39088.0,0.0,33703.0,169.0,13.0,38.3,19920.0,20738.51,313.7,19193.0,9.6,49.7,9.5,26.2,16.2,30.2,4.35,96.8,1.2,0.0,1.6,0.75,0.7115384615384616,0.7756410256410257,0.8461538461538461,0.8846153846153846,0.44871794871794873,0.8717948717948718,0.7051282051282052,0.1858974358974359,0.4423076923076923,0.8589743589743589,6.730769230769231,0.9358974358974359,75.95904,8.719588672656581,49.10202619729841,Other,22.0
2024,Santa Isabel Municipio,72133,19903.0,0.0,17001.0,101.0,5.9,48.5,25795.0,26854.91,313.7,9552.0,11.4,41.8,8.4,18.0,17.8,28.9,4.13,97.1,1.6,0.0,1.2,0.16,0.11538461538461539,0.3717948717948718,0.7371794871794872,0.038461538461538464,0.8717948717948718,0.8461538461538461,0.6153846153846154,0.4230769230769231,0.2692307692307692,0.2948717948717949,4.583333333333334,0.3717948717948718,59.3028,6.807563959955506,47.99276490981259,Other,19.433333333333334
2024,Toa Alta Municipio,72135,66320.0,0.0,57044.0,214.0,7.3,54.0,35241.0,36689.05,313.7,27839.0,5.5,32.8,5.9,17.3,16.5,17.9,4.08,96.0,3.2,0.2,2.4,0.64,0.28846153846153844,0.10256410256410256,0.3525641025641026,0.01282051282051282,0.5512820512820513,0.23076923076923078,0.6025641025641025,0.01282051282051282,0.7243589743589743,0.07692307692307693,2.9551282051282053,0.038461538461538464,17.031850000000002,1.9551422231558746,41.97677925211098,Other,13.566666666666668
2024,Toa Baja Municipio,72137,73039.0,0.0,63020.0,163.0,8.2,54.5,32017.0,33332.58,313.7,36615.0,9.2,32.4,12.5,22.3,16.1,30.5,2.78,95.6,2.6,0.3,1.5,0.63,0.38461538461538464,0.08974358974358974,0.9358974358974359,0.34615384615384615,0.4166666666666667,0.8910256410256411,0.24358974358974358,0.12179487179487179,0.40384615384615385,0.08974358974358974,3.923076923076923,0.20512820512820512,62.5738,7.183052835911016,50.13075206396582,Other,20.666666666666668
2024,Trujillo Alto Municipio,72139,67088.0,0.0,58176.0,207.0,7.9,54.8,40055.0,41700.86,313.7,30711.0,7.2,27.7,4.9,22.1,15.8,22.3,3.27,94.5,10.6,0.0,1.4,1.27,0.34615384615384615,0.05128205128205128,0.2564102564102564,0.32051282051282054,0.33974358974358976,0.4551282051282051,0.4230769230769231,0.02564102564102564,0.3717948717948718,0.038461538461538464,2.6282051282051277,0.01282051282051282,35.483760000000004,4.073297816287103,45.77718817076079,Other,17.200000000000003
2024,Utuado Municipio,72141,27621.0,0.0,23824.0,136.0,21.2,42.4,20800.0,21654.67,313.7,13624.0,12.4,50.3,7.5,25.4,16.3,20.7,4.07,96.4,0.7999999999999999,0.5,2.0,0.68,0.9871794871794872,0.8076923076923077,0.6346153846153846,0.7884615384615384,0.48717948717948717,0.3141025641025641,0.5897435897435898,0.5769230769230769,0.5705128205128205,0.8205128205128205,6.576923076923076,0.9102564102564102,65.19672,7.484146471655813,49.32478910973535,Mountain (Isolated),19.499999999999996
2024,Vega Alta Municipio,72143,34921.0,0.0,29787.0,149.0,15.5,47.7,25538.0,26587.35,313.7,17058.0,11.2,40.8,8.7,21.0,17.6,22.4,4.15,97.1,3.6,0.2,2.6,0.65,0.8589743589743589,0.3333333333333333,0.7948717948717948,0.21794871794871795,0.8333333333333334,0.47435897435897434,0.6410256410256411,0.391025641025641,0.782051282051282,0.32051282051282054,5.647435897435898,0.6410256410256411,52.68479999999999,6.047861917438364,48.84739841356204,Other,18.2
2024,Vega Baja Municipio,72145,53892.0,0.0,46353.0,206.0,11.0,43.6,24244.0,25240.18,313.7,27010.0,11.5,41.1,8.4,23.2,16.2,21.9,4.89,96.5,1.3,0.4,3.3,0.62,0.5705128205128205,0.34615384615384615,0.7371794871794872,0.5192307692307693,0.44871794871794873,0.4230769230769231,0.8076923076923077,0.44871794871794873,0.8461538461538461,0.48717948717948717,5.634615384615384,0.6282051282051282,58.429199999999994,6.707280535304104,50.11875603057968,Other,18.866666666666664
2024,Vieques Municipio,72147,8078.0,0.0,6882.0,45.0,6.1,44.4,19803.0,20616.7,313.7,5504.0,17.9,59.1,7.7,25.1,16.9,13.6,1.28,93.8,1.7,0.7,3.6,0.0,0.15384615384615385,0.9743589743589743,0.6987179487179487,0.7564102564102564,0.6987179487179487,0.12179487179487179,0.038461538461538464,0.9358974358974359,0.9102564102564102,0.8846153846153846,6.173076923076923,0.7948717948717948,61.10344,7.014265363073981,68.13567714780886,Other,18.866666666666667
2024,Villalba Municipio,72149,21556.0,0.0,18104.0,91.0,11.4,42.4,26286.0,27366.09,313.7,9257.0,12.5,38.9,4.6,21.8,18.3,22.9,5.85,97.0,1.7000000000000002,0.3,3.4,0.61,0.6025641025641025,0.2948717948717949,0.20512820512820512,0.3076923076923077,0.9487179487179487,0.5256410256410257,0.9358974358974359,0.6089743589743589,0.8653846153846154,0.28205128205128205,5.576923076923076,0.6153846153846154,62.402499999999996,7.163388744058012,42.9439599183522,Other,19.066666666666666
2024,Yabucoa Municipio,72151,29400.0,0.0,25507.0,132.0,8.7,36.3,22944.0,23886.77,313.7,14631.0,14.8,47.7,6.8,25.4,15.4,12.8,5.39,97.4,1.3,0.0,2.3,0.54,0.4230769230769231,0.6794871794871795,0.5512820512820513,0.7884615384615384,0.1794871794871795,0.08974358974358974,0.8717948717948718,0.8012820512820513,0.6858974358974359,0.6153846153846154,5.685897435897436,0.6538461538461539,48.117760000000004,5.523596336257119,49.76530612244898,Other,17.666666666666668
2024,Yauco Municipio,72153,32993.0,0.0,28612.0,78.0,11.9,43.2,24255.0,25251.64,313.7,17387.0,11.4,41.9,5.2,25.7,15.7,27.6,2.27,95.7,1.7,0.1,1.0,1.05,0.6538461538461539,0.391025641025641,0.30128205128205127,0.8333333333333334,0.30128205128205127,0.7948717948717948,0.16666666666666666,0.4230769230769231,0.20512820512820512,0.47435897435897434,4.544871794871795,0.358974358974359,80.86248,9.282470719099654,52.69905737580699,Other,21.566666666666666
