municipio,region,year,p05,p10,p25,p50,p75,p90,p95,scenario
Adjuntas,Central Mountains,2025,17363.52341995679,17436.449446026836,17539.80329575306,17660.255460107128,17784.90108487124,17917.704988478097,17981.308697631284,baseline
Adjuntas,Central Mountains,2026,17146.289787047503,17218.36785411907,17345.889047964305,17455.605121736477,17609.33074309603,17713.038149016684,17812.46596187748,baseline
Adjuntas,Central Mountains,2027,16992.981348166144,17048.088325613127,17221.08856317323,17399.94398631613,17550.61666928662,17676.79747097051,17763.168819653303,baseline
Adjuntas,Central Mountains,2028,16751.556255852123,16802.1175058795,17009.819687476444,17218.854395904636,17420.211249977652,17568.148662393876,17681.58778318288,baseline
Adjuntas,Central Mountains,2029,16518.795368847386,16598.70505570919,16768.97026644852,17028.16657938631,17223.992741409405,17383.057990134716,17531.381045883856,baseline
Adjuntas,Central Mountains,2030,16229.282385981163,16399.214140412107,16598.855713304074,16775.140544575253,17037.896196790905,17210.774780246826,17286.536953352337,baseline
Aguada,West,2025,36591.49254800582,36722.48242756787,37005.236365965,37220.0990596391,37463.49487643577,37736.535134919046,37849.25367602422,baseline
Aguada,West,2026,35960.98606789243,36182.16341885362,36440.39073472448,36757.59861186832,37099.67364295694,37384.112693206924,37671.67045173172,baseline
Aguada,West,2027,35584.45629867817,35876.913275028,36161.84337887256,36513.33747026345,36825.33775864855,37247.93692877748,37388.44970936636,baseline
Aguada,West,2028,35020.87358896299,35214.23830645256,35628.09547603316,35968.84760599094,36346.5503258912,36803.65074990507,37012.719481758824,baseline
Aguada,West,2029,34496.85623302115,34763.69698946603,35127.64393123118,35591.13109191304,35974.58012365496,36431.92048536258,36689.310790198695,baseline
Aguada,West,2030,33902.48491748677,34177.6093418559,34635.002628169714,35074.98882129394,35533.2700899442,35938.53383058314,36310.722863619034,baseline
Aguadilla,West,2025,51652.215457876315,52189.11185133421,52889.25459675427,53577.705447518965,54190.27270218245,54720.87281080617,55476.547170264515,baseline
Aguadilla,West,2026,50814.06632606878,51353.96846110094,52026.61518971191,52809.07538999004,53674.921115077,54390.731463931515,54841.56221892061,baseline
Aguadilla,West,2027,50187.59258660395,50593.45739549398,51428.40609621206,52333.810679771945,53148.197285941314,54137.90582273825,54535.78987826039,baseline
Aguadilla,West,2028,49467.084906881435,49784.44677990713,50616.18251443097,51724.28640332603,52753.83456964048,53802.51935959876,54337.019299319356,baseline
Aguadilla,West,2029,48398.73408974692,49187.737494268775,49994.6733077321,51085.05171022202,52287.286175850924,52929.73426611677,54081.86746651988,baseline
Aguadilla,West,2030,47323.909986512845,48114.34859545157,49442.715754545745,50460.53383745808,51529.124853670044,52913.17900659818,53553.49464830559,baseline
Aguas Buenas,Central Mountains,2025,23123.4739966171,23187.000585461472,23330.45388226906,23447.754291123012,23588.124231720547,23704.66729255027,23753.772279158286,baseline
Aguas Buenas,Central Mountains,2026,22770.222270508388,22833.06159168483,22995.89218419814,23199.868995191,23358.544915288607,23543.73458744654,23624.719551787795,baseline
Aguas Buenas,Central Mountains,2027,22510.151088859406,22561.52596519049,22688.44412094327,22893.745090807475,23109.031518654316,23252.240996216762,23405.87191486019,baseline
Aguas Buenas,Central Mountains,2028,22149.84388299139,22280.45034568809,22422.204932968827,22622.46701899512,22826.42857117661,22976.057538337853,23083.195259312542,baseline
Aguas Buenas,Central Mountains,2029,21897.772031864883,21973.227423894252,22137.83055823751,22380.186955181307,22590.230173972803,22789.013508186035,22870.947860463122,baseline
Aguas Buenas,Central Mountains,2030,21500.205713033407,21601.44229599191,21898.034236030293,22105.39176892521,22331.20004495768,22504.967420728426,22693.07461838158,baseline
Aibonito,Central Mountains,2025,23475.070345760883,23718.54315907238,23961.429223077786,24273.7298141175,24605.47040296777,24790.962896795074,25095.13294090905,baseline
Aibonito,Central Mountains,2026,22954.94755957773,23092.98150840768,23384.27741694526,23895.46181237547,24303.758186446503,24684.13261268247,24792.86480192951,baseline
Aibonito,Central Mountains,2027,22540.985838305576,22850.892648403733,23199.045634295333,23672.364749473745,24071.800563327037,24522.150475803504,24797.456348663854,baseline
Aibonito,Central Mountains,2028,22187.77593499855,22331.43084311953,22812.344565997584,23382.38182657802,23937.479631052527,24322.001611052503,24678.01137253025,baseline
Aibonito,Central Mountains,2029,21760.9270629727,21920.255019950302,22444.836710423413,23039.064856773795,23650.694008640334,24276.955979423958,24756.422770543046,baseline
Aibonito,Central Mountains,2030,21328.554263513095,21524.93106739223,22170.403139802667,22884.973699729395,23561.259810455507,24130.864562666673,24579.599868963505,baseline
Arecibo,North,2025,83392.63644592416,83760.62195955946,84540.23087466639,85447.22550574515,86304.87561411443,87182.64971375231,87522.0659226542,baseline
Arecibo,North,2026,81128.8542491143,82254.02308766557,83212.71901114716,84317.65609096654,85379.35797892643,86133.26656655407,87033.04624083106,baseline
Arecibo,North,2027,80706.11231384458,81277.67900272645,82408.70465817302,83729.47882621907,84790.66803491322,86025.40697809443,86431.12686416722,baseline
Arecibo,North,2028,79359.56762624695,80358.93974061894,81437.90562485857,82825.84682989222,84223.1323212706,85446.55117572856,86310.13507702197,baseline
Arecibo,North,2029,78306.6662533982,79029.83874030133,80209.4697078403,81721.24841466715,83268.72660867107,84732.80515923734,85444.85310474191,baseline
Arecibo,North,2030,77075.69750634405,77881.59294441012,79347.88827890463,80780.55067571937,82429.39674136743,83838.85121398319,84671.63859637611,baseline
Arroyo,South,2025,14744.273330199549,14862.245548465025,14979.60944715561,15116.061063379519,15237.227967508048,15368.597428291621,15486.58443299984,baseline
Arroyo,South,2026,14253.173217711006,14469.796794018986,14646.70460970956,14859.371860319607,14994.876173598594,15208.22051369904,15336.071974960847,baseline
Arroyo,South,2027,13911.487500190331,14135.810804068318,14361.099286949982,14580.614693896623,14788.649704826059,15025.105800996616,15165.999098326865,baseline
Arroyo,South,2028,13633.90473814086,13813.311115145376,14054.04019406947,14324.688382738477,14582.46853883654,14785.156911223141,14931.50617875713,baseline
Arroyo,South,2029,13410.492932070381,13526.58019956054,13727.418591828337,14063.571212284722,14354.284818553213,14619.84501180831,14859.954825222487,baseline
Arroyo,South,2030,13108.43118599748,13244.335916603608,13494.651426784167,13792.16731790864,14114.65829267374,14436.163916860796,14555.557379284075,baseline
Añasco,West,2025,24615.285566424292,24675.632728600987,24793.63617866204,24950.566796106796,25074.27818239054,25204.260749674184,25255.93341400561,baseline
Añasco,West,2026,24205.604768588244,24319.424699865795,24439.013131771568,24624.264727225134,24814.89148501231,24957.34020242049,25009.930588660012,baseline
Añasco,West,2027,23956.219438368305,24014.43989794832,24164.481357398417,24324.955480528217,24505.343943793494,24704.537777124453,24839.083417343696,baseline
Añasco,West,2028,23617.848492352197,23728.336034524684,23851.81620284558,24065.63097135308,24282.488335905735,24550.13133935366,24643.954528518265,baseline
Añasco,West,2029,23244.40224128963,23356.54230471611,23558.444287449318,23802.92149343154,23987.124864568177,24237.79996817148,24362.261444713782,baseline
Añasco,West,2030,22894.703634041824,23040.363199928976,23227.01840909703,23456.200146733834,23744.683511896772,23938.942361038902,24092.69239852376,baseline
Barceloneta,North,2025,21812.635927466377,21946.756086880072,22106.128728521566,22262.20092047443,22434.060650098538,22634.61640834374,22717.731042637995,baseline
Barceloneta,North,2026,21394.585357572407,21539.065412496748,21697.567087028503,21952.18064243679,22162.478724733457,22369.54142466669,22518.664027564286,baseline
Barceloneta,North,2027,21141.46785833651,21276.66918905586,21485.126541238304,21693.571155678343,22023.850311412505,22249.5725443777,22435.24015343049,baseline
Barceloneta,North,2028,20853.553862430726,20966.123169775678,21258.20585243348,21501.293854311883,21775.208918436438,21948.770975918585,22174.39005643139,baseline
Barceloneta,North,2029,20609.886152181778,20726.452659467588,20984.426305466688,21210.255777384213,21528.429200968312,21834.217920518855,21984.48039959396,baseline
Barceloneta,North,2030,20268.312463636947,20414.34255713318,20706.617778629618,20944.37620592169,21268.681101158807,21526.045670306215,21759.26216672728,baseline
Barranquitas,Central Mountains,2025,28079.508390795785,28168.28412480776,28398.707751144735,28580.567960836735,28792.446778779347,29017.201484802936,29072.021866343814,baseline
Barranquitas,Central Mountains,2026,27477.879466486782,27675.987764537203,27948.885312507817,28274.38881960368,28502.15653387093,28764.921270454426,28882.108214577187,baseline
Barranquitas,Central Mountains,2027,27131.57216571036,27292.160414749218,27677.521957426514,28054.651452628037,28327.816564034398,28566.2642613239,28630.537633103395,baseline
Barranquitas,Central Mountains,2028,26802.78780640667,27000.384745933345,27328.290973479736,27685.164308946318,28056.97417213474,28350.847624215425,28492.17656356433,baseline
Barranquitas,Central Mountains,2029,26456.00324882554,26634.823801193845,26959.312152614446,27390.720918809984,27702.301143806406,28012.599063065096,28274.224889602854,baseline
Barranquitas,Central Mountains,2030,25974.296183599832,26206.46569910825,26644.69838253036,27126.519272996455,27520.58668013219,27876.28032738904,28174.746888130652,baseline
Bayamón,Metro,2025,175029.3780650814,175948.28528183748,178191.84320123488,180161.9423850139,182163.21151465696,183897.55562887402,184528.15280505057,baseline
Bayamón,Metro,2026,170712.51097349898,171658.94192167316,174212.5939370427,177190.5091895652,179372.34964198427,183207.30922394936,184042.35823499731,baseline
Bayamón,Metro,2027,167774.4017829847,168915.56057308044,171727.6174569338,174643.42691385438,178200.26488433374,180637.69774765812,182137.67848358717,baseline
Bayamón,Metro,2028,164752.3106675301,165615.77689212543,168931.69117700978,172064.81756153196,175915.02571967556,179859.75345816227,182175.20863479987,baseline
Bayamón,Metro,2029,161968.62160969555,163626.88559280615,167069.069867001,170381.03839679772,174593.86516065264,178559.59354255276,180138.52562443388,baseline
Bayamón,Metro,2030,159715.3354157624,161099.35756181696,163829.43183767694,168650.71142058505,173462.9812343485,176607.53311222637,178005.78406814658,baseline
Cabo Rojo,West,2025,45673.61753950681,45852.252845972565,46060.8517088723,46284.39801844472,46550.67406511024,46816.78958696622,46998.068711953805,baseline
Cabo Rojo,West,2026,45022.30157671508,45172.459442887186,45365.48094659423,45671.39482847054,45976.277408549235,46352.807788203725,46479.35531409936,baseline
Cabo Rojo,West,2027,44650.4297973836,44816.55433868437,45047.22714326884,45343.79806217132,45603.34565931927,45954.13400474078,46131.017652682276,baseline
Cabo Rojo,West,2028,44235.15528327434,44416.00344272608,44671.08397871767,44931.40830151767,45310.385009358186,45733.198011668486,45885.19363282648,baseline
Cabo Rojo,West,2029,43596.41889167554,43663.29005635328,44049.02335663977,44388.87487202737,44754.05218208361,45130.94704373063,45360.55734502188,baseline
Cabo Rojo,West,2030,42663.82505098995,42902.72065420332,43290.81095556919,43755.86582754467,44179.529027687,44431.03384846624,44664.264201662154,baseline
Caguas,East,2025,120984.97837766906,121393.9204572254,122316.78821097488,123125.33538539006,123905.09817943072,124626.60636528626,125091.53191740683,baseline
Caguas,East,2026,118097.7825226838,118770.1313707801,119562.53339856652,120730.20922710496,121649.21201993637,122635.9197068487,123060.64066484304,baseline
Caguas,East,2027,116086.68940317842,116701.74404411136,117600.74653716967,118709.89373792785,119818.2494322558,120816.29370138903,121455.30471668066,baseline
Caguas,East,2028,113947.18050966499,114532.02137180272,115685.37207379882,116895.90995528258,118036.32828969375,119115.24587007212,120096.95394899567,baseline
Caguas,East,2029,111817.52229853903,112539.0934081592,113460.62582353775,114521.51042898971,116037.98350191733,117528.1782242727,118635.04466048612,baseline
Caguas,East,2030,109472.94335706768,110271.77071154346,111558.41694223598,113126.81334654687,114393.70769335148,115365.7888030131,115994.26533307358,baseline
Camuy,North,2025,31219.98275018689,31534.564870987026,31845.324456845905,32264.35372921107,32672.97051824947,32883.68425444413,33081.15983091521,baseline
Camuy,North,2026,30707.292719258094,30940.66988910059,31393.374007209946,31875.602028873414,32271.621118674368,32649.223000467107,32831.65186885342,baseline
Camuy,North,2027,30439.699662006587,30770.392696250856,31257.947678965833,31628.335925049338,32017.148639148378,32419.956880667687,32693.201722975216,baseline
Camuy,North,2028,29923.506756956434,30215.09336340909,30761.729281084463,31194.185697878253,31816.322252117985,32262.91479910838,32613.314843517466,baseline
Camuy,North,2029,29517.863357174974,29904.11819146395,30280.28034382205,30939.539770387004,31474.706582928164,31907.58841606258,32211.609829304147,baseline
Camuy,North,2030,29131.897024779,29403.158230409448,29935.502967875083,30523.360541797476,31211.299365815386,31737.161814263913,32054.743278014874,baseline
Canóvanas,East,2025,40174.90110670843,40325.621665894825,40662.066231028744,40987.15891178219,41357.7711291344,41627.00380080958,41808.33428720614,baseline
Canóvanas,East,2026,39125.296032619364,39223.816348318476,39581.43815099502,40192.35287698834,40586.11896074926,40904.433201399785,41279.730067423094,baseline
Canóvanas,East,2027,38227.39417987905,38510.87826809002,39000.56891175773,39423.311329785414,39841.8943706632,40401.478923115545,40665.79232740373,baseline
Canóvanas,East,2028,37460.27005930911,37718.26492503004,38184.39120487856,38826.33446124986,39446.36042555381,39924.54567378204,40089.24597919513,baseline
Canóvanas,East,2029,36452.37023377969,36814.37096319293,37491.58802047229,38122.734642074254,38756.47666858429,39238.43948496843,39498.03708623604,baseline
Canóvanas,East,2030,35657.796558289716,36122.640556988124,36738.149889637214,37406.306091140366,38024.51418102312,38652.03589993677,38924.40421721037,baseline
Carolina,Metro,2025,146748.91249770072,147778.5115608116,148996.2665421443,150333.93928504776,151316.6069063657,152731.0479054087,153420.6774358893,baseline
Carolina,Metro,2026,143118.31550856013,144113.32040977216,145780.32728990976,147491.48090478446,149055.15673973894,150782.8678111828,151842.54097296204,baseline
Carolina,Metro,2027,140992.45784767604,142093.75591311266,144019.8294357012,145709.8943304312,147736.39364279786,149478.69327252504,150233.7414224509,baseline
Carolina,Metro,2028,139410.13588888448,140498.5350108522,142185.91647742948,144470.57822093702,146484.85633481824,148157.714080737,149921.65435580397,baseline
Carolina,Metro,2029,137401.28830929322,138247.23205848408,139868.3209670228,142095.94553096272,144552.07339576565,147232.22591030074,148150.51434364312,baseline
Carolina,Metro,2030,135172.61236818627,136097.08337746447,137647.96973868547,139877.07162691333,142860.95030269187,145100.14604355465,146457.97663743622,baseline
Cataño,Metro,2025,21998.911237557335,22043.791495724927,22151.6355373972,22243.68241931472,22340.49699507749,22499.317693756613,22560.290971736387,baseline
Cataño,Metro,2026,21651.465443633842,21727.04405629078,21848.59965844502,21963.931716230523,22105.91805028233,22286.706760620717,22426.704192547913,baseline
Cataño,Metro,2027,21289.34848985777,21352.312364565652,21526.51355866164,21691.143760980674,21865.88553323292,22023.003561012672,22094.00920919245,baseline
Cataño,Metro,2028,20964.44054523837,21084.513415917125,21225.94240011629,21422.462641963095,21543.083970284577,21799.46577294353,21868.824547012275,baseline
Cataño,Metro,2029,20639.83119371411,20735.58160871481,20967.398881079087,21149.72429335786,21364.251313243338,21522.265790709458,21608.973227712908,baseline
Cataño,Metro,2030,20317.624831088826,20455.504864911753,20627.585063880604,20869.600394337598,21074.881392414572,21222.38291858358,21356.55028653789,baseline
Cayey,Central Mountains,2025,40123.510412300035,40225.04048408454,40391.6891467282,40602.26268165936,40789.963167769674,40950.0991326669,41048.391610684455,baseline
Cayey,Central Mountains,2026,39190.32920845088,39381.21134731686,39606.423169551446,39982.57616143046,40228.78135721212,40528.696885176396,40691.48070438513,baseline
Cayey,Central Mountains,2027,38696.51686836081,38838.295128279904,39114.187107360915,39436.19305864729,39790.91220016025,40020.471536870165,40166.03007980387,baseline
Cayey,Central Mountains,2028,38299.822659704805,38402.83709517377,38803.71900062382,39065.37061076166,39358.871230181685,39681.74778640502,39860.00096975643,baseline
Cayey,Central Mountains,2029,37791.259355513284,37927.834546612736,38256.79660624878,38639.99179002967,39007.49425821749,39358.98756619571,39564.20401969139,baseline
Cayey,Central Mountains,2030,37245.729658105796,37460.13387177579,37733.33820226331,38154.4958045137,38540.84806003188,38864.18470165681,39104.08455120179,baseline
Ceiba,East,2025,10611.294753033979,10663.28402530943,10722.685248414493,10816.456140092669,10934.289946323755,10994.155091644974,11047.664939396627,baseline
Ceiba,East,2026,10388.8031293433,10444.572249197538,10526.658847387287,10635.934970325823,10746.221680579249,10843.698479547724,10926.660642026412,baseline
Ceiba,East,2027,10116.96956305516,10186.576007923035,10321.46996393426,10470.199915165831,10591.846554546482,10701.31212820783,10791.902831782016,baseline
Ceiba,East,2028,9911.187353612704,10000.796554987386,10138.517241267771,10284.968283104845,10401.280223997972,10529.627189276769,10583.735351085399,baseline
Ceiba,East,2029,9708.31599679607,9785.599424700296,9951.689074038659,10087.310716193519,10213.970846618726,10375.274660709265,10418.165670865968,baseline
Ceiba,East,2030,9557.123753703074,9631.485225622828,9758.076765440288,9931.245295576173,10057.038870595994,10234.082663472618,10307.202567719829,baseline
Ciales,Central Mountains,2025,16133.005402349192,16242.74572120339,16382.143144976217,16559.75485812094,16746.58920959235,16930.955547310372,17005.148284110994,baseline
Ciales,Central Mountains,2026,15818.073623070151,15886.922016131619,16112.39659088683,16339.532640681418,16578.528105702797,16814.715386368098,16979.43216280121,baseline
Ciales,Central Mountains,2027,15708.303660912985,15810.956019104746,16018.724033525816,16263.969464104965,16437.994647147127,16638.853524331305,16848.07704982774,baseline
Ciales,Central Mountains,2028,15429.69326712501,15619.259234336014,15837.418200378808,16092.652721077447,16314.012452193461,16559.65049957954,16732.033199856858,baseline
Ciales,Central Mountains,2029,15214.314039485796,15314.586778386276,15555.99819259129,15817.062903021393,16165.966708779688,16395.311868957702,16640.77620095627,baseline
Ciales,Central Mountains,2030,15028.277953659477,15141.259873757594,15350.320948693194,15684.813351991106,16014.690991242724,16242.37252277693,16537.517919198497,baseline
Cidra,Central Mountains,2025,38514.16012392247,38587.05326450741,38782.156099838,39079.60760328364,39416.57202998348,39635.47457147797,39782.17892321644,baseline
Cidra,Central Mountains,2026,37806.870191455324,37927.73073224757,38153.88483734922,38556.60309730765,38879.29995788615,39266.64753789471,39420.64405178326,baseline
Cidra,Central Mountains,2027,37118.62325030299,37319.893409004086,37722.33653106057,38103.522502792366,38574.22472736552,38973.671399111736,39075.0647877937,baseline
Cidra,Central Mountains,2028,36627.3305098519,36898.90803324361,37251.88407224736,37657.83510760385,38216.7435298583,38691.395209875016,38915.573849648965,baseline
Cidra,Central Mountains,2029,36223.873928862304,36351.67722477802,36739.70623640905,37309.60739151153,37816.41726364618,38241.79648603701,38572.28136526578,baseline
Cidra,Central Mountains,2030,35538.14766094545,35848.69762894269,36348.4587184229,36871.24925926882,37456.17849463336,37887.13821452386,38209.721728411256,baseline
Coamo,South,2025,32613.927582824184,32868.95558617684,33167.05281399856,33549.70443541995,33933.94805267754,34239.12043342015,34433.31599766958,baseline
Coamo,South,2026,31722.371459169914,31957.995879411505,32470.661564694517,32952.04695647504,33775.0909584594,34281.2795562312,34471.03583069466,baseline
Coamo,South,2027,31186.042230629297,31443.50552255647,31935.228822209247,32507.198297780524,33320.53004330355,33817.47034149373,34124.69211577308,baseline
Coamo,South,2028,30531.224861463666,30757.92437199557,31342.747012386673,32069.0953495964,32806.75516097411,33472.50415494614,33854.41093303262,baseline
Coamo,South,2029,29812.651086830097,30160.745309426373,30836.014067220123,31623.10005338152,32389.524364271238,33344.6966550037,33820.70945383082,baseline
Coamo,South,2030,29107.760831362997,29492.903736984725,30194.769922355426,31124.8626291133,31824.697674255076,32669.684882581907,32990.31149948128,baseline
Comerío,Central Mountains,2025,18255.413316191294,18314.044378393286,18401.834395213133,18484.357896412646,18590.74786628053,18657.79925596812,18690.436203027537,baseline
Comerío,Central Mountains,2026,17882.297247651422,17979.463689064338,18091.117549187955,18226.324173036526,18324.535662171576,18408.90458104497,18461.651880453264,baseline
Comerío,Central Mountains,2027,17696.541647208152,17811.14840725563,17886.117363889225,18007.940124388813,18123.63009468839,18245.180608548715,18286.285654736894,baseline
Comerío,Central Mountains,2028,17491.520670885453,17572.17386449714,17701.947074068696,17833.026863327552,17954.710402683668,18080.513809379492,18168.813833176082,baseline
Comerío,Central Mountains,2029,17233.576909558127,17309.32492803215,17479.973398538765,17614.665313294587,17784.40289692267,17932.811618555097,17998.483745155325,baseline
Comerío,Central Mountains,2030,17005.055089066856,17095.94398589432,17254.855143656674,17456.067134665805,17590.38192548918,17768.683378459056,17873.55182414677,baseline
Corozal,Central Mountains,2025,33224.38262526137,33432.3831573025,33667.45013591847,33951.642311850395,34244.54648060819,34533.19766454349,34691.99823061352,baseline
Corozal,Central Mountains,2026,32577.245573755477,32788.924329123314,33168.17257137513,33579.71032587567,33936.389948714845,34232.966995149574,34474.203366952795,baseline
Corozal,Central Mountains,2027,32129.40611497762,32312.503958752506,32710.633663362514,33222.07947338652,33637.20735844912,34116.87860538586,34303.600137290145,baseline
Corozal,Central Mountains,2028,31608.249955789983,31777.817067030668,32276.76987791143,32772.28460123106,33246.58196528652,33618.0823552639,33973.75401218025,baseline
Corozal,Central Mountains,2029,31148.965296114442,31256.611831707807,31836.232098763176,32427.98815505175,32951.322446460814,33368.90837999916,33542.693631630376,baseline
Corozal,Central Mountains,2030,30562.932893039517,30878.101328182456,31481.035953687395,32097.265682716767,32589.491538191047,33118.415051084536,33347.115062654106,baseline
Culebra,East,2025,1278.9998182188813,1296.7436140672064,1326.2117664795533,1356.874857384863,1384.4458297787683,1406.6313891731963,1421.4508641288658,baseline
Culebra,East,2026,1221.9225570150577,1233.451714341293,1275.4806579734864,1317.8902324546389,1358.6269294531737,1380.8325238134826,1408.9162455568835,baseline
Culebra,East,2027,1170.7561084266652,1195.3515185439753,1230.7592548729203,1283.6585439886521,1330.278660061667,1375.46544342357,1409.9181268028779,baseline
Culebra,East,2028,1123.1136966451386,1155.7081898375443,1193.263838278212,1247.8192425280274,1295.954734329792,1345.9773214464176,1398.945593848366,baseline
Culebra,East,2029,1090.6431853227095,1106.6026377590754,1152.913461611073,1212.2975200819196,1281.5812619585386,1332.174053178738,1359.425572522877,baseline
Culebra,East,2030,1044.2835159277736,1072.579176521236,1117.1532418642987,1174.336303768819,1243.0613623938032,1294.2944870621798,1336.0239525354868,baseline
Dorado,North,2025,34857.34845169642,34992.39335508853,35168.896626911664,35362.59128702701,35572.11197991376,35773.57305940753,35910.57734000441,baseline
Dorado,North,2026,34270.485051853546,34397.95738294483,34638.45205724519,34913.88621681009,35142.16205937999,35362.51100715224,35461.63846564937,baseline
Dorado,North,2027,33812.16014916997,33955.218612804776,34245.88909250913,34511.14200423672,34808.65827362638,35072.28254850955,35225.72506791177,baseline
Dorado,North,2028,33274.03966978775,33521.83809497064,33763.78335254959,34151.82527116807,34425.93395517884,34772.13958162738,34938.87707633137,baseline
Dorado,North,2029,32927.5309884108,33073.15531211901,33434.72161038323,33715.709310522994,34089.19880657518,34414.638674996604,34617.35102299482,baseline
Dorado,North,2030,32332.290746043323,32751.7493957755,33056.980048448124,33370.71762534043,33643.61897028853,33957.50239882169,34237.178867005954,baseline
Fajardo,East,2025,30089.86943078323,30292.13371504147,30644.175778434204,31004.808132892897,31360.43496813704,31708.714463139626,31944.934470009437,baseline
Fajardo,East,2026,29057.576176814277,29258.01016202417,29774.078472571357,30375.844628034938,30836.963219297104,31252.852179423546,31577.776308076725,baseline
Fajardo,East,2027,28371.456670044106,28614.36763335256,29061.090260925255,29740.724324997842,30321.80988062931,30674.394759444793,31177.94955158773,baseline
Fajardo,East,2028,27689.554606205373,27972.824564086186,28314.190521972552,29238.072978497115,29966.677506976983,30520.62635132574,30923.708926371466,baseline
Fajardo,East,2029,27056.633200096516,27287.965471556898,27916.82898773389,28662.465054067936,29430.462568525934,30175.106745212197,30632.949751934397,baseline
Fajardo,East,2030,26359.968320094475,26678.25097774141,27305.425443423323,28201.875605754627,28972.287481583175,29542.715884720295,30110.81441263709,baseline
Florida,North,2025,11183.929324882556,11225.497170516479,11290.582982601483,11366.342971038133,11447.528521562934,11515.359881614808,11537.905805831524,baseline
Florida,North,2026,11014.422481975076,11054.758823335545,11155.07836582939,11240.549618531273,11318.248961744424,11396.369682439066,11444.953695763323,baseline
Florida,North,2027,10881.331465695706,10926.203177623855,11025.232020148323,11144.168018935545,11234.973835876564,11329.223083446457,11404.165158182412,baseline
Florida,North,2028,10702.146335863637,10754.16099404142,10856.526636722974,10995.543845609467,11099.15922317201,11195.104763828038,11256.986323825216,baseline
Florida,North,2029,10563.480491764945,10611.904511546463,10724.723673363671,10838.224619127352,10982.812327386475,11088.095262281897,11158.134393308046,baseline
Florida,North,2030,10405.780986585209,10481.184387077394,10611.634417653206,10739.186843439846,10867.785436409196,10970.10898665955,11048.379379478276,baseline
Guayama,South,2025,33958.48414229087,34104.19430911521,34474.14886496928,34813.17476723128,35062.17474623871,35371.101464712876,35516.82561056917,baseline
Guayama,South,2026,33295.2911303185,33459.7858594152,33813.39713598508,34197.17171475711,34676.20431788861,35017.0563410838,35210.73989024568,baseline
Guayama,South,2027,32396.412236987453,32793.16209517998,33216.09074057379,33668.41621500594,34226.81783708934,34656.34555676927,34864.68299221084,baseline
Guayama,South,2028,31833.693955435898,32118.36166849479,32677.48734025911,33140.94103385402,33638.43314406864,34233.8665934971,34641.278390207284,baseline
Guayama,South,2029,31257.046732013874,31467.86809625682,31953.758450139023,32516.37135754603,33056.52727291165,33783.79116642993,34097.39240116407,baseline
Guayama,South,2030,30344.765842895235,30498.552797374334,31374.339483717158,32009.807738982196,32631.738828872592,33288.64925342388,33760.84046484774,baseline
Guayanilla,South,2025,16715.935383740176,16775.02823988325,16864.22093278034,16961.14045702135,17032.157577180587,17139.382458508877,17174.538505189917,baseline
Guayanilla,South,2026,16404.116337676933,16473.468513614527,16574.277830032246,16727.01057769424,16858.212590485233,16986.780976628204,17024.248910280363,baseline
Guayanilla,South,2027,16133.052875700656,16218.891313684591,16351.082931629317,16506.328052411925,16664.51813748671,16805.70507565347,16844.126770725517,baseline
Guayanilla,South,2028,15890.083201424144,15957.527704861839,16132.467951696726,16261.444297814116,16433.76620937066,16645.589617724254,16728.776315965435,baseline
Guayanilla,South,2029,15606.227588650028,15735.192291310292,15891.444619376489,16055.506657409962,16232.473897124388,16515.197625796965,16571.75308481102,baseline
Guayanilla,South,2030,15387.19230740569,15484.923614499055,15670.980859397256,15821.717686873475,16038.251857446545,16307.788079342268,16381.012330621032,baseline
Guaynabo,Metro,2025,85617.12496546085,86096.05646835004,86977.77841826662,87820.18419776099,88719.1455319176,89449.20631247375,89999.60435184343,baseline
Guaynabo,Metro,2026,83673.54817233945,84325.24702980155,85207.66246353876,86376.4608376853,87588.97496438008,88590.35988247246,89314.72125225457,baseline
Guaynabo,Metro,2027,82532.76253665422,83342.27901350123,84501.16603534269,85500.46048868552,86725.60969446201,87773.1904358065,88513.16389902486,baseline
Guaynabo,Metro,2028,81304.33788593886,81860.61152065953,83266.91448077315,84735.9019190364,85945.30992123245,87543.11715490076,88156.5394865043,baseline
Guaynabo,Metro,2029,79888.15152986489,80898.41807560978,82060.61029377216,83468.50651037836,85184.95327391333,86609.59478040937,87572.48729342263,baseline
Guaynabo,Metro,2030,78618.23888950031,79199.64470449564,80998.10006134384,82310.13768677108,84122.48667201439,86053.17475645343,86859.62770152447,baseline
Gurabo,East,2025,37934.28657548961,38136.91291131641,38783.37400796209,39334.82649935342,40053.90743364339,40541.44267354821,40931.808360350224,baseline
Gurabo,East,2026,36553.06546142191,37031.81160955408,37846.40524548193,38615.835995188856,39450.161789675665,39955.94887089655,40451.989260573035,baseline
Gurabo,East,2027,35581.64645305437,36013.47527121371,36729.01438258301,37821.89761097876,38792.89174440613,39681.3665587203,40087.54253330615,baseline
Gurabo,East,2028,34522.42389842944,34939.29193139984,36211.82661975636,37271.77397283951,38237.50343724921,39538.69271924796,39836.32279774441,baseline
Gurabo,East,2029,33489.16798514903,34275.31329197866,35358.68896088484,36445.87042423073,37721.59005971016,38750.67877751546,39508.803092461676,baseline
Gurabo,East,2030,32691.68878941974,33299.38678365664,34544.14901789165,35790.0332448611,37143.73465892555,38083.3449048727,39444.873612769625,baseline
Guánica,West,2025,12310.371981985603,12365.28706030717,12475.70064482638,12582.65425433823,12718.668892701995,12827.125232543596,12866.284941279479,baseline
Guánica,West,2026,11897.767114035087,11986.596863782343,12127.172215413404,12302.818648670245,12445.778664207124,12570.730139607305,12651.812681967971,baseline
Guánica,West,2027,11527.831199284396,11639.815061121122,11841.840634775454,12007.373257477535,12225.186281053673,12403.161442132792,12547.736821892819,baseline
Guánica,West,2028,11134.266403244703,11294.700566052821,11519.917009811672,11774.506223810125,11968.723384929435,12243.021796345982,12327.180258469605,baseline
Guánica,West,2029,10845.80568108949,11009.427991763037,11319.57263053503,11539.0214077057,11763.454663814551,11994.62944336945,12150.178343715994,baseline
Guánica,West,2030,10659.380963462434,10796.978381101959,11034.767615501125,11292.231028463433,11552.270761859,11801.81379430257,11964.61050640542,baseline
Hatillo,North,2025,37206.985802077426,37296.75569875021,37544.05221521055,37753.27856999585,37981.125038514496,38175.268791641545,38259.038101009464,baseline
Hatillo,North,2026,36480.08990606653,36695.2701279127,36993.77209631843,37253.19722861865,37557.289423423295,37798.9064090721,37949.22694865056,baseline
Hatillo,North,2027,36297.54329521491,36413.85755941096,36668.15029941451,36942.24703808164,37288.751206087465,37578.630963793556,37672.422874312164,baseline
Hatillo,North,2028,35778.80393162769,35883.85815670351,36209.17790122156,36504.8213744588,36810.56599983853,37142.50816939406,37310.723360170115,baseline
Hatillo,North,2029,35120.82471138249,35358.158714737176,35699.25460971729,36084.90306020525,36409.15133858054,36763.61947566614,36997.410661324466,baseline
Hatillo,North,2030,34585.38325172275,34830.23395655413,35248.43420299427,35686.37064566523,36084.06857056597,36467.838040501236,36729.11670112143,baseline
Hormigueros,West,2025,15117.38433172677,15152.563110172725,15205.75123677928,15286.807215547535,15358.561396750953,15427.76030641406,15469.882317884381,baseline
Hormigueros,West,2026,14828.788861797457,14871.838578261546,14970.649995787395,15066.668279392003,15183.259901370257,15265.368289877684,15328.031328260695,baseline
Hormigueros,West,2027,14729.120397837545,14769.12311321996,14860.151303994433,14960.058395406226,15037.571741382297,15143.29583317168,15203.60938889938,baseline
Hormigueros,West,2028,14576.153795962296,14649.55365203139,14753.339004240639,14849.344532869232,14973.104378566346,15058.28883959514,15105.001085373013,baseline
Hormigueros,West,2029,14333.64097424283,14389.696443545718,14498.915080339997,14660.846518890394,14783.955924481117,14889.585299586955,14967.148837154504,baseline
Hormigueros,West,2030,14135.758092315258,14175.457553374248,14309.329106791654,14421.574562170397,14564.898116791,14709.442808679296,14791.360655467639,baseline
Humacao,East,2025,48490.064209684046,48620.07183059642,48904.754653653115,49218.96231087946,49465.50118317253,49660.3679319261,49867.45877034687,baseline
Humacao,East,2026,47353.74109125297,47530.45599400171,47835.40523900902,48133.580354020494,48472.78515674858,48742.64441464603,48993.40635266672,baseline
Humacao,East,2027,46402.66057988369,46671.50440922713,46987.28912380625,47328.50181853553,47785.67533522298,48063.69778621023,48263.6131907654,baseline
Humacao,East,2028,45652.08500530247,45817.88590768561,46201.53320544699,46600.59190835153,46961.43545793809,47391.49470069983,47609.274162113055,baseline
Humacao,East,2029,44866.17224050881,45078.528944556136,45366.869256071186,45852.454873418945,46323.64202720244,46734.418493518446,47011.997346524855,baseline
Humacao,East,2030,43990.85638644706,44298.183149776705,44695.97149643714,45150.927065703785,45573.62670134624,46025.31887373256,46224.55902943568,baseline
Isabela,West,2025,41230.020598778996,41474.71505150764,41847.179939305104,42254.049877816025,42698.047343864884,43143.12544561019,43353.94979697464,baseline
Isabela,West,2026,40379.620812986774,40831.73465336353,41253.446693150254,41700.07724343981,42243.48637874824,42806.1460714685,43077.25516913205,baseline
Isabela,West,2027,40157.923047926146,40449.40063389473,40892.48886802396,41460.72073114441,42001.92606780154,42526.08442384517,42814.44265526267,baseline
Isabela,West,2028,39427.502237596316,39719.069483668376,40343.22518613301,41017.20792710874,41629.034542881454,42097.20544322121,42474.161543097376,baseline
Isabela,West,2029,38716.86007942661,39077.41024879972,39610.79461423994,40279.827941949836,41040.317172286566,41677.00251098861,42025.18518535606,baseline
Isabela,West,2030,38173.080233609515,38419.65052964894,39137.6597225322,39780.04632661537,40514.976485477,41331.122107578,41881.79717425296,baseline
Jayuya,Central Mountains,2025,14112.56980658328,14179.404295829163,14280.77003956557,14423.223219206215,14564.077789650913,14699.956295011776,14789.313949899237,baseline
Jayuya,Central Mountains,2026,13869.2549249676,13945.751374054093,14068.04778087579,14250.504738188161,14425.489690188373,14596.34284319455,14742.7975748127,baseline
Jayuya,Central Mountains,2027,13707.81762106568,13788.332506306102,13969.15139860664,14161.955981426538,14310.058839217128,14477.787586017766,14651.125031227086,baseline
Jayuya,Central Mountains,2028,13538.266053404066,13608.602779576882,13775.997646150823,14009.851635871008,14179.918479011365,14405.631422228753,14562.680739352863,baseline
Jayuya,Central Mountains,2029,13342.523324289967,13443.026578178666,13618.820122617615,13830.839240599733,14109.950097800049,14271.067642342334,14450.110335379915,baseline
Jayuya,Central Mountains,2030,13199.019982071377,13295.226238453894,13422.238630551064,13653.611631697586,13885.009454637882,14168.601022757317,14247.01987887586,baseline
Juana Díaz,South,2025,44727.62423388763,44884.90731818564,45142.74384583191,45512.9864588457,45901.910190782306,46233.31069046999,46356.28894544857,baseline
Juana Díaz,South,2026,43760.194332574574,43948.2344623617,44334.35231804437,44899.26068556537,45376.1321131914,45805.15695052995,46057.350817154686,baseline
Juana Díaz,South,2027,42918.59753788125,43198.11942632824,43679.89214518209,44213.93343868629,44871.24244433936,45407.07353045506,45728.419615967745,baseline
Juana Díaz,South,2028,42101.48959133156,42438.173094109414,43027.756042935616,43635.02899381117,44250.02753745775,44788.788397262746,45337.95242550519,baseline
Juana Díaz,South,2029,41303.759553025695,41658.407105820916,42319.303364490705,42979.76801624942,43630.51503995595,44351.19516684203,44640.55989873268,baseline
Juana Díaz,South,2030,40532.26926400807,40901.239348474686,41524.40068720156,42411.152503143814,43038.569443221255,43611.01859919263,43828.78059054247,baseline
Juncos,East,2025,35633.51152528708,35750.23057646033,35916.06804071413,36151.366179231045,36395.04418636511,36572.00203632505,36657.24045969214,baseline
Juncos,East,2026,34637.54785565095,34815.29675072583,35051.200371379164,35329.51818774178,35657.27134962399,35880.909606728834,35999.37119891981,baseline
Juncos,East,2027,33753.9437433497,33993.00296205651,34333.11178523101,34736.02229265721,35046.755069275445,35343.76926132836,35529.94446782699,baseline
Juncos,East,2028,33073.60831525186,33249.27242108898,33646.218095081415,34113.23397473624,34495.88143173544,34845.82037271883,34987.98463723128,baseline
Juncos,East,2029,32562.275045902712,32714.84239801836,33081.23398142302,33468.525540391776,33889.66578062526,34156.562016761585,34376.00704513871,baseline
Juncos,East,2030,31864.67124432221,32070.760322305134,32529.7292061022,32935.661674566174,33335.70334534576,33660.94552434398,33809.334797384785,baseline
Lajas,West,2025,22203.378608346582,22367.960906473927,22594.60235133339,22818.905719135877,23019.01197062141,23161.85703765329,23350.35445863706,baseline
Lajas,West,2026,21875.163232117837,21996.94101500194,22250.90237076718,22545.100343477356,22778.451622329536,23087.90591187672,23205.681343464825,baseline
Lajas,West,2027,21789.492340444813,21893.76198563164,22107.92940097324,22345.26596052476,22673.40214985542,23015.571741895244,23141.44601087575,baseline
Lajas,West,2028,21417.41103933189,21589.32383346451,21919.591428351818,22180.003628016202,22567.742534964862,22794.673792141137,22959.34564205966,baseline
Lajas,West,2029,21231.003474408357,21329.85246823131,21582.59390804187,21923.83868218584,22407.17223668593,22692.89090682362,22919.054964159226,baseline
Lajas,West,2030,20847.485442901103,21006.00797537451,21326.91905526152,21669.421713009204,22128.251767572874,22385.661151045515,22671.247469556223,baseline
Lares,Central Mountains,2025,26292.60266984716,26481.22803609562,26926.634506833187,27415.747398422587,27977.551495197833,28523.923628846598,28699.88186086649,baseline
Lares,Central Mountains,2026,25314.05989473101,25583.09480579762,26295.00754296448,27146.419839345537,27884.82404071888,28293.647201103693,28746.552234040304,baseline
Lares,Central Mountains,2027,24987.244952418674,25292.396308596013,25940.5910393242,26791.33770401359,27520.404843254346,28255.57618168409,28798.734494578417,baseline
Lares,Central Mountains,2028,24537.99372801541,24988.289235200733,25587.098609349683,26534.462123540907,27331.12876840744,28040.35128822253,28716.624956057156,baseline
Lares,Central Mountains,2029,23842.700234942688,24351.02466543812,25271.717386122753,26234.9626953333,27179.606292464083,28009.196458019487,28601.802873895547,baseline
Lares,Central Mountains,2030,23491.710092524165,23904.50562017,24878.758797424387,26041.98297452795,27108.891622860385,27914.31591331971,28211.10599520734,baseline
Las Marías,West,2025,8333.874799257335,8386.642057585726,8490.176821279958,8605.347670742329,8732.203848311347,8852.022717829588,8905.237969854494,baseline
Las Marías,West,2026,8097.1651961308335,8227.843811757188,8352.332487985048,8538.726649521854,8697.586890189168,8820.517132191384,8844.537915511468,baseline
Las Marías,West,2027,8048.540500640097,8146.751354940171,8294.242850765933,8477.956159983194,8624.946082958044,8816.991115533447,8931.533811319523,baseline
Las Marías,West,2028,7906.152899688589,8028.237021565104,8197.46793223142,8408.494802645455,8599.16842367714,8781.57764244575,8869.748741320573,baseline
Las Marías,West,2029,7653.3611524610515,7834.442645228504,8034.588157670223,8246.079144560394,8489.777705295917,8679.475090161568,8829.457193131735,baseline
Las Marías,West,2030,7582.762523984965,7691.885445278074,7889.204680119019,8123.678878716515,8433.325749672427,8645.969252955121,8704.712257137473,baseline
Las Piedras,East,2025,33650.10821702507,33743.1153425884,34009.68656310058,34264.97399197427,34553.41914748155,34793.819278760595,34895.15982266283,baseline
Las Piedras,East,2026,32657.47080355919,32796.812559036676,33092.37326639421,33456.59905585139,33869.87223842929,34258.157398364616,34468.02303744332,baseline
Las Piedras,East,2027,31932.708430101666,32099.302780053713,32434.18342689626,32833.341394497606,33329.38619797006,33692.26762437334,33806.84311188732,baseline
Las Piedras,East,2028,31103.484844561575,31427.140763083353,31874.27254551058,32347.17187238901,32778.19300018,33222.08230000297,33403.39566312287,baseline
Las Piedras,East,2029,30572.691944433147,30919.38061332065,31285.091172439577,31781.551853150948,32265.426998455154,32728.15184153947,32970.83512963679,baseline
Las Piedras,East,2030,30122.88918853732,30302.642866298134,30652.155786871113,31246.828497285904,31728.764877653706,32338.46086934851,32601.82452863078,baseline
Loíza,East,2025,22097.761576118413,22135.43847926667,22248.729908106412,22387.895217853125,22511.362648708146,22645.61738848279,22690.678208450452,baseline
Loíza,East,2026,21539.317544127123,21644.47771135224,21790.04928687633,21987.707073482066,22127.06161220373,22268.703226186382,22350.52535174026,baseline
Loíza,East,2027,21140.805853864487,21244.261532215405,21382.529288396592,21584.30859837508,21737.45605706611,21847.759607671473,21995.589393687005,baseline
Loíza,East,2028,20636.581545842615,20729.60906627949,20930.081664634243,21166.693066570584,21349.444573026623,21499.341391584127,21566.91584164584,baseline
Loíza,East,2029,20184.10793325237,20305.662944244887,20548.31594607138,20802.147957926005,21017.840809738984,21182.955896238956,21254.034967616444,baseline
Loíza,East,2030,19797.528208286956,19960.69595717545,20185.833681952885,20405.31737624062,20637.762249572454,20867.145031194086,20936.13191867646,baseline
Luquillo,East,2025,16952.336080236502,17019.975673879755,17125.346903247435,17206.789186400118,17296.59431803035,17382.113146714342,17428.559677915353,baseline
Luquillo,East,2026,16490.3471734318,16602.556184787307,16705.33203755225,16852.722280890383,16972.103284912744,17053.109647404108,17119.438570077316,baseline
Luquillo,East,2027,16241.04346965697,16315.009008227742,16428.626327271526,16586.744179750265,16701.846251310275,16809.108009107866,16894.453683340937,baseline
Luquillo,East,2028,15892.13231031908,15971.999700203665,16140.385558656983,16265.914663894931,16457.307559050856,16593.007027297186,16683.609637793805,baseline
Luquillo,East,2029,15590.554130903858,15696.54737027348,15828.528225377144,15985.266167935497,16204.249731910251,16383.6705986791,16482.27606013279,baseline
Luquillo,East,2030,15323.275355025964,15405.166531035513,15584.483367053781,15744.255607572946,15965.06086879454,16113.782486978398,16232.590536961196,baseline
Manatí,North,2025,37773.867345785846,37963.90171831635,38159.28781532665,38537.3719951306,38806.23117168403,39180.626234811054,39357.6668924958,baseline
Manatí,North,2026,37094.765457333204,37320.635753485745,37639.421622390975,37980.06527104222,38428.64093240037,38810.9766489363,38957.51713834932,baseline
Manatí,North,2027,36496.025655651545,36757.90706523123,37146.95424893236,37569.10872166499,38168.12151575473,38585.70187830467,38811.36886847545,baseline
Manatí,North,2028,35993.5098173572,36255.94717208813,36636.73182939432,37175.64212090839,37740.13187288886,38326.10290418707,38605.710766959164,baseline
Manatí,North,2029,35376.07450870494,35775.085572376884,36176.77335436124,36758.2289219791,37367.21783528695,37951.17042556565,38277.690893438885,baseline
Manatí,North,2030,34938.06429299344,35172.265130796775,35812.01574087897,36432.21239398803,36995.428791759856,37741.909431956454,38100.411702303274,baseline
Maricao,West,2025,4803.0365533225595,4825.477172979262,4885.911823621721,4939.167185219767,5002.9595994553365,5079.8802278211415,5115.00626382426,baseline
Maricao,West,2026,4730.465731158387,4796.497609948819,4868.296061737303,4939.499405326287,5033.171024479616,5086.6598956695625,5124.318068536648,baseline
Maricao,West,2027,4639.52487839008,4705.44582401174,4793.945269182032,4891.738671864972,4975.5751414713595,5065.8137136002015,5120.045257090971,baseline
Maricao,West,2028,4567.76158822522,4623.889720550368,4752.600315511198,4850.007132146611,4929.966324554166,5057.4472918857455,5112.32324298656,baseline
Maricao,West,2029,4511.402663616509,4572.691388889385,4685.048298840691,4805.71097091512,4919.723711060635,5015.36309006917,5090.7519056750325,baseline
Maricao,West,2030,4420.255870564893,4509.974026063519,4629.453335161235,4744.606130569123,4892.441375527062,4983.288871625032,5079.095699687703,baseline
Maunabo,East,2025,10040.49732420768,10084.310990670798,10148.323332138305,10213.866094610348,10281.096004785548,10339.856580069987,10381.487362379974,baseline
Maunabo,East,2026,9752.292316268786,9804.314608525176,9911.114109462367,10005.59455828306,10097.248601483172,10161.04749037186,10190.274129997146,baseline
Maunabo,East,2027,9569.718550021667,9621.2411371338,9723.91677824698,9832.270671333348,9929.887148704605,10019.941619434308,10078.550754038795,baseline
Maunabo,East,2028,9387.237311893658,9463.75916760299,9544.433559500107,9629.222515999547,9744.18214485826,9848.95422464843,9916.287485188568,baseline
Maunabo,East,2029,9218.226230550075,9248.465803398782,9357.980094892768,9452.865609598644,9575.242724704136,9704.694269070678,9773.981601642978,baseline
Maunabo,East,2030,8992.178330936124,9068.244590117742,9171.116977836538,9282.623854665311,9426.173595918774,9548.458042812317,9626.86196301279,baseline
Mayagüez,West,2025,69368.51682350803,69668.74270318123,70015.3050957851,70524.2456843624,71009.38850071294,71351.10763679378,71631.44647227386,baseline
Mayagüez,West,2026,68529.18658226634,68819.08400787022,69410.94109394167,70023.87348469142,70818.01869674175,71282.26183506637,71510.01507957897,baseline
Mayagüez,West,2027,67509.41375286144,67903.73233058245,68477.05233322924,69149.82223588006,69860.26517887614,70420.44956598381,71212.96578281026,baseline
Mayagüez,West,2028,66679.96816412706,67021.57100619448,67616.36322876219,68464.9508601962,69159.95589856939,69823.44556854296,70698.47661689698,baseline
Mayagüez,West,2029,65763.88319743854,66181.57511231319,66666.03393666672,67619.43188383,68525.31070349416,69234.4186190949,69639.63887018626,baseline
Mayagüez,West,2030,64485.13737107327,64898.11107979683,65906.24060457817,66843.64402029655,67724.51033994378,68520.87601289804,68907.67191564398,baseline
Moca,West,2025,35907.72955049824,36066.72386081884,36396.5412635275,36862.466045943176,37281.09073219337,37660.345438647615,37822.314093358094,baseline
Moca,West,2026,35235.29718064873,35476.83702996036,35872.445968600274,36392.38034865253,36987.57464706208,37413.53849655127,37624.690267566235,baseline
Moca,West,2027,34767.68202490673,34985.80635219505,35484.58097971708,36152.52730744894,36700.32553611827,37269.080962313725,37713.43315649034,baseline
Moca,West,2028,34088.789456123064,34349.79043213878,34985.66872772066,35513.869648818814,36298.85946482333,36870.32393647936,37280.533413105506,baseline
Moca,West,2029,33507.63312856825,33830.09945535482,34511.43963883699,35150.125407928484,35743.05895533669,36307.162145097536,36737.22365527835,baseline
Moca,West,2030,32947.866288703866,33365.62477647869,34100.09599570259,34670.98454057217,35298.68705685933,36268.550276865084,36658.044448540466,baseline
Morovis,Central Mountains,2025,27619.789128907265,27783.072965192852,27956.98398218949,28166.522384710508,28394.402433977273,28600.81809880466,28722.7013137817,baseline
Morovis,Central Mountains,2026,27064.93337388627,27269.90557479727,27517.70022587309,27796.76168242862,28066.788326559275,28304.693261807144,28492.917715449636,baseline
Morovis,Central Mountains,2027,26749.771522270643,26946.11976497938,27216.798875082048,27548.542770701555,27828.45975285163,28109.963559724052,28341.96679169925,baseline
Morovis,Central Mountains,2028,26381.8947155737,26563.55269882925,26920.05707988971,27230.649116057226,27556.449905739457,27891.442316867353,28091.875713942594,baseline
Morovis,Central Mountains,2029,25977.84594053399,26214.513798286,26568.659177338417,26957.464990505418,27331.505613821486,27700.480249364464,27982.973631801797,baseline
Morovis,Central Mountains,2030,25558.148311167082,25821.394580309843,26214.106749695995,26623.3992954406,27046.9103910918,27456.37622685302,27691.702195494065,baseline
Naguabo,East,2025,21970.22264768587,22142.23390279839,22358.61439377559,22605.229927398534,22908.1087631074,23240.85583896165,23369.267929458743,baseline
Naguabo,East,2026,21249.874779735783,21475.61994652304,21804.024339603326,22150.5605766222,22521.53782901944,22807.04976737248,23022.248343978295,baseline
Naguabo,East,2027,20680.78636851036,20819.280056191477,21337.926132213783,21862.868773018086,22270.99260344683,22568.764711084685,22914.49223640317,baseline
Naguabo,East,2028,20289.22746602585,20552.67261061069,20944.357121186564,21461.884591078277,21937.966151189772,22344.633212840217,22564.143819894944,baseline
Naguabo,East,2029,19703.597246457404,20157.078016361927,20519.29797782415,21051.005487949733,21621.24918480542,22013.593154711758,22229.439019994836,baseline
Naguabo,East,2030,19208.120455150914,19745.465673315044,20144.562461333404,20751.620716627942,21172.33617862836,21572.55592846242,21883.392789036723,baseline
Naranjito,Central Mountains,2025,28169.88452007962,28260.538611101365,28509.18893818482,28834.2570076173,29037.469785886544,29310.443392647925,29447.39846628305,baseline
Naranjito,Central Mountains,2026,27564.03314621427,27773.283142592743,28122.896215894572,28390.422829238,28704.44118869107,28983.89937695291,29216.13651989979,baseline
Naranjito,Central Mountains,2027,27053.40423405867,27289.438481628422,27711.669390370105,28169.29628666777,28530.935809627583,28822.611271881102,28943.909874921148,baseline
Naranjito,Central Mountains,2028,26773.916051004064,26964.406850726235,27290.39431126776,27817.03633524772,28204.741514713125,28645.98845871138,28860.988698898487,baseline
Naranjito,Central Mountains,2029,26288.630934528494,26461.102438677724,27058.42442201832,27423.49995894529,27927.711219465593,28363.100397892835,28715.62202497271,baseline
Naranjito,Central Mountains,2030,25948.710918354882,26174.660841975823,26599.29394678145,27158.50687645637,27628.994272958425,28058.001657176184,28430.798321206672,baseline
Orocovis,Central Mountains,2025,20465.693287832815,20597.347505920476,20781.352569357492,20976.945885191133,21170.329778467323,21340.46213489291,21414.96689853846,baseline
Orocovis,Central Mountains,2026,20124.701263444535,20231.759320636393,20460.774064918947,20707.76972798491,20910.89666189708,21182.712437718175,21303.3148391398,baseline
Orocovis,Central Mountains,2027,19913.0380716152,20043.94114422934,20267.93660677015,20558.435127358578,20792.797401986987,20995.316994923578,21109.405813707377,baseline
Orocovis,Central Mountains,2028,19657.512732974992,19762.876000468026,20016.34254895255,20319.477546684175,20536.01604789246,20777.832020301594,20929.66398119456,baseline
Orocovis,Central Mountains,2029,19258.342749134685,19419.935460831355,19674.90679944176,20038.758888876648,20286.7917455357,20567.261147559417,20861.20566882126,baseline
Orocovis,Central Mountains,2030,19044.231075597116,19173.613817996596,19441.728290857744,19747.98691527864,20118.85303460694,20430.45803497757,20520.635758422624,baseline
Patillas,South,2025,15116.29153143761,15163.762567592748,15235.27945399863,15311.143005889944,15378.931367170833,15460.431408776181,15507.10327200572,baseline
Patillas,South,2026,14808.990338748163,14904.766092120555,14972.417855623959,15081.331563006725,15175.352792175148,15260.64284236142,15331.970698946689,baseline
Patillas,South,2027,14545.094671021889,14615.87761214631,14718.953667393975,14818.821695051596,14964.136852258798,15068.543129379968,15159.908664739272,baseline
Patillas,South,2028,14252.824543267636,14315.68599479868,14400.28546195639,14529.402541021438,14692.798945667482,14853.635601501845,14896.92798950246,baseline
Patillas,South,2029,13958.217091311422,14008.378017022776,14108.453101740552,14258.295571595845,14433.496270327882,14582.913743358173,14700.961520630906,baseline
Patillas,South,2030,13646.556685654881,13685.958045873414,13832.01546554374,14000.950310696835,14157.436204045285,14308.109382752471,14440.390403632438,baseline
Peñuelas,South,2025,19102.875081462298,19218.438684285993,19367.85279102699,19584.484714121427,19773.313272256695,20012.40970227454,20116.191346879797,baseline
Peñuelas,South,2026,18653.05400391354,18792.24579454491,19050.658406477705,19355.86289522115,19588.635228009414,19901.680429629334,20074.103291264804,baseline
Peñuelas,South,2027,18292.116849786922,18462.904286174286,18693.67242278995,19037.999378117227,19376.080676807283,19698.106540704837,19886.5886043407,baseline
Peñuelas,South,2028,17941.935769486598,18125.490277701603,18387.576359007053,18796.95081540937,19167.71210901536,19515.09021047804,19724.358202503703,baseline
Peñuelas,South,2029,17747.73146733547,17840.679366938577,18118.0061649091,18492.878903437275,18919.191573493736,19426.70365816659,19625.44762712473,baseline
Peñuelas,South,2030,17392.748198005633,17522.87684077446,17876.605884476157,18255.245994604902,18779.078523506745,19139.413240300277,19416.69269320807,baseline
Ponce,South,2025,128324.74130154244,129048.47769247352,130032.79410990534,131176.9421478096,132349.6139549515,133299.4937998867,133880.97165549028,baseline
Ponce,South,2026,125988.28229773961,126642.05819039892,127798.11522268252,129365.02275654592,130706.37624986043,131949.208708927,132912.30153002674,baseline
Ponce,South,2027,123670.42979120904,124073.27508694948,126089.45121083103,127572.82593286983,129080.47089789026,130538.62606626417,131844.66399481034,baseline
Ponce,South,2028,121136.22496961663,122227.00284501397,123638.08400287226,125669.82505874883,127912.69417394127,129368.17061080369,130473.7936560909,baseline
Ponce,South,2029,119094.52240963971,120082.88020430063,121579.4081685323,123539.20026569892,125907.41786220006,127450.76452969045,128784.78260999726,baseline
Ponce,South,2030,116714.7273106895,117814.40395732106,119450.30994013163,121528.73921075082,123972.93853667352,125788.50924593603,126978.68283386904,baseline
Quebradillas,North,2025,22737.511086214225,22810.962387792475,22947.089816629865,23092.346991567192,23249.542918592713,23391.03533462803,23549.053751927022,baseline
Quebradillas,North,2026,22384.099207665204,22460.59907640656,22649.599759232675,22828.648892876416,23014.516632193987,23185.73565795483,23353.16293975229,baseline
Quebradillas,North,2027,22177.761535460108,22298.762816609473,22449.014995616497,22647.6655798458,22856.348139248094,23002.498088364282,23107.065352352183,baseline
Quebradillas,North,2028,21886.665176203114,21979.782613122417,22163.385252516222,22350.838596638772,22574.7970589889,22739.698333774217,22851.171557246875,baseline
Quebradillas,North,2029,21479.8440080513,21604.148034280748,21798.685626416987,22076.42344576199,22266.7954148564,22466.472796122496,22586.976513080317,baseline
Quebradillas,North,2030,21190.710461144357,21314.551957198655,21571.351045593892,21809.083504277995,22080.982881262662,22285.286319183433,22415.53308548829,baseline
Rincón,West,2025,14661.709639539245,14740.653156467653,14926.698698594158,15149.791111415216,15349.33527035495,15507.307566949206,15595.660442710667,baseline
Rincón,West,2026,14234.565607077882,14509.999391885905,14708.609703961398,14962.332600840982,15256.766686478419,15442.404072537913,15590.312124497079,baseline
Rincón,West,2027,14061.717913741531,14249.109586984214,14498.843068230013,14826.869246174985,15082.142988835825,15313.558344670044,15417.854594247046,baseline
Rincón,West,2028,13828.755880233444,13998.689528720233,14296.50701676272,14619.569217425505,14938.378015149294,15226.652112360605,15441.76273709883,baseline
Rincón,West,2029,13585.183957051964,13825.923611442959,14143.55579241721,14432.24312351604,14780.689899179008,15061.767111304553,15291.92799277815,baseline
Rincón,West,2030,13431.368850201248,13617.1141035211,13915.301962690704,14267.018642937644,14597.390927627861,14913.186264272506,15136.623692678138,baseline
Río Grande,East,2025,44592.66331352104,44748.783560582786,44943.10817600785,45303.076789010025,45550.290809060025,45815.13340939027,46001.472386118396,baseline
Río Grande,East,2026,43498.96342554853,43716.95788201256,43990.21598418604,44326.4714055215,44646.32145699928,45006.57815943298,45140.16194900447,baseline
Río Grande,East,2027,42660.11081218874,42822.8233650703,43138.873739861214,43552.456042957456,43984.99625944333,44242.445973093614,44457.119279790626,baseline
Río Grande,East,2028,41774.57481972942,41945.362757033006,42343.25651807818,42798.80518033851,43354.43318429279,43602.10300246695,43734.118864793076,baseline
Río Grande,East,2029,40920.44234392087,41115.426728395956,41503.21108553376,42054.5797559803,42627.41281545428,42952.59589357241,43109.742726489705,baseline
Río Grande,East,2030,40072.06755447869,40391.78701511457,40771.80279840183,41292.22932638556,41815.43835268846,42175.84849251384,42562.22374080009,baseline
Sabana Grande,West,2025,21743.595693400785,21838.481077548055,21976.608971686488,22199.845785488684,22376.155516961237,22545.691024851276,22681.39157301025,baseline
Sabana Grande,West,2026,21385.498791631628,21526.338223435818,21732.041905645143,21938.052945988857,22200.04328566435,22384.443714614186,22532.49936059783,baseline
Sabana Grande,West,2027,21235.315392115474,21375.554883409746,21569.59034871185,21793.010434372773,22055.849402349668,22307.578276350992,22475.27808762861,baseline
Sabana Grande,West,2028,20999.634676002384,21142.586768196,21392.093780529747,21593.294930417782,21902.35250456009,22233.33604021906,22337.860808804235,baseline
Sabana Grande,West,2029,20723.777773118556,20876.146812976913,21117.85233031175,21393.380246876834,21666.838086709296,22007.674924871157,22221.74489420851,baseline
Sabana Grande,West,2030,20524.85462846653,20624.820804319337,20861.36599718487,21156.30053904927,21482.32277271237,21856.701048549414,21960.105830957767,baseline
Salinas,South,2025,24350.317318401452,24424.645032204346,24602.397091065126,24780.2321641926,24977.312875010204,25128.697123509595,25197.825819393598,baseline
Salinas,South,2026,23854.337143324567,23981.03799795884,24206.422213315873,24419.766580149568,24703.499643037117,24980.347117921076,25060.597635841164,baseline
Salinas,South,2027,23426.783514743725,23567.726182330192,23756.37375444259,24038.977833999434,24388.428214682095,24577.428225719214,24715.491956158105,baseline
Salinas,South,2028,22918.21289740343,23036.592130176487,23311.54104140418,23627.950329742096,24019.338400609136,24285.131577267694,24438.49602566258,baseline
Salinas,South,2029,22494.033730789677,22639.694392918864,22884.443237370386,23254.504701857775,23636.199265740892,23936.802473765743,24086.364555782886,baseline
Salinas,South,2030,22029.7881263789,22197.300619053956,22538.875044770757,22878.13680519075,23318.76608933306,23580.51769996299,23652.314076942115,baseline
San Germán,West,2025,30423.124526515112,30554.891992943358,30779.89484168149,31066.694593038213,31305.35295961488,31515.397345175374,31703.975960553587,baseline
San Germán,West,2026,29809.775373471948,30023.71415493819,30279.475429381673,30657.472110363742,31031.56364649407,31253.452669535214,31405.16343965738,baseline
San Germán,West,2027,29469.57680210656,29613.130009712164,29942.44908250899,30360.565366407383,30762.71295820899,31097.104648387194,31279.221435560718,baseline
San Germán,West,2028,28999.731973321897,29202.574034649115,29656.726884276963,30049.282288517243,30451.0492780071,30945.55561447456,31143.37949683382,baseline
San Germán,West,2029,28600.06249538307,28917.900471468995,29237.432723848684,29765.337953535913,30246.4992795001,30648.098973571716,30939.17633938514,baseline
San Germán,West,2030,28171.35175988816,28470.05832658331,28895.899171127596,29463.32748845498,29945.767859570384,30447.727155841567,30792.650579818313,baseline
San Juan,Metro,2025,324583.43237145443,325350.14322119375,328603.73951285053,331923.6155816043,335224.8627539123,337711.42493358155,339270.1722752749,baseline
San Juan,Metro,2026,314580.20928716543,317582.31007050077,321574.2594344457,326261.47439817735,331278.059699483,334468.1714252645,336727.13593022735,baseline
San Juan,Metro,2027,310797.1143417623,312940.4968367806,317876.00381314545,322526.5087623894,326803.2815337895,331854.94876971206,334480.5872226213,baseline
San Juan,Metro,2028,305025.6674389981,309608.61275068385,314658.65056531917,319042.38923612767,323732.26210770593,330920.67851182615,333740.32030829095,baseline
San Juan,Metro,2029,299549.67147598125,305252.5244617039,310027.1053125352,315158.9612683463,320819.1210698365,325509.8827425719,329217.63690603257,baseline
San Juan,Metro,2030,294507.6917576182,298952.23866495385,304904.3804831976,310672.4505599049,317576.2939428635,323670.7443784874,327011.3667165155,baseline
San Lorenzo,East,2025,35845.61675657278,36029.33903014086,36359.22398857453,36629.682409365756,36920.79555496287,37171.8424201056,37317.17907536806,baseline
San Lorenzo,East,2026,34892.43921775871,35117.59057535726,35446.571791736234,35889.5718399022,36250.32368361046,36648.16879503486,36904.10735084149,baseline
San Lorenzo,East,2027,34108.65040504537,34392.73791053967,34768.83888936885,35260.58335826057,35685.043239228165,36097.53884069486,36235.67438458768,baseline
San Lorenzo,East,2028,33407.99054645198,33646.34786795953,34121.18671445359,34614.89205247612,35159.30932027869,35647.31130421738,35762.135063071764,baseline
San Lorenzo,East,2029,32638.656017289395,33051.53632142323,33500.13416225327,34098.166978154455,34580.30577019758,34885.640378023425,35190.37553342028,baseline
San Lorenzo,East,2030,31870.88233885784,32221.790389599744,32960.89082220015,33536.206149658195,34005.36018073646,34363.63465688284,34761.15592255206,baseline
San Sebastián,West,2025,37400.94280872267,37694.15048278118,38123.87070385984,38547.18400577282,38966.21349675728,39345.735407746506,39686.87725719391,baseline
San Sebastián,West,2026,36623.334482819526,36944.54376459951,37431.25399834685,38102.24915767398,38573.35759437887,39106.68599055539,39515.400230259205,baseline
San Sebastián,West,2027,35857.758129437825,36409.520363597476,37211.96885894863,37825.36699782811,38556.708240482745,39108.961062763694,39492.849862497686,baseline
San Sebastián,West,2028,35322.23356561874,35939.784180814975,36597.131040329965,37307.86896506803,38290.631652713535,38921.82119316749,39401.21864259286,baseline
San Sebastián,West,2029,34710.730696109094,35010.94388506048,35912.22939571525,36879.48778584284,37879.57107960781,38619.01082160639,39048.99109719569,baseline
San Sebastián,West,2030,34003.504503167715,34614.54305086635,35354.75332595406,36437.452483790126,37436.25906745904,38337.22064218009,38989.62346554369,baseline
Santa Isabel,South,2025,19306.286458768504,19385.52718411066,19496.81710149058,19642.765437059308,19783.181333321416,19916.647894705296,20014.856130743094,baseline
Santa Isabel,South,2026,18851.23648247227,18953.594620610314,19141.80371362938,19384.96046623317,19577.478667869844,19733.682608405026,19800.45645791823,baseline
Santa Isabel,South,2027,18559.03561571445,18636.800474796502,18826.185512263215,19117.828805542274,19329.69239860087,19559.652535941295,19686.45066622744,baseline
Santa Isabel,South,2028,18146.389888134217,18246.88557240377,18518.11471315788,18846.252969358786,19076.99107366283,19250.095433371916,19321.601765622385,baseline
Santa Isabel,South,2029,17832.027177963457,17960.35741752734,18224.015669125853,18463.974784444756,18828.174126337646,19048.510288299036,19215.528674495734,baseline
Santa Isabel,South,2030,17439.809688315414,17586.882886851978,17904.04707671403,18170.72632329518,18542.341593964105,18773.184485885457,19031.725744166626,baseline
Toa Alta,Metro,2025,64164.85764612174,64471.21434768971,64936.812001073835,65659.7420465186,66270.48200299412,66822.9381317878,67192.34213595714,baseline
Toa Alta,Metro,2026,62369.71137461657,62782.863709529454,63531.85416758598,64582.0026863449,65288.44989154186,66323.49414445649,66975.5385217824,baseline
Toa Alta,Metro,2027,61611.88975972576,62038.704554732634,62781.18851799377,63810.791348893006,64652.45910480453,65665.21959020346,66141.14450739457,baseline
Toa Alta,Metro,2028,60283.76803469708,60778.90518696229,62150.95454439505,63102.21281143545,64285.7730612136,65067.35292433294,65619.77911957694,baseline
Toa Alta,Metro,2029,59306.05472770695,60230.26134339596,61289.987650453855,62271.35123112068,63610.59444394219,64301.19441375188,64843.425289822,baseline
Toa Alta,Metro,2030,58501.25480103609,59063.24630722759,60112.10064128491,61285.884998354086,62553.39046623737,63692.928826612544,64142.719024793296,baseline
Toa Baja,Metro,2025,71436.49726482121,71606.22124246051,72014.92781571746,72550.73433409931,72974.98320587273,73354.9517865688,73619.12849846028,baseline
Toa Baja,Metro,2026,70484.37283308135,70644.91438091971,71118.57638958009,71763.25574802175,72353.51357262784,72951.88675328289,73370.4627197304,baseline
Toa Baja,Metro,2027,69290.47062644511,69426.6938781605,70070.82643387659,70658.20616724162,71215.21738533807,71953.31123494564,72381.17710089921,baseline
Toa Baja,Metro,2028,68066.60276651448,68541.36687202904,69159.58726004796,69766.30897384585,70502.7657769322,71153.97948956802,71555.547361529,baseline
Toa Baja,Metro,2029,67312.50305734698,67640.13491059012,68169.68713387352,68955.2272304543,69725.1864544676,70319.27461971654,70747.46400767601,baseline
Toa Baja,Metro,2030,66450.61611782957,66711.9460553337,67197.73443600771,68133.91665316725,68993.94996880654,69609.72433896537,70053.16423564318,baseline
Trujillo Alto,Metro,2025,64387.17297733564,64700.75937340474,65356.09416370272,65882.71746507252,66551.99325215742,67327.27180026143,67797.49498397013,baseline
Trujillo Alto,Metro,2026,62953.991690952935,63323.43665722229,63937.08726687155,64721.37117785278,65508.77620331821,66203.59029082708,66674.94591737304,baseline
Trujillo Alto,Metro,2027,61915.17779494903,62319.162794258606,63231.95035979439,64084.26306941205,64848.22294594127,65930.31585844894,66552.21021848747,baseline
Trujillo Alto,Metro,2028,60814.84287629311,61318.43743321827,62287.90645136741,63373.75132786199,64431.80757851785,65475.82540592644,65941.5057080015,baseline
Trujillo Alto,Metro,2029,59872.05364323377,60421.0197783435,61588.867877263314,62718.115923367804,63599.848425040705,64640.843660958846,65720.09403807529,baseline
Trujillo Alto,Metro,2030,59533.75165781342,59764.275925414164,60720.61306314564,61768.33622351152,63076.32535758199,63965.26793721481,64394.083603293475,baseline
Utuado,Central Mountains,2025,26928.902370662276,27064.73366865728,27254.254917773727,27460.749650733647,27645.77825137052,27789.649377697577,27875.24385402911,baseline
Utuado,Central Mountains,2026,26589.83679416517,26752.35969346602,26937.74571930881,27157.825538569174,27428.40556681518,27672.740931436274,27796.710488985056,baseline
Utuado,Central Mountains,2027,26298.8162397974,26367.48228902296,26630.36745637928,26876.20447920062,27185.838413134297,27381.882756985244,27547.910154214784,baseline
Utuado,Central Mountains,2028,25991.348077258765,26101.99640236824,26349.481144208905,26651.567655806393,26949.259739216828,27251.009469329147,27329.361848266926,baseline
Utuado,Central Mountains,2029,25622.600069198124,25771.053196910045,25969.663300140557,26322.495645140618,26661.83021094451,26940.55766107853,27073.586963796875,baseline
Utuado,Central Mountains,2030,25095.871870850548,25312.50193336376,25606.697771878753,25967.390024042787,26388.23676911332,26650.026524159126,26841.139003411532,baseline
Vega Alta,North,2025,34161.76608096189,34251.783744619424,34444.17660692334,34644.121583351436,34883.51542802612,35117.23914394924,35234.19953476756,baseline
Vega Alta,North,2026,33567.18800205797,33719.649705619806,33897.185682412484,34180.63833751845,34452.05354256637,34643.43539115498,34810.82323851545,baseline
Vega Alta,North,2027,33004.98792155566,33240.55113133248,33485.314328162116,33807.51350936749,34039.825969631696,34232.12409244425,34338.04891113096,baseline
Vega Alta,North,2028,32613.586489890946,32784.57968991674,33072.86091281496,33388.42164135001,33654.08678754128,33959.19158441829,34144.409790324324,baseline
Vega Alta,North,2029,32199.23262652242,32399.250800882663,32653.232467129485,32992.23384757247,33338.44591703894,33645.039804051215,33955.56538695279,baseline
Vega Alta,North,2030,31789.115357803374,31862.49979008901,32258.666676385084,32631.33862559157,32998.093981831385,33306.44751341805,33500.973806261405,baseline
Vega Baja,North,2025,51465.4760327455,51851.308415041596,52415.27189819982,53056.28551822738,53570.22248988827,54211.38496902227,54617.01584281626,baseline
Vega Baja,North,2026,50259.882024269595,50770.77900850918,51619.943237914216,52362.73001530772,53151.44454944435,53942.85077690432,54582.40799585624,baseline
Vega Baja,North,2027,49900.53146419982,50251.311524744044,50902.17069137134,51801.32202418478,52544.27946932576,53484.59142728146,53949.36780495467,baseline
Vega Baja,North,2028,48775.7605329565,49201.56361627684,50109.15591169391,51157.06360685587,52036.775328313815,52982.05370382415,53580.79554001607,baseline
Vega Baja,North,2029,47916.67222418067,48379.463806091284,49351.64157075224,50571.89363302581,51642.179959274246,52491.682165907936,53144.81316103897,baseline
Vega Baja,North,2030,46714.390658876604,47630.30557975042,49013.965174162346,50039.66651522549,51246.26082384093,52143.05923274583,53019.72945114452,baseline
Vieques,East,2025,7843.56885051821,7858.817322688799,7899.535792806648,7933.959750763905,7967.599344280629,8021.064861041312,8041.968984585777,baseline
Vieques,East,2026,7625.910612019811,7656.242696663577,7711.34350859033,7764.140401915126,7817.053683020282,7867.139136850937,7885.066666334875,baseline
Vieques,East,2027,7463.218400594982,7513.925227962307,7558.243720104181,7630.832421288007,7700.100380060917,7763.964635215316,7792.043086646223,baseline
Vieques,East,2028,7344.39286455197,7375.817362733112,7433.776493266888,7509.094574899607,7574.346946733429,7647.176609657084,7690.846103822703,baseline
Vieques,East,2029,7214.93489392982,7252.292858031887,7299.111341531923,7371.117350186061,7443.476194364442,7516.384596125634,7556.198463651188,baseline
Vieques,East,2030,7058.21663983608,7102.034673887352,7175.316090132492,7244.826433188862,7328.108523127715,7401.5645731395,7460.822286943634,baseline
Villalba,South,2025,20898.20576805578,21018.852276758975,21115.04833083225,21271.54158662995,21433.982468377853,21547.842060555657,21617.637365977356,baseline
Villalba,South,2026,20476.774375739926,20592.450128174947,20776.28674680492,20952.813463873597,21214.153203562924,21390.63032446389,21472.166039043314,baseline
Villalba,South,2027,20172.693825889528,20251.541499898773,20399.639703228837,20683.56897748105,20922.534961957743,21171.412048890325,21254.591361399143,baseline
Villalba,South,2028,19669.30966370837,19866.877864845705,20123.543360300086,20370.300715418383,20660.08909063694,20937.714596058522,21130.967213215066,baseline
Villalba,South,2029,19438.79767109674,19530.11316171551,19781.339205619144,20042.44230690753,20358.943426308724,20697.83974644433,20804.74928484405,baseline
Villalba,South,2030,19076.30539039642,19227.77892019344,19449.351042387905,19758.883830664738,20034.329354538975,20421.47897648327,20517.322029502597,baseline
Yabucoa,East,2025,28390.55605966272,28469.945128404557,28647.765755113924,28852.629895057475,29063.046490677756,29243.95699937424,29363.232367856333,baseline
Yabucoa,East,2026,27671.240631041004,27830.219741795736,28091.076723009464,28412.017991934666,28655.64339018251,28939.554765791156,29003.798135953173,baseline
Yabucoa,East,2027,27062.262457468816,27268.574378021087,27482.163136573057,27844.954727992514,28185.723829733055,28475.582797561055,28663.149762828678,baseline
Yabucoa,East,2028,26515.109097207896,26662.80354192098,26996.496689775267,27366.13967046669,27692.296167848282,28057.653358483964,28279.36972732241,baseline
Yabucoa,East,2029,25896.97688053413,26174.5899775413,26412.372267930765,26773.959902725655,27241.283136699338,27678.48255462639,27939.2859694613,baseline
Yabucoa,East,2030,25376.09006774452,25570.484304909023,25929.341136485116,26382.9580611793,26749.410750888517,27177.37610197145,27470.526331662593,baseline
Yauco,South,2025,32165.137019265014,32274.25046068148,32447.038856903164,32675.330091405558,32823.32676504263,33046.951446263156,33248.48890134042,baseline
Yauco,South,2026,31571.876599105177,31730.688900279358,31948.165022612055,32235.32762384099,32506.88459611639,32783.490014507275,32899.662247879896,baseline
Yauco,South,2027,30924.5616163093,31193.38328035426,31453.460686875052,31803.995013773747,32124.989250316677,32483.94466270748,32723.332023976116,baseline
Yauco,South,2028,30541.286958784916,30713.898633635814,30935.426055011318,31331.291010604262,31718.37652104541,31991.508563938693,32363.733038008093,baseline
Yauco,South,2029,29984.51775430489,30252.227519864344,30550.315946126517,30904.487650092447,31232.23664857017,31682.466248907516,31992.16990049782,baseline
Yauco,South,2030,29485.480912099007,29687.252945787157,30055.36157753937,30406.56143876256,30906.788139166907,31380.75595500603,31618.207168691664,baseline
Adjuntas,Central Mountains,2025,17363.52341995679,17436.449446026836,17539.80329575306,17660.255460107128,17784.90108487124,17917.704988478097,17981.308697631284,hurricane_cat1
Adjuntas,Central Mountains,2026,17082.075621366643,17154.381918800256,17281.031242252368,17391.294864470423,17544.06530374454,17647.30541865004,17746.42239047728,hurricane_cat1
Adjuntas,Central Mountains,2027,16923.163414375224,16981.82338491291,17145.349514316826,17319.959661230016,17477.92044876601,17596.90599896951,17681.36665196695,hurricane_cat1
Adjuntas,Central Mountains,2028,16676.42757688415,16764.782147644066,16949.899500070354,17162.17890404522,17359.933730324945,17524.45907629795,17621.497897097808,hurricane_cat1
Adjuntas,Central Mountains,2029,16464.137929212062,16555.8128204375,16712.085069074907,16970.052208427896,17158.086572284592,17334.554429707998,17510.722775748753,hurricane_cat1
Adjuntas,Central Mountains,2030,16206.246122726707,16354.228073506996,16549.13956467962,16724.06358977143,16979.45240435636,17149.787135527797,17225.552296945836,hurricane_cat1
Aguada,West,2025,36591.49254800582,36722.48242756787,37005.236365965,37220.0990596391,37463.49487643577,37736.535134919046,37849.25367602422,hurricane_cat1
Aguada,West,2026,35833.36905454149,36052.08494725299,36309.77547649568,36626.30908550735,36968.897153275255,37253.09833617186,37538.66698911442,hurricane_cat1
Aguada,West,2027,35427.79550998032,35705.65674984763,35980.76599458426,36360.406283131255,36646.09502187985,37080.626398162494,37204.4965395489,hurricane_cat1
Aguada,West,2028,34919.03069420932,35110.982528997905,35464.91122737115,35814.78323636868,36173.59775960608,36595.053216872875,36933.43561452313,hurricane_cat1
Aguada,West,2029,34410.107637525434,34655.569202084924,34979.09556284699,35444.21443106058,35833.00694511039,36234.60912480207,36570.61115810963,hurricane_cat1
Aguada,West,2030,33825.86236138952,34094.098488555275,34511.697677368786,34965.56711111064,35420.4406175514,35834.469136726715,36125.31904894677,hurricane_cat1
Aguadilla,West,2025,51652.215457876315,52189.11185133421,52889.25459675427,53577.705447518965,54190.27270218245,54720.87281080617,55476.547170264515,hurricane_cat1
Aguadilla,West,2026,50624.876960527,51166.20310831871,51839.911865253525,52624.080446458094,53486.61483645886,54198.26419201867,54646.96480511069,hurricane_cat1
Aguadilla,West,2027,49957.271495269495,50344.54492735814,51196.494801879664,52119.53341681576,52879.08311632961,53823.36749097034,54234.24293897239,hurricane_cat1
Aguadilla,West,2028,49195.083734644446,49581.653197454856,50388.44374044096,51428.62164807375,52529.76950249523,53582.64185026719,54151.66496051504,hurricane_cat1
Aguadilla,West,2029,48195.77095739993,48967.730962372196,49753.847075321704,50869.78067222406,52164.312153826264,52712.173171464055,53726.42777149495,hurricane_cat1
Aguadilla,West,2030,47254.851245817736,47966.98010990076,49283.86556753356,50356.237658971586,51276.44572947487,52670.44330217249,53311.52110796717,hurricane_cat1
Aguas Buenas,Central Mountains,2025,23123.4739966171,23187.000585461472,23330.45388226906,23447.754291123012,23588.124231720547,23704.66729255027,23753.772279158286,hurricane_cat1
Aguas Buenas,Central Mountains,2026,22684.918029247026,22747.138565942805,22910.51893366642,23113.915659121296,23271.54117431931,23456.85261550037,23538.928949833095,hurricane_cat1
Aguas Buenas,Central Mountains,2027,22420.61639162239,22465.096731033293,22586.350791213765,22794.7091588332,22991.17941569338,23139.935843489668,23251.582689684918,hurricane_cat1
Aguas Buenas,Central Mountains,2028,22040.924245122114,22191.83776433914,22333.146035849022,22542.859749181785,22721.946367305074,22861.284893706077,22990.777208044656,hurricane_cat1
Aguas Buenas,Central Mountains,2029,21839.32924581471,21910.427105073064,22063.566617312674,22305.569284054174,22525.511683050147,22706.488703234638,22779.050646327833,hurricane_cat1
Aguas Buenas,Central Mountains,2030,21405.234271082943,21517.295026851716,21820.72656595954,22017.96349756883,22257.655359183344,22413.27425435442,22599.991424761916,hurricane_cat1
Aibonito,Central Mountains,2025,23475.070345760883,23718.54315907238,23961.429223077786,24273.7298141175,24605.47040296777,24790.962896795074,25095.132940909054,hurricane_cat1
Aibonito,Central Mountains,2026,22867.330729658443,23006.173979812207,23295.26703346766,23806.040386556597,24215.066839883293,24594.738624429672,24702.060992070245,hurricane_cat1
Aibonito,Central Mountains,2027,22435.17091881536,22740.3358203288,23083.415535554468,23545.142411597895,23937.324975105163,24382.199689287463,24651.729869098875,hurricane_cat1
Aibonito,Central Mountains,2028,22087.04297209132,22252.007287031603,22736.494641328238,23289.89075362259,23829.555871354547,24180.380651907915,24576.01297518349,hurricane_cat1
Aibonito,Central Mountains,2029,21648.859648769354,21822.820032058615,22380.82143311905,22948.692483770566,23525.47265817327,24161.843128086617,24640.75154337759,hurricane_cat1
Aibonito,Central Mountains,2030,21222.313770824472,21445.303825275634,22081.694241147947,22807.250697155403,23466.501304764628,23997.070250783097,24502.428549640896,hurricane_cat1
Arecibo,North,2025,83392.63644592416,83760.62195955946,84540.23087466639,85447.22550574515,86304.87561411443,87182.64971375231,87522.0659226542,hurricane_cat1
Arecibo,North,2026,80852.60201204877,81975.6552275831,82932.80969306064,84032.65567227236,85094.39461635666,85848.90375361439,86743.95401783452,hurricane_cat1
Arecibo,North,2027,80365.11269012523,80989.49769196476,82083.94358708373,83346.81070615954,84411.20929882827,85593.86237047639,85953.50909416121,hurricane_cat1
Arecibo,North,2028,78978.8447800869,80051.77719594474,81099.86439252259,82481.04804759604,83874.32230942136,85076.86343912504,85871.98143877553,hurricane_cat1
Arecibo,North,2029,78084.89572845119,78758.24406245079,80055.8149621781,81393.03244471237,83009.55275532902,84353.95173463273,85179.91811670116,hurricane_cat1
Arecibo,North,2030,76777.1674548927,77769.73450387319,79045.58619183971,80538.86624056657,82144.13083605717,83528.03166600142,84478.82535740657,hurricane_cat1
Arroyo,South,2025,14744.273330199549,14862.245548465025,14979.60944715561,15116.061063379519,15237.227967508048,15368.597428291621,15486.58443299984,hurricane_cat1
Arroyo,South,2026,14196.519554784976,14413.212192225117,14589.40333543693,14801.371122990218,14936.672473822005,15148.701510999286,15276.513234690376,hurricane_cat1
Arroyo,South,2027,13842.760171790993,14055.714838646856,14277.45170248418,14491.53342136482,14697.124048917998,14939.630282150818,15062.785085186319,hurricane_cat1
Arroyo,South,2028,13541.92436942787,13725.601838618695,13969.256961034585,14233.361929947943,14487.618326566811,14691.126296739345,14842.154232458135,hurricane_cat1
Arroyo,South,2029,13342.963911797462,13452.817786188249,13652.207195047995,13977.919892725182,14271.012496695555,14526.15646241513,14751.5734891571,hurricane_cat1
Arroyo,South,2030,13023.723400936598,13166.049710104817,13416.285418369629,13708.547112358796,14023.026797949802,14338.812837226169,14456.328835470986,hurricane_cat1
Añasco,West,2025,24615.285566424292,24675.632728600987,24793.63617866204,24950.566796106796,25074.27818239054,25204.260749674184,25255.93341400561,hurricane_cat1
Añasco,West,2026,24119.81111903286,24232.542619600597,24351.71276338603,24536.50710484245,24726.993477034455,24869.28763540947,24920.76071139145,hurricane_cat1
Añasco,West,2027,23848.597163348648,23920.76332063058,24058.676061300503,24221.239307979093,24383.8749594346,24583.74774540702,24710.690103738238,hurricane_cat1
Añasco,West,2028,23562.117264669247,23622.529886101423,23773.296827270096,23978.927818795608,24186.303624484608,24482.480267555486,24559.260747818575,hurricane_cat1
Añasco,West,2029,23178.73793180095,23297.856370088633,23478.956124994016,23737.191188796973,23913.652137328463,24163.682236210014,24256.08191034898,hurricane_cat1
Añasco,West,2030,22848.394243454415,22946.63358213757,23152.772421979418,23380.04940703493,23650.834969987747,23873.610634451707,24018.54620705434,hurricane_cat1
Barceloneta,North,2025,21812.635927466377,21946.756086880072,22106.128728521566,22262.20092047443,22434.060650098538,22634.61640834374,22717.731042637995,hurricane_cat1
Barceloneta,North,2026,21322.23137107739,21464.980690386285,21623.494301157214,21877.77458610187,22087.876677703203,22294.6892688768,22443.29160606633,hurricane_cat1
Barceloneta,North,2027,21053.670897193868,21191.564278408176,21406.402603760438,21596.357484036344,21928.540763385634,22152.83161037165,22303.86685550927,hurricane_cat1
Barceloneta,North,2028,20762.30834555701,20926.9967023241,21160.57073181146,21447.440256472746,21675.36035073835,21883.624564128513,22082.022269748348,hurricane_cat1
Barceloneta,North,2029,20527.35004159019,20656.97271299157,20914.173783767772,21149.603295737776,21433.983146091385,21738.598561989438,21918.29667448863,hurricane_cat1
Barceloneta,North,2030,20224.394435766862,20347.708340510613,20628.89844520864,20887.061106247264,21184.232052829895,21430.82183769868,21696.316311563798,hurricane_cat1
Barranquitas,Central Mountains,2025,28079.508390795785,28168.28412480776,28398.707751144735,28580.567960836735,28792.446778779347,29017.201484802936,29072.021866343814,hurricane_cat1
Barranquitas,Central Mountains,2026,27374.33430228446,27571.72590524701,27845.535808927158,28168.546353440703,28396.88629151487,28656.85299393257,28776.32388545093,hurricane_cat1
Barranquitas,Central Mountains,2027,27002.479444881013,27204.315257366223,27551.69791098252,27923.357760237304,28199.353156189856,28408.03413702348,28464.906264359775,hurricane_cat1
Barranquitas,Central Mountains,2028,26763.518950780748,26914.093255858643,27203.128083420972,27556.219255202464,27917.611492831762,28202.213820817735,28310.834230192868,hurricane_cat1
Barranquitas,Central Mountains,2029,26365.820180893268,26555.39310758928,26858.28720840659,27271.185877474963,27593.499808259847,27881.431021309218,28161.72207758698,hurricane_cat1
Barranquitas,Central Mountains,2030,25853.777467714666,26135.429680950772,26549.326778510356,27032.561310763507,27388.508977185527,27765.28811965112,28068.958436696816,hurricane_cat1
Bayamón,Metro,2025,175029.3780650814,175948.28528183748,178191.84320123488,180161.9423850139,182163.21151465696,183897.55562887402,184528.15280505057,hurricane_cat1
Bayamón,Metro,2026,170099.65749206208,171051.38153730982,173583.97682576324,176562.87038344724,178733.63374612416,182572.27941178414,183395.80664544326,hurricane_cat1
Bayamón,Metro,2027,167021.0390745957,168125.52835235372,171050.27707453235,173793.56190634845,177323.2084723021,179821.39381184222,181136.54936558232,hurricane_cat1
Bayamón,Metro,2028,163910.2081236477,165173.89923061573,168315.9648705849,171367.88350162824,175168.84538585512,179095.5478260327,180763.66459750463,hurricane_cat1
Bayamón,Metro,2029,161432.47906739757,162847.70663961582,166283.77638308913,169717.0704781157,173794.54690816777,177647.10306553575,179296.64746184772,hurricane_cat1
Bayamón,Metro,2030,159056.8305004661,160468.0640803792,163047.6430694458,168007.81807529338,172717.46948807308,176151.92662484848,177319.20669501557,hurricane_cat1
Cabo Rojo,West,2025,45673.61753950681,45852.252845972565,46060.8517088723,46284.39801844472,46550.67406511024,46816.78958696622,46998.068711953805,hurricane_cat1
Cabo Rojo,West,2026,44861.61602481321,45010.48630555197,45203.4184493124,45508.64834899639,45814.02620259693,46188.634217971245,46316.37733641795,hurricane_cat1
Cabo Rojo,West,2027,44481.41724940779,44617.32813450059,44829.54180881515,45138.02782715614,45413.02586675953,45752.51802217879,45905.957107580325,hurricane_cat1
Cabo Rojo,West,2028,44107.80337163766,44255.444575962436,44515.18024239398,44778.370151806346,45132.00023395228,45552.56140608831,45769.89248541108,hurricane_cat1
Cabo Rojo,West,2029,43442.10287957853,43494.44819759756,43899.78064841619,44219.629066288035,44583.71357026083,44969.433870923305,45097.561536497706,hurricane_cat1
Cabo Rojo,West,2030,42485.74058388401,42815.885712116724,43137.84699898179,43586.27254675771,44018.404545659825,44294.31324640258,44529.25231051545,hurricane_cat1
Caguas,East,2025,120984.97837766906,121393.9204572254,122316.78821097488,123125.33538539006,123905.09817943072,124626.60636528626,125091.53191740683,hurricane_cat1
Caguas,East,2026,117590.86788282133,118256.87782588665,119047.66585270144,120217.14131635698,121133.88961798718,122108.78662690725,122538.54597556703,hurricane_cat1
Caguas,East,2027,115443.72369751833,115975.50645973792,116907.82139600228,118012.1620667541,119123.30399224517,120075.35036245483,120733.80449260592,hurricane_cat1
Caguas,East,2028,113171.23907763686,113772.44344613688,114983.19242269392,116128.45784158292,117297.45738334485,118397.31576116137,119319.07695633796,hurricane_cat1
Caguas,East,2029,111176.08211231162,111889.51263098056,112843.6698179447,113882.31355027063,115411.2543320416,116782.74570889794,117958.87293376308,hurricane_cat1
Caguas,East,2030,108819.22842492473,109687.77879233826,110837.2856900435,112480.24358645435,113644.163918968,114702.06764023432,115388.83218381453,hurricane_cat1
Camuy,North,2025,31219.98275018689,31534.564870987026,31845.324456845905,32264.35372921107,32672.970518249473,32883.68425444413,33081.15983091521,hurricane_cat1
Camuy,North,2026,30599.837168350008,30836.828061932374,31287.5224838823,31769.710557876966,32164.871282914577,32539.133189221397,32724.918159454344,hurricane_cat1
Camuy,North,2027,30289.378890934186,30612.990602924972,31117.00329228422,31494.899810924784,31862.160133496684,32273.81617987811,32552.275128762634,hurricane_cat1
Camuy,North,2028,29828.851560757157,30073.502047020706,30624.59613321459,31081.152097290273,31671.70510714373,32148.21658545061,32415.837965340088,hurricane_cat1
Camuy,North,2029,29446.581191816054,29797.602041588172,30179.614407552537,30843.17673605271,31363.938715339656,31799.07068842798,32031.121067484386,hurricane_cat1
Camuy,North,2030,29052.625111325342,29337.762464288608,29845.15155497817,30459.923560278876,31059.138437083755,31570.96204095236,31950.098956887436,hurricane_cat1
Canóvanas,East,2025,40174.90110670843,40325.621665894825,40662.066231028744,40987.15891178219,41357.7711291344,41627.00380080958,41808.33428720614,hurricane_cat1
Canóvanas,East,2026,38956.085883618136,39052.930466027705,39408.00137912406,40018.640603678345,40411.438692447184,40731.04122070277,41104.189965190475,hurricane_cat1
Canóvanas,East,2027,37974.96055880412,38262.5588166447,38752.32425182034,39170.95892407649,39600.7980156712,40116.57147144438,40368.079317964584,hurricane_cat1
Canóvanas,East,2028,37195.82780575568,37482.912989891614,37924.86257486217,38551.0671083936,39142.237696828415,39619.51938170116,39875.61892520985,hurricane_cat1
Canóvanas,East,2029,36222.10357695005,36539.990085605416,37233.911972908696,37866.24761891422,38471.07818456319,38927.66543158483,39243.530745887445,hurricane_cat1
Canóvanas,East,2030,35430.45349120335,35857.98479661862,36491.62774008585,37154.081257632206,37724.34028557256,38371.984813377516,38676.122261258795,hurricane_cat1
Carolina,Metro,2025,146748.91249770072,147778.5115608116,148996.2665421443,150333.93928504776,151316.6069063657,152731.0479054087,153420.6774358893,hurricane_cat1
Carolina,Metro,2026,142602.38507315808,143591.71130933624,145257.11178674697,146968.23972683103,148522.46168652864,150259.00775797767,151307.73605352535,hurricane_cat1
Carolina,Metro,2027,140325.23597492996,141385.1325305231,143321.994927419,145059.2298736767,147113.7967986574,148758.77866188416,149582.06276840917,hurricane_cat1
Carolina,Metro,2028,138712.3661092864,139942.29580263235,141579.1847875994,143950.44897612397,145756.9481557254,147563.05853727623,149189.12898440476,hurricane_cat1
Carolina,Metro,2029,136760.1139018955,137722.66971528568,139335.88026391927,141677.21114636815,144040.7298020532,146481.37890591458,147622.64752042593,hurricane_cat1
Carolina,Metro,2030,134784.04518052793,135726.99322081057,137151.03710050977,139309.5138005511,142299.0643492207,144304.74147238626,145856.04020248645,hurricane_cat1
Cataño,Metro,2025,21998.911237557335,22043.791495724927,22151.6355373972,22243.68241931472,22340.49699507749,22499.317693756613,22560.290971736387,hurricane_cat1
Cataño,Metro,2026,21573.775182134897,21648.7487726045,21770.63856305908,21885.69329466284,22027.767257026797,22208.716124198345,22348.93251258585,hurricane_cat1
Cataño,Metro,2027,21187.447976558647,21252.142647632838,21423.757450701694,21593.931079152826,21768.11136341157,21913.679449292198,21988.358957199773,hurricane_cat1
Cataño,Metro,2028,20877.08609662749,20999.312216075974,21140.848828720398,21348.913221806433,21485.74574163443,21692.98046693335,21799.979366498483,hurricane_cat1
Cataño,Metro,2029,20539.81524960019,20674.057472523444,20907.313074930313,21089.680434871618,21277.317280951444,21470.797120778003,21548.320862593682,hurricane_cat1
Cataño,Metro,2030,20238.396536031873,20381.59339819176,20554.061582604052,20788.026165948115,20985.33169302376,21146.513604215943,21282.396782355616,hurricane_cat1
Cayey,Central Mountains,2025,40123.510412300035,40225.04048408454,40391.6891467282,40602.26268165936,40789.963167769674,40950.0991326669,41048.391610684455,hurricane_cat1
Cayey,Central Mountains,2026,39040.253066970094,39232.925884217046,39457.96007018491,39833.75896999829,40079.7358065437,40378.634920764525,40541.38610073327,hurricane_cat1
Cayey,Central Mountains,2027,38505.822379952275,38667.23946398955,38933.86177549182,39245.024428784884,39611.74680029711,39829.522882241414,39963.19927897512,hurricane_cat1
Cayey,Central Mountains,2028,38130.95928221327,38249.79524717839,38667.44040791488,38909.59731149862,39233.563173960836,39563.54958601954,39718.625603599365,hurricane_cat1
Cayey,Central Mountains,2029,37647.69881729641,37797.312202003675,38141.215880715885,38505.67781162636,38884.78616642676,39275.60177442981,39413.35608768987,hurricane_cat1
Cayey,Central Mountains,2030,37097.93939120772,37308.28010811037,37588.82310998427,38022.60435192746,38408.552054304026,38694.49831922789,38977.931284474646,hurricane_cat1
Ceiba,East,2025,10611.294753033979,10663.28402530943,10722.685248414493,10816.456140092669,10934.289946323755,10994.155091644974,11047.664939396627,hurricane_cat1
Ceiba,East,2026,10344.17998361669,10399.977661581597,10481.766584461055,10590.668284477422,10700.980429537984,10797.799461715482,10881.168211750623,hurricane_cat1
Ceiba,East,2027,10051.834114294847,10121.81385682744,10256.057285873827,10402.653000180944,10526.7121356981,10640.065144499878,10706.963138779685,hurricane_cat1
Ceiba,East,2028,9843.116709436705,9930.926220029303,10068.077972323239,10212.252905570738,10335.471431360345,10455.548936134663,10510.468892041665,hurricane_cat1
Ceiba,East,2029,9628.447168794602,9720.103908334935,9884.127657564664,10016.674413527067,10151.73644806118,10293.50770874,10347.463305988913,hurricane_cat1
Ceiba,East,2030,9494.218596580291,9562.44788910093,9684.610810527332,9867.060850007336,9995.983147612009,10159.939059146991,10242.30295920036,hurricane_cat1
Ciales,Central Mountains,2025,16133.005402349192,16242.74572120339,16382.143144976217,16559.75485812094,16746.589209592345,16930.955547310372,17005.148284110994,hurricane_cat1
Ciales,Central Mountains,2026,15757.27948819743,15825.622300738918,16052.44402009376,16278.984982615195,16517.285643016192,16752.07702602348,16917.923895386924,hurricane_cat1
Ciales,Central Mountains,2027,15621.788290721908,15746.179189673841,15941.28702933472,16186.01322282475,16355.358420582616,16565.022779061565,16748.307880382847,hurricane_cat1
Ciales,Central Mountains,2028,15369.276078410116,15544.237794462935,15759.88904437075,16019.583801368895,16234.40582920258,16499.995406680595,16652.327726408115,hurricane_cat1
Ciales,Central Mountains,2029,15139.350716357985,15236.375208610412,15500.462317669411,15746.886929342108,16099.846127253717,16315.268331949734,16576.304489789876,hurricane_cat1
Ciales,Central Mountains,2030,14984.044677803284,15066.74513287307,15308.304669414487,15622.022782689857,15948.880046248265,16195.25932081149,16462.628422723705,hurricane_cat1
Cidra,Central Mountains,2025,38514.16012392247,38587.05326450741,38782.156099838,39079.60760328364,39416.57202998348,39635.47457147797,39782.17892321644,hurricane_cat1
Cidra,Central Mountains,2026,37662.74959761011,37785.87756058033,38010.8003008879,38412.69914017216,38733.66651105696,39123.51931503103,39277.10805222995,hurricane_cat1
Cidra,Central Mountains,2027,36979.56288501597,37153.557384319436,37560.800422404354,37931.52648436611,38386.20053997955,38758.9306603659,38930.23223665128,hurricane_cat1
Cidra,Central Mountains,2028,36501.16076180773,36791.30871717699,37101.48147177731,37520.635911575606,38063.49934300579,38468.65406368698,38755.391829346154,hurricane_cat1
Cidra,Central Mountains,2029,36101.86124537555,36260.52783545096,36644.07661664703,37169.92583984819,37683.72728833804,38091.71752741822,38446.206598838726,hurricane_cat1
Cidra,Central Mountains,2030,35426.6629711441,35747.20126299783,36221.199659779246,36772.20958588823,37347.3929500855,37684.2209390304,37995.49562756689,hurricane_cat1
Coamo,South,2025,32613.927582824184,32868.95558617684,33167.05281399856,33549.70443541995,33933.94805267754,34239.12043342015,34433.31599766958,hurricane_cat1
Coamo,South,2026,31598.32122983926,31828.97208786111,32342.108432026373,32823.911513554005,33644.306089497746,34150.20020673098,34339.58696568238,hurricane_cat1
Coamo,South,2027,31001.123776437104,31259.951539885995,31735.150928466115,32328.526298066754,33111.774606648374,33596.65541954829,33907.42960303489,hurricane_cat1
Coamo,South,2028,30333.404390051513,30554.04273674644,31169.79062720572,31846.943266649097,32601.91434356329,33245.941441897965,33614.31396157509,hurricane_cat1
Coamo,South,2029,29637.79104603323,29965.55604605072,30667.99669603139,31448.49053352285,32181.37516802962,33110.99115959415,33576.74944155708,hurricane_cat1
Coamo,South,2030,28930.44093544762,29328.005786269125,30009.933436376123,30923.62410106798,31612.71515427195,32477.29406643715,32750.23310299588,hurricane_cat1
Comerío,Central Mountains,2025,18255.413316191294,18314.044378393286,18401.834395213133,18484.357896412646,18590.74786628053,18657.79925596812,18690.436203027537,hurricane_cat1
Comerío,Central Mountains,2026,17814.418751613244,17911.918060784355,18023.53429188716,18158.37937194873,18256.315631215708,18340.498637933888,18393.378912687156,hurricane_cat1
Comerío,Central Mountains,2027,17619.046433045158,17726.926628245226,17802.731647954086,17932.46408783985,18048.72339349804,18161.29872627911,18198.641581165604,hurricane_cat1
Comerío,Central Mountains,2028,17426.443256950177,17509.326109809248,17650.13822981317,17776.655644060964,17882.25666705289,18020.12657985918,18094.05676116227,hurricane_cat1
Comerío,Central Mountains,2029,17159.07858607539,17258.108603362438,17417.475087788378,17554.911628847018,17725.807880630266,17866.992727575034,17934.147047206763,hurricane_cat1
Comerío,Central Mountains,2030,16933.236384040832,17033.46084408542,17195.503359233677,17404.77579218443,17525.270310466363,17702.744918033717,17799.800702896682,hurricane_cat1
Corozal,Central Mountains,2025,33224.38262526137,33432.3831573025,33667.45013591847,33951.642311850395,34244.54648060819,34533.19766454349,34691.99823061352,hurricane_cat1
Corozal,Central Mountains,2026,32456.180559081444,32664.20339245384,33045.79559894443,33454.34625140381,33810.88112774787,34106.82680727023,34344.67677491064,hurricane_cat1
Corozal,Central Mountains,2027,31975.202502457225,32142.865665852005,32570.02604210315,33078.82514760598,33483.86196277349,33931.15397912908,34124.647422642374,hurricane_cat1
Corozal,Central Mountains,2028,31434.6325656565,31626.092143836802,32102.367448334822,32647.680134770984,33095.1901315181,33452.10804853771,33773.76278326539,hurricane_cat1
Corozal,Central Mountains,2029,31030.38134887756,31162.500658537094,31681.43558421364,32303.68554640514,32833.74576370165,33214.811267081386,33489.58546904518,hurricane_cat1
Corozal,Central Mountains,2030,30444.43718107713,30762.744137312442,31364.289122313723,31976.474782574063,32482.782519042117,32986.58347021809,33219.18260880431,hurricane_cat1
Culebra,East,2025,1278.9998182188813,1296.7436140672062,1326.2117664795533,1356.874857384863,1384.4458297787683,1406.6313891731963,1421.4508641288658,hurricane_cat1
Culebra,East,2026,1216.6257428377392,1227.787243510252,1269.8060860816036,1312.2571954453797,1352.8114346422394,1375.2057720937933,1402.9536970206411,hurricane_cat1
Culebra,East,2027,1163.4441473771992,1187.8036107264375,1223.2185214302112,1275.469008854967,1322.3037689777111,1367.0652396987555,1400.9834648086166,hurricane_cat1
Culebra,East,2028,1115.786816083727,1147.762651836708,1185.5154270987484,1239.7417231459272,1289.5475651888064,1338.7723944709487,1389.2637945952604,hurricane_cat1
Culebra,East,2029,1084.4118487994697,1100.4973347681362,1147.1771601606033,1205.0734482218886,1274.2408096777365,1324.8684666400263,1350.7486921024408,hurricane_cat1
Culebra,East,2030,1038.180185179099,1066.5766068245534,1110.4299992264805,1168.4847582993048,1235.4108097067608,1287.4174454592298,1327.9940155675865,hurricane_cat1
Dorado,North,2025,34857.34845169642,34992.39335508853,35168.896626911664,35362.59128702701,35572.11197991376,35773.57305940753,35910.57734000441,hurricane_cat1
Dorado,North,2026,34154.594118900764,34281.924197518914,34521.226640530665,34796.234104330804,35024.39074985921,35243.94498502185,35343.08633754621,hurricane_cat1
Dorado,North,2027,33693.23341681164,33805.940782176534,34100.65380166107,34383.54257941918,34675.014624521405,34917.70817263844,35057.00282062555,hurricane_cat1
Dorado,North,2028,33159.59305122153,33389.741132641364,33671.619713129854,34025.36925405747,34312.01190581914,34620.5450471147,34808.57079160012,hurricane_cat1
Dorado,North,2029,32805.290675649965,32973.69381397435,33334.13483920506,33605.14974746856,34001.01642975442,34277.154694956,34446.60455011187,hurricane_cat1
Dorado,North,2030,32197.71338279661,32633.84127877331,32928.72921007508,33239.20269572825,33546.00872560778,33844.41237028924,34079.28369274354,hurricane_cat1
Fajardo,East,2025,30089.86943078323,30292.13371504147,30644.175778434204,31004.808132892897,31360.434968137037,31708.714463139626,31944.934470009437,hurricane_cat1
Fajardo,East,2026,28931.06473244756,29130.19572885687,29646.902685533245,30247.48816538834,30705.194264221805,31123.666209931507,31444.998258084943,hurricane_cat1
Fajardo,East,2027,28189.63121351829,28438.889219857523,28877.387916559805,29565.519027073897,30143.6828880982,30502.995115259582,30974.277383602133,hurricane_cat1
Fajardo,East,2028,27488.271811805334,27772.730758737755,28093.2840119163,29069.58366173761,29792.636877944322,30321.58614662424,30764.046253652,hurricane_cat1
Fajardo,East,2029,26887.96583964173,27109.521161099834,27709.637334967945,28448.898908056555,29262.85512008419,30004.533345079304,30485.202739305914,hurricane_cat1
Fajardo,East,2030,26196.954759107288,26481.86647689117,27121.008592983264,28004.64975979568,28755.545545733563,29318.69201615317,29903.92735435775,hurricane_cat1
Florida,North,2025,11183.929324882556,11225.497170516479,11290.582982601483,11366.342971038133,11447.528521562934,11515.359881614808,11537.905805831524,hurricane_cat1
Florida,North,2026,10977.571996209057,11017.385287556504,11117.292431038517,11202.669134403506,11280.4273160595,11358.120259248833,11406.888410765127,hurricane_cat1
Florida,North,2027,10834.722008271588,10877.807777703541,10977.414870119457,11100.166433784354,11183.052950030344,11276.718137119507,11352.080725763471,hurricane_cat1
Florida,North,2028,10659.31016163444,10716.39362545824,10812.043356452165,10948.636697854086,11065.934682287118,11148.251460994416,11221.874388129392,hurricane_cat1
Florida,North,2029,10525.722784614562,10592.833782251731,10695.014713382092,10796.862260176931,10948.160305595251,11051.268561393772,11108.108217823026,hurricane_cat1
Florida,North,2030,10398.876783610327,10448.245837468492,10573.888298999205,10703.118664273406,10838.72421979369,10940.26044383274,10994.076536110671,hurricane_cat1
Guayama,South,2025,33958.48414229087,34104.19430911521,34474.14886496928,34813.17476723128,35062.17474623871,35371.101464712876,35516.82561056917,hurricane_cat1
Guayama,South,2026,33165.26334018716,33326.55768382268,33680.299686817736,34062.89365282854,34541.482025305864,34881.82450983569,35074.04359331871,hurricane_cat1
Guayama,South,2027,32196.324588921823,32604.867391528842,33014.37791746532,33495.21492385663,34020.463931961654,34435.663384836815,34652.833529189,hurricane_cat1
Guayama,South,2028,31632.66338483486,31908.276795029604,32475.406092882436,32930.75989445243,33422.124190061266,34003.243467767395,34409.97863135718,hurricane_cat1
Guayama,South,2029,31067.641613120813,31298.18879647182,31759.272082296236,32335.521861014655,32852.63772731995,33517.901231753196,33877.79203897572,hurricane_cat1
Guayama,South,2030,30112.53992827767,30341.60942713479,31178.25241248453,31812.768330963692,32471.629927067683,33084.45159725848,33517.47986179706,hurricane_cat1
Guayanilla,South,2025,16715.935383740176,16775.02823988325,16864.22093278034,16961.14045702135,17032.157577180587,17139.382458508877,17174.538505189917,hurricane_cat1
Guayanilla,South,2026,16339.159121595883,16408.723552745894,16509.650508720006,16661.375464463923,16792.431454661113,16921.220675680983,16957.56326294462,hurricane_cat1
Guayanilla,South,2027,16064.085063448832,16126.678314554918,16263.598903244882,16408.689131629195,16572.10838913232,16695.926402817186,16740.118150553026,hurricane_cat1
Guayanilla,South,2028,15800.494188618006,15878.05561012973,16035.077067688473,16167.39097387423,16337.61861725062,16538.77193223667,16621.92038567226,hurricane_cat1
Guayanilla,South,2029,15542.17066769104,15652.983609683979,15818.948264615603,15974.075800379951,16145.52914226598,16416.81680569397,16486.14341538894,hurricane_cat1
Guayanilla,South,2030,15327.176643238656,15414.839672559663,15606.38481185742,15752.061641837941,15953.928719458883,16210.837531043671,16286.88098653341,hurricane_cat1
Guaynabo,Metro,2025,85617.12496546085,86096.05646835004,86977.77841826662,87820.18419776099,88719.1455319176,89449.20631247375,89999.60435184343,hurricane_cat1
Guaynabo,Metro,2026,83370.90305327243,84022.2294381607,84910.17963830572,86067.88507834203,87280.39502464583,88278.151978661,89003.00057059068,hurricane_cat1
Guaynabo,Metro,2027,82141.06198300546,82988.79684500949,84070.74261350857,85138.13676558278,86291.02835510501,87314.5825976567,88081.96657547567,hurricane_cat1
Guaynabo,Metro,2028,80855.90150425036,81551.12778655626,82894.61917005047,84339.91045146549,85508.75551609055,87039.8586923723,87804.161614812,hurricane_cat1
Guaynabo,Metro,2029,79581.55490735045,80530.2264219604,81745.80155336882,83091.15269998525,84918.33901835956,86119.32459830002,87095.47282787845,hurricane_cat1
Guaynabo,Metro,2030,78239.70992987645,78965.67895081028,80627.83069879551,81955.7715688857,83745.14212806054,85544.76623130767,86410.02290504772,hurricane_cat1
Gurabo,East,2025,37934.28657548961,38136.91291131641,38783.37400796209,39334.82649935342,40053.90743364339,40541.44267354821,40931.808360350224,hurricane_cat1
Gurabo,East,2026,36388.2709907749,36869.621128258106,37682.722366514725,38453.44481827966,39283.28503251777,39789.4234541044,40281.64303261632,hurricane_cat1
Gurabo,East,2027,35352.625875870035,35780.652903817674,36463.00611722648,37583.3516994871,38508.019455731664,39453.76439582148,39823.623296328384,hurricane_cat1
Gurabo,East,2028,34273.798276163,34643.21550753268,35958.527305365154,37039.93901525707,37952.10802810978,39235.06780385715,39562.774902115954,hurricane_cat1
Gurabo,East,2029,33300.42265261157,34008.13831158873,35137.16407261643,36202.47349168071,37443.86041444382,38436.36138438992,39318.12973732133,hurricane_cat1
Gurabo,East,2030,32446.048133203825,33083.8931989224,34312.38640398513,35514.86423492841,36884.78160644849,37851.14931717456,39173.633054844926,hurricane_cat1
Guánica,West,2025,12310.371981985603,12365.28706030717,12475.70064482638,12582.65425433823,12718.668892701995,12827.125232543596,12866.284941279479,hurricane_cat1
Guánica,West,2026,11854.004461843395,11942.704323835678,12083.810511498412,12258.790045344474,12401.974837824693,12525.734893968975,12606.888779250703,hurricane_cat1
Guánica,West,2027,11461.69997332643,11573.098582018953,11776.455636506189,11937.0169944689,12158.871915260648,12337.66683050091,12475.030733847976,hurricane_cat1
Guánica,West,2028,11059.093488770264,11212.436547442976,11452.94245870728,11694.392735507352,11894.323118945675,12169.891639560246,12234.707194976721,hurricane_cat1
Guánica,West,2029,10797.306939785403,10939.32828008635,11250.730563906487,11459.22116308428,11691.949345153142,11921.490161678728,12075.105513438906,hurricane_cat1
Guánica,West,2030,10594.502235395199,10723.602519913375,10975.11067787011,11231.334167284702,11483.760862140853,11730.76261953231,11894.904138385933,hurricane_cat1
Hatillo,North,2025,37206.985802077426,37296.75569875021,37544.05221521055,37753.27856999585,37981.125038514496,38175.268791641545,38259.038101009464,hurricane_cat1
Hatillo,North,2026,36356.02186892468,36570.24003282754,36868.98703574629,37128.4311969055,37431.05676900983,37671.875472293235,37822.39789617906,hurricane_cat1
Hatillo,North,2027,36126.72874769514,36270.29162902267,36526.208324666135,36788.592588419735,37131.69199584396,37392.180641094776,37528.239461259654,hurricane_cat1
Hatillo,North,2028,35630.458895374715,35760.29647002094,36077.27153053334,36409.78687164722,36703.72954483869,37002.63770313905,37152.87858637522,hurricane_cat1
Hatillo,North,2029,35018.45021668127,35236.704242168795,35594.20993309262,35985.4688081771,36307.25957670566,36664.642188398124,36885.1874155487,hurricane_cat1
Hatillo,North,2030,34451.11268476092,34729.5916320265,35178.27516332557,35574.515934521,35954.10573951457,36372.07083552811,36637.379776316004,hurricane_cat1
Hormigueros,West,2025,15117.38433172677,15152.563110172725,15205.75123677928,15286.807215547535,15358.561396750953,15427.76030641406,15469.882317884381,hurricane_cat1
Hormigueros,West,2026,14775.394511356884,14818.204288620647,14917.37823016233,15013.02195673033,15129.951736193038,15211.494721143634,15273.819189011527,hurricane_cat1
Hormigueros,West,2027,14660.300629446958,14711.011762591297,14795.10943531796,14892.416921318698,14975.069232928441,15066.911998693033,15161.64190600472,hurricane_cat1
Hormigueros,West,2028,14521.298701225434,14608.92819787542,14705.93717288619,14792.392600488514,14916.58088904043,15003.729934151204,15035.283298539473,hurricane_cat1
Hormigueros,West,2029,14295.881909447251,14331.023211684284,14456.41071938476,14603.621039082806,14731.210216768875,14848.072321928308,14916.513776153877,hurricane_cat1
Hormigueros,West,2030,14086.84502894118,14125.313431198036,14259.050166051049,14375.326255187345,14511.814100347267,14650.367071180974,14718.45709504252,hurricane_cat1
Humacao,East,2025,48490.064209684046,48620.07183059642,48904.754653653115,49218.96231087946,49465.50118317253,49660.3679319261,49867.45877034687,hurricane_cat1
Humacao,East,2026,47148.70579397528,47326.50710908141,47629.58203745456,47928.29630038545,48264.25171454553,48533.83574622598,48784.90351718676,hurricane_cat1
Humacao,East,2027,46106.46616314906,46363.20158842188,46686.947961874175,47039.06927203738,47501.49184686737,47767.77655513119,47959.390708686646,hurricane_cat1
Humacao,East,2028,45334.64632685984,45496.36410439589,45885.75093718132,46285.153641692734,46664.17269039919,47066.71613789975,47286.72747773137,hurricane_cat1
Humacao,East,2029,44550.8665007668,44777.09032255519,45074.841428292064,45563.8422843032,46046.6348411195,46458.30316810666,46699.25840857907,hurricane_cat1
Humacao,East,2030,43680.132913952984,44006.5641026962,44414.906147763264,44878.483933486714,45311.242135810746,45757.1999951981,45907.35334539995,hurricane_cat1
Isabela,West,2025,41230.020598778996,41474.71505150764,41847.179939305104,42254.049877816025,42698.047343864884,43143.12544561019,43353.94979697464,hurricane_cat1
Isabela,West,2026,40234.0093420002,40684.48161528542,41105.816154686916,41550.51743703621,42096.62901313071,42657.76734451654,42926.02503207294,hurricane_cat1
Isabela,West,2027,39989.53206309638,40255.516975440914,40734.13374146618,41290.53973903494,41832.17324808359,42326.86885737767,42596.331449042686,hurricane_cat1
Isabela,West,2028,39325.83032034887,39595.65269554824,40154.95380673353,40821.906587271325,41435.58456411873,41941.489723850675,42225.956378606905,hurricane_cat1
Isabela,West,2029,38596.148919830564,38950.26222575579,39499.90717402384,40103.299520263085,40913.91969440052,41497.376832198046,41887.58477530176,hurricane_cat1
Isabela,West,2030,38034.769975348834,38450.01553278175,39059.71688586393,39670.681951978855,40358.628832237104,41216.78903837,41637.439486616204,hurricane_cat1
Jayuya,Central Mountains,2025,14112.56980658328,14179.404295829163,14280.77003956557,14423.223219206215,14564.077789650913,14699.956295011776,14789.313949899237,hurricane_cat1
Jayuya,Central Mountains,2026,13817.800811797599,13893.456207706628,14015.81374856669,14197.82633181685,14371.73834807458,14542.766414840436,14688.168860278707,hurricane_cat1
Jayuya,Central Mountains,2027,13640.833994650933,13728.575159977412,13903.038298883192,14097.243558217428,14240.375660543923,14409.651930473268,14569.273604266778,hurricane_cat1
Jayuya,Central Mountains,2028,13481.56232437004,13540.303924595499,13737.201654285895,13945.672837684517,14130.075418867986,14357.06233645323,14488.035999201995,hurricane_cat1
Jayuya,Central Mountains,2029,13305.43359443937,13386.309924537964,13561.613161758156,13783.881799414414,14061.73558905334,14213.570183823058,14382.786082648017,hurricane_cat1
Jayuya,Central Mountains,2030,13150.27395550367,13253.497223031542,13377.299903143605,13607.389187192559,13840.113047377175,14100.560631769435,14205.411199640346,hurricane_cat1
Juana Díaz,South,2025,44727.62423388763,44884.90731818564,45142.74384583191,45512.9864588457,45901.910190782306,46233.31069046999,46356.28894544857,hurricane_cat1
Juana Díaz,South,2026,43588.28287602418,43774.65640104666,44161.02161171089,44722.48885382587,45200.87994628688,45628.238476823724,45880.267766665354,hurricane_cat1
Juana Díaz,South,2027,42666.80519121264,42956.751326547615,43422.776682414005,43966.538412168615,44623.29343111332,45147.287187990136,45443.88517493803,hurricane_cat1
Juana Díaz,South,2028,41850.74629195791,42186.32712409081,42771.055815318425,43380.94782210034,43969.68389606807,44518.88507179021,45045.06930299901,hurricane_cat1
Juana Díaz,South,2029,41085.361617953415,41434.10334539732,42035.2367512529,42726.597281724855,43381.45206189782,44078.89064470254,44395.174569878436,hurricane_cat1
Juana Díaz,South,2030,40307.83770324297,40672.15004962641,41293.01421078497,42163.07815222103,42797.011366266226,43336.523221932046,43562.16664182773,hurricane_cat1
Juncos,East,2025,35633.51152528708,35750.23057646033,35916.06804071413,36151.366179231045,36395.04418636511,36572.00203632505,36657.24045969214,hurricane_cat1
Juncos,East,2026,34486.913921630556,34663.98375582911,34899.74667312267,35178.98620090568,35503.84590695067,35728.441345609084,35847.62543470044,hurricane_cat1
Juncos,East,2027,33530.86697592187,33776.39518312368,34119.001695080886,34515.396616492064,34821.662069098864,35126.733033714096,35315.51344977358,hurricane_cat1
Juncos,East,2028,32851.67522740185,33009.76900322422,33410.88796549247,33878.232605031444,34253.73590458325,34627.12196727302,34756.21002542663,hurricane_cat1
Juncos,East,2029,32326.593744326685,32494.341951878832,32867.903107825325,33286.017977595795,33669.06534361026,33948.55056435978,34168.56685584391,hurricane_cat1
Juncos,East,2030,31657.091411168167,31859.397479490126,32321.041863451115,32733.51602460426,33130.8029615771,33481.915885849885,33613.47759492047,hurricane_cat1
Lajas,West,2025,22203.378608346582,22367.960906473927,22594.60235133339,22818.905719135877,23019.01197062141,23161.85703765329,23350.35445863706,hurricane_cat1
Lajas,West,2026,21795.14993933205,21917.11288033287,22170.392076230724,22464.98587612286,22697.947978600565,23007.447879637057,23124.459316914177,hurricane_cat1
Lajas,West,2027,21684.591651423943,21803.218720838908,22003.612847868506,22237.03230858213,22573.697568878226,22895.654134039894,23013.6889489733,hurricane_cat1
Lajas,West,2028,21356.428567525756,21492.832143627194,21836.067327850524,22105.53346294211,22453.275812824802,22661.206839910104,22887.79034696617,hurricane_cat1
Lajas,West,2029,21129.63691774395,21272.649885411975,21477.019742283683,21851.620058791013,22307.18672349296,22608.18695672785,22806.847192495046,hurricane_cat1
Lajas,West,2030,20781.260388848194,20943.835414141573,21238.236214201195,21592.435720643047,22035.970382625586,22299.955741531096,22553.618550877913,hurricane_cat1
Lares,Central Mountains,2025,26292.60266984716,26481.22803609562,26926.634506833187,27415.747398422587,27977.551495197833,28523.923628846598,28699.88186086649,hurricane_cat1
Lares,Central Mountains,2026,25218.428721092452,25484.795374940943,26196.448107313903,27045.594791889198,27783.88228871899,28190.209866291636,28639.50815165815,hurricane_cat1
Lares,Central Mountains,2027,24934.715066863442,25155.3796572967,25817.149501834214,26664.96036374892,27366.57187714,28120.307631712967,28640.202263142823,hurricane_cat1
Lares,Central Mountains,2028,24395.094746140403,24855.694854608064,25480.33876716002,26412.47643670498,27191.93424345229,27866.036587031715,28499.470445806615,hurricane_cat1
Lares,Central Mountains,2029,23750.922821089927,24241.692703071578,25192.22883203205,26140.586356669926,27050.326823795487,27914.058714141098,28428.485241598955,hurricane_cat1
Lares,Central Mountains,2030,23428.30220782188,23815.27136439901,24747.671083986526,25976.040938670205,26983.35994096605,27741.517915543285,28079.808688766076,hurricane_cat1
Las Marías,West,2025,8333.874799257335,8386.642057585726,8490.176821279958,8605.347670742329,8732.203848311347,8852.022717829588,8905.237969854494,hurricane_cat1
Las Marías,West,2026,8067.7281602847,8198.130589820363,8322.07510553416,8508.303419692613,8666.377403765047,8790.37551117771,8813.927189922775,hurricane_cat1
Las Marías,West,2027,8007.899411897267,8106.472070676295,8259.27143580636,8441.089239974805,8583.160199499263,8776.59846512085,8884.156125218093,hurricane_cat1
Las Marías,West,2028,7863.680429737706,7998.721883061482,8160.409860202886,8367.47499235942,8555.333966071179,8732.884489454967,8813.665624859497,hurricane_cat1
Las Marías,West,2029,7616.879075077201,7797.540949086237,8002.731985112302,8219.048928463348,8463.76922288216,8641.547013874968,8768.585765062187,hurricane_cat1
Las Marías,West,2030,7546.013287837949,7657.058347627442,7857.007709011515,8110.79185529122,8406.151276544702,8593.273123387398,8649.099992960442,hurricane_cat1
Las Piedras,East,2025,33650.10821702507,33743.1153425884,34009.68656310058,34264.97399197427,34553.41914748155,34793.819278760595,34895.15982266283,hurricane_cat1
Las Piedras,East,2026,32514.42517018155,32653.780656407616,32948.77015917016,33312.99883485568,33725.67726218073,34112.65720370005,34321.58728392503,hurricane_cat1
Las Piedras,East,2027,31717.384295302287,31885.9194284937,32222.420884784297,32626.821223635885,33112.547870006485,33458.27060150599,33594.16506833187,hurricane_cat1
Las Piedras,East,2028,30927.404494956223,31181.52910787228,31663.340694433296,32130.092968156463,32570.58131644891,33014.878804364766,33200.621691011365,hurricane_cat1
Las Piedras,East,2029,30418.607588587816,30702.8779215155,31078.2008511065,31572.54624224312,32049.939849169652,32534.93843395257,32731.33250164444,hurricane_cat1
Las Piedras,East,2030,29947.39016639146,30096.349917639585,30443.13121668431,31046.172901980615,31535.45630476516,32110.07127394585,32383.82171544543,hurricane_cat1
Loíza,East,2025,22097.761576118413,22135.43847926667,22248.729908106412,22387.895217853125,22511.362648708146,22645.61738848279,22690.678208450452,hurricane_cat1
Loíza,East,2026,21446.17954922612,21550.5446148706,21697.07908958305,21893.96949188982,22032.41897285718,22174.021516369005,22256.231898816877,hurricane_cat1
Loíza,East,2027,21002.25798697431,21106.492775971034,21242.540159365584,21440.08821428801,21596.190798271706,21705.156618751218,21851.975208542877,hurricane_cat1
Loíza,East,2028,20485.003931408573,20591.295321703707,20791.15318452296,21021.27251724233,21204.870029182064,21359.5960807019,21420.843685243115,hurricane_cat1
Loíza,East,2029,20062.607273603,20160.288273621376,20415.076256097615,20654.809959659768,20873.420173413673,21042.873048527243,21116.857229622816,hurricane_cat1
Loíza,East,2030,19647.01128661914,19817.86525183307,20045.41862301804,20271.634685087858,20502.292104991546,20723.755062631266,20800.08748459672,hurricane_cat1
Luquillo,East,2025,16952.336080236502,17019.975673879755,17125.346903247435,17206.789186400118,17296.59431803035,17382.113146714342,17428.559677915353,hurricane_cat1
Luquillo,East,2026,16418.994341983234,16530.16637726954,16633.305606247806,16780.278708021604,16899.86774288272,16980.784392732778,17047.272448052285,hurricane_cat1
Luquillo,East,2027,16134.495827853814,16213.997995659973,16327.564969933983,16481.194846612052,16605.95566056003,16705.589502999006,16787.299279849958,hurricane_cat1
Luquillo,East,2028,15812.18303142687,15865.471443598997,16038.204896238469,16168.928166224541,16344.193559817375,16500.489638309915,16583.436937324044,hurricane_cat1
Luquillo,East,2029,15487.486533348465,15597.641696959854,15724.548877762234,15904.606839719487,16096.057221309322,16281.00374917302,16385.702685355307,hurricane_cat1
Luquillo,East,2030,15226.041080145324,15315.281702561757,15484.195058901623,15645.506332129784,15862.5992997765,16015.064092310842,16131.813659300677,hurricane_cat1
Manatí,North,2025,37773.867345785846,37963.90171831635,38159.28781532665,38537.3719951306,38806.23117168403,39180.626234811054,39357.66689249581,hurricane_cat1
Manatí,North,2026,36966.61285916169,37195.17890207053,37512.43792017987,37851.365353055895,38300.498815592524,38680.84079227956,38826.586839249656,hurricane_cat1
Manatí,North,2027,36362.656876378285,36578.65759220988,37012.76304166533,37400.41629043322,38015.86179033429,38394.19851866574,38624.08552223848,hurricane_cat1
Manatí,North,2028,35847.21774670713,36120.07175640167,36491.786634432734,37018.148243166885,37584.534885770736,38142.254702011196,38430.31742171349,hurricane_cat1
Manatí,North,2029,35276.990602676924,35673.39777144345,36088.76167575583,36645.795237321334,37268.900723361236,37812.195864395595,38114.81218343561,hurricane_cat1
Manatí,North,2030,34814.36082732751,35049.66682459037,35700.09442068484,36310.477153585205,36885.421740263795,37561.00590045827,37896.59225646804,hurricane_cat1
Maricao,West,2025,4803.0365533225595,4825.477172979262,4885.911823621721,4939.167185219767,5002.9595994553365,5079.8802278211415,5115.00626382426,hurricane_cat1
Maricao,West,2026,4713.755368685143,4779.593503545587,4851.172797381521,4922.256232065597,5015.937810047629,5069.15755708358,5106.516371613223,hurricane_cat1
Maricao,West,2027,4616.241433519344,4689.095972115845,4768.248807246886,4866.525251476151,4951.285876720649,5038.291126274705,5092.499131382743,hurricane_cat1
Maricao,West,2028,4548.000658691987,4616.057561593505,4731.7143568707315,4826.711913611443,4913.943042631631,5038.027626053435,5081.551699273543,hurricane_cat1
Maricao,West,2029,4487.692627366572,4551.2108207288,4662.958042181445,4791.341498790419,4899.411883590308,4991.150734332256,5063.054179481526,hurricane_cat1
Maricao,West,2030,4413.474827090406,4499.791278552958,4608.8594798997,4721.309107593135,4875.2271539722715,4964.513068152854,5048.715542762745,hurricane_cat1
Maunabo,East,2025,10040.49732420768,10084.310990670796,10148.323332138305,10213.866094610348,10281.096004785548,10339.856580069985,10381.487362379974,hurricane_cat1
Maunabo,East,2026,9709.310648259081,9761.780079259277,9868.29165042621,9962.371072898342,10054.65705190895,10117.54414333618,10147.179834650331,hurricane_cat1
Maunabo,East,2027,9508.120476078042,9559.873629053021,9662.780350063882,9774.470986895203,9866.543268539615,9956.893412352947,10011.709173039357,hurricane_cat1
Maunabo,East,2028,9319.659747758047,9393.338271046327,9480.152404871855,9565.905058396107,9682.354157245634,9788.953933051353,9854.72589596678,hurricane_cat1
Maunabo,East,2029,9159.285701495983,9186.115430467335,9296.318019411945,9388.066274835324,9507.378281310102,9644.95593426648,9719.330843618718,hurricane_cat1
Maunabo,East,2030,8927.384363668807,9007.414860102668,9108.657811398134,9227.340928658545,9367.796634824444,9495.560788132994,9563.227715262536,hurricane_cat1
Mayagüez,West,2025,69368.51682350803,69668.74270318123,70015.3050957851,70524.2456843624,71009.38850071294,71351.10763679378,71631.44647227386,hurricane_cat1
Mayagüez,West,2026,68282.05881133392,68573.64481838357,69167.56469629653,69775.49657060903,70570.27425127076,71032.84228166175,71256.64023236795,hurricane_cat1
Mayagüez,West,2027,67207.98238795313,67555.9893293082,68131.88503618493,68813.01864943211,69468.36608308068,70064.07806955827,70819.75765917737,hurricane_cat1
Mayagüez,West,2028,66372.03606829481,66794.95129216873,67411.8982146957,68136.86237158556,68859.33310285429,69542.95910251728,70309.13130560164,hurricane_cat1
Mayagüez,West,2029,65592.73948709769,65944.84864415032,66425.31985717412,67406.74199930504,68257.23900282187,68920.61543271379,69517.09071048826,hurricane_cat1
Mayagüez,West,2030,64266.337879516934,64767.675325130534,65708.75932016232,66566.06163850272,67456.71175788836,68190.70826060396,68672.33656342924,hurricane_cat1
Moca,West,2025,35907.72955049824,36066.72386081884,36396.5412635275,36862.466045943176,37281.09073219337,37660.345438647615,37822.314093358094,hurricane_cat1
Moca,West,2026,35109.347248948245,35350.5170401106,35746.55179010492,36265.36318885036,36857.48096034142,37281.44618087222,37493.89982015043,hurricane_cat1
Moca,West,2027,34580.8509277004,34852.54156056465,35314.51213191337,35984.63239583069,36548.4115268905,37059.283880910014,37511.5101391767,hurricane_cat1
Moca,West,2028,34012.696441376575,34189.67673745754,34849.99184001451,35413.130413022525,36177.4325314731,36695.72300153749,37095.78439368401,hurricane_cat1
Moca,West,2029,33398.54514240876,33695.571142458815,34357.46124513877,35032.26418473892,35608.55168828661,36168.842370917155,36579.838283727004,hurricane_cat1
Moca,West,2030,32797.27322865888,33230.12969270351,33962.945222864095,34554.861546804896,35232.00477800709,36113.3834507731,36479.85027841822,hurricane_cat1
Morovis,Central Mountains,2025,27619.789128907265,27783.072965192852,27956.98398218949,28166.522384710508,28394.402433977273,28600.81809880466,28722.7013137817,hurricane_cat1
Morovis,Central Mountains,2026,26964.034984306832,27166.458860234943,27414.86469871914,27694.439341044905,27964.11579322748,28199.488897466308,28388.51370516696,hurricane_cat1
Morovis,Central Mountains,2027,26639.05504494324,26815.609920192343,27089.188777757154,27405.75724692084,27665.208531334545,27961.33614891957,28183.179543612245,hurricane_cat1
Morovis,Central Mountains,2028,26334.52319841158,26453.66727241233,26784.58390924813,27114.1202517345,27419.51997792333,27753.041743178594,27976.57815650233,hurricane_cat1
Morovis,Central Mountains,2029,25878.27749025481,26131.024660666975,26439.874881846128,26830.641524831146,27199.59231797778,27599.624270123233,27909.08610455816,hurricane_cat1
Morovis,Central Mountains,2030,25489.030555474354,25743.871639991983,26134.410170238152,26521.347431744107,26915.044097748185,27347.30717377491,27591.94319853058,hurricane_cat1
Naguabo,East,2025,21970.22264768587,22142.23390279839,22358.61439377559,22605.229927398534,22908.1087631074,23240.85583896165,23369.267929458743,hurricane_cat1
Naguabo,East,2026,21157.160770873976,21382.587050714625,21710.773047264815,22055.58494810546,22426.580947916314,22710.48080776015,22924.938870645372,hurricane_cat1
Naguabo,East,2027,20542.568875455796,20677.494630169887,21196.47508218178,21723.34482654045,22136.190255797126,22430.047992195327,22770.49171752744,hurricane_cat1
Naguabo,East,2028,20133.41996885393,20404.502827012915,20793.472318743854,21302.264205673888,21792.092850184526,22173.7716857124,22404.236283978986,hurricane_cat1
Naguabo,East,2029,19577.113765414506,20012.658231535654,20391.144190440456,20911.036817661952,21477.39416127272,21861.465616295256,22133.648471943343,hurricane_cat1
Naguabo,East,2030,19063.255120010286,19602.76816558811,20001.88332574211,20611.266123931255,21033.12529411321,21439.089007108272,21720.662946046115,hurricane_cat1
Naranjito,Central Mountains,2025,28169.88452007962,28260.538611101365,28509.18893818482,28834.2570076173,29037.469785886544,29310.443392647925,29447.39846628305,hurricane_cat1
Naranjito,Central Mountains,2026,27457.552918552905,27667.05788535156,28017.715991963654,28285.123681661484,28598.52532848172,28877.07206417088,29108.775527630856,hurricane_cat1
Naranjito,Central Mountains,2027,26909.21066732048,27148.30703640215,27572.01119938734,28012.538843507653,28395.560482372675,28659.513388720614,28790.49389188043,hurricane_cat1
Naranjito,Central Mountains,2028,26637.464502418876,26838.69942126072,27196.986946897894,27684.520688296194,28080.00020238523,28474.06688007014,28768.148423339666,hurricane_cat1
Naranjito,Central Mountains,2029,26179.357131641405,26379.148667472284,26940.9611004655,27338.57918841403,27763.2590625823,28243.666659158338,28632.34462358107,hurricane_cat1
Naranjito,Central Mountains,2030,25828.519575444334,26125.298363838672,26520.24125959544,27028.454331332858,27506.76464796005,27900.87587527636,28346.27533668232,hurricane_cat1
Orocovis,Central Mountains,2025,20465.693287832815,20597.347505920476,20781.352569357492,20976.945885191133,21170.329778467323,21340.46213489291,21414.96689853846,hurricane_cat1
Orocovis,Central Mountains,2026,20049.327159530603,20154.90727066822,20385.328801379215,20630.783390012326,20833.643886199552,21105.026912098354,21226.821271195826,hurricane_cat1
Orocovis,Central Mountains,2027,19846.157629773083,19954.186301270238,20172.406037065575,20477.081799327512,20712.731519568126,20890.822870753727,20986.441896248147,hurricane_cat1
Orocovis,Central Mountains,2028,19541.92390662011,19682.749187052166,19925.663638570753,20240.308508302413,20462.70244149906,20690.765954531184,20849.530868384052,hurricane_cat1
Orocovis,Central Mountains,2029,19204.914137031847,19324.69702648204,19597.618558007434,19947.8950396996,20219.72858407426,20516.72985267574,20728.000215510467,hurricane_cat1
Orocovis,Central Mountains,2030,18999.440577716272,19116.29341547328,19377.889045581385,19670.458120736992,20017.12010246866,20359.09540916372,20443.803444283625,hurricane_cat1
Patillas,South,2025,15116.29153143761,15163.762567592748,15235.27945399863,15311.143005889944,15378.931367170833,15460.431408776181,15507.10327200572,hurricane_cat1
Patillas,South,2026,14750.480954080062,14845.998612759033,14913.844307110056,15022.289173224744,15116.408794930256,15200.908451678073,15272.01535268801,hurricane_cat1
Patillas,South,2027,14460.767118469901,14529.089036596215,14635.730822420059,14729.626975127914,14871.242527656852,14978.462124339443,15067.006135502364,hurricane_cat1
Patillas,South,2028,14170.863625621863,14230.304436097142,14320.728294988987,14441.729880915373,14601.410793379991,14756.339940068903,14801.445609065328,hurricane_cat1
Patillas,South,2029,13888.4195382119,13930.48003389069,14033.384300103142,14171.334364683848,14343.041525595037,14493.465688394142,14603.698945462755,hurricane_cat1
Patillas,South,2030,13582.63647094712,13607.084682504683,13761.059169058972,13920.596822493108,14066.511867326766,14206.391645388156,14336.573689915627,hurricane_cat1
Peñuelas,South,2025,19102.875081462298,19218.438684285993,19367.85279102699,19584.484714121427,19773.313272256695,20012.40970227454,20116.191346879797,hurricane_cat1
Peñuelas,South,2026,18579.34784540434,18717.77197616752,18975.150654593876,19280.15974939896,19513.768545313622,19825.823742402772,19996.94699215592,hurricane_cat1
Peñuelas,South,2027,18184.351098564104,18361.30001238104,18591.126252419046,18935.390861970845,19252.501495823824,19578.33979322189,19771.917500117397,hurricane_cat1
Peñuelas,South,2028,17848.110105546446,18032.726797895528,18279.93880726296,18676.52161610275,19031.0299684282,19385.489953047887,19590.35063943834,hurricane_cat1
Peñuelas,South,2029,17655.64014878247,17763.461510399786,18030.063804733734,18402.71173530317,18818.160478841863,19300.248250484205,19486.358397520853,hurricane_cat1
Peñuelas,South,2030,17301.358588855048,17434.353019663737,17793.62069579871,18158.88975250796,18664.44210976504,19026.194481992166,19285.03655265741,hurricane_cat1
Ponce,South,2025,128324.74130154244,129048.47769247352,130032.79410990534,131176.9421478096,132349.6139549515,133299.4937998867,133880.9716554903,hurricane_cat1
Ponce,South,2026,125493.57395457357,126148.29041350444,127291.93051179028,128857.74099009811,130205.48873961307,131440.84256398352,132406.7258108208,hurricane_cat1
Ponce,South,2027,122996.63320959659,123388.28516365675,125377.3856524207,126866.23541682083,128387.39699534955,129706.17865224724,131070.28229938216,hurricane_cat1
Ponce,South,2028,120497.62655794044,121541.13884159974,122933.19091438492,124960.70749342063,127141.87948706052,128438.8786169014,129566.80425955237,hurricane_cat1
Ponce,South,2029,118473.39025015531,119456.31375374972,120954.81989547214,122894.99539745343,125211.08740098875,126651.8073251382,127982.08401401737,hurricane_cat1
Ponce,South,2030,116088.30008201969,117273.88598713951,118886.08116688486,120929.5324899006,123289.40512135184,125084.92517428512,126339.40235519917,hurricane_cat1
Quebradillas,North,2025,22737.511086214225,22810.962387792475,22947.089816629865,23092.346991567192,23249.542918592713,23391.03533462803,23549.053751927022,hurricane_cat1
Quebradillas,North,2026,22308.48732505885,22383.8748418589,22573.49494581954,22751.637234151814,22937.95346756538,23108.25487419033,23274.666142669266,hurricane_cat1
Quebradillas,North,2027,22091.46178845791,22223.10003734477,22358.01043733537,22565.8735575989,22749.266146638893,22895.82497617726,22990.782134901387,hurricane_cat1
Quebradillas,North,2028,21789.353888196034,21895.309226227913,22088.428111237063,22270.171564099175,22486.73607074351,22660.665915606667,22785.90847608143,hurricane_cat1
Quebradillas,North,2029,21420.144905022848,21516.883870926245,21725.122193085415,22008.288895365084,22196.983474260578,22390.818417424016,22548.21451108696,hurricane_cat1
Quebradillas,North,2030,21140.462230694207,21264.55914636707,21487.09769004085,21753.650859800357,22012.43677144726,22215.46427506524,22322.79782460262,hurricane_cat1
Rincón,West,2025,14661.709639539245,14740.653156467653,14926.698698594158,15149.791111415216,15349.33527035495,15507.307566949206,15595.660442710667,hurricane_cat1
Rincón,West,2026,14183.194096062804,14458.311231839485,14655.535241230842,14910.623896517081,15203.238569836762,15388.396413373835,15536.807411493868,hurricane_cat1
Rincón,West,2027,13989.711563772402,14175.513756331458,14429.506120872958,14753.357901910273,15004.181943833926,15220.717499371784,15324.576675797041,hurricane_cat1
Rincón,West,2028,13785.318951997719,13922.712369784182,14222.923971304597,14541.368381317967,14872.517117767029,15138.217086278968,15359.186026501293,hurricane_cat1
Rincón,West,2029,13528.443479163978,13778.055106198895,14072.750316010184,14368.977505447436,14714.799480186946,15000.379432859992,15197.569602778838,hurricane_cat1
Rincón,West,2030,13366.464468532293,13571.903224406457,13858.201037752931,14213.24886383001,14539.331139513215,14833.84254606349,15053.283054151096,hurricane_cat1
Río Grande,East,2025,44592.66331352104,44748.783560582786,44943.10817600785,45303.076789010025,45550.290809060025,45815.13340939027,46001.472386118396,hurricane_cat1
Río Grande,East,2026,43310.301592454554,43526.32933186882,43799.6653748541,44138.02461914612,44454.36979955875,44815.68661199845,44947.00187189805,hurricane_cat1
Río Grande,East,2027,42380.1448808936,42539.93798341211,42860.60936327694,43271.12569446875,43707.927525732506,43950.797624534476,44176.10696483637,hurricane_cat1
Río Grande,East,2028,41485.378560627665,41695.647283802326,42063.74667901535,42502.134230334734,43059.75513166844,43301.12388438278,43458.970302651695,hurricane_cat1
Río Grande,East,2029,40659.56995556622,40837.422906653635,41272.97138232077,41777.85564270199,42333.84178499776,42694.45329851103,42864.705288651014,hurricane_cat1
Río Grande,East,2030,39805.378693065824,40111.45047806769,40514.68026701138,41022.51217761892,41538.970675137316,41932.775774471535,42267.94347231847,hurricane_cat1
Sabana Grande,West,2025,21743.595693400785,21838.48107754806,21976.608971686488,22199.845785488684,22376.155516961237,22545.691024851276,22681.39157301025,hurricane_cat1
Sabana Grande,West,2026,21307.484126024014,21448.373981401488,21655.681504969583,21860.348590422058,22121.731789059308,22306.002764291738,22454.23478366661,hurricane_cat1
Sabana Grande,West,2027,21147.43816627521,21270.24405011272,21481.235007284416,21700.96879138588,21956.348081267723,22199.729214097057,22345.297665762097,hurricane_cat1
Sabana Grande,West,2028,20904.082400722327,21068.138221352874,21293.33149394166,21519.364763903795,21800.299563204582,22118.953449154596,22264.163648881524,hurricane_cat1
Sabana Grande,West,2029,20670.131356857095,20796.016128561023,21033.133567443125,21300.343503332115,21600.454164157254,21925.516616633588,22163.59829714509,hurricane_cat1
Sabana Grande,West,2030,20436.57286765137,20546.72691919243,20791.617735529075,21091.825096325265,21448.951579435554,21746.918413177384,21907.35228832037,hurricane_cat1
Salinas,South,2025,24350.317318401452,24424.645032204346,24602.397091065126,24780.2321641926,24977.312875010204,25128.697123509595,25197.825819393598,hurricane_cat1
Salinas,South,2026,23760.055594856454,23887.885428576443,24111.248435648824,24324.121441423755,24607.42118542028,24884.746028174857,24965.03222958333,hurricane_cat1
Salinas,South,2027,23282.89485170408,23437.115831680727,23619.866110962987,23901.718988138928,24245.694443272536,24425.28871004149,24557.51453064625,hurricane_cat1
Salinas,South,2028,22765.392259058455,22882.598084487727,23178.722362655208,23484.666519911123,23861.623344639538,24113.3772504796,24253.647404115833,hurricane_cat1
Salinas,South,2029,22382.65287923189,22513.465472868113,22760.88330851492,23123.049776709257,23502.077878841686,23791.698642752228,23957.99815618118,hurricane_cat1
Salinas,South,2030,21914.110758125968,22094.64044644775,22400.76240899282,22749.48507786393,23189.006661121726,23421.7827343709,23501.18390451703,hurricane_cat1
San Germán,West,2025,30423.124526515112,30554.891992943358,30779.89484168149,31066.694593038213,31305.35295961488,31515.397345175374,31703.975960553587,hurricane_cat1
San Germán,West,2026,29701.12341854439,29915.97996513067,30170.924907219443,30548.951697924887,30921.812325886,31142.408817692256,31295.709881449697,hurricane_cat1
San Germán,West,2027,29328.798029330952,29454.033045706463,29803.414872471305,30233.03896047453,30616.031667422816,30946.109858080494,31117.80961049285,hurricane_cat1
San Germán,West,2028,28858.897240261846,29122.814390877862,29506.084438581496,29934.69280629175,30286.59755195795,30778.008254449822,31069.46293399604,hurricane_cat1
San Germán,West,2029,28478.070430870765,28807.20707399378,29113.360366764355,29657.38543807666,30124.531916842883,30555.396760485557,30821.94244808849,hurricane_cat1
San Germán,West,2030,28110.709755901862,28375.749181052182,28791.370099575564,29368.9737039783,29841.667516997983,30331.76306255074,30698.946262443933,hurricane_cat1
San Juan,Metro,2025,324583.43237145443,325350.14322119375,328603.73951285053,331923.6155816043,335224.8627539123,337711.42493358155,339270.1722752749,hurricane_cat1
San Juan,Metro,2026,313424.57546937966,316424.1781934147,320432.8569710438,325097.58937758184,330109.34934841964,333298.1188881767,335527.9528449912,hurricane_cat1
San Juan,Metro,2027,309283.96771637147,311442.3944471941,316418.6419736445,320962.45319760154,325193.26779387344,330086.90287014167,332538.2669053749,hurricane_cat1
San Juan,Metro,2028,303668.80921029556,308444.7681577744,313309.4659954712,317586.1014417211,322198.836083652,328838.99135155714,331541.449517963,hurricane_cat1
San Juan,Metro,2029,298092.3264500706,303628.78603070683,308828.5253250538,313673.61707646743,319470.5450088391,324015.4779238657,327401.90697378287,hurricane_cat1
San Juan,Metro,2030,293370.72092157614,298029.90475559095,303484.24123629264,309318.3838870869,315994.157139671,321675.94889416726,325358.5725804883,hurricane_cat1
San Lorenzo,East,2025,35845.61675657278,36029.33903014086,36359.22398857453,36629.682409365756,36920.79555496287,37171.8424201056,37317.17907536806,hurricane_cat1
San Lorenzo,East,2026,34739.80290467842,34967.019165645645,35293.51198361696,35735.44039441865,36094.399797397855,36492.459784569335,36750.24686848199,hurricane_cat1
San Lorenzo,East,2027,33898.137139351,34168.65699299941,34549.680257616856,35043.05783942669,35452.31400095538,35862.05934942614,36011.80942425558,hurricane_cat1
San Lorenzo,East,2028,33171.10676412638,33424.11923548763,33901.31881951875,34382.05059515756,34928.17991239328,35391.17380969424,35547.63846508705,hurricane_cat1
San Lorenzo,East,2029,32427.122188003766,32829.22984578442,33283.157631655806,33895.69157848586,34357.138038723315,34750.53530604739,34955.70184781021,hurricane_cat1
San Lorenzo,East,2030,31663.69030693031,32053.431601027416,32777.72656145341,33330.0456381424,33788.89081657326,34159.06024154919,34530.795411518986,hurricane_cat1
San Sebastián,West,2025,37400.94280872267,37694.15048278118,38123.87070385984,38547.18400577282,38966.21349675728,39345.735407746506,39686.87725719391,hurricane_cat1
San Sebastián,West,2026,36493.21080933072,36809.23715999652,37296.51505832935,37966.66897419478,38437.7063217892,38968.922777819025,39377.14475684517,hurricane_cat1
San Sebastián,West,2027,35695.994316135715,36234.712574640515,37045.605049389196,37661.158062146715,38377.67670898374,38913.173180714446,39266.94160696123,hurricane_cat1
San Sebastián,West,2028,35260.727235845974,35838.91376302455,36401.48019785761,37170.10414330354,38101.882740486006,38750.78923054722,39207.32312663262,hurricane_cat1
San Sebastián,West,2029,34599.67049723299,34933.539626711594,35808.29274750539,36691.26101681939,37720.51005735043,38480.546657374325,38853.74805967214,hurricane_cat1
San Sebastián,West,2030,33895.42070929136,34533.89148352025,35321.72812686085,36304.662831370035,37276.347274873886,38171.438986988425,38813.64914976952,hurricane_cat1
Santa Isabel,South,2025,19306.286458768504,19385.52718411066,19496.81710149058,19642.765437059308,19783.181333321416,19916.647894705296,20014.856130743094,hurricane_cat1
Santa Isabel,South,2026,18776.320276620278,18878.63982424744,19066.52180959166,19309.330923202015,19500.871499696234,19656.07211256497,19724.240905431732,hurricane_cat1
Santa Isabel,South,2027,18448.702920997446,18553.947964002295,18724.403207209383,19003.798968936306,19218.46907557461,19428.551278723207,19557.942843444107,hurricane_cat1
Santa Isabel,South,2028,18053.511175538853,18135.06771060009,18412.87744894921,18729.173909679237,18939.306238711528,19111.35886067821,19197.043577396085,hurricane_cat1
Santa Isabel,South,2029,17725.599089889423,17851.580872977374,18125.159757258065,18349.206236474736,18720.047391537308,18924.84571951222,19098.55171592915,hurricane_cat1
Santa Isabel,South,2030,17361.943501096313,17491.472998928304,17801.760208752614,18069.473198954365,18428.20486284981,18651.364552370946,18897.658623501364,hurricane_cat1
Toa Alta,Metro,2025,64164.85764612174,64471.21434768971,64936.812001073835,65659.7420465186,66270.48200299412,66822.9381317878,67192.34213595714,hurricane_cat1
Toa Alta,Metro,2026,62141.184779885196,62556.08125840362,63304.935746091374,64347.68663559915,65059.32039349,66087.94566790952,66737.8184142693,hurricane_cat1
Toa Alta,Metro,2027,61320.19693561813,61743.93781704566,62474.50055419564,63481.187262876934,64360.34416481937,65319.812427937344,65819.15418136233,hurricane_cat1
Toa Alta,Metro,2028,60037.98198428654,60623.54294994068,61799.14698135061,62798.72752486146,63938.23697095172,64748.865584627754,65190.90996109626,hurricane_cat1
Toa Alta,Metro,2029,59024.7178705013,60033.97230784436,60981.86515838823,62028.858004136935,63326.07420605421,63996.9594559195,64575.60821266444,hurricane_cat1
Toa Alta,Metro,2030,58212.25256272763,58781.76710143664,59869.92592916584,61017.43828793522,62277.251682092916,63348.00288295265,63802.645843265986,hurricane_cat1
Toa Baja,Metro,2025,71436.49726482121,71606.22124246051,72014.92781571746,72550.73433409931,72974.98320587273,73354.9517865688,73619.12849846028,hurricane_cat1
Toa Baja,Metro,2026,70234.92031717378,70392.64564348123,70862.92758764484,71511.38566190877,72098.29648388951,72693.7691295826,73114.55679430354,hurricane_cat1
Toa Baja,Metro,2027,68967.80677947342,69141.43058040242,69741.01454553698,70317.15089563759,70838.38472344883,71533.23149900844,71919.64212866001,hurricane_cat1
Toa Baja,Metro,2028,67787.23122252934,68297.49292019423,68890.3238712054,69423.5098045283,70228.85678111593,70852.1823743377,71236.30609668768,hurricane_cat1
Toa Baja,Metro,2029,67087.9383152917,67389.22861221235,67987.87746910105,68764.89932058429,69518.17090541162,70095.70396982356,70564.03938893655,hurricane_cat1
Toa Baja,Metro,2030,66221.92014725658,66485.66815560199,66970.36261562986,67922.45848546826,68731.34379175308,69243.03624366818,69851.06642953382,hurricane_cat1
Trujillo Alto,Metro,2025,64387.17297733564,64700.75937340474,65356.09416370272,65882.71746507252,66551.99325215742,67327.27180026143,67797.49498397013,hurricane_cat1
Trujillo Alto,Metro,2026,62722.97528185855,63092.39753726867,63707.28342995197,64491.08144648435,65273.598431388644,65973.52901875683,66441.03605743003,hurricane_cat1
Trujillo Alto,Metro,2027,61630.092424303526,61990.286809680736,62936.62585925791,63827.70196754784,64547.69378637171,65585.13687795887,66186.75338271959,hurricane_cat1
Trujillo Alto,Metro,2028,60525.54268865986,61132.92473730148,61998.61292814236,63052.56705706668,64130.07822810214,65195.344221615596,65612.8189446883,hurricane_cat1
Trujillo Alto,Metro,2029,59621.70325535583,60239.47435706182,61387.89384342471,62407.578811962994,63368.581109139865,64342.66891057156,65286.915506614256,hurricane_cat1
Trujillo Alto,Metro,2030,59278.29454041649,59503.45713528039,60481.638795765335,61525.10396179208,62801.01200847031,63662.31367395608,64075.19524563148,hurricane_cat1
Utuado,Central Mountains,2025,26928.902370662276,27064.73366865728,27254.254917773727,27460.749650733647,27645.77825137052,27789.649377697577,27875.24385402911,hurricane_cat1
Utuado,Central Mountains,2026,26489.8034500509,26653.187489379983,26836.923020403126,27057.847155426305,27327.94770056091,27570.95682524771,27694.846253209525,hurricane_cat1
Utuado,Central Mountains,2027,26181.644599435374,26248.870336893546,26527.450220297404,26756.872351759754,27058.289811701008,27239.30547790331,27393.878699316294,hurricane_cat1
Utuado,Central Mountains,2028,25927.764229205244,25989.07783399865,26278.378303235353,26532.58150232826,26841.675523215097,27103.86818349957,27233.81646303016,hurricane_cat1
Utuado,Central Mountains,2029,25506.65559726798,25661.853900859576,25884.269029857776,26250.049955112507,26546.562060470238,26838.15570475344,26967.641917545963,hurricane_cat1
Utuado,Central Mountains,2030,24992.06864167787,25210.713756966885,25507.245290261635,25878.28089154507,26271.21323559409,26571.37489082034,26737.597909868247,hurricane_cat1
Vega Alta,North,2025,34161.76608096189,34251.783744619424,34444.17660692334,34644.121583351436,34883.51542802612,35117.23914394924,35234.19953476756,hurricane_cat1
Vega Alta,North,2026,33454.415250657294,33604.08491383388,33782.82932479293,34066.65413498253,34336.17878594419,34526.094158322856,34694.20744296621,hurricane_cat1
Vega Alta,North,2027,32867.903360079654,33097.71653980989,33348.61461592189,33673.93129719766,33875.56703121812,34061.428041023915,34175.93704408208,hurricane_cat1
Vega Alta,North,2028,32512.58799280619,32667.196914857646,32976.5633895215,33282.98677973701,33546.42203617951,33834.64458577955,34021.16432702219,hurricane_cat1
Vega Alta,North,2029,32099.00275854951,32295.432722922254,32522.791052024248,32899.83747538978,33243.96767429788,33569.87248445386,33849.51497808636,hurricane_cat1
Vega Alta,North,2030,31649.615939022355,31764.046824099885,32136.511824662994,32551.9638189084,32887.784683032965,33170.17455916517,33411.70749743354,hurricane_cat1
Vega Baja,North,2025,51465.4760327455,51851.308415041596,52415.27189819982,53056.28551822738,53570.22248988827,54211.38496902227,54617.01584281626,hurricane_cat1
Vega Baja,North,2026,50087.889318668495,50598.5532706874,51443.68068744576,52186.4514539917,52974.20162904962,53766.054294947804,54405.14089601467,hurricane_cat1
Vega Baja,North,2027,49677.44905589911,50023.99428952059,50705.28597681641,51549.92376422114,52302.386295949764,53205.91055488859,53638.03546046421,hurricane_cat1
Vega Baja,North,2028,48552.51422129817,48950.671304929594,49976.37653471121,50931.74699488915,51831.755682199284,52704.80938327538,53384.48118359438,hurricane_cat1
Vega Baja,North,2029,47694.1774157156,48203.26509738972,49203.41589250926,50362.158065901895,51438.54801409059,52229.17535484028,52954.2297371846,hurricane_cat1
Vega Baja,North,2030,46546.39919262884,47474.83757170384,48813.83474047246,49837.48196932733,51018.98353138578,51904.16151139314,52662.66261772845,hurricane_cat1
Vieques,East,2025,7843.56885051821,7858.817322688799,7899.535792806648,7933.959750763905,7967.599344280629,8021.064861041312,8041.968984585777,hurricane_cat1
Vieques,East,2026,7592.967622847635,7623.177813102523,7677.978663243527,7730.587960974521,7783.607254405923,7833.5907321971135,7851.3702295903295,hurricane_cat1
Vieques,East,2027,7414.847207290478,7465.238512880401,7511.898644227586,7582.094696749543,7650.678117651387,7715.396002587891,7741.828892199234,hurricane_cat1
Vieques,East,2028,7294.482706087552,7326.401391960961,7381.567955895322,7457.4670966553185,7520.357761935304,7597.727220493014,7641.480253981621,hurricane_cat1
Vieques,East,2029,7171.799591432471,7201.956869990156,7253.049382763983,7322.1448652197505,7401.400750697336,7463.0094726721545,7513.415000561983,hurricane_cat1
Vieques,East,2030,7019.321607071386,7052.6074805914195,7128.312894616905,7201.611252156126,7282.550774522968,7358.100458478984,7413.4046375881935,hurricane_cat1
Villalba,South,2025,20898.20576805578,21018.852276758975,21115.048330832247,21271.54158662995,21433.982468377853,21547.842060555657,21617.637365977356,hurricane_cat1
Villalba,South,2026,20396.673433866643,20510.75645757322,20695.249770398434,20871.479744118893,21131.73759949835,21307.822542032132,21390.19860845687,hurricane_cat1
Villalba,South,2027,20073.185354649544,20134.45829992727,20285.812393191125,20565.306785891295,20804.805158323757,21037.73715141502,21117.821527604276,hurricane_cat1
Villalba,South,2028,19548.168738279357,19754.048366400842,20003.983629216036,20244.947773599524,20530.920226577648,20797.060209540938,21004.386435103926,hurricane_cat1
Villalba,South,2029,19334.461981360135,19421.215119951783,19668.65855462494,19933.89092082133,20232.34032975599,20561.638201658225,20686.102280721356,hurricane_cat1
Villalba,South,2030,18979.303809077555,19126.88649499961,19346.204598339962,19640.31299308593,19910.705646126244,20310.63742221229,20365.122428603412,hurricane_cat1
Yabucoa,East,2025,28390.55605966272,28469.945128404557,28647.765755113924,28852.629895057475,29063.046490677756,29243.95699937424,29363.232367856333,hurricane_cat1
Yabucoa,East,2026,27551.55291915881,27711.79204733447,27968.75897201753,28289.664671771818,28533.413515846623,28818.286030365736,28881.66559663185,hurricane_cat1
Yabucoa,East,2027,26889.317393256184,27092.8557826031,27312.06699802533,27666.50910208764,28013.292850399106,28294.4218311606,28462.40000021842,hurricane_cat1
Yabucoa,East,2028,26342.641072161627,26507.333265523193,26821.678546145475,27180.379128315715,27510.679379706184,27869.73977533318,28111.03142048569,hurricane_cat1
Yabucoa,East,2029,25723.54082342411,26015.004061807547,26230.16743523775,26608.39012291949,27065.322554543385,27483.916857707318,27742.04993859875,hurricane_cat1
Yabucoa,East,2030,25198.84876260302,25396.356853292113,25751.312536139638,26206.22356069383,26568.34042440317,27002.38184896642,27306.87677975524,hurricane_cat1
Yauco,South,2025,32165.137019265014,32274.25046068148,32447.038856903164,32675.330091405558,32823.32676504263,33046.951446263156,33248.48890134042,hurricane_cat1
Yauco,South,2026,31447.901165621766,31606.80901400277,31823.301115195653,32109.052966360076,32379.00888040487,32656.54526933105,32771.80453769897,hurricane_cat1
Yauco,South,2027,30758.757249101716,31017.028431054874,31267.801636217253,31614.035235815278,31935.152445318257,32282.834576055742,32512.27090333183,hurricane_cat1
Yauco,South,2028,30389.782871547348,30542.41684551441,30744.425012852953,31141.25771528037,31528.74252210639,31797.23978675177,32110.511039249424,hurricane_cat1
Yauco,South,2029,29813.810913197998,30103.396095048574,30402.027942597582,30747.51492553284,31059.455392480817,31512.925323494623,31753.710027924328,hurricane_cat1
Yauco,South,2030,29376.445193513402,29563.590768905095,29913.7850444445,30255.4364839728,30740.844508255235,31207.633504758513,31417.780139679213,hurricane_cat1
Adjuntas,Central Mountains,2025,17363.523419956786,17436.449446026836,17539.80329575306,17660.255460107128,17784.90108487124,17917.704988478097,17981.308697631284,hurricane_cat2
Adjuntas,Central Mountains,2026,17017.861455685776,17090.181364836222,17215.842128082797,17326.894131777455,17478.799864393048,17581.572688283402,17680.378819077083,hurricane_cat2
Adjuntas,Central Mountains,2027,16838.756223222495,16910.745747376655,17074.29043914842,17246.901143917617,17399.81787726492,17517.765136889626,17594.34137865188,hurricane_cat2
Adjuntas,Central Mountains,2028,16599.178098449815,16712.44838169034,16898.911179173818,17091.80018344939,17300.944150575247,17434.69463732295,17548.494483849783,hurricane_cat2
Adjuntas,Central Mountains,2029,16398.688346945335,16488.878112003076,16654.486734933336,16899.048679209664,17090.492035632476,17287.747318178204,17420.314313825205,hurricane_cat2
Adjuntas,Central Mountains,2030,16144.224908859791,16299.72536575803,16484.014021349944,16679.461566064765,16918.841422206322,17084.321818943114,17164.42453640407,hurricane_cat2
Aguada,West,2025,36591.49254800582,36722.48242756787,37005.236365965,37220.0990596391,37463.49487643577,37736.535134919046,37849.25367602422,hurricane_cat2
Aguada,West,2026,35705.75204119055,35922.8307373355,36179.16021826687,36495.0195591464,36838.054654788175,37122.083979136805,37405.66352649711,hurricane_cat2
Aguada,West,2027,35274.46306618271,35519.86861302181,35815.61916557405,36203.352864354514,36498.8253948284,36901.500811331134,37029.01751091848,hurricane_cat2
Aguada,West,2028,34738.063161901475,34963.51185967125,35323.27159670369,35692.865469171404,36062.58097823737,36395.47620699118,36769.827122493254,hurricane_cat2
Aguada,West,2029,34365.805948559835,34518.93608483869,34877.35958124704,35318.22159371457,35716.45548876482,36050.81202297979,36323.637703597895,hurricane_cat2
Aguada,West,2030,33724.61042104385,33963.580423529274,34409.71702481287,34824.582797658426,35297.052840082855,35701.160081913265,35971.69577962268,hurricane_cat2
Aguadilla,West,2025,51652.215457876315,52189.111851334215,52889.25459675427,53577.705447518965,54190.27270218245,54720.87281080617,55476.547170264515,hurricane_cat2
Aguadilla,West,2026,50435.68759498522,50978.437755536484,51654.625961854355,52439.08550292615,53298.30855784071,54005.79692010582,54452.367391300766,hurricane_cat2
Aguadilla,West,2027,49745.914452296245,50095.51043138741,50941.164595508,51888.045031639296,52622.27376744937,53527.22805325511,53950.48251070485,hurricane_cat2
Aguadilla,West,2028,48880.830532038766,49297.586980260465,50137.10563215155,51188.26074662918,52334.22738295773,53314.59329459096,53845.46644612285,hurricane_cat2
Aguadilla,West,2029,48044.40025050632,48768.16730437211,49608.66149346147,50674.448145177885,51961.12683852457,52479.54436395821,53555.50840351216,hurricane_cat2
Aguadilla,West,2030,47122.522535500415,47745.513917979304,49091.19069002348,50190.16787401837,51063.24995341156,52423.07948165184,53024.52896979449,hurricane_cat2
Aguas Buenas,Central Mountains,2025,23123.4739966171,23187.000585461472,23330.45388226906,23447.754291123012,23588.124231720547,23704.66729255027,23753.772279158286,hurricane_cat2
Aguas Buenas,Central Mountains,2026,22599.613787985658,22661.215540200777,22825.145683134688,23027.82772752676,23184.537433350015,23369.970643554214,23453.13834787839,hurricane_cat2
Aguas Buenas,Central Mountains,2027,22305.955498656775,22377.87799524397,22487.397962997275,22698.14955387846,22871.611679812388,23009.39408271073,23118.875870144926,hurricane_cat2
Aguas Buenas,Central Mountains,2028,21951.12663573595,22090.62330319101,22264.272472988585,22457.48028919222,22634.702037220173,22750.205163164323,22940.957545397065,hurricane_cat2
Aguas Buenas,Central Mountains,2029,21760.183667846108,21844.124398446977,22003.322960438898,22235.10910350745,22459.68924332319,22634.848801466964,22720.702481488646,hurricane_cat2
Aguas Buenas,Central Mountains,2030,21316.708989333518,21452.512472818875,21742.573550502704,21966.70265694282,22180.24413904472,22343.201478532315,22520.025676687612,hurricane_cat2
Aibonito,Central Mountains,2025,23475.070345760883,23718.54315907238,23961.429223077786,24273.7298141175,24605.47040296777,24790.962896795074,25095.13294090905,hurricane_cat2
Aibonito,Central Mountains,2026,22779.71389973916,22919.36645121673,23206.55127032636,23716.618960737724,24126.1251664107,24505.34463617687,24611.257182210975,hurricane_cat2
Aibonito,Central Mountains,2027,22317.835954915015,22623.704054119196,22955.051939113466,23420.246349477966,23831.353701629152,24241.5021511178,24521.35395837904,hurricane_cat2
Aibonito,Central Mountains,2028,21951.050538469848,22146.35842384221,22631.195808851448,23173.276406821446,23696.355641591603,24086.51299387359,24430.95615947282,hurricane_cat2
Aibonito,Central Mountains,2029,21559.189011780036,21730.524434741284,22279.143644682557,22852.49485174532,23416.952557151464,24049.7166402954,24524.25897071294,hurricane_cat2
Aibonito,Central Mountains,2030,21120.463020186453,21389.68092067878,22004.362171216988,22685.666700754853,23361.457716510176,23861.955146047396,24365.909521692192,hurricane_cat2
Arecibo,North,2025,83392.63644592416,83760.62195955946,84540.23087466639,85447.22550574515,86304.87561411443,87182.64971375231,87522.0659226542,hurricane_cat2
Arecibo,North,2026,80576.34977498323,81697.28736750066,82653.78609367335,83744.55937766007,84809.43125378687,85564.54094067469,86454.861794838,hurricane_cat2
Arecibo,North,2027,80036.37292072194,80673.75704238914,81697.24681538658,82980.92881132942,84027.934340721,85140.47967139218,85557.53773784178,hurricane_cat2
Arecibo,North,2028,78590.24964555769,79693.99262505096,80818.85580289207,82124.95032498687,83472.12411353129,84664.29273070076,85527.38937667864,hurricane_cat2
Arecibo,North,2029,77767.86293101007,78466.97039016914,79737.45512145273,81114.61124978919,82694.79638673092,83931.53707691729,85023.82542663658,hurricane_cat2
Arecibo,North,2030,76508.930801786,77594.93831386036,78773.2791967711,80275.87738898434,81880.27890592351,83275.0955700119,84118.47691539576,hurricane_cat2
Arroyo,South,2025,14744.273330199549,14862.245548465025,14979.60944715561,15116.061063379519,15237.227967508048,15368.597428291621,15486.58443299984,hurricane_cat2
Arroyo,South,2026,14140.013829165422,14356.627590431248,14532.1020611643,14743.1476019476,14878.767890375482,15089.642339144075,15216.954494419902,hurricane_cat2
Arroyo,South,2027,13762.505624314406,13977.073260010526,14191.43519438059,14408.84514199488,14621.065261390682,14854.28789979991,14972.407236409794,hurricane_cat2
Arroyo,South,2028,13450.95063680619,13650.822437392337,13883.619387910818,14155.153049423288,14394.884507595529,14604.684987199182,14742.391595126204,hurricane_cat2
Arroyo,South,2029,13276.5099200173,13376.111225042032,13573.957934426198,13893.146037066246,14190.651963131753,14451.697800017118,14660.74709829581,hurricane_cat2
Arroyo,South,2030,12955.040042529832,13096.703888228585,13349.35105748047,13634.636750119986,13958.649500141433,14250.88168982014,14368.172037943164,hurricane_cat2
Añasco,West,2025,24615.285566424292,24675.632728600987,24793.63617866204,24950.566796106796,25074.27818239054,25204.260749674184,25255.93341400561,hurricane_cat2
Añasco,West,2026,24034.255119885573,24145.660539335393,24264.412395000498,24448.749482459767,24639.095469056607,24781.23506839845,24831.590834122886,hurricane_cat2
Añasco,West,2027,23726.89976876942,23811.744309350244,23941.10754159586,24115.360103074163,24279.198744378977,24471.353240066066,24601.13201468269,hurricane_cat2
Añasco,West,2028,23469.64251386055,23530.94252182898,23687.470549137404,23885.419410664465,24101.125408662345,24368.471740033103,24448.25627692757,hurricane_cat2
Añasco,West,2029,23069.393910458457,23212.361294601033,23388.61199856039,23658.914467264814,23840.305630377967,24064.25411999521,24136.30308609555,hurricane_cat2
Añasco,West,2030,22765.627701151974,22855.72397496078,23072.05809294287,23295.576262479837,23572.302326997342,23777.387382423585,23975.20227673809,hurricane_cat2
Barceloneta,North,2025,21812.635927466377,21946.756086880072,22106.128728521566,22262.20092047443,22434.060650098538,22634.61640834374,22717.731042637995,hurricane_cat2
Barceloneta,North,2026,21249.877384582367,21390.895968275818,21549.156583794647,21802.78633471169,22012.5821900432,22219.837113086905,22367.919184568367,hurricane_cat2
Barceloneta,North,2027,20961.407732873096,21095.29402598721,21311.50362349225,21500.13898217742,21818.652151138853,22037.875624485874,22188.312328552245,hurricane_cat2
Barceloneta,North,2028,20656.195476825058,20830.967631354477,21065.05112780879,21373.950392917268,21606.725348241307,21785.5408145364,21976.992010781676,hurricane_cat2
Barceloneta,North,2029,20459.46518036565,20574.637422079828,20820.344264666368,21071.73395530285,21373.027923561523,21655.826787571685,21844.795531350464,hurricane_cat2
Barceloneta,North,2030,20162.25209394557,20295.512933306123,20564.799443813306,20825.231796820837,21130.859395174328,21389.366284756114,21616.184151382597,hurricane_cat2
Barranquitas,Central Mountains,2025,28079.508390795785,28168.28412480776,28398.707751144735,28580.56796083674,28792.446778779347,29017.201484802936,29072.021866343814,hurricane_cat2
Barranquitas,Central Mountains,2026,27270.789138082135,27467.46404595682,27742.1863053465,28063.03874132505,28291.616049158816,28548.784717410712,28670.539556324675,hurricane_cat2
Barranquitas,Central Mountains,2027,26880.062764123697,27069.516863515313,27465.536038483027,27792.57348722667,28069.65326596356,28271.582638092394,28344.63058278365,hurricane_cat2
Barranquitas,Central Mountains,2028,26628.429397170807,26790.21832209913,27105.00787869295,27469.599469123845,27794.928172262,28099.00847163388,28236.40505457641,hurricane_cat2
Barranquitas,Central Mountains,2029,26275.02662625121,26462.773909342028,26775.987582944857,27163.632060238157,27481.813112299817,27776.816732573407,28078.570862977485,hurricane_cat2
Barranquitas,Central Mountains,2030,25728.770393820203,26080.072392775328,26475.59464130214,26928.657548986197,27300.271547404744,27662.719725222272,27979.18297650494,hurricane_cat2
Bayamón,Metro,2025,175029.3780650814,175948.28528183748,178191.84320123488,180161.9423850139,182163.21151465696,183897.55562887402,184528.15280505057,hurricane_cat2
Bayamón,Metro,2026,169486.8040106252,170443.82115294648,172955.3597144838,175935.23157732928,178094.91785026406,181937.24959961898,182749.2550558892,hurricane_cat2
Bayamón,Metro,2027,166343.32061411787,167300.98099084914,170240.23130106405,173101.80824127764,176549.18232223007,179034.20140112168,180221.48000266784,hurricane_cat2
Bayamón,Metro,2028,163317.84589072264,164754.48490174132,167482.72145881772,170471.80436384754,174365.34353721148,178117.4495929277,179990.61726692406,hurricane_cat2
Bayamón,Metro,2029,160995.62372919766,162115.33789016932,165575.7289804138,168950.00474922205,173171.7287785769,176611.81118269684,178308.41468883463,hurricane_cat2
Bayamón,Metro,2030,158860.9817060488,159742.52475269104,162509.37592417834,167342.0787150028,172032.55257845545,175547.43251726718,176437.00941876695,hurricane_cat2
Cabo Rojo,West,2025,45673.61753950681,45852.252845972565,46060.8517088723,46284.39801844472,46550.67406511024,46816.78958696622,46998.068711953805,hurricane_cat2
Cabo Rojo,West,2026,44699.7231699278,44848.51316821674,45041.35595203057,45345.853700864274,45651.77499664461,46025.88942243803,46153.39935873655,hurricane_cat2
Cabo Rojo,West,2027,44231.99908236343,44427.62829801452,44634.84179925808,44949.44064034861,45246.34146457857,45574.63754769652,45717.78847259189,hurricane_cat2
Cabo Rojo,West,2028,43950.391524347775,44075.195218421126,44321.48218054913,44592.8369972158,44954.36254362544,45421.815306247794,45540.807650766306,hurricane_cat2
Cabo Rojo,West,2029,43224.39526036145,43313.1084783404,43713.66574553963,44060.74947146485,44410.67242671452,44801.6953309725,45010.44397864022,hurricane_cat2
Cabo Rojo,West,2030,42311.61314765699,42669.22571523055,42989.25424722531,43399.699322844215,43861.98286792105,44090.89830980535,44453.811936160564,hurricane_cat2
Caguas,East,2025,120984.97837766906,121393.9204572254,122316.78821097486,123125.33538539006,123905.09817943072,124626.60636528626,125091.53191740683,hurricane_cat2
Caguas,East,2026,117083.95324295884,117743.6242809932,118532.79830683637,119704.073405609,120618.56721603796,121581.65354696583,122016.45128629103,hurricane_cat2
Caguas,East,2027,114746.52573499121,115228.03164850468,116182.17383272958,117318.24180497308,118463.10480451991,119402.90682822763,120064.45258306398,hurricane_cat2
Caguas,East,2028,112443.27759190579,113010.9801730607,114284.7233093923,115454.81077361736,116524.82723032279,117705.67320193636,118513.9930938367,hurricane_cat2
Caguas,East,2029,110592.51823219795,111212.17057481428,112181.67701555144,113252.80852325226,114696.91986698151,116156.29965186182,117213.60450600374,hurricane_cat2
Caguas,East,2030,108240.73258722886,109052.02048522203,110277.71257747446,111894.36019648222,113071.84667652864,114048.52531806877,114705.61872144681,hurricane_cat2
Camuy,North,2025,31219.98275018689,31534.564870987026,31845.324456845905,32264.35372921107,32672.970518249473,32883.68425444413,33081.15983091521,hurricane_cat2
Camuy,North,2026,30492.381617441915,30733.068334923144,31181.06033271978,31663.819086880514,32058.121447154783,32429.04337797569,32618.184450055265,hurricane_cat2
Camuy,North,2027,30142.67683760501,30460.046957683015,30984.84798991496,31373.831747482625,31734.31615365982,32136.01678092419,32398.950017583033,hurricane_cat2
Camuy,North,2028,29730.599100346957,29936.178463608034,30485.631879556546,30950.758370750656,31567.87003392975,32054.95285328437,32291.865393757922,hurricane_cat2
Camuy,North,2029,29342.27256891795,29698.639238419415,30039.468332339704,30736.551988963693,31211.764860420633,31710.343855203504,31969.8642052133,hurricane_cat2
Camuy,North,2030,28970.907507043594,29241.59732448948,29754.176194121523,30355.04491505578,30926.971235167563,31438.486603814054,31810.29327058753,hurricane_cat2
Canóvanas,East,2025,40174.90110670843,40325.621665894825,40662.066231028744,40987.15891178219,41357.7711291344,41627.00380080958,41808.33428720614,hurricane_cat2
Canóvanas,East,2026,38786.8757346169,38882.04458373693,39236.50927636956,39845.615785047085,40236.75842414511,40557.649240005754,40928.64986295787,hurricane_cat2
Canóvanas,East,2027,37728.46285436485,38026.946776743,38505.44189886869,38922.32291522757,39347.65932429926,39851.2730406545,40116.18734993319,hurricane_cat2
Canóvanas,East,2028,36945.41278949612,37238.18267533492,37670.22943358476,38268.770994627404,38877.49080019652,39372.13275426171,39697.73549080564,hurricane_cat2
Canóvanas,East,2029,36068.66486166592,36308.03985282626,37000.685163018774,37610.87113930316,38236.44659980884,38690.54890262125,39003.27618399632,hurricane_cat2
Canóvanas,East,2030,35231.34083853932,35650.24636764872,36304.33308471611,36937.40871027513,37509.03312614844,38159.96071290253,38434.564725221004,hurricane_cat2
Carolina,Metro,2025,146748.91249770072,147778.5115608116,148996.2665421443,150333.93928504776,151316.6069063657,152731.0479054087,153420.6774358893,hurricane_cat2
Carolina,Metro,2026,142086.45463775608,143076.60871234472,144733.89628358418,146444.10401879967,147989.76663331836,149735.14770477256,150772.93113408863,hurricane_cat2
Carolina,Metro,2027,139631.24773069262,140672.49196554205,142641.63680445874,144375.65781693358,146396.61744589487,148006.97556421917,148803.68473940945,hurricane_cat2
Carolina,Metro,2028,138039.50576062856,139309.898736466,140956.64434677397,143263.5251124361,145078.60237334267,147053.97961008406,148261.06535600082,hurricane_cat2
Carolina,Metro,2029,136161.80164647763,137140.00802681432,138702.75205471893,140882.27357679437,143513.4761515695,145922.96718251109,146772.23156638164,hurricane_cat2
Carolina,Metro,2030,134135.85816227677,135316.6962759449,136781.57966624468,138834.91236082045,141709.7946154677,143746.8710741904,145545.73050602502,hurricane_cat2
Cataño,Metro,2025,21998.911237557335,22043.791495724927,22151.6355373972,22243.68241931472,22340.49699507749,22499.317693756613,22560.290971736387,hurricane_cat2
Cataño,Metro,2026,21496.084920635953,21571.11939324782,21692.610237541172,21807.454873095157,21949.616463771265,22130.725487775984,22271.16083262378,hurricane_cat2
Cataño,Metro,2027,21075.515709737843,21160.946261895504,21324.61636965585,21504.78280203929,21674.13679730659,21802.90873774133,21878.140515758223,hurricane_cat2
Cataño,Metro,2028,20802.2648778684,20905.64680735541,21065.884434134132,21267.43097122599,21406.682378468347,21597.825114619118,21716.853367487485,hurricane_cat2
Cataño,Metro,2029,20499.641570070016,20609.528358588213,20828.05283209802,21023.283628564466,21202.136512410238,21405.549766091077,21470.8713237588,hurricane_cat2
Cataño,Metro,2030,20219.87311776215,20284.962016468213,20492.97192992611,20705.303052239717,20931.659111466208,21080.937737784232,21215.50787992053,hurricane_cat2
Cayey,Central Mountains,2025,40123.510412300035,40225.04048408454,40391.6891467282,40602.26268165936,40789.963167769674,40950.0991326669,41048.391610684455,hurricane_cat2
Cayey,Central Mountains,2026,38890.176925489315,39084.64042111723,39309.49697081837,39684.94177856612,39930.690255875284,40228.572956352655,40391.29149708141,hurricane_cat2
Cayey,Central Mountains,2027,38313.61388019509,38467.12659426209,38761.362576857355,39067.247525030994,39438.11148520718,39654.392681081794,39768.58699219396,hurricane_cat2
Cayey,Central Mountains,2028,37952.24928335858,38071.69522229865,38486.382921659126,38749.74219111271,39066.39031043889,39413.60508129038,39599.8079854562,hurricane_cat2
Cayey,Central Mountains,2029,37512.31823392225,37629.59030251291,38002.28645334368,38355.58944300405,38776.47790624089,39136.16125451128,39282.42265246136,hurricane_cat2
Cayey,Central Mountains,2030,36936.11794324685,37186.20476935054,37468.71732788754,37894.132642530254,38254.07395502795,38581.95787307276,38891.1680401013,hurricane_cat2
Ceiba,East,2025,10611.294753033979,10663.28402530943,10722.685248414493,10816.456140092669,10934.289946323755,10994.155091644974,11047.664939396627,hurricane_cat2
Ceiba,East,2026,10299.55683789008,10354.76975825842,10436.874321534824,10545.401598629023,10655.702840193382,10751.90044388324,10835.67578147483,hurricane_cat2
Ceiba,East,2027,9989.745220764893,10056.404366604535,10189.972670999105,10338.87015281628,10462.951726804074,10574.362174740705,10636.386074945238,hurricane_cat2
Ceiba,East,2028,9775.411913432274,9875.623344104226,10003.058869087203,10142.24056307178,10273.348622148582,10384.969308089227,10451.351096325301,hurricane_cat2
Ceiba,East,2029,9568.93687948462,9658.210281943479,9818.540233134356,9963.422785394512,10098.624351678147,10236.716487960359,10293.41506216911,hurricane_cat2
Ceiba,East,2030,9435.46378694299,9508.63313940241,9631.278685905309,9808.450545441705,9941.787408947992,10104.56961282922,10178.575307119881,hurricane_cat2
Ciales,Central Mountains,2025,16133.005402349192,16242.74572120339,16382.143144976217,16559.75485812094,16746.58920959235,16930.955547310372,17005.148284110994,hurricane_cat2
Ciales,Central Mountains,2026,15696.485353324708,15764.322585346215,15992.58250232876,16218.437324548975,16456.04318032959,16689.438665678852,16856.767975544408,hurricane_cat2
Ciales,Central Mountains,2027,15540.845697176033,15679.21462765264,15861.39720192068,16107.446420689936,16278.513128026785,16490.01528558855,16652.88926939052,hurricane_cat2
Ciales,Central Mountains,2028,15290.660950507185,15467.498513640789,15687.738423584035,15932.657587337715,16185.306546847882,16390.261261627795,16581.3192909544,hurricane_cat2
Ciales,Central Mountains,2029,15078.948061315747,15178.241105287656,15439.374749626015,15691.399315128509,16041.795449700068,16254.974755106141,16502.018808963632,hurricane_cat2
Ciales,Central Mountains,2030,14932.804929315815,15008.576362619158,15249.232191787196,15570.045496963277,15885.687731882132,16146.282950429704,16421.69035909789,hurricane_cat2
Cidra,Central Mountains,2025,38514.16012392247,38587.05326450741,38782.156099838,39079.60760328364,39416.57202998348,39635.47457147797,39782.17892321644,hurricane_cat2
Cidra,Central Mountains,2026,37518.6290037649,37644.05222161869,37868.984249165,38268.79518303668,38588.03306422777,38980.391092167345,39133.57205267666,hurricane_cat2
Cidra,Central Mountains,2027,36779.224901051275,36996.94523419134,37381.582393640936,37769.73861495406,38213.32317825968,38577.649735540974,38744.74759608898,hurricane_cat2
Cidra,Central Mountains,2028,36395.45100368889,36627.68430494482,36946.66860216578,37394.93179614785,37866.58438775233,38319.33329217627,38614.48032686868,hurricane_cat2
Cidra,Central Mountains,2029,35951.88994708338,36142.45457938065,36544.85993896566,37091.65152190988,37551.48057524533,37961.84782441253,38293.519439185766,hurricane_cat2
Cidra,Central Mountains,2030,35288.88184606494,35638.73583248055,36075.08419053657,36621.39468049801,37214.42048439444,37584.604494765816,37839.93035412738,hurricane_cat2
Coamo,South,2025,32613.927582824184,32868.95558617684,33167.05281399856,33549.70443541995,33933.94805267754,34239.12043342015,34433.31599766958,hurricane_cat2
Coamo,South,2026,31474.271000508605,31700.816049005804,32213.555299358228,32695.776070632965,33513.52122053609,34019.12085723076,34208.1381006701,hurricane_cat2
Coamo,South,2027,30829.85613544884,31108.051008713875,31547.840604748017,32152.93759689658,32909.5546802319,33387.295161630864,33688.16650772269,hurricane_cat2
Coamo,South,2028,30160.35163993798,30353.002531055026,30992.24309376017,31645.98207060105,32385.035877229566,33019.508844255965,33376.525340478685,hurricane_cat2
Coamo,South,2029,29460.627296216426,29777.28828503687,30481.421106248934,31280.410908932834,31986.772211590112,32853.72362864458,33338.22717023693,hurricane_cat2
Coamo,South,2030,28801.117820641815,29201.911804456042,29818.972083692242,30737.549221978814,31435.577777985585,32284.88567596304,32547.440472121812,hurricane_cat2
Comerío,Central Mountains,2025,18255.413316191294,18314.044378393286,18401.834395213133,18484.357896412646,18590.74786628053,18657.79925596812,18690.436203027537,hurricane_cat2
Comerío,Central Mountains,2026,17746.540255575073,17844.372432504377,17955.68215628477,18090.434570860933,18188.095600259836,18272.0926948228,18325.105944921048,hurricane_cat2
Comerío,Central Mountains,2027,17549.708137846123,17640.942868223003,17724.888690150492,17853.959939143024,17977.30366193242,18078.05343589986,18147.267793098126,hurricane_cat2
Comerío,Central Mountains,2028,17353.074050623425,17438.857894792618,17577.026522050513,17705.01865691155,17822.408724749097,17949.470039962758,18011.602644752515,hurricane_cat2
Comerío,Central Mountains,2029,17106.997172167168,17208.667045507525,17360.226411627344,17511.51287533278,17665.836684521513,17807.100175909236,17879.391285623857,hurricane_cat2
Comerío,Central Mountains,2030,16882.430331876916,16988.164854108298,17134.001457911625,17346.66857352599,17479.92573586532,17643.14979047965,17732.174318514575,hurricane_cat2
Corozal,Central Mountains,2025,33224.38262526137,33432.3831573025,33667.45013591847,33951.642311850395,34244.54648060819,34533.19766454349,34691.99823061352,hurricane_cat2
Corozal,Central Mountains,2026,32335.115544407403,32539.482455784364,32923.46326366456,33328.842246528904,33685.372306780904,33980.68661939088,34215.15018286846,hurricane_cat2
Corozal,Central Mountains,2027,31825.49058787798,31988.57787561966,32406.367151112758,32936.41349808312,33347.99424753162,33760.88917717837,33960.27719074584,hurricane_cat2
Corozal,Central Mountains,2028,31272.59642635819,31490.011410624895,32003.054252982216,32486.73016375837,32942.68377691845,33324.3052620428,33601.084426710455,hurricane_cat2
Corozal,Central Mountains,2029,30909.372540452612,31092.555052680487,31548.828607097552,32186.028046325104,32705.40617324417,33075.77407958152,33368.224273254425,hurricane_cat2
Corozal,Central Mountains,2030,30372.73320238177,30704.035719363143,31252.071310331452,31893.087520195146,32389.47334222746,32913.553692347225,33086.67295218213,hurricane_cat2
Culebra,East,2025,1278.9998182188813,1296.7436140672062,1326.2117664795533,1356.874857384863,1384.4458297787683,1406.6313891731963,1421.4508641288658,hurricane_cat2
Culebra,East,2026,1211.3289286604206,1222.122772679211,1264.1315141897203,1306.530066999024,1347.1006136021274,1369.5790203741042,1396.9911484843988,hurricane_cat2
Culebra,East,2027,1155.984995992551,1180.1517266369476,1215.5912523312563,1267.2035295598803,1314.1233594666346,1358.7017730509815,1392.1002942955777,hurricane_cat2
Culebra,East,2028,1107.939467748621,1139.2942346828797,1177.3373726854688,1231.7573169804386,1281.600705725677,1330.7839116674356,1379.545552868192,hurricane_cat2
Culebra,East,2029,1077.6074444069673,1093.958417088107,1140.0028375688782,1197.7615457452234,1266.6543002666508,1318.6810030721915,1341.9640737568561,hurricane_cat2
Culebra,East,2030,1032.584036896378,1060.8135958165567,1104.2429650974768,1162.9313932602984,1229.8185775703776,1280.6749419863017,1320.98547818273,hurricane_cat2
Dorado,North,2025,34857.34845169642,34992.39335508853,35168.896626911664,35362.59128702701,35572.11197991376,35773.57305940753,35910.57734000441,hurricane_cat2
Dorado,North,2026,34038.70318594798,34165.891012092994,34404.00122381614,34678.71194322193,34906.10138408551,35125.37896289147,35224.534209443045,hurricane_cat2
Dorado,North,2027,33542.90294361862,33676.34308420785,33956.38939102424,34251.24389665864,34517.984740128435,34760.87313069281,34911.88347874834,hurricane_cat2
Dorado,North,2028,33076.55504407016,33299.00239163915,33557.02901166234,33885.01810375806,34203.85609425763,34500.02906264331,34664.37459129343,hurricane_cat2
Dorado,North,2029,32711.170881618917,32885.51143453024,33220.91063459322,33503.23696126991,33921.23947794302,34186.004409669695,34334.40727645761,hurricane_cat2
Dorado,North,2030,32080.802917930403,32505.933689146106,32833.00043981713,33138.86847208161,33443.390524025126,33762.641346585246,33924.860895601545,hurricane_cat2
Fajardo,East,2025,30089.86943078323,30292.13371504147,30644.175778434204,31004.808132892897,31360.43496813704,31708.714463139626,31944.934470009437,hurricane_cat2
Fajardo,East,2026,28804.553288080846,29001.117576640783,29520.5046865812,30119.131702741743,30573.42530914651,30994.480240439476,31312.220208093164,hurricane_cat2
Fajardo,East,2027,28005.91230122191,28251.911951645525,28686.60318638631,29378.37950807945,29962.10100242543,30322.91081539755,30761.53122533873,hurricane_cat2
Fajardo,East,2028,27289.205518746858,27584.182739417316,27898.016941179012,28873.883070282325,29590.972194234888,30079.88622632971,30520.2899410476,hurricane_cat2
Fajardo,East,2029,26719.590526142085,26935.92520203562,27497.175431405587,28240.358722755227,29077.197938514724,29817.623076601616,30287.38893998831,hurricane_cat2
Fajardo,East,2030,26089.078394213306,26301.556618333656,26952.97954492911,27885.151866710166,28569.069423823305,29105.95464516071,29652.965564873317,hurricane_cat2
Florida,North,2025,11183.929324882556,11225.497170516479,11290.582982601483,11366.342971038133,11447.528521562934,11515.359881614808,11537.905805831524,hurricane_cat2
Florida,North,2026,10940.721510443036,10980.011751777465,11079.506496247646,11164.788650275743,11242.72091177388,11319.8708360586,11368.195998916688,hurricane_cat2
Florida,North,2027,10784.181890006394,10832.923270874891,10936.81618178995,11058.988014124641,11149.392100660978,11232.63197766709,11304.953613875747,hurricane_cat2
Florida,North,2028,10606.052748944192,10690.310813959235,10783.87672314634,10909.31132194732,11019.60182724982,11108.150353855182,11184.432864162256,hurricane_cat2
Florida,North,2029,10494.955478140344,10565.248002380255,10661.089147157885,10764.006323705638,10906.746836587423,11019.894184607674,11079.170250544195,hurricane_cat2
Florida,North,2030,10384.215798767507,10415.09749077121,10545.917469847269,10672.419378132827,10810.566086545405,10906.798615345191,10952.412094945043,hurricane_cat2
Guayama,South,2025,33958.48414229087,34104.19430911521,34474.14886496928,34813.17476723128,35062.17474623871,35371.101464712876,35516.82561056917,hurricane_cat2
Guayama,South,2026,33035.235550055804,33193.329508230156,33547.23582125233,33928.615590899964,34406.59599859774,34746.478368770906,34937.34729639174,hurricane_cat2
Guayama,South,2027,32030.09138834601,32442.8637122705,32835.39701523882,33298.0582073432,33844.779915133404,34237.466605526584,34462.18164518351,hurricane_cat2
Guayama,South,2028,31441.063041746846,31697.065864226475,32293.536798166857,32722.67552169497,33227.684140129706,33811.83924096978,34190.33820375304,hurricane_cat2
Guayama,South,2029,30910.319784999836,31136.022756529648,31601.20932402157,32154.623850602926,32668.810202194603,33309.44216787785,33679.22430333427,hurricane_cat2
Guayama,South,2030,29969.380739058302,30188.863383295582,30998.55835740878,31652.07950303226,32298.06676084239,32892.29449293829,33312.129163663565,hurricane_cat2
Guayanilla,South,2025,16715.935383740176,16775.02823988325,16864.22093278034,16961.14045702135,17032.157577180587,17139.382458508877,17174.538505189917,hurricane_cat2
Guayanilla,South,2026,16274.201905514838,16343.978591877256,16445.023187407765,16595.740351233602,16726.65031883699,16855.660374733754,16890.87761560887,hurricane_cat2
Guayanilla,South,2027,15978.237025680544,16039.201738170314,16176.374354331423,16313.177236200085,16473.41040396376,16598.245413036206,16638.71058362276,hurricane_cat2
Guayanilla,South,2028,15708.5335677534,15777.018697147878,15942.015421809896,16074.813695134275,16243.02864797174,16441.867895095245,16521.320271694625,hurricane_cat2
Guayanilla,South,2029,15467.376201909348,15575.25839593602,15740.26961619587,15898.020273767692,16059.208564830516,16333.814329747318,16401.527488868527,hurricane_cat2
Guayanilla,South,2030,15250.52660845428,15330.628431701087,15529.595504313442,15675.965932064197,15878.431269758401,16120.480349360982,16196.53253911027,hurricane_cat2
Guaynabo,Metro,2025,85617.12496546085,86096.05646835004,86977.77841826662,87820.18419776099,88719.1455319176,89449.20631247375,89999.60435184343,hurricane_cat2
Guaynabo,Metro,2026,83068.25793420541,83719.21184651981,84612.6968130727,85759.30931899877,86971.81508491158,87965.94407484954,88691.2798889268,hurricane_cat2
Guaynabo,Metro,2027,81761.15031054587,82559.08511003759,83653.66520289215,84722.10475460904,85869.06558990662,86977.73102086534,87694.30627212694,hurricane_cat2
Guaynabo,Metro,2028,80400.86035987221,81265.71350767062,82523.15912664232,83962.14975169043,85111.90196355453,86633.56745068816,87322.56708614349,hurricane_cat2
Guaynabo,Metro,2029,79283.54724926632,80163.95135112204,81542.6935303503,82754.2025454565,84633.33066299162,85889.06314466165,86840.29408318213,hurricane_cat2
Guaynabo,Metro,2030,77873.10493636921,78660.45840827769,80300.18092016627,81638.21718549011,83417.21534477093,85213.31481511482,85878.7985908846,hurricane_cat2
Gurabo,East,2025,37934.28657548961,38136.91291131641,38783.37400796209,39334.82649935342,40053.90743364339,40541.44267354821,40931.808360350224,hurricane_cat2
Gurabo,East,2026,36223.47652012789,36707.43064696212,37519.03948754752,38291.05364137047,39116.53324547857,39622.89803731224,40111.29680465961,hurricane_cat2
Gurabo,East,2027,35105.09861201785,35543.73614698142,36213.680171370426,37353.88332054704,38259.41515329335,39191.46199251895,39562.68195967157,hurricane_cat2
Gurabo,East,2028,34030.441088727115,34406.34679101575,35698.972302150025,36768.70139364297,37714.5443151768,38958.27883470142,39270.65512815719,hurricane_cat2
Gurabo,East,2029,33107.488683386175,33820.56641127776,34908.5081822835,36022.92867034499,37286.53568797511,38264.08218241096,39054.92895407388,hurricane_cat2
Gurabo,East,2030,32237.87678172464,32876.472441862694,34067.070625311884,35263.89925588098,36614.84399330237,37683.07757870706,38964.41472698016,hurricane_cat2
Guánica,West,2025,12310.371981985603,12365.28706030717,12475.70064482638,12582.65425433823,12718.668892701995,12827.125232543596,12866.284941279479,hurricane_cat2
Guánica,West,2026,11810.241809651701,11898.788704332777,12040.44880758342,12214.761442018704,12358.17101144226,12480.739648330642,12561.964876533437,hurricane_cat2
Guánica,West,2027,11397.67524513179,11508.497449657216,11712.81830522641,11873.439126761332,12091.9789826886,12271.110091848557,12404.044887626607,hurricane_cat2
Guánica,West,2028,10992.104242453315,11152.775515582416,11383.956392031852,11620.27249539318,11840.219935936242,12093.339965566087,12149.88920177198,hurricane_cat2
Guánica,West,2029,10730.352302674171,10871.78178338986,11180.526999742593,11388.685052005192,11619.993595689139,11844.831671614666,12003.393414177153,hurricane_cat2
Guánica,West,2030,10541.688362970079,10658.679031431868,10909.147234052794,11164.289787865391,11424.975254810026,11656.283079785617,11826.653732169201,hurricane_cat2
Hatillo,North,2025,37206.985802077426,37296.75569875021,37544.05221521055,37753.27856999585,37981.125038514496,38175.268791641545,38259.038101009464,hurricane_cat2
Hatillo,North,2026,36231.95383178284,36445.209937742395,36743.268032698004,37003.74512030356,37304.82411459638,37544.84453551437,37695.568843707566,hurricane_cat2
Hatillo,North,2027,35951.447830344594,36130.9546414455,36386.37812794025,36636.774507518225,36966.139070280464,37229.60604792021,37388.14451489302,hurricane_cat2
Hatillo,North,2028,35492.9072857769,35631.96418324934,35944.80151057335,36268.060399391325,36576.288096696815,36858.67235629354,37021.072399233,hurricane_cat2
Hatillo,North,2029,34963.08189007377,35103.130633710454,35464.70658364393,35861.50597221978,36204.228751778784,36566.341337897335,36759.04266027347,hurricane_cat2
Hatillo,North,2030,34350.89108037545,34658.17540428216,35051.706214758975,35462.16342254308,35821.54525603737,36238.409067374305,36502.67266749806,hurricane_cat2
Hormigueros,West,2025,15117.38433172677,15152.563110172725,15205.75123677928,15286.807215547535,15358.561396750953,15427.76030641406,15469.882317884381,hurricane_cat2
Hormigueros,West,2026,14722.00016091631,14764.630549487792,14863.726511626544,14959.37563406866,15076.64357101582,15157.620241499853,15219.733979412613,hurricane_cat2
Hormigueros,West,2027,14586.204667079812,14640.203339793447,14723.141096489642,14828.837789241206,14918.431081871753,15013.46605196605,15089.029411491285,hurricane_cat2
Hormigueros,West,2028,14444.106627980382,14545.772822307079,14643.294575874912,14735.112283498995,14856.691458704481,14947.541093884935,14986.325941783783,hurricane_cat2
Hormigueros,West,2029,14220.835277248347,14266.340472808666,14391.554193368589,14537.742600631042,14675.317996917274,14786.733553623037,14868.199577791298,hurricane_cat2
Hormigueros,West,2030,14024.89144519481,14080.05481990731,14198.782270135389,14326.170456840046,14456.64193331114,14587.095973979473,14658.997560614664,hurricane_cat2
Humacao,East,2025,48490.064209684046,48620.07183059642,48904.754653653115,49218.96231087946,49465.50118317253,49660.3679319261,49867.45877034687,hurricane_cat2
Humacao,East,2026,46943.670496697574,47122.558224161105,47423.758835900095,47723.048175809556,48055.718272342485,48324.723064468126,48576.400681706786,hurricane_cat2
Humacao,East,2027,45820.15209625917,46059.425393726306,46388.97475003953,46742.37816473891,47203.95940923327,47459.258458746044,47672.3190718321,hurricane_cat2
Humacao,East,2028,45024.21594514788,45206.66639387992,45555.91262621917,45986.64698065404,46358.3578290935,46762.31263018124,46981.77758320288,hurricane_cat2
Humacao,East,2029,44272.24367063113,44513.09419909605,44804.59704218518,45296.20134431464,45770.60591717675,46187.806853001166,46488.41987157463,hurricane_cat2
Humacao,East,2030,43508.2193509578,43723.62780251038,44147.4887029652,44610.04874430657,45063.07409285475,45492.525854751664,45697.89727095336,hurricane_cat2
Isabela,West,2025,41230.020598778996,41474.71505150764,41847.179939305104,42254.049877816025,42698.047343864884,43143.12544561019,43353.94979697464,hurricane_cat2
Isabela,West,2026,40088.39787101363,40537.22857720731,40958.18561622358,41400.957630632605,41949.771647513175,42509.38861756457,42774.79489501383,hurricane_cat2
Isabela,West,2027,39800.570116824216,40075.3514573697,40546.777993733434,41106.2639595954,41610.97378649991,42152.69552414094,42387.90411639388,hurricane_cat2
Isabela,West,2028,39151.46022935413,39403.111505654415,39946.65753752172,40674.97790142693,41233.78554886156,41766.46663984138,42043.93680023601,hurricane_cat2
Isabela,West,2029,38534.93167964625,38864.18626423606,39383.14668613109,39954.14854319728,40742.98155466611,41340.586712267424,41646.50522695,hurricane_cat2
Isabela,West,2030,37929.783765860135,38298.225767476724,38930.596676108784,39514.252505959994,40221.0523012755,41035.46018764825,41411.644636147044,hurricane_cat2
Jayuya,Central Mountains,2025,14112.56980658328,14179.404295829163,14280.77003956557,14423.223219206215,14564.077789650913,14699.956295011776,14789.313949899237,hurricane_cat2
Jayuya,Central Mountains,2026,13766.346698627598,13841.161041359166,13963.579716257591,14145.14792544554,14318.415070798897,14489.189986486323,14633.540145744717,hurricane_cat2
Jayuya,Central Mountains,2027,13574.909481795155,13664.765531830393,13839.326628977838,14033.898737756259,14176.175160632909,14344.261192844582,14482.090194986717,hurricane_cat2
Jayuya,Central Mountains,2028,13418.55626953282,13480.65713721295,13686.398124168076,13893.299149715973,14069.537976729134,14291.411801627,14393.909718576582,hurricane_cat2
Jayuya,Central Mountains,2029,13255.113576719832,13324.01896733988,13507.491925441243,13726.490550662467,13984.635395103869,14173.128817211717,14315.7486589715,hurricane_cat2
Jayuya,Central Mountains,2030,13101.66989626359,13209.015881766052,13336.033838498122,13549.634189981356,13795.148673402864,14068.084884806842,14147.715301620947,hurricane_cat2
Juana Díaz,South,2025,44727.62423388763,44884.90731818564,45142.74384583191,45512.9864588457,45901.910190782306,46233.31069046999,46356.28894544857,hurricane_cat2
Juana Díaz,South,2026,43416.37141947377,43601.1970194984,43987.6909053774,44545.71702208636,45026.58402869755,45451.3200031175,45703.18471617602,hurricane_cat2
Juana Díaz,South,2027,42422.3168455235,42715.928574765705,43175.66506318032,43723.98590819666,44373.15829374239,44887.211290009225,45166.552942826245,hurricane_cat2
Juana Díaz,South,2028,41631.47600710073,41923.62385028957,42543.45792248782,43130.75425424203,43706.41678480473,44248.74335211567,44755.668024269195,hurricane_cat2
Juana Díaz,South,2029,40889.96943182918,41212.52466707747,41829.725593034455,42479.58145868204,43149.65971753223,43817.04592505381,44159.641164448956,hurricane_cat2
Juana Díaz,South,2030,40089.029617680564,40461.381186891966,41080.98943871621,41940.2252354114,42568.911844425245,43109.95874648821,43285.60699331622,hurricane_cat2
Juncos,East,2025,35633.51152528708,35750.23057646033,35916.06804071413,36151.366179231045,36395.04418636511,36572.00203632505,36657.24045969214,hurricane_cat2
Juncos,East,2026,34336.279987610156,34512.6707609324,34748.292974866185,35028.417009647936,35350.420464277355,35575.883347806004,35695.87967048108,hurricane_cat2
Juncos,East,2027,33305.879626370675,33557.221716319145,33896.48614466792,34298.52599169805,34602.96420356805,34919.5167050793,35095.234860814184,hurricane_cat2
Juncos,East,2028,32621.61468108968,32772.17082031921,33169.41644998385,33647.486976447515,34025.30358979868,34411.94355109416,34533.4304136848,hurricane_cat2
Juncos,East,2029,32097.914624405083,32288.486376316625,32656.86047731442,33068.28202122303,33480.37309636627,33756.09000079678,33973.715108469034,hurricane_cat2
Juncos,East,2030,31457.373528996763,31664.27829387536,32129.57882576199,32547.77289410193,32958.68602206678,33299.94091969731,33456.11650859998,hurricane_cat2
Lajas,West,2025,22203.378608346582,22367.960906473927,22594.60235133339,22818.905719135877,23019.01197062141,23161.85703765329,23350.35445863706,hurricane_cat2
Lajas,West,2026,21717.46625824773,21837.28474566379,22089.881781694265,22384.576767291896,22617.444334871594,22926.989847397388,23043.237290363522,hurricane_cat2
Lajas,West,2027,21604.528533255692,21722.77507453783,21907.02419328609,22132.839353125943,22461.985400027384,22787.18223991659,22898.60006265251,hurricane_cat2
Lajas,West,2028,21272.28649848434,21403.20848624336,21750.04681026179,22033.99126645238,22325.252727301213,22568.13512244087,22787.907020983173,hurricane_cat2
Lajas,West,2029,21054.75925231767,21190.939096579692,21403.597771927067,21768.217402806957,22198.606804730174,22502.687558151054,22736.04009758127,hurricane_cat2
Lajas,West,2030,20713.22240614804,20843.94292023456,21173.118259510054,21513.42557134576,21926.48600896847,22213.815429116967,22491.323392964136,hurricane_cat2
Lares,Central Mountains,2025,26292.602669847158,26481.22803609562,26926.634506833187,27415.747398422587,27977.551495197833,28523.923628846598,28699.88186086649,hurricane_cat2
Lares,Central Mountains,2026,25122.79754745389,25386.58089307252,26097.888671663335,26944.76974443286,27682.276516616894,28086.772531479586,28532.46406927599,hurricane_cat2
Lares,Central Mountains,2027,24825.24972844541,25015.28677054564,25699.002535636668,26529.716374092623,27214.99384281093,27993.188511118777,28480.06379194445,hurricane_cat2
Lares,Central Mountains,2028,24253.85596913743,24692.053145345824,25343.16907640177,26260.44483580356,27057.228749303795,27725.78121548736,28336.68022523535,hurricane_cat2
Lares,Central Mountains,2029,23634.33086273964,24126.289757359995,25108.22663930807,26004.95506315765,26939.927417031053,27768.963481063663,28267.619704911936,hurricane_cat2
Lares,Central Mountains,2030,23358.16892577946,23674.997914211883,24639.441355030867,25871.357477846133,26842.522151078,27588.934027534906,27979.524899878284,hurricane_cat2
Las Marías,West,2025,8333.874799257335,8386.642057585726,8490.176821279958,8605.347670742329,8732.203848311347,8852.022717829588,8905.237969854494,hurricane_cat2
Las Marías,West,2026,8038.291124438566,8168.417367883539,8292.422615608542,8477.880189863374,8636.269192840298,8760.233890164038,8783.424922979253,hurricane_cat2
Las Marías,West,2027,7965.291414973167,8061.615308765338,8219.693239959148,8402.443068483022,8542.653354147682,8731.385835872994,8837.0192913544,hurricane_cat2
Las Marías,West,2028,7814.985712359684,7949.026129771843,8120.288638095545,8324.942108644513,8520.518671415253,8689.779862172401,8773.525388935102,hurricane_cat2
Las Marías,West,2029,7584.779402751731,7751.825712568054,7963.771084368818,8184.841867107913,8434.763495154779,8601.298985551206,8708.872883577013,hurricane_cat2
Las Marías,West,2030,7513.611370541788,7613.776453336351,7835.68024950479,8082.228769891846,8382.199750280284,8555.656536430997,8608.214352873867,hurricane_cat2
Las Piedras,East,2025,33650.10821702507,33743.1153425884,34009.68656310058,34264.97399197427,34553.41914748155,34793.819278760595,34895.15982266283,hurricane_cat2
Las Piedras,East,2026,32371.379536803903,32510.748753778553,32805.16269958827,33168.62225001748,33581.482285932165,33967.15700903548,34175.15153040673,hurricane_cat2
Las Piedras,East,2027,31505.851573391086,31676.57632364641,32014.406086188243,32421.238437005413,32903.83957440197,33222.654273751126,33379.02101259953,hurricane_cat2
Las Piedras,East,2028,30735.46240844083,30967.50031699464,31443.026793993915,31921.995127887894,32384.162586194198,32785.66818416406,33008.70293266947,hurricane_cat2
Las Piedras,East,2029,30217.527929292275,30512.436023321156,30892.364719965404,31386.806063768756,31831.136329248933,32341.592936217006,32557.097775188944,hurricane_cat2
Las Piedras,East,2030,29771.714634853073,29927.513751875744,30303.796961639488,30838.627771292195,31330.97072533944,31941.38430486123,32200.28393420185,hurricane_cat2
Loíza,East,2025,22097.761576118413,22135.43847926667,22248.729908106412,22387.895217853125,22511.362648708146,22645.61738848279,22690.678208450452,hurricane_cat2
Loíza,East,2026,21353.041554325107,21456.611518388956,21604.10889228977,21800.231910297574,21937.77633351063,22079.20898787902,22161.0087867734,hurricane_cat2
Loíza,East,2027,20862.795765459905,20966.88565716909,21107.456946989194,21306.33407373343,21460.453410559378,21576.703406929162,21728.27894604135,hurricane_cat2
Loíza,East,2028,20332.611250739974,20448.27493404371,20645.593912262928,20885.39954506832,21057.951320945718,21213.237625392594,21262.507354999427,hurricane_cat2
Loíza,East,2029,19936.07071317417,20029.75103868531,20278.940197021497,20521.765740781288,20739.785837621792,20923.162751063443,20970.424917996337,hurricane_cat2
Loíza,East,2030,19535.68454861335,19693.901351090248,19918.25628361792,20152.23264413947,20377.84302104635,20592.794612753438,20665.086707621726,hurricane_cat2
Luquillo,East,2025,16952.336080236502,17019.975673879755,17125.346903247435,17206.789186400118,17296.59431803035,17382.113146714342,17428.559677915353,hurricane_cat2
Luquillo,East,2026,16347.651451345884,16457.77656975177,16561.279174943364,16707.835135152825,16827.632200852702,16907.95873622387,16974.73874230917,hurricane_cat2
Luquillo,East,2027,16027.786906527619,16109.487794237053,16223.851966264163,16377.448510129074,16505.217512145686,16600.33544401302,16684.621658710286,hurricane_cat2
Luquillo,East,2028,15703.405332636348,15754.09839786407,15947.334583944375,16058.1532180797,16236.998401034234,16394.44070813516,16480.538941263694,hurricane_cat2
Luquillo,East,2029,15391.47500637592,15501.457195246394,15646.742832772263,15818.794276705314,16003.969112044499,16190.13847106579,16288.932881855462,hurricane_cat2
Luquillo,East,2030,15146.984383448436,15228.569706390252,15395.086345299895,15560.71442334702,15775.535189927596,15930.843525511056,16046.176506376363,hurricane_cat2
Manatí,North,2025,37773.867345785846,37963.90171831635,38159.28781532665,38537.3719951306,38806.23117168403,39180.626234811054,39357.6668924958,hurricane_cat2
Manatí,North,2026,36838.46026099018,37069.72205065532,37385.04318022984,37722.88321757809,38172.35669878467,38550.70493562282,38695.656540150005,hurricane_cat2
Manatí,North,2027,36197.556373473155,36422.363913751884,36864.63578496013,37248.196494030184,37857.88205726635,38223.52125461632,38498.472244751596,hurricane_cat2
Manatí,North,2028,35742.097902994,36006.701734636816,36364.82630187662,36883.94054761146,37454.091185816535,37986.14830778073,38315.005842981,hurricane_cat2
Manatí,North,2029,35179.517067667126,35556.260589033605,35982.2059830693,36563.7679260615,37137.666248305555,37626.14514237888,37948.40934211224,hurricane_cat2
Manatí,North,2030,34738.682840874666,34983.21989418816,35582.33485034342,36203.07927312562,36793.13702858151,37469.67764444776,37777.668315738796,hurricane_cat2
Maricao,West,2025,4803.0365533225595,4825.477172979262,4885.911823621721,4939.167185219767,5002.9595994553365,5079.8802278211415,5115.00626382426,hurricane_cat2
Maricao,West,2026,4697.045006211902,4762.689397142354,4833.9540296336845,4905.013058804908,4998.6914730247645,5051.655218497597,5088.714674689797,hurricane_cat2
Maricao,West,2027,4591.916501522133,4664.831705648661,4745.965431564829,4843.999008702111,4931.131369777518,5010.719646618785,5064.99095040924,hurricane_cat2
Maricao,West,2028,4532.1990207454965,4607.632896104862,4713.561095997689,4804.262113778097,4894.51107501976,5012.078880290196,5053.732424625522,hurricane_cat2
Maricao,West,2029,4462.079595006831,4528.955211668171,4650.945230185994,4769.904692617947,4881.714134331873,4969.968531966821,5036.300846798858,hurricane_cat2
Maricao,West,2030,4406.219901650096,4490.088597876643,4592.982066006381,4700.120005471856,4851.281139066726,4943.794567688302,5019.801488894041,hurricane_cat2
Maunabo,East,2025,10040.49732420768,10084.310990670798,10148.323332138305,10213.866094610348,10281.096004785548,10339.856580069985,10381.487362379974,hurricane_cat2
Maunabo,East,2026,9666.334059445047,9719.24554999338,9825.469191390051,9919.319783035911,10012.065502334726,10074.176531795449,10104.085539303514,hurricane_cat2
Maunabo,East,2027,9445.357128963968,9497.32718741694,9597.988634515523,9710.860912570088,9805.436490903741,9893.941479832709,9948.110236712779,hurricane_cat2
Maunabo,East,2028,9251.501766812149,9324.794129123311,9414.945468855054,9504.711028937658,9614.118375233138,9726.85560689055,9789.093813490996,hurricane_cat2
Maunabo,East,2029,9096.110818128136,9137.543558730917,9241.307971860173,9329.50595597098,9459.516631395069,9583.293955213769,9670.080493217873,hurricane_cat2
Maunabo,East,2030,8869.758962202135,8951.16477509867,9051.278031385169,9171.38430823696,9321.393713080015,9443.217642248295,9508.403815402804,hurricane_cat2
Mayagüez,West,2025,69368.51682350803,69668.74270318123,70015.3050957851,70524.2456843624,71009.38850071294,71351.10763679378,71631.44647227386,hurricane_cat2
Mayagüez,West,2026,68034.9310404015,68328.20562889693,68924.18829865138,69527.11965652664,70322.52980579977,70783.42272825717,71003.26538515693,hurricane_cat2
Mayagüez,West,2027,66922.09367287782,67316.60405918365,67808.80979712491,68512.53300596715,69177.9704745108,69725.23838603988,70412.9132994473,hurricane_cat2
Mayagüez,West,2028,66168.96790550416,66419.8334010211,67157.67512485676,67805.92288938038,68560.7849975472,69326.77923130925,69937.59855346796,hurricane_cat2
Mayagüez,West,2029,65290.31439187709,65700.9891753342,66246.2864978383,67153.87787896808,68015.69323229647,68625.03383097594,69312.03218914545,hurricane_cat2
Mayagüez,West,2030,64058.327122404015,64563.98580551159,65458.9415810959,66320.67456682853,67217.00044935498,67959.56523716704,68391.32059082894,hurricane_cat2
Moca,West,2025,35907.72955049824,36066.72386081884,36396.5412635275,36862.466045943176,37281.09073219337,37660.345438647615,37822.314093358094,hurricane_cat2
Moca,West,2026,34983.39731724776,35224.19705026083,35620.65761160955,36138.34602904819,36727.38727362075,37149.35386519317,37363.10937273462,hurricane_cat2
Moca,West,2027,34388.60576389958,34671.419382944856,35152.960119858435,35837.92401415805,36387.397323762285,36877.51755308777,37309.29928720649,hurricane_cat2
Moca,West,2028,33864.88315251474,34006.14895265838,34687.75589409887,35226.21672721787,36023.2196037793,36555.681447826784,36905.30805378769,hurricane_cat2
Moca,West,2029,33244.95473652491,33522.315722406536,34232.51971581573,34902.75241469631,35473.601005830875,36015.060529466755,36414.980059113586,hurricane_cat2
Moca,West,2030,32718.195684084338,33105.64313591486,33831.684825109434,34475.64629061776,35133.5635374463,35933.07261419668,36293.74163027664,hurricane_cat2
Morovis,Central Mountains,2025,27619.789128907265,27783.072965192852,27956.98398218949,28166.522384710508,28394.402433977273,28600.81809880466,28722.7013137817,hurricane_cat2
Morovis,Central Mountains,2026,26863.13659472739,27063.01214567262,27312.029171565187,27592.116999661186,27861.443259895692,28094.284533125476,28284.109694884286,hurricane_cat2
Morovis,Central Mountains,2027,26508.78796528991,26672.53598384969,26946.086461393643,27297.131141902042,27524.5636832597,27825.85371773106,28018.059267581648,hurricane_cat2
Morovis,Central Mountains,2028,26200.789125224233,26342.959107283434,26661.259896366766,27011.936485685666,27304.369497946733,27655.017049861366,27857.321593044046,hurricane_cat2
Morovis,Central Mountains,2029,25837.409559261116,26046.454731661237,26358.252320185733,26747.556387801684,27091.39322885181,27508.123386337335,27816.727185009557,hurricane_cat2
Morovis,Central Mountains,2030,25409.21455490388,25649.12979162803,26027.30174371616,26434.040534885553,26796.986967718498,27225.721868677687,27479.182145110215,hurricane_cat2
Naguabo,East,2025,21970.22264768587,22142.23390279839,22358.61439377559,22605.229927398534,22908.1087631074,23240.85583896165,23369.267929458743,hurricane_cat2
Naguabo,East,2026,21064.50700844576,21289.554154906207,21617.93474409839,21960.609319588722,22331.62406681319,22614.01863234545,22827.62939731244,hurricane_cat2
Naguabo,East,2027,20407.391617918656,20540.681701841007,21057.742668316147,21599.13202882956,21989.02522682653,22285.522492138978,22634.379154974882,hurricane_cat2
Naguabo,East,2028,19987.46231419401,20258.740053209778,20653.323016767106,21148.84328626973,21649.827217013957,21980.21820704944,22249.897048409537,hurricane_cat2
Naguabo,East,2029,19458.54926460233,19877.711405269274,20266.08737466757,20794.08900213444,21331.322094207644,21713.376145051385,22053.696213754527,hurricane_cat2
Naguabo,East,2030,18948.699600605134,19484.997884751338,19898.5508526946,20476.73816720934,20905.59754803219,21334.892475922527,21590.85384670091,hurricane_cat2
Naranjito,Central Mountains,2025,28169.88452007962,28260.538611101365,28509.18893818482,28834.2570076173,29037.469785886544,29310.443392647925,29447.39846628305,hurricane_cat2
Naranjito,Central Mountains,2026,27351.072690891535,27561.377824815812,27912.535768032736,28179.82453408496,28492.609468272374,28770.244751388844,29001.414535361924,hurricane_cat2
Naranjito,Central Mountains,2027,26776.86748681464,27016.385318032466,27425.564034401654,27870.17019195907,28254.05302667418,28525.14616140119,28647.41088248276,hurricane_cat2
Naranjito,Central Mountains,2028,26540.921561497144,26723.054569825505,27082.409184752778,27571.60584952531,27951.321972764184,28327.353182041305,28640.673765496726,hurricane_cat2
Naranjito,Central Mountains,2029,26056.785058049572,26349.083924674742,26824.965730926328,27241.38054955566,27642.12862703626,28143.944218853805,28546.8258316957,hurricane_cat2
Naranjito,Central Mountains,2030,25722.34678061629,26041.872589573475,26430.933951139756,26928.237453258545,27406.16385731488,27790.79327303158,28193.86892203211,hurricane_cat2
Orocovis,Central Mountains,2025,20465.693287832815,20597.347505920476,20781.352569357492,20976.945885191133,21170.329778467323,21340.46213489291,21414.96689853846,hurricane_cat2
Orocovis,Central Mountains,2026,19973.067291620824,20078.055220700047,20309.883537839483,20553.79597312896,20756.39111050202,21027.341386478536,21150.301023550648,hurricane_cat2
Orocovis,Central Mountains,2027,19758.294176808697,19859.304477320846,20068.96463780283,20390.709407755705,20611.35207288291,20793.246556715734,20868.48025950886,hurricane_cat2
Orocovis,Central Mountains,2028,19452.244485668147,19583.709045766416,19824.193015793797,20157.10363338764,20366.562867518784,20597.158460417755,20748.930444078713,hurricane_cat2
Orocovis,Central Mountains,2029,19129.802876476657,19260.424805382834,19528.084797150135,19865.5466240518,20130.22524055164,20464.839770294744,20644.332892828414,hurricane_cat2
Orocovis,Central Mountains,2030,18936.179079341295,19051.361825997094,19300.454891954323,19625.091899825078,19942.958874213607,20253.4098595411,20408.706095892245,hurricane_cat2
Patillas,South,2025,15116.29153143761,15163.762567592748,15235.27945399863,15311.143005889944,15378.931367170833,15460.431408776181,15507.10327200572,hurricane_cat2
Patillas,South,2026,14691.971569411964,14787.539775478197,14855.27075859615,14963.246783442766,15057.42077741847,15141.174060994726,15212.06000642933,hurricane_cat2
Patillas,South,2027,14377.886919056587,14446.692989571837,14558.118147407247,14656.959289832796,14789.405710042896,14898.483700761946,14983.200514503531,hurricane_cat2
Patillas,South,2028,14098.865210692244,14147.769869169251,14241.471031338526,14364.128266441887,14510.554257615659,14664.893958054297,14724.325484392764,hurricane_cat2
Patillas,South,2029,13814.77393440847,13853.332983888224,13961.319447051525,14098.55768579146,14266.223402930074,14409.599962507438,14515.388849748866,hurricane_cat2
Patillas,South,2030,13516.18455917021,13539.280250393464,13694.297038201195,13850.75296359885,13991.172174428917,14131.877107490682,14250.170307992921,hurricane_cat2
Peñuelas,South,2025,19102.875081462298,19218.438684285993,19367.85279102699,19584.484714121427,19773.313272256695,20012.40970227454,20116.191346879797,hurricane_cat2
Peñuelas,South,2026,18505.641686895135,18643.298157790134,18899.642902710046,19204.45660357677,19438.901862617826,19749.96705517621,19919.790693047038,hurricane_cat2
Peñuelas,South,2027,18072.892636273107,18249.306521798717,18492.26257042797,18819.372992199587,19148.738431893755,19464.163330030944,19656.784471704646,hurricane_cat2
Peñuelas,South,2028,17756.71974904733,17926.057371744973,18180.474726303957,18547.507153469087,18896.07689259686,19253.588107369484,19441.724915485633,hurricane_cat2
Peñuelas,South,2029,17551.26448851574,17664.680028511295,17923.95832652775,18305.068326668705,18707.706326764408,19188.162282461737,19367.304229745303,hurricane_cat2
Peñuelas,South,2030,17198.50505896536,17342.562180408837,17698.678000090375,18047.484120609184,18567.947712957062,18923.795502010013,19166.045573234063,hurricane_cat2
Ponce,South,2025,128324.74130154244,129048.47769247352,130032.79410990534,131176.9421478096,132349.6139549515,133299.4937998867,133880.9716554903,hurricane_cat2
Ponce,South,2026,124998.86561140753,125654.52263660997,126790.9330540925,128353.97066530994,129704.60122936571,130932.47641904002,131901.15009161484,hurricane_cat2
Ponce,South,2027,122330.18683414953,122678.97549355995,124621.44803208878,126162.14612205396,127619.00064698505,128988.05105919737,130281.24083245195,hurricane_cat2
Ponce,South,2028,119901.0822875106,120868.54325959504,122233.05439562543,124267.34691682059,126423.60312375221,127669.71641791544,128865.38779611344,hurricane_cat2
Ponce,South,2029,117839.64346711543,118668.77696121138,120305.2999605592,122139.39301642744,124623.16941478926,125915.13981712375,127204.70313896629,hurricane_cat2
Ponce,South,2030,115455.80592579006,116597.04386140584,118241.87830455376,120309.21305033537,122662.72632227423,124413.68454665631,125611.25435154086,hurricane_cat2
Quebradillas,North,2025,22737.511086214225,22810.962387792475,22947.089816629865,23092.346991567192,23249.542918592713,23391.03533462803,23549.053751927022,hurricane_cat2
Quebradillas,North,2026,22232.8754424525,22307.98007861902,22497.390132406414,22674.625575427213,22861.390302936772,23031.21445544216,23196.169345586244,hurricane_cat2
Quebradillas,North,2027,21992.19452896634,22125.648864888073,22275.323762988788,22470.09412533195,22645.423798033495,22802.556113578437,22884.272808285372,hurricane_cat2
Quebradillas,North,2028,21682.783642388113,21814.50923876955,21986.797852095824,22204.203570350248,22399.646989881636,22562.52638812784,22658.74249630944,hurricane_cat2
Quebradillas,North,2029,21338.173933282553,21440.093144759718,21648.052763541895,21923.970495396148,22122.71411739554,22316.305851747577,22450.470117629768,hurricane_cat2
Quebradillas,North,2030,21090.79118331074,21214.56443988086,21422.89685119192,21679.471312018562,21949.47577203577,22132.788604336685,22237.22541667375,hurricane_cat2
Rincón,West,2025,14661.709639539245,14740.653156467653,14926.698698594158,15149.791111415216,15349.33527035495,15507.307566949206,15595.660442710667,hurricane_cat2
Rincón,West,2026,14131.822585047727,14406.623071793061,14602.64345359353,14858.91519219318,15149.710453195108,15334.388754209755,15483.302698490656,hurricane_cat2
Rincón,West,2027,13914.099782831725,14099.472355056821,14367.929208604308,14681.169219095533,14924.607914188058,15146.18757184223,15239.720765873497,hurricane_cat2
Rincón,West,2028,13725.602802467023,13865.893184318296,14172.5612282982,14470.659302193637,14784.965472474069,15040.51384967948,15256.130699257688,hurricane_cat2
Rincón,West,2029,13476.52311050429,13699.791929365821,14003.787946051982,14324.225553398604,14636.885291565832,14927.002326609523,15115.634019018411,hurricane_cat2
Rincón,West,2030,13314.456348190326,13522.255664903896,13805.06319829214,14164.933163635802,14475.38740255834,14764.675337347679,14971.982568775607,hurricane_cat2
Río Grande,East,2025,44592.66331352104,44748.783560582786,44943.10817600785,45303.076789010025,45550.290809060025,45815.13340939027,46001.472386118396,hurricane_cat2
Río Grande,East,2026,43121.639759360565,43335.70078172509,43608.71713630893,43948.62379803737,44262.418142118215,44624.795064563914,44753.84179479162,hurricane_cat2
Río Grande,East,2027,42105.99040611179,42282.6356772619,42581.437931653345,42999.99684751063,43440.199867216594,43681.72525479343,43927.27884176307,hurricane_cat2
Río Grande,East,2028,41205.535745317975,41418.612823978096,41772.57529811209,42230.347280309834,42788.0581894219,42996.34199561388,43158.653647905085,hurricane_cat2
Río Grande,East,2029,40406.82921236519,40592.23296899018,41012.1078529253,41535.06761436503,42070.18107617443,42425.08740993221,42653.12453713794,hurricane_cat2
Río Grande,East,2030,39588.64957589014,39911.839657633514,40288.823246018444,40778.84337770079,41299.13019310627,41673.91497410258,42037.33109523236,hurricane_cat2
Sabana Grande,West,2025,21743.595693400785,21838.481077548055,21976.608971686488,22199.845785488684,22376.155516961237,22545.691024851276,22681.39157301025,hurricane_cat2
Sabana Grande,West,2026,21229.4694604164,21370.409739367155,21579.321104294017,21782.64423485526,22043.420292454266,22227.49207234227,22375.970206735383,hurricane_cat2
Sabana Grande,West,2027,21031.426635991997,21167.76293757399,21377.205625091643,21587.56809664677,21866.286060691407,22097.126703752565,22240.142986941122,hurricane_cat2
Sabana Grande,West,2028,20829.920234160454,20976.26118957666,21227.610513233107,21435.16662244605,21714.236265717278,22003.158158631322,22194.105507962035,hurricane_cat2
Sabana Grande,West,2029,20597.85747593438,20685.15276498887,20953.019902310174,21250.24363594446,21532.744736597197,21849.890402985882,22095.067100163913,hurricane_cat2
Sabana Grande,West,2030,20369.801888807866,20478.903301116443,20709.446561234792,21016.616650033306,21378.47331066306,21636.93808456557,21815.248013882458,hurricane_cat2
Salinas,South,2025,24350.317318401452,24424.645032204346,24602.397091065126,24780.2321641926,24977.312875010204,25128.697123509595,25197.825819393598,hurricane_cat2
Salinas,South,2026,23665.774046388342,23795.09293785565,24016.074657981775,24228.47630269794,24511.34272780344,24789.144938428646,24869.46682332549,hurricane_cat2
Salinas,South,2027,23145.179225925338,23301.931552238897,23488.31408784286,23765.73631824563,24100.161958218487,24281.436672314932,24409.869461158283,hurricane_cat2
Salinas,South,2028,22620.929759639428,22753.084546946946,23055.321861717253,23358.9239785697,23713.980364393512,23981.297213623693,24104.01313813279,hurricane_cat2
Salinas,South,2029,22274.24254741068,22389.47985911189,22634.617955722988,23011.05291147438,23366.043563781437,23641.12883824111,23830.687060380387,hurricane_cat2
Salinas,South,2030,21814.14472237293,21998.940999907292,22286.256049154,22628.317891148203,23047.769273387443,23287.95634559628,23379.369197735938,hurricane_cat2
San Germán,West,2025,30423.124526515112,30554.891992943358,30779.89484168149,31066.694593038213,31305.35295961488,31515.397345175374,31703.975960553587,hurricane_cat2
San Germán,West,2026,29592.471463616836,29808.24577532315,30063.551785033225,30440.431285486033,30812.061005277927,31031.364965849294,31186.18426686422,hurricane_cat2
San Germán,West,2027,29224.498874758363,29315.256772342716,29649.20544168189,30088.42322843095,30478.203080849555,30783.813630617784,30953.149539419068,hurricane_cat2
San Germán,West,2028,28808.691218607455,28950.219482380544,29349.39210760704,29776.929874444384,30193.39873887857,30578.83206630645,30933.59724878907,hurricane_cat2
San Germán,West,2029,28343.25661801754,28674.69975783578,29019.718309229713,29523.672179589135,30044.642494813208,30458.805323197048,30660.70594321991,hurricane_cat2
San Germán,West,2030,27954.49921139037,28233.899904581183,28667.24759357044,29240.96586163748,29748.823929013844,30257.32729337544,30549.281554411424,hurricane_cat2
San Juan,Metro,2025,324583.43237145443,325350.14322119375,328603.73951285053,331923.6155816043,335224.8627539123,337711.42493358155,339270.1722752749,hurricane_cat2
San Juan,Metro,2026,312268.94165159395,315266.0463163287,319291.454507642,323933.7043569863,328940.63899735623,332131.67673676746,334328.7697597549,hurricane_cat2
San Juan,Metro,2027,307879.2999278798,310022.56794301287,314783.7976809734,319496.7692556053,323687.78680552513,328455.4321449289,330587.1564829974,hurricane_cat2
San Juan,Metro,2028,302154.78662300366,306898.63787372573,311698.15913902107,316151.9655978533,320744.47305859206,326820.76768409397,329756.03383995756,hurricane_cat2
San Juan,Metro,2029,296856.9787153549,302766.6117979425,307674.2471150177,312168.29568032845,318250.2870852155,323111.06419230666,325859.49065554916,hurricane_cat2
San Juan,Metro,2030,292515.7234567782,297104.1236855611,302338.52292688965,308347.4977732018,314363.6721742702,320463.8423680365,324218.34777924075,hurricane_cat2
San Lorenzo,East,2025,35845.61675657278,36029.33903014086,36359.22398857453,36629.682409365756,36920.79555496287,37171.8424201056,37317.17907536806,hurricane_cat2
San Lorenzo,East,2026,34587.16659159816,34816.653906554435,35140.454938820745,35582.90851986248,35938.47591118525,36336.70679169567,36596.38638612249,hurricane_cat2
San Lorenzo,East,2027,33676.37240267967,33946.47697870487,34337.37683282274,34822.97801626292,35217.82033071186,35636.3369120696,35802.769299670596,hurricane_cat2
San Lorenzo,East,2028,32927.83957485419,33207.82140460103,33657.23886419616,34150.04469951302,34697.01289079258,35144.13409727437,35374.51803246498,hurricane_cat2
San Lorenzo,East,2029,32258.745665488233,32633.7700229325,33029.89694044122,33695.42843944019,34150.542931822805,34566.565030038415,34738.35372435235,hurricane_cat2
San Lorenzo,East,2030,31469.077328135983,31904.16277417542,32602.594605159575,33136.59730338862,33572.85764695336,33965.954708369674,34307.52151878602,hurricane_cat2
San Sebastián,West,2025,37400.94280872267,37694.15048278118,38123.87070385984,38547.18400577282,38966.21349675728,39345.735407746506,39686.87725719391,hurricane_cat2
San Sebastián,West,2026,36363.0871358419,36673.93055539351,37161.86626573926,37831.08879071557,38301.51024549555,38831.15956508268,39238.88928343115,hurricane_cat2
San Sebastián,West,2027,35535.616920217035,36048.795773888545,36850.2234438429,37478.669680597886,38193.03532580803,38710.8663446279,39054.490543562955,hurricane_cat2
San Sebastián,West,2028,35051.661437011775,35615.22866193712,36220.89124427456,36985.007213970544,37911.206707739686,38551.89441545111,38972.90355014469,hurricane_cat2
San Sebastián,West,2029,34472.420945178084,34767.70074381055,35622.75603591061,36515.34949344159,37517.76380835983,38356.1436607603,38615.293338337615,hurricane_cat2
San Sebastián,West,2030,33771.3415500569,34384.761033203176,35185.119158598696,36143.559494262125,37092.413160485754,38054.40383342971,38577.89020549666,hurricane_cat2
Santa Isabel,South,2025,19306.286458768504,19385.52718411066,19496.81710149058,19642.765437059308,19783.181333321416,19916.647894705296,20014.856130743094,hurricane_cat2
Santa Isabel,South,2026,18701.404070768276,18803.685027884563,18991.239905553946,19233.70138017086,19424.248243726102,19578.461616724908,19648.02535294523,hurricane_cat2
Santa Isabel,South,2027,18339.48509468882,18454.57624524857,18621.309452531903,18891.89417743322,19115.98250499289,19321.047721893832,19442.217841371876,hurricane_cat2
Santa Isabel,South,2028,17946.92506319234,18038.74840510037,18307.00308506681,18618.55068196337,18825.32520208663,18983.690711931253,19088.928766653415,hurricane_cat2
Santa Isabel,South,2029,17629.83292514762,17757.977885951317,18028.100923572227,18250.103126271453,18613.835770199086,18802.99628346599,18995.80438195031,hurricane_cat2
Santa Isabel,South,2030,17269.82385233582,17422.968638102284,17699.441128570674,17984.46034891734,18331.4975748663,18562.96961267566,18785.572259516688,hurricane_cat2
Toa Alta,Metro,2025,64164.85764612174,64471.21434768971,64936.812001073835,65659.7420465186,66270.48200299412,66822.9381317878,67192.34213595714,hurricane_cat2
Toa Alta,Metro,2026,61912.65818515383,62329.29880727777,63078.01732459677,64113.37058485339,64829.48479152896,65852.39719136257,66500.0983067562,hurricane_cat2
Toa Alta,Metro,2027,60993.67095467508,61436.81649971916,62176.82307754782,63140.05103454913,64055.79633616858,65036.679944267526,65474.91315138701,hurricane_cat2
Toa Alta,Metro,2028,59753.673232268135,60419.881714450574,61541.443396186696,62527.04530172727,63775.203496657115,64444.59865368328,64984.26113089392,hurricane_cat2
Toa Alta,Metro,2029,58874.27197551192,59796.14585510677,60723.49639835089,61755.91662338576,63107.39699919144,63713.7798950634,64288.26482503542,hurricane_cat2
Toa Alta,Metro,2030,57989.858712115914,58646.8039418579,59568.47674662197,60798.85891181794,62047.87497348827,63163.26874024505,63543.67492889496,hurricane_cat2
Toa Baja,Metro,2025,71436.49726482121,71606.22124246051,72014.92781571746,72550.73433409931,72974.98320587273,73354.9517865688,73619.12849846028,hurricane_cat2
Toa Baja,Metro,2026,69985.46780126618,70140.37690604274,70607.27878570957,71259.51557579581,71843.07939515117,72435.46214141519,72858.65086887668,hurricane_cat2
Toa Baja,Metro,2027,68642.1895568722,68848.27999813137,69477.09120008322,69984.85573127607,70469.51966542524,71155.50423379731,71521.89447764272,hurricane_cat2
Toa Baja,Metro,2028,67557.85378160127,68104.78963745847,68624.65357668338,69115.08380853647,69928.7648667372,70508.30662907899,70936.2986663904,hurricane_cat2
Toa Baja,Metro,2029,66855.77933705105,67238.19264093347,67738.21265947295,68521.3207249266,69299.94048025232,69876.57702899624,70461.2292819548,hurricane_cat2
Toa Baja,Metro,2030,66052.9996337762,66310.00907472112,66760.07514142428,67695.75918402027,68504.14109257574,69009.64510960512,69589.40468320192,hurricane_cat2
Trujillo Alto,Metro,2025,64387.17297733564,64700.75937340474,65356.09416370272,65882.71746507252,66551.99325215742,67327.27180026143,67797.49498397013,hurricane_cat2
Trujillo Alto,Metro,2026,62491.95887276417,62861.358417315045,63479.15127884906,64261.84344705861,65034.92769665753,65743.46774668658,66207.12619748703,hurricane_cat2
Trujillo Alto,Metro,2027,61358.53241245285,61647.003647216414,62660.19646134223,63529.92686520025,64226.08393958394,65235.472998774225,65866.26795886266,hurricane_cat2
Trujillo Alto,Metro,2028,60218.20879592182,60965.866522261276,61735.6856468388,62753.62075105546,63775.11255441482,64804.48108233041,65225.27195948153,hurricane_cat2
Trujillo Alto,Metro,2029,59299.345587335774,60009.339570386095,61111.77635778673,62085.607829609784,63070.707736175216,64030.26264722696,64939.57166919938,hurricane_cat2
Trujillo Alto,Metro,2030,59040.266808627326,59274.59146658192,60253.7904759317,61313.32952112093,62527.276847684465,63307.20202083141,63658.237217710426,hurricane_cat2
Utuado,Central Mountains,2025,26928.902370662276,27064.73366865728,27254.254917773727,27460.749650733647,27645.77825137052,27789.649377697577,27875.24385402911,hurricane_cat2
Utuado,Central Mountains,2026,26389.770105936623,26554.015285293943,26736.100321497437,26957.86877228344,27227.489834306638,27469.172719059152,27592.982017433995,hurricane_cat2
Utuado,Central Mountains,2027,26056.68090649775,26126.835842429922,26418.234895097405,26646.17371869035,26928.35492676792,27135.459835576577,27264.5784172696,hurricane_cat2
Utuado,Central Mountains,2028,25810.11154416344,25923.23734734925,26195.700362499636,26410.81547448438,26734.004005392744,27027.342052962667,27134.180200363895,hurricane_cat2
Utuado,Central Mountains,2029,25417.79941476696,25600.844976378357,25799.86056901596,26151.29478644765,26456.88144924032,26750.472572296676,26848.722670616764,hurricane_cat2
Utuado,Central Mountains,2030,24859.202983430114,25133.699497683814,25422.43957658783,25763.163676555952,26176.474915905274,26433.84669905913,26595.877815634274,hurricane_cat2
Vega Alta,North,2025,34161.76608096189,34251.783744619424,34444.17660692334,34644.121583351436,34883.51542802612,35117.23914394924,35234.19953476756,hurricane_cat2
Vega Alta,North,2026,33341.64249925662,33488.390153523666,33668.47296717339,33952.6699324466,34220.56635570579,34408.752925490735,34577.591647416986,hurricane_cat2
Vega Alta,North,2027,32722.779636466927,32943.31856523657,33248.205576005785,33551.61024726115,33734.63463207996,33915.5708764022,34038.40451462341,hurricane_cat2
Vega Alta,North,2028,32398.81237439357,32530.10612943874,32845.73530242179,33154.841659064536,33427.39227877965,33683.414067123216,33927.89101223837,hurricane_cat2
Vega Alta,North,2029,32005.434054657933,32190.39963388307,32445.64001378083,32803.89600154674,33139.31467939641,33477.1035538887,33694.23482758471,hurricane_cat2
Vega Alta,North,2030,31521.51634234017,31660.496353318133,32029.218630752028,32446.986844976804,32776.43762894481,33070.016586301346,33323.51756096294,hurricane_cat2
Vega Baja,North,2025,51465.4760327455,51851.308415041596,52415.27189819982,53056.28551822738,53570.22248988827,54211.38496902227,54617.01584281626,hurricane_cat2
Vega Baja,North,2026,49915.89661306739,50426.32753286562,51267.4854880348,52010.17289267566,52796.621635217205,53589.25781299127,54227.873796173095,hurricane_cat2
Vega Baja,North,2027,49447.02300988939,49795.008770411536,50459.91050379123,51291.722300379704,52063.056775687925,52919.54246250694,53398.731804464565,hurricane_cat2
Vega Baja,North,2028,48411.568810587705,48740.18444388493,49786.43957698447,50719.51152762723,51596.27034448793,52426.24139843847,53121.07192432618,hurricane_cat2
Vega Baja,North,2029,47544.57711943963,48005.70135028042,49064.02407054136,50141.93369868412,51205.64305119766,52002.65610417891,52788.68182319985,hurricane_cat2
Vega Baja,North,2030,46485.110917298094,47345.89055574021,48678.77108074944,49661.96293232896,50774.22493730097,51744.16718934644,52472.56609116891,hurricane_cat2
Vieques,East,2025,7843.56885051821,7858.817322688799,7899.535792806648,7933.959750763905,7967.599344280629,8021.064861041312,8041.968984585777,hurricane_cat2
Vieques,East,2026,7560.024633675459,7590.11292954147,7644.613817896725,7697.087973923213,7750.160825791565,7800.04232754329,7817.647073269036,hurricane_cat2
Vieques,East,2027,7366.6447009725525,7417.060640141276,7466.791113653648,7534.023258659741,7602.751056346109,7666.258500802267,7697.054356999089,hurricane_cat2
Vieques,East,2028,7244.434512282079,7276.209361018446,7330.7645085400145,7409.321396547339,7470.070646297301,7549.684487284399,7591.119532325483,hurricane_cat2
Vieques,East,2029,7128.80037680864,7156.796888974805,7207.744907737062,7277.143810150323,7359.212981157542,7415.7614809532715,7478.315920796539,hurricane_cat2
Vieques,East,2030,6979.724872535907,7009.6499596501735,7084.816666042588,7159.071366394453,7236.396357066289,7319.486624073916,7373.531939961866,hurricane_cat2
Villalba,South,2025,20898.20576805578,21018.852276758975,21115.048330832247,21271.54158662995,21433.982468377853,21547.842060555657,21617.637365977356,hurricane_cat2
Villalba,South,2026,20316.57249199336,20429.287878096555,20614.212793991952,20790.146024364192,21049.092894352187,21225.01475960037,21308.231177870424,hurricane_cat2
Villalba,South,2027,19960.407478259407,20032.405018510424,20187.49535320906,20454.67130718509,20688.3221292565,20911.88951394686,20992.85439580853,hurricane_cat2
Villalba,South,2028,19429.82042087706,19647.278791221248,19900.106723591154,20128.66395564301,20430.837308743612,20678.16868235252,20874.53018464365,hurricane_cat2
Villalba,South,2029,19231.925013367345,19321.629579401928,19566.79433862315,19829.94283211439,20130.81498582466,20441.007483353915,20574.3184648343,hurricane_cat2
Villalba,South,2030,18911.291640330288,19034.955402443888,19247.913760673313,19541.493967777016,19819.66091231928,20169.804244452167,20246.67522549766,hurricane_cat2
Yabucoa,East,2025,28390.55605966272,28469.945128404557,28647.765755113924,28852.629895057475,29063.046490677756,29243.95699937424,29363.232367856333,hurricane_cat2
Yabucoa,East,2026,27431.865207276616,27591.789728003667,27846.947821880472,28168.379372023664,28411.183641510732,28697.017294940313,28759.533057310535,hurricane_cat2
Yabucoa,East,2027,26710.330724305106,26915.70417798595,27138.374940966292,27487.98881035323,27834.643860559507,28121.84200261922,28277.769472196236,hurricane_cat2
Yabucoa,East,2028,26177.044080795447,26323.53871720654,26635.413877196017,27012.216568856667,27354.96060023044,27691.301048081867,27896.982732223467,hurricane_cat2
Yabucoa,East,2029,25553.33022274853,25843.92135540218,26073.576466518483,26456.82360628934,26908.879067676284,27305.942971119228,27587.31607001356,hurricane_cat2
Yabucoa,East,2030,25052.993926917658,25254.797721970917,25595.965487887872,26047.177657721953,26420.589802784532,26849.148874954917,27119.20991797458,hurricane_cat2
Yauco,South,2025,32165.137019265014,32274.25046068148,32447.038856903164,32675.330091405558,32823.32676504263,33046.951446263156,33248.48890134042,hurricane_cat2
Yauco,South,2026,31323.925732138356,31482.92912772619,31698.437207779243,31982.778308879162,32251.13316469335,32529.600524154823,32643.94682751804,hurricane_cat2
Yauco,South,2027,30627.687286592718,30846.188137715657,31095.026586393986,31430.395346917692,31755.47541225254,32083.156341650218,32301.170682069827,hurricane_cat2
Yauco,South,2028,30222.66971212872,30368.979480791386,30572.38374846281,30967.76153517908,31348.484363797335,31614.09539445125,31892.260171665126,hurricane_cat2
Yauco,South,2029,29618.96747273858,29926.854224471645,30226.662319937303,30581.6892490211,30895.187314083363,31337.857708538315,31559.929886489204,hurricane_cat2
Yauco,South,2030,29227.105223174432,29425.007531414703,29762.409735923506,30105.97749541269,30580.03322441454,31015.394687684213,31236.43478633837,hurricane_cat2
Adjuntas,Central Mountains,2025,17363.523419956786,17436.449446026836,17539.80329575306,17660.255460107128,17784.90108487124,17917.704988478097,17981.308697631284,hurricane_cat3
Adjuntas,Central Mountains,2026,16926.126933284544,16998.51031893048,17123.551295679514,17234.32151353466,17385.431561898986,17487.66878775963,17586.030859933944,hurricane_cat3
Adjuntas,Central Mountains,2027,16718.69222402722,16777.901927842606,16965.581159936046,17141.690278186114,17287.592556170628,17407.791453613005,17495.952020201803,hurricane_cat3
Adjuntas,Central Mountains,2028,16493.004372425607,16597.87668307861,16788.564272191154,16970.578903192145,17186.995003768254,17335.297683338435,17408.966850929522,hurricane_cat3
Adjuntas,Central Mountains,2029,16272.39166553226,16390.944962280617,16558.22546629875,16795.9822317992,17001.17190582724,17179.03718771724,17303.875273458965,hurricane_cat3
Adjuntas,Central Mountains,2030,16041.259311574619,16181.943176412331,16372.349005363118,16583.106645781176,16820.676315969482,16975.603009823775,17076.81123923978,hurricane_cat3
Aguada,West,2025,36591.49254800582,36722.48242756787,37005.236365965,37220.0990596391,37463.49487643577,37736.535134919046,37849.25367602422,hurricane_cat3
Aguada,West,2026,35523.44202211778,35738.915777049304,35992.56699222572,36307.463092916456,36651.136799806634,36934.92061194387,37215.65857990096,hurricane_cat3
Aguada,West,2027,35023.610722759986,35316.58978994936,35590.261987464706,35976.22150042891,36276.36729264501,36663.892135974056,36818.59172535786,hurricane_cat3
Aguada,West,2028,34520.39399735592,34797.17403673286,35129.83290497571,35468.405752894134,35880.457113190314,36162.82964743191,36458.03782066934,hurricane_cat3
Aguada,West,2029,34064.15818366275,34345.88141319483,34695.71822226286,35110.3763965597,35519.23869734146,35866.39138624291,36104.873440149626,hurricane_cat3
Aguada,West,2030,33559.425031394276,33783.995307791345,34259.69717954482,34618.03078637521,35108.9408355007,35487.93770436887,35800.73866247255,hurricane_cat3
Aguadilla,West,2025,51652.215457876315,52189.11185133421,52889.25459675427,53577.705447518965,54190.27270218245,54720.87281080617,55476.547170264515,hurricane_cat3
Aguadilla,West,2026,50165.41707278267,50710.20153727615,51389.931814141244,52174.47166767797,53029.29958838622,53730.84367451604,54174.37108585802,hurricane_cat3
Aguadilla,West,2027,49360.37031746524,49736.80561431848,50589.0759069605,51529.50911117125,52325.59630341019,53272.02468955309,53655.2015505834,hurricane_cat3
Aguadilla,West,2028,48515.92964079873,48942.137604081174,49822.094880912126,50861.413000681016,51960.09093069649,53059.195066173066,53447.04687313491,hurricane_cat3
Aguadilla,West,2029,47687.43718105811,48343.39944546923,49302.7209113589,50342.92583803332,51672.83917792649,52155.33477298105,53238.19046449191,hurricane_cat3
Aguadilla,West,2030,46798.17401658132,47399.77339752601,48695.4681685877,49873.10574649274,50770.873989743064,52061.00366485492,52751.01554799084,hurricane_cat3
Aguas Buenas,Central Mountains,2025,23123.4739966171,23187.000585461472,23330.45388226906,23447.754291123012,23588.124231720547,23704.66729255027,23753.772279158286,hurricane_cat3
Aguas Buenas,Central Mountains,2026,22477.52072251181,22538.468360569314,22703.183896660794,22904.844968106,23060.24637482245,23245.853540773995,23330.58034508596,hurricane_cat3
Aguas Buenas,Central Mountains,2027,22147.74962473115,22212.298732504256,22338.4970850656,22558.10872778856,22719.777314377206,22865.08519028237,22955.22435922704,hurricane_cat3
Aguas Buenas,Central Mountains,2028,21816.471875047042,21916.716272963757,22126.022790390052,22319.910132087636,22502.474364570622,22637.57292266728,22784.343644502103,hurricane_cat3
Aguas Buenas,Central Mountains,2029,21623.398463830577,21712.987661938743,21878.665118493394,22113.461258902556,22348.96407703875,22518.450886554343,22609.29196391966,hurricane_cat3
Aguas Buenas,Central Mountains,2030,21216.63827279893,21333.63768836418,21611.975529118143,21836.14029230227,22063.845584547234,22233.073767830287,22368.505291942623,hurricane_cat3
Aibonito,Central Mountains,2025,23475.070345760883,23718.54315907238,23961.429223077786,24273.7298141175,24605.47040296777,24790.962896795074,25095.13294090905,hurricane_cat3
Aibonito,Central Mountains,2026,22654.54699985447,22794.251865098686,23079.814465838797,23588.874066710763,23998.61669944539,24377.63893867287,24481.53745384059,hurricane_cat3
Aibonito,Central Mountains,2027,22159.764165687426,22458.96607788412,22769.0781971958,23242.22886331022,23687.762523805584,24052.481548583844,24321.95181055025,hurricane_cat3
Aibonito,Central Mountains,2028,21788.112615249687,22012.385217867515,22462.912937297857,23012.23925812458,23509.47368892208,23955.744335012903,24238.33774213073,hurricane_cat3
Aibonito,Central Mountains,2029,21400.18408697336,21590.58394712389,22096.266022246913,22717.84382165161,23311.703471152687,23871.647975960484,24306.37021083837,hurricane_cat3
Aibonito,Central Mountains,2030,20959.415285282503,21253.611845979874,21885.288981209436,22503.747673927734,23213.813487514883,23723.228288377024,24216.8720795222,hurricane_cat3
Arecibo,North,2025,83392.63644592416,83760.62195955946,84540.23087466639,85447.22550574515,86304.87561411443,87182.64971375231,87522.0659226542,hurricane_cat3
Arecibo,North,2026,80181.70372203246,81299.6189959543,82255.47899170718,83330.07149012128,84402.34073583003,85158.30835076084,86041.87290484297,hurricane_cat3
Arecibo,North,2027,79496.71679565338,80084.6552613761,81118.21059377422,82475.35058754327,83509.93149246622,84532.53601267171,85010.52676453454,hurricane_cat3
Arecibo,North,2028,78014.04069537087,79106.96257052367,80365.97040288636,81700.06242316766,82904.89075328116,84226.38453091205,84858.9806452827,hurricane_cat3
Arecibo,North,2029,77310.74119228705,78014.90235223917,79212.71658433085,80549.1594480209,82213.42700328422,83370.17577852894,84424.01325033829,hurricane_cat3
Arecibo,North,2030,76064.55412719859,77108.93025154794,78299.02097142945,79868.77244008078,81363.2486959426,82727.88706173633,83664.36328911828,hurricane_cat3
Arroyo,South,2025,14744.273330199549,14862.245548465025,14979.60944715561,15116.061063379519,15237.227967508048,15368.597428291621,15486.58443299984,hurricane_cat3
Arroyo,South,2026,14059.291363994627,14275.792445011439,14450.243097917684,14659.971143315288,14796.047056880445,15006.692607502435,15131.870579747801,hurricane_cat3
Arroyo,South,2027,13644.686971312436,13855.024855783624,14079.070841124043,14289.630369205202,14505.663277624568,14735.545544611421,14849.68389639284,hurricane_cat3
Arroyo,South,2028,13315.93081984952,13534.56361107739,13745.364642738821,14032.500543898412,14264.763245012824,14490.366658063944,14607.710596294395,hurricane_cat3
Arroyo,South,2029,13162.260931487184,13264.807537748564,13447.447487200832,13772.544696694182,14059.067527407857,14319.941284125656,14520.148733991895,hurricane_cat3
Arroyo,South,2030,12846.295361341821,12990.06611673706,13246.885072526338,13532.584107463746,13843.36199397657,14132.323775096249,14251.071325174618,hurricane_cat3
Añasco,West,2025,24615.285566424292,24675.632728600987,24793.63617866204,24950.566796106796,25074.27818239054,25204.260749674184,25255.93341400561,hurricane_cat3
Añasco,West,2026,23912.03226396087,24021.543281813676,24139.69758302116,24324.286969302153,24513.5268862311,24655.44568695414,24704.2052951678,hurricane_cat3
Añasco,West,2027,23561.788975865366,23631.39169884783,23775.7333575154,23960.338193979667,24132.587052490526,24307.37731237639,24447.532183978656,hurricane_cat3
Añasco,West,2028,23299.776903075526,23363.741591345188,23535.442779270255,23734.295728023102,23960.92778192139,24193.2793598802,24299.049623288574,hurricane_cat3
Añasco,West,2029,22916.527242641936,23085.138781147358,23267.80213086297,23522.026933040383,23727.15602644685,23925.59445162471,24008.4719563455,hurricane_cat3
Añasco,West,2030,22588.741225209502,22734.12694720951,22946.729068873192,23148.20696914039,23422.561627638046,23628.8223963126,23856.961170397284,hurricane_cat3
Barceloneta,North,2025,21812.635927466377,21946.756086880072,22106.128728521566,22262.20092047443,22434.060650098538,22634.61640834374,22717.731042637995,hurricane_cat3
Barceloneta,North,2026,21146.51454673234,21285.060650975152,21442.921945283633,21695.734320091058,21904.969602399877,22112.90546195849,22260.244296714136,hurricane_cat3
Barceloneta,North,2027,20815.66014581191,20947.679375716016,21167.983302956047,21373.692396171948,21687.533546606952,21897.274854081435,22034.78154313404,hurricane_cat3
Barceloneta,North,2028,20514.257714891228,20679.552290081243,20938.01701396485,21260.250693824204,21466.003003649486,21683.80454821738,21891.427505212738,hurricane_cat3
Barceloneta,North,2029,20350.172125762274,20484.225431109855,20707.153844134482,20957.936600671914,21247.70091049898,21538.179863979345,21718.796747446402,hurricane_cat3
Barceloneta,North,2030,20055.714754339442,20192.766435924885,20470.956914442504,20694.397949040846,21006.352366542174,21308.838133350113,21485.087830125,hurricane_cat3
Barranquitas,Central Mountains,2025,28079.508390795785,28168.28412480776,28398.707751144735,28580.567960836735,28792.446778779347,29017.201484802936,29072.021866343814,hurricane_cat3
Barranquitas,Central Mountains,2026,27122.912504392294,27318.518532685117,27594.544157374126,27913.104626922977,28141.22998865016,28394.401465236635,28519.419086144302,hurricane_cat3
Barranquitas,Central Mountains,2027,26732.995485653864,26878.0634503589,27282.96606860488,27601.61837716263,27888.187297378714,28063.34193742786,28172.07693026219,hurricane_cat3
Barranquitas,Central Mountains,2028,26468.11649742479,26589.810073190554,26901.13875699607,27300.27932230455,27625.735480259522,27876.929316480422,28093.39977417539,hurricane_cat3
Barranquitas,Central Mountains,2029,26100.182461733235,26288.905506066334,26633.489611299487,27018.65375455319,27328.031943081958,27645.010613307593,27895.01256921095,hurricane_cat3
Barranquitas,Central Mountains,2030,25525.905172828447,25908.695759612263,26348.122743272434,26756.38698318396,27131.629172939716,27539.813650224307,27754.347019152,hurricane_cat3
Bayamón,Metro,2025,175029.3780650814,175948.28528183748,178191.84320123488,180161.9423850139,182163.21151465696,183897.55562887402,184528.15280505057,hurricane_cat3
Bayamón,Metro,2026,168611.2990371439,169575.87774671314,172066.63108068498,175038.60471144645,177182.46657046393,181030.0641536687,181825.6099279548,hurricane_cat3
Bayamón,Metro,2027,165086.6240816794,166059.85545024762,168965.58348042774,171980.17005024495,175341.44787479052,177566.47674036256,178843.89282564123,hurricane_cat3
Bayamón,Metro,2028,162138.59967545417,163370.37423991508,166215.06582253275,169248.35733484768,173238.2207907699,176930.03215290981,179154.99838590846,hurricane_cat3
Bayamón,Metro,2029,160017.51641437132,161017.8815566277,164514.41041514836,167821.78004650812,172251.88087975088,175959.75029016257,177663.92052903585,hurricane_cat3
Bayamón,Metro,2030,157864.1611946975,158742.03440516064,161676.53493957725,166390.60876320826,170970.20540833985,174370.38995072406,175680.24875111677,hurricane_cat3
Cabo Rojo,West,2025,45673.61753950681,45852.252845972565,46060.8517088723,46284.39801844472,46550.67406511024,46816.78958696622,46998.068711953805,hurricane_cat3
Cabo Rojo,West,2026,44468.44766294864,44617.12297202357,44809.83809877082,45112.4326307428,45419.98755956988,45793.249935942134,45920.57367633453,hurricane_cat3
Cabo Rojo,West,2027,43915.3590523954,44117.711732653515,44339.12724623047,44628.802253197486,44953.81340856745,45283.00751654854,45431.790702073,hurricane_cat3
Cabo Rojo,West,2028,43641.94171258937,43769.847999632555,44042.071762923486,44318.69855935698,44669.58645507104,45180.05632422379,45326.940564430755,hurricane_cat3
Cabo Rojo,West,2029,42914.97495575501,43074.17490087832,43478.793310080604,43813.13585512268,44187.50973012396,44583.10053088814,44798.12799280368,hurricane_cat3
Cabo Rojo,West,2030,42095.2563368153,42400.08640006736,42735.730443478606,43158.423493942726,43632.95505700981,43905.5894377355,44159.703592201025,hurricane_cat3
Caguas,East,2025,120984.97837766906,121393.9204572254,122316.78821097486,123125.33538539006,123905.09817943072,124626.60636528626,125091.53191740683,hurricane_cat3
Caguas,East,2026,116359.78947172672,117009.09385488913,117797.27324131483,118971.11924739761,119879.97877611224,120828.60628990662,121270.60173018248,hurricane_cat3
Caguas,East,2027,113663.9675044221,114109.01488956947,115108.27707828266,116234.59886186462,117383.87752139554,118353.25835159687,118993.6734827449,hurricane_cat3
Caguas,East,2028,111216.1225672432,111869.96016706889,113162.52008920225,114266.09423530783,115397.16520614171,116603.20929522479,117366.69077907475,hurricane_cat3
Caguas,East,2029,109636.17151538076,110151.67394470792,111190.33805196793,112229.61856832603,113702.23255312625,115116.63278187046,116254.12392111354,hurricane_cat3
Caguas,East,2030,107263.48488967809,108054.28326829924,109391.7944855614,110942.544559575,112061.83731857358,113210.244382202,113878.95710000447,hurricane_cat3
Camuy,North,2025,31219.98275018689,31534.564870987026,31845.324456845905,32264.35372921107,32672.97051824947,32883.68425444413,33081.15983091521,hurricane_cat3
Camuy,North,2026,30338.873687573214,30584.84015348138,31028.97154534475,31512.545556885583,31905.621681783658,32271.772219053244,32465.707722342297,hurricane_cat3
Camuy,North,2027,29983.07015929539,30266.09467001802,30791.474190599234,31193.245975285903,31528.723786432114,31949.81946981781,32160.295993506217,hurricane_cat3
Camuy,North,2028,29554.414730066273,29691.160148520637,30298.21837340096,30755.234514585056,31349.297294133554,31830.906633416394,32148.94586243978,hurricane_cat3
Camuy,North,2029,29213.492093159497,29501.427931630977,29898.99114284184,30535.764031350074,31099.411829756973,31522.4889215117,31828.10892207588,hurricane_cat3
Camuy,North,2030,28782.889686524733,29039.2872814546,29620.436625595205,30187.589995641683,30780.265227270054,31290.043006853783,31550.407950550416,hurricane_cat3
Canóvanas,East,2025,40174.90110670843,40325.621665894825,40662.066231028744,40987.15891178219,41357.7711291344,41627.00380080958,41808.33428720614,hurricane_cat3
Canóvanas,East,2026,38545.14695032942,38640.01737290767,38991.83044645423,39598.437472716716,39987.215183713575,40309.94641043858,40677.87828833986,hurricane_cat3
Canóvanas,East,2027,37374.28829522328,37681.32682742553,38149.389174197844,38567.558257180324,38986.51144299715,39518.99997643498,39748.56433109484,hurricane_cat3
Canóvanas,East,2028,36553.58104936426,36844.53333757337,37280.30489557407,37859.357273652466,38496.41069629842,38960.51418526784,39312.11691808648,hurricane_cat3
Canóvanas,East,2029,35705.681277780386,35949.30863155149,36637.84397702027,37245.826099079684,37871.699767422535,38390.604684979415,38735.07409939445,hurricane_cat3
Canóvanas,East,2030,34951.105492834155,35321.538796218556,35983.04568859901,36590.50154531027,37165.536163748584,37844.799150750056,38102.470291307334,hurricane_cat3
Carolina,Metro,2025,146748.91249770072,147778.5115608116,148996.2665421443,150333.93928504776,151316.6069063657,152731.0479054087,153420.6774358893,hurricane_cat3
Carolina,Metro,2026,141349.41115861034,142340.74785949968,143986.44556478024,145695.338721612,147228.7737001608,148986.77620019388,150008.92410632194,hurricane_cat3
Carolina,Metro,2027,138613.9642896494,139605.72129060948,141690.6358195324,143391.82315493253,145339.82872298677,146913.38676262574,148069.27984045967,hurricane_cat3
Carolina,Metro,2028,136847.63841145745,138253.93863137666,140062.65190068213,142133.4218987436,144065.04792623656,146213.80636056775,147050.67429166913,hurricane_cat3
Carolina,Metro,2029,135175.27837670344,136170.8970918689,137786.30669977464,140032.08246040094,142620.07419849036,144907.92981375262,145764.65675017197,hurricane_cat3
Carolina,Metro,2030,133296.01552953754,134406.64242446196,135937.24603482505,137887.45775734872,140826.10549259686,142822.17903578965,144318.7945726627,hurricane_cat3
Cataño,Metro,2025,21998.911237557335,22043.791495724927,22151.6355373972,22243.68241931472,22340.49699507749,22499.317693756613,22560.290971736387,hurricane_cat3
Cataño,Metro,2026,21385.098832780317,21460.50952944394,21581.161888279054,21696.48607711579,21837.97247340622,22019.31029288689,22160.05843267797,hurricane_cat3
Cataño,Metro,2027,20912.284276435235,21015.881447984808,21185.68704361699,21369.421392722397,21533.015219118308,21672.55687151689,21731.64426341245,hurricane_cat3
Cataño,Metro,2028,20644.49355675411,20759.457335323972,20942.08295290769,21130.263889639253,21270.80083340017,21484.989419638496,21618.898843371382,hurricane_cat3
Cataño,Metro,2029,20362.53714990342,20487.11344985708,20702.471848876252,20908.044438209814,21072.79122477986,21285.606213580333,21347.98734498871,hurricane_cat3
Cataño,Metro,2030,20090.931490903804,20197.463476697532,20391.649621115204,20595.863972732295,20805.078862274902,20952.035791987786,21117.20167040157,hurricane_cat3
Cayey,Central Mountains,2025,40123.510412300035,40225.04048408454,40391.6891467282,40602.26268165936,40789.963167769674,40950.0991326669,41048.391610684455,hurricane_cat3
Cayey,Central Mountains,2026,38680.44510302805,38872.80404526035,39096.835787252,39472.34579080588,39717.76804063469,40014.19872147856,40176.87063472161,hurricane_cat3
Cayey,Central Mountains,2027,38011.75160761052,38168.29142824316,38475.64954764507,38795.63708585669,39159.47325117537,39419.02701612193,39488.320556800805,hurricane_cat3
Cayey,Central Mountains,2028,37657.272355564055,37781.12116111154,38164.957204084414,38458.94322991913,38790.74081501053,39177.503266445776,39418.4831407314,hurricane_cat3
Cayey,Central Mountains,2029,37211.18880537509,37321.881693408744,37740.14447247774,38109.83788484182,38531.24449972813,38939.327884328755,39030.140947898275,hurricane_cat3
Cayey,Central Mountains,2030,36643.20944943456,36926.380852221424,37219.93768653086,37669.20407272912,38017.581368286454,38375.3140585331,38665.46903294964,hurricane_cat3
Ceiba,East,2025,10611.294753033979,10663.28402530943,10722.685248414493,10816.456140092669,10934.289946323755,10994.155091644974,11047.664939396627,hurricane_cat3
Ceiba,East,2026,10235.809486852067,10289.982859974172,10372.742517354496,10480.734904559882,10590.617440943823,10686.330418408606,10770.68659536656,hurricane_cat3
Ceiba,East,2027,9896.154310650762,9962.095754824533,10097.284372973494,10244.019532443916,10368.717988091463,10477.42397978444,10555.742837558164,hurricane_cat3
Ceiba,East,2028,9671.883595369289,9768.034091259426,9900.80171309366,10038.594075944562,10175.363593806713,10287.20204019512,10352.383911086916,hurricane_cat3
Ceiba,East,2029,9489.831000201742,9561.903409584433,9723.899657025993,9873.623418852734,10013.66982388644,10146.01189535605,10199.892055229679,hurricane_cat3
Ceiba,East,2030,9352.908594787881,9420.274775345071,9548.080428384452,9729.58917496097,9855.920966436961,10025.329008106028,10107.626211851475,hurricane_cat3
Ciales,Central Mountains,2025,16133.005402349192,16242.74572120339,16382.143144976217,16559.75485812094,16746.589209592345,16930.955547310372,17005.148284110994,hurricane_cat3
Ciales,Central Mountains,2026,15609.63658922082,15678.728314923022,15906.613965130584,16131.94067016866,16368.553947920154,16599.95529375796,16769.40237576938,hurricane_cat3
Ciales,Central Mountains,2027,15425.14152681851,15570.751268457356,15749.614158463504,15993.208765627282,16179.938814971803,16389.071098373843,16523.316533197158,hurricane_cat3
Ciales,Central Mountains,2028,15184.817145563624,15343.381010237292,15584.231547704176,15816.544586650856,16067.227882502462,16305.152286595785,16516.353698859413,hurricane_cat3
Ciales,Central Mountains,2029,15002.179881888145,15075.046874585309,15338.713411299439,15600.27332332336,15922.381993922023,16145.778601871149,16433.763069247118,hurricane_cat3
Ciales,Central Mountains,2030,14839.348241377316,14915.242599802841,15153.919701747773,15465.650684414868,15797.835438078759,16057.291686205903,16368.6580773274,hurricane_cat3
Cidra,Central Mountains,2025,38514.16012392247,38587.05326450741,38782.156099838,39079.60760328364,39416.57202998348,39635.47457147797,39782.17892321644,hurricane_cat3
Cidra,Central Mountains,2026,37312.74244112888,37441.46738979679,37666.554641535935,38062.397841690385,38380.817062327675,38774.911991580804,38927.85964255575,hurricane_cat3
Cidra,Central Mountains,2027,36478.62610159725,36741.208648223386,37094.11846598473,37524.28708067363,37940.45080651098,38288.26949095512,38506.48767286803,hurricane_cat3
Cidra,Central Mountains,2028,36079.35373161329,36420.7660977778,36719.90592528388,37156.454588365144,37613.067664689734,38067.15211838511,38332.67185036816,hurricane_cat3
Cidra,Central Mountains,2029,35730.285157381375,35909.53175904576,36300.68726269301,36842.467349749466,37336.903367951,37701.68279885908,38106.393116263884,hurricane_cat3
Cidra,Central Mountains,2030,35025.10320453656,35324.06721207614,35853.36404834913,36383.65571887008,36985.21913496471,37414.25051061249,37626.39875000587,hurricane_cat3
Coamo,South,2025,32613.927582824184,32868.95558617684,33167.05281399856,33549.70443541995,33933.94805267754,34239.12043342015,34433.31599766958,hurricane_cat3
Coamo,South,2026,31297.056387179102,31518.177357100893,32029.907966975166,32512.725437888625,33326.685693448024,33831.86464365902,34020.35400779542,hurricane_cat3
Coamo,South,2027,30567.23935930362,30839.75467678587,31272.920830043742,31870.090921508323,32648.939331896625,33108.566714088476,33368.08475166432,hurricane_cat3
Coamo,South,2028,29884.821978248383,30042.086024721328,30709.97279452617,31373.522206156373,32058.701866838484,32694.172514464728,33066.95122139613,hurricane_cat3
Coamo,South,2029,29200.553757524893,29483.021118718163,30197.278558341714,31007.967896538532,31704.615994808646,32518.04495639062,33051.62718213826,hurricane_cat3
Coamo,South,2030,28584.93102702003,28978.84148294393,29579.449252264945,30492.0544193791,31157.27617952039,31989.377736837727,32280.372286376678,hurricane_cat3
Comerío,Central Mountains,2025,18255.413316191294,18314.044378393286,18401.834395213133,18484.357896412646,18590.74786628053,18657.79925596812,18690.436203027537,hurricane_cat3
Comerío,Central Mountains,2026,17649.570975520535,17747.878677818688,17858.618295425797,17993.370569306942,18090.638413180022,18174.492835594625,18227.573133826605,hurricane_cat3
Comerío,Central Mountains,2027,17411.99159456603,17508.462707197985,17600.42117862704,17731.63452520482,17861.440664123762,17957.347306224023,18033.484630398594,hurricane_cat3
Comerío,Central Mountains,2028,17234.49226696112,17319.684817575737,17439.656221733647,17586.499229104396,17690.399579191362,17829.94406973527,17874.479218497614,hurricane_cat3
Comerío,Central Mountains,2029,16968.30978322002,17076.858187572318,17255.003356379755,17390.276863054634,17566.655669089814,17687.017924632655,17759.39622340795,hurricane_cat3
Comerío,Central Mountains,2030,16793.699820557085,16877.72905842883,17036.36129042303,17246.718361061,17384.452215851903,17549.272227355883,17649.993277507707,hurricane_cat3
Corozal,Central Mountains,2025,33224.38262526137,33432.3831573025,33667.45013591847,33951.642311850395,34244.54648060819,34533.19766454349,34691.99823061352,hurricane_cat3
Corozal,Central Mountains,2026,32162.165523444495,32361.30968911369,32748.702784693345,33148.64513043521,33506.073991113815,33800.48635099181,34030.112194236775,hurricane_cat3
Corozal,Central Mountains,2027,31588.476894029307,31797.892461410855,32173.694002982273,32705.204833067342,33117.27858378319,33541.41068306561,33722.869802922105,hurricane_cat3
Corozal,Central Mountains,2028,31034.384621636393,31248.668321269048,31841.651767570853,32270.923494800267,32745.36823814258,33166.493132843214,33346.56060340435,hurricane_cat3
Corozal,Central Mountains,2029,30693.95283874356,30918.29342966661,31375.302614685363,31981.27354089093,32504.64162880826,32887.37765598083,33139.63602856728,hurricane_cat3
Corozal,Central Mountains,2030,30200.967812395185,30523.516714727335,31082.4217587567,31695.098634842845,32192.311928915522,32774.00993996022,32899.9372883326,hurricane_cat3
Culebra,East,2025,1278.9998182188813,1296.7436140672062,1326.2117664795533,1356.874857384863,1384.4458297787683,1406.6313891731963,1421.4508641288658,hurricane_cat3
Culebra,East,2026,1203.762051264251,1214.0726211698227,1256.0249829156016,1298.3080220624724,1339.0012039489116,1361.540803631691,1388.4732220040528,hurricane_cat3
Culebra,East,2027,1144.8584463156524,1168.8405321104049,1204.168319721404,1254.9177703754399,1302.0157745297208,1345.8261994560492,1379.6001793638097,hurricane_cat3
Culebra,East,2028,1096.3104900580836,1128.5410609775076,1165.1654152486476,1219.8016076308215,1269.7876898684804,1317.9428919186466,1364.8589902079066,hurricane_cat3
Culebra,East,2029,1067.0087048329115,1083.769039274034,1129.1304788863813,1186.6856550563828,1255.976337140895,1306.667076420414,1328.7184602943532,hurricane_cat3
Culebra,East,2030,1023.6407115204549,1051.2502561704118,1094.270899768935,1153.4661521952714,1218.815812044502,1269.533068740824,1309.7202606110218,hurricane_cat3
Dorado,North,2025,34857.34845169642,34992.39335508853,35168.896626911664,35362.59128702701,35572.11197991376,35773.57305940753,35910.57734000441,hurricane_cat3
Dorado,North,2026,33873.14471030115,34000.1293186274,34236.5363427954,34510.82314163784,34736.90631462974,34955.99893127662,35055.17402643852,hurricane_cat3
Dorado,North,2027,33304.27757675888,33457.31688923177,33749.37802664156,34051.86518875372,34298.03969284876,34535.56781799905,34719.442365943796,hurricane_cat3
Dorado,North,2028,32901.359298136376,33081.32445405386,33332.25410372669,33675.39809451868,34025.13241297765,34306.66959184816,34424.18184099201,hurricane_cat3
Dorado,North,2029,32525.811410082115,32681.581836275298,33023.73733952784,33336.487403500214,33761.8536414094,33995.25764577587,34174.50886812362,hurricane_cat3
Dorado,North,2030,31924.344721862817,32292.6445016989,32638.24120148129,32970.553457303846,33275.83181004214,33600.73154429276,33746.989464082464,hurricane_cat3
Fajardo,East,2025,30089.86943078323,30292.13371504147,30644.175778434204,31004.808132892897,31360.43496813704,31708.714463139626,31944.934470009437,hurricane_cat3
Fajardo,East,2026,28623.822653271254,28816.720216332084,29339.936116649704,29935.765327532317,30385.18394475323,30809.928855450853,31122.537279533477,hurricane_cat3
Fajardo,East,2027,27734.827648729013,27977.78186929427,28408.14644651939,29111.828876218344,29674.457853287087,30044.8648130571,30452.8781893877,hurricane_cat3
Fajardo,East,2028,26989.345979097245,27281.7160579841,27616.09493603648,28554.1439889014,29277.75843969709,29769.17458038975,30170.820363226714,hurricane_cat3
Fajardo,East,2029,26455.14337104038,26654.275218948293,27181.599033794744,27989.427270461398,28764.37814790005,29451.43580283743,30059.055204669115,hurricane_cat3
Fajardo,East,2030,25845.771255576587,26041.553541895995,26687.69404959659,27608.495266956033,28285.88401091154,28885.864967332378,29347.315396201153,hurricane_cat3
Florida,North,2025,11183.929324882556,11225.497170516479,11290.582982601483,11366.342971038133,11447.528521562934,11515.359881614808,11537.905805831524,hurricane_cat3
Florida,North,2026,10888.077959348724,10926.620986378835,11025.526589403544,11110.673672950365,11189.017696266663,11265.2288029297,11312.724802210496,hurricane_cat3
Florida,North,2027,10708.714370587404,10774.09048654336,10868.305079144653,10992.544809534778,11078.753388296664,11164.114104208493,11240.803127193238,hurricane_cat3
Florida,North,2028,10537.178711249686,10629.334042663097,10718.354493351711,10847.223941263335,10946.975656479168,11048.436836006967,11115.626801874392,hurricane_cat3
Florida,North,2029,10434.26423495134,10501.22468621788,10602.511175521282,10707.791002317286,10851.904603607925,10957.515998691795,11006.267127571498,hurricane_cat3
Florida,North,2030,10313.660653262423,10365.24288056051,10486.11111607678,10622.062975565346,10744.601740610173,10854.589911888894,10908.938440632759,hurricane_cat3
Guayama,South,2025,33958.48414229087,34104.19430911521,34474.14886496928,34813.17476723128,35062.17474623871,35371.101464712876,35516.82561056917,hurricane_cat3
Guayama,South,2026,32849.48156415387,33003.003543097984,33357.144584730326,33736.789788144866,34213.90167472897,34553.12673867836,34742.06687221036,hurricane_cat3
Guayama,South,2027,31754.85623881547,32164.031460193575,32576.375777718844,33026.338249706336,33565.95722993034,33961.81611570403,34175.705626091054,hurricane_cat3
Guayama,South,2028,31173.249654236122,31388.044923232086,31993.39076630747,32434.31059558836,32927.48759454771,33497.64906005761,33871.77271342951,hurricane_cat3
Guayama,South,2029,30654.187634135953,30861.69571207621,31301.83991778915,31864.278806329785,32386.784569856805,33004.17398015321,33418.1670788678,hurricane_cat3
Guayama,South,2030,29712.334498484262,29930.96427916001,30751.098714137013,31374.338763732972,32004.086630031194,32633.63433032598,33027.78553306596,hurricane_cat3
Guayanilla,South,2025,16715.935383740176,16775.02823988325,16864.22093278034,16961.14045702135,17032.157577180587,17139.382458508877,17174.538505189917,hurricane_cat3
Guayanilla,South,2026,16182.450598085694,16251.485790636347,16352.698442675995,16501.975903761722,16632.677267659674,16762.002801952003,16795.612405129235,hurricane_cat3
Guayanilla,South,2027,15836.35898907045,15901.453288543895,16048.030992900925,16184.331685007657,16329.939845783403,16460.67284471034,16512.56471300327,hurricane_cat3
Guayanilla,South,2028,15553.071102259602,15627.082784960528,15801.755177750643,15944.479091088226,16098.994651874751,16304.523630182615,16371.659404876498,hurricane_cat3
Guayanilla,South,2029,15346.707231056267,15432.846172370024,15621.276644104299,15770.805090127918,15920.074623499899,16205.03857798641,16266.963391192043,hurricane_cat3
Guayanilla,South,2030,15122.22459430344,15203.120249295609,15398.731004598169,15565.873874264937,15742.54957037278,15995.675597177667,16067.057569950997,hurricane_cat3
Guaynabo,Metro,2025,85617.12496546085,86096.05646835004,86977.77841826662,87820.18419776099,88719.1455319176,89449.20631247375,89999.60435184343,hurricane_cat3
Guaynabo,Metro,2026,82635.90776410965,83286.32957274716,84187.7213484541,85318.48680565125,86530.98659957692,87519.93278369028,88245.7159109571,hurricane_cat3
Guaynabo,Metro,2027,81147.82329885999,81913.34111328596,83045.04841941339,84259.03722212517,85220.40170998817,86308.145037601,87253.0472468421,hurricane_cat3
Guaynabo,Metro,2028,79764.6564691618,80765.87461982324,81952.30358161413,83417.7175166274,84457.68674771977,86009.74271064723,86661.29409183947,hurricane_cat3
Guaynabo,Metro,2029,78655.04992411005,79623.06640514395,81066.75566031937,82333.46910058113,84023.06883365341,85364.12090023959,86332.25152161381,hurricane_cat3
Guaynabo,Metro,2030,77282.22981770834,78146.24955821109,79946.943286045,81156.7312113849,82962.46259987744,84732.43246985869,85748.79895692981,hurricane_cat3
Gurabo,East,2025,37934.28657548961,38136.91291131641,38783.37400796209,39334.82649935342,40053.90743364339,40541.44267354821,40931.808360350224,hurricane_cat3
Gurabo,East,2026,35988.055847775024,36475.72995939644,37285.206803308654,38059.06624578591,38878.316406851154,39385.004584752016,39867.94505043574,hurricane_cat3
Gurabo,East,2027,34752.615416668756,35200.42896802123,35890.66660434823,36993.01621924809,37914.46300076998,38820.771382618135,39192.50371698357,hurricane_cat3
Gurabo,East,2028,33681.73787064971,34097.11818730952,35291.06370660251,36381.61482175022,37349.97514291707,38547.926435090645,38833.56663722426,hurricane_cat3
Gurabo,East,2029,32777.87320736991,33482.56568628805,34547.45568029127,35669.80244734204,36905.709994394376,37951.981457088725,38764.62811279226,hurricane_cat3
Gurabo,East,2030,31916.61111155098,32548.84351714798,33716.40880251939,34917.42659057543,36217.33897343704,37370.27520081831,38566.60299444789,hurricane_cat3
Guánica,West,2025,12310.371981985603,12365.28706030717,12475.70064482638,12582.65425433823,12718.668892701995,12827.125232543594,12866.284941279479,hurricane_cat3
Guánica,West,2026,11747.72373509214,11836.052105042925,11978.503516276289,12151.8634372676,12295.594116610213,12416.460725990166,12497.787872651626,hurricane_cat3
Guánica,West,2027,11307.671202181104,11417.676380610821,11623.617393763414,11783.373047168054,11999.241190451363,12175.15777574604,12307.318988542309,hurricane_cat3
Guánica,West,2028,10891.814296419265,11058.89268455335,11275.693261475823,11522.385176520627,11736.215969714403,11982.720417163326,12045.07105509286,hurricane_cat3
Guánica,West,2029,10640.63834515174,10785.293090992172,11086.489806551608,11293.140216901604,11527.104170722421,11750.487578862043,11901.882587349432,hurricane_cat3
Guánica,West,2030,10441.263151742061,10570.656195804331,10811.377274993101,11068.535011845857,11328.94745464767,11554.864093737715,11740.798719755376,hurricane_cat3
Hatillo,North,2025,37206.985802077426,37296.75569875021,37544.05221521055,37753.27856999585,37981.125038514496,38175.268791641545,38259.038101009464,hurricane_cat3
Hatillo,North,2026,36054.732286813625,36267.66813329431,36564.6807011912,36824.70474843285,37125.202985373,37363.37176868743,37514.38448303401,hurricane_cat3
Hatillo,North,2027,35698.85839477754,35894.362636398975,36150.68882933128,36414.262880162605,36756.98687762432,37023.903603951236,37178.57952162936,hurricane_cat3
Hatillo,North,2028,35268.76940060764,35352.84888512001,35735.8164284244,36046.43522309387,36358.94428494643,36657.331309109795,36785.5265816037,hurricane_cat3
Hatillo,North,2029,34728.89015965665,34905.25866677554,35248.4047729033,35672.92271378475,36032.33652158688,36357.575939016,36576.65599123356,hurricane_cat3
Hatillo,North,2030,34169.34820179395,34474.82574866412,34875.75371961493,35280.564758547676,35655.95944075277,36061.321790565766,36340.24614243835,hurricane_cat3
Hormigueros,West,2025,15117.38433172677,15152.563110172725,15205.75123677928,15286.807215547535,15358.561396750953,15427.76030641406,15469.882317884381,hurricane_cat3
Hormigueros,West,2026,14645.722517429778,14688.337351868162,14786.932947363617,14882.738030266271,15000.19680149005,15080.56755173798,15142.46939427131,hurricane_cat3
Hormigueros,West,2027,14486.605429223124,14537.853006820611,14624.069174909224,14731.685320078303,14823.342186976546,14918.203242830747,14983.515933873754,hurricane_cat3
Hormigueros,West,2028,14340.209033979452,14439.860909164967,14540.651720851183,14632.497318054031,14765.798793758724,14848.500970094943,14896.377243247283,hurricane_cat3
Hormigueros,West,2029,14135.589681725745,14174.246111447765,14310.010348466178,14449.27682750151,14595.728941065223,14697.787019013063,14780.055347636722,hurricane_cat3
Hormigueros,West,2030,13959.09673903975,13989.678268693957,14109.509820979818,14244.858505517928,14365.279555689354,14505.057207415472,14561.527094721423,hurricane_cat3
Humacao,East,2025,48490.064209684046,48620.07183059642,48904.754653653115,49218.96231087946,49465.50118317253,49660.3679319261,49867.45877034687,hurricane_cat3
Humacao,East,2026,46650.76292915801,46831.202674274966,47129.64600977698,47429.83656927258,47757.813354909566,48025.990661956894,48278.53948816397,hurricane_cat3
Humacao,East,2027,45388.0971348698,45614.489559906695,45967.5972982532,46310.143135228645,46764.338487616784,47042.40487071726,47234.67668109589,hurricane_cat3
Humacao,East,2028,44537.46325347934,44732.1859730456,45080.63308340224,45515.69294711275,45888.78803017475,46285.248186526034,46512.01804486845,hurricane_cat3
Humacao,East,2029,43856.2596508009,44086.404235592076,44375.99712458514,44861.1915407282,45328.49503790889,45809.72314383603,46112.24278633609,hurricane_cat3
Humacao,East,2030,43113.88237330605,43326.6083677496,43738.18776124699,44187.6838510036,44671.260355329985,45084.2518457653,45368.51841398947,hurricane_cat3
Isabela,West,2025,41230.020598778996,41474.71505150764,41847.179939305104,42254.049877816025,42698.047343864884,43143.12544561019,43353.94979697464,hurricane_cat3
Isabela,West,2026,39880.381483889956,40326.86709423859,40747.28484699023,41190.818408100036,41739.97541091669,42297.419007633194,42558.75184207225,hurricane_cat3
Isabela,West,2027,39497.13236343154,39774.03131196943,40265.57210076689,40828.878628311555,41307.81610278094,41832.901200208595,42092.87209463974,hurricane_cat3
Isabela,West,2028,38849.085003810455,39187.37495334546,39617.09310615236,40397.98782151092,40952.30984660112,41496.64644671928,41857.10432553387,hurricane_cat3
Isabela,West,2029,38243.96817413187,38632.66294266571,39146.55898756477,39724.662075255896,40448.83875470969,41099.00913672639,41315.72183229429,hurricane_cat3
Isabela,West,2030,37698.90992411565,38100.21607076048,38709.8462685641,39314.267216881504,39948.625764747994,40777.52044760208,41154.63048341425,hurricane_cat3
Jayuya,Central Mountains,2025,14112.56980658328,14179.404295829163,14280.77003956557,14423.223219206215,14564.077789650913,14699.956295011776,14789.313949899237,hurricane_cat3
Jayuya,Central Mountains,2026,13692.840822670454,13766.45366086279,13888.959670101736,14069.499038937829,14242.238960405064,14412.652231694734,14555.499124981874,hurricane_cat3
Jayuya,Central Mountains,2027,13486.581254096669,13558.30935875562,13734.556531283555,13942.033391504088,14073.911788383788,14257.567232786441,14362.08893994221,hurricane_cat3
Jayuya,Central Mountains,2028,13313.780971197148,13386.770742935014,13596.103465288725,13788.682491920314,13978.616615712806,14182.91844852763,14318.778046169144,hurricane_cat3
Jayuya,Central Mountains,2029,13160.582743338035,13237.518240538313,13406.988782342614,13642.97258297243,13910.131540707833,14089.779324817826,14226.549965695902,hurricane_cat3
Jayuya,Central Mountains,2030,12998.759985261606,13121.489458081453,13254.255247639332,13468.82542062289,13712.002280724791,13962.84306447314,14065.095180503573,hurricane_cat3
Juana Díaz,South,2025,44727.62423388763,44884.90731818563,45142.74384583191,45512.9864588457,45901.910190782306,46233.31069046999,46356.28894544857,hurricane_cat3
Juana Díaz,South,2026,43170.78362440176,43353.4272320507,43740.075610615284,44293.18583388708,44778.94600158547,45198.57932639433,45450.2089297627,hurricane_cat3
Juana Díaz,South,2027,42094.89568426996,42378.21735051195,42820.11403419005,43372.571805636486,44041.4940073076,44510.16120431766,44793.389235952076,hurricane_cat3
Juana Díaz,South,2028,41233.31555628105,41580.68537683828,42137.940908048986,42745.201848845274,43315.34719854752,43863.80802804316,44349.794550888575,hurricane_cat3
Juana Díaz,South,2029,40528.97534394983,40879.763393620284,41527.2190722317,42099.960699476644,42785.65142422673,43462.69684400269,43772.23115000983,hurricane_cat3
Juana Díaz,South,2030,39812.619143551514,40157.25869574085,40776.27593512117,41601.12225994641,42204.685240876395,42748.201672049334,42919.14485611424,hurricane_cat3
Juncos,East,2025,35633.51152528708,35750.23057646033,35916.06804071413,36151.366179231045,36395.04418636511,36572.00203632505,36657.24045969214,hurricane_cat3
Juncos,East,2026,34121.088653295315,34296.975033635936,34532.24095514855,34812.72004900094,35131.24126045833,35357.943350944464,35479.10000731055,hurricane_cat3
Juncos,East,2027,32978.756065926114,33241.57601795086,33572.30473831579,33969.144668957975,34287.11767632158,34610.92100462311,34780.97041725522,hurricane_cat3
Juncos,East,2028,32262.347424793585,32420.464668499553,32805.82355118717,33280.53199075299,33701.86830304947,34091.46312371375,34201.917791462474,hurricane_cat3
Juncos,East,2029,31754.02137210139,31949.00271558926,32327.914449529067,32762.58434310253,33179.253479500236,33439.80526200407,33675.89639439466,hurricane_cat3
Juncos,East,2030,31159.707438737,31369.049351404876,31837.270636039182,32256.364792868822,32650.82200934657,32981.40319081701,33177.84324525229,hurricane_cat3
Lajas,West,2025,22203.378608346582,22367.960906473927,22594.60235133339,22818.905719135877,23019.01197062141,23161.85703765329,23350.35445863706,hurricane_cat3
Lajas,West,2026,21606.489570984413,21723.2445532794,21974.867075213617,22269.706611819092,22502.917920562722,22812.04980134072,22926.466549525026,hurricane_cat3
Lajas,West,2027,21445.841327582377,21557.90103292847,21764.565509417167,21998.254394101416,22328.4748773494,22616.349049293403,22721.023909777432,hurricane_cat3
Lajas,West,2028,21122.699447662395,21265.064600939553,21584.784104529528,21917.14690192596,22211.43691893001,22443.065705323792,22634.881107471276,hurricane_cat3
Lajas,West,2029,20941.54576148664,21065.06990173618,21289.53770468594,21655.14084258453,22061.011482112473,22359.302816544892,22644.258616434185,hurricane_cat3
Lajas,West,2030,20631.229993429086,20761.59226817166,21037.711110161166,21383.28981289066,21808.026662858614,22138.080934770158,22393.513650790766,hurricane_cat3
Lares,Central Mountains,2025,26292.60266984716,26481.22803609562,26926.634506833187,27415.747398422587,27977.551495197833,28523.923628846598,28699.88186086649,hurricane_cat3
Lares,Central Mountains,2026,24986.181585113096,25246.307650374216,25957.089477876805,26800.733962352377,27537.125413613892,27939.00491031951,28379.543951587202,hurricane_cat3
Lares,Central Mountains,2027,24631.195449346927,24807.14022455494,25531.92473571439,26346.9470998927,27063.40428438671,27775.751344739987,28249.818129763913,hurricane_cat3
Lares,Central Mountains,2028,24058.45175190008,24470.311825986464,25179.110418237724,26074.038135071627,26813.84373719755,27522.206907340347,28123.826012628717,hurricane_cat3
Lares,Central Mountains,2029,23475.24112508913,23946.868746176853,24933.766975722858,25832.445690360335,26724.65425138016,27599.463127082618,28005.982628080284,hurricane_cat3
Lares,Central Mountains,2030,23217.113980479568,23472.93831153129,24489.0859431246,25658.522925742524,26628.851752881794,27371.957801005192,27774.946598945004,hurricane_cat3
Las Marías,West,2025,8333.874799257335,8386.642057585726,8490.176821279958,8605.347670742329,8732.203848311347,8852.022717829588,8905.237969854494,hurricane_cat3
Las Marías,West,2026,7996.238216086947,8125.96990797379,8250.552048020158,8434.41843296446,8593.400483156043,8716.612151028094,8739.85025591708,hurricane_cat3
Las Marías,West,2027,7902.78576095326,7997.17253417462,8156.196433904182,8341.801024904104,8496.410279734417,8672.307333773791,8768.90893317814,hurricane_cat3
Las Marías,West,2028,7742.692649612416,7876.067963270982,8066.8874366309055,8270.957296433555,8460.011939581957,8627.027759840701,8719.760186762605,hurricane_cat3
Las Marías,West,2029,7545.042873931119,7701.014067916575,7898.720975271984,8137.842961218227,8373.829516419803,8543.921566611762,8637.803840414566,hurricane_cat3
Las Marías,West,2030,7465.114191719496,7572.180935778154,7776.123306325314,8029.171470568172,8322.178229084344,8504.325744559475,8563.191658910193,hurricane_cat3
Las Piedras,East,2025,33650.10821702506,33743.1153425884,34009.68656310058,34264.97399197427,34553.41914748155,34793.819278760595,34895.15982266283,hurricane_cat3
Las Piedras,East,2026,32167.028631978697,32306.417464308463,32600.54499085089,32962.9254130138,33375.48946271992,33761.49919914827,33965.95759680916,hurricane_cat3
Las Piedras,East,2027,31194.561072107943,31375.054762645206,31709.615805185345,32128.477421487685,32629.737552959934,32917.0713729052,33062.97159416909,hurricane_cat3
Las Piedras,East,2028,30393.211787882872,30644.368784493417,31141.002406713666,31581.331833146083,32058.440846878846,32471.03652171645,32682.57325652151,hurricane_cat3
Las Piedras,East,2029,29914.327049018866,30220.823887986677,30612.492344752667,31108.894909724273,31527.20752540369,32033.084634804494,32222.288509630853,hurricane_cat3
Las Piedras,East,2030,29487.568358037235,29654.437125185003,30040.572712027166,30562.98643573906,31024.16661457516,31674.34771835778,31914.660540439174,hurricane_cat3
Loíza,East,2025,22097.761576118413,22135.43847926667,22248.729908106412,22387.895217853125,22511.362648708146,22645.61738848279,22690.678208450452,hurricane_cat3
Loíza,East,2026,21219.987275895095,21322.42138055804,21471.294324727944,21666.321079451514,21802.572563015554,21943.762518607615,22024.975769568427,hurricane_cat3
Loíza,East,2027,20667.448664740637,20764.85702518189,20909.657497060412,21109.12164128075,21257.397940234754,21379.421858971033,21528.152371971533,hurricane_cat3
Loíza,East,2028,20109.157189002453,20223.890021525734,20417.862950938466,20666.70617336316,20841.916382211188,20996.174384629103,21040.55239643262,hurricane_cat3
Loíza,East,2029,19728.80805394025,19828.40740385814,20071.577192523302,20329.917802575204,20549.881137254168,20720.704770913657,20763.90505618082,hurricane_cat3
Loíza,East,2030,19350.732371533137,19511.555732359033,19728.39460970657,19972.22736512134,20189.493478097793,20403.633899406752,20485.575122261103,hurricane_cat3
Luquillo,East,2025,16952.336080236502,17019.975673879755,17125.346903247435,17206.789186400118,17296.59431803035,17382.113146714342,17428.559677915353,hurricane_cat3
Luquillo,East,2026,16245.906418997774,16354.3625590121,16458.38427307987,16604.252641332845,16724.43856938124,16803.341686117772,16870.57151563841,hurricane_cat3
Luquillo,East,2027,15875.366685139934,15956.081815746928,16066.955743158356,16223.06810404547,16355.985794792457,16448.497375708142,16532.022181109285,hurricane_cat3
Luquillo,East,2028,15533.639457860925,15594.773137562739,15777.649889767334,15901.944508711365,16081.507045011225,16229.146000520124,16323.740993181915,hurricane_cat3
Luquillo,East,2029,15238.047937303454,15349.325693225144,15499.453938418153,15673.297408948576,15868.411602658545,16055.65005243868,16141.926164068134,hurricane_cat3
Luquillo,East,2030,15000.88809794315,15088.295321726899,15254.804414632796,15426.701726908545,15646.406587360747,15783.843710623976,15920.840228340057,hurricane_cat3
Manatí,North,2025,37773.867345785846,37963.90171831635,38159.28781532665,38537.3719951306,38806.23117168403,39180.626234811054,39357.6668924958,hurricane_cat3
Manatí,North,2026,36655.38512074516,36890.497977205014,37203.09349844916,37539.337309752664,37989.29653191631,38364.796568970334,38508.61325572193,hurricane_cat3
Manatí,North,2027,35945.058275395095,36166.36895093051,36614.017221087175,37059.855497531345,37642.96715756267,37949.511409659404,38263.47617275775,hurricane_cat3
Manatí,North,2028,35471.00578805811,35769.35079810915,36163.70500356285,36633.2961541235,37251.81714627797,37675.41195336133,37975.49325507276,hurricane_cat3
Manatí,North,2029,35003.395460324646,35367.758443875275,35791.91564648952,36382.31441423824,36923.351833035034,37428.50272303778,37718.1708812349,hurricane_cat3
Manatí,North,2030,34584.38630062292,34779.31994539823,35406.42570896636,36035.211369577475,36566.11591400166,37291.40317655104,37593.259577008714,hurricane_cat3
Maricao,West,2025,4803.0365533225595,4825.477172979262,4885.911823621721,4939.167185219767,5002.9595994553365,5079.8802278211415,5115.00626382426,hurricane_cat3
Maricao,West,2026,4673.173059821555,4738.540673709165,4809.458307032716,4880.37995414678,4973.934711915745,5026.651877660479,5063.283679084902,hurricane_cat3
Maricao,West,2027,4555.857976588454,4633.2861426473155,4712.996197263648,4810.883443840941,4894.304797087149,4974.979847711422,5025.537680755538,hurricane_cat3
Maricao,West,2028,4495.750549892512,4583.307856040842,4683.599019736343,4773.149661846974,4859.761386408666,4974.90149353389,5014.417968357775,hurricane_cat3
Maricao,West,2029,4433.932275608379,4501.715725706392,4620.275121492322,4736.953683531537,4846.873947551383,4938.338867112451,5016.392423802159,hurricane_cat3
Maricao,West,2030,4384.633979832498,4470.627233357272,4567.073727024588,4668.382543122614,4822.53436301386,4918.025711150283,4991.0443572893,hurricane_cat3
Maunabo,East,2025,10040.49732420768,10084.310990670798,10148.323332138305,10213.866094610348,10281.096004785548,10339.856580069987,10381.487362379974,hurricane_cat3
Maunabo,East,2026,9604.986656298233,9658.481936756385,9764.294249909824,9857.817940375297,9951.220431514408,10012.300836397631,10042.522260236636,hurricane_cat3
Maunabo,East,2027,9354.932214727407,9406.927841445728,9506.981914710317,9620.343582251166,9715.11776841445,9804.52815582401,9857.215816856089,hurricane_cat3
Maunabo,East,2028,9153.086374634455,9222.893913137532,9314.117295342734,9404.487980603992,9515.763718916325,9646.41994716215,9688.442660765975,hurricane_cat3
Maunabo,East,2029,9005.906685026539,9047.402693311627,9150.516748261394,9243.155988856242,9372.540112907169,9493.432485001927,9573.696462234158,hurricane_cat3
Maunabo,East,2030,8783.729150828189,8864.741919043192,8960.777825027331,9085.650551216142,9235.819330519123,9363.88134238474,9423.593161260469,hurricane_cat3
Mayagüez,West,2025,69368.51682350803,69668.74270318123,70015.3050957851,70524.2456843624,71009.38850071294,71351.10763679378,71631.44647227386,hurricane_cat3
Mayagüez,West,2026,67681.8913676409,67977.57821534459,68576.50773058689,69172.2954935518,69968.60916941264,70427.10908053632,70641.30131771261,hurricane_cat3
Mayagüez,West,2027,66418.2904929385,66920.00112352881,67342.79381035983,68116.88919419264,68727.25267583209,69302.2240270985,69853.89903938593,hurricane_cat3
Mayagüez,West,2028,65577.92676129898,66063.8997888717,66791.81603341177,67485.04468862989,68238.6087005685,69089.62748226475,69513.26312406236,hurricane_cat3
Mayagüez,West,2029,64847.32576026522,65251.03225788633,65902.503710476,66843.03466119478,67766.54510070718,68466.51996563408,68993.04400073757,hurricane_cat3
Mayagüez,West,2030,63721.00654913668,64268.75301495239,65028.29275547064,66002.42565280799,66893.92658965403,67697.75057842578,68030.83082072224,hurricane_cat3
Moca,West,2025,35907.72955049824,36066.72386081884,36396.5412635275,36862.466045943176,37281.09073219337,37660.345438647615,37822.314093358094,hurricane_cat3
Moca,West,2026,34803.46884338992,35043.73992190403,35440.80878518762,35956.89294361652,36541.53914973408,36960.65055708024,37176.26587642633,hurricane_cat3
Moca,West,2027,34157.48633737864,34447.396232794454,34914.08803764835,35614.58411150555,36137.60029193952,36716.15123084815,37027.51855551971,hurricane_cat3
Moca,West,2028,33619.73205395297,33759.64173542175,34480.080982436804,34972.94466153419,35734.99004635037,36383.68287557619,36684.29770254523,hurricane_cat3
Moca,West,2029,33031.506604898255,33232.25937573887,34007.4004326394,34695.575853306735,35263.165547485136,35840.59762731537,36272.573391394806,hurricane_cat3
Moca,West,2030,32585.86818756392,32903.108569074895,33645.8849346127,34290.45279522943,34937.642007796254,35650.51076141005,36053.7905166987,hurricane_cat3
Morovis,Central Mountains,2025,27619.789128907265,27783.072965192852,27956.98398218949,28166.522384710508,28394.402433977273,28600.81809880466,28722.7013137817,hurricane_cat3
Morovis,Central Mountains,2026,26718.996038185334,26915.231124869297,27165.121275630976,27445.942226255876,27714.35423398771,27944.022491691958,28134.961108766176,hurricane_cat3
Morovis,Central Mountains,2027,26300.15415339428,26471.764217233944,26748.6967566869,27100.03901916004,27367.44198221568,27649.62736433796,27845.83088303206,hurricane_cat3
Morovis,Central Mountains,2028,26003.48917484136,26168.367601125297,26457.272417990378,26851.554521729777,27152.407243354846,27502.27941686555,27678.747896984674,hurricane_cat3
Morovis,Central Mountains,2029,25663.981884248526,25861.915976719043,26221.439706936475,26622.98900322649,26948.606922520677,27348.637932470774,27649.362209763553,hurricane_cat3
Morovis,Central Mountains,2030,25279.99991518978,25464.91323360495,25863.075635779223,26287.56378621624,26638.037574833343,27057.905849018098,27334.14811991258,hurricane_cat3
Naguabo,East,2025,21970.22264768587,22142.23390279839,22358.61439377559,22605.229927398534,22908.1087631074,23240.85583896165,23369.267929458743,hurricane_cat3
Naguabo,East,2026,20932.144490691164,21156.650018037042,21485.436390108265,21825.681330384738,22195.528455486503,22476.21552461017,22688.064384448575,hurricane_cat3
Naguabo,East,2027,20213.573849015756,20344.44363800895,20855.491271196242,21399.923726383342,21784.130628219056,22086.994603718762,22443.089767671892,hurricane_cat3
Naguabo,East,2028,19774.69141646829,20040.031540908654,20448.424885266813,20938.666024338578,21447.80909156523,21775.55673856258,22005.857439139832,hurricane_cat3
Naguabo,East,2029,19257.38495455443,19664.55647006673,20084.540638807077,20605.06082573638,21120.17990391707,21528.937187175456,21833.062543027867,hurricane_cat3
Naguabo,East,2030,18773.03168783027,19302.102127313738,19724.713526212177,20299.532609844136,20709.87049632969,21089.1511994021,21353.556664496642,hurricane_cat3
Naranjito,Central Mountains,2025,28169.88452007962,28260.538611101365,28509.18893818482,28834.2570076173,29037.469785886544,29310.443392647925,29447.39846628305,hurricane_cat3
Naranjito,Central Mountains,2026,27198.95807994672,27412.277013476578,27762.278305274278,28029.397180404216,28341.301096544732,28617.634304557374,28848.041689263446,hurricane_cat3
Naranjito,Central Mountains,2027,26604.944483851832,26805.21472062764,27226.880093934295,27685.384317752265,28080.858467422047,28332.519110348767,28449.177384306633,hurricane_cat3
Naranjito,Central Mountains,2028,26331.267141308505,26524.88821492788,26900.840706893123,27341.236992964652,27766.403319179874,28115.880445567156,28475.742956364895,hurricane_cat3
Naranjito,Central Mountains,2029,25868.885479733905,26151.307388449783,26651.290323039088,27102.660209983933,27456.31532175588,27890.043506903075,28363.055832717197,hurricane_cat3
Naranjito,Central Mountains,2030,25507.49617374131,25869.6116334852,26283.771494276047,26768.58907057056,27228.807356291865,27625.837305288424,28013.810386297584,hurricane_cat3
Orocovis,Central Mountains,2025,20465.693287832815,20597.347505920476,20781.352569357492,20976.945885191133,21170.329778467323,21340.46213489291,21414.96689853846,hurricane_cat3
Orocovis,Central Mountains,2026,19864.12462317829,19968.26657788837,20202.10458992558,20443.81394900987,20646.030002362684,20916.36206416451,21040.981620658677,hurricane_cat3
Orocovis,Central Mountains,2027,19629.903913133105,19716.628477564074,19913.241271368053,20247.29800468414,20476.585181454895,20654.88429948938,20722.707486481126,hurricane_cat3
Orocovis,Central Mountains,2028,19349.396130165424,19429.18033635127,19687.852760345515,20027.68668873936,20249.136639312987,20457.404881684277,20630.12111620567,hurricane_cat3
Orocovis,Central Mountains,2029,19005.535216289154,19147.948908070266,19386.142300744803,19744.61808407789,20019.036644239324,20353.211400266264,20559.94026992618,hurricane_cat3
Orocovis,Central Mountains,2030,18846.549565139765,18960.331406398454,19193.48972726742,19499.608653517564,19827.63973761054,20144.95159388425,20264.903819162122,hurricane_cat3
Patillas,South,2025,15116.29153143761,15163.762567592748,15235.27945399863,15311.143005889944,15378.931367170833,15460.431408776181,15507.10327200572,hurricane_cat3
Patillas,South,2026,14608.386734171821,14704.102331696924,14771.594260719145,14878.90051232565,14972.991569368794,15055.872509365981,15126.409511774073,hurricane_cat3
Patillas,South,2027,14277.140626878776,14344.570638675488,14436.972490110089,14538.344168326557,14670.812194508719,14786.441110515892,14859.977438145153,hurricane_cat3
Patillas,South,2028,13966.987203545379,14022.74728317284,14117.067626566732,14250.28884008564,14388.971844907592,14535.701029896236,14590.775583335922,hurricane_cat3
Patillas,South,2029,13693.845655835119,13735.403227423905,13845.0795281423,13984.98736428695,14161.962060118349,14292.883151140106,14377.51201381771,hurricane_cat3
Patillas,South,2030,13404.22213951522,13428.41465272993,13585.743907546766,13748.471177784071,13880.61838093847,14022.212872685624,14130.707417955444,hurricane_cat3
Peñuelas,South,2025,19102.875081462298,19218.438684285993,19367.85279102699,19584.484714121427,19773.313272256695,20012.40970227454,20116.191346879797,hurricane_cat3
Peñuelas,South,2026,18399.097552248673,18536.90698867958,18791.77468573315,19097.379322341505,19331.94945876669,19641.60035913826,19809.567408605773,hurricane_cat3
Peñuelas,South,2027,17913.426990638956,18100.557206218615,18333.493977475413,18682.203167192598,18974.347417675315,19303.972278180227,19489.54442861536,hurricane_cat3
Peñuelas,South,2028,17591.339203167227,17769.054884760637,18007.664602800825,18394.97255742696,18735.067529147083,19092.386977237547,19246.9651850422,hurricane_cat3
Peñuelas,South,2029,17401.18986456592,17508.195846581,17785.561992171533,18152.59011804073,18555.92694749933,19044.282240735844,19222.792954738565,hurricane_cat3
Peñuelas,South,2030,17052.975510159074,17192.266747862635,17543.194126796912,17905.103172360647,18403.506386661196,18772.309014147955,19007.311466829164,hurricane_cat3
Ponce,South,2025,128324.74130154244,129048.47769247352,130032.79410990534,131176.9421478096,132349.6139549515,133299.4937998867,133880.97165549028,hurricane_cat3
Ponce,South,2026,124292.13940688461,124949.14009818932,126077.40176768039,127642.42643629157,128988.99802670405,130206.23906912075,131178.89906417776,hurricane_cat3
Ponce,South,2027,121338.21582229233,121650.11049454486,123561.22969660687,125098.08123596487,126481.78542078417,127896.35406116316,129130.0880710339,hurricane_cat3
Ponce,South,2028,118708.51157591793,119748.53000055558,121164.45176073149,123179.83140214393,125114.35843484805,126574.2618465071,127584.81893899207,hurricane_cat3
Ponce,South,2029,116597.33475179898,117596.19540973112,119317.15904590147,121144.08811132234,123455.21159675939,124725.51970180556,126055.30291990373,hurricane_cat3
Ponce,South,2030,114712.98844933491,115594.08058923221,117175.23488775227,119275.3679270812,121690.92839501722,123339.32604080868,124518.51481857401,hurricane_cat3
Quebradillas,North,2025,22737.511086214225,22810.962387792475,22947.08981662987,23092.346991567192,23249.542918592713,23391.03533462803,23549.053751927022,hurricane_cat3
Quebradillas,North,2026,22124.858467300564,22199.825502379797,22388.668970387662,22564.60892010636,22752.014353467337,22922.08637365298,23084.03106403907,hurricane_cat3
Quebradillas,North,2027,21835.671788486092,21975.721420567188,22121.584872236363,22339.674604007938,22509.84503549402,22677.87920333751,22733.019895833888,hurricane_cat3
Quebradillas,North,2028,21516.264730162984,21662.54647598454,21849.248221110454,22069.183395702254,22287.248017543916,22424.554809550114,22573.822097452892,hurricane_cat3
Quebradillas,North,2029,21214.023217360296,21325.30755560339,21524.683234262287,21789.132852293325,22024.468940310337,22224.065181049707,22341.532827405466,hurricane_cat3
Quebradillas,North,2030,20959.769765833058,21105.759278466365,21319.76162988296,21582.273123681996,21828.530828160794,22025.107913646672,22154.74420209113,hurricane_cat3
Rincón,West,2025,14661.709639539245,14740.653156467653,14926.698698594158,15149.791111415216,15349.33527035495,15507.307566949206,15595.660442710667,hurricane_cat3
Rincón,West,2026,14058.434712169043,14332.782843155317,14527.274293782106,14785.045614587609,15073.214387263899,15257.234955403927,15406.867394200355,hurricane_cat3
Rincón,West,2027,13816.491693943033,13989.036960452706,14272.064791363417,14579.901411658477,14810.91498338857,15037.035145107042,15125.557634829587,hurricane_cat3
Rincón,West,2028,13607.25563957267,13749.376855482225,14079.757216969516,14374.79240345889,14678.03832289333,14927.460249867887,15130.647947568412,hurricane_cat3
Rincón,West,2029,13370.75950764764,13586.186288267774,13917.323155029077,14214.669893857883,14529.106091299864,14852.268033290036,15044.56993864177,hurricane_cat3
Rincón,West,2030,13225.82898303375,13451.064995070987,13696.340853307878,14094.17682236297,14366.53135274502,14721.93224413183,14873.193926692047,hurricane_cat3
Río Grande,East,2025,44592.66331352104,44748.783560582786,44943.10817600785,45303.076789010025,45550.290809060025,45815.13340939027,46001.472386118396,hurricane_cat3
Río Grande,East,2026,42852.12285494059,43063.37428151976,43335.93393838724,43678.05119645344,43988.199121494734,44350.61427504506,44477.89882749672,hurricane_cat3
Río Grande,East,2027,41710.13679843976,41887.02493530932,42173.46709367028,42602.967032207656,43051.980931039056,43277.53835133075,43523.33243353323,hurricane_cat3
Río Grande,East,2028,40761.11702450726,40981.8465460726,41342.630569924426,41800.582931625424,42368.725010567665,42566.12493776679,42753.948490868956,hurricane_cat3
Río Grande,East,2029,39998.01994411303,40190.941949193184,40630.17561045316,41155.61560252252,41672.296450388574,42044.57706865064,42256.662388918114,hurricane_cat3
Río Grande,East,2030,39239.50060011319,39570.81847758917,39935.1617981083,40379.936876376785,40927.2118720082,41301.25412219195,41636.45429371782,hurricane_cat3
Sabana Grande,West,2025,21743.595693400785,21838.481077548055,21976.608971686488,22199.845785488684,22376.155516961237,22545.691024851276,22681.39157301025,hurricane_cat3
Sabana Grande,West,2026,21118.019938119807,21259.032250746677,21468.339583373967,21671.638012616975,21932.66494010411,22115.33394098589,22264.16366826221,hurricane_cat3
Sabana Grande,West,2027,20878.076148382912,21018.300159339688,21244.78118680138,21471.148360803083,21733.650634286674,21931.35088524632,22111.2199664875,hurricane_cat3
Sabana Grande,West,2028,20673.752829547364,20836.074551872665,21108.23153252447,21312.249611861604,21596.6664484065,21847.396102161565,21994.65454639776,hurricane_cat3
Sabana Grande,West,2029,20463.282301134757,20572.31309958863,20862.811772093388,21132.2979326102,21409.847409152957,21734.776519069932,21936.46073379723,hurricane_cat3
Sabana Grande,West,2030,20230.165483444634,20371.21596648704,20584.44959448238,20910.28187523299,21264.834228441367,21571.65500745059,21693.397164287187,hurricane_cat3
Salinas,South,2025,24350.317318401452,24424.645032204346,24602.397091065126,24780.2321641926,24977.312875010204,25128.697123509595,25197.825819393598,hurricane_cat3
Salinas,South,2026,23531.086120005322,23662.532236825944,23879.811657726797,24091.8403902325,24374.08778835081,24652.527927555304,24732.944814385723,hurricane_cat3
Salinas,South,2027,22991.821469971834,23107.262543609195,23305.14310495616,23583.469165347764,23903.122920338825,24080.355166625937,24236.308988373006,hurricane_cat3
Salinas,South,2028,22407.158400219403,22563.377354875887,22852.7240217696,23148.18057222318,23504.54007135559,23770.597525753048,23893.058880855202,hurricane_cat3
Salinas,South,2029,22100.764960734192,22210.047430251598,22456.04798955546,22830.6642169087,23183.123590466024,23449.789750577434,23637.230357618777,hurricane_cat3
Salinas,South,2030,21647.639805572016,21820.017494707434,22111.09112577387,22450.658980880246,22854.139879737508,23119.281781834772,23192.317520951445,hurricane_cat3
San Germán,West,2025,30423.124526515112,30554.891992943358,30779.89484168149,31066.694593038213,31305.35295961488,31515.397345175374,31703.975960553587,hurricane_cat3
San Germán,West,2026,29437.25438514889,29654.339789883834,29910.981198875237,30285.402124859094,30655.69981676747,30872.730891787924,31029.719103170675,hurricane_cat3
San Germán,West,2027,29011.248990248292,29128.102652112866,29443.91338573276,29891.283545141923,30295.628648517923,30563.637015433025,30742.09131394481,hurricane_cat3
San Germán,West,2028,28629.273144404182,28806.169487835952,29152.953678522714,29584.114116669356,30006.61175399968,30355.311978151854,30694.42001395164,hurricane_cat3
San Germán,West,2029,28165.451968090078,28494.303211973827,28826.0292016159,29319.993610378464,29889.33110367389,30268.468745018585,30437.314324600724,hurricane_cat3
San Germán,West,2030,27769.484070605813,28047.295470006073,28495.22730777177,29051.881377626287,29579.093851740752,30104.27083488712,30470.40901227256,hurricane_cat3
San Juan,Metro,2025,324583.43237145443,325350.14322119375,328603.73951285053,331923.6155816043,335224.8627539123,337711.42493358155,339270.1722752749,hurricane_cat3
San Juan,Metro,2026,310618.0361976144,313611.5722062057,317660.8795599251,322271.0114704213,327271.0527815514,330463.20855348354,332615.6510665603,hurricane_cat3
San Juan,Metro,2027,305781.1160346174,307756.1922608231,312426.1663618271,317138.7386582182,321424.7931043955,325923.55853448866,328322.1483876511,hurricane_cat3
San Juan,Metro,2028,300102.68317897647,304500.268409237,309260.19467653165,313776.46753809357,318655.1877979108,323810.65151645674,328481.57507924543,hurricane_cat3
San Juan,Metro,2029,295904.5136754156,300980.2020963904,305729.4851568168,310431.64618826006,316077.71780265984,320725.51808961265,323828.2094433616,hurricane_cat3
San Juan,Metro,2030,291655.82034357317,295058.8661896644,300306.5679963653,306291.4265558103,312044.7730828561,318780.0937560469,322282.8378947119,hurricane_cat3
San Lorenzo,East,2025,35845.61675657278,36029.33903014086,36359.22398857453,36629.682409365756,36920.79555496287,37171.8424201056,37317.17907536806,hurricane_cat3
San Lorenzo,East,2026,34369.11471576919,34600.27947780754,34921.802017683294,35365.005841925085,35715.13663175423,36114.20251616187,36376.58569703749,hurricane_cat3
San Lorenzo,East,2027,33353.587831184646,33620.30194213519,34011.20502565506,34494.14827978745,34908.06699355205,35330.77983131005,35477.540932153344,hurricane_cat3
San Lorenzo,East,2028,32566.11034915629,32882.75534211182,33292.56600859183,33827.06076013002,34363.205314935985,34812.407508251024,35021.756906591676,hurricane_cat3
San Lorenzo,East,2029,31990.09551822651,32302.862814948538,32720.591921603456,33368.94935909714,33824.97752770522,34256.41743353466,34384.11032742289,hurricane_cat3
San Lorenzo,East,2030,31163.904713136082,31644.472620065615,32276.42898166627,32837.480256979776,33246.98444442555,33672.56169347637,34022.6361791966,hurricane_cat3
San Sebastián,West,2025,37400.94280872267,37694.15048278118,38123.87070385984,38547.18400577282,38966.21349675728,39345.735407746506,39686.87725719391,hurricane_cat3
San Sebastián,West,2026,36177.19617371503,36481.65125127052,36969.90326888919,37637.40281431672,38106.50082942244,38634.35497545931,39041.38146426826,hurricane_cat3
San Sebastián,West,2027,35298.883337602965,35835.42835719753,36597.34913415242,37209.79166786466,37890.15999957709,38474.144953066614,38750.51681894607,hurricane_cat3
San Sebastián,West,2028,34753.25405276956,35384.781089921344,36009.74161599633,36786.93179581262,37675.55018153351,38335.567683610316,38610.33646423701,hurricane_cat3
San Sebastián,West,2029,34186.80388466563,34494.54573812817,35399.039830414775,36331.130096381086,37320.98287229803,38110.79144702557,38350.016122598885,hurricane_cat3
San Sebastián,West,2030,33502.668629407366,34171.83908928138,34934.081944153484,35915.32130108564,36833.0614869224,37803.971937498245,38307.539267315085,hurricane_cat3
Santa Isabel,South,2025,19306.286458768504,19385.52718411066,19496.81710149058,19642.765437059308,19783.181333321416,19916.647894705296,20014.856130743094,hurricane_cat3
Santa Isabel,South,2026,18594.380919551135,18696.606747366168,18883.69432835721,19125.65917584064,19314.688051266916,19467.589479810544,19539.145992250236,hurricane_cat3
Santa Isabel,South,2027,18183.09645876317,18298.99550595731,18469.842241793664,18742.01822535098,18959.821497617108,19175.814329988592,19270.357880842705,hurricane_cat3
Santa Isabel,South,2028,17763.808214347973,17881.855448613875,18140.437422716903,18454.33062661446,18674.95364631439,18814.58204291542,18906.38191677351,hurricane_cat3
Santa Isabel,South,2029,17474.928223664312,17601.953780024207,17881.19568161537,18088.2069643289,18460.82877822868,18640.100745773732,18835.53584392702,hurricane_cat3
Santa Isabel,South,2030,17134.549112805216,17286.83488917908,17576.533208870962,17840.778858517704,18186.411525232845,18415.39086718353,18637.814333334798,hurricane_cat3
Toa Alta,Metro,2025,64164.85764612174,64471.21434768971,64936.812001073835,65659.7420465186,66270.48200299412,66822.9381317878,67192.34213595714,hurricane_cat3
Toa Alta,Metro,2026,61587.98323708565,62005.88481751627,62753.848151033046,63778.63336950231,64501.0394079935,65515.89936772406,66158.26049102629,hurricane_cat3
Toa Alta,Metro,2027,60599.189540296626,60974.49507114311,61712.52794910931,62686.744554087025,63553.224668098155,64561.16635307528,64999.71847702015,hurricane_cat3
Toa Alta,Metro,2028,59287.64533935763,59961.20338223881,61060.36299430412,62055.55273794649,63277.9786490261,63979.22261851939,64473.183689810365,hurricane_cat3
Toa Alta,Metro,2029,58712.935603849066,59407.15478611341,60410.763196575215,61367.67618068708,62581.310781602675,63344.05727309811,63786.41622874735,hurricane_cat3
Toa Alta,Metro,2030,57592.598812788834,58315.71789366191,59239.956759393666,60437.26314491211,61775.66084337693,62711.01055450699,63155.61717625533,hurricane_cat3
Toa Baja,Metro,2025,71436.49726482121,71606.22124246051,72014.92781571746,72550.73433409931,72974.98320587273,73354.9517865688,73619.12849846028,hurricane_cat3
Toa Baja,Metro,2026,69629.10706425535,69780.14506989803,70242.60206425097,70900.48611350823,71478.4835540964,72066.4521583189,72490.75367628793,hurricane_cat3
Toa Baja,Metro,2027,68173.92547508696,68383.73755662177,69006.83427886484,69571.80617420706,70011.1509789644,70652.92754002611,70980.81542357491,hurricane_cat3
Toa Baja,Metro,2028,67200.37660487746,67665.47962016727,68220.28016442635,68769.59219107724,69490.5044305585,70129.37727187308,70612.07858792227,hurricane_cat3
Toa Baja,Metro,2029,66430.36745061858,66884.4262183434,67386.82505950262,68101.48893839831,68922.62298319857,69466.1747178803,70126.20903284829,hurricane_cat3
Toa Baja,Metro,2030,65618.93303899061,65864.69813992809,66417.90973966959,67275.00824542428,68097.09441121017,68615.1155246147,69246.69850358077,hurricane_cat3
Trujillo Alto,Metro,2025,64387.17297733564,64700.75937340474,65356.09416370272,65882.71746507252,66551.99325215742,67327.27180026143,67797.49498397013,hurricane_cat3
Trujillo Alto,Metro,2026,62169.40317220942,62531.30253166701,63153.798472425624,63934.47258460754,64694.40078889993,65414.80878658624,65872.9692547113,hurricane_cat3
Trujillo Alto,Metro,2027,60910.36506348295,61157.060017287375,62250.638349330125,63060.93294439092,63739.239222004435,64769.760558937574,65528.163761745775,hurricane_cat3
Trujillo Alto,Metro,2028,59733.65559645125,60536.722385452944,61302.18748325063,62322.373987123174,63259.66064404596,64327.385403838365,64715.66483442263,hurricane_cat3
Trujillo Alto,Metro,2029,58902.33456939474,59579.64695901938,60741.44909852008,61684.251420869165,62636.60909592846,63660.04203077408,64476.07793261759,hurricane_cat3
Trujillo Alto,Metro,2030,58627.037130081946,58911.24610777467,59921.72869559364,60960.671728239,62135.47963052191,62866.376339277806,63270.61274642633,hurricane_cat3
Utuado,Central Mountains,2025,26928.902370662276,27064.73366865728,27254.254917773727,27460.749650733647,27645.77825137052,27789.649377697577,27875.24385402911,hurricane_cat3
Utuado,Central Mountains,2026,26246.865328630516,26412.340708028172,26592.067894489308,26814.574331000527,27083.978596800534,27323.766853075493,27447.46168061181,hurricane_cat3
Utuado,Central Mountains,2027,25873.86775215653,25982.75100488754,26243.50400074019,26457.797094570058,26745.52268830208,26969.745843304972,27074.621429898518,hurricane_cat3
Utuado,Central Mountains,2028,25639.25023801873,25754.537840789122,26006.459568464008,26259.13232052855,26570.887949972886,26891.08268140426,26975.07299321322,hurricane_cat3
Utuado,Central Mountains,2029,25302.03771545061,25413.493887409415,25656.455097843238,26008.412365771786,26331.595778523035,26589.69964780032,26697.42639227736,hurricane_cat3
Utuado,Central Mountains,2030,24701.69829285193,25035.223667772963,25294.822693624687,25618.371286287576,26054.97186060235,26290.232347636374,26423.56268747709,hurricane_cat3
Vega Alta,North,2025,34161.76608096189,34251.783744619424,34444.17660692334,34644.121583351436,34883.51542802612,35117.23914394924,35234.19953476756,hurricane_cat3
Vega Alta,North,2026,33180.538568684206,33323.111924509074,33505.10674200261,33789.83535739528,34056.27165130924,34241.12259287342,34410.99765377523,hurricane_cat3
Vega Alta,North,2027,32555.80315576598,32718.736137250173,33024.676609419424,33335.202839533966,33532.51969189143,33742.05703074516,33805.90719973512,hurricane_cat3
Vega Alta,North,2028,32207.416917070488,32385.418988403904,32643.83717920856,32983.23249280037,33236.040911100834,33471.47096696093,33712.07546628701,hurricane_cat3
Vega Alta,North,2029,31857.272660776423,32005.58140475014,32265.303618835125,32631.914605065438,32950.16309177774,33264.39771070711,33554.06930715295,hurricane_cat3
Vega Alta,North,2030,31322.586042243376,31488.288552993065,31860.2846068886,32286.06932886043,32593.785884315323,32922.542593371756,33151.16323310538,hurricane_cat3
Vega Baja,North,2025,51465.4760327455,51851.308415041596,52415.27189819982,53056.28551822738,53570.22248988827,54211.38496902227,54617.01584281626,hurricane_cat3
Vega Baja,North,2026,49670.192747922956,50180.29076454878,51016.6655812961,51757.79591912896,52542.935929742336,53336.69141019624,53971.59984092657,hurricane_cat3
Vega Baja,North,2027,49098.35290690316,49465.37419958624,50096.56171144657,50922.855984387345,51711.05432234451,52559.45328967512,53007.001676191736,hurricane_cat3
Vega Baja,North,2028,48044.26153792342,48415.078948049995,49383.177364380885,50375.031038907095,51299.80173033475,52026.689075385424,52702.42495495133,hurricane_cat3
Vega Baja,North,2029,47255.55176057735,47727.369732920335,48778.694251652094,49862.294961102,50917.863169058786,51641.71616309591,52381.9889433591,hurricane_cat3
Vega Baja,North,2030,46251.4776384559,47039.89254731669,48319.975071427856,49377.38942032814,50540.197630411705,51457.779341248366,52129.71352790394,hurricane_cat3
Vieques,East,2025,7843.56885051821,7858.817322688799,7899.535792806648,7933.959750763905,7967.599344280629,8021.064861041312,8041.968984585777,hurricane_cat3
Vieques,East,2026,7512.963220572349,7542.88181595801,7596.949753115578,7649.42129167267,7702.38021348534,7752.116035180687,7769.471135667189,hurricane_cat3
Vieques,East,2027,7296.658594195951,7349.850909378309,7395.529985349991,7463.042717194179,7532.272665813372,7595.4102466330005,7634.009919018284,hurricane_cat3
Vieques,East,2028,7168.300233869663,7199.719029138726,7254.483603331448,7331.760484260991,7392.375338068977,7477.1976761255855,7523.203382283707,hurricane_cat3
Vieques,East,2029,7062.558909935447,7087.465867389668,7136.53388111529,7209.5622670572575,7290.351364083557,7347.981872968298,7416.377129529217,hurricane_cat3
Vieques,East,2030,6914.82161930132,6950.048506399052,7019.106615802736,7094.17162698786,7170.3519880060385,7257.971156961218,7304.151581302927,hurricane_cat3
Villalba,South,2025,20898.20576805578,21018.852276758975,21115.04833083225,21271.54158662995,21433.982468377853,21547.842060555657,21617.637365977356,hurricane_cat3
Villalba,South,2026,20202.142575031536,20312.904193129885,20498.445684839833,20673.95499614319,20930.92332408788,21106.717927554997,21190.94210675256,hurricane_cat3
Villalba,South,2027,19804.968882757432,19872.26313301099,20032.066121035212,20287.627984286824,20510.806092072136,20744.866102962485,20816.550014340046,hurricane_cat3
Villalba,South,2028,19257.908671998823,19455.172819208292,19729.129528553283,19953.205432667783,20235.044137586956,20506.346818560858,20690.379466231698,hurricane_cat3
Villalba,South,2029,19070.74481078001,19168.67315924311,19409.13741923415,19664.280306111694,19967.46835565594,20284.93072168884,20396.17349188787,hurricane_cat3
Villalba,South,2030,18741.196746752503,18893.508962427288,19102.282134923284,19393.239839428614,19672.849129657654,19962.31301545586,20084.718426341627,hurricane_cat3
Yabucoa,East,2025,28390.55605966272,28469.945128404557,28647.765755113924,28852.629895057475,29063.046490677756,29243.95699937424,29363.232367856333,hurricane_cat3
Yabucoa,East,2026,27260.991008969522,27419.25864732763,27674.637013960375,27994.677357729477,28236.56953531661,28523.776244332563,28584.458438796028,hurricane_cat3
Yabucoa,East,2027,26449.538320946813,26658.836881516094,26877.377080063903,27235.27146284232,27581.990086512636,27866.09470232722,28022.20709594917,hurricane_cat3
Yabucoa,East,2028,25889.58054665611,26040.953216679325,26377.83680953725,26732.836749469512,27072.509923592504,27423.674149880884,27615.362339389718,hurricane_cat3
Yabucoa,East,2029,25342.159553949765,25600.556696790132,25851.410010039286,26205.010868430996,26658.202286155094,27027.26279136406,27400.29927965076,hurricane_cat3
Yabucoa,East,2030,24817.593284102273,25017.113847274446,25354.540275128657,25801.9020785145,26212.41916431739,26660.156946341507,26883.659138311254,hurricane_cat3
Yauco,South,2025,32165.137019265014,32274.25046068148,32447.038856903164,32675.330091405558,32823.32676504263,33046.951446263156,33248.48890134042,hurricane_cat3
Yauco,South,2026,31146.817970019205,31305.57246523083,31520.9479600238,31802.385941049288,32071.990764578964,32348.25088818878,32462.261088341293,hurricane_cat3
Yauco,South,2027,30369.592256363325,30608.779380873,30855.044145912896,31177.410948603254,31515.845007891297,31823.746501261303,32017.07244960307,hurricane_cat3
Yauco,South,2028,29911.25057103451,30072.53061472525,30297.70164349465,30699.38934004773,31085.86309987016,31360.310573885283,31601.058730130666,hurricane_cat3
Yauco,South,2029,29405.68335512926,29665.787125896488,29983.79037392448,30339.61966555978,30660.197695135827,31087.985109529305,31317.775021459507,hurricane_cat3
Yauco,South,2030,28963.95378473019,29199.352654811253,29547.495068289754,29863.94328890204,30315.723479147633,30784.64537201775,30980.33351597831,hurricane_cat3
Adjuntas,Central Mountains,2025,17363.523419956786,17436.449446026836,17539.80329575306,17660.255460107128,17784.90108487124,17917.704988478097,17981.308697631284,hurricane_cat4
Adjuntas,Central Mountains,2026,16797.698601922817,16870.216723311954,16993.49676075938,17104.71984799475,17255.143751253894,17356.20332702635,17454.11592498592,hurricane_cat4
Adjuntas,Central Mountains,2027,16545.539754284033,16618.620446674468,16790.096937666116,16969.98452404434,17125.520444999358,17251.444879317944,17336.705929566942,hurricane_cat4
Adjuntas,Central Mountains,2028,16348.485761605893,16441.28147379989,16611.23190658798,16793.16367652303,17030.670935015358,17170.582948762287,17239.12975584488,hurricane_cat4
Adjuntas,Central Mountains,2029,16117.5173624656,16239.916371807194,16429.43524780812,16662.166383832977,16855.47689984358,17055.3898388156,17147.4973076816,hurricane_cat4
Adjuntas,Central Mountains,2030,15906.173820571341,16025.725206862862,16227.464730535976,16438.99079874034,16662.267462636686,16870.916407311233,16930.03285125024,hurricane_cat4
Aguada,West,2025,36591.49254800582,36722.48242756787,37005.236365965,37220.0990596391,37463.49487643577,37736.535134919046,37849.25367602422,hurricane_cat4
Aguada,West,2026,35268.2079954159,35481.434832648636,35731.66371609867,36044.884040194534,36389.45180283248,36671.3954321993,36949.651654666355,hurricane_cat4
Aguada,West,2027,34647.207878890724,34943.89840698572,35220.61625882714,35634.44700114065,35955.820648170135,36392.88414247452,36482.57770844244,hurricane_cat4
Aguada,West,2028,34161.90695069801,34409.07718036427,34733.32460719998,35119.52784002242,35511.53154014233,35886.2536682198,36065.14696638502,hurricane_cat4
Aguada,West,2029,33718.04100144361,34053.9518358598,34413.734524407075,34773.11805387253,35200.711706274604,35581.128121028116,35812.30734102763,hurricane_cat4
Aguada,West,2030,33239.49060265286,33452.64821728544,33973.836588589926,34357.14099105664,34811.36814706696,35206.550999723615,35463.68389483908,hurricane_cat4
Aguadilla,West,2025,51652.215457876315,52189.111851334215,52889.25459675427,53577.705447518965,54190.27270218245,54720.87281080617,55476.547170264515,hurricane_cat4
Aguadilla,West,2026,49787.03834169911,50337.81772881213,51020.44225500016,51799.12067989776,52652.68703114993,53345.212306432266,53785.17625823818,hurricane_cat4
Aguadilla,West,2027,48845.04619230808,49178.86509877321,50107.58426500617,50983.50800380808,51880.74329401795,52727.281377262596,53117.35806253733,hurricane_cat4
Aguadilla,West,2028,47968.13560563602,48388.05830665371,49299.369412834676,50386.475443159725,51404.48884300997,52447.57500196016,52968.32009180546,hurricane_cat4
Aguadilla,West,2029,47188.50577609449,47818.833505608476,48858.94766077338,49874.1266058207,51141.91729814762,51878.842812449555,52890.078111633105,hurricane_cat4
Aguadilla,West,2030,46373.73334867691,46970.74795813062,48242.94568967838,49434.13572587339,50309.62169728913,51644.064952833905,52161.74546416305,hurricane_cat4
Aguas Buenas,Central Mountains,2025,23123.4739966171,23187.000585461472,23330.45388226906,23447.754291123012,23588.124231720547,23704.66729255027,23753.772279158286,hurricane_cat4
Aguas Buenas,Central Mountains,2026,22306.084628254426,22366.62230908526,22532.437395597342,22732.66910491693,22886.23889288386,23072.08959688167,23158.999141176555,hurricane_cat4
Aguas Buenas,Central Mountains,2027,21890.956524519945,21962.713236091902,22094.021599574888,22311.788328869297,22501.574108378823,22656.43683166411,22741.983423175014,hurricane_cat4
Aguas Buenas,Central Mountains,2028,21561.179034693374,21674.918959470622,21884.09717481784,22109.7960777253,22274.492914493523,22452.49224882543,22566.230414599795,hurricane_cat4
Aguas Buenas,Central Mountains,2029,21423.737000892666,21488.47986455875,21674.49756462245,21899.66070543974,22145.12010020084,22352.544089225536,22419.452549334874,hurricane_cat4
Aguas Buenas,Central Mountains,2030,21003.772135310563,21123.57441996225,21387.328353760066,21642.464338649323,21848.71136048859,22082.673830753534,22175.39439913259,hurricane_cat4
Aibonito,Central Mountains,2025,23475.070345760883,23718.54315907238,23961.429223077786,24273.7298141175,24605.47040296777,24790.962896795074,25095.13294090905,hurricane_cat4
Aibonito,Central Mountains,2026,22479.313340015902,22614.314814971043,22903.543218033592,23410.031215073024,23820.10484569395,24198.85096216727,24299.929834122046,hurricane_cat4
Aibonito,Central Mountains,2027,21907.12084833383,22212.139724927743,22519.914573521266,23011.578824353994,23432.828004973628,23770.69613447959,24051.885975529407,hurricane_cat4
Aibonito,Central Mountains,2028,21503.48051298546,21734.130705591917,22177.257943952747,22740.029570126586,23249.597445110056,23677.518021109172,24068.58861617668,hurricane_cat4
Aibonito,Central Mountains,2029,21196.137418279493,21348.978123311954,21846.822593679408,22477.37254154044,23088.74189862195,23665.454373602195,24081.584819906762,hurricane_cat4
Aibonito,Central Mountains,2030,20751.543964528366,21090.737486994665,21664.811204903468,22307.183942288197,23010.663911490963,23537.81869215285,24068.473857599296,hurricane_cat4
Arecibo,North,2025,83392.63644592416,83760.62195955946,84540.23087466639,85447.22550574515,86304.87561411443,87182.64971375231,87522.0659226542,hurricane_cat4
Arecibo,North,2026,79629.19924790136,80742.8832757894,81699.47070979161,82749.78844756697,83831.14740640266,84589.58272488147,85463.68845884991,hurricane_cat4
Arecibo,North,2027,78696.51728693684,79292.2587671903,80302.50548330296,81685.06465804242,82697.34773740068,83835.80230634169,84384.35135205534,hurricane_cat4
Arecibo,North,2028,77341.22660852702,78186.20859670134,79518.21446521397,80943.28219570221,82136.32092992365,83561.43603309379,84418.31823863929,hurricane_cat4
Arecibo,North,2029,76469.03282608997,77342.72524641505,78402.76234620505,79971.17075501892,81556.49187660939,82679.64001455357,83620.48710724119,hurricane_cat4
Arecibo,North,2030,75391.65981639303,76383.90877383537,77585.74355066543,79210.60161646055,80607.73934949885,82032.7966915181,82904.7025203803,hurricane_cat4
Arroyo,South,2025,14744.273330199549,14862.245548465025,14979.60944715561,15116.061063379519,15237.227967508048,15368.597428291621,15486.58443299984,hurricane_cat4
Arroyo,South,2026,13946.374412407093,14160.610538571997,14335.752505805302,14543.524101230047,14680.001087670451,14890.562983204134,15012.753099206857,hurricane_cat4
Arroyo,South,2027,13473.582399814411,13682.055897422151,13909.462705259273,14121.845248631718,14340.602332306036,14561.915349097684,14668.033954867302,hurricane_cat4
Arroyo,South,2028,13130.723781902796,13351.134899494748,13553.221677021897,13844.952809861843,14069.81113186607,14293.416121928394,14391.830615876026,hurricane_cat4
Arroyo,South,2029,12968.439021294935,13096.818047214092,13258.525968782287,13594.575131949281,13867.943180200335,14125.75081343562,14333.69814746935,hurricane_cat4
Arroyo,South,2030,12688.356720077218,12805.745195485888,13076.584949986256,13371.568430095394,13652.284698480415,13937.768928608828,14077.054376940594,hurricane_cat4
Añasco,West,2025,24615.285566424292,24675.632728600987,24793.63617866204,24950.566796106796,25074.27818239054,25204.260749674184,25255.93341400561,hurricane_cat4
Añasco,West,2026,23740.92026566629,23847.77912128327,23964.82872358457,24150.138012776326,24337.730870275394,24479.3405529321,24525.86554063068,hurricane_cat4
Añasco,West,2027,23311.721572119426,23381.366271743318,23535.887465632564,23734.40420984402,23918.624060167138,24109.324943814223,24238.645678867404,hurricane_cat4
Añasco,West,2028,23048.002058857535,23100.4372939955,23309.94415773622,23515.47826806496,23741.627253751634,23945.369866936926,24099.633202702968,hurricane_cat4
Añasco,West,2029,22715.07120542677,22878.33714108987,23061.491782094312,23312.71491636547,23527.806812766645,23682.977193295254,23870.455820423816,hurricane_cat4
Añasco,West,2030,22335.48475254238,22515.773813356955,22750.412107467506,22936.189275117096,23221.96927151287,23438.74430087971,23668.176926596454,hurricane_cat4
Barceloneta,North,2025,21812.635927466377,21946.756086880072,22106.128728521566,22262.20092047443,22434.060650098538,22634.61640834374,22717.731042637995,hurricane_cat4
Barceloneta,North,2026,21001.8065737423,21136.891206754226,21295.028921587917,21546.14034475573,21754.311979699225,21963.201150378707,22109.499453718214,hurricane_cat4
Barceloneta,North,2027,20597.53165152423,20730.05166051248,20947.84980619209,21183.127630923558,21476.454879255198,21684.576896657203,21810.36858747862,hurricane_cat4
Barceloneta,North,2028,20299.244319593585,20454.318698809922,20728.216348876005,21037.975177874363,21281.198273990765,21497.36166507506,21667.66325518888,hurricane_cat4
Barceloneta,North,2029,20176.761919481218,20292.05522564876,20537.603359679902,20790.86097530378,21051.800313339263,21376.734525832948,21541.910060150203,hurricane_cat4
Barceloneta,North,2030,19890.145520608854,20016.20935735697,20307.908355121333,20523.085754188214,20822.981472111012,21089.329985941513,21285.826666274996,hurricane_cat4
Barranquitas,Central Mountains,2025,28079.508390795785,28168.28412480776,28398.707751144735,28580.567960836735,28792.446778779347,29017.201484802936,29072.021866343814,hurricane_cat4
Barranquitas,Central Mountains,2026,26915.954341075372,27110.22972235765,27387.84515021281,27703.196866760074,27930.68950393804,28178.32297101024,28307.85042789179,hurricane_cat4
Barranquitas,Central Mountains,2027,26434.04150230311,26596.406621189533,26997.683762979108,27306.617240561325,27594.20978707366,27832.689618992692,27945.396097278524,hurricane_cat4
Barranquitas,Central Mountains,2028,26150.439183119393,26278.22838781154,26582.492520334265,27010.454560093123,27370.14969760129,27633.98432445808,27799.158591657328,hurricane_cat4
Barranquitas,Central Mountains,2029,25831.312895361727,26050.861695927033,26380.0326220055,26784.8380914832,27118.95809955697,27453.364957375547,27667.406513170085,hurricane_cat4
Barranquitas,Central Mountains,2030,25293.154642855814,25646.683685346834,26086.11906955116,26505.12378027663,26900.14674573914,27326.903961766035,27506.821578097,hurricane_cat4
Bayamón,Metro,2025,175029.3780650814,175948.28528183748,178191.84320123488,180161.9423850139,182163.21151465696,183897.55562887402,184528.15280505057,hurricane_cat4
Bayamón,Metro,2026,167385.59207427016,168360.7569779865,170826.4598755388,173782.32734545314,175930.99594164742,179735.44505359535,180532.50674884667,hurricane_cat4
Bayamón,Metro,2027,163297.44259208484,164311.48881094862,167196.47097934262,170169.37742892135,173443.27229340788,175727.4555573917,177045.6312884537,hurricane_cat4
Bayamón,Metro,2028,160183.15609421305,161766.34528049547,164313.28190298355,167427.92104234942,171194.856861196,175146.8569714445,176938.84863153502,hurricane_cat4
Bayamón,Metro,2029,158599.72635372388,159502.18464069854,163017.00700226528,166280.87723509283,170359.7932679085,174624.5186947428,175964.411497272,hurricane_cat4
Bayamón,Metro,2030,155895.3569093565,157303.88934730328,160327.2266840037,164919.92385050602,169320.72932788648,172483.28602181992,174467.14802276227,hurricane_cat4
Cabo Rojo,West,2025,45673.61753950681,45852.252845972565,46060.8517088723,46284.39801844472,46550.67406511024,46816.78958696622,46998.068711953805,hurricane_cat4
Cabo Rojo,West,2026,44144.66195317781,44293.17669735313,44485.71310420717,44785.643132572724,45095.48514766527,45466.123252878446,45597.13857272227,hurricane_cat4
Cabo Rojo,West,2027,43469.64917326922,43657.33436585968,43890.00407375689,44198.96296398643,44524.06460842426,44855.77567782535,45044.29703536343,hurricane_cat4
Cabo Rojo,West,2028,43180.02591615118,43314.246507910706,43560.46934183688,43881.55394083589,44253.278224891306,44703.913375910575,44910.442717310914,hurricane_cat4
Cabo Rojo,West,2029,42533.26319549408,42712.63033623602,43115.29920852722,43462.314556418554,43810.22861253108,44283.45062840518,44475.01990130395,hurricane_cat4
Cabo Rojo,West,2030,41719.66920745552,41991.45597397954,42386.234009758635,42791.256964915316,43244.27082323514,43582.37606623777,43783.464686564745,hurricane_cat4
Caguas,East,2025,120984.97837766906,121393.9204572254,122316.78821097488,123125.33538539006,123905.09817943072,124626.60636528626,125091.53191740683,hurricane_cat4
Caguas,East,2026,115345.96019200176,115979.53256648706,116767.5381495847,117944.98342590165,118843.83980908469,119774.34013002376,120226.41235163048,hurricane_cat4
Caguas,East,2027,112123.23622289309,112541.63002976695,113649.84617770069,114682.6123913438,115864.92551722762,116808.29272200105,117511.92272288878,hurricane_cat4
Caguas,East,2028,109451.53648913922,110196.19310741688,111446.84438758725,112621.16434855915,113657.5936762237,114997.84991522605,115772.85992604682,hurricane_cat4
Caguas,East,2029,108118.49130047267,108626.7047443934,109619.94677449967,110719.7293463012,112181.96374534664,113696.10167524782,114778.70780299196,hurricane_cat4
Caguas,East,2030,105753.93800894222,106638.08393787911,107973.68920983453,109391.25816310967,110607.71620441083,111792.40588682926,112562.8534322481,hurricane_cat4
Camuy,North,2025,31219.98275018689,31534.564870987026,31845.324456845905,32264.35372921107,32672.97051824947,32883.68425444413,33081.15983091521,hurricane_cat4
Camuy,North,2026,30123.96258575703,30377.32069946291,30816.047243019708,31299.459400484422,31692.122010264073,32051.59259656183,32251.15119639729,hurricane_cat4
Camuy,North,2027,29680.750788633355,30009.499115540595,30480.112825058277,30910.075288657878,31231.682423269565,31675.396564797727,31908.051437543545,hurricane_cat4
Camuy,North,2028,29247.920972155353,29411.500439602274,30026.49603668306,30483.80144983442,31086.948098016124,31627.01361759289,31850.47335200696,hurricane_cat4
Camuy,North,2029,28948.26513824609,29205.27018522986,29709.508751588095,30265.570320222592,30806.058133088332,31230.01622215249,31570.226666819308,hurricane_cat4
Camuy,North,2030,28551.18236574119,28910.64233119365,29399.19132356387,29937.380311553276,30528.156564980396,31039.715051100462,31366.98920468046,hurricane_cat4
Canóvanas,East,2025,40174.90110670843,40325.62166589483,40662.066231028744,40987.15891178219,41357.7711291344,41627.00380080958,41808.33428720614,hurricane_cat4
Canóvanas,East,2026,38204.59374260428,38302.14725263286,38650.439991805986,39252.387835454196,39637.85464710942,39963.16244904454,40326.79808387463,hurricane_cat4
Canóvanas,East,2027,36868.66471900266,37176.63677535793,37627.706885043735,38057.99311919474,38493.45934766681,38994.16750546208,39274.18963515798,hurricane_cat4
Canóvanas,East,2028,35997.48462764115,36282.78597320877,36705.054756960795,37283.53376788339,37930.64779581244,38396.70415175568,38754.93238349674,hurricane_cat4
Canóvanas,East,2029,35185.82233256067,35439.43055570765,36107.327403541756,36727.56144179145,37378.73552473635,37863.6918518019,38218.33622539972,hurricane_cat4
Canóvanas,East,2030,34480.461151414434,34827.90605384544,35487.34568500838,36082.34450051439,36675.0986539648,37404.963466659894,37605.37263157484,hurricane_cat4
Carolina,Metro,2025,146748.91249770072,147778.5115608116,148996.2665421443,150333.93928504776,151316.6069063657,152731.0479054087,153420.6774358893,hurricane_cat4
Carolina,Metro,2026,140317.55028780628,141310.54266551664,142940.01455845466,144647.06730554928,146161.8042865201,147939.05609378367,148939.31426744853,hurricane_cat4
Carolina,Metro,2027,137131.3063586462,138111.53373048207,140195.49684354605,141802.18551457787,143958.9373446354,145302.33443856848,146428.0811695341,hurricane_cat4
Carolina,Metro,2028,135121.34777053745,136659.60094143642,138392.2843037033,140636.9739358631,142378.21283966734,144834.20397095932,145763.1240977249,hurricane_cat4
Carolina,Metro,2029,133993.2772404134,134874.04455929692,136501.16986465626,138530.95670528046,141175.59427925176,143225.06725411103,144498.79853614693,hurricane_cat4
Carolina,Metro,2030,132014.2850245154,133245.64061140158,134576.480645218,136710.2399747242,139521.40989351418,141479.75991824106,142590.29193024998,hurricane_cat4
Cataño,Metro,2025,21998.911237557335,22043.791495724927,22151.6355373972,22243.68241931472,22340.49699507749,22499.317693756613,22560.290971736387,hurricane_cat4
Cataño,Metro,2026,21229.71830978243,21307.008685249715,21425.203480174845,21541.0902175796,21681.670886895154,21863.329020042154,22004.51507275384,hurricane_cat4
Cataño,Metro,2027,20688.050342936946,20783.3847177272,20961.852597420173,21151.728544347883,21336.485794572745,21456.64637385867,21541.38991312839,hurricane_cat4
Cataño,Metro,2028,20392.82337321175,20518.76955475521,20724.28047849323,20914.106488018217,21084.327331834327,21293.916856006566,21383.13386943102,hurricane_cat4
Cataño,Metro,2029,20127.962852575016,20301.039759969444,20504.345111409977,20716.478790984907,20890.42857798968,21064.98606195243,21193.65321335217,hurricane_cat4
Cataño,Metro,2030,19895.267837461186,19971.63904702128,20207.09610158226,20427.428910703875,20616.11160793883,20762.14291560817,20930.284457540085,hurricane_cat4
Cayey,Central Mountains,2025,40123.510412300035,40225.04048408454,40391.6891467282,40602.26268165936,40789.963167769674,40950.0991326669,41048.391610684455,hurricane_cat4
Cayey,Central Mountains,2026,38387.05442862442,38576.23311906072,38798.499871054046,39174.71140794154,39419.67693929786,39714.074792654814,39876.681427417876,hurricane_cat4
Cayey,Central Mountains,2027,37575.58326966312,37723.401988084704,38032.03979942103,38369.47388169049,38753.36660394037,39011.42834609125,39094.09692537889,hurricane_cat4
Cayey,Central Mountains,2028,37181.51306260162,37396.1637916167,37727.92168981322,38032.786672503134,38383.26005132988,38783.23713982926,39049.917853338,hurricane_cat4
Cayey,Central Mountains,2029,36827.95954197779,36952.12436203592,37377.83685675132,37743.55375640348,38165.628176266895,38550.93328757274,38627.17766045553,hurricane_cat4
Cayey,Central Mountains,2030,36266.36658811524,36518.10085907897,36837.18658256664,37289.28602445175,37667.88129125857,37996.71171816913,38273.84099709273,hurricane_cat4
Ceiba,East,2025,10611.294753033979,10663.28402530943,10722.685248414493,10816.456140092669,10934.289946323755,10994.155091644974,11047.664939396627,hurricane_cat4
Ceiba,East,2026,10146.607775206336,10199.281202376224,10282.26541546281,10390.201532863084,10498.078050639873,10594.53238274412,10679.701734814977,hurricane_cat4
Ceiba,East,2027,9762.70044632095,9827.239516141093,9960.104677482734,10105.497527640908,10228.461646083642,10339.359728531046,10419.019191093761,hurricane_cat4
Ceiba,East,2028,9521.952941134625,9616.12762217236,9748.457303691439,9891.600753086348,10028.932497945589,10125.620016178107,10204.563557711996,hurricane_cat4
Ceiba,East,2029,9371.885294141448,9424.212952628628,9585.926547822794,9743.162730488699,9881.957492575562,10022.578960170507,10065.251710259907,hurricane_cat4
Ceiba,East,2030,9221.153798898627,9290.034595762787,9424.301132233899,9597.321265446883,9729.801482377072,9895.51320589073,9981.796881972097,hurricane_cat4
Ciales,Central Mountains,2025,16133.005402349192,16242.74572120339,16382.143144976217,16559.75485812094,16746.589209592345,16930.955547310372,17005.148284110994,hurricane_cat4
Ciales,Central Mountains,2026,15488.048319475376,15560.439266422798,15786.118782595237,16009.731212012215,16244.945394943501,16475.167721622798,16647.09053608434,hurricane_cat4
Ciales,Central Mountains,2027,15251.4681989952,15392.380547437204,15577.58871699304,15828.39305874399,16032.742995672892,16216.918832974206,16354.88495600088,hurricane_cat4
Ciales,Central Mountains,2028,15017.736480050216,15155.569501248923,15408.26176538743,15637.737510461031,15888.60536789841,16146.769411753003,16324.298573251937,hurricane_cat4
Ciales,Central Mountains,2029,14870.649241005372,14944.56159332651,15201.2627582444,15450.892745962687,15792.872177762598,16055.30975816584,16255.146498928678,hurricane_cat4
Ciales,Central Mountains,2030,14682.140070494304,14776.173104154197,14995.057109144154,15311.540724995817,15660.793884529732,15901.305657491817,16178.601185867152,hurricane_cat4
Cidra,Central Mountains,2025,38514.16012392247,38587.05326450741,38782.156099838,39079.60760328364,39416.57202998348,39635.47457147797,39782.17892321644,hurricane_cat4
Cidra,Central Mountains,2026,37024.50125343845,37157.190069237724,37383.15319085526,37773.29524813898,38093.13476298325,38485.75813697535,38636.004611909666,hurricane_cat4
Cidra,Central Mountains,2027,36060.5176296108,36358.99451993287,36675.91345527719,37109.19513429288,37538.06634505448,37959.179495309414,38116.1025219207,hurricane_cat4
Cidra,Central Mountains,2028,35688.4528845838,35999.5585515301,36285.13189108914,36801.882661085496,37283.99985194231,37694.92118029835,37883.528588403606,hurricane_cat4
Cidra,Central Mountains,2029,35354.447664583444,35548.32671322727,35944.70324743122,36472.092329695115,36998.33516127724,37387.24849191726,37716.068125235855,hurricane_cat4
Cidra,Central Mountains,2030,34722.7744951269,35026.31942686973,35527.503286571955,36042.46556224172,36610.58621479038,37078.88077153978,37318.349560373295,hurricane_cat4
Coamo,South,2025,32613.927582824184,32868.95558617684,33167.05281399856,33549.70443541995,33933.94805267754,34239.12043342015,34433.31599766958,hurricane_cat4
Coamo,South,2026,31049.113034042137,31262.483188434013,31776.863966861725,32256.42257022603,33065.11595552472,33569.70594465856,33757.456277770856,hurricane_cat4
Coamo,South,2027,30180.22910786177,30454.32710930988,30891.166261052378,31494.925862241114,32264.560935824986,32724.111460704247,32950.13429347982,hurricane_cat4
Coamo,South,2028,29440.285504526615,29615.679385694177,30270.527040640525,30988.62650909199,31643.00530610276,32240.838786727287,32620.238762354078,hurricane_cat4
Coamo,South,2029,28813.517984261747,29065.8468181509,29777.862603887603,30572.36461212876,31252.1640491812,32122.111418995035,32611.732216063887,hurricane_cat4
Coamo,South,2030,28207.896261529833,28564.30757387094,29230.661188472597,30085.525206077033,30785.84140703312,31530.024148495835,31914.347281487102,hurricane_cat4
Comerío,Central Mountains,2025,18255.413316191298,18314.044378393286,18401.834395213133,18484.357896412646,18590.74786628053,18657.79925596812,18690.436203027537,hurricane_cat4
Comerío,Central Mountains,2026,17513.813983444194,17612.787421258727,17722.72889022323,17857.276613664933,17954.198351268285,18038.116007710432,18090.59444830443,hurricane_cat4
Comerío,Central Mountains,2027,17214.231334861764,17317.34754917646,17401.46846557271,17534.37326186183,17669.550662574205,17786.677287986146,17846.220134022,hurricane_cat4
Comerío,Central Mountains,2028,17037.41882766409,17110.073152332465,17241.56686945625,17391.05510226507,17500.901737005344,17633.217439085347,17684.711647887674,hurricane_cat4
Comerío,Central Mountains,2029,16839.210026506367,16930.567680868113,17075.970142560527,17239.18003129935,17406.43189701333,17529.2456393056,17628.46699762233,hurricane_cat4
Comerío,Central Mountains,2030,16628.390220384324,16715.803052337513,16871.928799314148,17075.32285366109,17231.57524616204,17389.78670838831,17493.023508069837,hurricane_cat4
Corozal,Central Mountains,2025,33224.38262526137,33432.3831573025,33667.45013591847,33951.642311850395,34244.54648060819,34533.19766454349,34691.99823061352,hurricane_cat4
Corozal,Central Mountains,2026,31920.035494096424,32111.867815774734,32504.59587725849,32896.36916790405,33255.05634917988,33548.20597523311,33771.05901015245,hurricane_cat4
Corozal,Central Mountains,2027,31228.188389213046,31440.126853839614,31810.178881488988,32353.707450570317,32787.54300775031,33190.42770858422,33446.65806615376,hurricane_cat4
Corozal,Central Mountains,2028,30663.48597035819,30938.936552257324,31539.068784665276,31934.899055984737,32379.48382860328,32838.74662824985,33021.72381506766,hurricane_cat4
Corozal,Central Mountains,2029,30370.533277841612,30654.66414306024,31095.466902519383,31721.345938417315,32250.07261190004,32595.42268063523,32910.23044756462,hurricane_cat4
Corozal,Central Mountains,2030,29975.648038830685,30231.708287963247,30758.5652568444,31371.088927309094,31928.184630106236,32457.413976912907,32562.963492195806,hurricane_cat4
Culebra,East,2025,1278.9998182188813,1296.7436140672062,1326.2117664795533,1356.874857384863,1384.4458297787683,1406.6313891731963,1421.4508641288658,hurricane_cat4
Culebra,East,2026,1193.1684229096143,1202.9155367524463,1244.732572966762,1286.7971591513005,1327.6620304344099,1350.1788809389984,1376.548124931568,hurricane_cat4
Culebra,East,2027,1129.621342464136,1153.352803498137,1188.442745328131,1238.2053837338542,1285.411448858703,1328.4076634338298,1362.7583954070003,hurricane_cat4
Culebra,East,2028,1079.4722422763577,1111.2841342176466,1148.2274749254261,1203.9069947689986,1251.9322242009578,1299.020464228947,1344.6758728851826,hurricane_cat4
Culebra,East,2029,1051.1388630221481,1068.919891083296,1112.8671706318648,1169.7288281194901,1238.5859197296131,1288.7074804086753,1310.1411872451984,hurricane_cat4
Culebra,East,2030,1010.0466300775373,1036.999670752148,1080.0173860840482,1139.229451332093,1203.8834061753034,1252.830261649452,1293.2454557213546,hurricane_cat4
Dorado,North,2025,34857.34845169642,34992.39335508853,35168.896626911664,35362.59128702701,35572.11197991376,35773.57305940753,35910.57734000441,hurricane_cat4
Dorado,North,2026,33639.52373368015,33768.062947775565,34002.08550936636,34275.7788194201,34500.86125646949,34718.866887015836,34818.06977023219,hurricane_cat4
Dorado,North,2027,32962.59017835528,33125.159010694784,33404.45588889128,33726.0351865659,33986.19205863967,34227.2734948096,34420.865384603,hurricane_cat4
Dorado,North,2028,32563.640696917846,32744.255027573192,33001.27287941979,33365.36726207225,33751.50757027256,33987.35807901717,34135.717144377835,hurricane_cat4
Dorado,North,2029,32231.12859917818,32414.33023310677,32743.68039779195,33078.78354557932,33490.45591302936,33744.948996369916,33954.33638936436,hurricane_cat4
Dorado,North,2030,31686.03032204106,31985.337970733715,32346.412179863,32719.31109570076,33023.621921290636,33346.696972622056,33536.20003456259,hurricane_cat4
Fajardo,East,2025,30089.86943078323,30292.13371504147,30644.175778434204,31004.808132892897,31360.43496813704,31708.714463139626,31944.934470009437,hurricane_cat4
Fajardo,East,2026,28370.79976453782,28554.962338158908,29087.140118745607,29677.604703810306,30121.64603460263,30551.556916466787,30856.981179549915,hurricane_cat4
Fajardo,East,2027,27352.793614786242,27595.779269947532,28015.11434771832,28714.897202003212,29301.829099692884,29650.47551791181,30055.918270261736,hurricane_cat4
Fajardo,East,2028,26564.65130026019,26850.947529488527,27201.54634729049,28117.11836878038,28848.010532375065,29403.83204322569,29750.73438511907,hurricane_cat4
Fajardo,East,2029,26033.65656887679,26251.768659802972,26778.747997482977,27585.253760522563,28369.873257464766,29085.765646594395,29652.182909440337,hurricane_cat4
Fajardo,East,2030,25462.38605566458,25685.300839721043,26303.948557288302,27220.269185999372,27886.639972673023,28493.19632066793,29075.191608346297,hurricane_cat4
Florida,North,2025,11183.929324882556,11225.497170516479,11290.582982601483,11366.342971038133,11447.528521562934,11515.359881614808,11537.905805831524,hurricane_cat4
Florida,North,2026,10813.234373085916,10851.873914820753,10949.9547198218,11034.912704694834,11113.411523714314,11188.811102021718,11235.065126821826,hurricane_cat4
Florida,North,2027,10613.762756308004,10670.950597321687,10760.620378566922,10890.016872764572,10981.333284987655,11077.344117759012,11143.484615856902,hurricane_cat4
Florida,North,2028,10447.760558091963,10530.863098547738,10622.636387425204,10741.53839522184,10850.18456278304,10958.807216081814,11007.932923240325,hurricane_cat4
Florida,North,2029,10334.4037298973,10399.55818473767,10522.920939718528,10632.690245593298,10765.702434950197,10867.419551314544,10927.951653611837,hurricane_cat4
Florida,North,2030,10217.200285207335,10291.05158320012,10388.456657375431,10544.349382762004,10652.065898125153,10767.962066290049,10810.133139182864,hurricane_cat4
Guayama,South,2025,33958.48414229087,34104.19430911521,34474.14886496928,34813.17476723128,35062.17474623871,35371.101464712876,35516.82561056917,hurricane_cat4
Guayama,South,2026,32589.425983891175,32736.547191912938,33091.55093271399,33468.23366428772,33944.12962131271,34281.57294717979,34468.67427835642,hurricane_cat4
Guayama,South,2027,31357.132050960045,31760.89439924467,32204.58265642093,32611.076389420778,33163.9817367254,33584.20207116263,33818.78017697245,hurricane_cat4
Guayama,South,2028,30736.060890174565,30976.883212817644,31544.58417883661,31994.272637150756,32485.56042454231,33085.03654596044,33428.574055179866,hurricane_cat4
Guayama,South,2029,30281.49234320757,30427.7657700683,30861.06176357239,31470.95987336382,31952.076654660126,32576.286454653757,33005.356722226745,hurricane_cat4
Guayama,South,2030,29310.700999915123,29529.36242130708,30351.42203799939,30960.57338546212,31564.646853704668,32223.583966372604,32636.457651838333,hurricane_cat4
Guayanilla,South,2025,16715.935383740176,16775.02823988325,16864.22093278034,16961.14045702135,17032.157577180587,17139.382458508877,17174.538505189917,hurricane_cat4
Guayanilla,South,2026,16054.0859609036,16121.995868899077,16223.443800051515,16370.705677301088,16501.11499601143,16630.88220005755,16662.241110457744,hurricane_cat4
Guayanilla,South,2027,15643.067688041472,15704.19294235185,15848.96605282608,15999.699361984443,16146.23585486403,16270.843394073905,16313.657757396999,hurricane_cat4
Guayanilla,South,2028,15341.401728214116,15410.36454800398,15602.952099503895,15745.753785617355,15889.160190846549,16102.908753307329,16166.480859773601,hurricane_cat4
Guayanilla,South,2029,15147.553213904119,15236.097300671312,15433.387478562589,15573.66342953881,15737.45956303322,16013.036028081287,16064.815664521308,hurricane_cat4
Guayanilla,South,2030,14913.564261787407,15015.293004810634,15209.205881893911,15376.141426738799,15555.704353762032,15788.857113385882,15885.952457686677,hurricane_cat4
Guaynabo,Metro,2025,85617.12496546085,86096.05646835004,86977.77841826662,87820.18419776099,88719.1455319176,89449.20631247375,89999.60435184343,hurricane_cat4
Guaynabo,Metro,2026,82030.6175259756,82680.29438946542,83592.75569798806,84701.33528696472,85912.49427876773,86895.51697606736,87621.7750428606,hurricane_cat4
Guaynabo,Metro,2027,80260.21635503117,80999.9370449189,82202.69772719983,83392.36328998841,84433.64781394697,85435.44243564903,86413.14583565871,hurricane_cat4
Guaynabo,Metro,2028,79002.01377264183,79789.09863029033,80995.35466506523,82586.79669001972,83665.64390377655,85219.83284344662,86150.07595495316,hurricane_cat4
Guaynabo,Metro,2029,77786.75087519952,78742.99715932774,80245.51206481692,81563.33746504955,83175.07730111686,84447.46110981448,85698.00783404808,hurricane_cat4
Guaynabo,Metro,2030,76484.10151025996,77389.17824715967,79213.10073945482,80479.31374290628,82115.19038274739,83894.58105438734,84957.45329924824,hurricane_cat4
Gurabo,East,2025,37934.28657548961,38136.91291131641,38783.37400796209,39334.82649935342,40053.90743364339,40541.44267354821,40931.808360350224,hurricane_cat4
Gurabo,East,2026,35658.46690648101,36150.55823584253,36957.84104537425,37734.28389196752,38544.81283277276,39051.95375116771,39527.252594522324,hurricane_cat4
Gurabo,East,2027,34271.24597628732,34720.861898038376,35437.569357034685,36491.53315462578,37430.729817325875,38305.94077027514,38677.7195905824,hurricane_cat4
Gurabo,East,2028,33188.895287970845,33562.56927351893,34753.60822072756,35828.7927464992,36812.91202718022,37978.542906364695,38252.91165209712,hurricane_cat4
Gurabo,East,2029,32292.49710584074,33004.923783155595,34059.89480600304,35203.16573197175,36335.547967556566,37419.2529020178,38208.39433206776,hurricane_cat4
Gurabo,East,2030,31478.37316239413,32077.700420277524,33290.6907430695,34382.77484491815,35732.96222949301,36872.002262743474,37952.50579584361,hurricane_cat4
Guánica,West,2025,12310.371981985603,12365.28706030717,12475.70064482638,12582.65425433823,12718.668892701995,12827.125232543596,12866.284941279479,hurricane_cat4
Guánica,West,2026,11660.198430708755,11748.220866037125,11891.780108446304,12063.806230616057,12207.98646384535,12326.470234713497,12407.940067217094,hurricane_cat4
Guánica,West,2027,11183.53919883412,11291.582813184199,11495.888000191817,11657.377177051752,11870.029565456109,12052.191793557076,12172.33372318991,hurricane_cat4
Guánica,West,2028,10762.398645637208,10923.106985457633,11145.590862207286,11391.261819673413,11598.819360165138,11847.835324090825,11934.629318045108,hurricane_cat4
Guánica,West,2029,10513.974955890753,10666.949770770741,10967.238988531342,11170.080361031498,11396.566042769602,11619.713552464245,11800.375225794793,hurricane_cat4
Guánica,West,2030,10334.401295229494,10464.020276424062,10698.368249412164,10961.609682153987,11216.04791137127,11434.482245543679,11622.955254887149,hurricane_cat4
Hatillo,North,2025,37206.985802077426,37296.75569875021,37544.05221521055,37753.27856999585,37981.125038514496,38175.268791641545,38259.038101009464,hurricane_cat4
Hatillo,North,2026,35806.65622376404,36020.73754338062,36314.80292390659,36573.58792754018,36876.628414720806,37109.29545349739,37260.726378091014,hurricane_cat4
Hatillo,North,2027,35329.450131551894,35519.66485871827,35786.466095130716,36104.66368466943,36466.941334218915,36704.34802911607,36850.8673980342,hurricane_cat4
Hatillo,North,2028,34898.25695968134,35004.96993191141,35404.82053418975,35709.371361704616,36039.109945017575,36343.05550729937,36494.51590693,hurricane_cat4
Hatillo,North,2029,34419.14260593784,34594.28851984049,34972.74214047113,35376.64866908791,35728.35684791061,36086.674158615315,36299.09602157131,hurricane_cat4
Hatillo,North,2030,33882.91552565095,34151.244904440944,34590.15993775788,34978.03551883671,35391.7306852166,35837.99189011909,36081.23798259648,hurricane_cat4
Hormigueros,West,2025,15117.38433172677,15152.563110172727,15205.75123677928,15286.807215547535,15358.561396750953,15427.76030641406,15469.882317884381,hurricane_cat4
Hormigueros,West,2026,14538.933816548633,14581.526875200685,14679.42195739552,14775.055959164267,14893.110473780627,14972.338811211584,15034.298975073481,hurricane_cat4
Hormigueros,West,2027,14330.092116620084,14383.533999019726,14480.848311824608,14587.579633584299,14675.247041873983,14776.527766962638,14840.491413897846,hurricane_cat4
Hormigueros,West,2028,14195.969540269112,14288.549291798918,14388.162375802154,14491.19744721223,14638.192504843984,14711.818581309779,14752.350090811944,hurricane_cat4
Hormigueros,West,2029,13999.665228436037,14050.182248297708,14200.901692658375,14321.86026157206,14488.122322378156,14590.23396166222,14634.209073840255,hurricane_cat4
Hormigueros,West,2030,13827.07013636013,13869.245477053559,13978.181014943688,14121.893120110788,14248.955801915352,14379.372811599387,14452.636226047816,hurricane_cat4
Humacao,East,2025,48490.064209684046,48620.07183059642,48904.754653653115,49218.96231087946,49465.50118317253,49660.3679319261,49867.45877034687,hurricane_cat4
Humacao,East,2026,46242.82881366267,46423.304904434364,46716.52835345293,47019.340320120806,47341.95141074547,47607.765298441176,47861.53381720404,hurricane_cat4
Humacao,East,2027,44773.33823546876,44998.00409620376,45350.97232112803,45697.96038351256,46141.24684166195,46412.905140814815,46620.9242444291,hurricane_cat4
Humacao,East,2028,43855.1179031277,44041.723976822796,44413.66938481514,44832.664435628685,45209.51429705341,45578.76290521944,45851.12239377591,hurricane_cat4
Humacao,East,2029,43200.01043781493,43452.35176048549,43737.17147231223,44229.81798138338,44697.60595502528,45172.91708729191,45470.19478920775,hurricane_cat4
Humacao,East,2030,42504.786838683984,42698.29674049072,43135.6815775856,43547.43950901347,44044.390510418525,44458.8059232237,44773.95987170629,hurricane_cat4
Isabela,West,2025,41230.020598778996,41474.71505150764,41847.179939305104,42254.049877816025,42698.047343864884,43143.12544561019,43353.94979697464,hurricane_cat4
Isabela,West,2026,39589.158541916804,40032.405116175425,40452.02377006355,40897.376561484954,41446.260679681625,41998.124695229664,42256.29156795404,hurricane_cat4
Isabela,West,2027,39056.07361239894,39377.640025394234,39880.556373476575,40414.61613299719,40902.277552578,41466.58678983007,41634.844521982304,hurricane_cat4
Isabela,West,2028,38410.89477276213,38748.5890481569,39265.009696799985,39971.69477297526,40530.326402934996,41134.57510206995,41431.30355029027,hurricane_cat4
Isabela,West,2029,37898.187487403484,38277.71121726304,38732.9764962787,39371.074425179424,40070.32711547095,40681.64557649626,41044.38188797592,hurricane_cat4
Isabela,West,2030,37326.3423389048,37849.52924878586,38360.03502697155,38966.20626705508,39614.94462035783,40393.35830434968,40823.163777351,hurricane_cat4
Jayuya,Central Mountains,2025,14112.56980658328,14179.404295829163,14280.77003956557,14423.223219206215,14564.077789650913,14699.956295011776,14789.313949899237,hurricane_cat4
Jayuya,Central Mountains,2026,13589.93259633045,13661.86332816786,13784.491605483536,13962.329352235025,14137.284609353861,14305.499374986508,14446.241695913895,hurricane_cat4
Jayuya,Central Mountains,2027,13328.315557153228,13404.395804788563,13599.6491737871,13797.713381734067,13933.092187025099,14109.977946766861,14210.737365225074,hurricane_cat4
Jayuya,Central Mountains,2028,13155.811353250494,13237.706819329898,13445.734775377727,13646.660396226549,13853.915545738744,14055.061831876239,14222.043858883188,hurricane_cat4
Jayuya,Central Mountains,2029,13028.955669153478,13135.121190096563,13278.986641630212,13527.020593897174,13782.622812673299,14003.924335017477,14094.486787327847,hurricane_cat4
Jayuya,Central Mountains,2030,12843.390919570631,12993.041913668816,13130.86696426587,13337.20975553311,13597.85661658863,13850.401524063107,13954.070685903871,hurricane_cat4
Juana Díaz,South,2025,44727.62423388763,44884.90731818563,45142.74384583191,45512.9864588457,45901.910190782306,46233.31069046999,46356.28894544857,hurricane_cat4
Juana Díaz,South,2026,42826.960711300955,43006.54952962393,43393.41419794832,43939.412899944655,44430.775786514205,44844.742378981886,45096.04282878405,hurricane_cat4
Juana Díaz,South,2027,41582.4411183576,41846.08124683045,42286.61154899249,42856.740161537586,43514.40137751717,43998.22844200515,44269.00222372549,hurricane_cat4
Juana Díaz,South,2028,40631.31265242955,41009.47383178976,41543.15264859689,42190.557535652115,42727.468270296406,43304.192498387165,43731.71222735374,hurricane_cat4
Juana Díaz,South,2029,39988.89334456012,40310.0987498445,40971.55349621556,41563.865553361306,42206.3605431049,42943.312374561945,43145.92795997466,hurricane_cat4
Juana Díaz,South,2030,39277.60701905042,39640.54281048789,40263.574859669316,41043.621729754595,41683.485862734524,42187.64050515789,42425.0302283907,hurricane_cat4
Juncos,East,2025,35633.51152528708,35750.23057646033,35916.06804071413,36151.366179231045,36395.04418636511,36572.00203632505,36657.24045969214,hurricane_cat4
Juncos,East,2026,33819.820785254524,33995.25744696547,34229.73935327206,34510.55641284413,34824.72343735077,35052.827355338304,35175.608478871814,hurricane_cat4
Juncos,East,2027,32523.422377237024,32790.2796600073,33121.27192240201,33509.92189151313,33829.732176296595,34160.21340318113,34326.59494952405,hurricane_cat4
Juncos,East,2028,31749.02210315432,31919.662454404777,32295.44890718081,32772.608123293474,33183.62590537026,33599.068592318035,33722.36490390753,hurricane_cat4
Juncos,East,2029,31275.572895370402,31463.151393907545,31862.19009789516,32293.203831003033,32721.19024240978,32972.77850749565,33193.460629552195,hurricane_cat4
Juncos,East,2030,30695.169611173525,30934.740380690695,31359.49427968919,31801.87154506261,32183.03666764964,32517.426975959075,32727.14806337522,hurricane_cat4
Lajas,West,2025,22203.378608346582,22367.960906473927,22594.60235133339,22818.905719135877,23019.01197062141,23161.85703765329,23350.35445863706,hurricane_cat4
Lajas,West,2026,21449.39447228197,21563.588283941248,21813.8464861407,22109.267822973987,22344.127589484426,22650.98387605739,22760.7856935319,hurricane_cat4
Lajas,West,2027,21221.242040857476,21348.35833666493,21549.974042594844,21791.884532069867,22109.181058002458,22421.56265454307,22515.62025643548,hurricane_cat4
Lajas,West,2028,20926.57472440303,21037.043620685756,21357.459181241742,21730.952683865056,21989.849410502477,22238.992181642367,22439.76459553762,hurricane_cat4
Lajas,West,2029,20766.011819509116,20879.58937186221,21105.01261881851,21488.916079833645,21927.865948869097,22187.81426496308,22445.639845671045,hurricane_cat4
Lajas,West,2030,20449.993193481627,20611.07430179047,20865.591420401677,21203.35053296803,21619.639259366664,21936.351902582977,22212.953257807585,hurricane_cat4
Lares,Central Mountains,2025,26292.602669847158,26481.22803609562,26926.634506833187,27415.747398422587,27977.551495197833,28523.923628846598,28699.88186086649,hurricane_cat4
Lares,Central Mountains,2026,24787.555348366688,25049.92511059658,25759.970606575658,26599.083867439702,27332.30280654366,27732.1302406954,28165.45578682289,hurricane_cat4
Lares,Central Mountains,2027,24350.407978456773,24521.73656188976,25250.45391930002,26085.539240035916,26854.084141719653,27453.39042936108,27929.858322014163,hurricane_cat4
Lares,Central Mountains,2028,23792.966349284776,24208.19649747327,24942.470199650616,25814.91676942858,26507.991729480458,27308.639359571178,27841.428751219722,hurricane_cat4
Lares,Central Mountains,2029,23308.741143762396,23679.347980518676,24719.470745224757,25612.587625771466,26463.095303552305,27327.288791856496,27708.052828212818,hurricane_cat4
Lares,Central Mountains,2030,22956.091336798272,23246.37334071843,24252.67543449907,25369.205557550384,26334.395563284248,27154.96871319757,27552.451212026834,hurricane_cat4
Las Marías,West,2025,8333.874799257335,8386.642057585726,8490.176821279958,8605.347670742329,8732.203848311347,8852.022717829588,8905.237969854494,hurricane_cat4
Las Marías,West,2026,7937.364144394681,8066.543464100141,8191.971799041283,8373.571973305981,8533.384289598085,8655.036539293429,8678.845722030039,hurricane_cat4
Las Marías,West,2027,7817.762861266109,7909.607723145013,8082.817783839193,8263.816129279829,8423.054729012736,8584.389875604911,8676.463826108458,hurricane_cat4
Las Marías,West,2028,7663.070726552817,7823.998571767877,7985.596101403195,8201.29512446338,8388.047991742878,8538.047394028432,8627.357635004164,hurricane_cat4
Las Marías,West,2029,7498.366531693295,7631.421695719869,7839.074339077052,8092.085557945114,8296.295004490978,8498.735268439214,8586.573694157149,hurricane_cat4
Las Marías,West,2030,7399.956154395651,7522.145555108593,7698.384727156911,7976.2534690047205,8235.701009625485,8441.888748207253,8516.852522588097,hurricane_cat4
Las Piedras,East,2025,33650.10821702507,33743.1153425884,34009.68656310058,34264.97399197427,34553.41914748155,34793.819278760595,34895.15982266283,hurricane_cat4
Las Piedras,East,2026,31880.937365223403,32020.35365905034,32316.042571823997,32675.394835028295,33087.09951022279,33475.38073536783,33673.08608977256,hurricane_cat4
Las Piedras,East,2027,30761.5052941702,30950.271356989233,31279.716973753686,31704.526545982397,32202.18060233281,32517.12596971491,32642.285278459927,hurricane_cat4
Las Piedras,East,2028,29913.313927730786,30164.810480993427,30670.35210470846,31109.375107946486,31576.303627713125,31975.865856003118,32224.252744065485,hurricane_cat4
Las Piedras,East,2029,29479.207926651976,29774.846657958427,30200.671331725276,30667.735395315627,31096.128209899274,31621.07475005751,31762.53851796081,hurricane_cat4
Las Piedras,East,2030,29048.604119909858,29257.963315795703,29620.076181894707,30149.79391955334,30603.45978073479,31226.640084475745,31452.216961724826,hurricane_cat4
Loíza,East,2025,22097.761576118413,22135.43847926667,22248.729908106412,22387.895217853125,22511.362648708146,22645.61738848279,22690.678208450452,hurricane_cat4
Loíza,East,2026,21033.711286093076,21134.555187594757,21285.35393014139,21479.160717391125,21613.78903728357,21754.137461627644,21834.52954548147,hurricane_cat4
Loíza,East,2027,20386.68154460596,20482.165712100297,20622.620665927032,20820.135924382743,20970.38703897593,21100.010318092012,21241.153406123947,hurricane_cat4
Loíza,East,2028,19797.602333938612,19905.314656363225,20096.312292917068,20353.331857680176,20519.457666353435,20671.133507027727,20720.857356849236,hurricane_cat4
Loíza,East,2029,19427.199126308024,19522.883167984313,19773.01241827275,20041.852595374963,20238.970976021134,20423.712949189696,20471.830719216076,hurricane_cat4
Loíza,East,2030,19066.010364329806,19219.57853107341,19433.74041698167,19683.43299282654,19904.13769232615,20125.80757902778,20222.48042006552,hurricane_cat4
Luquillo,East,2025,16952.336080236502,17019.975673879755,17125.346903247435,17206.789186400118,17296.59431803035,17382.113146714342,17428.559677915353,hurricane_cat4
Luquillo,East,2026,16103.46337371042,16209.582943976562,16314.714556087585,16458.91340747304,16579.792062652454,16658.364699512902,16724.737398299338,hurricane_cat4
Luquillo,East,2027,15664.97542516573,15741.41702233979,15848.711669616407,16003.892037835616,16140.915903038396,16228.620144947077,16311.599441111433,hurricane_cat4
Luquillo,East,2028,15301.73198342185,15358.366057208872,15534.776309257943,15670.94323991306,15845.694910411803,15987.336978251098,16098.201472801733,hurricane_cat4
Luquillo,East,2029,15017.62780131591,15121.000022286311,15273.09748358657,15446.809913034296,15643.095758309553,15844.082323977114,15935.438680617784,hurricane_cat4
Luquillo,East,2030,14783.527150831565,14888.778610537436,15055.475725079654,15219.174232444062,15438.469890559407,15568.0161533708,15699.77401053599,hurricane_cat4
Manatí,North,2025,37773.867345785846,37963.90171831635,38159.28781532665,38537.3719951306,38806.23117168403,39180.626234811054,39357.66689249581,hurricane_cat4
Manatí,North,2026,36399.07992440213,36639.58427437459,36947.123516072774,37282.37303879706,37734.447591687276,38104.524855656855,38246.752657522615,hurricane_cat4
Manatí,North,2027,35592.927120224966,35804.20549870198,36233.27791267395,36699.21831231844,37301.850965048645,37611.5897959397,37881.3100969917,hurricane_cat4
Manatí,North,2028,35111.58914142241,35422.640384623344,35790.652490456385,36275.80978967609,36903.598274747004,37360.58921970424,37647.50351652134,hurricane_cat4
Manatí,North,2029,34682.69638935601,35014.315920123154,35412.519019316125,36030.49800205214,36600.543249705835,37180.002936298864,37376.67659356171,hurricane_cat4
Manatí,North,2030,34234.93093068999,34458.9868121593,35123.25299971142,35662.49821152748,36278.89971286818,37018.53844690067,37304.35531273648,hurricane_cat4
Maricao,West,2025,4803.0365533225595,4825.477172979262,4885.911823621721,4939.167185219767,5002.9595994553365,5079.8802278211415,5115.00626382426,hurricane_cat4
Maricao,West,2026,4639.752334875072,4703.70961206353,4774.850601020694,4845.827668180482,4939.0500035158,4991.6472004885145,5027.957548713568,hurricane_cat4
Maricao,West,2027,4516.167976385068,4591.297956566479,4671.431322673636,4761.762456635516,4847.562166206599,4930.5313703259,4978.3743881150795,hurricane_cat4
Maricao,West,2028,4449.347205196758,4545.874208536579,4638.852698326222,4735.775197917566,4817.443382219939,4927.880441623387,4955.700782709142,hurricane_cat4
Maricao,West,2029,4392.647125975681,4479.51345424573,4581.936373244267,4700.760084286403,4807.836996137844,4905.859877810902,4989.682646924264,hurricane_cat4
Maricao,West,2030,4356.121909378955,4435.7856800682475,4527.620113824042,4627.170117394389,4782.579192883869,4868.316395790237,4947.251005235104,hurricane_cat4
Maunabo,East,2025,10040.49732420768,10084.310990670798,10148.323332138305,10213.866094610348,10281.096004785548,10339.856580069987,10381.487362379974,hurricane_cat4
Maunabo,East,2026,9519.100291892693,9573.41287822459,9678.64933183751,9771.715360650436,9866.021032272078,9925.674862840686,9956.333669543004,hurricane_cat4
Maunabo,East,2027,9227.627334535198,9279.474717894662,9377.603662755568,9488.576593065349,9583.999211053208,9680.020729881679,9730.994611434544,hurricane_cat4
Maunabo,East,2028,9009.427570439426,9079.662734823743,9171.200260672267,9261.32403477456,9372.288814134154,9513.76630006258,9547.660487132194,hurricane_cat4
Maunabo,East,2029,8872.531642015714,8914.57114752902,9016.211690165419,9113.625545923776,9242.900113726853,9363.03467764123,9435.563294112077,hurricane_cat4
Maunabo,East,2030,8653.933259077965,8748.773183404881,8831.624823851284,8962.473269444108,9103.07600875022,9248.258947641998,9289.533362554403,hurricane_cat4
Mayagüez,West,2025,69368.51682350803,69668.74270318123,70015.3050957851,70524.2456843624,71009.38850071294,71351.10763679378,71631.44647227386,hurricane_cat4
Mayagüez,West,2026,67187.63582577606,67486.69983637132,68089.75493529662,68677.89478447507,69473.12027847065,69928.26997372712,70134.55162329058,hurricane_cat4
Mayagüez,West,2027,65754.001450785,66234.70591168557,66718.45552442948,67472.70912503297,68111.39403918276,68738.73650753127,69290.24576259489,hurricane_cat4
Mayagüez,West,2028,64888.03356598425,65489.57061075458,66241.15294920816,66918.48639112625,67654.36492474267,68432.95771238886,69061.41418801654,hurricane_cat4
Mayagüez,West,2029,64257.09765407964,64586.350488057724,65486.74874709012,66330.43561055933,67256.34786971474,68082.43700112787,68535.3097877726,hurricane_cat4
Mayagüez,West,2030,63206.67620492822,63721.417552243605,64545.49178478564,65479.32339623572,66375.92367042635,67138.6153125096,67529.14220728818,hurricane_cat4
Moca,West,2025,35907.72955049824,36066.72386081884,36396.5412635275,36862.466045943176,37281.09073219337,37660.345438647615,37822.314093358094,hurricane_cat4
Moca,West,2026,34551.56897998894,34791.0999422045,35189.020428196905,35702.54346524153,36280.66961559554,36695.93767673524,36914.68498159472,hurricane_cat4
Moca,West,2027,33793.97668436291,34140.29728160855,34582.40769347702,35271.05420140509,35805.815443608626,36388.787629789804,36646.40938651703,hurricane_cat4
Moca,West,2028,33241.07368533696,33429.84350561317,34121.89492796776,34689.47170941255,35402.64280938274,36066.284536689345,36297.20900860295,hurricane_cat4
Moca,West,2029,32762.161896406174,32960.826237045905,33740.4541306412,34421.84044402142,34978.642723817065,35507.7273653812,36023.031715422934,hurricane_cat4
Moca,West,2030,32236.000963845017,32637.365677078044,33327.371037547426,34026.794822839045,34639.97735608891,35291.650872534665,35804.78058472523,hurricane_cat4
Morovis,Central Mountains,2025,27619.789128907265,27783.072965192852,27956.98398218949,28166.522384710508,28394.402433977273,28600.81809880466,28722.7013137817,hurricane_cat4
Morovis,Central Mountains,2026,26517.199259026456,26708.337695744645,26959.450221323073,27240.976233734356,27507.67152177608,27737.707473799986,27926.153088200826,hurricane_cat4
Morovis,Central Mountains,2027,26022.788479217168,26181.792974962205,26450.142845587914,26833.178919552625,27113.066976115122,27400.039001850502,27616.312918877393,hurricane_cat4
Morovis,Central Mountains,2028,25678.142320240047,25861.343045721285,26203.90069000133,26564.500737602542,26844.7861629151,27279.058604871698,27448.005888228476,hurricane_cat4
Morovis,Central Mountains,2029,25371.021120503716,25567.23558511494,25983.59184105696,26389.14757188028,26720.71900166076,27113.9120347308,27357.34355737603,hurricane_cat4
Morovis,Central Mountains,2030,25077.105740751307,25194.506447971842,25596.076244792333,26047.19333449237,26391.468637179805,26797.81125791869,27146.207492736965,hurricane_cat4
Naguabo,East,2025,21970.22264768587,22142.23390279839,22358.61439377559,22605.229927398534,22908.1087631074,23240.85583896165,23369.267929458743,hurricane_cat4
Naguabo,East,2026,20746.83696583473,20970.58422642021,21299.21127393166,21638.54658623252,22004.69798665635,22283.291173780774,22492.156995260364,hurricane_cat4
Naguabo,East,2027,19937.14307528497,20064.850891893344,20570.914642543023,21114.234413682825,21498.074944526717,21806.08313446984,22160.9133060014,hurricane_cat4
Naguabo,East,2028,19466.602932464793,19727.408026398374,20153.285070252692,20620.758976604156,21136.84078451145,21520.204217659946,21684.587811385,hurricane_cat4
Naguabo,East,2029,18970.9386716979,19373.156524024922,19809.824438395626,20314.47793805616,20824.138508587057,21288.927585943802,21496.321524341834,hurricane_cat4
Naguabo,East,2030,18555.274552301642,19022.787426579936,19470.376665918775,20033.709903183415,20429.041459595283,20810.617718956484,21116.57139918356,hurricane_cat4
Naranjito,Central Mountains,2025,28169.88452007962,28260.538611101365,28509.18893818482,28834.2570076173,29037.469785886544,29310.443392647925,29447.39846628305,hurricane_cat4
Naranjito,Central Mountains,2026,26985.997624623982,27203.53587760165,27551.917857412438,27818.79888525118,28129.46937612604,28402.917326210467,28633.319704725585,hurricane_cat4
Naranjito,Central Mountains,2027,26291.38352745247,26510.53609924206,26923.718559196197,27414.740028921264,27799.747775628442,28042.884453888197,28244.084222194248,hurricane_cat4
Naranjito,Central Mountains,2028,26026.50692658053,26221.62419482759,26668.59203935761,27075.168714695894,27481.7938992962,27862.773600294826,28166.729319249906,hurricane_cat4
Naranjito,Central Mountains,2029,25631.60981041534,25846.913476260597,26412.99966736121,26886.77552002927,27210.530372679455,27629.016634040036,28088.35785930561,hurricane_cat4
Naranjito,Central Mountains,2030,25207.820628506048,25586.206263696393,26036.211725542962,26525.232220796657,26979.923182940787,27404.173899700287,27818.138960245888,hurricane_cat4
Orocovis,Central Mountains,2025,20465.693287832815,20597.347505920476,20781.352569357492,20976.945885191133,21170.329778467323,21340.46213489291,21414.96689853846,hurricane_cat4
Orocovis,Central Mountains,2026,19711.604887358735,19814.562477952026,20051.214062846117,20289.385419794613,20490.32292685578,20760.99101292487,20884.25218478935,hurricane_cat4
Orocovis,Central Mountains,2027,19407.58972012401,19491.177588694296,19709.284840649605,20037.781526137565,20278.885076478913,20449.094664327196,20571.165795083725,hurricane_cat4
Orocovis,Central Mountains,2028,19128.499693712674,19208.7456572475,19489.35818506312,19807.89401784206,20062.646660243336,20249.95784709418,20404.813686509446,hurricane_cat4
Orocovis,Central Mountains,2029,18819.97522804587,18931.14899401332,19213.1152026446,19578.2004941548,19844.319384545208,20158.11767481304,20366.90527610332,hurricane_cat4
Orocovis,Central Mountains,2030,18670.18350823688,18750.57965741424,19001.84922931614,19336.668075618996,19719.627392226583,19980.822710669825,20123.737131060498,hurricane_cat4
Patillas,South,2025,15116.29153143761,15163.762567592748,15235.27945399863,15311.143005889944,15378.931367170833,15460.431408776181,15507.10327200572,hurricane_cat4
Patillas,South,2026,14491.367964835626,14587.076314461525,14654.447163691337,14761.137333441276,14854.790678099249,14937.01904753361,15006.498819256714,hurricane_cat4
Patillas,South,2027,14102.915434936693,14167.459263828938,14262.870677529649,14373.651760584591,14507.393899724415,14619.915857725064,14687.722199312866,hurricane_cat4
Patillas,South,2028,13780.606465307872,13836.746182062418,13926.975295360431,14061.634281715866,14205.530807512563,14350.289008183981,14398.334337777696,hurricane_cat4
Patillas,South,2029,13510.725751761918,13554.706545142062,13663.864353290994,13814.758669799696,13985.894366600467,14115.705750416897,14214.994581285251,hurricane_cat4
Patillas,South,2030,13231.087711416487,13253.727573903489,13410.021560076184,13580.337744782588,13714.525729363644,13838.794616830473,13974.393858980644,hurricane_cat4
Peñuelas,South,2025,19102.875081462298,19218.438684285993,19367.85279102699,19584.484714121427,19773.313272256695,20012.40970227454,20116.191346879797,hurricane_cat4
Peñuelas,South,2026,18249.775331406665,18387.95935192481,18640.75918196549,18948.0756244226,19182.2160933751,19489.886984685138,19656.50738062828,hurricane_cat4
Peñuelas,South,2027,17688.51303090069,17876.45898090188,18111.743820227894,18454.901557351994,18758.087519287714,19086.79673930902,19246.48860331893,hurricane_cat4
Peñuelas,South,2028,17337.351119658153,17520.173823456676,17757.07991254317,18162.443772854534,18498.96764331694,18843.899457853295,19020.888677584946,hurricane_cat4
Peñuelas,South,2029,17167.896105208252,17291.618982539952,17558.78909608099,17926.429273806025,18310.794832522017,18811.87385169874,18995.357910450733,hurricane_cat4
Peñuelas,South,2030,16847.036825853935,16982.65479727541,17302.13611351881,17684.968306426606,18182.838317353067,18538.485806961617,18790.282392520294,hurricane_cat4
Ponce,South,2025,128324.74130154244,129048.47769247352,130032.79410990534,131176.9421478096,132349.6139549515,133299.4937998867,133880.97165549028,hurricane_cat4
Ponce,South,2026,123302.72272055253,123961.60454440037,125075.08318494046,126645.02555908228,127982.6231347005,129189.50677923378,130167.74762576584,hurricane_cat4
Ponce,South,2027,119788.69193887508,120132.28363164508,122159.26258061112,123673.9137775868,125000.87116117506,126445.45380589725,127578.45392770387,hurricane_cat4
Ponce,South,2028,117050.91522661819,118252.50737979359,119692.26282082639,121605.73906670159,123522.62869596481,125067.70338195599,126011.18650932604,hurricane_cat4
Ponce,South,2029,115124.55770626728,116187.11128759614,117884.12070065064,119728.02262668329,121880.93331136013,123212.85933819972,124632.05145080641,hurricane_cat4
Ponce,South,2030,113311.73140794506,114040.70137637504,115775.7399460531,117768.92467325872,120150.35548280556,121790.77494058255,123183.2283765911,hurricane_cat4
Quebradillas,North,2025,22737.511086214225,22810.962387792475,22947.08981662987,23092.346991567192,23249.542918592713,23391.03533462803,23549.053751927022,hurricane_cat4
Quebradillas,North,2026,21971.643864090773,22048.409095644885,22236.4593435614,22410.58560265716,22598.888024210126,22769.307059148126,22928.70249226592,hurricane_cat4
Quebradillas,North,2027,21605.980556940594,21751.242034067873,21915.284559338117,22134.53127035124,22320.502539845467,22492.568716189508,22558.258874776533,hurricane_cat4
Quebradillas,North,2028,21303.20473445375,21414.769313621226,21654.892349536258,21913.115616890966,22132.412561474408,22291.24806957635,22402.77752063026,hurricane_cat4
Quebradillas,North,2029,21009.00099303712,21127.731977039508,21364.356077066615,21624.903558953774,21866.279357384545,22060.608745428784,22186.722852168106,hurricane_cat4
Quebradillas,North,2030,20744.676781967464,20895.553624724624,21146.343954911055,21394.648294211514,21639.068916549604,21879.320905333487,21969.19670332284,hurricane_cat4
Rincón,West,2025,14661.709639539245,14740.653156467653,14926.698698594158,15149.791111415216,15349.33527035495,15507.307566949206,15595.660442710667,hurricane_cat4
Rincón,West,2026,13955.691690138885,14229.406523062475,14421.75747004611,14679.547086303832,14964.802545568738,15149.21963707577,15299.85796819393,hurricane_cat4
Rincón,West,2027,13663.070929257325,13839.070645338961,14123.65140051353,14439.94490534325,14675.740871793943,14897.92772514189,15020.144383108604,hurricane_cat4
Rincón,West,2028,13440.355710162392,13611.95077540772,13950.923311277993,14237.062297540393,14532.516250199471,14782.602698061533,14976.145846381147,hurricane_cat4
Rincón,West,2029,13252.72709630335,13480.510478295726,13793.745394181611,14094.559127222512,14385.540580209617,14731.286497210818,14976.326193991481,hurricane_cat4
Rincón,West,2030,13104.76709805295,13317.058482335184,13579.435415686321,13953.878682169536,14241.112120584114,14624.89955531594,14767.305042786264,hurricane_cat4
Río Grande,East,2025,44592.66331352104,44748.783560582786,44943.10817600785,45303.076789010025,45550.290809060025,45815.13340939027,46001.47238611839,hurricane_cat4
Río Grande,East,2026,42474.79918875262,42682.309049343676,42954.03746129688,43297.10432515106,43603.1235038605,43966.73593906224,44091.57867328385,hurricane_cat4
Río Grande,East,2027,41145.25362963742,41317.620485550004,41597.212111488116,42020.802567912615,42480.47863030879,42699.594431493955,42945.40969537122,hurricane_cat4
Río Grande,East,2028,40128.79784603097,40342.38063514926,40697.54202127011,41169.42762998644,41729.76436703041,41921.404561624884,42136.367283218075,hurricane_cat4
Río Grande,East,2029,39410.57938469151,39587.83851594556,40037.865190529425,40571.29860457237,41102.62230326211,41467.009807973816,41675.48158458995,hurricane_cat4
Río Grande,East,2030,38660.5200567966,39035.45073469928,39348.90147534262,39837.270431425466,40364.49926567868,40736.386140665774,41079.85650320986,hurricane_cat4
Sabana Grande,West,2025,21743.595693400785,21838.481077548055,21976.608971686488,22199.845785488684,22376.155516961237,22545.691024851276,22681.39157301025,hurricane_cat4
Sabana Grande,West,2026,20962.01489511675,21103.103766678007,21312.86788716254,21516.229301483378,21777.929151206004,21958.312557086956,22107.634514399768,hurricane_cat4
Sabana Grande,West,2027,20645.63716324902,20818.93477348681,21039.275209829375,21257.718757633444,21542.4062298907,21760.222003421284,21909.05139018954,hurricane_cat4
Sabana Grande,West,2028,20515.92605354907,20640.187193149286,20936.152146268734,21129.659428898485,21417.777445433618,21648.30984722036,21810.441634890907,hurricane_cat4
Sabana Grande,West,2029,20289.11883752998,20411.892979204902,20686.766004303776,20994.549818654534,21232.66613137181,21587.23211028254,21768.451817597732,hurricane_cat4
Sabana Grande,West,2030,20023.47304271934,20211.993979000697,20416.711427775022,20746.22766700671,21103.905531884433,21409.50620134041,21538.30172919189,hurricane_cat4
Salinas,South,2025,24350.317318401452,24424.645032204346,24602.397091065126,24780.2321641926,24977.312875010204,25128.697123509595,25197.825819393598,hurricane_cat4
Salinas,South,2026,23342.523023069098,23476.94725538436,23688.818877550253,23900.781778627937,24181.608058589954,24460.99204156524,24539.871691215092,hurricane_cat4
Salinas,South,2027,22710.86453286667,22823.16923109143,23038.67707223617,23307.96239975989,23634.63936470147,23812.308592833706,23949.713565270948,hurricane_cat4
Salinas,South,2028,22076.819185702094,22257.376771350922,22562.47499572637,22832.097924083537,23194.058005190276,23472.712099589764,23600.130295881037,hurricane_cat4
Salinas,South,2029,21804.9507132924,21933.265799625286,22184.99745296558,22529.53007824807,22889.627044000343,23187.51232599056,23307.372291872554,hurricane_cat4
Salinas,South,2030,21359.264826883158,21531.156425398513,21839.191741260864,22187.007859342462,22579.089072764735,22820.543777183586,22928.440814636855,hurricane_cat4
San Germán,West,2025,30423.124526515112,30554.891992943358,30779.89484168149,31066.694593038213,31305.35295961488,31515.397345175374,31703.975960553587,hurricane_cat4
San Germán,West,2026,29219.95047529378,29438.8714102688,29695.45951136807,30068.361299981378,30437.680123885824,30650.643188102003,30810.66787399972,hurricane_cat4
San Germán,West,2027,28707.423844743716,28880.127325776997,29146.14361046069,29593.066900239395,29997.59091982746,30304.271902407472,30524.783615200307,hurricane_cat4
San Germán,West,2028,28325.995545641068,28563.26602366616,28831.32608834136,29334.85356572127,29765.670198061183,30093.65636729254,30400.727507859046,hurricane_cat4
San Germán,West,2029,27916.843380432634,28231.035752582164,28601.00480699401,29083.81277778913,29640.975958771975,30025.43447914989,30178.765519077344,hurricane_cat4
San Germán,West,2030,27599.50110979899,27800.128331858494,28254.37245147554,28796.998956510924,29310.291267841734,29852.49126160484,30080.768636262907,hurricane_cat4
San Juan,Metro,2025,324583.43237145443,325350.14322119375,328603.73951285053,331923.6155816043,335224.8627539123,337711.42493358155,339270.1722752749,hurricane_cat4
San Juan,Metro,2026,308306.76856204297,311295.3084520336,315378.0746331215,319943.2414292302,324942.5657252959,328092.1716174236,330224.3261664523,hurricane_cat4
San Juan,Metro,2027,302300.08331353567,304409.2574649843,309079.0043932531,313773.89284291764,318221.888818407,322252.09041980084,325008.33618795715,hurricane_cat4
San Juan,Metro,2028,296924.6265458171,301132.4697313599,306174.1241307178,310521.4362638006,315168.89973415213,320317.37614861556,325558.28593200323,hurricane_cat4
San Juan,Metro,2029,293107.00072387134,297889.44675387366,302734.8696709571,307356.46909248905,312714.693639873,317706.449960782,321112.8192464528,hurricane_cat4
San Juan,Metro,2030,288352.61921363586,292173.506379343,297149.99050428334,303929.62839487253,309032.78983264253,315519.06575575704,318749.060705216,hurricane_cat4
San Lorenzo,East,2025,35845.61675657278,36029.33903014086,36359.22398857453,36629.682409365756,36920.79555496287,37171.8424201056,37317.17907536806,hurricane_cat4
San Lorenzo,East,2026,34063.84208960863,34295.35980646059,34615.68792809086,35059.94209281275,35402.30667260191,35802.696530414556,36068.86473231849,hurricane_cat4
San Lorenzo,East,2027,32901.035430180396,33160.965947666,33553.315993979995,34024.18094706912,34448.46374629905,34888.018156302845,35015.9635468867,hurricane_cat4
San Lorenzo,East,2028,32051.14251151636,32364.173916416094,32783.146377787285,33313.92803175343,33855.604521488895,34307.32234539673,34511.96918649211,hurricane_cat4
San Lorenzo,East,2029,31541.81195290771,31810.951457066294,32252.089294917685,32901.68111818362,33354.23059589233,33816.2881023481,33940.26231861277,hurricane_cat4
San Lorenzo,East,2030,30713.569237059815,31198.12699433767,31803.708025750806,32374.741618851636,32804.04612484921,33254.33439671025,33533.07555156159,hurricane_cat4
San Sebastián,West,2025,37400.94280872267,37694.15048278118,38123.87070385984,38547.18400577282,38966.21349675728,39345.735407746506,39686.87725719391,hurricane_cat4
San Sebastián,West,2026,35916.9488267374,36219.57564933641,36701.155073299095,37366.242447358316,37833.48764692007,38358.82854998661,38764.87051744021,hurricane_cat4
San Sebastián,West,2027,34942.271853212485,35442.48198145617,36222.605109499804,36854.121435565125,37575.2864023379,38073.88886027012,38392.72663699435,hurricane_cat4
San Sebastián,West,2028,34390.4530627467,35043.97221679567,35734.85442479713,36481.00072333007,37279.97235606535,37946.7825912426,38174.13252691237,hurricane_cat4
San Sebastián,West,2029,33778.31631698532,34083.18464172728,35106.69554710809,36124.8830584651,36967.88427496677,37694.823511779825,37954.80078011301,hurricane_cat4
San Sebastián,West,2030,33196.37916434417,33833.272661747455,34689.015701329314,35605.26023890755,36525.57070386949,37388.90576254369,38063.88452409245,hurricane_cat4
Santa Isabel,South,2025,19306.286458768504,19385.52718411066,19496.81710149058,19642.765437059308,19783.181333321416,19916.647894705296,20014.856130743094,hurricane_cat4
Santa Isabel,South,2026,18444.548507847143,18546.697154640417,18733.130520281782,18974.400089778333,19161.559260328053,19314.494480687405,19386.714887277245,hurricane_cat4
Santa Isabel,South,2027,17963.226222902565,18069.96866090048,18253.863227963455,18533.7385624566,18754.011663798887,18955.272280986985,19051.316795746734,hurricane_cat4
Santa Isabel,South,2028,17514.038635471854,17628.24799640142,17881.990396996265,18223.852360586025,18427.664208477872,18582.004961236973,18676.55865364644,hurricane_cat4
Santa Isabel,South,2029,17236.106459718903,17363.65927108169,17645.861984981442,17849.6913224695,18231.162295072063,18404.95541797609,18592.36217368166,hurricane_cat4
Santa Isabel,South,2030,16895.078046858158,17056.55857556301,17352.223016017273,17624.105103591624,17954.79042278702,18189.421137968155,18396.179481468236,hurricane_cat4
Toa Alta,Metro,2025,64164.85764612174,64471.21434768971,64936.812001073835,65659.7420465186,66270.48200299412,66822.9381317878,67192.34213595714,hurricane_cat4
Toa Alta,Metro,2026,61139.45199014144,61553.47294486276,62300.01130804383,63310.001268010805,64041.21587104386,65044.80241463013,65679.19203187057,hurricane_cat4
Toa Alta,Metro,2027,59922.459944836715,60312.38406137832,61057.61406810619,62012.57293267443,62926.55125161141,63952.91130406435,64274.7940680911,hurricane_cat4
Toa Alta,Metro,2028,58612.44140527432,59255.52192053681,60375.26874738475,61423.93214593279,62619.521354425524,63303.79186378481,63649.11307017239,hurricane_cat4
Toa Alta,Metro,2029,58175.87228017201,58762.525115893426,59809.46960252337,60810.631616199375,61963.33538418197,62880.04267043532,63214.75506656493,hurricane_cat4
Toa Alta,Metro,2030,57027.00210326771,57761.98133103826,58695.080353760255,59832.40160829722,61163.32474357484,62122.39468444712,62423.96216637864,hurricane_cat4
Toa Baja,Metro,2025,71436.49726482121,71606.22124246051,72014.92781571746,72550.73433409931,72974.98320587273,73354.9517865688,73619.12849846028,hurricane_cat4
Toa Baja,Metro,2026,69130.20203244018,69278.41010059904,69736.43805638568,70397.32578999006,70968.04937661973,71549.83818198413,71975.2066123025,hurricane_cat4
Toa Baja,Metro,2027,67431.80667290185,67671.43911118165,68291.43701307371,68869.09632440371,69427.25583736556,70011.3218527843,70366.55640632751,hurricane_cat4
Toa Baja,Metro,2028,66485.50741376547,66890.91136430892,67465.25124504388,68109.28037810707,68787.13148059702,69509.05476592404,70106.90326405271,hurricane_cat4
Toa Baja,Metro,2029,65872.00547413094,66132.90753429334,66783.86526877634,67533.65419987918,68290.48361895513,68959.19764745724,69546.09449971216,hurricane_cat4
Toa Baja,Metro,2030,64923.9443162456,65262.799122809716,65851.19838400459,66718.9180564149,67490.17518444578,67998.4494244647,68765.74587868583,hurricane_cat4
Trujillo Alto,Metro,2025,64387.17297733564,64700.75937340474,65356.09416370272,65882.71746507252,66551.99325215742,67327.27180026143,67797.49498397013,hurricane_cat4
Trujillo Alto,Metro,2026,61727.17039951691,62069.22429175977,62698.93550924081,63476.153377176044,64227.96620181567,64942.84996968199,65405.14953482528,hurricane_cat4
Trujillo Alto,Metro,2027,60224.69028481562,60583.18534777704,61582.00171467233,62410.4560544743,63128.04872754167,64068.480386990144,64856.91978320103,hurricane_cat4
Trujillo Alto,Metro,2028,58975.23550452516,59901.60310932939,60645.162582343735,61643.838720041655,62638.79520965504,63672.56568577632,64032.43823348231,hurricane_cat4
Trujillo Alto,Metro,2029,58205.14917248421,59014.77037050787,60251.24247412846,61167.062453015766,62043.988668251586,63146.8260781759,63841.82216813041,hurricane_cat4
Trujillo Alto,Metro,2030,58035.064742506576,58349.05311066777,59298.88178309652,60401.04443162801,61543.84652588775,62221.20229986345,62734.76550659804,hurricane_cat4
Utuado,Central Mountains,2025,26928.902370662276,27064.73366865728,27254.254917773727,27460.749650733647,27645.77825137052,27789.649377697577,27875.24385402911,hurricane_cat4
Utuado,Central Mountains,2026,26046.798640401965,26213.9962998561,26390.422496677933,26612.71109908766,26883.06286429199,27120.19864069837,27243.733209060756,hurricane_cat4
Utuado,Central Mountains,2027,25585.556962348,25713.087349823636,25967.870717149308,26194.47865171227,26485.583802264562,26715.52419499632,26829.94461019706,hurricane_cat4
Utuado,Central Mountains,2028,25353.825306813735,25502.110168549134,25724.19401593436,26033.980894827688,26369.562087999315,26647.21859990619,26761.667626958,hurricane_cat4
Utuado,Central Mountains,2029,25027.008228835006,25183.57018949908,25421.60320787393,25779.57714751321,26125.703647215563,26408.726031479768,26509.997687959578,hurricane_cat4
Utuado,Central Mountains,2030,24502.056130755995,24795.662595225967,25062.206021513546,25426.818598262762,25845.903911017052,26070.43381163809,26196.36820925616,hurricane_cat4
Vega Alta,North,2025,34161.76608096189,34251.783744619424,34444.17660692334,34644.121583351436,34883.51542802612,35117.23914394924,35234.19953476756,hurricane_cat4
Vega Alta,North,2026,32954.993065882845,33091.747521250705,33276.394026763504,33561.86695232343,33826.259065154045,34006.44012720918,34177.76606267677,hurricane_cat4
Vega Alta,North,2027,32255.84644918355,32382.802126053804,32720.003417865482,33024.092803224696,33237.85864745917,33444.24867547222,33503.32501482247,hurricane_cat4
Vega Alta,North,2028,31840.909192647025,32039.87260702667,32309.25232904686,32660.902385736164,32891.369222925365,33174.48556813233,33381.0916072322,hurricane_cat4
Vega Alta,North,2029,31574.2407412721,31706.562582886356,31970.846293181814,32385.114541448085,32706.048806326417,32980.48097550913,33260.75614372997,hurricane_cat4
Vega Alta,North,2030,31011.10395419475,31239.797500350396,31583.849036348845,32029.596845173757,32339.59964287754,32637.051376091695,32851.32255095856,hurricane_cat4
Vega Baja,North,2025,51465.4760327455,51851.308415041596,52415.27189819982,53056.28551822738,53570.22248988827,54211.38496902227,54617.01584281626,hurricane_cat4
Vega Baja,North,2026,49326.20733672075,49835.839288905205,50661.76349990054,51406.81900810771,52187.77594207751,52983.098446283206,53606.44310601805,hurricane_cat4
Vega Baja,North,2027,48573.0076953848,49017.06373065794,49619.340555285955,50474.81608900562,51250.974916709,52136.17125544318,52567.63163077143,hurricane_cat4
Vega Baja,North,2028,47552.80210540534,47952.05082209988,48888.82596534499,49917.4694423624,50856.549792253616,51620.12264982151,52254.437670664665,hurricane_cat4
Vega Baja,North,2029,46791.829619346,47374.419661399224,48387.16660203694,49396.054083024654,50472.4094089002,51176.83378189814,51911.65435459229,hurricane_cat4
Vega Baja,North,2030,45851.92287393141,46656.61380337031,47883.7969484833,48981.25926294277,50052.84618126704,50975.59311088301,51630.962043031264,hurricane_cat4
Vieques,East,2025,7843.56885051821,7858.817322688799,7899.535792806648,7933.959750763905,7967.599344280629,8021.064861041312,8041.968984585777,hurricane_cat4
Vieques,East,2026,7447.077242227997,7476.878788025488,7530.25860932638,7582.687936521908,7635.4873562566245,7685.01922587304,7702.024823024604,hurricane_cat4
Vieques,East,2027,7197.406085438962,7251.05270749053,7295.362275755269,7361.538624075914,7431.143407485761,7493.108624310873,7534.192462816586,hurricane_cat4
Vieques,East,2028,7056.334497468821,7087.141635073049,7143.719958431163,7220.704172777904,7280.794910212192,7364.597661482365,7413.968146682809,hurricane_cat4
Vieques,East,2029,6956.395605842255,6985.400112610219,7032.75942735799,7106.370950869788,7189.443323044623,7246.78514133015,7313.46079755186,hurricane_cat4
Vieques,East,2030,6822.68312465287,6855.759985331486,6922.620877686528,6993.532082418069,7069.02156470562,7169.650093021904,7201.760690212088,hurricane_cat4
Villalba,South,2025,20898.20576805578,21018.852276758975,21115.04833083225,21271.54158662995,21433.982468377853,21547.842060555657,21617.637365977356,hurricane_cat4
Villalba,South,2026,20041.940691284974,20149.9789591732,20336.37173202687,20510.191052786606,20765.391994461177,20941.102362691472,21025.547244696292,hurricane_cat4
Villalba,South,2027,19557.439670614516,19637.095603961814,19794.130359724164,20058.840230479793,20267.227231269317,20527.78687136704,20582.067955755778,hurricane_cat4
Villalba,South,2028,18996.214013545592,19217.10470366382,19467.341069640694,19690.623534755265,19967.577245656856,20240.95559197374,20430.93025676909,hurricane_cat4
Villalba,South,2029,18808.269861888617,18935.57940643154,19179.69654693182,19409.81529366744,19728.59376623355,20027.847628269494,20164.945765192013,hurricane_cat4
Villalba,South,2030,18503.554364723273,18648.978821882993,18862.874809864545,19157.509186621857,19443.984458159233,19730.527168152035,19857.310458222717,hurricane_cat4
Yabucoa,East,2025,28390.55605966272,28469.945128404557,28647.765755113924,28852.629895057475,29063.046490677756,29243.95699937424,29363.232367856333,hurricane_cat4
Yabucoa,East,2026,27020.406378581534,27177.71513438119,27432.857623352284,27750.419318460416,27992.10978664483,28281.196770770566,28339.185837862715,hurricane_cat4
Yabucoa,East,2027,26085.362615369195,26293.78669877428,26513.65963197398,26868.09954968849,27213.50936106058,27498.05391194578,27655.678166883426,hurricane_cat4
Yabucoa,East,2028,25485.964479696646,25652.379893081994,25975.116037457527,26325.37047122603,26663.474494539147,27023.393836956307,27238.211148069528,hurricane_cat4
Yabucoa,East,2029,24986.179072605497,25219.269526152708,25483.182503701973,25841.801393616523,26268.34232791011,26655.461208792836,27039.917355496258,hurricane_cat4
Yabucoa,East,2030,24443.322147479026,24649.95326643023,25003.604832748384,25447.244842485692,25840.663752880784,26327.789938804628,26564.444218369583,hurricane_cat4
Yauco,South,2025,32165.137019265014,32274.25046068148,32447.038856903164,32675.330091405558,32823.32676504263,33046.951446263156,33248.48890134042,hurricane_cat4
Yauco,South,2026,30898.867103052384,31056.24293441434,31273.333657821844,31550.77378013516,31823.04978311435,32094.36139783633,32209.346529608043,hurricane_cat4
Yauco,South,2027,29993.453393465443,30273.678327794616,30495.88992961903,30841.909607413527,31147.473106347254,31461.842743877605,31646.33851261763,hurricane_cat4
Yauco,South,2028,29473.38238449351,29660.987670162092,29894.220120514037,30305.035274859976,30683.608143297948,30948.53387842229,31249.107087510372,hurricane_cat4
Yauco,South,2029,29041.02717378021,29277.98055015794,29623.368681147662,29969.094001899,30295.42969437284,30697.504604149315,30973.928514043044,hurricane_cat4
Yauco,South,2030,28624.14721258112,28825.260800722048,29194.026694476815,29534.770930369617,29980.43494007624,30413.24935784396,30603.479917448974,hurricane_cat4
Adjuntas,Central Mountains,2025,17363.52341995679,17436.449446026836,17539.80329575306,17660.255460107128,17784.90108487124,17917.704988478097,17981.308697631284,hurricane_cat5_maria_like
Adjuntas,Central Mountains,2026,16632.576461600598,16705.267814659568,16826.283787290628,16938.089135157723,17088.95462379701,17188.6848732899,17285.862339383413,hurricane_cat5_maria_like
Adjuntas,Central Mountains,2027,16306.5302342329,16384.31889304168,16546.050881723,16736.101694307887,16892.18651102259,17045.558965947635,17109.54400331105,hurricane_cat5_maria_like
Adjuntas,Central Mountains,2028,16108.401549161379,16173.669307568187,16364.985230373431,16581.077667621008,16794.788941375213,16930.700077088895,17003.959959153573,hurricane_cat5_maria_like
Adjuntas,Central Mountains,2029,15913.082379058544,16020.386069164266,16214.084752857649,16474.6753218031,16672.802314611792,16841.976344380844,16934.38739702361,hurricane_cat5_maria_like
Adjuntas,Central Mountains,2030,15733.782098277725,15822.371446623389,16024.758265521998,16241.073584876434,16454.678377180087,16657.56645917376,16747.893026904774,hurricane_cat5_maria_like
Aguada,West,2025,36591.49254800582,36722.48242756787,37005.236365965,37220.0990596391,37463.494876435776,37736.535134919046,37849.25367602422,hurricane_cat5_maria_like
Aguada,West,2026,34940.049961084915,35150.153307258326,35396.70838535476,35707.28240098064,36052.99966386571,36331.998050748036,36607.64275079328,hurricane_cat5_maria_like
Aguada,West,2027,34236.90647842739,34457.09727401798,34748.64622671766,35171.03261900085,35495.40737184367,35914.22156868136,36042.59354441872,hurricane_cat5_maria_like
Aguada,West,2028,33692.18291852957,33882.01215336306,34259.40047777302,34657.98505659132,35034.575527006455,35432.659365060164,35629.929844392376,hurricane_cat5_maria_like
Aguada,West,2029,33320.35341278763,33573.963358794164,33967.43224441936,34406.52738702548,34794.620519086726,35212.84890342606,35437.513607705616,hurricane_cat5_maria_like
Aguada,West,2030,32879.8214134546,33046.89274503538,33556.08005994798,33927.12489275811,34406.91869677589,34790.9990049602,35091.291149604156,hurricane_cat5_maria_like
Aguadilla,West,2025,51652.215457876315,52189.11185133421,52889.25459675427,53577.705447518965,54190.27270218245,54720.87281080617,55476.547170264515,hurricane_cat5_maria_like
Aguadilla,West,2026,49319.91564149548,49872.12562718155,50546.3211719431,51314.54175573657,52168.470886131836,52848.65780059461,53284.782908441244,hurricane_cat5_maria_like
Aguadilla,West,2027,48164.24902735614,48519.81337214272,49398.806373214255,50301.4365796783,51169.49601732677,52035.959350064564,52472.8830079689,hurricane_cat5_maria_like
Aguadilla,West,2028,47271.33112377838,47684.45637730105,48582.19470658941,49675.921340758134,50870.256453151385,51931.12826562435,52336.40207567981,hurricane_cat5_maria_like
Aguadilla,West,2029,46504.037171949305,47356.16607810841,48275.398689418966,49286.047937500916,50462.374281780176,51203.20808320447,52136.49577260659,hurricane_cat5_maria_like
Aguadilla,West,2030,45630.66232490564,46459.35151945863,47581.126336112706,48832.6608484249,49733.92998756733,51050.11583203399,51572.233195894965,hurricane_cat5_maria_like
Aguas Buenas,Central Mountains,2025,23123.4739966171,23187.000585461472,23330.45388226906,23447.754291123012,23588.124231720547,23704.66729255027,23753.772279158286,hurricane_cat5_maria_like
Aguas Buenas,Central Mountains,2026,22085.666792780645,22145.67738574862,22312.90617994433,22511.30013795955,22662.653671135646,22848.67881187726,22938.394736150174,hurricane_cat5_maria_like
Aguas Buenas,Central Mountains,2027,21563.065747400702,21631.801300091938,21773.624370431724,21996.36806015842,22185.92442796274,22344.730205041567,22474.636124041917,hurricane_cat5_maria_like
Aguas Buenas,Central Mountains,2028,21230.516048297883,21328.855001575874,21552.034172621286,21781.497798618657,21947.40783225536,22176.459386007333,22267.937889505207,hurricane_cat5_maria_like
Aguas Buenas,Central Mountains,2029,21120.207221186203,21196.2869175767,21360.092210448,21616.23285124123,21853.601710046692,22055.87860481003,22166.99910571937,hurricane_cat5_maria_like
Aguas Buenas,Central Mountains,2030,20718.709938375872,20796.383935931142,21091.87190306541,21335.82976138346,21565.95561383657,21789.370877721107,21915.170396693582,hurricane_cat5_maria_like
Aibonito,Central Mountains,2025,23475.070345760883,23718.54315907238,23961.429223077786,24273.7298141175,24605.47040296777,24790.962896795074,25095.13294090905,hurricane_cat5_maria_like
Aibonito,Central Mountains,2026,22254.01292022346,22386.80774841763,22678.334076224146,23180.090405824492,23588.41121066652,23968.335966898205,24066.434323055353,hurricane_cat5_maria_like
Aibonito,Central Mountains,2027,21588.74090734217,21888.08899349854,22201.819993618767,22683.857245030864,23086.801667059834,23493.86534131931,23779.598534472338,hurricane_cat5_maria_like
Aibonito,Central Mountains,2028,21192.490015158684,21360.00766787915,21810.33327230243,22400.369408226958,22895.99324750408,23331.47638547176,23808.36654957804,hurricane_cat5_maria_like
Aibonito,Central Mountains,2029,20859.9258122723,21029.41798670418,21537.555060313,22155.2798999811,22764.297208892094,23337.45893023747,23824.699908277365,hurricane_cat5_maria_like
Aibonito,Central Mountains,2030,20516.539539065056,20807.126079400507,21318.576387208333,22025.93334603097,22715.520355642344,23202.752473032837,23750.33289470026,hurricane_cat5_maria_like
Arecibo,North,2025,83392.63644592416,83760.62195955946,84540.23087466639,85447.22550574515,86304.87561411443,87182.64971375231,87522.0659226542,hurricane_cat5_maria_like
Arecibo,North,2026,78918.83635258998,80027.08020700594,80984.73416717214,82003.71024999714,83095.89276098978,83850.24803899242,84720.30845685885,hurricane_cat5_maria_like
Arecibo,North,2027,77667.65723578336,78300.20333580092,79293.69166156402,80631.71858077958,81698.55969042855,82791.099231268,83388.53196276327,hurricane_cat5_maria_like
Arecibo,North,2028,76209.01686162039,77077.9903415566,78442.0904478663,79829.85026252476,81047.98790992152,82587.34578653274,83373.83732789457,hurricane_cat5_maria_like
Arecibo,North,2029,75576.83897948553,76321.8406895535,77443.85181999518,79056.72872169747,80721.9214047322,82020.53086044139,82457.30275058968,hurricane_cat5_maria_like
Arecibo,North,2030,74456.17132136882,75374.56904575805,76675.24571641826,78243.61984748536,79690.37737588966,81192.44939501962,81914.5169008892,hurricane_cat5_maria_like
Arroyo,South,2025,14744.273330199549,14862.245548465025,14979.60944715561,15116.061063379519,15237.227967508048,15368.597428291621,15486.58443299984,hurricane_cat5_maria_like
Arroyo,South,2026,13801.271620377722,14011.899976015171,14186.155207547825,14393.806475691883,14530.621552432118,14741.253466249178,14859.602052797074,hurricane_cat5_maria_like
Arroyo,South,2027,13254.562504731424,13460.68461357588,13692.569359439643,13902.71966559237,14116.289194790554,14325.536061064013,14457.568466182818,hurricane_cat5_maria_like
Arroyo,South,2028,12893.699065896963,13102.549551510261,13300.387667444287,13587.094389034814,13797.640264688795,14037.576962342971,14141.38898974702,hurricane_cat5_maria_like
Arroyo,South,2029,12705.076413568528,12853.075898314406,13000.922588667203,13333.282029328966,13611.234829233763,13867.804547486698,14063.557174365025,hurricane_cat5_maria_like
Arroyo,South,2030,12452.303027348815,12543.25460840352,12845.29863822137,13136.718957147674,13392.512158947251,13685.78738253899,13817.348657942663,hurricane_cat5_maria_like
Añasco,West,2025,24615.285566424292,24675.632728600987,24793.63617866204,24950.566796106796,25074.27818239054,25204.260749674184,25255.93341400561,hurricane_cat5_maria_like
Añasco,West,2026,23518.236615211816,23625.237392096995,23740.268945870386,23926.23221152884,24111.490031947666,24252.86478636097,24297.70367348827,hurricane_cat5_maria_like
Añasco,West,2027,22984.58586399228,23063.24473320517,23199.131459938042,23402.057769365252,23599.522309496413,23781.601013895575,23902.21821612435,hurricane_cat5_maria_like
Añasco,West,2028,22712.851404407185,22754.18928553291,22955.257736308973,23178.265839058164,23399.570432648045,23603.983183351233,23790.358120141726,hurricane_cat5_maria_like
Añasco,West,2029,22409.721675781795,22540.99400299811,22754.746893417614,23004.16168140741,23215.873356659526,23452.36522065924,23558.208415894147,hurricane_cat5_maria_like
Añasco,West,2030,22050.730194478474,22207.33479484445,22460.853843474917,22670.282733667773,22930.974153193783,23187.763929322882,23364.941236109393,hurricane_cat5_maria_like
Barceloneta,North,2025,21812.635927466377,21946.756086880072,22106.128728521566,22262.20092047443,22434.060650098538,22634.61640834374,22717.731042637995,hurricane_cat5_maria_like
Barceloneta,North,2026,20815.753465612248,20946.387635613024,21104.700117155262,21355.705828856328,21559.028524143112,21770.724178347555,21915.6846555806,hurricane_cat5_maria_like
Barceloneta,North,2027,20320.84677553362,20459.924799324985,20669.56858413724,20917.93856214585,21223.704842294326,21460.509344976246,21553.979698238014,hurricane_cat5_maria_like
Barceloneta,North,2028,20013.552796245953,20175.105728679773,20467.020536811862,20751.24649341504,21007.409211484013,21208.539811007577,21350.743737742192,hurricane_cat5_maria_like
Barceloneta,North,2029,19931.281940800298,20065.12716586915,20288.861153261234,20564.584924849674,20829.72388054238,21135.964381671336,21277.526236513007,hurricane_cat5_maria_like
Barceloneta,North,2030,19699.37559111387,19761.680427491086,20070.26978138918,20291.316917977572,20587.73381180548,20867.967409494606,21070.0722660249,hurricane_cat5_maria_like
Barranquitas,Central Mountains,2025,28079.508390795785,28168.28412480776,28398.707751144735,28580.567960836735,28792.446778779347,29017.201484802936,29072.021866343814,hurricane_cat5_maria_like
Barranquitas,Central Mountains,2026,26649.86527395361,26847.05271446299,27122.08928386254,27433.315460836344,27659.99459502246,27907.120048526824,28035.83358156713,hurricane_cat5_maria_like
Barranquitas,Central Mountains,2027,26054.482814751216,26213.352747293982,26608.01953040905,26932.19602849712,27231.864707292905,27501.3533623867,27606.833227159637,hurricane_cat5_maria_like
Barranquitas,Central Mountains,2028,25747.34929322965,25878.69776109166,26165.45422985099,26637.626597752263,26992.23197774086,27260.038412567315,27454.30921223819,hurricane_cat5_maria_like
Barranquitas,Central Mountains,2029,25491.328958715327,25658.9492767491,26057.814714955137,26422.107881894,26769.88582479486,27136.624250397606,27322.168417481185,hurricane_cat5_maria_like
Barranquitas,Central Mountains,2030,24956.032047592445,25259.75012015524,25735.055354556644,26218.1949367352,26574.07805884675,26930.762422278243,27173.249955885694,hurricane_cat5_maria_like
Bayamón,Metro,2025,175029.3780650814,175948.28528183748,178191.84320123488,180161.9423850139,182163.21151465696,183897.55562887402,184528.15280505057,hurricane_cat5_maria_like
Bayamón,Metro,2026,165809.68312200386,166779.57186931084,169231.9540403509,172155.83603084343,174337.95281568007,178086.97643115593,178869.9455185648,hurricane_cat5_maria_like
Bayamón,Metro,2027,160951.14740157503,161985.66579978343,164943.2277221541,167727.01631686784,171232.27060743386,173458.10051820628,174591.79386892574,hurricane_cat5_maria_like
Bayamón,Metro,2028,157559.1455387954,159566.0088429774,161828.0015994265,165050.96194345335,168922.27929803077,172449.4616341413,174399.91605464235,hurricane_cat5_maria_like
Bayamón,Metro,2029,156181.44569916153,157429.75301505573,160978.59235898172,164264.10633580686,168519.1520797367,172076.40370494136,173542.75878886817,hurricane_cat5_maria_like
Bayamón,Metro,2030,154199.12563815282,155126.9896793068,157978.66889579364,162746.81797696417,167209.36981426683,170055.60909502147,172343.57393077077,hurricane_cat5_maria_like
Cabo Rojo,West,2025,45673.61753950681,45852.252845972565,46060.8517088723,46284.39801844472,46550.67406511024,46816.78958696622,46998.068711953805,hurricane_cat5_maria_like
Cabo Rojo,West,2026,43728.366040615314,43876.674344205414,44068.98096833961,44365.92451850642,44678.267760930765,45045.53180322514,45182.65253985222,hurricane_cat5_maria_like
Cabo Rojo,West,2027,42841.7312161942,43035.27166511789,43267.08525974225,43597.82026963192,43886.36527124855,44289.110807874415,44445.14790479062,hurricane_cat5_maria_like
Cabo Rojo,West,2028,42546.489195764836,42654.81147621204,42887.551380452824,43236.676917830206,43609.49559610365,44076.507137163346,44276.41546054453,hurricane_cat5_maria_like
Cabo Rojo,West,2029,42007.65446095408,42172.45252598003,42571.22403918285,42865.69302417412,43260.09632911225,43702.21664084,43961.95643008726,hurricane_cat5_maria_like
Cabo Rojo,West,2030,41127.908154107434,41392.131223382385,41812.64790400189,42258.41057589456,42722.400074187855,43058.69912012776,43211.82754962003,hurricane_cat5_maria_like
Caguas,East,2025,120984.97837766906,121393.9204572254,122316.78821097486,123125.33538539006,123905.09817943072,124626.60636528626,125091.53191740683,hurricane_cat5_maria_like
Caguas,East,2026,114042.46540378392,114639.31491856716,115448.06228365176,116609.99584125984,117508.53463812938,118431.79425747295,118883.88315063507,hurricane_cat5_maria_like
Caguas,East,2027,110132.782370362,110522.0405730342,111680.5447172123,112685.80863968056,113862.75714456524,114769.50994540066,115480.61285034759,hurricane_cat5_maria_like
Caguas,East,2028,107122.61531171271,107921.25498987181,109113.47518069683,110288.8473143828,111310.02089093943,112657.01618409171,113432.5267061836,hurricane_cat5_maria_like
Caguas,East,2029,105880.52861033047,106456.58017012119,107472.35011219766,108654.29098569305,110070.47721138479,111466.10666181338,112539.30645945894,hurricane_cat5_maria_like
Caguas,East,2030,103721.61814212191,104468.73840975249,105869.08802863432,107321.80410910537,108498.1788701541,109674.03081063337,110416.11491371751,hurricane_cat5_maria_like
Camuy,North,2025,31219.98275018689,31534.564870987026,31845.324456845905,32264.35372921107,32672.97051824947,32883.68425444413,33081.15983091521,hurricane_cat5_maria_like
Camuy,North,2026,29847.64831199337,30110.50997286774,30542.947843505,31027.49879475881,31417.62243259604,31768.50451050143,31974.234139079876,hurricane_cat5_maria_like
Camuy,North,2027,29285.5789606091,29651.324232978503,30085.278776264702,30530.56448756422,30885.187805404308,31312.78739366045,31579.352141193765,hurricane_cat5_maria_like
Camuy,North,2028,28881.19931659436,29096.655978218925,29614.76174676213,30075.538569360804,30718.774632659995,31255.47298706135,31470.486248999605,hurricane_cat5_maria_like
Camuy,North,2029,28558.87676818473,28820.516468711023,29364.17620333843,29915.94180747372,30460.27556352439,30859.43291339488,31153.44874253597,hurricane_cat5_maria_like
Camuy,North,2030,28184.943834557125,28587.021936491295,29036.80591957469,29586.964084169565,30150.761118662165,30685.846640656167,31007.432657182933,hurricane_cat5_maria_like
Canóvanas,East,2025,40174.90110670843,40325.621665894825,40662.066231028744,40987.15891178219,41357.7711291344,41627.00380080958,41808.33428720614,hurricane_cat5_maria_like
Canóvanas,East,2026,37763.666434112594,37861.70408970728,38213.4574446203,38806.853266003585,39188.489851618564,39519.021264978765,39875.4092495622,hurricane_cat5_maria_like
Canóvanas,East,2027,36208.83842436641,36516.19049474918,36951.308166868694,37381.18365886691,37812.694830924185,38308.659980006516,38610.71805883677,hurricane_cat5_maria_like
Canóvanas,East,2028,35235.51091569906,35513.80881648029,35925.89445386092,36504.14267632879,37162.59391727309,37628.34812821197,38027.901768962154,hurricane_cat5_maria_like
Canóvanas,East,2029,34456.442542298006,34719.318007369744,35384.493061489775,35981.32983603771,36645.81849032441,37081.967325415106,37482.99712097929,hurricane_cat5_maria_like
Canóvanas,East,2030,33756.22354595539,34103.8025964644,34763.74608838495,35359.351867452875,35989.565672699864,36641.03156296402,36890.30938088411,hurricane_cat5_maria_like
Carolina,Metro,2025,146748.91249770072,147778.5115608116,148996.2665421443,150333.93928504776,151316.6069063657,152731.0479054087,153420.6774358893,hurricane_cat5_maria_like
Carolina,Metro,2026,138990.87202534394,139966.60868677864,141591.76257210472,143299.28977061156,144799.14757836278,146591.98738554202,147564.1016174685,hurricane_cat5_maria_like
Carolina,Metro,2027,135187.2105074697,136153.65287410226,138190.11289096784,139867.87343927528,141957.7161813527,143464.37752725885,144406.8682595347,hurricane_cat5_maria_like
Carolina,Metro,2028,132918.91664815613,134528.02510142053,136304.51905157336,138510.3574476586,140225.84066490503,142552.42198750135,143760.56648490558,hurricane_cat5_maria_like
Carolina,Metro,2029,132129.38876239784,132931.0635329569,134771.46475690024,136736.26128516183,139425.94710331512,141267.51367703095,142749.65043119097,hurricane_cat5_maria_like
Carolina,Metro,2030,130178.54094816044,131253.24984922397,132739.70698716142,134993.04111127218,137681.97335623752,139736.9319310494,140533.65095128462,hurricane_cat5_maria_like
Cataño,Metro,2025,21998.911237557335,22043.791495724927,22151.6355373972,22243.68241931472,22340.49699507749,22499.317693756613,22560.290971736387,hurricane_cat5_maria_like
Cataño,Metro,2026,21029.943351642287,21109.463992114222,21225.539607529456,21341.452680251194,21480.71170423807,21660.777954076315,21801.516460130566,hurricane_cat5_maria_like
Cataño,Metro,2027,20401.59218256934,20487.264274966772,20669.500131060508,20859.29073276001,21032.340940338006,21182.92415451208,21252.530525987855,hurricane_cat5_maria_like
Cataño,Metro,2028,20080.382721400827,20215.610991638147,20414.653355992537,20590.43858769737,20781.971027044518,20991.132076229223,21074.06724304822,hurricane_cat5_maria_like
Cataño,Metro,2029,19880.793720956925,20027.696285764814,20239.408587376474,20438.78518591043,20651.386641201152,20806.34640561127,20885.483846138264,hurricane_cat5_maria_like
Cataño,Metro,2030,19623.04746600694,19679.965595368398,19949.4408412137,20162.990423106323,20332.688200968514,20551.090310134114,20691.845537396966,hurricane_cat5_maria_like
Cayey,Central Mountains,2025,40123.510412300035,40225.04048408454,40391.6891467282,40602.26268165936,40789.963167769674,40950.0991326669,41048.391610684455,hurricane_cat5_maria_like
Cayey,Central Mountains,2026,38009.83784724833,38194.927642518334,38416.72270518927,38791.92983957301,39033.72850835172,39328.20116988144,39490.72387517024,hurricane_cat5_maria_like
Cayey,Central Mountains,2027,37025.73406346601,37161.2564239306,37476.431437798645,37800.72672287586,38179.81351860077,38464.908537705225,38530.618327509605,hurricane_cat5_maria_like
Cayey,Central Mountains,2028,36604.41564221854,36796.11271273959,37150.06537969401,37442.24255849181,37802.47834323827,38216.821536522286,38497.84503299823,hurricane_cat5_maria_like
Cayey,Central Mountains,2029,36309.38929866273,36492.69479858195,36881.76332796118,37242.70223439396,37649.99419130392,37995.95278252474,38168.68818958341,hurricane_cat5_maria_like
Cayey,Central Mountains,2030,35740.895761727086,35982.71816256789,36331.75244965645,36838.65244410307,37154.53081654106,37498.96750015993,37773.788826262135,hurricane_cat5_maria_like
Ceiba,East,2025,10611.294753033979,10663.28402530943,10722.685248414493,10816.456140092669,10934.289946323755,10994.155091644974,11047.664939396627,hurricane_cat5_maria_like
Ceiba,East,2026,10031.939070317188,10083.781932769405,10166.036677965569,10273.551890724066,10379.08051461272,10476.506336889783,10560.369345430523,hurricane_cat5_maria_like
Ceiba,East,2027,9588.67481829143,9651.500000189293,9783.20115294511,9926.293197071804,10046.32649139079,10158.431265482926,10242.844751261875,hurricane_cat5_maria_like
Ceiba,East,2028,9320.479561973369,9413.02293711706,9546.28608587578,9688.06881010056,9825.76574390002,9924.741385224632,9995.201236542742,hurricane_cat5_maria_like
Ceiba,East,2029,9176.094576776108,9233.19455085339,9392.381943964663,9543.172464110383,9687.134250241079,9841.314780722403,9870.836376290952,hurricane_cat5_maria_like
Ceiba,East,2030,9028.557303941874,9111.871792673232,9239.08300522952,9408.575586866278,9540.141283673414,9702.402154802567,9801.620001517347,hurricane_cat5_maria_like
Ciales,Central Mountains,2025,16133.005402349192,16242.74572120339,16382.143144976217,16559.75485812094,16746.589209592345,16930.955547310372,17005.148284110994,hurricane_cat5_maria_like
Ciales,Central Mountains,2026,15331.72054408838,15408.436185658356,15631.101568146125,15852.33850529918,16088.532899636288,16315.616600294345,16489.83245648929,hurricane_cat5_maria_like
Ciales,Central Mountains,2027,15033.040682382938,15165.150388326598,15354.408882972704,15606.164249781963,15815.660118264319,16008.955133141353,16143.115905285673,hurricane_cat5_maria_like
Ciales,Central Mountains,2028,14779.541485359621,14905.077268809946,15166.053673236429,15412.646302168167,15662.66155234183,15910.55269538663,16094.619171366672,hurricane_cat5_maria_like
Ciales,Central Mountains,2029,14642.279466087168,14744.408532297808,14995.346276907088,15230.521601875113,15559.16417292574,15879.442533428273,16031.945140131675,hurricane_cat5_maria_like
Ciales,Central Mountains,2030,14472.121014784454,14583.695215403206,14812.78067076709,15120.13038150654,15471.567601261202,15734.8959321828,15906.25144597507,hurricane_cat5_maria_like
Cidra,Central Mountains,2025,38514.16012392247,38587.05326450741,38782.156099838,39079.60760328364,39416.57202998348,39635.47457147797,39782.17892321644,hurricane_cat5_maria_like
Cidra,Central Mountains,2026,36653.90544069361,36789.56814658688,37020.37497167933,37403.17886009637,37723.257520969,38113.98889533977,38260.762429650415,hurricane_cat5_maria_like
Cidra,Central Mountains,2027,35535.09480078422,35829.188804665755,36136.90725325768,36579.64233530626,37016.29635268851,37436.999532536254,37627.76353142808,hurricane_cat5_maria_like
Cidra,Central Mountains,2028,35077.00135611955,35395.281004771125,35706.30737736304,36201.712193755055,36740.17176230369,37170.35749468404,37404.92968973095,hurricane_cat5_maria_like
Cidra,Central Mountains,2029,34866.84052022763,35056.10567315519,35465.346094077446,35990.6143107967,36464.545953017034,37032.08428367993,37207.90668784071,hurricane_cat5_maria_like
Cidra,Central Mountains,2030,34258.77041435751,34567.30031250972,35051.03761089011,35568.79837643083,36167.31670463105,36593.234758463404,36794.65773649219,hurricane_cat5_maria_like
Coamo,South,2025,32613.927582824184,32868.95558617684,33167.05281399856,33549.70443541995,33933.94805267754,34239.12043342015,34433.31599766958,hurricane_cat5_maria_like
Coamo,South,2026,30730.64471792343,30934.25924477591,31453.559765015132,31925.67634421784,32728.812006766195,33232.64476022943,33419.444910596416,hurricane_cat5_maria_like
Coamo,South,2027,29686.834563475793,29964.95948833975,30428.12725149014,31006.983477695045,31766.01262057027,32252.646419606855,32463.98603046105,hurricane_cat5_maria_like
Coamo,South,2028,28903.403841066287,29088.738933395703,29702.8889877278,30423.69027135698,31100.654242699155,31701.607529822042,31990.87946836092,hurricane_cat5_maria_like
Coamo,South,2029,28285.994263001758,28572.086214883333,29226.96785827654,30051.06180274385,30728.29430721182,31539.65780314915,32060.66868901321,hurricane_cat5_maria_like
Coamo,South,2030,27695.568682262005,28043.02162876172,28704.803383052636,29533.98598660655,30297.19132186275,30968.23369086442,31435.953609348602,hurricane_cat5_maria_like
Comerío,Central Mountains,2025,18255.413316191294,18314.044378393286,18401.834395213133,18484.357896412646,18590.74786628053,18657.79925596812,18690.436203027537,hurricane_cat5_maria_like
Comerío,Central Mountains,2026,17339.26927934603,17439.098662824494,17548.013940677076,17681.675164707845,17778.44639962607,17862.77437185933,17914.609793362048,hurricane_cat5_maria_like
Comerío,Central Mountains,2027,16964.236991134305,17061.988582940954,17143.18029346148,17277.486856659834,17411.850100052936,17523.605326819797,17588.922970890275,hurricane_cat5_maria_like
Comerío,Central Mountains,2028,16765.753766462043,16852.730139978084,16981.695824852235,17133.48728512698,17255.25084257033,17360.06171142316,17439.392207808967,hurricane_cat5_maria_like
Comerío,Central Mountains,2029,16619.997660747922,16695.369530654745,16854.782042672276,17021.49916456308,17188.335626160435,17328.67144070375,17387.198865110306,hurricane_cat5_maria_like
Comerío,Central Mountains,2030,16398.211438904327,16498.821515909527,16637.2192129049,16836.39212181185,17027.546684713532,17158.254400777434,17279.072491238312,hurricane_cat5_maria_like
Corozal,Central Mountains,2025,33224.38262526137,33432.3831573025,33667.45013591847,33951.642311850395,34244.54648060819,34533.19766454349,34691.99823061352,hurricane_cat5_maria_like
Corozal,Central Mountains,2026,31601.21416573343,31791.156835767517,32190.74483331237,32576.057292912545,32932.31938097911,33223.845492114786,33437.990630615444,hurricane_cat5_maria_like
Corozal,Central Mountains,2027,30771.947606554124,30990.15231615955,31341.96356903261,31911.64932830324,32334.898743381746,32753.599927588057,32959.999273187845,hurricane_cat5_maria_like
Corozal,Central Mountains,2028,30165.21745437808,30450.179891883352,31110.363308476393,31424.584920107824,31977.792144591902,32305.17359857884,32551.320156141755,hurricane_cat5_maria_like
Corozal,Central Mountains,2029,29967.20342493424,30246.66695436095,30647.157594316977,31327.782101456494,31854.48056804234,32100.234114201754,32501.332345566032,hurricane_cat5_maria_like
Corozal,Central Mountains,2030,29532.70362999183,29803.16908273738,30343.583816581442,31012.924630750516,31539.129825909753,31979.415841517777,32208.509600120924,hurricane_cat5_maria_like
Culebra,East,2025,1278.9998182188813,1296.7436140672062,1326.2117664795533,1356.874857384863,1384.4458297787683,1406.6313891731963,1421.4508641288658,hurricane_cat5_maria_like
Culebra,East,2026,1179.5480435965094,1188.612461234777,1230.232221712876,1271.9974782655077,1313.0830930586214,1335.2357268136527,1361.215857266945,hurricane_cat5_maria_like
Culebra,East,2027,1109.2468422920747,1132.659489792976,1167.2005786404304,1216.751370438689,1262.6425865279816,1304.7548297619146,1339.15703228027,hurricane_cat5_maria_like
Culebra,East,2028,1056.4304108417934,1086.808722709361,1124.4270484830909,1179.2712485780658,1225.994514572224,1271.997134664951,1319.5292171439871,hurricane_cat5_maria_like
Culebra,East,2029,1028.3602917142832,1045.810088898851,1089.269541331178,1147.4064195879337,1213.340435604985,1261.2387260208777,1282.6350046308403,hurricane_cat5_maria_like
Culebra,East,2030,988.6502123749492,1015.3939242676432,1057.6223070198944,1118.0028717663313,1180.3095081127176,1226.8017651733808,1269.0216317054694,hurricane_cat5_maria_like
Dorado,North,2025,34857.34845169642,34992.39335508853,35168.896626911664,35362.59128702701,35572.11197991376,35773.57305940753,35910.57734000441,hurricane_cat5_maria_like
Dorado,North,2026,33338.256304895614,33469.69189953749,33701.66886014363,33973.57897656872,34197.374753120595,34413.982830109126,34513.221440824054,hurricane_cat5_maria_like
Dorado,North,2027,32530.10431915272,32683.030586437446,32971.520919309856,33295.43751527637,33548.87256181368,33829.843144670114,34037.30770280416,hurricane_cat5_maria_like
Dorado,North,2028,32089.105870600604,32270.115797165217,32545.973449993548,32934.65302723017,33292.86081516374,33585.80105820419,33681.524882697326,hurricane_cat5_maria_like
Dorado,North,2029,31835.089133679758,32038.424002284402,32350.649274489748,32695.164499426548,33088.86714556572,33361.41643483629,33562.62514840459,hurricane_cat5_maria_like
Dorado,North,2030,31322.6481990079,31641.099458940986,31992.538861424575,32338.28069606662,32666.131832729723,32995.10553507183,33148.635670168034,hurricane_cat5_maria_like
Fajardo,East,2025,30089.86943078323,30292.13371504147,30644.175778434204,31004.808132892897,31360.43496813704,31708.714463139626,31944.934470009437,hurricane_cat5_maria_like
Fajardo,East,2026,28045.484621880554,28213.55061959643,28759.349071036224,29340.050750385453,29783.821363563082,30219.364423487266,30515.387709133192,hurricane_cat5_maria_like
Fajardo,East,2027,26856.297912112415,27099.175589390594,27514.406913513445,28202.53551142498,28788.055950188802,29132.457262916836,29516.263356274452,hurricane_cat5_maria_like
Fajardo,East,2028,25999.25705697278,26287.487878774427,26633.163672085306,27525.72789833157,28280.24413304115,28925.352204249553,29142.824291501824,hurricane_cat5_maria_like
Fajardo,East,2029,25518.39406106449,25715.52712199784,26313.69263037477,27095.991578474823,27832.269590216132,28570.293377161262,29093.021268933626,hurricane_cat5_maria_like
Fajardo,East,2030,24932.00670343088,25215.030630794085,25759.5834335644,26682.767584180612,27421.405630604757,27974.58723822354,28550.41452186514,hurricane_cat5_maria_like
Florida,North,2025,11183.929324882556,11225.497170516479,11290.582982601483,11366.342971038133,11447.528521562934,11515.359881614808,11537.905805831524,hurricane_cat5_maria_like
Florida,North,2026,10715.547976430384,10755.14594113408,10852.790887502417,10937.177150969688,11015.67579626503,11091.443400159756,11135.216972750679,hurricane_cat5_maria_like
Florida,North,2027,10475.715806253207,10539.10330541745,10620.22952068561,10754.522511207002,10852.677498467276,10954.641460029397,11007.540860379926,hurricane_cat5_maria_like
Florida,North,2028,10312.828725099616,10388.259126016861,10486.750073407491,10604.859069775295,10720.111264271027,10826.723892828091,10860.704225548407,hurricane_cat5_maria_like
Florida,North,2029,10198.974609999044,10286.136518607893,10403.593903061017,10516.092463906103,10648.795869498295,10751.86633319497,10799.681385864178,hurricane_cat5_maria_like
Florida,North,2030,10095.469018527085,10167.573620316745,10262.118560247422,10427.019578440224,10534.051040199643,10646.010667380755,10716.227137938291,hurricane_cat5_maria_like
Guayama,South,2025,33958.48414229087,34104.19430911521,34474.14886496928,34813.17476723128,35062.17474623871,35371.101464712876,35516.82561056917,hurricane_cat5_maria_like
Guayama,South,2026,32247.685462244353,32393.960454675027,32751.52651412996,33122.94721932853,33597.27983834894,33931.17200029122,34121.025497958326,hurricane_cat5_maria_like
Guayama,South,2027,30847.83912714966,31241.039709739176,31696.99966536104,32080.77379213938,32672.785314711953,33091.196382405986,33274.71534515345,hurricane_cat5_maria_like
Guayama,South,2028,30145.08290027391,30377.967350826275,30972.638405731923,31422.878828432273,31892.561962294825,32518.57071490327,32850.40685026723,hurricane_cat5_maria_like
Guayama,South,2029,29690.057252057588,29835.509047412554,30313.131646375652,30888.535928145968,31336.79582378608,31999.10990808767,32404.21608698489,hurricane_cat5_maria_like
Guayama,South,2030,28803.03166431827,28993.152726223714,29779.42924856205,30401.055976354502,30964.096868424684,31630.58984815788,32056.958285814362,hurricane_cat5_maria_like
Guayanilla,South,2025,16715.935383740176,16775.02823988325,16864.22093278034,16961.14045702135,17032.157577180587,17139.382458508877,17174.538505189917,hurricane_cat5_maria_like
Guayanilla,South,2026,15889.045713098052,15955.508826665437,16057.259259534327,16201.9296718517,16331.963503892264,16461.641093980146,16492.37227480576,hurricane_cat5_maria_like
Guayanilla,South,2027,15385.475820049594,15449.20512084372,15590.064826916445,15747.392332787567,15887.422511343955,16032.469531899522,16075.728012247388,hurricane_cat5_maria_like
Guayanilla,South,2028,15021.698904537487,15103.321902824988,15303.809229628376,15436.922853801632,15587.451022075229,15806.981173001923,15875.247786696107,hurricane_cat5_maria_like
Guayanilla,South,2029,14821.29373346709,14935.25712978198,15113.194828049587,15271.967912453563,15431.70265838361,15717.208207478781,15751.711335124668,hurricane_cat5_maria_like
Guayanilla,South,2030,14626.933502532467,14717.423806357103,14906.247097996555,15083.151525597223,15258.07346846072,15478.456887059847,15596.036207301968,hurricane_cat5_maria_like
Guaynabo,Metro,2025,85617.12496546085,86096.05646835004,86977.77841826662,87820.18419776099,88719.1455319176,89449.20631247375,89999.60435184343,hurricane_cat5_maria_like
Guaynabo,Metro,2026,81252.50255959952,81901.10629667461,82826.82746264376,83921.17415901524,85116.55203395586,86092.69665198075,86819.56535530799,hurricane_cat5_maria_like
Guaynabo,Metro,2027,79121.83171223152,79786.6531057027,81083.4722949826,82241.84311407796,83398.03251578947,84383.14839939204,85303.54973044958,hurricane_cat5_maria_like
Guaynabo,Metro,2028,77768.25091432667,78521.24387951163,79810.84618255109,81375.16377810972,82529.0217149869,84168.92165952461,85061.07402552332,hurricane_cat5_maria_like
Guaynabo,Metro,2029,76600.40696048283,77628.21074102791,79142.67953918614,80528.45819655596,82116.95876142755,83360.20751885657,84552.67505919356,hurricane_cat5_maria_like
Guaynabo,Metro,2030,75386.35599653117,76537.50676757134,78128.15265661542,79509.46836969024,81007.89987019138,82918.20037322173,83994.3550783574,hurricane_cat5_maria_like
Gurabo,East,2025,37934.28657548961,38136.91291131641,38783.37400796209,39334.82649935342,40053.90743364339,40541.44267354821,40931.808360350224,hurricane_cat5_maria_like
Gurabo,East,2026,35234.70969624583,35730.32045956843,36536.94221374429,37311.11005884581,38116.02252324341,38623.658042521696,39089.21943691935,hurricane_cat5_maria_like
Gurabo,East,2027,33661.273060008,34090.656205441344,34800.111841658385,35866.82834962342,36806.34824170716,37660.759217299645,38004.6423968526,hurricane_cat5_maria_like
Gurabo,East,2028,32483.97872856561,32870.55334176732,34019.97264731668,35085.87199038108,36130.2802106204,37205.06992673786,37440.41590038714,hurricane_cat5_maria_like
Gurabo,East,2029,31603.883532036754,32334.11752592305,33350.97638713288,34497.40055878205,35575.17324617873,36744.669418606114,37378.890940396246,hurricane_cat5_maria_like
Gurabo,East,2030,30828.91256763066,31400.230215986237,32614.136007490313,33698.20825344045,35086.88963979023,36112.649732672755,37142.29058569504,hurricane_cat5_maria_like
Guánica,West,2025,12310.371981985603,12365.28706030717,12475.70064482638,12582.65425433823,12718.668892701995,12827.125232543596,12866.284941279479,hurricane_cat5_maria_like
Guánica,West,2026,11547.665896501549,11635.294987315383,11780.278584093467,11950.589822064074,12094.771419175127,12210.768174500641,12292.421460229836,hurricane_cat5_maria_like
Guánica,West,2027,11017.56522454094,11123.694093346307,11325.810438492867,11484.931154151873,11697.69082498525,11883.34602911848,11994.154429558057,hurricane_cat5_maria_like
Guánica,West,2028,10574.268175864436,10733.355952334596,10953.610639121316,11190.018443084988,11407.131566536062,11642.799105099757,11731.946738761922,hurricane_cat5_maria_like
Guánica,West,2029,10333.373574973772,10484.036127360147,10777.578583480215,10979.577024120803,11203.229102761452,11431.002364261461,11602.361820623408,hurricane_cat5_maria_like
Guánica,West,2030,10162.09784681519,10296.77188477621,10524.32785399791,10781.732445930622,11036.29518359619,11264.986964456066,11446.537913248365,hurricane_cat5_maria_like
Hatillo,North,2025,37206.985802077426,37296.75569875021,37544.05221521055,37753.27856999585,37981.125038514496,38175.268791641545,38259.038101009464,hurricane_cat5_maria_like
Hatillo,North,2026,35487.701285557436,35703.25535634874,35994.35362664872,36250.72344353533,36557.032538167994,36782.33421671685,36934.5945288786,hurricane_cat5_maria_like
Hatillo,North,2027,34863.70838762349,35048.012674474645,35318.79535543313,35641.585061053454,36007.913903477325,36291.95200003762,36379.231476103225,hurricane_cat5_maria_like
Hatillo,North,2028,34423.69555943712,34574.30026994656,34920.79967025243,35272.4383937938,35566.34138390195,35850.826317990446,36026.667506082114,hurricane_cat5_maria_like
Hatillo,North,2029,34023.58101807994,34149.4868348664,34578.44779191831,34941.6615290466,35333.48035455118,35681.81421821658,35911.14771733259,hurricane_cat5_maria_like
Hatillo,North,2030,33515.630228152244,33748.02014149956,34161.26059257729,34572.39019994506,34998.15940940149,35398.35364558064,35647.46294482519,hurricane_cat5_maria_like
Hormigueros,West,2025,15117.38433172677,15152.563110172727,15205.75123677928,15286.807215547535,15358.561396750953,15427.76030641406,15469.882317884381,hurricane_cat5_maria_like
Hormigueros,West,2026,14401.634058272874,14444.199119485353,14541.193541722252,14636.509870198624,14755.42805243994,14833.4954815576,14895.222721819135,hurricane_cat5_maria_like
Hormigueros,West,2027,14126.166797910471,14180.546746320168,14275.591958096566,14383.07834718403,14470.570241655416,14579.973328161723,14658.26700181678,hurricane_cat5_maria_like
Hormigueros,West,2028,13972.302929934327,14079.654023332187,14168.126955428808,14280.373259551478,14419.297720897142,14506.446456336807,14541.1844119257,hurricane_cat5_maria_like
Hormigueros,West,2029,13811.15915640831,13865.19024720041,14010.446336403897,14143.36143477615,14291.969903111694,14379.777055446715,14449.081197842786,hurricane_cat5_maria_like
Hormigueros,West,2030,13646.396172630715,13674.927560613394,13814.80832567092,13944.020385315825,14050.564496019178,14179.398122643504,14259.923583596863,hurricane_cat5_maria_like
Humacao,East,2025,48490.064209684046,48620.07183059642,48904.754653653115,49218.96231087946,49465.50118317253,49660.3679319261,49867.45877034687,hurricane_cat5_maria_like
Humacao,East,2026,45719.103428068614,45898.9918474501,46185.52856865327,46491.55942835424,46811.39765323084,47073.646928123395,47325.38366882698,hurricane_cat5_maria_like
Humacao,East,2027,43966.86040331593,44198.70869389573,44550.84415079517,44889.37292664052,45319.201278387765,45594.47222214608,45803.71302576957,hurricane_cat5_maria_like
Humacao,East,2028,42933.452817163976,43115.651414859974,43483.078801379896,43896.35779202542,44264.915917419996,44645.955247385165,44908.812588673085,hurricane_cat5_maria_like
Humacao,East,2029,42299.20464801404,42554.05079475842,42826.12934791237,43344.62056667979,43792.55128827908,44287.876536261174,44622.983767735815,hurricane_cat5_maria_like
Humacao,East,2030,41614.28532115606,41808.81266025735,42253.04641866514,42678.31787362468,43204.0120779475,43658.865794179124,43900.98158979042,hurricane_cat5_maria_like
Isabela,West,2025,41230.020598778996,41474.71505150764,41847.179939305104,42254.049877816025,42698.047343864884,43143.12544561019,43353.94979697464,hurricane_cat5_maria_like
Isabela,West,2026,39214.72904509419,39654.718372712974,40072.402385443536,40520.09418726557,41067.83220886194,41610.8749753696,41870.70989338721,hurricane_cat5_maria_like
Isabela,West,2027,38499.86680577558,38810.97217470371,39341.08985135135,39894.93901779661,40379.23917388169,40918.90150258712,41150.57127396219,hurricane_cat5_maria_like
Isabela,West,2028,37788.646899793166,38202.27332059498,38692.84012217462,39473.29228715045,40036.99857583162,40614.13096285235,40860.03466178778,hurricane_cat5_maria_like
Isabela,West,2029,37444.06986920944,37829.48950793234,38321.693462390554,38882.292563958006,39544.78863101163,40255.99916046258,40641.975982077594,hurricane_cat5_maria_like
Isabela,West,2030,36974.79188487912,37328.865069961816,37899.632938221206,38515.63134245416,39137.95424392161,39935.364748665306,40465.89295514489,hurricane_cat5_maria_like
Jayuya,Central Mountains,2025,14112.56980658328,14179.404295829163,14280.77003956557,14423.223219206215,14564.077789650913,14699.956295011776,14789.313949899237,hurricane_cat5_maria_like
Jayuya,Central Mountains,2026,13457.622019607592,13527.390043274383,13650.175522402995,13826.581028418266,14001.045325381203,14167.731416361648,14305.767858540776,hurricane_cat5_maria_like
Jayuya,Central Mountains,2027,13124.015519738363,13224.405785286694,13402.465239818477,13611.194405048605,13737.819383609116,13914.982077697707,14055.074177340024,hurricane_cat5_maria_like
Jayuya,Central Mountains,2028,12942.968536752856,13018.066618290408,13248.10139271614,13442.371137566352,13684.550350312358,13909.12345009212,14066.323973802972,hurricane_cat5_maria_like
Jayuya,Central Mountains,2029,12859.118052201475,12948.568988703071,13126.211281805488,13352.103701253167,13598.931074669508,13815.596250600645,13958.254361576077,hurricane_cat5_maria_like
Jayuya,Central Mountains,2030,12645.77825882233,12859.045284517784,12972.55830135161,13163.78422380067,13439.578816028228,13675.196980362933,13758.91650446292,hurricane_cat5_maria_like
Juana Díaz,South,2025,44727.62423388763,44884.90731818563,45142.74384583191,45512.9864588457,45901.910190782306,46233.31069046999,46356.28894544857,hurricane_cat5_maria_like
Juana Díaz,South,2026,42384.90268017133,42560.16988053312,42947.70666737649,43484.553840902096,43981.67355752513,44389.80916088018,44640.68641324005,hurricane_cat5_maria_like
Juana Díaz,South,2027,40918.94338994558,41156.772317441166,41603.98926201889,42190.98334388393,42821.133532750595,43327.3706755956,43599.50852049505,hurricane_cat5_maria_like
Juana Díaz,South,2028,39889.887002028656,40231.2631710782,40757.17671614865,41391.20251194399,41944.076437764044,42582.0747141605,42939.831626712636,hurricane_cat5_maria_like
Juana Díaz,South,2029,39229.177785124644,39533.13826827824,40197.83344056735,40802.51889190254,41448.25164196039,42186.078016643776,42362.257311016576,hurricane_cat5_maria_like
Juana Díaz,South,2030,38520.132694448876,38945.26995087346,39484.80837109158,40272.894856044426,40919.67418290057,41447.98079361908,41694.198245008985,hurricane_cat5_maria_like
Juncos,East,2025,35633.51152528708,35750.23057646033,35916.06804071413,36151.366179231045,36395.04418636511,36572.00203632505,36657.24045969214,hurricane_cat5_maria_like
Juncos,East,2026,33432.520128616336,33607.334835532005,33840.406452242554,34118.7170771044,34433.82053851958,34660.35537365288,34785.405085164864,hurricane_cat5_maria_like
Juncos,East,2027,31931.44790815693,32202.795660697426,32529.446108527227,32910.64769233961,33232.245474092284,33556.7466579814,33736.34166905272,hurricane_cat5_maria_like
Juncos,East,2028,31064.469423380135,31257.870394221856,31619.45916530311,32097.888913886978,32497.912507479567,32908.51095900171,33020.99408894373,hurricane_cat5_maria_like
Juncos,East,2029,30649.295901908194,30820.45746877398,31203.15218328152,31648.425737534824,32054.75467780632,32295.52233510522,32510.28194250638,hurricane_cat5_maria_like
Juncos,East,2030,30086.301580322295,30343.618836574657,30701.352642196496,31165.944808333436,31564.506631863354,31919.17121204023,32105.246876191366,hurricane_cat5_maria_like
Lajas,West,2025,22203.378608346582,22367.960906473927,22594.60235133339,22818.905719135877,23019.01197062141,23161.85703765329,23350.35445863706,hurricane_cat5_maria_like
Lajas,West,2026,21246.868661891927,21359.814005978802,21607.007408849982,21903.276773710924,22139.611225617246,22443.42501061325,22552.226268503327,hurricane_cat5_maria_like
Lajas,West,2027,20905.244498605814,21029.1396302688,21239.099072927354,21488.543637615134,21817.922890464844,22164.514548489813,22259.993503815374,hurricane_cat5_maria_like
Lajas,West,2028,20574.97788254856,20747.69383084733,21038.328365855363,21399.278136253022,21697.401873821556,21995.103011010906,22211.343589512428,hurricane_cat5_maria_like
Lajas,West,2029,20511.349846303045,20605.742933544756,20820.32635799837,21203.650736934273,21624.24419036508,21896.28271691549,22160.42800367445,hurricane_cat5_maria_like
Lajas,West,2030,20170.321612753334,20300.29845598314,20563.14393085678,20910.413010913056,21284.099100730127,21657.92638710791,21950.63315993445,hurricane_cat5_maria_like
Lares,Central Mountains,2025,26292.602669847158,26481.22803609562,26926.634506833187,27415.747398422587,27977.551495197833,28523.923628846598,28699.88186086649,hurricane_cat5_maria_like
Lares,Central Mountains,2026,24529.799583894204,24798.883050279714,25506.5320577599,26333.38073482729,27067.02124241789,27466.148522607255,27890.199574983068,hurricane_cat5_maria_like
Lares,Central Mountains,2027,23992.536787151214,24180.652405624038,24911.635272676776,25727.559258793728,26488.81558855042,27040.959454872376,27534.203087682436,hurricane_cat5_maria_like
Lares,Central Mountains,2028,23452.203302168782,23800.29542359756,24608.127372130533,25450.405765510262,26155.171121093612,26937.879487667444,27517.73758722551,hurricane_cat5_maria_like
Lares,Central Mountains,2029,22966.219433795468,23313.73574068755,24394.632179448905,25296.88878435835,26102.748797242788,26946.33548042857,27423.49312916806,hurricane_cat5_maria_like
Lares,Central Mountains,2030,22612.62437805396,22915.31667875855,23946.63349594811,25084.198258616285,26023.705592895945,26936.53624982127,27202.011400354157,hurricane_cat5_maria_like
Las Marías,West,2025,8333.874799257335,8386.642057585726,8490.176821279958,8605.347670742329,8732.203848311347,8852.022717829588,8905.237969854494,hurricane_cat5_maria_like
Las Marías,West,2026,7864.284004837693,7990.138036262593,8116.654336068443,8295.340810887936,8455.790204010069,8575.82933254095,8598.413252047056,hurricane_cat5_maria_like
Las Marías,West,2027,7711.349890838143,7810.618645113327,7975.376116782816,8160.737549923929,8318.704716465485,8494.043213480878,8561.863239823251,hurricane_cat5_maria_like
Las Marías,West,2028,7545.451166346812,7714.348140339504,7877.830455964811,8095.931296520841,8291.728722250253,8427.351628431552,8554.382820815843,hurricane_cat5_maria_like
Las Marías,West,2029,7424.603567634277,7535.54599008511,7748.42726484978,7985.639547329221,8198.890284396897,8396.55917003548,8483.63028949085,hurricane_cat5_maria_like
Las Marías,West,2030,7340.54458910427,7442.148781203496,7601.459190502499,7883.18345539411,8143.071803655668,8331.354035762575,8419.253974236051,hurricane_cat5_maria_like
Las Piedras,East,2025,33650.10821702507,33743.1153425884,34009.68656310058,34264.97399197427,34553.41914748155,34793.819278760595,34895.15982266283,hurricane_cat5_maria_like
Las Piedras,East,2026,31513.105736538037,31653.027219164815,31951.780246415117,32304.010495400857,32716.02956622716,33106.77735144803,33296.53700929694,hurricane_cat5_maria_like
Las Piedras,East,2027,30198.718329806237,30398.31404918092,30723.459106582333,31154.112042061235,31636.026758264477,31944.036862111654,32065.203611447738,hurricane_cat5_maria_like
Las Piedras,East,2028,29272.8822200648,29524.445674235572,30017.938424599666,30457.538087188397,30923.31876628333,31324.01832020258,31583.823249478613,hurricane_cat5_maria_like
Las Piedras,East,2029,28871.18879152192,29146.085705564652,29585.425424092104,30049.293859661797,30471.937614224153,30972.718581445926,31205.727997695016,hurricane_cat5_maria_like
Las Piedras,East,2030,28432.40881434643,28663.441286827107,29008.000282838784,29553.451988650188,30038.237498311508,30633.230135436817,30855.309703535848,hurricane_cat5_maria_like
Loíza,East,2025,22097.761576118413,22135.43847926667,22248.729908106412,22387.895217853125,22511.362648708146,22645.61738848279,22690.678208450452,hurricane_cat5_maria_like
Loíza,East,2026,20794.213584919056,20893.3520908969,21046.287708530104,21237.125204009917,21372.369992088676,21511.092966643526,21590.09395886374,hurricane_cat5_maria_like
Loíza,East,2027,20022.53970118862,20115.667763534228,20255.664006618015,20451.891507823188,20595.8050287622,20728.183294540133,20863.238557536326,hurricane_cat5_maria_like
Loíza,East,2028,19375.89552817526,19478.446559037442,19672.025046143965,19924.749776055156,20093.635355817016,20241.483035351233,20286.94250281393,hurricane_cat5_maria_like
Loíza,East,2029,19015.546861931336,19102.04274114043,19352.09938079978,19613.214544793384,19827.56784189665,20004.555267763863,20060.37948929204,hurricane_cat5_maria_like
Loíza,East,2030,18663.22643907351,18816.481696799285,19022.95387237134,19280.542373144675,19500.55794746967,19705.777681765943,19807.241855214725,hurricane_cat5_maria_like
Luquillo,East,2025,16952.336080236502,17019.975673879755,17125.346903247435,17206.789186400118,17296.59431803035,17382.113146714342,17428.559677915353,hurricane_cat5_maria_like
Luquillo,East,2026,15920.322315483823,16023.437724645153,16129.692535110076,16272.048678224724,16393.405428699287,16472.329380399613,16537.173796894527,hurricane_cat5_maria_like
Luquillo,East,2027,15388.359036540658,15462.93643956871,15565.824755369962,15720.393163167088,15859.376257577645,15943.329787396575,16024.171726595503,hurricane_cat5_maria_like
Luquillo,East,2028,14978.937403680238,15039.8483735491,15208.486956249264,15345.501721146946,15514.408874873094,15656.159842011426,15798.956898168492,hurricane_cat5_maria_like
Luquillo,East,2029,14718.40768946378,14813.452671587153,14973.9014641157,15136.27454130483,15332.98840297362,15540.559833941248,15649.569951766527,hurricane_cat5_maria_like
Luquillo,East,2030,14492.56602812645,14593.524212096885,14762.82491156699,14927.286379810263,15135.75065250412,15284.03312713855,15384.83734082268,hurricane_cat5_maria_like
Manatí,North,2025,37773.867345785846,37963.90171831635,38159.28781532665,38537.3719951306,38806.23117168403,39180.626234811054,39357.66689249581,hurricane_cat5_maria_like
Manatí,North,2026,36069.5446719611,36316.98094216404,36618.0492175075,36951.990404711294,37405.88455750492,37769.88979568237,37910.074745552076,hurricane_cat5_maria_like
Manatí,North,2027,35123.57305420303,35341.03787942682,35758.50580161848,36245.13817994343,36841.136969212675,37181.78526180239,37440.61685826796,hurricane_cat5_maria_like
Manatí,North,2028,34649.287384779105,34940.071498620986,35371.95760275215,35828.22072205178,36434.01233313721,36963.02507477805,37230.5236675369,hurricane_cat5_maria_like
Manatí,North,2029,34277.6502318197,34589.858589522744,35024.299739201066,35573.63569146495,36245.698508638234,36798.60228865435,37008.39010953074,hurricane_cat5_maria_like
Manatí,North,2030,33812.44815097849,34060.781503689715,34752.06218249198,35243.71134264665,35859.745697627885,36605.18311387696,36937.59261584769,hurricane_cat5_maria_like
Maricao,West,2025,4803.0365533225595,4825.477172979262,4885.911823621721,4939.167185219767,5002.9595994553365,5079.8802278211415,5115.00626382426,hurricane_cat5_maria_like
Maricao,West,2026,4596.7828313724485,4658.090770034615,4730.147170811621,4801.027441419632,4894.119380690576,4946.641186981701,4983.260489333745,hurricane_cat5_maria_like
Maricao,West,2027,4459.651173539112,4528.031271063287,4621.855064549843,4701.737778984108,4784.701293609653,4861.086756835942,4926.724171076447,hurricane_cat5_maria_like
Maricao,West,2028,4394.559329593478,4481.469586242111,4587.1247583191625,4673.780729370994,4758.829542348169,4858.437234525963,4881.815949438926,hurricane_cat5_maria_like
Maricao,West,2029,4322.8305369840045,4428.96182224365,4528.000738300923,4646.906785667883,4749.060834100075,4853.682170960346,4938.573793876757,hurricane_cat5_maria_like
Maricao,West,2030,4304.7297965592,4374.338571609093,4482.463598869217,4580.757813225584,4730.9241692987125,4823.234240334161,4899.510307898473,hurricane_cat5_maria_like
Maunabo,East,2025,10040.49732420768,10084.310990670798,10148.323332138305,10213.866094610348,10281.096004785548,10339.856580069985,10381.487362379974,hurricane_cat5_maria_like
Maunabo,East,2026,9408.674966228426,9464.038374397998,9568.534437173104,9661.649181953413,9756.376124651357,9814.298611124615,9845.519767222619,hurricane_cat5_maria_like
Maunabo,East,2027,9062.8350357688,9115.755399516587,9211.029720971184,9318.776049009464,9414.784793105766,9515.621753126714,9562.553811360103,hurricane_cat5_maria_like
Maunabo,East,2028,8817.546920701501,8884.3385575662,8978.794551730289,9068.040417905628,9178.25901953,9316.390164370336,9351.60393103109,hurricane_cat5_maria_like
Maunabo,East,2029,8686.193217208289,8732.817253372481,8829.919596575026,8924.538099168032,9054.037144721648,9180.578853188312,9252.044157478784,hurricane_cat5_maria_like
Maunabo,East,2030,8475.705614882505,8575.886502426485,8652.04805218857,8780.7922049745,8921.461589585322,9079.225757698945,9110.429908452898,hurricane_cat5_maria_like
Mayagüez,West,2025,69368.51682350803,69668.74270318123,70015.3050957851,70524.2456843624,71009.38850071294,71351.10763679378,71631.44647227386,hurricane_cat5_maria_like
Mayagüez,West,2026,66552.16441480698,66855.57049197711,67462.3867794881,68042.74772481268,68841.73805140518,69286.90540782959,69483.0163018908,hurricane_cat5_maria_like
Mayagüez,West,2027,64803.67340992826,65327.84262995814,65882.29376693048,66606.3299610742,67273.58174319954,67826.76309991989,68499.05219848089,hurricane_cat5_maria_like
Mayagüez,West,2028,63847.50505643766,64410.4128876749,65363.69876645235,66077.3315702781,66803.12699085975,67522.45893778051,68138.61523020215,hurricane_cat5_maria_like
Mayagüez,West,2029,63401.58298033856,63797.74382984436,64717.901216521306,65519.24223286986,66439.31887661661,67311.21510863333,67563.06172228693,hurricane_cat5_maria_like
Mayagüez,West,2030,62523.19982637091,62845.419046506104,63773.278758538974,64677.11990488476,65619.25675586585,66295.25278028398,66753.04300072297,hurricane_cat5_maria_like
Moca,West,2025,35907.72955049824,36066.72386081884,36396.5412635275,36862.466045943176,37281.09073219337,37660.345438647615,37822.314093358094,hurricane_cat5_maria_like
Moca,West,2026,34227.697727044826,34466.27711116225,34865.26345423674,35365.566814030346,35946.442645626215,36355.189467853445,36578.366688239796,hurricane_cat5_maria_like
Moca,West,2027,33376.664767421025,33703.3943771729,34123.638369561755,34841.276376386115,35350.408025780605,35941.495512414214,36171.41452119197,hurricane_cat5_maria_like
Moca,West,2028,32725.02344302091,32965.80718759182,33671.22358674217,34273.668298745586,34941.60324133822,35594.89620204096,35750.09084980969,hurricane_cat5_maria_like
Moca,West,2029,32326.690446632154,32558.8293681287,33307.5343017544,33957.7725930482,34572.72932578548,35079.67966875131,35673.93343398065,hurricane_cat5_maria_like
Moca,West,2030,31793.60143690668,32218.313457241013,32959.63693884469,33615.94790198696,34216.54102803667,34876.83354540402,35427.04484971834,hurricane_cat5_maria_like
Morovis,Central Mountains,2025,27619.789128907265,27783.072965192852,27956.98398218949,28166.522384710508,28394.402433977273,28600.81809880466,28722.7013137817,hurricane_cat5_maria_like
Morovis,Central Mountains,2026,26257.746257250757,26443.126996909486,26694.087760382743,26975.9429624143,27239.51663614948,27470.30612185556,27657.685633188234,hurricane_cat5_maria_like
Morovis,Central Mountains,2027,25650.713966776708,25796.31530683633,26056.022445005467,26460.211917929657,26742.499197965895,27012.55208409202,27264.75665969438,hurricane_cat5_maria_like
Morovis,Central Mountains,2028,25265.768750125764,25468.585195290634,25827.528801951776,26190.59999392192,26505.87408498502,26853.256409312424,27081.466081207596,hurricane_cat5_maria_like
Morovis,Central Mountains,2029,25029.984141188776,25193.695845194263,25614.68279013819,26013.879905824084,26401.117785450264,26734.875210908147,26963.255913907793,hurricane_cat5_maria_like
Morovis,Central Mountains,2030,24723.94105333107,24893.225124959714,25266.12183007035,25735.61232018417,26074.23099262594,26463.348494443133,26783.02354852481,hurricane_cat5_maria_like
Naguabo,East,2025,21970.22264768587,22142.23390279839,22358.61439377559,22605.229927398534,22908.1087631074,23240.85583896165,23369.267929458743,hurricane_cat5_maria_like
Naguabo,East,2026,20508.584433876455,20731.356780055714,21056.329090283907,21397.944772322524,21759.344526731857,22035.245579857266,22242.922735566477,hurricane_cat5_maria_like
Naguabo,East,2027,19578.463175512166,19702.297200901117,20202.0592753776,20735.99590836542,21132.026868558343,21428.84480629653,21784.88676206428,hurricane_cat5_maria_like
Naguabo,East,2028,19050.3434143103,19310.383362656597,19727.17591045681,20189.691670961376,20691.850388999395,21085.140441704738,21333.424609907237,hurricane_cat5_maria_like
Naguabo,East,2029,18582.01461711211,18969.701016688487,19407.179408523276,19901.122971708013,20416.306475931742,20923.64781446448,21098.14589815904,hurricane_cat5_maria_like
Naguabo,East,2030,18228.28223208345,18650.817196618387,19111.750568097817,19633.005451335594,20037.00863488722,20468.2728593604,20747.42958720192,hurricane_cat5_maria_like
Naranjito,Central Mountains,2025,28169.88452007962,28260.538611101365,28509.18893818482,28834.2570076173,29037.469785886544,29310.443392647925,29447.39846628305,hurricane_cat5_maria_like
Naranjito,Central Mountains,2026,26712.19132492332,26935.154417191032,27281.454424447216,27549.992077972372,27855.602797186148,28130.191628010987,28357.248581748332,hurricane_cat5_maria_like
Naranjito,Central Mountains,2027,25884.189387972423,26108.842155406568,26511.147806864832,27031.476110107,27430.05185900347,27656.888750989518,27858.79193948677,hurricane_cat5_maria_like
Naranjito,Central Mountains,2028,25601.833924003917,25794.33836582442,26250.704959593,26682.762166547596,27138.635450549238,27496.849355432318,27701.489616133702,hurricane_cat5_maria_like
Naranjito,Central Mountains,2029,25306.987319247593,25531.88933525519,26059.15086660305,26561.936420908405,26897.28697658185,27326.04266466946,27796.26309380575,hurricane_cat5_maria_like
Naranjito,Central Mountains,2030,24925.50109463722,25226.83105038911,25717.08760389436,26229.801268083742,26620.37389546506,26985.333966951963,27492.069337932087,hurricane_cat5_maria_like
Orocovis,Central Mountains,2025,20465.693287832815,20597.347505920476,20781.352569357492,20976.945885191133,21170.329778467323,21340.46213489291,21414.96689853846,hurricane_cat5_maria_like
Orocovis,Central Mountains,2026,19515.643866653605,19616.942920891008,19857.211956601088,20089.02908963174,20290.076462256166,20561.228232759622,20682.09680705256,hurricane_cat5_maria_like
Orocovis,Central Mountains,2027,19130.353573008175,19212.441671411998,19443.215307224047,19771.438828944712,20009.220552884504,20191.89179535499,20352.077303909926,hurricane_cat5_maria_like
Orocovis,Central Mountains,2028,18849.34204422226,18928.77949644712,19187.891286771795,19511.844139492496,19792.935657472408,19993.359537325756,20152.324972116523,hurricane_cat5_maria_like
Orocovis,Central Mountains,2029,18559.448022519395,18674.957261967098,18958.63332070337,19326.242881194557,19604.535845277387,19895.732443530236,20111.735400426995,hurricane_cat5_maria_like
Orocovis,Central Mountains,2030,18419.32182039265,18500.469328716565,18783.45799097373,19087.97410116013,19470.115937091974,19741.023857886667,19908.357839630287,hurricane_cat5_maria_like
Patillas,South,2025,15116.29153143761,15163.762567592748,15235.27945399863,15311.143005889944,15378.931367170833,15460.431408776181,15507.10327200572,hurricane_cat5_maria_like
Patillas,South,2026,14340.915261403374,14435.694322694919,14503.829467512729,14609.959391952445,14702.338928361536,14784.20745374913,14852.327928877252,hurricane_cat5_maria_like
Patillas,South,2027,13885.785373851215,13938.799000605837,14031.190097393277,14141.048276933583,14286.93201790596,14386.222323018581,14473.265122391453,hurricane_cat5_maria_like
Patillas,South,2028,13507.367612618807,13573.84189303575,13664.714166573038,13793.525896591087,13938.839870469455,14086.158300091927,14141.375952610751,hurricane_cat5_maria_like
Patillas,South,2029,13258.140818845135,13301.086986175253,13411.023401662389,13568.279324537856,13732.343410437694,13853.407755054086,13962.270145843277,hurricane_cat5_maria_like
Patillas,South,2030,12977.210770115993,12999.51398192256,13163.082939405922,13333.163080120627,13468.818940900877,13600.628111297627,13731.592105761774,hurricane_cat5_maria_like
Peñuelas,South,2025,19102.875081462298,19218.438684285993,19367.85279102699,19584.484714121427,19773.313272256695,20012.40970227454,20116.191346879797,hurricane_cat5_maria_like
Peñuelas,South,2026,18057.789618895506,18196.45524752581,18448.239208842737,18756.113727098287,18989.51497991356,19294.826931816835,19462.19467867323,hurricane_cat5_maria_like
Peñuelas,South,2027,17415.735402418482,17584.056781867897,17812.746000219944,18152.86086839178,18484.660200914037,18804.41576091531,18933.146602302022,hurricane_cat5_maria_like
Peñuelas,South,2028,16988.174986779773,17195.752287561,17416.31044257246,17824.571906797995,18160.315980405896,18525.600080526026,18683.80198025904,hurricane_cat5_maria_like
Peñuelas,South,2029,16818.99946781975,16948.27127777203,17232.376981974103,17572.112993978713,17971.61871215913,18429.25485011913,18667.17273467949,hurricane_cat5_maria_like
Peñuelas,South,2030,16509.248559818552,16656.948844153358,17004.500736777885,17352.740179930788,17849.0793589542,18201.12260123735,18476.816260227708,hurricane_cat5_maria_like
Ponce,South,2025,128324.74130154244,129048.47769247352,130032.79410990534,131176.9421478096,132349.6139549515,133299.4937998867,133880.97165549028,hurricane_cat5_maria_like
Ponce,South,2026,122016.81335502969,122691.91597524317,123783.24095211767,125339.75005926497,126688.71255926734,127882.27954937909,128867.69577637911,hurricane_cat5_maria_like
Ponce,South,2027,117801.72541779409,118316.5202675534,120345.82191095724,121678.83141036775,123097.79427209015,124523.91026019258,125588.95227810576,hurricane_cat5_maria_like
Ponce,South,2028,114784.2519443375,115974.59036218341,117373.86079008595,119360.7601574042,121227.48411875757,122914.32667336997,123643.97984887127,hurricane_cat5_maria_like
Ponce,South,2029,113114.31132341086,113899.87807327507,115663.15294519582,117489.24704368983,119644.81940441826,120963.9341322315,122529.47743449362,hurricane_cat5_maria_like
Ponce,South,2030,111267.83626591788,111964.92192337949,113642.62732066578,115657.86408096337,118008.86382182836,119644.36865246216,120967.24756598071,hurricane_cat5_maria_like
Quebradillas,North,2025,22737.511086214225,22810.962387792475,22947.08981662987,23092.346991567192,23249.542918592713,23391.03533462803,23549.053751927022,hurricane_cat5_maria_like
Quebradillas,North,2026,21774.609282543057,21853.024821549297,22040.761251927644,22212.55562307962,22402.01131516514,22571.112390387527,22729.528439239326,hurricane_cat5_maria_like
Quebradillas,North,2027,21313.08758280788,21469.533539562904,21642.934202415527,21864.433448971577,22067.619989253195,22249.428072172177,22326.903623654725,hurricane_cat5_maria_like
Quebradillas,North,2028,21018.44669339072,21115.316743006893,21350.07136022654,21638.38636038573,21841.287407286974,22033.54923864166,22121.831734688007,hurricane_cat5_maria_like
Quebradillas,North,2029,20743.823417932625,20892.411274270307,21137.009858282112,21411.17629421593,21627.212595677982,21794.874079791694,21913.57759721229,hurricane_cat5_maria_like
Quebradillas,North,2030,20473.832547464895,20650.41484421004,20879.268325824218,21170.515949823686,21411.38102062438,21657.968888242933,21764.35202119276,hurricane_cat5_maria_like
Rincón,West,2025,14661.709639539245,14740.653156467653,14926.698698594158,15149.791111415216,15349.33527035495,15507.307566949206,15595.660442710667,hurricane_cat5_maria_like
Rincón,West,2026,13823.593518957256,14096.494111514532,14286.092982385546,14544.172578364934,14824.423385436125,15010.34279922528,15162.274420471387,hurricane_cat5_maria_like
Rincón,West,2027,13469.100785853208,13651.359372002926,13930.394358771158,14250.398476663377,14500.247494512145,14709.906273855437,14837.937979522365,hurricane_cat5_maria_like
Rincón,West,2028,13217.675795725481,13404.612906249116,13734.880615289207,14031.480286993718,14343.611403082521,14661.599473513192,14803.88623294053,hurricane_cat5_maria_like
Rincón,West,2029,13058.174689747397,13292.251830123321,13606.65196686601,13918.239405457647,14210.16506691965,14579.530577435078,14875.716039781908,hurricane_cat5_maria_like
Rincón,West,2030,12918.89726076997,13123.752420768646,13439.75897006366,13777.037107217613,14069.508312241986,14460.339787835825,14620.377633775677,hurricane_cat5_maria_like
Río Grande,East,2025,44592.66331352104,44748.783560582786,44943.10817600785,45303.076789010025,45550.290809060025,45815.13340939027,46001.472386118396,hurricane_cat5_maria_like
Río Grande,East,2026,41989.66876079667,42192.764165640416,42463.027705037835,42805.78853857675,43108.02628118791,43472.65846809205,43598.82892707976,hurricane_cat5_maria_like
Río Grande,East,2027,40408.43216129599,40578.390708896884,40853.79692780305,41267.887429895956,41735.644713895854,41951.39798379035,42190.34351027558,hurricane_cat5_maria_like
Río Grande,East,2028,39286.63705718962,39489.03168434644,39848.864837163725,40308.18680408479,40853.67542518362,41083.61800760479,41273.03761896158,hurricane_cat5_maria_like
Río Grande,East,2029,38589.709079699925,38755.14047591505,39197.09933223242,39750.68012212416,40246.682546777985,40664.14685543316,40869.4291946718,hurricane_cat5_maria_like
Río Grande,East,2030,37847.93807038392,38240.64224112021,38558.08783666066,39078.85967134051,39557.874346112156,40009.3719035827,40261.735285945,hurricane_cat5_maria_like
Sabana Grande,West,2025,21743.595693400785,21838.481077548055,21976.608971686488,22199.845785488684,22376.155516961237,22545.691024851276,22681.39157301025,hurricane_cat5_maria_like
Sabana Grande,West,2026,20761.4801497312,20904.505561925453,21112.975706319285,21316.418101454463,21578.779600340607,21756.55013205682,21906.16391748069,hurricane_cat5_maria_like
Sabana Grande,West,2027,20358.41235292975,20516.137157060053,20747.999077206525,20986.98589484315,21274.146642811254,21523.220888689495,21654.57828522118,hurricane_cat5_maria_like
Sabana Grande,West,2028,20183.945110978617,20310.23813145566,20652.227482854192,20845.989728128443,21141.36581700584,21357.872077735912,21614.967450585646,hurricane_cat5_maria_like
Sabana Grande,West,2029,19988.472433795134,20125.041281435275,20408.12851170884,20717.366728370333,20996.676448786726,21349.63553308325,21491.385955190846,hurricane_cat5_maria_like
Sabana Grande,West,2030,19752.606836392017,19965.573276470703,20170.592039119427,20484.43177084702,20880.394503415966,21160.53418970461,21300.693545053426,hurricane_cat5_maria_like
Salinas,South,2025,24350.317318401452,24424.645032204346,24602.397091065126,24780.2321641926,24977.312875010204,25128.697123509595,25197.825819393598,hurricane_cat5_maria_like
Salinas,South,2026,23100.084755579668,23238.337993530895,23446.174853212488,23656.02159477894,23934.1337326535,24214.731616720874,24289.21120605132,hurricane_cat5_maria_like
Salinas,South,2027,22378.728309939655,22445.09635600679,22662.35697135722,22943.07472464229,23275.999009250474,23438.15397368521,23581.18635552586,hurricane_cat5_maria_like
Salinas,South,2028,21674.26639226119,21861.165148223972,22144.749267679606,22418.26648700668,22800.438362806388,23048.308965607346,23232.24655998296,hurricane_cat5_maria_like
Salinas,South,2029,21399.968231800678,21513.720100602117,21781.174751367136,22137.30887312306,22471.193719811054,22817.320571412994,22935.60095070529,hurricane_cat5_maria_like
Salinas,South,2030,20953.19374898475,21157.754291781737,21436.404668506308,21799.810696477158,22191.953761205616,22407.748280448257,22554.74254344408,hurricane_cat5_maria_like
San Germán,West,2025,30423.124526515112,30554.891992943358,30779.89484168149,31066.694593038213,31305.35295961488,31515.397345175374,31703.975960553587,hurricane_cat5_maria_like
San Germán,West,2026,28940.559734051487,29161.84063647803,29417.419952176235,29791.636896316217,30156.997997541774,30365.101854791537,30529.030579351343,hurricane_cat5_maria_like
San Germán,West,2027,28287.00867156611,28481.17452009663,28718.180578074498,29197.880642779113,29604.098924582064,29899.923644460443,30089.086985987367,hurricane_cat5_maria_like
San Germán,West,2028,27894.90389245726,28084.040126108528,28364.328260665443,28888.064347676234,29359.498556882034,29755.10192914545,29973.432891990156,hurricane_cat5_maria_like
San Germán,West,2029,27469.21356229119,27846.15766599102,28227.956316283024,28700.944055799468,29283.988141769565,29642.91088307332,29791.991735867214,hurricane_cat5_maria_like
San Germán,West,2030,27284.343496825328,27452.73050835738,27880.321602073735,28419.58104051276,28912.69107108293,29496.818107772826,29717.75127214896,hurricane_cat5_maria_like
San Juan,Metro,2025,324583.43237145443,325350.14322119375,328603.73951285053,331923.6155816043,335224.8627539123,337711.42493358155,339270.1722752749,hurricane_cat5_maria_like
San Juan,Metro,2026,305335.1387448797,308317.2550538123,312388.571177137,316954.3049110236,321936.90845222835,325066.95982353314,327226.13935892936,hurricane_cat5_maria_like
San Juan,Metro,2027,297818.86955715576,300167.09926430625,304725.29744459316,309406.89516888105,313735.1177744443,317900.0596902562,321757.49711995135,hurricane_cat5_maria_like
San Juan,Metro,2028,292386.59244162973,296286.2084175711,301644.4119970701,306058.9853448563,310665.4440886876,316185.8233445305,320745.3799268717,hurricane_cat5_maria_like
San Juan,Metro,2029,288794.7072620286,293821.93377062195,298443.26382920553,303694.6826641508,308799.686337915,313804.9234054444,317304.6437925592,hurricane_cat5_maria_like
San Juan,Metro,2030,284325.0866530373,288521.49036842294,293590.03817267006,299670.8227307084,305545.57171503693,311202.6797199726,314181.9579027076,hurricane_cat5_maria_like
San Lorenzo,East,2025,35845.61675657278,36029.33903014086,36359.22398857453,36629.682409365756,36920.79555496287,37171.8424201056,37317.17907536806,hurricane_cat5_maria_like
San Lorenzo,East,2026,33671.348713116495,33908.990779219785,34222.11267004345,34665.83740283888,35003.2736844652,35402.18883445372,35673.22349196549,hurricane_cat5_maria_like
San Lorenzo,East,2027,32314.50841724512,32565.42226854548,32956.01889455847,33420.31480385363,33852.67803831244,34279.06115426636,34398.824450964516,hurricane_cat5_maria_like
San Lorenzo,East,2028,31371.501867875202,31679.38426413899,32128.692470292488,32631.77727133447,33184.850456793676,33625.32438582576,33807.13460943752,hurricane_cat5_maria_like
San Lorenzo,East,2029,30907.57638537591,31147.559418789726,31604.68581087255,32214.338853828565,32687.097124627548,33133.64037174133,33297.360116104916,hurricane_cat5_maria_like
San Lorenzo,East,2030,30070.360651024028,30557.661862329176,31146.23426858753,31752.96887735289,32201.599758704295,32609.161146786802,32889.82135549192,hurricane_cat5_maria_like
San Sebastián,West,2025,37400.94280872267,37694.15048278118,38123.87070385984,38547.18400577282,38966.21349675728,39345.735407746506,39686.87725719391,hurricane_cat5_maria_like
San Sebastián,West,2026,35582.345094909026,35883.04428607182,36355.621678968964,37017.60768984037,37482.47069798846,38004.58028866456,38409.35644294701,hurricane_cat5_maria_like
San Sebastián,West,2027,34474.24909934719,34942.86003473572,35791.880577741445,36477.183814658,37136.514237134514,37611.383757732205,38064.71666490482,hurricane_cat5_maria_like
San Sebastián,West,2028,33851.87802232066,34512.79105305882,35251.78473212662,36015.32386121331,36845.63846491069,37451.00426535455,37703.131800819625,hurricane_cat5_maria_like
San Sebastián,West,2029,33253.68417791674,33554.80342848415,34729.67071046883,35679.20239696867,36464.99110086913,37182.17142665862,37399.103953145976,hurricane_cat5_maria_like
San Sebastián,West,2030,32766.413854560404,33408.66866053492,34210.496252319805,35173.93371959433,36144.37828089384,36913.41661972143,37472.40418926861,hurricane_cat5_maria_like
Santa Isabel,South,2025,19306.286458768504,19385.52718411066,19496.81710149058,19642.765437059308,19783.181333321416,19916.647894705296,20014.856130743094,hurricane_cat5_maria_like
Santa Isabel,South,2026,18251.90683565629,18353.956249707306,18540.003984457006,18779.92412198393,18964.62132248097,19121.158112558383,19190.73203802625,hurricane_cat5_maria_like
Santa Isabel,South,2027,17673.59675775134,17778.475847870555,17963.042382771277,18241.213602761985,18458.76497760034,18659.072271647456,18786.05445803035,hurricane_cat5_maria_like
Santa Isabel,South,2028,17186.9908044913,17321.027709206053,17547.229451067138,17896.709452680938,18116.568573043187,18263.30798453625,18341.94093804709,hurricane_cat5_maria_like
Santa Isabel,South,2029,16934.940765541043,17054.57385175342,17314.984849331413,17541.311573163082,17903.09306599416,18101.037608769977,18227.52294750707,hurricane_cat5_maria_like
Santa Isabel,South,2030,16576.86450958183,16737.306366108707,17038.256566933636,17307.07499536818,17631.445493164672,17874.97020653741,18099.47498482805,hurricane_cat5_maria_like
Toa Alta,Metro,2025,64164.85764612174,64471.21434768971,64936.812001073835,65659.7420465186,66270.48200299412,66822.9381317878,67192.34213595714,hurricane_cat5_maria_like
Toa Alta,Metro,2026,60556.11520225939,60971.800537165385,61716.506795629124,62713.196323662945,63450.01418068004,64448.13803576093,65066.475469775156,hurricane_cat5_maria_like
Toa Alta,Metro,2027,59052.170503930065,59462.49009650954,60187.28456406461,61229.56106024241,62093.6926765856,63138.80184682015,63472.369868426715,hurricane_cat5_maria_like
Toa Alta,Metro,2028,57665.17460821722,58313.178579572595,59482.39783510342,60513.49533698469,61679.326409489215,62338.26669034566,62726.00418922667,hurricane_cat5_maria_like
Toa Alta,Metro,2029,57376.1952995805,57932.234706806215,58910.59028578792,59966.15716339931,60990.8823651983,62044.61578818455,62528.73198239747,hurricane_cat5_maria_like
Toa Alta,Metro,2030,56274.96137887404,56906.370550208536,57829.22966588993,59010.43060430784,60368.89619494519,61146.15323756713,61677.50727661399,hurricane_cat5_maria_like
Toa Baja,Metro,2025,71436.49726482121,71606.22124246051,72014.92781571746,72550.73433409931,72974.98320587273,73354.9517865688,73619.12849846028,hurricane_cat5_maria_like
Toa Baja,Metro,2026,68488.75270582068,68637.40475986498,69087.59894010345,69745.77918089996,70310.5010579872,70885.62021241082,71312.3603871784,hurricane_cat5_maria_like
Toa Baja,Metro,2027,66485.2125893519,66721.80340602646,67322.77643960886,67917.36509127176,68483.06939418783,69133.56047179259,69549.24504180605,hurricane_cat5_maria_like
Toa Baja,Metro,2028,65431.518515678756,65843.3944400801,66449.21595596947,67103.50551522251,67886.71438874168,68541.6769453844,69183.11374652528,hurricane_cat5_maria_like
Toa Baja,Metro,2029,64923.26553308933,65163.529774525894,65938.82432061169,66652.49036283279,67362.2286242572,68106.491731654,68712.5118057069,hurricane_cat5_maria_like
Toa Baja,Metro,2030,64214.09565981717,64342.14244829314,64956.715118533895,65870.77430402584,66568.6319553052,67269.20852603992,67865.77547750396,hurricane_cat5_maria_like
Trujillo Alto,Metro,2025,64387.17297733564,64700.75937340474,65356.09416370272,65882.71746507252,66551.99325215742,67327.27180026143,67797.49498397013,hurricane_cat5_maria_like
Trujillo Alto,Metro,2026,61158.5854060551,61475.12369759331,62115.907698792245,62886.88582476412,63636.042221916345,64343.337698222334,64803.66703782897,hurricane_cat5_maria_like
Trujillo Alto,Metro,2027,59372.01415450803,59735.25327542463,60727.72104618246,61525.94528214637,62318.53716405407,63132.82097350296,63972.54102227889,hurricane_cat5_maria_like
Trujillo Alto,Metro,2028,57998.18451387608,58903.77109820781,59724.187510997275,60714.611263159415,61692.506195810456,62848.82879965827,63108.053904901244,hurricane_cat5_maria_like
Trujillo Alto,Metro,2029,57352.106322574065,58317.847185371604,59390.79095877144,60387.09197961159,61150.0597500237,62356.023169066255,62963.29627536711,hurricane_cat5_maria_like
Trujillo Alto,Metro,2030,57229.65262897856,57471.944059979876,58510.22015245387,59581.99569593034,60805.74373814302,61523.2768050442,61942.408372447164,hurricane_cat5_maria_like
Utuado,Central Mountains,2025,26928.902370662276,27064.73366865728,27254.254917773727,27460.749650733647,27645.77825137052,27789.649377697577,27875.24385402911,hurricane_cat5_maria_like
Utuado,Central Mountains,2026,25789.570041250976,25958.98206077772,26131.164128063305,26353.172658056836,26624.742636781008,26858.468081927786,26981.79660278082,hurricane_cat5_maria_like
Utuado,Central Mountains,2027,25209.341529899953,25360.945738606144,25582.866741747843,25841.787592954184,26155.353630677193,26359.025978212365,26502.997390508153,hurricane_cat5_maria_like
Utuado,Central Mountains,2028,25001.714370671816,25114.805338866376,25364.262744959175,25667.693971447472,26037.570092543076,26305.294849909144,26391.92621265664,hurricane_cat5_maria_like
Utuado,Central Mountains,2029,24630.255100982435,24868.059836469605,25063.85119875017,25474.42108006426,25827.213549469165,26100.45203467383,26204.925820477576,hurricane_cat5_maria_like
Utuado,Central Mountains,2030,24215.6393251213,24431.042719059922,24750.634661315828,25099.634624194645,25565.489363664907,25769.88662163724,25900.98850509928,hurricane_cat5_maria_like
Vega Alta,North,2025,34161.76608096189,34251.783744619424,34444.17660692334,34644.121583351436,34883.51542802612,35117.23914394924,35234.19953476756,hurricane_cat5_maria_like
Vega Alta,North,2026,32665.005990852515,32794.42804162558,32982.33482145609,33268.76471723105,33531.87867405148,33704.705528498,33877.89687412161,hurricane_cat5_maria_like
Vega Alta,North,2027,31811.885707985883,31963.197866583138,32284.44122145221,32581.21341928326,32812.15887859145,32997.193299310406,33101.754207109705,hurricane_cat5_maria_like
Vega Alta,North,2028,31373.161895819187,31590.631146794603,31898.13172350112,32216.672712756626,32483.796994487722,32739.957282909636,32929.76342932705,hurricane_cat5_maria_like
Vega Alta,North,2029,31119.871454408265,31302.31198109512,31597.77014858722,32015.426801627167,32358.511513861253,32562.56132714625,32853.99725145964,hurricane_cat5_maria_like
Vega Alta,North,2030,30622.650369476192,30847.65668119983,31214.31937221334,31681.106148832245,31991.063765288047,32224.043222853204,32483.685815886274,hurricane_cat5_maria_like
Vega Baja,North,2025,51465.4760327455,51851.308415041596,52415.27189819982,53056.28551822738,53570.22248988827,54211.38496902227,54617.01584281626,hurricane_cat5_maria_like
Vega Baja,North,2026,48884.43309823272,49392.973105934914,50205.46082382054,50955.510624103525,51731.14167222275,52528.47892125215,53136.95587542139,hurricane_cat5_maria_like
Vega Baja,North,2027,47901.15441382885,48352.70124234382,48965.69216698474,49899.25838419406,50689.38510546327,51540.48132297321,51966.297674130044,hurricane_cat5_maria_like
Vega Baja,North,2028,46820.28106887044,47259.211175987446,48239.179164462796,49216.02054235244,50213.93597795649,51064.51330766513,51593.91561633667,hurricane_cat5_maria_like
Vega Baja,North,2029,46196.778230481614,46859.92847556221,47727.416513533884,48867.33581307311,49945.0089475559,50683.156159617225,51340.15753801748,hurricane_cat5_maria_like
Vega Baja,North,2030,45338.122965056864,46145.95397791998,47358.01549139732,48462.938772180794,49577.27352933171,50356.905448733894,51114.654617236396,hurricane_cat5_maria_like
Vieques,East,2025,7843.56885051821,7858.817322688799,7899.535792806648,7933.959750763905,7967.599344280629,8021.064861041312,8041.968984585777,hurricane_cat5_maria_like
Vieques,East,2026,7362.3666986424005,7392.017752112244,7444.755897888827,7496.9070441095355,7549.780508014566,7598.751899620351,7615.30813534128,hurricane_cat5_maria_like
Vieques,East,2027,7068.568998140709,7121.662864544172,7163.963296087214,7229.332560604411,7299.693811333832,7359.292682515195,7401.851157719486,hurricane_cat5_maria_like
Vieques,East,2028,6906.9914763002,6937.023735514063,6993.760307564577,7069.410841297078,7137.181071268095,7212.024392376839,7261.047682704113,hurricane_cat5_maria_like
Vieques,East,2029,6810.684143314955,6837.758165018373,6887.475795289603,6958.449841951478,7041.778702327462,7102.56901762799,7160.300549927383,hurricane_cat5_maria_like
Vieques,East,2030,6683.303566735259,6718.371806222951,6785.852020208574,6854.573211918566,6934.612785500019,7024.581515703791,7064.780961192695,hurricane_cat5_maria_like
Villalba,South,2025,20898.20576805578,21018.852276758975,21115.048330832247,21271.54158662995,21433.982468377853,21547.842060555657,21617.637365977356,hurricane_cat5_maria_like
Villalba,South,2026,19835.96684075368,19940.59952438136,20127.990935553058,20302.14370583598,20551.91553473098,20728.07546733873,20812.8967077668,hurricane_cat5_maria_like
Villalba,South,2027,19237.33397904393,19319.107348860423,19477.556055637717,19736.954273800304,19967.857702889116,20207.65922540436,20270.770628279366,hurricane_cat5_maria_like
Villalba,South,2028,18629.445230601286,18858.375386724372,19112.196532705628,19340.199221841667,19618.750731665557,19892.348234586054,20062.782923621216,hurricane_cat5_maria_like
Villalba,South,2029,18451.96467952103,18594.201426300995,18831.7609744509,19090.39875850466,19388.498759414288,19651.442193274677,19792.253832930382,hurricane_cat5_maria_like
Villalba,South,2030,18160.665684030406,18308.21995535835,18534.96166597542,18822.55190693512,19115.287014438745,19378.17989541252,19541.266156261627,hurricane_cat5_maria_like
Yabucoa,East,2025,28390.55605966272,28469.945128404557,28647.765755113924,28852.629895057475,29063.046490677756,29243.95699937424,29363.232367856333,hurricane_cat5_maria_like
Yabucoa,East,2026,26710.352646794796,26867.159189164333,27121.26578914398,27436.373267971623,27678.17758096939,27968.548346781907,28023.677208387435,hurricane_cat5_maria_like
Yabucoa,East,2027,25614.566787750784,25826.774688253157,26043.84268428704,26399.27220664145,26730.52646207236,27020.73056872417,27182.994274850054,hurricane_cat5_maria_like
Yabucoa,East,2028,24949.342001613022,25114.44394466743,25425.94588939601,25784.52254427752,26133.775053819772,26504.707814557707,26694.866084274872,hurricane_cat5_maria_like
Yabucoa,East,2029,24455.48066088628,24687.49816573431,24959.47420567568,25313.75862691911,25748.016919732632,26127.23038710491,26516.5367410551,hurricane_cat5_maria_like
Yabucoa,East,2030,23960.260054628132,24139.476900254893,24506.267824357587,24946.60634504468,25313.23708705781,25801.12938854077,25999.521084714648,hurricane_cat5_maria_like
Yauco,South,2025,32165.137019265014,32274.25046068148,32447.038856903164,32675.330091405558,32823.32676504263,33046.951446263156,33248.48890134042,hurricane_cat5_maria_like
Yauco,South,2026,30580.073131237907,30735.676394793136,30954.844596071634,31227.27233657077,31502.982806945558,31768.3391669335,31885.22447180399,hurricane_cat5_maria_like
Yauco,South,2027,29498.06506742538,29776.223323728464,29996.233247003394,30348.251670229452,30648.0343864723,30994.3088172604,31188.659368229317,hurricane_cat5_maria_like
Yauco,South,2028,28854.213080646285,29066.961239695975,29311.170200107947,29704.219114312084,30077.352522897985,30338.904105881433,30676.64768458224,hurricane_cat5_maria_like
Yauco,South,2029,28455.145689793757,28707.90550829045,29063.94161002129,29361.84976689778,29703.160956541597,30117.849798797324,30403.373536743988,hurricane_cat5_maria_like
Yauco,South,2030,28050.232972526155,28261.237431391684,28631.31043081476,28973.40207864898,29422.699035833048,29836.610217254427,30049.072702570375,hurricane_cat5_maria_like
Adjuntas,Central Mountains,2025,17363.523419956786,17436.449446026836,17539.80329575306,17660.255460107128,17784.90108487124,17917.704988478097,17981.308697631284,earthquake_m6_0
Adjuntas,Central Mountains,2026,17063.728716886395,17136.038903381963,17262.40038199078,17372.920505251546,17525.418035358398,17628.524638545285,17727.552798648652,earthquake_m6_0
Adjuntas,Central Mountains,2027,16900.74509831375,16970.928594108933,17128.61563882164,17303.806832537335,17463.873782309398,17582.063000123468,17659.222766094128,earthquake_m6_0
Adjuntas,Central Mountains,2028,16646.414354866127,16743.9313403992,16936.211639512814,17142.551380225195,17343.863321728466,17516.077910839696,17603.930097195407,earthquake_m6_0
Adjuntas,Central Mountains,2029,16432.9529497218,16521.907020484858,16687.318008282804,16947.910269652428,17132.04048309975,17324.73613576105,17490.713044060525,earthquake_m6_0
Adjuntas,Central Mountains,2030,16166.861745482827,16308.299207929245,16518.57003307302,16700.73475314842,16948.720883934824,17129.581635858034,17209.860754056015,earthquake_m6_0
Aguada,West,2025,36591.49254800582,36722.48242756787,37005.236365965,37220.0990596391,37463.49487643577,37736.535134919046,37849.25367602422,earthquake_m6_0
Aguada,West,2026,35772.29519815212,35989.95969783995,36247.2667457719,36563.47766932033,36906.279671856435,37190.39860816223,37475.01533200471,earthquake_m6_0
Aguada,West,2027,35359.73483380558,35626.036074490185,35911.87770511171,36302.726040604844,36587.282472484374,37014.68289766135,37139.61688301247,earthquake_m6_0
Aguada,West,2028,34836.96074164395,35032.06559134708,35416.18672325783,35756.378281553334,36125.581669177,36513.56539062147,36844.6903704394,earthquake_m6_0
Aguada,West,2029,34353.35236630511,34563.10552310325,34914.635867923935,35362.93815314516,35764.138026727655,36161.19892933202,36500.9895543995,earthquake_m6_0
Aguada,West,2030,33720.647360127055,33983.2468483813,34418.80072921425,34872.62048012085,35337.51769547629,35799.600598897865,36026.272883841484,earthquake_m6_0
Aguadilla,West,2025,51652.215457876315,52189.11185133421,52889.25459675427,53577.705447518965,54190.27270218245,54720.87281080617,55476.547170264515,earthquake_m6_0
Aguadilla,West,2026,50534.33633558915,51076.3439752015,51751.23932576963,52535.54715205352,53396.496831691606,54106.15485474609,54553.83604278737,earthquake_m6_0
Aguadilla,West,2027,49865.34755989096,50216.03443974654,51075.34246680399,52020.370934107166,52768.355861891556,53725.90199090215,54118.81776553525,earthquake_m6_0
Aguadilla,West,2028,49064.49431557366,49434.35927072741,50265.65489132927,51296.41545104844,52474.23346237468,53451.05970190353,54044.918335021786,earthquake_m6_0
Aguadilla,West,2029,48017.47029634385,48817.01762045923,49644.934164660874,50746.17689723378,52052.66836102534,52580.23426518201,53652.427378407265,earthquake_m6_0
Aguadilla,West,2030,47019.302385542534,47779.2289696006,49103.87465804677,50228.04896414574,51145.61674444101,52534.18810447042,53166.58361797348,earthquake_m6_0
Aguas Buenas,Central Mountains,2025,23123.4739966171,23187.000585461472,23330.45388226906,23447.754291123012,23588.124231720547,23704.66729255027,23753.772279158286,earthquake_m6_0
Aguas Buenas,Central Mountains,2026,22660.545388886632,22722.58913001651,22886.126576371636,23089.319107237145,23246.6829626138,23432.029194944327,23514.41734927461,earthquake_m6_0
Aguas Buenas,Central Mountains,2027,22393.03571518934,22430.796771905105,22555.120751130562,22768.654826853654,22962.681133033075,23121.24694257372,23231.349123146425,earthquake_m6_0
Aguas Buenas,Central Mountains,2028,22000.74357367604,22157.15775270716,22307.527200826487,22515.06003755195,22700.96024127252,22830.03540715751,22969.10217818073,earthquake_m6_0
Aguas Buenas,Central Mountains,2029,21788.7893167959,21874.21230180987,22022.319536692645,22251.031429446044,22491.620886079778,22667.32038418995,22761.725369723386,earthquake_m6_0
Aguas Buenas,Central Mountains,2030,21363.768742872384,21490.992267866288,21784.43895533194,21977.84228962512,22224.611902596567,22392.37058318787,22564.19890389347,earthquake_m6_0
Aibonito,Central Mountains,2025,23475.070345760883,23718.54315907238,23961.429223077786,24273.7298141175,24605.47040296777,24790.962896795074,25095.13294090905,earthquake_m6_0
Aibonito,Central Mountains,2026,22842.297349681503,22981.371828784926,23269.919672570144,23780.491407751204,24189.72645515095,24569.197484928874,24676.117046396164,earthquake_m6_0
Aibonito,Central Mountains,2027,22389.058804296787,22695.227081947978,23047.324979972855,23517.8651609356,23917.635377451443,24358.109172763296,24623.658110789544,earthquake_m6_0
Aibonito,Central Mountains,2028,22015.26664468686,22195.02641737963,22695.960469111975,23245.514548359904,23809.893383748476,24168.11997823397,24560.585662986483,earthquake_m6_0
Aibonito,Central Mountains,2029,21587.218242938612,21763.620334024963,22321.416988163353,22902.718137705,23476.923197254022,24098.325931163345,24623.141044498334,earthquake_m6_0
Aibonito,Central Mountains,2030,21156.67646000874,21421.764606398807,22029.227569874984,22752.74360629983,23434.44763648534,23936.822458427283,24466.122172446383,earthquake_m6_0
Arecibo,North,2025,83392.63644592416,83760.62195955946,84540.23087466639,85447.22550574515,86304.87561411443,87182.64971375231,87522.0659226542,earthquake_m6_0
Arecibo,North,2026,80792.36656186155,81914.95847613655,82871.80682317061,83970.2176281318,85032.25974782639,85786.89983199595,86680.91887146686,earthquake_m6_0
Arecibo,North,2027,80271.36560702459,80924.46777747358,82002.3429363818,83277.92227133128,84325.3211448905,85533.76879593765,85894.08060032237,earthquake_m6_0
Arecibo,North,2028,78843.52047351403,79915.14360338605,81033.41484271969,82372.4656556973,83774.9164013836,85031.92484679354,85766.45794155974,earthquake_m6_0
Arecibo,North,2029,77924.21697692227,78597.62354237189,79895.35739280801,81289.79727315975,82947.6233818338,84217.59629889809,85127.1989128378,earthquake_m6_0
Arecibo,North,2030,76581.17610770767,77531.16214918763,78912.48607704625,80442.45031993528,82059.21511046299,83428.99795510541,84417.77573200122,earthquake_m6_0
Arroyo,South,2025,14744.273330199549,14862.245548465025,14979.60944715561,15116.061063379519,15237.227967508048,15368.597428291621,15486.58443299984,earthquake_m6_0
Arroyo,South,2026,14170.468213752583,14387.124486203269,14562.985215480068,14774.5278113407,14909.976204830426,15121.193951378802,15249.054334955288,earthquake_m6_0
Arroyo,South,2027,13809.058935147757,14022.48922262209,14246.01448355028,14463.628249229969,14668.159040466286,14909.655905711063,15032.121834244997,earthquake_m6_0
Arroyo,South,2028,13505.004510392484,13696.309000256502,13934.387168490925,14200.70433369341,14453.332661535533,14654.24454504902,14808.622916355378,earthquake_m6_0
Arroyo,South,2029,13304.575997715225,13413.474541066753,13616.48476959329,13942.168413992673,14237.65208861674,14496.053243763996,14722.720596387437,earthquake_m6_0
Arroyo,South,2030,12986.784199211188,13130.456155958283,13385.156890110902,13674.835166226114,13996.935887684336,14307.08771428377,14423.395407796612,earthquake_m6_0
Añasco,West,2025,24615.285566424292,24675.632728600987,24793.63617866204,24950.566796106796,25074.27818239054,25204.260749674184,25255.93341400561,earthquake_m6_0
Añasco,West,2026,24078.866462298087,24190.963338330817,24309.933301372956,24494.50881413074,24684.92800178791,24827.148192625627,24878.086555841495,earthquake_m6_0
Añasco,West,2027,23793.256735628176,23872.108933723186,24009.12595347452,24179.592227894354,24350.68063099525,24547.94672200405,24674.411060187616,earthquake_m6_0
Añasco,West,2028,23527.542879359007,23582.426043428877,23733.868835293026,23950.435016402596,24149.17630188841,24441.705881626396,24512.87378685018,earthquake_m6_0
Añasco,West,2029,23103.72329900372,23252.149369659128,23422.097245064084,23694.877594864374,23884.328589104727,24110.22690724058,24205.82086622096,earthquake_m6_0
Añasco,West,2030,22771.428637791836,22884.455610576315,23105.1986676317,23324.35243024093,23604.208998943126,23817.565114024907,23991.503686392207,earthquake_m6_0
Barceloneta,North,2025,21812.635927466377,21946.756086880072,22106.128728521566,22262.20092047443,22434.060650098538,22634.61640834374,22717.731042637995,earthquake_m6_0
Barceloneta,North,2026,21306.45493793186,21448.82687879829,21607.28532519094,21861.423764370178,22071.485922226908,22278.36812212562,22426.857017920156,earthquake_m6_0
Barceloneta,North,2027,21025.149236357436,21161.492595770844,21381.515131706423,21576.485422200363,21912.73304255992,22133.99878125167,22292.405807306688,earthquake_m6_0
Barceloneta,North,2028,20720.599044242626,20880.49820197509,21141.68000845391,21426.426049144342,21649.41396121961,21871.030427887392,22078.383699898215,earthquake_m6_0
Barceloneta,North,2029,20491.922164716965,20629.796432343002,20888.17256143712,21118.791102599727,21406.748650376172,21727.211014577417,21888.33781071517,earthquake_m6_0
Barceloneta,North,2030,20188.10159759338,20319.865672133685,20601.56627448044,20855.88467314229,21157.525267053374,21422.49393623618,21670.758758904598,earthquake_m6_0
Barranquitas,Central Mountains,2025,28079.508390795785,28168.28412480776,28398.707751144735,28580.56796083674,28792.446778779347,29017.201484802936,29072.021866343814,earthquake_m6_0
Barranquitas,Central Mountains,2026,27344.749969655222,27541.93680259267,27816.00737933268,28138.30564882271,28366.809079413142,28625.976343497754,28746.099791414857,earthquake_m6_0
Barranquitas,Central Mountains,2027,26973.656530203047,27152.269355187713,27521.07194513184,27894.837672691065,28175.1520147045,28379.466712374706,28435.854155849207,earthquake_m6_0
Barranquitas,Central Mountains,2028,26706.143015483896,26853.54244541415,27164.476850927924,27533.685196463128,27886.540804176922,28173.457725555727,28304.68357022291,earthquake_m6_0
Barranquitas,Central Mountains,2029,26301.665735181075,26493.425721790452,26821.993451970557,27231.23619343871,27566.56978345059,27860.877290731103,28143.948617271846,earthquake_m6_0
Barranquitas,Central Mountains,2030,25795.59288324121,26092.831387371854,26505.502392813156,26990.850273040793,27341.30195968192,27726.917694571322,28063.1810257554,earthquake_m6_0
Bayamón,Metro,2025,175029.3780650814,175948.28528183748,178191.84320123488,180161.9423850139,182163.21151465696,183897.55562887402,184528.15280505057,earthquake_m6_0
Bayamón,Metro,2026,169963.9542211725,170916.85030934363,173444.78303683712,176423.8932192354,178592.20379775515,182431.66566766187,183252.6416506134,earthquake_m6_0
Bayamón,Metro,2027,166797.78758170473,167866.676452417,170838.34211280732,173642.44614850485,177141.96554058857,179700.3181695391,180983.5930618982,earthquake_m6_0
Bayamón,Metro,2028,163629.79260429085,164958.96490027898,167975.33289948723,171128.7796848264,174886.90070248448,178940.7267442329,180784.87081950216,earthquake_m6_0
Bayamón,Metro,2029,161234.59288405962,162403.60324895446,166005.7195997629,169471.23049118975,173621.8591495923,177395.63936936978,179136.03344146704,earthquake_m6_0
Bayamón,Metro,2030,158792.64335999437,160081.73284116204,162706.49875952708,167731.45886358523,172501.85505247762,175896.3789138348,177116.1124945545,earthquake_m6_0
Cabo Rojo,West,2025,45673.61753950681,45852.252845972565,46060.8517088723,46284.39801844472,46550.67406511024,46816.78958696622,46998.068711953805,earthquake_m6_0
Cabo Rojo,West,2026,44784.13872997519,44932.97058982725,45125.85996847038,45430.76253381948,45736.377411176894,46110.100268675895,46238.38073281328,earthquake_m6_0
Cabo Rojo,West,2027,44384.45015926985,44544.47329854355,44747.69591024979,45070.524693934785,45360.87017742787,45687.89525820469,45838.081218760024,earthquake_m6_0
Cabo Rojo,West,2028,44080.2092804614,44174.55947460665,44456.27932800773,44746.950630414016,45086.84002138977,45545.239551059014,45702.51647770974,earthquake_m6_0
Cabo Rojo,West,2029,43347.376373873914,43442.76370096523,43804.73059636505,44156.48823810409,44497.46095525134,44922.26028507756,45052.34561417698,earthquake_m6_0
Cabo Rojo,West,2030,42375.85887322138,42709.7123159543,43070.32969097363,43509.46522438944,43951.96410911846,44199.95079147087,44484.64569843797,earthquake_m6_0
Caguas,East,2025,120984.97837766906,121393.9204572254,122316.78821097486,123125.33538539006,123905.09817943072,124626.60636528626,125091.53191740683,earthquake_m6_0
Caguas,East,2026,117581.81583568093,118247.71258401354,119038.47178938243,120207.97938937934,121124.68743223808,122099.37353619403,122529.22285611568,earthquake_m6_0
Caguas,East,2027,115432.62796688586,115964.03947496407,116904.95403277793,118016.73479802081,119154.11345419887,120103.70536848488,120797.57135929592,earthquake_m6_0
Caguas,East,2028,113148.06585672326,113786.16728011888,114942.40885393252,116196.72465971622,117279.68923219055,118434.7274880024,119338.95204792591,earthquake_m6_0
Caguas,East,2029,111091.14473169323,111821.06776876307,112818.82110634248,113839.72914212284,115419.44764209256,116816.08256486824,117996.60009348382,earthquake_m6_0
Caguas,East,2030,108765.64740558396,109655.1113039841,110846.01984772943,112490.20357019102,113684.79330822563,114754.63440364844,115433.58472779984,earthquake_m6_0
Camuy,North,2025,31219.98275018689,31534.564870987026,31845.324456845905,32264.35372921107,32672.97051824947,32883.68425444413,33081.15983091521,earthquake_m6_0
Camuy,North,2026,30576.407010633204,30814.20376055442,31264.308932125055,31746.621440140894,32141.595002936876,32515.128643912183,32701.645395750784,earthquake_m6_0
Camuy,North,2027,30254.490937838913,30587.56762512629,31088.661148416322,31463.560808329705,31833.284497921675,32248.947236931377,32526.917038045503,earthquake_m6_0
Camuy,North,2028,29804.693991015127,30049.55348352815,30598.131605496324,31054.035011850276,31644.994914832903,32139.396496515572,32390.7545401569,earthquake_m6_0
Camuy,North,2029,29366.049734143828,29738.105122900077,30132.846144315496,30798.214270770208,31322.16784486889,31782.70635664832,32033.40840001612,earthquake_m6_0
Camuy,North,2030,28983.871880700557,29256.44840198275,29774.044201995603,30412.957021232563,31022.28143523217,31519.56719046764,31916.754890902674,earthquake_m6_0
Canóvanas,East,2025,40174.90110670843,40325.621665894825,40662.066231028744,40987.15891178219,41357.7711291344,41627.00380080958,41808.33428720614,earthquake_m6_0
Canóvanas,East,2026,38953.06427381454,39049.87893241537,39404.904293912085,40015.55087477421,40408.31940194179,40727.94493533318,41101.05532050775,earthquake_m6_0
Canóvanas,East,2027,37983.45556075622,38274.91505424079,38763.85503168767,39187.02631285192,39616.04164486809,40149.11164046819,40395.45285014888,earthquake_m6_0
Canóvanas,East,2028,37212.29333940133,37510.87456948592,37942.963171085954,38574.1477277634,39192.38248266248,39670.84329917058,39915.83211699177,earthquake_m6_0
Canóvanas,East,2029,36245.506580992114,36562.00897539497,37243.40028317036,37885.46283829091,38501.593325055306,38977.92824953446,39298.05697374127,earthquake_m6_0
Canóvanas,East,2030,35451.99606130485,35872.18758851445,36513.98229691145,37181.715224743704,37768.29261913267,38427.10705857958,38732.273978633544,earthquake_m6_0
Carolina,Metro,2025,146748.91249770072,147778.5115608116,148996.2665421443,150333.93928504776,151316.6069063657,152731.0479054087,153420.6774358893,earthquake_m6_0
Carolina,Metro,2026,142488.14333389053,143477.65287714527,145141.25692533236,146852.18110576697,148404.50778188923,150143.01017476796,151189.31496422153,earthquake_m6_0
Carolina,Metro,2027,140159.92246313812,141191.9607074474,143146.18925733888,144897.63293089194,146979.1586122091,148618.02135447378,149526.31585940343,earthquake_m6_0
Carolina,Metro,2028,138510.51663088115,139792.10146129195,141408.62672891718,143779.40413933634,145638.51209213253,147473.25304088226,149055.83573893126,earthquake_m6_0
Carolina,Metro,2029,136391.75540543246,137566.68113632352,139092.41871609094,141451.54619408795,143930.83749274304,146345.97404780213,147426.88980426575,earthquake_m6_0
Carolina,Metro,2030,134581.04595690125,135636.6799409302,137070.67706938842,139176.19634265895,142144.96571737906,144185.01555425613,145814.6771896555,earthquake_m6_0
Cataño,Metro,2025,21998.911237557335,22043.791495724927,22151.6355373972,22243.68241931472,22340.49699507749,22499.317693756613,22560.290971736387,earthquake_m6_0
Cataño,Metro,2026,21556.57233851727,21631.559410032663,21753.35087644237,21868.36907274428,22010.462438520215,22191.44676899054,22331.711640594243,earthquake_m6_0
Cataño,Metro,2027,21161.70709725133,21229.56888300909,21405.90905497029,21574.42723673346,21754.908139982243,21897.191399551015,21979.999746426085,earthquake_m6_0
Cataño,Metro,2028,20845.455717703408,20970.593734833998,21109.889472645278,21332.33996305779,21462.95933695069,21676.212018443774,21783.010021427945,earthquake_m6_0
Cataño,Metro,2029,20510.15003154342,20651.648814846685,20868.749044241828,21066.35193543174,21260.241740484915,21446.18965785944,21543.83087783485,earthquake_m6_0
Cataño,Metro,2030,20214.133701035556,20340.991465291223,20527.844982671315,20769.48575533123,20963.467542937804,21123.429748571423,21275.72035497231,earthquake_m6_0
Cayey,Central Mountains,2025,40123.510412300035,40225.04048408454,40391.6891467282,40602.26268165936,40789.963167769674,40950.0991326669,41048.391610684455,earthquake_m6_0
Cayey,Central Mountains,2026,38997.37416940416,39190.55860904566,39415.54204179447,39791.23977244624,40037.151363495585,40335.76007378971,40498.501928261314,earthquake_m6_0
Cayey,Central Mountains,2027,38437.55597228831,38593.790779872164,38877.09201798108,39187.41388129201,39555.11729458725,39801.18587877826,39934.7643644635,earthquake_m6_0
Cayey,Central Mountains,2028,38042.39989542692,38171.995676007486,38588.719730351506,38852.44842463486,39168.79738749943,39485.23805696495,39654.216866353854,earthquake_m6_0
Cayey,Central Mountains,2029,37567.7021854834,37689.82390606332,38062.91155959738,38439.82729576661,38822.85859996601,39214.590229990594,39325.9747860297,earthquake_m6_0
Cayey,Central Mountains,2030,37007.74816266263,37250.89060691767,37524.72664318301,37970.21155958774,38339.39380445353,38628.781162662526,38929.64246928534,earthquake_m6_0
Ceiba,East,2025,10611.294753033979,10663.28402530943,10722.685248414493,10816.456140092669,10934.289946323755,10994.155091644974,11047.664939396627,earthquake_m6_0
Ceiba,East,2026,10343.383141728715,10399.181329659883,10480.964936908802,10589.859950801558,10700.172550055104,10796.979836397048,10880.35584692427,earthquake_m6_0
Ceiba,East,2027,10054.523323392887,10124.496192093657,10260.532108345036,10407.356273195159,10530.939525704034,10647.377561833657,10717.067686536342,earthquake_m6_0
Ceiba,East,2028,9847.269969264466,9937.737222975906,10077.045195908497,10221.352105597045,10344.301238087268,10469.381399549813,10523.24383768809,earthquake_m6_0
Ceiba,East,2029,9637.869085964801,9724.858850115503,9891.01194226058,10023.587952990783,10160.640711389307,10307.666350400206,10354.230173495895,earthquake_m6_0
Ceiba,East,2030,9505.592110101934,9570.500316895166,9694.670735559997,9876.441169559104,10002.607202582994,10173.716308894396,10249.586184107025,earthquake_m6_0
Ciales,Central Mountains,2025,16133.005402349192,16242.74572120339,16382.143144976217,16559.75485812094,16746.589209592345,16930.955547310372,17005.148284110994,earthquake_m6_0
Ciales,Central Mountains,2026,15739.909735376652,15808.108096341002,16035.275114659822,16261.685651739133,16499.787796534307,16734.1803516393,16900.45077543192,earthquake_m6_0
Ciales,Central Mountains,2027,15596.182603343463,15727.495623824529,15914.812117840034,16160.162509203823,16343.76137320934,16543.08707017081,16725.28659934508,earthquake_m6_0
Ciales,Central Mountains,2028,15324.08082749177,15509.390794832463,15726.673134822004,15989.451651046595,16224.17203151709,16482.68207865988,16649.430135397564,earthquake_m6_0
Ciales,Central Mountains,2029,15114.677621684654,15209.527247423752,15468.909885212095,15717.545601759673,16081.246272498478,16298.830275243956,16579.75384638058,earthquake_m6_0
Ciales,Central Mountains,2030,14949.780544935156,15031.603026669973,15275.739324484905,15599.586955052502,15928.21529077608,16167.982558112093,16432.17702257082,earthquake_m6_0
Cidra,Central Mountains,2025,38514.16012392247,38587.05326450741,38782.156099838,39079.60760328364,39416.57202998348,39635.47457147797,39782.17892321644,earthquake_m6_0
Cidra,Central Mountains,2026,37621.57228508291,37745.34808296112,37970.19905297953,38371.58372384774,38692.05695482005,39082.62553706998,39236.097766643295,earthquake_m6_0
Cidra,Central Mountains,2027,36903.66007616401,37095.57098463391,37497.04767403172,37877.53816253619,38349.365909881926,38723.285045641955,38890.354297051956,earthquake_m6_0
Cidra,Central Mountains,2028,36455.65099984178,36742.23064713405,37041.15284457434,37469.53350134589,37992.06040919794,38446.4381461409,38715.37368758999,earthquake_m6_0
Cidra,Central Mountains,2029,36015.81771032541,36178.49588592187,36554.13717458256,37126.695041268096,37625.36954884045,38029.48441416778,38393.363777630075,earthquake_m6_0
Cidra,Central Mountains,2030,35351.678915313525,35666.99645486115,36149.579100913594,36696.288530178135,37304.622139902654,37652.93936284171,37933.271958204314,earthquake_m6_0
Coamo,South,2025,32613.927582824184,32868.95558617684,33167.05281399856,33549.70443541995,33933.94805267754,34239.12043342015,34433.31599766958,earthquake_m6_0
Coamo,South,2026,31541.129240992013,31769.720646406295,32282.84042930275,32764.836082077418,33584.00916939205,34089.76751962374,34278.98391752737,earthquake_m6_0
Coamo,South,2027,30934.212934134546,31205.599229886182,31665.934633014185,32256.259826558053,33043.28952550983,33527.392344843814,33834.85774250379,earthquake_m6_0
Coamo,South,2028,30256.964012463683,30470.148532041323,31087.26384562743,31770.315433970904,32535.348435238724,33189.73978925804,33537.243429735165,earthquake_m6_0
Coamo,South,2029,29553.627474664758,29881.32659630028,30589.940882998075,31362.52915562466,32109.34747870197,33056.12194758496,33502.01395039983,earthquake_m6_0
Coamo,South,2030,28837.160807315304,29253.605355631003,29929.15532977281,30849.9803928669,31556.063544926787,32396.22081206983,32676.62131851712,earthquake_m6_0
Comerío,Central Mountains,2025,18255.413316191298,18314.044378393286,18401.834395213133,18484.357896412646,18590.74786628053,18657.79925596812,18690.436203027537,earthquake_m6_0
Comerío,Central Mountains,2026,17795.024895602342,17892.619309847218,18004.214086714255,18138.96657163793,18236.824193799745,18320.95408275929,18373.872350468264,earthquake_m6_0
Comerío,Central Mountains,2027,17586.839170309333,17698.93791247979,17778.27213225506,17907.07913004837,18025.171709441413,18134.197871383818,18188.331190394947,earthquake_m6_0
Comerío,Central Mountains,2028,17389.49486962085,17492.938660917338,17615.217292174566,17754.057600017175,17862.1986775443,18001.13186233394,18069.479789827652,earthquake_m6_0
Comerío,Central Mountains,2029,17109.03907798448,17219.291185694394,17392.29295091814,17539.845085514586,17700.63905928497,17835.307584430833,17903.71125714523,earthquake_m6_0
Comerío,Central Mountains,2030,16898.567248507108,17002.83350919428,17161.64303150092,17377.716982939764,17506.406558734416,17679.256493064026,17781.702281594502,earthquake_m6_0
Corozal,Central Mountains,2025,33224.38262526137,33432.3831573025,33667.45013591847,33951.642311850395,34244.54648060819,34533.19766454349,34691.99823061352,earthquake_m6_0
Corozal,Central Mountains,2026,32421.590554888862,32628.568839119707,33010.84350315019,33418.598992469175,33775.02146461445,34070.78675359041,34307.669177184296,earthquake_m6_0
Corozal,Central Mountains,2027,31920.365628247884,32103.813925628103,32510.059172001176,33045.73589784612,33445.55569613587,33887.728618619796,34089.88464127634,earthquake_m6_0
Corozal,Central Mountains,2028,31358.547353527403,31543.149070809774,32057.03889547509,32610.5802686568,33061.2048700163,33421.34572191356,33739.01521297344,earthquake_m6_0
Corozal,Central Mountains,2029,30952.137128801493,31111.78567082569,31630.917494950532,32278.564681062693,32786.41570288702,33175.01652769454,33455.6259705468,earthquake_m6_0
Corozal,Central Mountains,2030,30387.84545708545,30694.48643709648,31276.185847572913,31936.537948288933,32452.337691870234,32974.08057721046,33154.20945954338,earthquake_m6_0
Culebra,East,2025,1278.9998182188813,1296.7436140672062,1326.2117664795533,1356.874857384863,1384.4458297787683,1406.6313891731963,1421.4508641288658,earthquake_m6_0
Culebra,East,2026,1216.531156870287,1227.6860922454118,1269.7047544406769,1312.1566054987857,1352.7075865206157,1375.1052943845132,1402.8472229396368,earthquake_m6_0
Culebra,East,2027,1163.170045178439,1187.5223499134418,1222.939828362223,1275.3479541210054,1322.3567305135643,1367.1181058397228,1401.0314657273404,earthquake_m6_0
Culebra,East,2028,1114.842049387837,1147.2871587847442,1184.6374662363655,1238.9350080790216,1289.02360630921,1338.1590521995874,1389.2617609509064,earthquake_m6_0
Culebra,East,2029,1082.5412917375313,1098.8499006386257,1145.2634670002724,1203.6474376635624,1272.667066411572,1324.4164072361443,1350.0182923181562,earthquake_m6_0
Culebra,East,2030,1036.5740917620694,1065.029950683279,1108.9316118775591,1167.0389407553848,1234.1117489639994,1285.8980688205872,1327.1256124180247,earthquake_m6_0
Dorado,North,2025,34857.34845169642,34992.39335508853,35168.896626911664,35362.59128702701,35572.11197991376,35773.57305940753,35910.57734000441,earthquake_m6_0
Dorado,North,2026,34129.32466735467,34256.623728516264,34495.66621132224,34770.608971457434,34998.6582356095,35218.092243354324,35317.23662540341,earthquake_m6_0
Dorado,North,2027,33647.1285163715,33767.17753614955,34057.07695682536,34342.95840159742,34633.56065559505,34888.783090949655,35030.375359472586,earthquake_m6_0
Dorado,North,2028,33113.24406037196,33346.53453295182,33643.6569574667,33981.81851826256,34288.991089941155,34585.62796819783,34777.50887099253,earthquake_m6_0
Dorado,North,2029,32754.343567245036,32936.789176751765,33287.7694230464,33574.7457092698,33959.214956400865,34257.064874701304,34430.367271310875,earthquake_m6_0
Dorado,North,2030,32134.603478606245,32570.951855452422,32880.413491691696,33206.438791029344,33505.2687775103,33809.96322624962,34039.60951696507,earthquake_m6_0
Fajardo,East,2025,30089.86943078323,30292.13371504147,30644.175778434204,31004.808132892897,31360.434968137037,31708.714463139626,31944.934470009437,earthquake_m6_0
Fajardo,East,2026,28928.80559951244,29127.89076185301,29644.6455784091,30245.19608569822,30702.841247166893,31121.35931761915,31442.627221477946,earthquake_m6_0
Fajardo,East,2027,28189.55753550068,28441.487309401717,28882.347220063097,29569.020324720514,30150.13316852464,30518.55932506636,30988.868615744585,earthquake_m6_0
Fajardo,East,2028,27491.599777502488,27777.856070323818,28102.91451390872,29083.558347570455,29811.693486098673,30349.335430683823,30790.046020542653,earthquake_m6_0
Fajardo,East,2029,26880.91959505454,27111.23104960161,27725.39078928995,28465.241736356114,29282.401406994206,30019.3862139978,30501.143329644823,earthquake_m6_0
Fajardo,East,2030,26202.72005161301,26489.340481459498,27119.348651917575,28019.33709203762,28774.912092553703,29340.976836449783,29919.68021523944,earthquake_m6_0
Florida,North,2025,11183.929324882556,11225.497170516479,11290.582982601483,11366.342971038133,11447.528521562934,11515.359881614808,11537.905805831524,earthquake_m6_0
Florida,North,2026,10969.536927884135,11009.236170732504,11109.05339262547,11194.409479969634,11272.180491060531,11349.780159455477,11398.559180271657,earthquake_m6_0
Florida,North,2027,10819.831917627691,10865.551433071809,10965.04696205183,11090.995853784298,11173.794371142978,11271.508759171795,11342.053715953565,earthquake_m6_0
Florida,North,2028,10645.152752655491,10704.708037859093,10802.748959404835,10943.97358022224,11056.976484941813,11134.415621608256,11216.77125834736,earthquake_m6_0
Florida,North,2029,10496.909425085913,10574.25149870566,10682.0988623042,10781.83208050628,10937.532489213321,11038.566423690674,11104.957403645294,earthquake_m6_0
Florida,North,2030,10386.606967011383,10428.237261162481,10557.359567427464,10691.822974006278,10826.079440453694,10926.267296904602,10985.201578916927,earthquake_m6_0
Guayama,South,2025,33958.48414229087,34104.19430911521,34474.14886496928,34813.17476723128,35062.17474623871,35371.101464712876,35516.82561056917,earthquake_m6_0
Guayama,South,2026,33105.31546291881,33265.134304166386,33618.95206048564,34000.98623466666,34479.29431169367,34819.424665578554,35011.02127460563,earthquake_m6_0
Guayama,South,2027,32134.753530951693,32548.24162604551,32941.557044440444,33420.661460235395,33957.54794176242,34360.39152334881,34590.496026475514,earthquake_m6_0
Guayama,South,2028,31546.08592899669,31830.25896977398,32401.3906865132,32851.414958023735,33345.31119445553,33939.89237722598,34339.90834376382,earthquake_m6_0
Guayama,South,2029,30992.73386961396,31211.72647635511,31679.117155600186,32259.43752345981,32778.14863912709,33454.51610633397,33812.33345190309,earthquake_m6_0
Guayama,South,2030,30043.792898534943,30253.82893291421,31093.326151982084,31736.400941184533,32395.06418012498,33010.524388995655,33462.59308956542,earthquake_m6_0
Guayanilla,South,2025,16715.935383740176,16775.02823988325,16864.22093278034,16961.14045702135,17032.157577180587,17139.382458508877,17174.538505189917,earthquake_m6_0
Guayanilla,South,2026,16309.211314181897,16378.873603254511,16479.85479564748,16631.115120052542,16762.103788144796,16890.99482264687,16926.818581380736,earthquake_m6_0
Guayanilla,South,2027,16036.274133655998,16095.546630797631,16231.6079540565,16375.928949965144,16535.27393272094,16659.97539432724,16704.061836110905,earthquake_m6_0
Guayanilla,South,2028,15765.752321687049,15840.879673824751,16001.88603616616,16137.805916442072,16305.121034256146,16509.370585234243,16589.071516623244,earthquake_m6_0
Guayanilla,South,2029,15500.32122528033,15616.303260463292,15775.485755199523,15936.996067143053,16105.723034569266,16383.140578339984,16452.975072801866,earthquake_m6_0
Guayanilla,South,2030,15277.358650964155,15359.806066504885,15560.279807416842,15707.477306281324,15911.137071736357,16175.542590216053,16244.04268123785,earthquake_m6_0
Guaynabo,Metro,2025,85617.12496546085,86096.05646835004,86977.77841826662,87820.18419776099,88719.1455319176,89449.20631247375,89999.60435184343,earthquake_m6_0
Guaynabo,Metro,2026,83303.88877690758,83955.13268572593,84844.30844128985,85999.55758877317,87212.06660941895,88209.02022853131,88933.97670536512,earthquake_m6_0
Guaynabo,Metro,2027,82020.90530841504,82890.01171243667,83963.64354867899,85065.39748168818,86249.31658113455,87247.02980631225,88021.11989021745,earthquake_m6_0
Guaynabo,Metro,2028,80739.36657668014,81418.75599351937,82779.61279315194,84255.37857258157,85404.83667451744,87013.05741863324,87701.74258416677,earthquake_m6_0
Guaynabo,Metro,2029,79414.40297851017,80329.35953598058,81628.46326226913,82952.87281743006,84865.16395586173,86079.88758318232,87051.95166567106,earthquake_m6_0
Guaynabo,Metro,2030,78059.22490903697,78771.95001243048,80520.29552873978,81838.87459266308,83661.01200923481,85423.0539530596,86342.4336632719,earthquake_m6_0
Gurabo,East,2025,37934.28657548961,38136.91291131641,38783.37400796209,39334.82649935342,40053.90743364339,40541.44267354821,40931.808360350224,earthquake_m6_0
Gurabo,East,2026,36385.328232370484,36866.724869663536,37679.79945796174,38450.544975834855,39280.307322034925,39786.44978594739,40278.60113568853,earthquake_m6_0
Gurabo,East,2027,35351.54094494634,35780.761511038625,36480.85141546113,37595.04330572774,38531.035453292454,39472.742427578836,39842.607613600216,earthquake_m6_0
Gurabo,East,2028,34270.39617116989,34664.745035065986,35957.98430582729,37060.47295635959,37982.88627388235,39267.8545952874,39588.48582796566,earthquake_m6_0
Gurabo,East,2029,33295.40773287712,34025.088942062146,35144.817058218694,36217.982457530044,37464.559605026094,38502.26682579709,39344.54592586291,earthquake_m6_0
Gurabo,East,2030,32454.358072059294,33084.00297406516,34318.380469046286,35531.46306598264,36904.43899590553,37860.95447807987,39264.81468863905,earthquake_m6_0
Guánica,West,2025,12310.371981985603,12365.28706030717,12475.70064482638,12582.65425433823,12718.668892701995,12827.125232543596,12866.284941279479,earthquake_m6_0
Guánica,West,2026,11833.060906865941,11921.687563073578,12063.058838910523,12237.719213752855,12381.011578055957,12504.201454984915,12585.389482950297,earthquake_m6_0
Guánica,West,2027,11437.580231849844,11548.729380063085,11752.669037410607,11914.072893379442,12132.44418540491,12314.484244320658,12447.669979729964,earthquake_m6_0
Guánica,West,2028,11035.448364898331,11198.61972217182,11431.710403218673,11671.09968615198,11879.838562233057,12145.802039471986,12217.09274801959,earthquake_m6_0
Guánica,West,2029,10765.003450642142,10912.679579081918,11223.284135233667,11429.705632293564,11666.043953772172,11893.090935086771,12059.971527346574,earthquake_m6_0
Guánica,West,2030,10570.267330002813,10689.704725025198,10944.025461392313,11201.555942071302,11455.056302286428,11699.31520572086,11865.069342771365,earthquake_m6_0
Hatillo,North,2025,37206.985802077426,37296.75569875021,37544.05221521055,37753.27856999585,37981.125038514496,38175.268791641545,38259.038101009464,earthquake_m6_0
Hatillo,North,2026,36328.96943977346,36542.97783164356,36841.64773454073,37101.226573449254,37403.53235564149,37644.17699735649,37794.743441128885,earthquake_m6_0
Hatillo,North,2027,36083.24892760309,36247.08765324632,36498.265620032456,36756.65708667614,37105.503439059125,37367.76322157408,37490.60565810684,earthquake_m6_0
Hatillo,North,2028,35600.38178100864,35724.23544090976,36046.16412321279,36364.7805545852,36664.794455234645,36972.707681635344,37131.85771572276,earthquake_m6_0
Hatillo,North,2029,34988.92264768409,35173.69885436027,35525.239966654946,35933.07528180964,36258.829694379405,36642.69319919877,36871.80272700503,earthquake_m6_0
Hatillo,North,2030,34400.76614344844,34690.297483511225,35126.1385967641,35528.080956604565,35904.063391763644,36312.895113388935,36601.92562779469,earthquake_m6_0
Hormigueros,West,2025,15117.38433172677,15152.563110172725,15205.75123677928,15286.807215547535,15358.561396750953,15427.76030641406,15469.882317884381,earthquake_m6_0
Hormigueros,West,2026,14749.841500788896,14792.536450006792,14891.756162582513,14987.34835945653,15104.439971429656,15185.711934456967,15247.935552989191,earthquake_m6_0
Hormigueros,West,2027,14630.366600735664,14683.507533209937,14767.26758483071,14869.42045222982,14950.200919387018,15042.72253157929,15136.077911073466,earthquake_m6_0
Hormigueros,West,2028,14485.355986440874,14585.265171303683,14684.101710362918,14772.805541982241,14896.144524078763,14985.832174421595,15014.96025775582,earthquake_m6_0
Hormigueros,West,2029,14261.27340592998,14305.478783182445,14426.77013346264,14576.170780793505,14709.169689505974,14826.312251683024,14902.985757754028,earthquake_m6_0
Hormigueros,West,2030,14043.3009013031,14093.41740216461,14221.024029217635,14347.729873712833,14486.284822350946,14627.573538023373,14681.01012105271,earthquake_m6_0
Humacao,East,2025,48490.064209684046,48620.07183059642,48904.754653653115,49218.96231087946,49465.50118317253,49660.3679319261,49867.45877034687,earthquake_m6_0
Humacao,East,2026,47145.04444938103,47322.86516470784,47625.90662314108,47924.63115530374,48260.52790307762,48530.101591194594,48781.18025226747,earthquake_m6_0
Humacao,East,2027,46112.33503944556,46374.99963727476,46695.07157460609,47050.48321504619,47510.501779704806,47780.20002705889,47975.08776696254,earthquake_m6_0
Humacao,East,2028,45336.9234552295,45509.94765146399,45903.807048986375,46312.19061288824,46679.11901175929,47093.26158687369,47304.21501840359,earthquake_m6_0
Humacao,East,2029,44558.80587054069,44789.12542850378,45083.02329359735,45577.29996457546,46073.1200319597,46482.34550814071,46735.44841592903,earthquake_m6_0
Humacao,East,2030,43696.79134498427,44017.52205390661,44436.14595048887,44889.90421591461,45332.814851063704,45774.4467647453,45933.87880716554,earthquake_m6_0
Isabela,West,2025,41230.020598778996,41474.71505150764,41847.179939305104,42254.049877816025,42698.047343864884,43143.12544561019,43353.94979697464,earthquake_m6_0
Isabela,West,2026,40164.32385231377,40614.01051849089,41035.16439699374,41478.94238682877,42026.34727387089,42586.75752518953,42853.65060933751,earthquake_m6_0
Isabela,West,2027,39889.92333779765,40153.67420875783,40635.366789785076,41193.9133990907,41744.00926057488,42251.29523269438,42514.91355207984,earthquake_m6_0
Isabela,West,2028,39200.979694635236,39505.39986134692,40058.756777160284,40761.901104371005,41340.15717316962,41867.99877586934,42151.63878772097,earthquake_m6_0
Isabela,West,2029,38481.76302040159,38890.02370138997,39417.15188438285,40017.59998552941,40799.28509385354,41417.4820649232,41791.482399384164,earthquake_m6_0
Isabela,West,2030,37975.62219409686,38328.68403047796,38925.153987992904,39539.991836514004,40251.342539101905,41108.09530635882,41541.8275870202,earthquake_m6_0
Jayuya,Central Mountains,2025,14112.56980658328,14179.404295829163,14280.77003956557,14423.223219206217,14564.077789650913,14699.956295011776,14789.313949899237,earthquake_m6_0
Jayuya,Central Mountains,2026,13803.09963660617,13878.514731607353,14000.889739335518,14182.775358567904,14356.503125995812,14527.458863882117,14672.56065612614,earthquake_m6_0
Jayuya,Central Mountains,2027,13623.83656630934,13707.78178977868,13886.912169963125,14080.5264441806,14224.625701576844,14392.35009134585,14551.922410195451,earthquake_m6_0
Jayuya,Central Mountains,2028,13448.008746147476,13516.144218665537,13719.706294014104,13935.09776654698,14114.928828785016,14346.09676025794,14474.137983162498,earthquake_m6_0
Jayuya,Central Mountains,2029,13282.981164836292,13361.20213780674,13538.516137998535,13761.589445758003,14041.015270724714,14188.992646192426,14354.899981667137,earthquake_m6_0
Jayuya,Central Mountains,2030,13115.968493172997,13232.213634710442,13354.153401649051,13585.221801180433,13826.459662300489,14097.391208402312,14192.299348707493,earthquake_m6_0
Juana Díaz,South,2025,44727.62423388763,44884.90731818564,45142.74384583191,45512.9864588457,45901.910190782306,46233.31069046999,46356.28894544857,earthquake_m6_0
Juana Díaz,South,2026,43509.024996705484,43694.67380294458,44081.10940294675,44640.99015217974,45120.08186933739,45546.67216751761,45798.625581050146,earthquake_m6_0
Juana Díaz,South,2027,42559.96301998086,42863.77330828993,43318.91729056653,43872.25142675429,44515.518268001586,45052.169532226544,45346.665986082975,earthquake_m6_0
Juana Díaz,South,2028,41763.35920065234,42074.34068898538,42673.76611649077,43276.575519677834,43876.408762042396,44444.96985473939,44943.105481448394,earthquake_m6_0
Juana Díaz,South,2029,40963.92802792707,41297.99639634736,41937.6265985799,42601.23253561702,43284.729072142625,43982.29387765643,44291.50641978493,earthquake_m6_0
Juana Díaz,South,2030,40179.79531290587,40550.43515804808,41174.36466293113,42056.475417638794,42704.81959431953,43244.87373928992,43466.555899453815,earthquake_m6_0
Juncos,East,2025,35633.51152528708,35750.23057646033,35916.06804071413,36151.366179231045,36395.04418636511,36572.00203632505,36657.24045969214,earthquake_m6_0
Juncos,East,2026,34484.22402995161,34661.281738063095,34897.042142796665,35176.29812971218,35501.10616690293,35725.71709564832,35844.91568891082,earthquake_m6_0
Juncos,East,2027,33536.76014156905,33779.29874690037,34121.869217545085,34520.51980622569,34826.91728574771,35141.969142097645,35324.31975147326,earthquake_m6_0
Juncos,East,2028,32850.991604564755,33019.35244479259,33414.39961298909,33889.8166589249,34267.03159999812,34647.570817506545,34782.77060029715,earthquake_m6_0
Juncos,East,2029,32326.561628478747,32486.16074661072,32865.555514330365,33278.81072358866,33671.49803251727,33963.832797049516,34184.95957856136,earthquake_m6_0
Juncos,East,2030,31643.449566372194,31867.644059111906,32321.39732268663,32733.145574533217,33147.24045560378,33502.92479139093,33629.78411128284,earthquake_m6_0
Lajas,West,2025,22203.378608346582,22367.960906473927,22594.60235133339,22818.905719135877,23019.01197062141,23161.85703765329,23350.35445863706,earthquake_m6_0
Lajas,West,2026,21757.972749098837,21878.909415884096,22131.862149559707,22426.50437403947,22659.421234815985,22968.942964208072,23085.588775636366,earthquake_m6_0
Lajas,West,2027,21665.935750931614,21780.00057620853,21967.67822723147,22192.038453730944,22532.049681878085,22873.879065386678,22970.925325783093,earthquake_m6_0
Lajas,West,2028,21327.477693721223,21481.8178697218,21796.442427277827,22081.407940779107,22403.04949010566,22626.280379139444,22842.96680935906,earthquake_m6_0
Lajas,West,2029,21114.517400096094,21245.13589793337,21436.853088116015,21816.06397032668,22256.172865009663,22548.92647750499,22781.80418158558,earthquake_m6_0
Lajas,West,2030,20742.99672516126,20882.055264223898,21210.59042462129,21557.146994280134,21989.04949860985,22264.630503795255,22522.28500287641,earthquake_m6_0
Lares,Central Mountains,2025,26292.602669847158,26481.22803609562,26926.634506833187,27415.747398422587,27977.551495197833,28523.923628846598,28699.88186086649,earthquake_m6_0
Lares,Central Mountains,2026,25191.10552862429,25456.71751442167,26168.2882685566,27016.787635473105,27754.852068118387,28160.65634205962,28608.924128120387,earthquake_m6_0
Lares,Central Mountains,2027,24911.506518836406,25111.357519700054,25791.323374935433,26633.71905674682,27340.395981644047,28091.32988635194,28606.951412186463,earthquake_m6_0
Lares,Central Mountains,2028,24352.36862378188,24805.140226253985,25440.49448746846,26378.71959010259,27167.380949813767,27812.517041437684,28469.774668181744,earthquake_m6_0
Lares,Central Mountains,2029,23656.973849093774,24166.07268541622,25133.678181280342,26115.344917163347,26995.27558253203,27851.774904428472,28443.906735191278,earthquake_m6_0
Lares,Central Mountains,2030,23368.506129723475,23731.577839184956,24686.635726708777,25914.509451954582,26938.296777849417,27713.089172626173,28043.60290453849,earthquake_m6_0
Las Marías,West,2025,8333.874799257335,8386.642057585726,8490.176821279958,8605.347670742329,8732.203848311347,8852.022717829588,8905.237969854494,earthquake_m6_0
Las Marías,West,2026,8053.6404359869075,8183.910690750596,8307.884271069757,8493.743731131477,8651.787352944875,8775.95059254974,8799.329676456946,earthquake_m6_0
Las Marías,West,2027,7986.140094054233,8087.850318147034,8243.257665252368,8426.778032532296,8566.776127883293,8758.73691610982,8867.076723654358,earthquake_m6_0
Las Marías,West,2028,7842.049746290708,7971.983171177605,8140.907743530906,8346.954714309151,8534.933348233466,8715.111359821292,8795.8577360278,earthquake_m6_0
Las Marías,West,2029,7593.405284871108,7776.4515677988775,7976.722990034765,8197.608994012491,8443.786722837485,8616.232391377001,8752.134186454117,earthquake_m6_0
Las Marías,West,2030,7518.031706757574,7634.672461943775,7838.712826185301,8086.59526047176,8385.30139900099,8576.324080989507,8627.830370148771,earthquake_m6_0
Las Piedras,East,2025,33650.10821702507,33743.1153425884,34009.68656310058,34264.97399197427,34553.41914748155,34793.819278760595,34895.15982266283,earthquake_m6_0
Las Piedras,East,2026,32511.87078387123,32651.22651528924,32946.199309720185,33310.420681555,33723.10235189057,34110.05898593818,34318.972359755055,earthquake_m6_0
Las Piedras,East,2027,31724.665519244478,31893.66974135367,32227.426721117998,32632.040716387884,33128.20522454013,33476.432019484855,33602.14073263584,earthquake_m6_0
Las Piedras,East,2028,30940.47112397028,31196.933649921924,31670.30537550155,32140.326081007217,32600.241673580815,33031.74179753934,33231.97089633951,earthquake_m6_0
Las Piedras,East,2029,30423.880521278017,30705.195126116905,31095.754087729394,31585.74055846886,32062.657542313515,32555.757753335245,32771.707669654264,earthquake_m6_0
Las Piedras,East,2030,29959.439013629533,30104.700350936073,30450.31880987863,31065.148896790703,31554.852359767487,32152.596591717338,32414.84783980798,earthquake_m6_0
Loíza,East,2025,22097.761576118413,22135.43847926667,22248.729908106412,22387.895217853125,22511.362648708146,22645.61738848279,22690.678208450452,earthquake_m6_0
Loíza,East,2026,21444.51637074574,21548.86723814771,21695.418907488525,21892.295606504245,22030.72892572599,22172.328435503114,22254.53148610182,earthquake_m6_0
Loíza,East,2027,21005.918634673293,21109.4134687513,21246.73981666389,21448.580180042227,21603.380974331216,21714.922593115887,21866.9772116502,earthquake_m6_0
Loíza,East,2028,20492.09050299531,20602.065004272736,20798.40627636305,21033.504415853837,21218.83407411844,21373.90852977462,21432.80889261861,earthquake_m6_0
Loíza,East,2029,20074.180392712755,20165.502607336723,20423.76872716773,20672.06462064229,20887.321904542758,21056.842540919664,21136.534592029282,earthquake_m6_0
Loíza,East,2030,19655.956012099443,19828.702129745056,20053.006635068,20286.484443849433,20518.02347575912,20738.53570057456,20816.0270906992,earthquake_m6_0
Luquillo,East,2025,16952.336080236502,17019.975673879755,17125.346903247435,17206.789186400118,17296.59431803035,17382.113146714342,17428.559677915353,earthquake_m6_0
Luquillo,East,2026,16417.720184278794,16528.873702135294,16632.01941997451,16778.985072791802,16898.57782248933,16979.49287032793,17045.983767301837,earthquake_m6_0
Luquillo,East,2027,16136.823280397959,16214.333791975681,16328.153118596625,16483.668634001246,16609.3049532042,16713.358681996735,16790.663222267638,earthquake_m6_0
Luquillo,East,2028,15819.199905356434,15865.088786300561,16041.397550348674,16173.720843650866,16351.897367553409,16503.063967155944,16596.05282318298,earthquake_m6_0
Luquillo,East,2029,15483.158325669443,15594.900301453199,15727.63086521727,15908.9755889037,16102.869576535117,16285.715355161861,16399.047174353844,earthquake_m6_0
Luquillo,East,2030,15228.254828777808,15314.215145707018,15487.790601736035,15648.495282865057,15869.154101821588,16022.846554972528,16138.816992673517,earthquake_m6_0
Manatí,North,2025,37773.867345785846,37963.90171831635,38159.28781532665,38537.3719951306,38806.23117168403,39180.626234811054,39357.66689249581,earthquake_m6_0
Manatí,North,2026,36938.66981144008,37167.823648754435,37484.636690257175,37823.350451335165,38272.558053281035,38652.46530473786,38798.0381274159,earthquake_m6_0
Manatí,North,2027,36310.9950635737,36540.575824773725,36978.181713722086,37371.49340006756,37981.72807376969,38363.96190911988,38616.64448326865,earthquake_m6_0
Manatí,North,2028,35840.49833692614,36079.62900444119,36445.25728945702,36980.87419470359,37546.58841533394,38118.6917788478,38442.78275150963,earthquake_m6_0
Manatí,North,2029,35198.83644649778,35594.44918527777,36031.64340798456,36602.204374857494,37241.52789397369,37793.236384163116,38087.74203833025,earthquake_m6_0
Manatí,North,2030,34756.61584328099,35015.64329789222,35644.23074057675,36269.68134173566,36843.57126944868,37532.21238909833,37869.594265463376,earthquake_m6_0
Maricao,West,2025,4803.0365533225595,4825.477172979262,4885.911823621721,4939.167185219767,5002.9595994553365,5079.8802278211415,5115.00626382426,earthquake_m6_0
Maricao,West,2026,4705.758266644378,4771.503681195469,4842.932387102199,4914.004142005124,5007.690485998035,5060.781437903146,5097.996988085583,earthquake_m6_0
Maricao,West,2027,4604.810128112763,4679.521451344441,4759.576603039548,4859.678461008584,4942.13983101245,5028.4829705883085,5082.495207980276,earthquake_m6_0
Maricao,West,2028,4545.918037262423,4610.44201398808,4723.758714317026,4816.391818813421,4908.712657570799,5030.836483848093,5070.602029585317,earthquake_m6_0
Maricao,West,2029,4471.58693913316,4536.777635219995,4656.529997685212,4781.613417774071,4889.187139202378,4985.658594915748,5048.987260721056,earthquake_m6_0
Maricao,West,2030,4401.0867765762805,4491.641120399873,4602.034020252344,4710.964644281605,4866.272415407468,4951.126331157354,5038.963349976314,earthquake_m6_0
Maunabo,East,2025,10040.49732420768,10084.310990670796,10148.323332138305,10213.866094610348,10281.096004785548,10339.856580069987,10381.487362379974,earthquake_m6_0
Maunabo,East,2026,9708.543118473195,9761.020534093814,9867.526963657707,9961.602299865084,10053.896488523695,10116.767297853397,10146.410293661997,earthquake_m6_0
Maunabo,East,2027,9508.688926530856,9560.407070797353,9663.852435689216,9775.7770931507,9870.85324669379,9960.255407130098,10016.897343304607,earthquake_m6_0
Maunabo,East,2028,9320.541778233059,9394.842184821438,9482.433890353836,9569.695701873905,9686.320883430573,9796.265599796328,9857.899907976407,earthquake_m6_0
Maunabo,East,2029,9158.740421724076,9185.572555003793,9298.723958411922,9390.40063255008,9514.32942144056,9649.690361029096,9724.188488763042,earthquake_m6_0
Maunabo,East,2030,8927.334326649545,9008.230287402226,9109.797475790016,9231.579068590792,9373.142151189193,9502.820725332675,9576.161493688074,earthquake_m6_0
Mayagüez,West,2025,69368.51682350803,69668.74270318123,70015.3050957851,70524.2456843624,71009.38850071294,71351.10763679378,71631.44647227386,earthquake_m6_0
Mayagüez,West,2026,68163.79052095911,68456.18463484355,69051.09170599491,69656.63047601246,70451.71083808107,70913.47720967527,71135.38226977411,earthquake_m6_0
Mayagüez,West,2027,67066.99783894405,67506.53537027015,67997.97167626242,68725.86422392391,69384.73983217057,69955.21120890683,70675.8328348793,earthquake_m6_0
Mayagüez,West,2028,66225.3793315959,66624.83903056828,67309.51196153944,68024.05003075949,68771.35564105773,69518.42355459859,70192.19913677982,earthquake_m6_0
Mayagüez,West,2029,65449.59609228492,65763.25816006964,66321.88903822663,67290.30170488817,68188.75427483273,68788.13277802923,69437.71200606131,earthquake_m6_0
Mayagüez,West,2030,64143.36600075257,64614.569674449674,65560.68586225389,66457.10468297047,67317.34280530301,68112.87639947313,68550.5505114751,earthquake_m6_0
Moca,West,2025,35907.72955049824,36066.72386081884,36396.5412635275,36862.466045943176,37281.09073219337,37660.345438647615,37822.314093358094,earthquake_m6_0
Moca,West,2026,35049.07121020587,35290.06390211107,35686.302433253564,36204.57640523075,36795.22183883938,37218.230572654385,37431.307248887155,earthquake_m6_0
Moca,West,2027,34508.96303422398,34761.65165620526,35236.81410967772,35924.43545194914,36496.35724792921,36992.595219719246,37437.04544911411,earthquake_m6_0
Moca,West,2028,33927.53079377998,34080.78586832964,34775.21298170028,35321.863165664625,36114.69726878117,36640.18133449807,37027.72143668727,earthquake_m6_0
Moca,West,2029,33266.08130289171,33583.18714376907,34278.00841742049,34959.58595558253,35540.57635609083,36057.02993454736,36515.74711455374,earthquake_m6_0
Moca,West,2030,32680.69799397517,33083.72533836144,33860.75658638282,34467.43800008715,35203.46858865995,35994.860034624544,36394.591927312445,earthquake_m6_0
Morovis,Central Mountains,2025,27619.789128907265,27783.072965192852,27956.98398218949,28166.522384710508,28394.402433977273,28600.81809880466,28722.7013137817,earthquake_m6_0
Morovis,Central Mountains,2026,26935.20687299842,27136.90265607428,27385.483119532295,27665.204386363843,27934.78078370411,28169.43050765464,28358.68398794334,earthquake_m6_0
Morovis,Central Mountains,2027,26603.115934950154,26777.610623126744,27056.22238437146,27376.05312743526,27638.616326028427,27930.883581355214,28152.226674940397,earthquake_m6_0
Morovis,Central Mountains,2028,26274.745475496024,26409.73349668043,26747.98747979998,27093.829754334427,27393.790410490707,27760.853218340264,27978.164006699626,earthquake_m6_0
Morovis,Central Mountains,2029,25830.674099614556,26065.64801628222,26394.032921246304,26795.776036163017,27177.56348210235,27553.364906128914,27849.280201220186,earthquake_m6_0
Morovis,Central Mountains,2030,25431.94255178581,25699.06429581964,26080.042108482296,26499.326620466294,26867.8740790305,27312.67856693649,27596.210585913137,earthquake_m6_0
Naguabo,East,2025,21970.22264768587,22142.23390279839,22358.61439377559,22605.229927398534,22908.1087631074,23240.85583896165,23369.267929458743,earthquake_m6_0
Naguabo,East,2026,21155.506239402042,21380.925749003756,21709.107845615912,22053.888954739094,22424.88528932519,22708.758268913454,22923.201201478707,earthquake_m6_0
Naguabo,East,2027,20547.74440803638,20684.059775462938,21202.4836676307,21733.415965157343,22149.92199234206,22437.175171658717,22783.201811200113,earthquake_m6_0
Naguabo,East,2028,20141.707848047787,20411.309120497386,20803.91753847405,21320.632225371664,21812.520128702272,22193.367562752926,22432.89255460051,earthquake_m6_0
Naguabo,East,2029,19587.69372011623,20027.217567441745,20403.06018107819,20924.49505954491,21494.58482164014,21884.338576181686,22149.680967190892,earthquake_m6_0
Naguabo,East,2030,19068.45900883595,19610.61020370566,20013.062619632,20633.012997560327,21056.05447760994,21460.975439606264,21759.35907494488,earthquake_m6_0
Naranjito,Central Mountains,2025,28169.88452007962,28260.538611101365,28509.18893818482,28834.2570076173,29037.469785886544,29310.443392647925,29447.39846628305,earthquake_m6_0
Naranjito,Central Mountains,2026,27427.12999636394,27636.707811854085,27987.664499411963,28255.038210925333,28568.263654136194,28846.549974804584,29078.100958411163,earthquake_m6_0
Naranjito,Central Mountains,2027,26861.42159142438,27114.78458807148,27528.461722853575,27981.56221511018,28367.38957505318,28628.741480859477,28757.245658500844,earthquake_m6_0
Naranjito,Central Mountains,2028,26573.979179740993,26777.91236141743,27148.17036584855,27652.044817213056,28035.99948909558,28449.620737731,28717.3089663523,earthquake_m6_0
Naranjito,Central Mountains,2029,26101.576319642572,26318.489914413392,26907.639521810568,27277.57979976807,27727.75704596569,28207.14182794769,28581.744138806338,earthquake_m6_0
Naranjito,Central Mountains,2030,25770.381455276278,26076.360584472277,26466.966189077677,26979.522889529522,27477.972536767258,27878.475762339935,28312.25086890164,earthquake_m6_0
Orocovis,Central Mountains,2025,20465.693287832815,20597.347505920476,20781.352569357492,20976.945885191133,21170.329778467323,21340.46213489291,21414.96689853846,earthquake_m6_0
Orocovis,Central Mountains,2026,20027.538625842095,20132.949542105885,20363.773011796435,20608.786985188508,20811.571664571686,21082.83104763555,21204.960724996636,earthquake_m6_0
Orocovis,Central Mountains,2027,19827.371437194204,19926.009786662034,20135.21012643577,20452.215371673366,20690.528255520607,20868.155565874218,20961.620991306547,earthquake_m6_0
Orocovis,Central Mountains,2028,19521.1362261874,19649.117002263578,19893.341842579684,20229.62925474487,20434.713396620693,20657.125308725947,20804.59853068823,earthquake_m6_0
Orocovis,Central Mountains,2029,19141.928782247764,19288.54632211722,19560.357023701967,19918.46476775177,20199.22854865918,20505.82287117996,20703.14704798486,earthquake_m6_0
Orocovis,Central Mountains,2030,18971.353334703268,19074.081060515615,19336.096448587672,19649.836697972773,20001.282000338128,20333.648475452504,20421.38940576415,earthquake_m6_0
Patillas,South,2025,15116.29153143761,15163.762567592748,15235.27945399863,15311.143005889944,15378.931367170833,15460.431408776181,15507.10327200572,earthquake_m6_0
Patillas,South,2026,14723.505848161654,14819.018447450224,14886.83961915884,14995.068331182403,15089.23331568099,15173.368570259128,15244.373602140176,earthquake_m6_0
Patillas,South,2027,14426.828439346495,14494.952408255855,14605.84654534284,14700.407608177597,14841.681886749397,14952.08387917773,15035.565973062568,earthquake_m6_0
Patillas,South,2028,14144.567099148328,14198.203955226205,14289.297908700859,14413.0491430004,14569.278120494459,14723.576675518156,14775.430740228152,earthquake_m6_0
Patillas,South,2029,13850.26209450655,13889.506635157297,14003.101951313149,14138.720810376688,14313.2336102144,14463.84464658725,14576.366679250837,earthquake_m6_0
Patillas,South,2030,13551.40632612789,13573.533502995824,13727.030836391543,13890.408715141579,14037.089648903628,14180.194392953177,14305.311228025746,earthquake_m6_0
Peñuelas,South,2025,19102.875081462298,19218.438684285993,19367.85279102699,19584.484714121427,19773.313272256695,20012.40970227454,20116.191346879797,earthquake_m6_0
Peñuelas,South,2026,18545.366434663083,18683.436644318204,18940.33863911497,19245.257649701718,19479.252087707115,19790.85085413598,19961.37493217715,earthquake_m6_0
Peñuelas,South,2027,18139.76427739823,18316.50589453448,18559.637397485367,18891.815873519412,19213.28724633387,19535.89695920747,19726.54226237255,earthquake_m6_0
Peñuelas,South,2028,17809.88689950669,17989.241289516765,18236.60458723332,18630.51690522248,18982.154091211472,19334.37420603272,19541.252865076163,earthquake_m6_0
Peñuelas,South,2029,17591.96366485046,17714.48150645875,17970.606232090766,18346.3872387846,18768.51506077101,19242.26470030813,19434.052043853986,earthquake_m6_0
Peñuelas,South,2030,17232.089130334498,17370.893714611946,17740.42727144066,18103.00316116595,18606.476337588872,18984.678300661693,19231.411462969216,earthquake_m6_0
Ponce,South,2025,128324.74130154244,129048.47769247352,130032.79410990534,131176.9421478096,132349.6139549515,133299.4937998867,133880.9716554903,earthquake_m6_0
Ponce,South,2026,125265.49413402299,125920.6442306505,127060.12894851161,128623.864331541,129974.56008229125,131206.46596469136,132173.63570651153,earthquake_m6_0
Ponce,South,2027,122741.38077179709,123084.10154586638,125085.35755353425,126599.11717245265,128112.11413839998,129421.78847711462,130787.2489968907,earthquake_m6_0
Ponce,South,2028,120257.14866402955,121245.42042852163,122644.19971483017,124670.0005568747,126866.29667008709,128120.21644702004,129300.99574917788,earthquake_m6_0
Ponce,South,2029,118060.88549988145,119069.7205225307,120608.18347473376,122507.14108245482,124937.56453312012,126353.81038621435,127636.99924749165,earthquake_m6_0
Ponce,South,2030,115754.28945849405,116838.81110969481,118506.02095657104,120565.2248106931,122935.7715452111,124791.84817685868,126080.2950995848,earthquake_m6_0
Quebradillas,North,2025,22737.511086214225,22810.962387792475,22947.08981662987,23092.346991567192,23249.542918592713,23391.03533462803,23549.053751927022,earthquake_m6_0
Quebradillas,North,2026,22292.000523588293,22367.180478244696,22556.90066319563,22734.845218339684,22921.25924369899,23091.360567955966,23257.550299696275,earthquake_m6_0
Quebradillas,North,2027,22067.09845461174,22197.078557520636,22333.65606558231,22545.408656802545,22736.029469127905,22875.762765561103,22976.528075497157,earthquake_m6_0
Quebradillas,North,2028,21757.972211568846,21871.626219225145,22060.422384869715,22257.79499880147,22480.607658516343,22651.025235142104,22763.24832859131,earthquake_m6_0
Quebradillas,North,2029,21387.011172335904,21494.817472160314,21689.98437071171,21979.314292994717,22173.82260775177,22374.629377591562,22521.06490255071,earthquake_m6_0
Quebradillas,North,2030,21086.45688472955,21225.88816747094,21459.487953522555,21722.48599527817,21980.861579770804,22194.41120069287,22291.937930028278,earthquake_m6_0
Rincón,West,2025,14661.709639539245,14740.653156467653,14926.698698594158,15149.791111415216,15349.33527035495,15507.307566949206,15595.660442710667,earthquake_m6_0
Rincón,West,2026,14158.609158648444,14433.57475524584,14630.1531969247,14885.877588019215,15177.621542586829,15362.549890773882,15511.201584556615,earthquake_m6_0
Rincón,West,2027,13958.431861639905,14139.600247967253,14395.227178113373,14722.816250108655,14976.373156119571,15194.705008956724,15295.160366749235,earthquake_m6_0
Rincón,West,2028,13761.867124746796,13901.63469214214,14195.768645525139,14517.948399174109,14834.735086343215,15110.606434870875,15324.970606270363,earthquake_m6_0
Rincón,West,2029,13498.224421253688,13736.48027911495,14030.703478220827,14339.383452236012,14678.726107364935,14971.367806208633,15169.248995010652,earthquake_m6_0
Rincón,West,2030,13331.457813353198,13530.370440675215,13812.487433543012,14180.358034236964,14502.190297840858,14794.52396467465,15012.610569302415,earthquake_m6_0
Río Grande,East,2025,44592.66331352104,44748.783560582786,44943.10817600785,45303.076789010025,45550.290809060025,45815.13340939027,46001.472386118396,earthquake_m6_0
Río Grande,East,2026,43306.9326311493,43522.92525061626,43796.255584880084,44134.64246162632,44450.94209139017,44812.27783436569,44943.552584806865,earthquake_m6_0
Río Grande,East,2027,42389.62593208149,42552.209858849405,42873.22308289923,43285.44250387061,43722.45828408924,43976.070628302434,44199.17715210858,earthquake_m6_0
Río Grande,East,2028,41506.56811365056,41716.58598941957,42084.96630986552,42534.557501422394,43097.43456321253,43339.68383406836,43492.862694429976,earthquake_m6_0
Río Grande,East,2029,40669.204952362365,40857.372782739185,41286.58939288961,41803.73136430011,42373.080283371724,42727.88814750769,42892.48009481118,earthquake_m6_0
Río Grande,East,2030,39829.455054698956,40139.32880776248,40532.36777413273,41045.28089958633,41579.08022453355,41967.96042430711,42299.59629835191,earthquake_m6_0
Sabana Grande,West,2025,21743.595693400785,21838.481077548055,21976.608971686488,22199.845785488684,22376.155516961237,22545.691024851276,22681.39157301025,earthquake_m6_0
Sabana Grande,West,2026,21270.148536054654,21411.062522713626,21619.13759893199,21823.16150597223,22084.25414425547,22268.429790287348,22416.779593278094,earthquake_m6_0
Sabana Grande,West,2027,21098.9795402989,21235.93612813832,21439.78316064354,21656.507333614507,21926.052446146354,22174.51608624504,22319.007924202288,earthquake_m6_0
Sabana Grande,West,2028,20884.056538498353,21042.515276962244,21267.5212979669,21493.530106637914,21777.395266431668,22082.822264076713,22253.240665607736,earthquake_m6_0
Sabana Grande,West,2029,20621.594695828648,20737.856755928697,20990.44205723784,21262.650226546473,21563.28230098222,21899.628075890414,22155.27635965506,earthquake_m6_0
Sabana Grande,West,2030,20377.23645821386,20501.422439003705,20732.97083162684,21039.25176558375,21416.96002050448,21697.570367780474,21862.898702796472,earthquake_m6_0
Salinas,South,2025,24350.317318401452,24424.645032204346,24602.397091065126,24780.2321641926,24977.312875010204,25128.697123509595,25197.825819393598,earthquake_m6_0
Salinas,South,2026,23716.588127705574,23845.104475062315,24067.369616075055,24280.025306037176,24563.125273142385,24840.670201084075,24920.972853970943,earthquake_m6_0
Salinas,South,2027,23231.26049036174,23383.173152889598,23564.783120332897,23851.222189958622,24204.180516154214,24374.377360845396,24510.83140795567,earthquake_m6_0
Salinas,South,2028,22698.188638486343,22839.89019853849,23123.15139514948,23434.359358863105,23814.42185601774,24068.75704415627,24204.675178844773,earthquake_m6_0
Salinas,South,2029,22307.968710465506,22445.779008554728,22691.4932037474,23060.92089764496,23439.27417965023,23744.41703882906,23902.552541040397,earthquake_m6_0
Salinas,South,2030,21858.57366970884,22040.52071134747,22345.203125959473,22688.794442597093,23135.522486767542,23361.91922775176,23451.18213184849,earthquake_m6_0
San Germán,West,2025,30423.124526515112,30554.891992943358,30779.89484168149,31066.694593038213,31305.35295961488,31515.397345175374,31703.975960553587,earthquake_m6_0
San Germán,West,2026,29649.12569725763,29864.4214600085,30119.24004898089,30497.016929114863,30869.288479594994,31089.266402881698,31243.29405161236,earthquake_m6_0
San Germán,West,2027,29284.711047318335,29405.98091081005,29745.040650768544,30180.806951742634,30565.262472556064,30891.304817894365,31062.520847095726,earthquake_m6_0
San Germán,West,2028,28851.84338026835,29064.177755489152,29441.91283801073,29877.965685974617,30244.32060473584,30714.826873649385,31016.131485814545,earthquake_m6_0
San Germán,West,2029,28411.45794545053,28731.83983144055,29078.6488616579,29615.704095346722,30088.82451815649,30542.559831740662,30768.90600615113,earthquake_m6_0
San Germán,West,2030,28034.805408503962,28293.417263069838,28719.314749298755,29302.32933885434,29782.909494230742,30298.0260491471,30636.88574875102,earthquake_m6_0
San Juan,Metro,2025,324583.43237145443,325350.14322119375,328603.73951285053,331923.6155816043,335224.8627539123,337711.42493358155,339270.1722752749,earthquake_m6_0
San Juan,Metro,2026,313168.6851240128,316167.73470634565,320180.11785414774,324839.8719801642,329850.5634849699,333039.8946599258,335262.41944754595,earthquake_m6_0
San Juan,Metro,2027,309025.4582650515,311039.20086905325,315955.95135595754,320588.62482834107,324833.43836272974,329869.3179269182,332286.94900465803,earthquake_m6_0
San Juan,Metro,2028,303051.5656049705,307923.2310655995,312747.70967773884,317156.701139424,321841.40885915334,328528.8032570366,331496.63170034304,earthquake_m6_0
San Juan,Metro,2029,297403.56601394963,303281.20971511514,308370.99550933123,313231.7801312405,319293.242841648,323774.544330757,326977.80348951777,earthquake_m6_0
San Juan,Metro,2030,292856.79366169666,297554.44476992864,302980.3547221311,308999.25718319754,315759.90088205365,321446.0163205938,325275.3872565894,earthquake_m6_0
San Lorenzo,East,2025,35845.61675657278,36029.33903014086,36359.22398857453,36629.682409365756,36920.79555496287,37171.8424201056,37317.17907536806,earthquake_m6_0
San Lorenzo,East,2026,34737.07725623057,34964.334071733305,35290.778822102744,35732.71661094444,36091.615442286915,36489.67848112516,36747.49935986842,earthquake_m6_0
San Lorenzo,East,2027,33899.090375568856,34170.85846933069,34553.66474262783,35049.89446072756,35463.681168876356,35883.85812885878,36022.20522083041,earthquake_m6_0
San Lorenzo,East,2028,33165.111414974795,33419.9029997983,33904.3888462019,34389.4799471101,34938.809060427055,35408.05106452525,35566.36699343435,earthquake_m6_0
San Lorenzo,East,2029,32418.230005802598,32825.00106855801,33284.05938916054,33896.53414060561,34368.98554261047,34759.40452597715,34954.60732822116,earthquake_m6_0
San Lorenzo,East,2030,31649.89539675308,32045.51564819546,32782.74032176832,33336.84022332613,33804.49093838131,34178.966764940546,34557.56653771488,earthquake_m6_0
San Sebastián,West,2025,37400.94280872267,37694.15048278118,38123.87070385984,38547.18400577282,38966.21349675728,39345.735407746506,39686.87725719391,earthquake_m6_0
San Sebastián,West,2026,36430.937337018215,36744.483284936505,37232.032851320975,37901.78417210116,38372.68868236225,38902.9932402952,39310.97963742561,earthquake_m6_0
San Sebastián,West,2027,35622.159919628386,36145.475953698966,36944.38669977831,37578.5175767292,38298.29672074205,38819.24674841958,39182.370462300176,earthquake_m6_0
San Sebastián,West,2028,35156.546712981224,35736.40984896625,36305.53680467435,37080.69617988804,38011.14104288262,38653.618541618256,39112.324668715344,earthquake_m6_0
San Sebastián,West,2029,34514.83320805942,34813.618667003575,35680.57665783849,36577.05773495864,37635.7797611229,38450.96660861149,38764.41347732275,earthquake_m6_0
San Sebastián,West,2030,33768.877913646145,34386.85428289806,35219.59956998005,36180.78960860531,37169.890333804375,38140.686913668455,38722.41331608689,earthquake_m6_0
Santa Isabel,South,2025,19306.286458768504,19385.52718411066,19496.81710149058,19642.765437059308,19783.181333321416,19916.647894705296,20014.856130743094,earthquake_m6_0
Santa Isabel,South,2026,18741.78098690929,18844.08274280741,19031.813918769076,19274.462757259076,19465.552610473336,19620.29065019715,19689.102566298345,earthquake_m6_0
Santa Isabel,South,2027,18402.641674700768,18515.883269877275,18685.732801461712,18964.67440808026,19181.373770034108,19386.291653507888,19516.550442841737,earthquake_m6_0
Santa Isabel,South,2028,18014.701169683307,18092.462824483882,18370.081050423498,18689.925826295625,18903.986463159876,19069.041614572605,19167.777477530646,earthquake_m6_0
Santa Isabel,South,2029,17672.107575080103,17805.697815032458,18073.576869894317,18308.918625865943,18680.061975151813,18881.40058864604,19053.677491468723,earthquake_m6_0
Santa Isabel,South,2030,17306.701114962325,17438.703927781065,17754.676144292585,18016.73614083325,18380.306732158144,18612.153211494104,18865.85159949847,earthquake_m6_0
Toa Alta,Metro,2025,64164.85764612174,64471.21434768971,64936.812001073835,65659.7420465186,66270.48200299412,66822.9381317878,67192.34213595714,earthquake_m6_0
Toa Alta,Metro,2026,62090.58246248039,62505.865144225754,63254.689524189,64295.80236721973,65008.487525555785,66035.78850524555,66685.18039046283,earthquake_m6_0
Toa Alta,Metro,2027,61247.09931141621,61644.920535073834,62385.073984184695,63408.05773990846,64340.51670401809,65270.679496287594,65753.47321584077,earthquake_m6_0
Toa Alta,Metro,2028,59921.88765629444,60535.74889797527,61749.75873596312,62745.71311271856,63926.92665124248,64734.27416962974,65183.92605387931,earthquake_m6_0
Toa Alta,Metro,2029,58923.81364706464,59922.587446679885,60909.029315057094,61938.78941601164,63272.226015666805,63944.40510232366,64473.58400618049,earthquake_m6_0
Toa Alta,Metro,2030,58159.31302032751,58743.56817300148,59784.47530665193,60960.27974104138,62201.777068683485,63271.67340493604,63752.16688773624,earthquake_m6_0
Toa Baja,Metro,2025,71436.49726482121,71606.22124246051,72014.92781571746,72550.73433409931,72974.98320587273,73354.9517865688,73619.12849846028,earthquake_m6_0
Toa Baja,Metro,2026,70179.68440293708,70336.78613733414,70806.31963864488,71455.61442855519,72041.78412852602,72636.57258220267,73057.89191081616,earthquake_m6_0
Toa Baja,Metro,2027,68885.40241723972,69062.76894623178,69683.04320054332,70259.21447805598,70784.0008399425,71489.11939991724,71892.1195957547,earthquake_m6_0
Toa Baja,Metro,2028,67679.70254744198,68222.87747240954,68856.41183226937,69357.92662751232,70164.81095807867,70790.55582394412,71228.43832915118,earthquake_m6_0
Toa Baja,Metro,2029,66968.60702400317,67263.40970006704,67885.4774639878,68675.6423891884,69435.61176485699,70023.1576884779,70500.61809254682,earthquake_m6_0
Toa Baja,Metro,2030,66163.55311944948,66321.876014188,66879.00857868424,67850.55884948187,68658.17013067666,69161.74634423447,69762.49212317288,earthquake_m6_0
Trujillo Alto,Metro,2025,64387.17297733565,64700.75937340474,65356.09416370272,65882.71746507252,66551.99325215742,67327.27180026143,67797.49498397013,earthquake_m6_0
Trujillo Alto,Metro,2026,62671.821648416226,63041.23887499323,63656.46855834983,64440.26056709443,65220.74991155533,65922.58687994127,66389.2417312998,earthquake_m6_0
Trujillo Alto,Metro,2027,61570.98113876115,61926.36046461094,62896.76078685667,63747.1315170372,64488.8609007643,65521.05530643704,66138.9556320402,earthquake_m6_0
Trujillo Alto,Metro,2028,60425.8259002419,61115.58878018397,61955.65424124548,63009.059329941985,64062.55516029317,65107.933197657185,65557.96606389857,earthquake_m6_0
Trujillo Alto,Metro,2029,59465.12719130143,60173.79039390371,61303.414900800766,62332.78351701674,63308.41459477364,64236.30066804866,65260.215364864314,earthquake_m6_0
Trujillo Alto,Metro,2030,59185.545802682835,59423.12740655175,60405.71896568505,61420.21763661002,62731.20161719264,63577.06811751145,64005.8786564974,earthquake_m6_0
Utuado,Central Mountains,2025,26928.902370662276,27064.73366865728,27254.254917773727,27460.749650733647,27645.77825137052,27789.649377697577,27875.24385402911,earthquake_m6_0
Utuado,Central Mountains,2026,26461.222494589674,26624.85257392683,26808.1165350015,27029.28190309977,27299.24545305969,27541.87565205098,27665.742185845087,earthquake_m6_0
Utuado,Central Mountains,2027,26150.421232138535,26215.644159033494,26493.961204908977,26724.07871889392,27028.087152352753,27217.3339357442,27363.528460949667,earthquake_m6_0
Utuado,Central Mountains,2028,25893.90453562144,25946.311007854012,26260.946888292532,26510.46901093137,26811.651032754657,27077.529597246285,27206.85586502991,earthquake_m6_0
Utuado,Central Mountains,2029,25460.384948467166,25648.07428376838,25838.220477352406,26212.308077376263,26505.543971857747,26804.45145519873,26931.427890330953,earthquake_m6_0
Utuado,Central Mountains,2030,24940.93379779097,25179.07342282591,25459.071900345636,25838.712711258675,26233.870704080782,26533.16266632992,26690.901343450874,earthquake_m6_0
Vega Alta,North,2025,34161.76608096189,34251.783744619424,34444.17660692334,34644.121583351436,34883.51542802612,35117.23914394924,35234.19953476756,earthquake_m6_0
Vega Alta,North,2026,33429.8257033594,33578.85823677376,33757.894479898445,34041.800436685226,34310.91286156792,34500.50847597601,34668.77993867352,earthquake_m6_0
Vega Alta,North,2027,32827.64662591467,33055.88009345177,33321.43841615156,33660.389139953855,33852.93418999152,34041.143667348966,34150.505249984686,earthquake_m6_0
Vega Alta,North,2028,32443.726098297848,32608.74451987722,32937.378187820614,33238.85689435197,33504.907815194645,33791.790889376985,33987.39076691155,earthquake_m6_0
Vega Alta,North,2029,32065.67625331789,32256.749393451093,32494.509439891488,32851.71555858466,33196.98437856186,33563.59030403632,33821.960179345566,earthquake_m6_0
Vega Alta,North,2030,31596.26072536246,31696.503815306536,32097.481254807215,32508.71541770835,32854.34205120527,33148.51364134855,33370.7955272961,earthquake_m6_0
Vega Baja,North,2025,51465.4760327455,51851.308415041596,52415.27189819982,53056.28551822738,53570.22248988827,54211.38496902227,54617.01584281626,earthquake_m6_0
Vega Baja,North,2026,50050.387149778035,50561.00029026009,51405.24749974963,52148.0147752085,52935.48117926661,53727.50468610013,54366.48867123718,earthquake_m6_0
Vega Baja,North,2027,49599.82601525653,49969.547476235835,50648.696756185294,51511.169615614475,52267.92315370326,53175.69570634138,53624.84417788899,earthquake_m6_0
Vega Baja,North,2028,48492.73015760483,48886.47132295294,49901.53508446115,50845.17421992755,51767.580206737155,52674.22915286814,53382.34391860307,earthquake_m6_0
Vega Baja,North,2029,47621.36000280047,48102.21531856665,49121.73150018562,50283.46992805401,51391.088514955656,52170.235170620734,52897.335181244525,earthquake_m6_0
Vega Baja,North,2030,46503.223707294,47380.87790266827,48744.977365589904,49776.860427845546,50946.54316801745,51861.261847901325,52656.17303026452,earthquake_m6_0
Vieques,East,2025,7843.56885051821,7858.817322688799,7899.535792806648,7933.959750763905,7967.599344280629,8021.064861041312,8041.968984585777,earthquake_m6_0
Vieques,East,2026,7592.379355183847,7622.5873687532185,7677.382862433764,7729.98881024344,7783.0099967520955,7832.991653542581,7850.7680303703055,earthquake_m6_0
Vieques,East,2027,7415.634024179117,7466.287642110108,7514.412448710248,7583.97709243763,7651.969309878415,7717.255019179422,7745.38837090933,earthquake_m6_0
Vieques,East,2028,7295.774604914535,7328.2829502537525,7383.618217333978,7460.878671186461,7525.1576261383225,7602.650638747433,7647.423547389802,earthquake_m6_0
Vieques,East,2029,7174.3794964043245,7203.613986633106,7254.018058149332,7324.618211326941,7403.164962146424,7469.200385524193,7518.4705645494,earthquake_m6_0
Vieques,East,2030,7022.058034315213,7054.942109298287,7131.037709868661,7204.402734170591,7288.909528390394,7363.8782410172125,7418.497822807947,earthquake_m6_0
Villalba,South,2025,20898.20576805578,21018.852276758975,21115.048330832247,21271.54158662995,21433.982468377853,21547.842060555657,21617.637365977356,earthquake_m6_0
Villalba,South,2026,20359.743778847147,20473.19626833398,20657.888566990252,20833.981730465755,21093.67505040645,21269.64492805385,21352.408429420262,earthquake_m6_0
Villalba,South,2027,20023.487417539818,20089.83579378317,20245.019040070434,20518.777987791276,20758.517775481025,20994.4363786068,21071.484305244216,earthquake_m6_0
Villalba,South,2028,19489.698643118794,19706.502742177592,19953.51629204082,20194.833228112453,20483.649595532886,20750.091676859072,20956.802558836607,earthquake_m6_0
Villalba,South,2029,19277.21139794985,19357.524573236376,19618.918244323773,19882.720260136717,20182.581581015333,20519.950956602806,20641.057082254985,earthquake_m6_0
Villalba,South,2030,18934.856417509538,19071.636362807927,19288.562800968873,19590.26495375864,19864.676013002805,20270.163624019242,20318.805976924385,earthquake_m6_0
Yabucoa,East,2025,28390.55605966272,28469.945128404557,28647.765755113924,28852.629895057475,29063.046490677756,29243.95699937424,29363.232367856333,earthquake_m6_0
Yabucoa,East,2026,27549.415638589486,27709.677267076237,27966.58377290794,28287.479791054622,28531.230839519194,28816.12051723314,28879.484658429687,earthquake_m6_0
Yabucoa,East,2027,26894.933322105036,27095.907431565585,27316.849135263186,27672.126509311165,28019.240823780758,28307.068663502163,28472.415368306585,earthquake_m6_0
Yabucoa,East,2028,26362.33448280634,26518.071660801852,26832.900488580468,27192.27249256939,27522.768127335326,27895.199981409874,28138.46201373576,earthquake_m6_0
Yabucoa,East,2029,25733.848462616676,26016.251495748755,26240.388745302604,26618.53304854045,27076.128247010813,27504.713529789264,27780.37533554611,earthquake_m6_0
Yabucoa,East,2030,25201.616972038657,25407.585889378402,25766.380025568098,26219.461301979703,26587.71692032714,27025.026065214657,27336.75137196393,earthquake_m6_0
Yauco,South,2025,32165.137019265014,32274.25046068148,32447.038856903164,32675.330091405558,32823.32676504263,33046.951446263156,33248.48890134042,earthquake_m6_0
Yauco,South,2026,31390.743660574222,31549.69555994019,31765.733989049124,32050.835429469524,32320.053193291118,32598.018795905646,32712.85715183633,earthquake_m6_0
Yauco,South,2027,30722.927728999228,30957.418121656778,31206.488304548962,31551.911597971128,31869.908075463285,32217.580292516337,32437.512245214282,earthquake_m6_0
Yauco,South,2028,30328.282457273326,30482.78920834728,30682.519592626224,31079.413782791256,31472.478500502264,31742.358638862173,32041.92117985943,earthquake_m6_0
Yauco,South,2029,29721.55836504462,30039.372013470307,30317.145961574315,30667.3764508292,30990.575700722675,31432.723647516752,31687.62568659266,earthquake_m6_0
Yauco,South,2030,29283.71608474047,29480.578010972225,29827.47977954822,30173.28459569799,30671.83477859368,31123.673816254315,31337.203838773632,earthquake_m6_0
Adjuntas,Central Mountains,2025,17363.52341995679,17436.449446026836,17539.80329575306,17660.255460107128,17784.90108487124,17917.704988478097,17981.308697631284,earthquake_m6_5
Adjuntas,Central Mountains,2026,17008.68800344565,17081.009857127072,17206.615601863417,17317.636869953174,17469.476230199976,17572.182298231026,17670.94402316277,earthquake_m6_5
Adjuntas,Central Mountains,2027,16829.922568624697,16897.078157747404,17067.306324918696,17241.607674380422,17396.39816238838,17514.318550131124,17595.11481277081,earthquake_m6_5
Adjuntas,Central Mountains,2028,16598.997212108075,16709.957828150204,16892.464775917433,17086.381257453606,17295.41935346515,17436.632632000255,17545.25541442714,earthquake_m6_5
Adjuntas,Central Mountains,2029,16366.49789949264,16462.368287094523,16635.655548998708,16891.466360430437,17082.016942691756,17258.54134136532,17407.80596470835,earthquake_m6_5
Adjuntas,Central Mountains,2030,16125.207405043118,16243.695761875722,16446.688682935066,16650.895814725038,16896.178701644894,17066.804977799067,17154.473313492854,earthquake_m6_5
Aguada,West,2025,36591.49254800582,36722.48242756787,37005.236365965,37220.0990596391,37463.49487643577,37736.535134919046,37849.25367602422,earthquake_m6_5
Aguada,West,2026,35646.5012849919,35863.05837524249,36118.517419803495,36434.063707621666,36777.30635191918,37061.2558847991,37343.911918853366,earthquake_m6_5
Aguada,West,2027,35222.94753621467,35489.95483160018,35767.70584337459,36151.70601285351,36431.16168169622,36857.09069283034,36986.695143802324,earthquake_m6_5
Aguada,West,2028,34685.46794285467,34895.83004021277,35281.21008150904,35638.71018855482,36000.79279339484,36390.89354615039,36700.97780070891,earthquake_m6_5
Aguada,West,2029,34278.748684698534,34438.48772513236,34838.213313090775,35223.391534439565,35650.58641870367,35995.73041977396,36264.92466640289,earthquake_m6_5
Aguada,West,2030,33602.52403780769,33835.61632378719,34304.71136835685,34743.06141564192,35200.27248266701,35659.72375001833,35865.84348180985,earthquake_m6_5
Aguadilla,West,2025,51652.215457876315,52189.111851334215,52889.25459675427,53577.705447518965,54190.27270218245,54720.87281080617,55476.547170264515,earthquake_m6_5
Aguadilla,West,2026,50347.84967526939,50891.260984601875,51568.600363847596,52353.19499342918,53210.880642768,53916.43711528915,54362.018592031876,earthquake_m6_5
Aguadilla,West,2027,49641.48384072326,49982.710858785045,50818.98491125308,51785.93847780719,52559.2158570679,53472.469722388174,53946.14973261881,earthquake_m6_5
Aguadilla,West,2028,48810.701195085036,49162.9840815231,50048.410604835444,51094.274791088596,52244.26053839501,53295.9637555633,53774.51397368395,earthquake_m6_5
Aguadilla,West,2029,47770.36779803074,48526.94903151708,49444.60747457193,50518.64876542504,51893.302338466565,52341.042199177115,53511.2667258609,earthquake_m6_5
Aguadilla,West,2030,46792.217768841234,47547.087351681024,48862.193507426404,50057.59259968589,50910.88241606258,52274.619916650125,52849.423782351485,earthquake_m6_5
Aguas Buenas,Central Mountains,2025,23123.4739966171,23187.000585461472,23330.45388226906,23447.754291123012,23588.124231720547,23704.66729255027,23753.772279158286,earthquake_m6_5
Aguas Buenas,Central Mountains,2026,22587.427467805464,22648.940822237633,22812.949504487297,23015.529451584687,23172.108327497263,23357.558933276196,23440.882547599143,earthquake_m6_5
Aguas Buenas,Central Mountains,2027,22294.433397865585,22355.557164990398,22466.40323457803,22692.475743359835,22866.78772442296,23017.83355294624,23129.871825035018,earthquake_m6_5
Aguas Buenas,Central Mountains,2028,21916.947260852005,22052.522007923493,22229.98567633072,22437.43155362876,22615.661829254896,22739.373293501918,22921.513777908844,earthquake_m6_5
Aguas Buenas,Central Mountains,2029,21733.75248344292,21799.724974781082,21954.69890375189,22199.35184480185,22431.569847127947,22592.028135654222,22686.139461412567,earthquake_m6_5
Aguas Buenas,Central Mountains,2030,21269.78336161715,21420.89229737709,21706.740121242197,21916.19824236049,22145.52990319633,22337.620981740827,22485.582278932638,earthquake_m6_5
Aibonito,Central Mountains,2025,23475.070345760883,23718.54315907238,23961.429223077786,24273.7298141175,24605.47040296777,24790.962896795074,25095.13294090905,earthquake_m6_5
Aibonito,Central Mountains,2026,22767.197209750688,22906.96537570309,23193.877589877604,23703.84447133503,24113.374319714167,24492.574066426474,24598.285209373935,earthquake_m6_5
Aibonito,Central Mountains,2027,22284.027527644474,22597.78172131091,22938.971951983374,23424.55628792934,23826.970697961464,24242.698744284364,24521.024763761252,earthquake_m6_5
Aibonito,Central Mountains,2028,21897.35955144338,22120.657371037327,22598.37962522628,23144.83005055676,23691.544983202362,24089.104454886932,24427.134736999757,earthquake_m6_5
Aibonito,Central Mountains,2029,21468.8098327983,21663.521263396808,22212.73405241743,22813.54022247212,23357.941257920393,23982.191167069042,24548.836186019205,earthquake_m6_5
Aibonito,Central Mountains,2030,21045.714205497483,21351.67172390908,21945.87966094017,22667.629288836008,23318.491803306264,23832.761594048872,24372.926935055613,earthquake_m6_5
Arecibo,North,2025,83392.63644592416,83760.62195955946,84540.23087466639,85447.22550574515,86304.87561411443,87182.64971375231,87522.0659226542,earthquake_m6_5
Arecibo,North,2026,80568.04143702638,81688.91540178389,82645.40068100038,83735.8333168698,84800.86092709305,85555.98867562387,86446.16729189073,earthquake_m6_5
Arecibo,North,2027,79973.42121042192,80654.08072974665,81681.88928998556,82992.84893801386,84033.08707895277,85192.3314409271,85592.96642265217,earthquake_m6_5
Arecibo,North,2028,78508.08412922062,79552.22413227377,80774.09681933728,82099.83902681572,83423.28740658569,84706.24556959058,85476.83044071884,earthquake_m6_5
Arecibo,North,2029,77551.20936686944,78290.37533496527,79569.71942639576,81004.51475174761,82657.40278277072,83915.98547571596,84949.7389009032,earthquake_m6_5
Arecibo,North,2030,76343.06060621672,77236.22854463445,78670.63084477355,80131.38538458715,81776.95349583816,83225.32700192211,84040.618389192,earthquake_m6_5
Arroyo,South,2025,14744.273330199549,14862.245548465025,14979.60944715561,15116.061063379519,15237.227967508048,15368.597428291621,15486.58443299984,earthquake_m6_5
Arroyo,South,2026,14115.430169317953,14332.009614326125,14507.17228599374,14717.81658954594,14853.575636538357,15064.38037541685,15191.042574951582,earthquake_m6_5
Arroyo,South,2027,13732.428911351135,13948.023134827079,14164.911931812003,14386.316567174184,14597.603004105955,14827.67647395869,14952.867281021998,earthquake_m6_5
Arroyo,South,2028,13418.347851864331,13628.819341758719,13851.098158368473,14128.28261090976,14371.0906072054,14583.351879493652,14728.420773429125,earthquake_m6_5
Arroyo,South,2029,13239.014429792102,13340.27751883974,13538.127683527382,13858.096304217619,14153.120539938678,14421.474138163445,14635.546764298013,earthquake_m6_5
Arroyo,South,2030,12911.189735961812,13060.340172505015,13308.041753040046,13601.829342415409,13924.056948269115,14226.661298100496,14342.718152798507,earthquake_m6_5
Añasco,West,2025,24615.285566424292,24675.632728600987,24793.63617866204,24950.566796106796,25074.27818239054,25204.260749674184,25255.93341400561,earthquake_m6_5
Añasco,West,2026,23994.532691710043,24105.322430640837,24223.88008110721,24408.25164476996,24598.285679638313,24740.353519429053,24790.190533962486,earthquake_m6_5
Añasco,West,2027,23692.40118420672,23762.956090622167,23901.029794497797,24084.13149908746,24253.44239365252,24440.590305801532,24564.686717787245,earthquake_m6_5
Añasco,West,2028,23418.351181148995,23483.596465270748,23647.139995694517,23842.505654922752,24061.764805072973,24330.606030326762,24414.36447484006,earthquake_m6_5
Añasco,West,2029,22997.509597508535,23163.484679318637,23330.480416155548,23593.133866341443,23795.032017252794,24019.400606976837,24111.917922695637,earthquake_m6_5
Añasco,West,2030,22664.674905975386,22771.566776656608,23012.148845576194,23240.192358286717,23520.703855774842,23721.279020023998,23915.775603745555,earthquake_m6_5
Barceloneta,North,2025,21812.635927466377,21946.756086880072,22106.128728521566,22262.20092047443,22434.060650098538,22634.61640834374,22717.731042637995,earthquake_m6_5
Barceloneta,North,2026,21247.70132483816,21388.667856332646,21546.920862971718,21800.531048955592,22010.316661882283,22217.58592043157,22365.652344824066,earthquake_m6_5
Barceloneta,North,2027,20943.02250697413,21080.51739702473,21306.909138569776,21507.325217965976,21823.428826817715,22047.950476066108,22206.270608629762,earthquake_m6_5
Barceloneta,North,2028,20646.570096590698,20789.163888568593,21059.821681600588,21358.89362978565,21596.868506590774,21797.95650321043,22008.425027756733,earthquake_m6_5
Barceloneta,North,2029,20431.746604859156,20543.62322233394,20809.055140577402,21043.654842294975,21345.75228367576,21630.924029805963,21845.50460350061,earthquake_m6_5
Barceloneta,North,2030,20125.78362735987,20255.87724109679,20533.023306392977,20796.309438557262,21096.858942472194,21380.449348223254,21592.47270998855,earthquake_m6_5
Barranquitas,Central Mountains,2025,28079.508390795785,28168.28412480776,28398.707751144735,28580.56796083674,28792.446778779347,29017.201484802936,29072.021866343814,earthquake_m6_5
Barranquitas,Central Mountains,2026,27255.99697176752,27452.56949462965,27727.422090549262,28048.045329884844,28276.577443107948,28533.346392193303,28655.427509306635,earthquake_m6_5
Barranquitas,Central Mountains,2027,26859.91406339188,27048.196836640964,27433.13722772016,27776.732831113295,28061.098309523357,28270.746549476138,28323.071360780534,earthquake_m6_5
Barranquitas,Central Mountains,2028,26592.792612760717,26743.716305292066,27049.47661276046,27448.28443964046,27784.415977015036,28084.053565984625,28258.20868923264,earthquake_m6_5
Barranquitas,Central Mountains,2029,26207.15137451488,26405.520110967955,26734.97937614344,27120.356743765617,27458.8316717664,27766.686511202744,28044.0599700402,earthquake_m6_5
Barranquitas,Central Mountains,2030,25661.013172871004,26036.407572633747,26421.432504830795,26889.284941578764,27247.10080090431,27655.512198692904,27952.76277463516,earthquake_m6_5
Bayamón,Metro,2025,175029.3780650814,175948.28528183748,178191.84320123488,180161.9423850139,182163.21151465696,183897.55562887402,184528.15280505057,earthquake_m6_5
Bayamón,Metro,2026,169464.91638628818,170422.12256779065,172932.9091033667,175912.81590568222,178072.10656826908,181914.56996347022,182726.16392769082,earthquake_m6_5
Bayamón,Metro,2027,166242.23213755092,167153.69781271246,170143.56386050294,173026.4457537739,176458.42398699155,179073.6086625309,180277.033761858,earthquake_m6_5
Bayamón,Metro,2028,163083.95728796325,164580.3490436574,167426.8403281318,170450.98129655002,174225.86654372627,178232.2355486274,180127.14130145274,earthquake_m6_5
Bayamón,Metro,2029,160538.8920131085,161966.80982197286,165304.06720417534,168735.71135425914,172946.99250305633,176610.55131810403,178351.1809865147,earthquake_m6_5
Bayamón,Metro,2030,158551.69001735828,159278.00323706694,162172.71144769533,167179.7523683256,171918.97219115202,175221.1819484335,176350.23207565906,earthquake_m6_5
Cabo Rojo,West,2025,45673.61753950681,45852.252845972565,46060.8517088723,46284.39801844472,46550.67406511024,46816.78958696622,46998.068711953805,earthquake_m6_5
Cabo Rojo,West,2026,44624.55863015957,44773.31135445396,44966.11264972115,45269.9918530748,45576.44407959533,45950.907162089235,46077.73101195589,earthquake_m6_5
Cabo Rojo,West,2027,44164.826497086025,44355.991283916745,44553.399193123136,44868.20687055132,45190.931626211204,45511.253544840714,45639.402242784294,earthquake_m6_5
Cabo Rojo,West,2028,43886.71877976448,44009.15268599632,44268.49369283094,44537.103101102344,44914.90943467647,45411.463139079504,45499.99916239232,earthquake_m6_5
Cabo Rojo,West,2029,43150.18547954865,43228.111198572245,43657.84914007576,43996.48399323839,44339.3389962735,44766.29896077269,44939.12249091566,earthquake_m6_5
Cabo Rojo,West,2030,42200.53732486578,42553.73011011274,42888.11853806205,43324.72216617328,43786.307780617106,44031.16953455228,44379.41031317165,earthquake_m6_5
Caguas,East,2025,120984.97837766906,121393.9204572254,122316.78821097488,123125.33538539006,123905.09817943072,124626.60636528626,125091.53191740683,earthquake_m6_5
Caguas,East,2026,117237.83804434567,117899.43339283585,118689.09738325968,119859.82616422893,120775.00437377255,121741.6760890909,122174.94431696412,earthquake_m6_5
Caguas,East,2027,114942.8068530924,115471.65464605956,116428.80776461253,117542.35071008767,118711.60489534249,119673.51714784566,120404.40672544515,earthquake_m6_5
Caguas,East,2028,112721.94740111395,113294.6093916106,114479.10146401735,115699.55660840473,116779.51877194882,117951.37338193356,118815.44718943178,earthquake_m6_5
Caguas,East,2029,110693.47060073465,111329.45176548528,112369.15651826517,113379.07518622505,114932.99509232545,116407.93337753922,117538.26858516363,earthquake_m6_5
Caguas,East,2030,108288.12803166037,109237.57550316908,110417.32704733839,112038.72057120489,113288.79726032718,114294.62772931435,114956.01849455004,earthquake_m6_5
Camuy,North,2025,31219.98275018689,31534.564870987026,31845.324456845905,32264.35372921107,32672.97051824947,32883.68425444413,33081.15983091521,earthquake_m6_5
Camuy,North,2026,30489.149871549944,30729.947741629632,31177.858463511886,31660.63438098588,32054.91092577855,32425.7324062089,32614.97441368236,earthquake_m6_5
Camuy,North,2027,30131.539291463523,30471.353167451896,30989.201219117032,31361.79976638784,31732.791855244104,32156.418599392586,32410.798861988955,earthquake_m6_5
Camuy,North,2028,29712.401505044832,29918.73744596985,30481.89003714803,30941.538371593706,31556.15916575936,32058.204107074016,32275.41187538053,earthquake_m6_5
Camuy,North,2029,29261.29200768176,29621.372051370396,30005.867568696434,30703.560490027623,31212.1902631727,31706.703225963618,31992.127024434947,earthquake_m6_5
Camuy,North,2030,28900.653531585514,29154.974373102563,29681.944960806537,30308.27180542102,30916.929971503767,31415.35390613671,31805.899798525475,earthquake_m6_5
Canóvanas,East,2025,40174.90110670843,40325.621665894825,40662.066231028744,40987.15891178219,41357.7711291344,41627.00380080958,41808.33428720614,earthquake_m6_5
Canóvanas,East,2026,38838.24310127799,38933.92065514663,39288.503527726556,39898.141176417295,40289.78636273681,40610.28609128878,40981.938822564196,earthquake_m6_5
Canóvanas,East,2027,37821.19955954977,38115.54633397012,38596.401687348385,39029.854744317956,39451.577088635364,39980.09167345262,40222.11030130962,earthquake_m6_5
Canóvanas,East,2028,37037.5079380987,37333.39822995792,37773.808322716555,38390.8305846203,39018.66861330409,39494.27637585149,39806.66272534741,earthquake_m6_5
Canóvanas,East,2029,36134.80081206046,36396.93166396924,37075.16780307906,37713.562139504764,38356.46441666401,38809.87781532728,39129.78618903617,earthquake_m6_5
Canóvanas,East,2030,35342.27404608741,35707.979762985975,36379.90128538483,37022.16792055476,37617.06143093533,38283.79858141615,38576.91594507033,earthquake_m6_5
Carolina,Metro,2025,146748.91249770072,147778.5115608116,148996.2665421443,150333.93928504776,151316.6069063657,152731.0479054087,153420.6774358893,earthquake_m6_5
Carolina,Metro,2026,142068.02855077744,143058.21219102357,144715.2100156141,146425.38488636998,147970.7418099894,149716.43841715812,150753.8309583945,earthquake_m6_5
Carolina,Metro,2027,139556.7851378386,140592.4359799613,142674.277357358,144351.05283346341,146411.89738744442,148039.226785199,148893.4297024591,earthquake_m6_5
Carolina,Metro,2028,137932.57631467318,139227.68389747659,140937.9999988494,143182.10608797858,145107.88760969663,147018.6901484931,148356.78995442635,earthquake_m6_5
Carolina,Metro,2029,135713.9772050573,136952.1893274184,138537.93495027028,140911.36529126298,143466.19301734955,145833.15751267754,146771.69777640872,earthquake_m6_5
Carolina,Metro,2030,133965.00870785545,135169.63224701292,136589.15367717395,138667.8521541343,141583.96381871135,143650.5274170789,145483.41831713883,earthquake_m6_5
Cataño,Metro,2025,21998.911237557335,22043.791495724927,22151.6355373972,22243.68241931472,22340.49699507749,22499.317693756613,22560.290971736387,earthquake_m6_5
Cataño,Metro,2026,21493.310268439564,21568.346915413655,21689.82402880962,21804.660643753454,21946.82536401214,22127.940107903753,22268.383272625135,earthquake_m6_5
Cataño,Metro,2027,21080.12026144864,21158.32076985337,21324.58334534949,21503.529949482967,21673.655431830422,21810.19697907841,21897.09960861337,earthquake_m6_5
Cataño,Metro,2028,20772.59979720282,20883.808431801775,21058.414328936276,21257.60271375093,21405.66098261244,21602.93851582345,21711.720368274604,earthquake_m6_5
Cataño,Metro,2029,20464.85366708618,20586.15139301817,20796.862049296287,20998.98043951962,21196.964362187904,21387.955456214488,21483.195534263574,earthquake_m6_5
Cataño,Metro,2030,20168.220992319057,20259.176402225472,20467.61320908888,20695.026839840604,20910.101424202723,21065.992186851236,21204.769472021293,earthquake_m6_5
Cayey,Central Mountains,2025,40123.510412300035,40225.04048408454,40391.6891467282,40602.26268165936,40789.963167769674,40950.0991326669,41048.391610684455,earthquake_m6_5
Cayey,Central Mountains,2026,38869.053393716094,39063.45678353154,39288.28795662314,39663.6821797901,39909.39803435122,40207.13553286525,40369.849410845425,earthquake_m6_5
Cayey,Central Mountains,2027,38290.29502305546,38417.63767770414,38714.12419310986,39046.116299604386,39413.499542854035,39658.53444514312,39764.45919051817,earthquake_m6_5
Cayey,Central Mountains,2028,37853.18411209511,37997.93850007763,38422.224601073045,38685.61259557768,39014.34794611456,39377.95877846101,39595.002418246055,earthquake_m6_5
Cayey,Central Mountains,2029,37410.55048705596,37523.79436405657,37896.97810680679,38275.96820928364,38695.3105652782,39082.309917041166,39235.71116155524,earthquake_m6_5
Cayey,Central Mountains,2030,36812.37937751582,37103.265813839746,37383.27233061188,37828.16222640181,38179.693230245815,38547.84402491338,38831.12395432031,earthquake_m6_5
Ceiba,East,2025,10611.294753033979,10663.28402530943,10722.685248414493,10816.456140092669,10934.289946323755,10994.155091644974,11047.664939396627,earthquake_m6_5
Ceiba,East,2026,10313.103149985658,10368.536974143823,10450.502329923145,10559.143271118715,10669.473129705675,10765.834074296597,10849.48598352284,earthquake_m6_5
Ceiba,East,2027,10014.173557876047,10081.46451853968,10217.419158945246,10366.073373200721,10490.091650589122,10604.14172682578,10668.570272700179,earthquake_m6_5
Ceiba,East,2028,9800.477060931576,9902.893713627735,10032.589809567493,10175.252324056728,10302.914826420563,10423.013568989574,10485.720639209052,earthquake_m6_5
Ceiba,East,2029,9594.205196420535,9680.185038773581,9846.469014099128,9984.588257246265,10124.950805249468,10265.812390293457,10319.65866826712,earthquake_m6_5
Ceiba,East,2030,9463.664851641191,9526.155302011839,9658.706804470783,9833.39711332726,9963.211424610983,10141.317484935033,10212.81937854102,earthquake_m6_5
Ciales,Central Mountains,2025,16133.005402349192,16242.74572120339,16382.143144976217,16559.75485812094,16746.589209592345,16930.955547310372,17005.148284110994,earthquake_m6_5
Ciales,Central Mountains,2026,15687.80047691432,15755.56548314726,15984.075153903306,16209.787659110943,16447.294257088644,16680.49032848676,16848.031415566904,earthquake_m6_5
Ciales,Central Mountains,2027,15521.605908833462,15658.243465239373,15850.254421220798,16091.729425207457,16280.517519109695,16486.065394353504,16646.838151124277,earthquake_m6_5
Ciales,Central Mountains,2028,15252.876527867775,15431.055522661627,15661.992307083588,15917.064711264524,16159.061494414565,16404.942070138222,16592.389419459276,earthquake_m6_5
Ciales,Central Mountains,2029,15071.333912525602,15131.463667677823,15412.881391707651,15660.923597361061,16023.226821825561,16243.0457595075,16521.823801289185,earthquake_m6_5
Ciales,Central Mountains,2030,14892.641074221832,14966.727446515031,15215.906794738596,15533.86204501588,15867.369776916397,16117.861129922943,16405.431514308893,earthquake_m6_5
Cidra,Central Mountains,2025,38514.16012392247,38587.05326450741,38782.156099838,39079.60760328364,39416.57202998348,39635.47457147797,39782.17892321644,earthquake_m6_5
Cidra,Central Mountains,2026,37498.0403475013,37623.79373843649,37848.741288402096,38248.23747487448,38567.22828610932,38959.94420318682,39113.066909883324,earthquake_m6_5
Cidra,Central Mountains,2027,36731.647613563146,36966.6036213568,37329.006824651275,37732.426321791296,38181.23816824186,38591.722727707405,38725.92852773026,earthquake_m6_5
Cidra,Central Mountains,2028,36299.288930698276,36581.70163768858,36895.31048231559,37355.34503783333,37835.70556471629,38321.84135726283,38621.969588648564,earthquake_m6_5
Cidra,Central Mountains,2029,35870.99111464683,36019.10699033008,36440.31704594166,37014.023703327635,37514.68942785793,37912.407442867225,38243.291513386415,earthquake_m6_5
Cidra,Central Mountains,2030,35183.2200145709,35544.0845522876,36010.99875299813,36519.684523516524,37188.127010750824,37557.44703270864,37828.01979997626,earthquake_m6_5
Coamo,South,2025,32613.927582824184,32868.95558617684,33167.05281399856,33549.70443541995,33933.94805267754,34239.12043342015,34433.31599766958,earthquake_m6_5
Coamo,South,2026,31420.301095540075,31645.194265562033,32157.62633904157,32640.02883247901,33456.62131001382,33962.0928285521,34150.94930874917,earthquake_m6_5
Coamo,South,2027,30765.98821840271,31037.46128035916,31489.716376804092,32097.733479734627,32868.52889470064,33341.39682572589,33643.01624211455,earthquake_m6_5
Coamo,South,2028,30088.01612379263,30277.840277325853,30910.597311642716,31583.996316347228,32328.635182437927,32987.966686609594,33325.545066167935,earthquake_m6_5
Coamo,South,2029,29368.252986252228,29694.427209306108,30407.087096141895,31191.456696725196,31926.380933687262,32830.14534565659,33281.06116945129,earthquake_m6_5
Coamo,South,2030,28682.07484442293,29092.25845246347,29738.67420183072,30661.79997224769,31367.50782510519,32215.966866257328,32501.12800043168,earthquake_m6_5
Comerío,Central Mountains,2025,18255.413316191298,18314.044378393286,18401.834395213133,18484.357896412646,18590.74786628053,18657.79925596812,18690.436203027537,earthquake_m6_5
Comerío,Central Mountains,2026,17736.843327569622,17834.723057035804,17945.97577019887,18080.728170705534,18178.349881551854,18262.320417235504,18315.3526638116,earthquake_m6_5
Comerío,Central Mountains,2027,17522.87284047147,17620.95246881748,17706.25275675695,17841.131453889036,17963.21066199403,18072.100012201754,18135.16876511133,earthquake_m6_5
Comerío,Central Mountains,2028,17316.081257896167,17410.942567873935,17545.395032808534,17681.623737518094,17802.149249774633,17928.185585627514,17997.779688880804,earthquake_m6_5
Comerío,Central Mountains,2029,17039.879627642033,17164.4138255682,17333.5011135196,17476.359996343046,17640.278981438958,17776.374631417053,17883.239114843076,earthquake_m6_5
Comerío,Central Mountains,2030,16845.581037173066,16941.997658541888,17096.301507241787,17316.8336101494,17449.991463004328,17619.466284387665,17709.87134914939,earthquake_m6_5
Corozal,Central Mountains,2025,33224.38262526137,33432.3831573025,33667.45013591847,33951.642311850395,34244.54648060819,34533.19766454349,34691.99823061352,earthquake_m6_5
Corozal,Central Mountains,2026,32317.820542311114,32521.6651791173,32905.98721576744,33310.82253491953,33667.4424752142,33962.66659255097,34196.6463840053,earthquake_m6_5
Corozal,Central Mountains,2027,31788.455560531584,31976.873918913996,32365.775068541643,32927.027807469494,33313.90074232012,33749.84245964431,33987.4498516566,earthquake_m6_5
Corozal,Central Mountains,2028,31204.85664977979,31402.571728184226,31945.47416656278,32451.724921546673,32929.157552186174,33321.03072541715,33578.86362666728,earthquake_m6_5
Corozal,Central Mountains,2029,30791.769588067582,31014.84554636114,31525.627925164783,32180.181590074495,32683.479667059528,33034.39004671907,33292.630835904776,earthquake_m6_5
Corozal,Central Mountains,2030,30296.561164792347,30611.98146162691,31176.470302696158,31815.05385326271,32342.031974445068,32868.9932059747,33032.290228291546,earthquake_m6_5
Culebra,East,2025,1278.9998182188813,1296.7436140672062,1326.2117664795533,1356.874857384863,1384.4458297787683,1406.6313891731963,1421.4508641288658,earthquake_m6_5
Culebra,East,2026,1212.9368901071066,1223.8423441814912,1265.8541520854706,1308.277251548041,1348.8217381534355,1371.2871414318668,1398.8012078614722,earthquake_m6_5
Culebra,East,2027,1158.1243820722736,1182.3246287239842,1217.7937005058832,1269.8175313000454,1317.0915503446786,1361.681204299403,1395.11831261828,earthquake_m6_5
Culebra,East,2028,1109.3463223101921,1141.5955281963777,1178.979891779429,1233.2880206353514,1283.3349138629405,1332.7328642251027,1382.8355654480351,earthquake_m6_5
Culebra,East,2029,1077.2738028340946,1093.6301362802828,1139.6682025186383,1198.116731062718,1266.5883194142466,1320.1092521430962,1343.7536612158078,earthquake_m6_5
Culebra,East,2030,1031.5334364449086,1060.0358209724407,1103.5723375694483,1162.0110147021378,1228.99992184173,1280.0086524197354,1321.5601037333554,earthquake_m6_5
Dorado,North,2025,34857.34845169642,34992.39335508853,35168.896626911664,35362.59128702701,35572.11197991376,35773.57305940753,35910.57734000441,earthquake_m6_5
Dorado,North,2026,34035.217744355425,34162.40129223056,34400.475647373605,34675.17744213596,34902.541505180736,35121.81306748904,35220.968731906105,earthquake_m6_5
Dorado,North,2027,33516.69995794131,33671.00380629917,33929.06489411107,34235.6254826238,34515.54356715485,34756.153911827736,34910.29661056964,earthquake_m6_5
Dorado,North,2028,33042.897712522376,33230.05469973988,33515.67768949657,33865.00785596198,34195.9681807435,34484.717025837024,34665.17378731238,earthquake_m6_5
Dorado,North,2029,32660.62182840057,32833.557290729215,33173.43734654157,33471.23272884126,33889.473909907276,34151.44586218765,34278.10062526115,earthquake_m6_5
Dorado,North,2030,32009.83792036751,32450.989178238644,32762.304832459162,33100.34433282743,33401.37982038561,33736.352332115945,33917.43483584903,earthquake_m6_5
Fajardo,East,2025,30089.86943078323,30292.13371504147,30644.175778434204,31004.808132892897,31360.434968137037,31708.714463139626,31944.934470009437,earthquake_m6_5
Fajardo,East,2026,28842.958547977883,29040.30201570638,29558.87550769164,30158.097057473744,30613.42659908008,31033.697409749562,31352.527830412095,earthquake_m6_5
Fajardo,East,2027,28068.570172918262,28321.141938140852,28759.007857247183,29452.387817851064,30035.757708184323,30411.44038751614,30861.452019234348,earthquake_m6_5
Fajardo,East,2028,27358.625216647233,27647.881739779095,27974.022917762966,28957.699069386752,29688.075116786884,30213.78330656206,30642.770647837475,earthquake_m6_5
Fajardo,East,2029,26767.278759730616,26984.274796447913,27588.769358282727,28326.266037557452,29152.604952584312,29907.81952951417,30385.085492272177,earthquake_m6_5
Fajardo,East,2030,26104.80469360396,26363.993151533916,26988.569041873816,27927.814432400846,28662.835009996234,29198.289657644724,29810.571045046934,earthquake_m6_5
Florida,North,2025,11183.929324882556,11225.497170516479,11290.582982601483,11366.342971038133,11447.528521562934,11515.359881614808,11537.905805831524,earthquake_m6_5
Florida,North,2026,10939.61322515684,10978.88773566381,11078.37007715619,11163.649387595207,11241.592159391956,11318.720477466415,11367.02818424919,earthquake_m6_5
Florida,North,2027,10776.459305809358,10828.774192966142,10931.109258423,11057.613018760181,11147.925020077462,11231.171931471761,11307.4252773238,earthquake_m6_5
Florida,North,2028,10598.631404036856,10682.945823487078,10778.156828906942,10908.109901291333,11018.335649757952,11104.477765403952,11191.613203769075,earthquake_m6_5
Florida,North,2029,10464.115770200793,10546.354853206003,10651.479939012786,10751.072722077952,10903.473029357398,11004.641402462972,11081.138028483969,earthquake_m6_5
Florida,North,2030,10347.815603381938,10393.802323850785,10523.193003458515,10659.013050245896,10793.675699119887,10897.409518514685,10940.71276866568,earthquake_m6_5
Guayama,South,2025,33958.48414229087,34104.19430911521,34474.14886496928,34813.17476723128,35062.17474623871,35371.101464712876,35516.82561056917,earthquake_m6_5
Guayama,South,2026,32978.665017985666,33135.36660066717,33489.34439922063,33870.19591460637,34347.91181814679,34687.59400869727,34877.875530845595,earthquake_m6_5
Guayama,South,2027,31960.085618039266,32371.30206604224,32785.64130590906,33241.49292303588,33798.65346599952,34180.80970728439,34409.686762990714,earthquake_m6_5
Guayama,South,2028,31351.879791067382,31623.83196046757,32217.052735483325,32652.988786730908,33153.97444835227,33767.01038410021,34147.087777611036,earthquake_m6_5
Guayama,South,2029,30810.440148933245,31038.689642148514,31518.51203336031,32070.102354025417,32607.545118126523,33276.11061148406,33624.44096289134,earthquake_m6_5
Guayama,South,2030,29891.914711950692,30085.080975222296,30908.82638303487,31566.62007025958,32221.329731611535,32828.50700272045,33249.38931282324,earthquake_m6_5
Guayanilla,South,2025,16715.935383740176,16775.02823988325,16864.22093278034,16961.14045702135,17032.157577180587,17139.382458508877,17174.538505189917,earthquake_m6_5
Guayanilla,South,2026,16246.216148374198,16315.81032968116,16416.906106057635,16567.184814958076,16698.03125325117,16827.13738665931,16861.865028780983,earthquake_m6_5
Guayanilla,South,2027,15949.738341778277,16014.116778581647,16150.14792054259,16290.140932009484,16447.502354973753,16580.76217582928,16617.942161749357,earthquake_m6_5
Guayanilla,South,2028,15689.212197245293,15744.575305574292,15919.127558180464,16051.517246540441,16219.421039217152,16416.5357443766,16499.523430032343,earthquake_m6_5
Guayanilla,South,2029,15429.690570630024,15531.69178951361,15701.602192590035,15857.82506093473,16025.72327339795,16294.926145746314,16373.696001830282,earthquake_m6_5
Guayanilla,South,2030,15191.057876376663,15272.8691845826,15480.1952562,15630.813419273843,15827.91117435691,16088.209111733371,16158.364707097659,earthquake_m6_5
Guaynabo,Metro,2025,85617.12496546085,86096.05646835004,86977.77841826662,87820.18419776099,88719.1455319176,89449.20631247375,89999.60435184343,earthquake_m6_5
Guaynabo,Metro,2026,83057.44917995302,83708.38978967551,84602.07242645725,85748.28875616507,86960.79437277821,87954.79379257055,88680.1470074388,earthquake_m6_5
Guaynabo,Metro,2027,81693.33782637358,82522.22873252268,83629.65852706901,84717.76896318898,85909.17654991648,86990.45096619324,87719.74267210565,earthquake_m6_5
Guaynabo,Metro,2028,80354.6492630758,81086.89514392854,82442.54007028419,83897.65570157598,85069.46189630889,86706.37482249878,87306.60633321643,earthquake_m6_5
Guaynabo,Metro,2029,79014.6537315463,79951.28415829416,81412.60360065324,82638.89780417038,84592.26705410208,85793.35032516587,86854.07064044577,earthquake_m6_5
Guaynabo,Metro,2030,77695.23385728117,78535.47869971964,80202.07804537768,81545.48547376992,83389.5262474553,85144.31627694918,85920.2415413157,earthquake_m6_5
Gurabo,East,2025,37934.28657548961,38136.91291131641,38783.37400796209,39334.82649935342,40053.90743364339,40541.44267354821,40931.808360350224,earthquake_m6_5
Gurabo,East,2026,36273.50341300287,36756.667043069836,37568.72893294828,38340.350962932185,39167.1543236869,39673.45039598129,40163.00905243218,earthquake_m6_5
Gurabo,East,2027,35198.23509156274,35625.97426260338,36322.59490968168,37449.31518558848,38382.75688008315,39318.74022680675,39681.67886797214,earthquake_m6_5
Gurabo,East,2028,34105.73170809431,34517.12284810688,35782.439321165046,36892.5089724908,37820.53062640253,39099.3967715519,39402.16866913771,earthquake_m6_5
Gurabo,East,2029,33147.93704327292,33873.11128959823,34980.43150274408,36086.99776232864,37357.06699002608,38392.551882394466,39243.48875140761,earthquake_m6_5
Gurabo,East,2030,32290.694963529106,32936.5441541496,34154.48991237451,35361.80498796295,36733.111489133524,37752.85790175779,39098.61007841437,earthquake_m6_5
Guánica,West,2025,12310.371981985603,12365.28706030717,12475.70064482638,12582.65425433823,12718.668892701995,12827.125232543596,12866.284941279479,earthquake_m6_5
Guánica,West,2026,11789.923435419843,11878.399309563576,12020.316587908601,12194.319590474595,12337.833520621845,12459.848998569985,12541.10735027185,earthquake_m6_5
Guánica,West,2027,11377.58031207013,11488.173967423862,11692.780420023917,11854.131124711374,12071.988236026213,12252.013537564262,12386.496470833556,earthquake_m6_5
Guánica,West,2028,10974.378320370568,11144.203652257213,11367.244892117173,11603.943337868712,11824.144876520615,12076.87844713773,12134.982294087617,earthquake_m6_5
Guánica,West,2029,10697.392603592356,10857.29430421123,11158.344134212693,11367.265148012913,11598.921191838173,11824.719245720364,11985.670550035078,earthquake_m6_5
Guánica,West,2030,10503.972108958453,10627.342617111368,10884.891622384584,11139.415829885646,11398.756817655943,11630.342325042086,11803.866941472199,earthquake_m6_5
Hatillo,North,2025,37206.985802077426,37296.75569875021,37544.05221521055,37753.27856999585,37981.125038514496,38175.268791641545,38259.038101009464,earthquake_m6_5
Hatillo,North,2026,36228.22246224474,36441.44963413081,36739.50829940313,36999.999733669174,37301.027643786954,37541.02405621275,37691.75443611444,earthquake_m6_5
Hatillo,North,2027,35937.86534244352,36123.27442224679,36382.99760185961,36637.294648524236,36975.68107136678,37245.4568983891,37402.29324487102,earthquake_m6_5
Hatillo,North,2028,35460.03978146783,35571.86517992609,35922.782806078874,36244.08824831083,36553.359822837294,36861.88611773584,37006.31101806854,earthquake_m6_5
Hatillo,North,2029,34903.1574852158,35056.65749074027,35420.12789481674,35820.623698808435,36151.95570605957,36557.397010489,36733.674969079875,earthquake_m6_5
Hatillo,North,2030,34295.33655013641,34559.950717955675,35007.138816106104,35421.69537975469,35776.00342408019,36176.221260610095,36489.20927747731,earthquake_m6_5
Hormigueros,West,2025,15117.38433172677,15152.563110172727,15205.75123677928,15286.807215547535,15358.561396750953,15427.76030641406,15469.882317884381,earthquake_m6_5
Hormigueros,West,2026,14697.209926783189,14739.835260261412,14838.768603241093,14934.468412832884,15051.80995571542,15132.607090236668,15194.62298924169,earthquake_m6_5
Hormigueros,West,2027,14565.46612199996,14618.742820240075,14705.889893691121,14807.090423397593,14905.628974537092,14994.817252271308,15065.701971844273,earthquake_m6_5
Hormigueros,West,2028,14416.232495170672,14526.036179304963,14621.161937277831,14710.05293499708,14840.06124710597,14929.557910980015,14975.452777886263,earthquake_m6_5
Hormigueros,West,2029,14193.61599123477,14242.462251147615,14370.400515970416,14517.44492250299,14659.099277224932,14763.729050618675,14838.919253552906,earthquake_m6_5
Hormigueros,West,2030,13993.144264355751,14043.87809734864,14159.005566052583,14293.919957405065,14434.334320540942,14558.85189162699,14646.985608441631,earthquake_m6_5
Humacao,East,2025,48490.064209684046,48620.07183059642,48904.754653653115,49218.96231087946,49465.50118317253,49660.3679319261,49867.45877034687,earthquake_m6_5
Humacao,East,2026,47005.91335479973,47184.47127851191,47486.240879229124,47785.35564219867,48119.02306729698,48388.20370000176,48639.69618533463,earthquake_m6_5
Humacao,East,2027,45925.7340368939,46176.87284378091,46499.24438493512,46854.091228163525,47313.92686498744,47579.06267980847,47787.306854024886,earthquake_m6_5
Humacao,East,2028,45134.73689666983,45315.203261832634,45684.393442336834,46109.19292562484,46480.39157454681,46885.495956485334,47108.56510471732,earthquake_m6_5
Humacao,East,2029,44353.959542553304,44588.527014772524,44883.842668597346,45386.02264310092,45874.43065500185,46279.84848984053,46592.92047008498,earthquake_m6_5
Humacao,East,2030,43572.21401008914,43834.76771616899,44240.55885230678,44699.23751805574,45147.17219091167,45590.689341997655,45779.28552810296,earthquake_m6_5
Isabela,West,2025,41230.020598778996,41474.71505150764,41847.179939305104,42254.049877816025,42698.047343864884,43143.12544561019,43353.94979697464,earthquake_m6_5
Isabela,West,2026,40020.79254519843,40468.86109524247,40889.64286622274,41332.2992984323,41881.58787061932,42440.498494336876,42704.580902807815,earthquake_m6_5
Isabela,West,2027,39688.839085771906,39977.33731052896,40447.374507916546,41015.23415243316,41536.545459219386,42060.53325236167,42308.66802900985,earthquake_m6_5
Isabela,West,2028,39004.38838569895,39317.758512010325,39828.95294555174,40589.93101570899,41153.92868827661,41701.501276185736,42040.74732966457,earthquake_m6_5
Isabela,West,2029,38292.39284360314,38778.22056083703,39230.32824552779,39868.68758914943,40630.005516477606,41221.507427381934,41586.67953048513,earthquake_m6_5
Isabela,West,2030,37788.21118669742,38155.94703059588,38773.667593157596,39358.683831484,40092.2191961066,40958.36172989432,41360.463959223605,earthquake_m6_5
Jayuya,Central Mountains,2025,14112.56980658328,14179.404295829163,14280.77003956557,14423.223219206215,14564.077789650913,14699.956295011776,14789.313949899237,earthquake_m6_5
Jayuya,Central Mountains,2026,13758.996111031884,13833.690303309528,13956.117711642004,14137.622438821067,14310.797459759513,14481.536211007166,14625.736043668434,earthquake_m6_5
Jayuya,Central Mountains,2027,13572.752755673388,13653.868373721822,13827.653952322735,14030.239558532101,14173.804854293281,14342.416439114975,14485.238251780256,earthquake_m6_5
Jayuya,Central Mountains,2028,13385.737672028512,13459.310544293792,13676.094953557482,13885.426448913295,14056.667489932228,14282.25465561323,14413.33199186574,earthquake_m6_5
Jayuya,Central Mountains,2029,13237.580938907324,13299.26588094187,13486.380331936924,13705.592006546238,13980.075239065942,14149.977604756043,14297.747770767804,earthquake_m6_5
Jayuya,Central Mountains,2030,13066.545976467927,13184.942192543556,13301.236797543506,13530.268609497618,13770.869272913133,14036.36270937821,14147.686064486059,earthquake_m6_5
Juana Díaz,South,2025,44727.62423388763,44884.90731818564,45142.74384583191,45512.9864588457,45901.910190782306,46233.31069046999,46356.28894544857,earthquake_m6_5
Juana Díaz,South,2026,43341.57877279275,43525.73985695751,43912.28079288167,44468.80979658931,44951.166993167964,45374.34897884271,45626.142090313784,earthquake_m6_5
Juana Díaz,South,2027,42331.09276406031,42641.71040684278,43078.68389308712,43633.20416400464,44278.56512665463,44805.362715551324,45088.687592540315,earthquake_m6_5
Juana Díaz,South,2028,41541.84743438919,41834.09319590615,42436.119534882775,43023.92957425631,43617.1722763949,44199.731092990725,44692.88318570034,earthquake_m6_5
Juana Díaz,South,2029,40750.68907142615,41056.44235853115,41747.38968963161,42346.910023463235,43034.80251567155,43720.702431629594,44041.17348588135,earthquake_m6_5
Juana Díaz,South,2030,39944.60789497777,40310.025377461636,40938.12659697653,41814.43913352543,42457.10919255808,42995.52368695273,43216.34634976993,earthquake_m6_5
Juncos,East,2025,35633.51152528708,35750.23057646033,35916.06804071413,36151.366179231045,36395.04418636511,36572.00203632505,36657.24045969214,earthquake_m6_5
Juncos,East,2026,34382.00814615207,34558.605062954615,34794.269990408335,35074.15142435911,35396.9960450889,35622.19559713908,35741.94534890482,earthquake_m6_5
Juncos,East,2027,33392.30413042076,33636.42257793264,33977.6859506118,34383.85009004077,34685.02666119724,35004.21375258453,35183.87966689102,earthquake_m6_5
Juncos,East,2028,32697.91001180251,32861.60803956947,33252.04899062323,33737.5651955558,34114.065835493304,34509.59076593601,34658.39014266489,earthquake_m6_5
Juncos,East,2029,32171.058473961297,32341.732305777346,32720.74454787759,33129.83382869522,33544.601530541935,33836.0218556349,34061.08793184084,earthquake_m6_5
Juncos,East,2030,31490.331772894886,31735.161096547454,32177.861965286385,32586.140890402683,33011.70837155292,33376.10493577786,33515.24956719053,earthquake_m6_5
Lajas,West,2025,22203.378608346582,22367.960906473927,22594.60235133339,22818.905719135877,23019.01197062141,23161.85703765329,23350.35445863706,earthquake_m6_5
Lajas,West,2026,21681.39883488715,21800.221683138865,22052.502002088055,22347.243966763235,22580.067643140286,22889.63433242897,23005.52706375072,earthquake_m6_5
Lajas,West,2027,21567.427490137154,21684.05946325452,21868.34781368588,22094.406857332786,22434.504489475446,22755.482000601074,22868.11360296763,earthquake_m6_5
Lajas,West,2028,21238.867894201336,21369.50478963256,21703.56291552781,22005.24537263387,22292.204969142327,22555.03877522806,22769.47101558422,earthquake_m6_5
Lajas,West,2029,21009.194394307102,21140.551860775013,21369.733884791814,21725.37867167154,22159.14215771445,22489.916466112656,22684.961565359423,earthquake_m6_5
Lajas,West,2030,20678.43348444799,20784.94342123974,21116.619385552436,21466.942380155822,21890.014968171454,22187.118009255824,22469.66132383515,earthquake_m6_5
Lares,Central Mountains,2025,26292.602669847158,26481.22803609562,26926.634506833187,27415.747398422587,27977.551495197833,28523.923628846598,28699.88186086649,earthquake_m6_5
Lares,Central Mountains,2026,25109.135951219814,25372.553568802687,26083.808752284684,26930.366166224812,27667.76140631659,28071.995769363573,28517.172057507116,earthquake_m6_5
Lares,Central Mountains,2027,24809.691057576634,24990.96451664646,25684.432969754587,26525.9356315299,27224.54989401556,27981.14666324574,28479.520558659697,earthquake_m6_5
Lares,Central Mountains,2028,24233.028853575408,24676.387484379866,25311.326939686864,26244.97129749103,27044.528940712822,27683.20273529128,28353.391135295973,earthquake_m6_5
Lares,Central Mountains,2029,23561.32900954013,24047.130312024223,25048.158173088323,26011.75059343934,26893.70202391496,27713.644596706843,28307.03648288202,earthquake_m6_5
Lares,Central Mountains,2030,23286.347072559234,23603.718930789215,24582.120208595737,25804.510168867142,26825.92744226768,27594.539930511437,27941.752306284987,earthquake_m6_5
Las Marías,West,2025,8333.874799257335,8386.642057585726,8490.176821279958,8605.347670742329,8732.203848311347,8852.022717829588,8905.237969854494,earthquake_m6_5
Las Marías,West,2026,8024.62392922429,8154.621943412869,8278.796096634975,8463.755118871226,8622.336862192915,8746.227028770083,8769.263156184048,earthquake_m6_5
Las Marías,West,2027,7944.463761459096,8046.374220574131,8203.812457220658,8388.051258326836,8539.780767088161,8719.706993329528,8824.218327926488,earthquake_m6_5
Las Marías,West,2028,7795.459127090127,7933.455266911428,8100.913400030937,8311.648559070392,8502.550675568633,8671.503093987987,8769.400588765267,earthquake_m6_5
Las Marías,West,2029,7555.251887765166,7736.535042566875,7937.059537246448,8166.901819887185,8408.581600401325,8590.819872096574,8702.185369911946,earthquake_m6_5
Las Marías,West,2030,7481.74319617213,7592.117685707747,7809.632221030518,8060.200575579984,8352.197207282825,8550.898531793675,8586.54746530908,earthquake_m6_5
Las Piedras,East,2025,33650.10821702507,33743.1153425884,34009.68656310058,34264.97399197427,34553.41914748155,34793.819278760595,34895.15982266283,earthquake_m6_5
Las Piedras,East,2026,32414.80410407926,32554.169152790946,32848.64396269496,33212.45085612908,33625.25576086476,34011.326710987225,34219.605241296216,earthquake_m6_5
Las Piedras,East,2027,31586.285853392837,31756.85101882046,32091.61840199501,32498.347142028473,32990.97372674326,33326.801254083744,33466.02909161962,earthquake_m6_5
Las Piedras,East,2028,30816.043741980022,31052.10802339791,31525.602216430478,32002.41814276723,32475.38219498486,32875.98156395904,33127.71166256855,earthquake_m6_5
Las Piedras,East,2029,30278.851860310904,30563.801623502022,30959.183862290793,31464.801897957666,31919.320113858554,32440.814251354062,32671.399826771954,earthquake_m6_5
Las Piedras,East,2030,29826.858147188337,29982.334562492066,30353.043717932065,30933.63380681255,31420.16784141625,32046.943098069656,32274.496668076146,earthquake_m6_5
Loíza,East,2025,22097.761576118413,22135.43847926667,22248.729908106412,22387.895217853125,22511.362648708146,22645.61738848279,22690.678208450452,earthquake_m6_5
Loíza,East,2026,21381.315588491485,21485.126922678028,21632.33198789666,21828.687961852364,21966.50713474083,22107.991362599194,22189.91580292946,earthquake_m6_5
Loíza,East,2027,20916.269364229596,21019.51488014122,21159.694649635632,21363.737896047216,21516.061273063417,21635.98534463942,21793.5319132819,earthquake_m6_5
Loíza,East,2028,20391.66791610178,20509.15053645192,20707.37495203026,20951.3231143393,21123.93809417294,21278.71682268448,21334.40086711641,earthquake_m6_5
Loíza,East,2029,19987.122205540367,20072.251039979088,20332.87332701849,20580.836130742136,20803.02660890084,20978.066042440667,21039.995348487693,earthquake_m6_5
Loíza,East,2030,19576.188998313617,19740.816112497818,19963.332443133462,20205.99281117628,20433.268823492304,20653.809982411207,20728.976496457115,earthquake_m6_5
Luquillo,East,2025,16952.336080236502,17019.975673879755,17125.346903247435,17206.789186400118,17296.59431803035,17382.113146714342,17428.559677915353,earthquake_m6_5
Luquillo,East,2026,16369.302191510122,16479.75204703395,16583.144341589352,16729.82693405942,16849.560847540386,16930.189859371418,16996.87427797671,earthquake_m6_5
Luquillo,East,2027,16067.501479354663,16145.364224275645,16261.007333226393,16414.53298181996,16540.997456336318,16642.679691086156,16725.702194364123,earthquake_m6_5
Luquillo,East,2028,15747.829172520522,15790.635847260011,15983.906067039146,16098.443035451808,16284.60246912696,16434.446812958475,16534.70024702802,earthquake_m6_5
Luquillo,East,2029,15411.234689517643,15525.854505280726,15667.036756931033,15851.491692789476,16034.250026162179,16225.63189427668,16332.725434382639,earthquake_m6_5
Luquillo,East,2030,15169.458446463286,15246.343164835545,15421.124738620381,15584.697364573234,15801.833614327785,15970.740621481908,16080.805896318132,earthquake_m6_5
Manatí,North,2025,37773.867345785846,37963.90171831635,38159.28781532665,38537.3719951306,38806.23117168403,39180.626234811054,39357.66689249581,earthquake_m6_5
Manatí,North,2026,36834.60604751133,37065.9489122669,37381.21266061341,37719.01909320282,38168.502800534814,38546.791075272246,38691.71878679363,earthquake_m6_5
Manatí,North,2027,36168.437980382056,36402.75106725528,36852.28836437381,37247.68196422864,37852.76990864551,38222.04401220518,38522.640689760185,earthquake_m6_5
Manatí,North,2028,35696.45841175037,35980.81822703293,36329.2997413596,36845.97100751051,37453.827618916155,37982.40164672289,38355.879262039496,earthquake_m6_5
Manatí,North,2029,35095.683280224584,35455.51088033463,35927.144069078255,36504.40672907946,37084.32512783199,37655.008489375236,37943.20946358438,earthquake_m6_5
Manatí,North,2030,34618.46327347466,34922.410566546074,35534.790801310795,36155.17231848201,36735.051225219104,37406.34744844622,37758.16224293129,earthquake_m6_5
Maricao,West,2025,4803.0365533225595,4825.477172979262,4885.911823621721,4939.167185219767,5002.9595994553365,5079.8802278211415,5115.00626382426,earthquake_m6_5
Maricao,West,2026,4689.286623635038,4754.841062026569,4825.95960175076,4897.007299791016,4990.655240387174,5043.529132725534,5080.449601118206,earthquake_m6_5
Maricao,West,2027,4581.189490606874,4658.254437124763,4738.965538742188,4837.591390816484,4924.329980259861,5003.764852527322,5057.691338716633,earthquake_m6_5
Maricao,West,2028,4521.052095296578,4600.704662021065,4706.732166739543,4795.5146906279315,4884.96675361541,5005.846724439039,5045.668771622933,earthquake_m6_5
Maricao,West,2029,4445.450481113054,4515.775821225144,4638.609348640954,4760.297656604776,4867.184031834728,4964.440004204515,5025.606722399004,earthquake_m6_5
Maricao,West,2030,4383.219622751744,4480.887071294084,4582.240692314292,4687.372678056112,4841.953532734665,4938.628275616393,5012.179453857295,earthquake_m6_5
Maunabo,East,2025,10040.49732420768,10084.310990670798,10148.323332138305,10213.866094610348,10281.096004785548,10339.856580069987,10381.487362379974,earthquake_m6_5
Maunabo,East,2026,9679.376986609468,9732.157817806241,9838.4688664546,9932.388924601291,10024.995079884044,10087.325117067485,10117.167736105228,earthquake_m6_5
Maunabo,East,2027,9468.095064034615,9519.988514848343,9622.744777056048,9734.183415199845,9833.448198684962,9919.668372912392,9978.32158220623,earthquake_m6_5
Maunabo,East,2028,9275.515819701723,9348.194446736763,9438.531981305921,9530.607228200453,9642.801103718535,9757.573890933329,9814.605671172365,earthquake_m6_5
Maunabo,East,2029,9115.942934008493,9155.920768710374,9256.653743327024,9349.00680648089,9480.128715774292,9609.494029681258,9687.644919476745,earthquake_m6_5
Maunabo,East,2030,8884.114897191568,8969.06616331398,9068.292490804415,9191.800364046676,9340.372307869486,9466.442126062651,9537.067818410176,earthquake_m6_5
Mayagüez,West,2025,69368.51682350803,69668.74270318123,70015.3050957851,70524.2456843624,71009.38850071294,71351.10763679378,71631.44647227386,earthquake_m6_5
Mayagüez,West,2026,67920.1931467543,68214.25171949243,68811.19211403042,69411.80180355982,70207.50559897395,70667.6207927479,70885.62706323754,earthquake_m6_5
Mayagüez,West,2027,66825.02639892984,67251.08084049905,67714.35346779633,68427.27371253847,69082.71057753483,69658.4641842817,70335.20913059334,earthquake_m6_5
Mayagüez,West,2028,66020.8980409683,66306.44353604242,67084.74736457113,67770.77089603909,68526.4815753219,69322.5014730546,69917.30505112509,earthquake_m6_5
Mayagüez,West,2029,65127.04595288066,65574.71369080278,66113.2603798518,67063.67635535923,67925.19245141202,68532.78114762553,69275.20142581797,earthquake_m6_5
Mayagüez,West,2030,63878.78400242844,64398.13155806866,65262.638606716195,66168.20884025928,67076.42667178602,67794.25585364703,68275.80202478397,earthquake_m6_5
Moca,West,2025,35907.72955049824,36066.72386081884,36396.5412635275,36862.466045943176,37281.09073219337,37660.345438647615,37822.314093358094,earthquake_m6_5
Moca,West,2026,34924.92056324396,35165.548483544866,35562.20674302243,36079.3737762829,36666.98663335759,37088.02529005647,37302.38523643443,earthquake_m6_5
Moca,West,2027,34332.17871865959,34613.722372112315,35101.73807764609,35781.2916501711,36329.85344085173,36830.22991754498,37253.96814230491,earthquake_m6_5
Moca,West,2028,33764.040541058705,33915.10349087503,34609.43934820567,35162.410170432675,35960.95199759143,36521.38127314187,36854.042537293084,earthquake_m6_5
Moca,West,2029,33144.22201898862,33402.33627654839,34109.145160881155,34839.67192960007,35382.23753947216,35921.68090760037,36391.69378636189,earthquake_m6_5
Moca,West,2030,32672.300228758708,32933.28596041383,33723.86864367526,34349.79444449186,35071.09766350196,35825.62390166702,36194.44101570926,earthquake_m6_5
Morovis,Central Mountains,2025,27619.789128907265,27783.072965192852,27956.98398218949,28166.522384710508,28394.402433977273,28600.81809880466,28722.7013137817,earthquake_m6_5
Morovis,Central Mountains,2026,26848.722539073184,27048.234043592285,27297.338381971767,27577.499522320657,27846.775755134007,28079.255338219642,28269.194836272472,earthquake_m6_5
Morovis,Central Mountains,2027,26480.538639358332,26652.68663231261,26930.50083461403,27283.24195501236,27514.653006920424,27830.669246189103,28027.012915638392,earthquake_m6_5
Morovis,Central Mountains,2028,26139.036961803118,26291.773329004664,26628.771826623946,26992.368668941053,27305.879130306035,27664.565885097825,27869.30311745404,earthquake_m6_5
Morovis,Central Mountains,2029,25754.15238110351,25986.510919596913,26313.45237715641,26702.830138378777,27073.549929939963,27493.369463048435,27774.748122649617,earthquake_m6_5
Morovis,Central Mountains,2030,25343.767668698147,25618.815225527705,25978.98934012321,26412.23309566589,26753.707905439274,27185.648754062044,27489.703583215774,earthquake_m6_5
Naguabo,East,2025,21970.22264768587,22142.23390279839,22358.61439377559,22605.229927398534,22908.1087631074,23240.85583896165,23369.267929458743,earthquake_m6_5
Naguabo,East,2026,21092.63404346861,21317.796283990905,21646.090644321295,21989.44120681702,22360.450262862356,22643.301792739196,22857.169773145655,earthquake_m6_5
Naguabo,East,2027,20459.25080091797,20594.120882502884,21119.745875865767,21651.612030477427,22056.68650969263,22344.467358342026,22692.855209408426,earthquake_m6_5
Naguabo,East,2028,20043.555349595925,20312.528660558022,20711.638342255486,21219.391393973274,21734.701170096676,22085.673166686374,22330.18216638179,earthquake_m6_5
Naguabo,East,2029,19495.72512698726,19930.249069906135,20321.26132371452,20842.721955747773,21397.329247462912,21786.081249822288,22097.824317073384,earthquake_m6_5
Naguabo,East,2030,18977.297066807496,19516.289369488295,19940.082152381794,20546.373498146528,20962.971921300465,21381.232797975576,21666.747759828355,earthquake_m6_5
Naranjito,Central Mountains,2025,28169.88452007962,28260.538611101365,28509.18893818482,28834.2570076173,29037.469785886544,29310.443392647925,29447.39846628305,earthquake_m6_5
Naranjito,Central Mountains,2026,27335.861229797054,27546.46774368189,27897.51002175689,28164.781798716886,28477.478631099606,28754.983706705698,28986.077250752074,earthquake_m6_5
Naranjito,Central Mountains,2027,26763.557086427063,27003.671313343355,27399.609242896608,27862.386127357255,28252.038859037886,28527.970412264345,28637.210312926236,earthquake_m6_5
Naranjito,Central Mountains,2028,26457.194315999233,26689.10747673968,27071.80882918516,27518.700598670774,27931.57023620288,28325.395728733816,28613.684854820032,earthquake_m6_5
Naranjito,Central Mountains,2029,25993.73716758489,26273.694845750066,26792.156661591005,27180.623742966673,27612.008620469744,28100.364620271048,28473.603076627885,earthquake_m6_5
Naranjito,Central Mountains,2030,25643.063879316556,26001.911772082873,26369.435941530504,26862.63730057105,27374.488410093538,27756.25092692217,28180.350129109956,earthquake_m6_5
Orocovis,Central Mountains,2025,20465.693287832815,20597.347505920476,20781.352569357492,20976.945885191133,21170.329778467323,21340.46213489291,21414.96689853846,earthquake_m6_5
Orocovis,Central Mountains,2026,19962.173024776574,20067.07635641888,20299.10564304809,20542.79777071705,20745.354999688083,21016.243454247135,21139.369083261452,earthquake_m6_5
Orocovis,Central Mountains,2027,19752.370447192232,19841.005743039765,20046.63474325432,20368.567416684615,20607.693921241156,20791.253026734572,20866.575163119287,earthquake_m6_5
Orocovis,Central Mountains,2028,19440.835972610763,19558.824370747298,19799.394518566063,20138.79194970654,20358.817412231405,20591.84937584234,20752.519811005695,earthquake_m6_5
Orocovis,Central Mountains,2029,19055.216229024234,19219.96269703909,19476.25085566298,19835.661025988906,20108.30583782179,20439.81093837327,20641.909767795805,earthquake_m6_5
Orocovis,Central Mountains,2030,18896.142185898036,19002.265372924703,19252.848283989348,19582.078841457078,19925.856104181796,20253.225421443818,20371.354388176467,earthquake_m6_5
Patillas,South,2025,15116.29153143761,15163.762567592748,15235.27945399863,15311.143005889944,15378.931367170833,15460.431408776181,15507.10327200572,earthquake_m6_5
Patillas,South,2026,14666.516187770647,14762.129281235719,14829.787461515425,14937.559509966188,15031.708245876069,15115.185722190932,15185.975537602502,earthquake_m6_5
Patillas,South,2027,14352.535289498046,14424.62804568297,14531.011311149769,14631.26597325596,14762.711144458171,14870.86655135628,14956.81728081086,earthquake_m6_5
Patillas,South,2028,14069.755798650316,14123.09402694836,14212.283468074977,14337.810153633822,14491.299866910264,14643.201553462259,14702.05221813966,earthquake_m6_5
Patillas,South,2029,13774.684732089974,13814.722475718323,13931.61862072327,14066.119721216673,14238.25046659964,14380.739182900717,14492.260932957888,earthquake_m6_5
Patillas,South,2030,13476.704940529415,13500.536406011153,13659.029358833775,13818.496700614272,13961.629084723209,14098.508323233324,14229.731906638077,earthquake_m6_5
Peñuelas,South,2025,19102.875081462298,19218.438684285993,19367.85279102699,19584.484714121427,19773.313272256695,20012.40970227454,20116.191346879797,earthquake_m6_5
Peñuelas,South,2026,18473.273850264348,18610.89721083374,18866.792127539808,19171.546419034996,19406.32999417225,19716.96447047374,19886.222692785377,earthquake_m6_5
Peñuelas,South,2027,18037.836745006,18213.793019039353,18458.541200218224,18791.621701499866,19121.83544669325,19438.762882397346,19627.2054823575,earthquake_m6_5
Peñuelas,South,2028,17720.59205095012,17887.191337608416,18141.19445400969,18516.792846263583,18871.724432586765,19225.191801066027,19406.784472428237,earthquake_m6_5
Peñuelas,South,2029,17484.12726972542,17616.710300660692,17879.72097199614,18249.009519077143,18669.65484498035,19147.513317794113,19333.13782213463,earthquake_m6_5
Peñuelas,South,2030,17128.93726994365,17277.550941568425,17641.326431693782,17993.688366066148,18513.881812427935,18885.452931260024,19126.83325365339,earthquake_m6_5
Ponce,South,2025,128324.74130154244,129048.47769247352,130032.79410990534,131176.9421478096,132349.6139549515,133299.4937998867,133880.97165549028,earthquake_m6_5
Ponce,South,2026,124783.63535821192,125439.70159081822,126573.63034413972,128137.27310465433,129486.68263724512,130711.30413520096,131681.19182416808,earthquake_m6_5
Ponce,South,2027,122071.24681699033,122418.7563812724,124380.76674231123,125924.01445399939,127377.49590273574,128804.59703123505,130085.87202448919,earthquake_m6_5
Ponce,South,2028,119597.12069903771,120585.85733450945,121984.84256960299,123989.18011367464,126150.79443667353,127415.12009043677,128582.33366164386,earthquake_m6_5
Ponce,South,2029,117342.60913216571,118292.6192510056,119916.29422274178,121839.12855402991,124293.28477439917,125626.46469644405,126851.81187887283,earthquake_m6_5
Ponce,South,2030,115099.5380016064,116149.04098249658,117847.06876980097,119921.49809934695,122247.79217519345,124159.18785744028,125350.7084531003,earthquake_m6_5
Quebradillas,North,2025,22737.511086214225,22810.962387792475,22947.089816629865,23092.346991567192,23249.542918592713,23391.03533462803,23549.053751927022,earthquake_m6_5
Quebradillas,North,2026,22230.60140087035,22305.703140171874,22495.1012658376,22672.309435315197,22859.087651368995,23028.917022141337,23193.808539658934,earthquake_m6_5
Quebradillas,North,2027,21986.52091716738,22112.3799334178,22266.0134145072,22474.13149774917,22652.339661072645,22804.083436368135,22900.315819593798,earthquake_m6_5
Quebradillas,North,2028,21668.23890367798,21802.07569888052,21982.028946101993,22198.31391686276,22404.808351813175,22576.114307094547,22677.22208169637,earthquake_m6_5
Quebradillas,North,2029,21314.127944291708,21431.732235705684,21633.95016457417,21897.318331584076,22109.087689333162,22303.31317617486,22433.149922102595,earthquake_m6_5
Quebradillas,North,2030,21015.56466137185,21162.424288920258,21389.632982490817,21653.181548787506,21901.631581567213,22110.511318894623,22211.815940306155,earthquake_m6_5
Rincón,West,2025,14661.709639539245,14740.653156467653,14926.698698594158,15149.791111415216,15349.33527035495,15507.307566949206,15595.660442710667,earthquake_m6_5
Rincón,West,2026,14107.971526362155,14382.624997485795,14578.148476654816,14834.82841220534,15124.858113325768,15309.313769597862,15458.461224596307,earthquake_m6_5
Rincón,West,2027,13885.30872448654,14066.948566858176,14340.460271564807,14657.600211399425,14905.461080208634,15123.496503948158,15224.074197897366,earthquake_m6_5
Rincón,West,2028,13688.082457516477,13826.122234824003,14161.095831562265,14440.319672800757,14755.571167553737,15024.379670505901,15242.06786715358,earthquake_m6_5
Rincón,West,2029,13427.046597842756,13665.092533436302,13972.262034588412,14282.08731972264,14606.454514145353,14903.35398121843,15087.901607206688,earthquake_m6_5
Rincón,West,2030,13271.51273216424,13478.157928069348,13753.47966773819,14128.761412734184,14432.238003045213,14745.808520679835,14952.076474885693,earthquake_m6_5
Río Grande,East,2025,44592.66331352104,44748.783560582786,44943.10817600785,45303.076789010025,45550.290809060025,45815.13340939027,46001.47238611839,earthquake_m6_5
Río Grande,East,2026,43178.91210154981,43393.570163018725,43666.68356586728,44006.120475873955,44320.689180984096,44682.744284320834,44812.479675341776,earthquake_m6_5
Río Grande,East,2027,42208.997647709395,42387.3839873935,42694.45873884112,43110.97254544794,43544.222592897786,43801.129615168116,44040.64165557368,earthquake_m6_5
Río Grande,East,2028,41312.79922971661,41529.12155185543,41890.08509332426,42345.79493294206,42915.418042427445,43141.95426802646,43295.21228879292,earthquake_m6_5
Río Grande,East,2029,40485.67764627562,40664.09757954464,41106.15978631403,41638.3360073628,42208.27965114184,42557.49045222919,42770.62845294765,earthquake_m6_5
Río Grande,East,2030,39660.55036005566,39969.07964927463,40366.517660166086,40890.29307694148,41403.1339358941,41803.09131186725,42122.4201172596,earthquake_m6_5
Sabana Grande,West,2025,21743.595693400785,21838.481077548055,21976.608971686488,22199.845785488684,22376.155516961237,22545.691024851276,22681.39157301025,earthquake_m6_5
Sabana Grande,West,2026,21193.248365670006,21334.2120555655,21543.299151190193,21746.567212627815,22007.269695465697,22191.040679651447,22339.6330817316,earthquake_m6_5
Sabana Grande,West,2027,21004.512988142655,21130.067442493957,21348.779926511423,21570.81789287985,21833.818418706276,22064.54679396515,22222.195084177776,earthquake_m6_5
Sabana Grande,West,2028,20785.80764791571,20946.972718417906,21215.91131830006,21408.424533539117,21693.7820357537,21976.233987531847,22169.743394971374,earthquake_m6_5
Sabana Grande,West,2029,20534.91979183026,20645.108366137378,20903.742361756944,21205.471058394098,21498.855628923313,21811.658118505595,22071.77547684772,earthquake_m6_5
Sabana Grande,West,2030,20287.614920359145,20422.092970480095,20645.241933617064,20984.40926079757,21336.07974921053,21636.30570828108,21770.416148892393,earthquake_m6_5
Salinas,South,2025,24350.317318401452,24424.645032204346,24602.397091065126,24780.2321641926,24977.312875010204,25128.697123509595,25197.825819393598,earthquake_m6_5
Salinas,South,2026,23624.755450626242,23754.722178905693,23974.667884581177,24186.864456628922,24469.54235987923,24747.55225652607,24827.889666057472,earthquake_m6_5
Salinas,South,2027,23111.618455710122,23260.73843153367,23436.885894470088,23723.547275719327,24069.13002536554,24245.827542070972,24378.151323107137,earthquake_m6_5
Salinas,South,2028,22555.237796817953,22704.443129390616,23006.295770632463,23310.590059471713,23675.03664339312,23935.253489232895,24070.35787723839,earthquake_m6_5
Salinas,South,2029,22188.365200006316,22313.70707872231,22572.344634112244,22944.92783715319,23307.42194398407,23599.40073824286,23769.694661025773,earthquake_m6_5
Salinas,South,2030,21752.693528132742,21933.657170692673,22217.202495178455,22565.002679383106,22999.382311589623,23222.399577837674,23327.288919547515,earthquake_m6_5
San Germán,West,2025,30423.124526515112,30554.891992943358,30779.89484168149,31066.694593038213,31305.35295961488,31515.397345175374,31703.975960553587,earthquake_m6_5
San Germán,West,2026,29542.025913114754,29758.22633005537,30013.96634453188,30390.046808282274,30761.10503499561,30979.80889177935,31135.333088663818,earthquake_m6_5
San Germán,West,2027,29170.14342230954,29282.424100530698,29614.298448991034,30051.49764552167,30437.67779346026,30741.518382214304,30926.97673919692,earthquake_m6_5
San Germán,West,2028,28787.695059294914,28907.08200605713,29307.86692529094,29745.36942411882,30180.702947986636,30536.354740304854,30905.850139808328,earthquake_m6_5
San Germán,West,2029,28293.229735009605,28590.24011636754,28967.69505228163,29473.311255371776,30012.37638837748,30406.74537155862,30641.838051991926,earthquake_m6_5
San Germán,West,2030,27874.529830828185,28145.3533514305,28585.11265989219,29165.83374096636,29689.176275526002,30195.41098820299,30505.632171687823,earthquake_m6_5
San Juan,Metro,2025,324583.43237145443,325350.14322119375,328603.73951285053,331923.6155816043,335224.8627539123,337711.42493358155,339270.1722752749,earthquake_m6_5
San Juan,Metro,2026,312227.66901524446,315224.6844635756,319250.6901339491,323892.13703482214,328898.8993419611,332089.96503218537,334285.941792425,earthquake_m6_5
San Juan,Metro,2027,307843.0181773487,309967.268805373,314588.4383290396,319433.02989350795,323737.88789753447,328550.85096436687,330823.6951705261,earthquake_m6_5
San Juan,Metro,2028,301623.4301485661,306665.77628819447,311368.21532317414,316099.9537411089,320542.65987447376,327057.09305942134,330090.22054665565,earthquake_m6_5
San Juan,Metro,2029,296012.2255975359,302120.3694274583,307340.0778857475,311830.23491885705,318073.24486641365,322989.2888039166,325828.72614459676,earthquake_m6_5
San Juan,Metro,2030,291818.02164421004,296277.4891739359,301739.1634476611,307989.94434975233,314431.06957948767,320458.7994010854,324232.0405724968,earthquake_m6_5
San Lorenzo,East,2025,35845.61675657278,36029.33903014086,36359.22398857453,36629.682409365756,36920.79555496287,37171.8424201056,37317.17907536806,earthquake_m6_5
San Lorenzo,East,2026,34633.5026152118,34862.30050306427,35186.91868456245,35629.21283892417,35985.80994807121,36383.9889502466,36643.094032553054,earthquake_m6_5
San Lorenzo,East,2027,33754.471452141755,34026.01977228316,34411.03206601568,34904.30762336099,35314.931685488635,35747.451910938944,35887.907219217304,earthquake_m6_5
San Lorenzo,East,2028,33003.94473340179,33279.82200095174,33749.19685711371,34241.48780442327,34799.80651504113,35245.68642071996,35460.27006098273,earthquake_m6_5
San Lorenzo,East,2029,32305.094445362043,32674.39342064314,33129.4656044966,33758.522259820005,34240.13651320841,34639.64299494886,34817.262974105026,earthquake_m6_5
San Lorenzo,East,2030,31510.13914186075,31934.02369284433,32662.102945072034,33200.688425969674,33658.82328890907,34048.249393294784,34404.215519460144,earthquake_m6_5
San Sebastián,West,2025,37400.94280872267,37694.15048278118,38123.87070385984,38547.18400577282,38966.21349675728,39345.735407746506,39686.87725719391,earthquake_m6_5
San Sebastián,West,2026,36302.67257315067,36611.17416074874,37099.47829176299,37768.14084838595,38238.13218527179,38767.19807345508,39174.69924220321,earthquake_m6_5
San Sebastián,West,2027,35437.623081807506,35985.27079785495,36759.91662430235,37391.73711143514,38111.460655181254,38637.71577886124,39001.58078383156,earthquake_m6_5
San Sebastián,West,2028,34955.55148413812,35527.827870558795,36167.53972028758,36940.2237158145,37864.53755782213,38485.37435043274,38886.35027816537,earthquake_m6_5
San Sebastián,West,2029,34363.227368396256,34641.5949676377,35537.67375611863,36444.44326036915,37508.31730546444,38290.5797158322,38558.90813303023,earthquake_m6_5
San Sebastián,West,2030,33575.16073480324,34194.57006023843,35054.96367068459,36015.59839460011,36976.41346457423,37993.128533775125,38502.91351374189,earthquake_m6_5
Santa Isabel,South,2025,19306.286458768504,19385.52718411066,19496.81710149058,19642.765437059308,19783.181333321416,19916.6478947053,20014.856130743094,earthquake_m6_5
Santa Isabel,South,2026,18668.810656533966,18771.074824272142,18958.48738886221,19200.79761794302,19390.923050522302,19544.696011391898,19614.866638551757,earthquake_m6_5
Santa Isabel,South,2027,18299.325298057032,18419.81760126173,18588.01275718283,18863.181758128834,19083.74798188379,19300.237523243162,19414.568407304567,earthquake_m6_5
Santa Isabel,South,2028,17909.410151871587,18009.05753244891,18269.95051859492,18585.926634446092,18791.840215659635,18964.03600409045,19061.06097010297,earthquake_m6_5
Santa Isabel,South,2029,17564.05158088704,17701.23658422448,17978.44536727355,18201.936297231907,18572.63234046265,18774.93600022955,18956.598196548697,earthquake_m6_5
Santa Isabel,South,2030,17205.811534825792,17361.625553122594,17650.717729042153,17915.913077707515,18284.7716611907,18528.948499300364,18758.846260651713,earthquake_m6_5
Toa Alta,Metro,2025,64164.85764612174,64471.21434768971,64936.812001073835,65659.7420465186,66270.48200299412,66822.9381317878,67192.34213595714,earthquake_m6_5
Toa Alta,Metro,2026,61904.49652105628,62321.199434023285,63069.91309525768,64105.00215446962,64821.273656940575,65843.98474577161,66491.60830291646,earthquake_m6_5
Toa Alta,Metro,2027,60985.06425219299,61382.62600182037,62126.02777985563,63138.90653134369,64120.574017267645,65041.13119271957,65480.273960255035,earthquake_m6_5
Toa Alta,Metro,2028,59644.02335237512,60300.17806318507,61492.6700971032,62516.727488168704,63738.32307345266,64489.38023067052,64927.36277054461,earthquake_m6_5
Toa Alta,Metro,2029,58738.28894063947,59708.034248278665,60674.80308699573,61700.98618872149,63042.860208155485,63713.65567823169,64243.083029210575,earthquake_m6_5
Toa Alta,Metro,2030,57991.3443243048,58569.633233267676,59512.23101091038,60740.47789224475,61997.77875015733,63029.8246042125,63533.39639688167,earthquake_m6_5
Toa Baja,Metro,2025,71436.49726482121,71606.22124246051,72014.92781571746,72550.73433409931,72974.98320587273,73354.9517865688,73619.12849846028,earthquake_m6_5
Toa Baja,Metro,2026,69976.55878284092,70131.3673082771,70598.14847135474,71250.52021557748,71833.9644991248,72426.23689183779,72849.51137154001,earthquake_m6_5
Toa Baja,Metro,2027,68621.74664567137,68835.21750596084,69457.02969586688,70007.74924664653,70490.31849374823,71204.41036218173,71613.60338836913,earthquake_m6_5
Toa Baja,Metro,2028,67540.65416387885,68030.87269569762,68630.62002999667,69113.25041895718,69903.46180160157,70560.27744519565,71034.25625988586,earthquake_m6_5
Toa Baja,Metro,2029,66753.77932578971,67067.06257548061,67639.38646362387,68444.05061248544,69215.63235803852,69864.55895356518,70406.73793616869,earthquake_m6_5
Toa Baja,Metro,2030,65963.59208327704,66182.67666764528,66690.06368079018,67586.0853476253,68406.15108511056,68948.56772554282,69479.77070762229,earthquake_m6_5
Trujillo Alto,Metro,2025,64387.17297733564,64700.75937340474,65356.09416370272,65882.71746507252,66551.99325215742,67327.27180026143,67797.49498397013,earthquake_m6_5
Trujillo Alto,Metro,2026,62483.70828672508,62853.10702017384,63471.01745868847,64253.659175497334,65026.40374184571,65735.25127268408,66198.77227391764,earthquake_m6_5
Trujillo Alto,Metro,2027,61358.21724923206,61659.95280801144,62663.38699133715,63510.043723552604,64239.455427752735,65251.161302684624,65885.62925042606,earthquake_m6_5
Trujillo Alto,Metro,2028,60168.97925317044,60916.31999304052,61734.45017190043,62737.29063936809,63763.26434755822,64857.75020935188,65278.09561672111,earthquake_m6_5
Trujillo Alto,Metro,2029,59177.37525859526,59918.3890486022,61058.706325529885,62048.47338162406,63029.33310584664,63965.242600843165,64940.40134922206,earthquake_m6_5
Trujillo Alto,Metro,2030,58945.91275821577,59166.27356656127,60175.355649122735,61234.494290659364,62470.10488907417,63297.97963116534,63697.44521649075,earthquake_m6_5
Utuado,Central Mountains,2025,26928.902370662276,27064.73366865728,27254.254917773727,27460.749650733647,27645.77825137052,27789.649377697577,27875.24385402911,earthquake_m6_5
Utuado,Central Mountains,2026,26375.479628206016,26539.84782756737,26721.69707879662,26943.58614612017,27213.138710556028,27454.632132460785,27578.429983751776,earthquake_m6_5
Utuado,Central Mountains,2027,26042.079205121725,26118.89224190617,26395.73979962177,26632.15492932094,26925.522299484423,27137.329978734095,27275.46954360405,earthquake_m6_5
Utuado,Central Mountains,2028,25783.815690319338,25915.177534216895,26166.686116741777,26407.928854899223,26727.235192993277,27023.79471289678,27128.89204500719,earthquake_m6_5
Utuado,Central Mountains,2029,25346.690229757885,25568.90306617335,25755.96987948489,26118.164131634127,26429.10239811475,26727.0219309856,26845.030784664068,earthquake_m6_5
Utuado,Central Mountains,2030,24812.753849416833,25113.378567547174,25361.122484559633,25751.22406896655,26140.40385671515,26428.933698110643,26568.83697065733,earthquake_m6_5
Vega Alta,North,2025,34161.76608096189,34251.783744619424,34444.17660692334,34644.121583351436,34883.51542802612,35117.23914394924,35234.19953476756,earthquake_m6_5
Vega Alta,North,2026,33338.25083756035,33484.9106118602,33665.03367822242,33949.24183612973,34217.10751982376,34405.223865856686,34574.08440544558,earthquake_m6_5
Vega Alta,North,2027,32717.242717632005,32938.4208940377,33233.288935143755,33543.073296751536,33736.03463080788,33926.017636644516,34049.07817849847,earthquake_m6_5
Vega Alta,North,2028,32353.419700518753,32505.134444278556,32821.52402211806,33133.304743108456,33401.515358595934,33679.25492545102,33901.45032302718,earthquake_m6_5
Vega Alta,North,2029,31975.049964754126,32145.503292386078,32389.915634208282,32741.559283038165,33106.3676010635,33460.77791568569,33704.36514034866,earthquake_m6_5
Vega Alta,North,2030,31471.9921830115,31592.507977530553,31992.369703591005,32407.232406846513,32737.73115701437,33035.20347279433,33311.54702902122,earthquake_m6_5
Vega Baja,North,2025,51465.4760327455,51851.308415041596,52415.27189819982,53056.28551822738,53570.22248988827,54211.38496902227,54617.01584281626,earthquake_m6_5
Vega Baja,North,2026,49910.72390011698,50421.14781142737,51262.25690882288,52004.87128180901,52791.280883522995,53583.94062556401,54222.54245482447,earthquake_m6_5
Vega Baja,North,2027,49399.78237786064,49786.62783335932,50441.179929289254,51311.54293888305,52071.10556958852,52961.28606693859,53424.410174237586,earthquake_m6_5
Vega Baja,North,2028,48289.675062429305,48703.21101501983,49699.95484281515,50673.62248741898,51576.281834648,52452.02886418704,53166.84324477634,earthquake_m6_5
Vega Baja,North,2029,47438.35982785754,47884.20986627976,48978.64954121622,50076.71828222166,51190.30336690843,51979.07942357447,52769.41666056486,earthquake_m6_5
Vega Baja,North,2030,46390.91413417871,47189.0456089735,48551.52897199128,49610.03769577477,50760.37327016025,51720.977553845194,52435.735130943656,earthquake_m6_5
Vieques,East,2025,7843.56885051821,7858.817322688799,7899.535792806648,7933.959750763905,7967.599344280629,8021.064861041312,8041.968984585777,earthquake_m6_5
Vieques,East,2026,7570.0251839598695,7600.150483479647,7654.742431662718,7707.221082462314,7760.314205906639,7810.226664670344,7827.884460009428,earthquake_m6_5
Vieques,East,2027,7383.910688946648,7434.31339484859,7484.941794586759,7553.217702324331,7620.629160303904,7685.659163531608,7715.779458781793,earthquake_m6_5
Vieques,East,2028,7262.358831145187,7294.133667152288,7349.930611867009,7429.128130336298,7491.042015978637,7568.813830619333,7614.910600845098,earthquake_m6_5
Vieques,East,2029,7142.368325375174,7172.417658609023,7220.576822159238,7292.250914417545,7372.329247213975,7436.4411000865975,7492.8223550355315,earthquake_m6_5
Vieques,East,2030,6995.209877094832,7022.91342260954,7100.594989556396,7174.073067763349,7257.724738768833,7330.974554922706,7385.397208133671,earthquake_m6_5
Villalba,South,2025,20898.20576805578,21018.852276758975,21115.048330832247,21271.54158662995,21433.982468377853,21547.842060555657,21617.637365977356,earthquake_m6_5
Villalba,South,2026,20281.723380918622,20393.843755856702,20578.956447113807,20754.760574860527,21013.104888862603,21188.987997113825,21272.570023004897,earthquake_m6_5
Villalba,South,2027,19913.680592211782,19988.424707795646,20146.939701883624,20416.156482441147,20643.73854909371,20877.076616624745,20955.65205341083,earthquake_m6_5
Villalba,South,2028,19372.181691414466,19601.596916219038,19852.244302406947,20081.161281677203,20379.942190449197,20630.663136049287,20839.52639723014,earthquake_m6_5
Villalba,South,2029,19161.007681512187,19250.502635040088,19508.994674842797,19771.716807908357,20086.57953081175,20404.205007012235,20531.127295618968,earthquake_m6_5
Villalba,South,2030,18833.71458418152,18973.052352074275,19186.647531093906,19487.79363633864,19755.265970774177,20142.916825670087,20207.454167848275,earthquake_m6_5
Yabucoa,East,2025,28390.55605966272,28469.945128404557,28647.765755113924,28852.629895057475,29063.046490677756,29243.95699937424,29363.232367856333,earthquake_m6_5
Yabucoa,East,2026,27468.19897695514,27628.452582647322,27883.92620674351,28205.06894202737,28448.289139076984,28733.831018194458,28796.60900674736,earthquake_m6_5
Yabucoa,East,2027,26779.7610310323,26980.287138744683,27211.122506365515,27558.079477279796,27912.317077885018,28200.68194131428,28356.203980230024,earthquake_m6_5
Yabucoa,East,2028,26245.371714669527,26397.021717686155,26713.970425601834,27087.24364220522,27437.606262956226,27761.265117164992,28007.449177351526,earthquake_m6_5
Yabucoa,East,2029,25625.012774485083,25904.245806304345,26127.791120010417,26520.822102551225,26973.537166793965,27374.35867667959,27662.03718345679,earthquake_m6_5
Yabucoa,East,2030,25084.162113148857,25303.169020646605,25646.632190895398,26108.201128441193,26486.4123341068,26919.938602872015,27217.870644974697,earthquake_m6_5
Yauco,South,2025,32165.137019265014,32274.25046068148,32447.038856903164,32675.330091405558,32823.32676504263,33046.951446263156,33248.48890134042,earthquake_m6_5
Yauco,South,2026,31269.988368220253,31429.033333047417,31644.11330000717,31927.84063322188,32195.653005371456,32474.37131683789,32588.320421140626,earthquake_m6_5
Yauco,South,2027,30581.873291335476,30801.57452545096,31056.70329266389,31382.70986148494,31719.403090244414,32041.11350979305,32257.349920435947,earthquake_m6_5
Yauco,South,2028,30161.01663413953,30312.466672944014,30527.43629515062,30916.446820665224,31308.280959317577,31586.7898248345,31857.228574427536,earthquake_m6_5
Yauco,South,2029,29542.239223107044,29856.517527366657,30156.718398700836,30515.50992116175,30837.354858354818,31264.643026953432,31527.402635525657,earthquake_m6_5
Yauco,South,2030,29119.797361880097,29333.005944659453,29674.847708298403,30012.309876663392,30503.331100121686,30942.281892921306,31179.733888673913,earthquake_m6_5
Adjuntas,Central Mountains,2025,17363.523419956786,17436.449446026836,17539.80329575306,17660.255460107128,17784.90108487124,17917.704988478097,17981.308697631284,earthquake_m6_8
Adjuntas,Central Mountains,2026,16953.647290004916,17026.00180370588,17151.256444547125,17262.093299007498,17413.45193050888,17515.83995791676,17614.335247676885,earthquake_m6_8
Adjuntas,Central Mountains,2027,16759.381120195216,16819.215472289794,17004.44131058395,17180.73428642886,17331.846304305065,17447.16994182313,17528.742963287557,earthquake_m6_8
Adjuntas,Central Mountains,2028,16528.517631523515,16639.642468238464,16837.611211715295,17011.358084438976,17228.101430499202,17390.13184355172,17457.936956130623,earthquake_m6_8
Adjuntas,Central Mountains,2029,16297.125586294465,16401.16324032877,16577.854596730103,16823.349408374852,17026.819703900568,17208.984869898966,17342.293839240603,earthquake_m6_8
Adjuntas,Central Mountains,2030,16049.587989242153,16180.393929487887,16379.467141071036,16602.095573731116,16842.984570679426,16992.00245535174,17098.669679712322,earthquake_m6_8
Aguada,West,2025,36591.49254800582,36722.48242756787,37005.236365965,37220.0990596391,37463.49487643577,37736.535134919046,37849.25367602422,earthquake_m6_8
Aguada,West,2026,35520.70737183169,35736.15705264501,35989.76809383511,36304.64974592301,36648.333031981914,36932.11316143598,37212.80850570202,earthquake_m6_8
Aguada,West,2027,35040.82839548025,35328.48846419796,35615.574072612326,36002.587797884065,36292.18313425114,36705.54762113755,36838.22539749087,earthquake_m6_8
Aguada,West,2028,34560.83068133409,34797.61406177114,35155.47712828016,35474.98675617474,35907.58274921175,36204.26953219896,36514.93082106337,earthquake_m6_8
Aguada,West,2029,34083.0540634899,34314.907876338286,34666.49147104232,35089.207498145726,35499.838525268075,35845.3657806353,36113.22647373623,earthquake_m6_8
Aguada,West,2030,33447.592227775225,33723.63572619256,34197.412854691465,34599.50830218206,35059.11043204124,35489.74054494854,35771.451474381865,earthquake_m6_8
Aguadilla,West,2025,51652.215457876315,52189.111851334215,52889.25459675427,53577.705447518965,54190.27270218245,54720.87281080617,55476.547170264515,earthquake_m6_8
Aguadilla,West,2026,50161.36301494963,50706.177994002246,51385.961401925546,52170.46868973261,53025.2644538444,53726.7193758322,54170.20114127638,earthquake_m6_8
Aguadilla,West,2027,49385.29626538181,49751.8178786138,50617.79503089207,51553.3006857797,52364.88788856614,53306.86795934736,53696.76407761285,earthquake_m6_8
Aguadilla,West,2028,48560.90939768308,48913.786750983905,49779.05395748688,50916.312745531104,52016.10059520776,53147.100191011756,53549.25923802112,earthquake_m6_8
Aguadilla,West,2029,47498.44798673119,48291.71370463002,49259.19008101923,50299.50669961018,51699.332923306036,52170.57225771824,53373.34988797864,earthquake_m6_8
Aguadilla,West,2030,46554.89018397879,47322.39025381852,48611.501781957086,49812.05969274321,50657.28942032947,52024.77714015225,52713.921285334975,earthquake_m6_8
Aguas Buenas,Central Mountains,2025,23123.4739966171,23187.000585461472,23330.45388226906,23447.754291123012,23588.124231720547,23704.66729255027,23753.772279158286,earthquake_m6_8
Aguas Buenas,Central Mountains,2026,22514.25702842411,22575.292514458753,22739.772432602964,22941.739795932226,23097.53369238072,23283.088671608053,23367.347745923682,earthquake_m6_8
Aguas Buenas,Central Mountains,2027,22198.408122006895,22259.23923543635,22381.351741073402,22595.83462512643,22781.51467129412,22933.849541275136,23020.30614692002,earthquake_m6_8
Aguas Buenas,Central Mountains,2028,21811.83444462144,21948.66011848703,22141.648003112983,22351.69669753402,22532.79477654128,22660.832172514987,22836.689117647875,earthquake_m6_8
Aguas Buenas,Central Mountains,2029,21629.320002660374,21706.966143369613,21875.626553330818,22111.212845271613,22354.17745896498,22524.75778038888,22643.44882427493,earthquake_m6_8
Aguas Buenas,Central Mountains,2030,21185.778491001656,21326.556573656264,21629.689154723885,21831.000506833254,22068.606540260254,22275.05496943928,22392.926271303724,earthquake_m6_8
Aibonito,Central Mountains,2025,23475.070345760883,23718.54315907238,23961.429223077786,24273.7298141175,24605.47040296777,24790.962896795074,25095.13294090905,earthquake_m6_8
Aibonito,Central Mountains,2026,22692.097069819876,22832.558922621258,23117.835507185067,23627.19753491885,24036.869239534983,24415.950647924074,24520.4533723517,earthquake_m6_8
Aibonito,Central Mountains,2027,22196.056363590076,22507.491468672157,22827.91337761669,23316.23987351037,23754.890746845093,24132.655520191835,24421.029382499444,earthquake_m6_8
Aibonito,Central Mountains,2028,21799.912813089177,22006.659491688326,22485.963414037386,23046.71957294678,23584.12904783918,23987.08343179554,24319.533199508885,earthquake_m6_8
Aibonito,Central Mountains,2029,21347.07546020011,21586.57880071587,22107.243387803093,22731.108970474037,23276.309276958782,23889.547003782365,24423.582278606435,earthquake_m6_8
Aibonito,Central Mountains,2030,20934.359448534473,21251.388043940602,21827.685201654836,22551.753553220715,23224.425726346322,23776.88204484157,24286.43282587343,earthquake_m6_8
Arecibo,North,2025,83392.63644592416,83760.62195955946,84540.23087466639,85447.22550574515,86304.87561411443,87182.64971375231,87522.0659226542,earthquake_m6_8
Arecibo,North,2026,80343.7163121912,81462.87232743122,82418.99453883014,83500.22967553195,84569.46210635967,85325.0775192518,86211.41571231461,earthquake_m6_8
Arecibo,North,2027,79710.58260328665,80328.93138920864,81360.46125382767,82690.06255394564,83719.20874095536,84845.47600670806,85360.18042203784,earthquake_m6_8
Arecibo,North,2028,78178.52307736887,79200.76105196004,80507.20116639487,81873.6312158233,83145.13660257222,84337.53874440641,85133.0869795663,earthquake_m6_8
Arecibo,North,2029,77266.5530834138,77976.89534941445,79258.24202781395,80700.39792406355,82355.25176739952,83678.16662722442,84613.46789305158,earthquake_m6_8
Arecibo,North,2030,76027.08061290669,76925.37791462477,78390.47995355722,79857.82696119766,81491.06886197736,82932.97010416746,83739.84210838607,earthquake_m6_8
Arroyo,South,2025,14744.273330199549,14862.245548465025,14979.60944715561,15116.061063379519,15237.227967508048,15368.597428291621,15486.58443299984,earthquake_m6_8
Arroyo,South,2026,14060.392124883321,14276.89474244898,14451.35935650741,14661.10536775118,14797.175068246288,15007.823740206637,15133.030814947875,earthquake_m6_8
Arroyo,South,2027,13655.752433770584,13868.845017054922,14091.709039026533,14309.0202517802,14524.2648933355,14752.258096740876,14872.74346860649,earthquake_m6_8
Arroyo,South,2028,13330.965802829905,13546.002259831514,13764.904603820367,14052.000556928382,14290.508868619272,14504.569288006871,14639.754823356589,earthquake_m6_8
Arroyo,South,2029,13162.644214923104,13263.107815500098,13453.395202970407,13772.74139877579,14071.915196025588,14337.81060978482,14560.607204776923,earthquake_m6_8
Arroyo,South,2030,12833.474678114153,12981.531713437245,13237.263599968144,13534.44633319297,13844.919930299882,14149.919106863563,14270.390110389995,earthquake_m6_8
Añasco,West,2025,24615.285566424292,24675.632728600987,24793.63617866204,24950.566796106796,25074.27818239054,25204.260749674184,25255.93341400561,earthquake_m6_8
Añasco,West,2026,23910.198921122,24019.68152295085,24137.82686084147,24322.42108762509,24511.643357488716,24653.558846232474,24702.294512083474,earthquake_m6_8
Añasco,West,2027,23576.50208036179,23655.388264250592,23794.894397578097,23983.94469411797,24154.922307887537,24350.9324387511,24478.0128067427,earthquake_m6_8
Añasco,West,2028,23302.578824969954,23367.672235563867,23541.967965293712,23746.741594132072,23971.83263526238,24227.13774030466,24327.15686940307,earthquake_m6_8
Añasco,West,2029,22906.22755484862,23065.12318839391,23244.059379962757,23491.95629198933,23717.449790125876,23923.038604275913,24004.153320592057,earthquake_m6_8
Añasco,West,2030,22551.354530289376,22699.40086054519,22919.889342669554,23132.194778286736,23426.06362042819,23617.52708451484,23835.914915775484,earthquake_m6_8
Barceloneta,North,2025,21812.635927466377,21946.756086880072,22106.128728521566,22262.20092047443,22434.060650098538,22634.61640834374,22717.731042637995,earthquake_m6_8
Barceloneta,North,2026,21188.94771174446,21328.508833867007,21486.590695174196,21739.670351289547,21949.14740153766,22156.803718737523,22304.44767172798,earthquake_m6_8
Barceloneta,North,2027,20858.86275860533,20996.80853018286,21223.996353139562,21427.59516328715,21745.35826710132,21971.953090222494,22124.61986105403,earthquake_m6_8
Barceloneta,North,2028,20566.69485050477,20692.698068282283,20984.367447751927,21287.100047690295,21525.497708099618,21734.334748388428,21957.47595826671,earthquake_m6_8
Barceloneta,North,2029,20355.21689902066,20476.48970969434,20729.821592381213,20977.12763877891,21280.640526808213,21550.06415756583,21751.876383638217,earthquake_m6_8
Barceloneta,North,2030,20059.912758914164,20179.194494583353,20471.086928382425,20718.068230231303,21016.348075928683,21338.981893621054,21513.278483422928,earthquake_m6_8
Barranquitas,Central Mountains,2025,28079.508390795785,28168.28412480776,28398.707751144735,28580.567960836735,28792.446778779347,29017.201484802936,29072.021866343814,earthquake_m6_8
Barranquitas,Central Mountains,2026,27167.26068224592,27363.202186666633,27638.83680176584,27958.084861243602,28186.345806802754,28440.716440888857,28564.755227198413,earthquake_m6_8
Barranquitas,Central Mountains,2027,26766.14866603856,26925.536134508042,27320.179434053956,27673.38473507614,27942.287270125442,28142.150194022583,28250.169281224767,earthquake_m6_8
Barranquitas,Central Mountains,2028,26474.887044541683,26624.713307394137,26919.60008039209,27326.78269059895,27677.247252023,27951.533341988204,28171.21700445498,earthquake_m6_8
Barranquitas,Central Mountains,2029,26093.324912757846,26292.40314868356,26626.309857448232,27012.756231972977,27354.663638675225,27667.1220029423,27946.20461862776,earthquake_m6_8
Barranquitas,Central Mountains,2030,25548.97677035799,25916.300436454414,26326.848144667478,26777.027788141822,27144.02928833827,27589.702977694455,27850.780666446157,earthquake_m6_8
Bayamón,Metro,2025,175029.3780650814,175948.28528183748,178191.84320123488,180161.9423850139,182163.21151465696,183897.55562887402,184528.15280505057,earthquake_m6_8
Bayamón,Metro,2026,168965.87855140385,169927.39482623764,172425.39489360224,175401.73859212903,177552.00933878298,181397.47425927856,182199.68620476825,earthquake_m6_8
Bayamón,Metro,2027,165531.18389361753,166462.41480134043,169424.65686705327,172456.2592377887,175939.61671170956,178367.43031719883,179584.76354975163,earthquake_m6_8
Bayamón,Metro,2028,162330.3174854471,163848.56851647174,166623.4376187337,169748.32303188997,173789.31115499657,177686.13981994483,179590.95242010624,earthquake_m6_8
Bayamón,Metro,2029,160027.01963020727,161307.70384921247,164595.63662277907,168011.90355809737,172374.87343779468,175999.7254333156,177802.90545600362,earthquake_m6_8
Bayamón,Metro,2030,157827.82416440363,158659.2280593259,161888.70867754627,166445.29883100686,171324.99937410263,174493.1622070039,176434.89394800944,earthquake_m6_8
Cabo Rojo,West,2025,45673.61753950681,45852.252845972565,46060.8517088723,46284.39801844472,46550.67406511024,46816.78958696622,46998.068711953805,earthquake_m6_8
Cabo Rojo,West,2026,44464.97853034394,44613.652119080674,44806.36533097192,45108.93131469098,45416.51074801377,45789.74500719502,45917.0812910985,earthquake_m6_8
Cabo Rojo,West,2027,43946.05131401061,44151.884968899176,44369.25373061404,44669.260388709925,44990.40334095159,45346.806258182594,45455.764894002255,earthquake_m6_8
Cabo Rojo,West,2028,43667.683414041116,43792.975943138066,44056.46040663914,44346.5612790158,44699.005006490625,45216.376575715796,45360.61570226727,earthquake_m6_8
Cabo Rojo,West,2029,42927.118103346445,43063.10990695557,43461.459612041166,43795.75035341367,44173.65167845795,44602.00745873014,44774.49820245912,earthquake_m6_8
Cabo Rojo,West,2030,42033.11673275992,42357.21863020025,42717.100190921854,43141.36889887757,43615.49231239236,43916.48709528826,44170.66438345494,earthquake_m6_8
Caguas,East,2025,120984.97837766906,121393.9204572254,122316.78821097486,123125.33538539006,123905.09817943072,124626.60636528626,125091.53191740683,earthquake_m6_8
Caguas,East,2026,116893.86025301041,117551.15420165814,118339.72297713696,119511.6729390785,120425.32131530701,121383.97864198778,121820.66577781254,earthquake_m6_8
Caguas,East,2027,114494.39507519665,114980.15810160818,115930.85666068926,117071.48877869658,118237.05067833388,119205.61177189431,119903.05418062276,earthquake_m6_8
Caguas,East,2028,112173.02317137424,112771.1052899466,114014.63531762417,115150.30575132306,116237.1387488736,117521.43929667688,118295.80329618315,earthquake_m6_8
Caguas,East,2029,110202.18354578763,110823.75633810365,111882.04152620822,112980.18174390245,114420.10539066755,115971.27408753162,117010.42747556664,earthquake_m6_8
Caguas,East,2030,107780.82235245152,108730.16071974431,110012.43561842848,111573.87090335114,112824.96287402365,113883.75295965644,114534.63105518789,earthquake_m6_8
Camuy,North,2025,31219.98275018689,31534.564870987026,31845.324456845905,32264.35372921107,32672.97051824947,32883.68425444413,33081.15983091521,earthquake_m6_8
Camuy,North,2026,30401.892732466684,30645.69172270484,31091.407994898706,31574.647321830867,31968.226848620223,32336.336168505615,32528.303431613942,earthquake_m6_8
Camuy,North,2027,30056.64954065955,30353.873281403772,30876.837170739313,31282.97144898845,31614.073772386215,32040.873983036694,32294.06703513022,earthquake_m6_8
Camuy,North,2028,29600.761891217393,29790.196220285903,30384.72962496786,30830.429942424526,31440.516440537758,31927.139063875125,32180.33060851926,earthquake_m6_8
Camuy,North,2029,29162.89879015475,29503.33998865334,29914.495145173358,30593.214298547387,31090.78234633863,31598.29511438838,31899.091704196133,earthquake_m6_8
Camuy,North,2030,28820.889792083726,29075.997303541993,29604.019809800775,30192.48664489536,30819.99896787814,31319.524840802453,31685.81787502323,earthquake_m6_8
Canóvanas,East,2025,40174.90110670843,40325.62166589483,40662.066231028744,40987.15891178219,41357.7711291344,41627.00380080958,41808.33428720614,earthquake_m6_8
Canóvanas,East,2026,38723.42192874143,38818.00252555243,39172.28108351678,39780.73147806036,40171.253323531826,40492.62724724437,40862.82232462064,earthquake_m6_8
Canóvanas,East,2027,37659.239354243655,37958.596967726684,38438.117590133705,38868.210635400625,39292.82782598022,39821.24746615478,40068.28737933579,earthquake_m6_8
Canóvanas,East,2028,36866.10850709166,37158.619638028256,37601.755802046035,38207.486927830425,38834.105592622866,39340.54643717868,39640.60641590206,earthquake_m6_8
Canóvanas,East,2029,35969.01287759478,36231.19615329614,36921.76341170918,37540.38528394625,38200.61836849836,38712.84567220208,38974.14520774338,earthquake_m6_8
Canóvanas,East,2030,35171.25100006643,35541.24097978229,36234.07888634673,36850.486051815664,37457.571004063146,38118.92982486617,38392.970852465594,earthquake_m6_8
Carolina,Metro,2025,146748.91249770072,147778.5115608116,148996.2665421443,150333.93928504776,151316.6069063657,152731.0479054087,153420.6774358893,earthquake_m6_8
Carolina,Metro,2026,141647.91376766434,142638.77150490193,144289.16310589583,145998.588666973,147536.97583808962,149289.86665954825,150318.34695256746,earthquake_m6_8
Carolina,Metro,2027,138976.110931292,139993.61469076274,142156.4290589226,143799.3978168341,145874.00278477854,147469.94761013333,148427.46767215134,earthquake_m6_8
Carolina,Metro,2028,137260.2123336981,138670.4131888678,140445.84415828946,142590.9276428947,144512.3225702076,146600.64605930427,147674.2514614058,earthquake_m6_8
Carolina,Metro,2029,135250.58593125257,136389.56033677238,137986.3091253693,140293.4874991781,142968.16517937375,145264.64681876075,146215.53041591097,earthquake_m6_8
Carolina,Metro,2030,133378.7268081534,134592.45658288442,136011.45689588712,138134.4623719168,141144.10403704326,143164.36124922748,144816.67629789654,earthquake_m6_8
Cataño,Metro,2025,21998.911237557335,22043.791495724927,22151.6355373972,22243.68241931472,22340.49699507749,22499.317693756613,22560.290971736387,earthquake_m6_8
Cataño,Metro,2026,21430.048198361852,21505.29106903749,21626.29846973021,21741.39447244716,21883.18828950406,22064.433446816973,22205.054904656026,earthquake_m6_8
Cataño,Metro,2027,20990.652878829336,21084.66304143978,21243.08837145163,21420.97987861062,21600.91341938484,21730.52795757462,21811.263507077554,earthquake_m6_8
Cataño,Metro,2028,20664.635692120744,20804.455174691822,20981.46477119691,21183.936308738714,21331.3622685138,21534.716796991448,21653.9200739597,earthquake_m6_8
Cataño,Metro,2029,20372.672910873287,20507.27774795366,20719.405995053334,20924.203881816473,21127.743310891507,21326.53264396485,21397.982100168996,earthquake_m6_8
Cataño,Metro,2030,20101.328441928556,20197.812143675965,20410.773398094643,20626.54296171287,20846.511092207584,21002.193391206372,21133.569066073396,earthquake_m6_8
Cayey,Central Mountains,2025,40123.510412300035,40225.04048408454,40391.6891467282,40602.26268165936,40789.963167769674,40950.0991326669,41048.391610684455,earthquake_m6_8
Cayey,Central Mountains,2026,38743.3145332574,38936.354958017415,39160.76491215156,39536.12458713395,39781.64470520687,40078.51099194079,40241.196893429544,earthquake_m6_8
Cayey,Central Mountains,2027,38109.595322286936,38242.62537153711,38538.63789843026,38869.494702026605,39266.514041831775,39509.23095181334,39595.00118946783,earthquake_m6_8
Cayey,Central Mountains,2028,37686.772074310415,37819.4976457414,38241.14273591223,38517.98620702121,38857.24918837029,39236.35914626896,39479.49081567712,earthquake_m6_8
Cayey,Central Mountains,2029,37235.57378730745,37333.67224452852,37736.5655180672,38119.04782801332,38565.46989843342,38969.493460633115,39048.59960542936,earthquake_m6_8
Cayey,Central Mountains,2030,36637.263094405454,36922.86551873149,37237.513928190056,37683.216739106385,38049.15272834705,38398.285656483065,38678.47338747833,earthquake_m6_8
Ceiba,East,2025,10611.294753033979,10663.28402530943,10722.685248414493,10816.456140092669,10934.289946323755,10994.155091644974,11047.664939396627,earthquake_m6_8
Ceiba,East,2026,10282.823158242601,10337.763197458806,10420.039722937488,10528.426591435875,10638.65967177362,10734.68831219615,10818.61612012141,earthquake_m6_8
Ceiba,East,2027,9971.503426150462,10038.60514114753,10177.54463496229,10324.051893056601,10446.487596249099,10562.493368757217,10626.861655667082,earthquake_m6_8
Ceiba,East,2028,9755.00002934807,9857.912157325716,9985.907471472741,10130.078004965835,10266.079542613526,10376.041703737901,10445.364603841756,earthquake_m6_8
Ceiba,East,2029,9556.422796396746,9633.98001272491,9803.860989502162,9942.81901092951,10085.29103891843,10220.670028320497,10279.413252447604,earthquake_m6_8
Ceiba,East,2030,9425.350981604683,9488.013222941372,9616.085752642311,9795.641754504215,9922.976451594051,10103.173583294816,10168.86370252754,earthquake_m6_8
Ciales,Central Mountains,2025,16133.005402349192,16242.74572120339,16382.143144976217,16559.75485812094,16746.589209592345,16930.955547310372,17005.148284110994,earthquake_m6_8
Ciales,Central Mountains,2026,15635.691218451986,15704.16255635666,15932.434361388157,16157.889666482753,16394.800717642982,16626.80030533423,16795.612055701888,earthquake_m6_8
Ciales,Central Mountains,2027,15448.705913975851,15606.178937230876,15778.453276470027,16026.570455033549,16215.604362954944,16430.292798143917,16572.903512688565,earthquake_m6_8
Ciales,Central Mountains,2028,15179.775097504897,15358.750039208864,15595.402225913911,15850.831808771702,16101.717883440095,16347.255787762631,16552.95101956133,earthquake_m6_8
Ciales,Central Mountains,2029,14991.87996972714,15061.832618674594,15352.311492988105,15593.457990100116,15950.470233065098,16194.622856377053,16454.799930881116,earthquake_m6_8
Ciales,Central Mountains,2030,14830.812465496281,14904.215666987306,15145.498110924385,15473.66849080935,15815.085699982492,16050.44194359716,16365.671746832644,earthquake_m6_8
Cidra,Central Mountains,2025,38514.16012392247,38587.05326450741,38782.156099838,39079.60760328364,39416.57202998348,39635.47457147797,39782.17892321644,earthquake_m6_8
Cidra,Central Mountains,2026,37374.50840991969,37502.24283934335,37727.283523824655,38124.37652697762,38442.46326933005,38836.8735318534,38990.03605312335,earthquake_m6_8
Cidra,Central Mountains,2027,36563.24079586892,36807.270206173955,37152.30753240665,37587.719153875936,38023.196612898115,38405.84389028831,38575.561114121425,earthquake_m6_8
Cidra,Central Mountains,2028,36122.012015555825,36424.707435301854,36736.88350891493,37228.61778738744,37686.38303100894,38167.06433382245,38439.36325610543,earthquake_m6_8
Cidra,Central Mountains,2029,35708.0658886401,35874.07606989575,36256.05516211825,36863.95308456689,37385.27399983977,37746.128155975326,38109.471966322424,earthquake_m6_8
Cidra,Central Mountains,2030,35031.20419853101,35365.27617873493,35824.37281955298,36367.5085865003,37032.88452561783,37414.93763339017,37659.9902512577,earthquake_m6_8
Coamo,South,2025,32613.927582824184,32868.95558617684,33167.05281399856,33549.70443541995,33933.94805267754,34239.12043342015,34433.31599766958,earthquake_m6_8
Coamo,South,2026,31299.47295008814,31520.667884717775,32032.41224878039,32515.221582880593,33329.233450635584,33834.418137480454,34022.91469997098,earthquake_m6_8
Coamo,South,2027,30592.043798985593,30864.19056192066,31316.744544224508,31914.522584275284,32696.17412188886,33169.13866734858,33449.480559485935,earthquake_m6_8
Coamo,South,2028,29900.556046147194,30085.366154080093,30734.670359484604,31408.58868753631,32123.673611234917,32780.37673071671,33115.74796818592,earthquake_m6_8
Coamo,South,2029,29193.71324253984,29499.71384530459,30219.148473841866,31013.909826084055,31763.158909008962,32616.86452707538,33095.76215496549,earthquake_m6_8
Coamo,South,2030,28520.82655534279,28926.274437122847,29568.680888381376,30479.083487584838,31184.763893305768,32030.366834722496,32328.693635136384,earthquake_m6_8
Comerío,Central Mountains,2025,18255.413316191294,18314.044378393286,18401.834395213133,18484.357896412646,18590.74786628053,18657.79925596812,18690.436203027537,earthquake_m6_8
Comerío,Central Mountains,2026,17678.6617595369,17776.826804224394,17887.737453683483,18022.489769773136,18119.875569303967,18203.71644156981,18256.83297715494,earthquake_m6_8
Comerío,Central Mountains,2027,17438.666834967793,17544.49441827152,17632.87320019567,17771.821225000163,17897.497984438247,17998.274568087683,18055.28233604761,earthquake_m6_8
Comerío,Central Mountains,2028,17238.25700069498,17341.41837572752,17458.263747456145,17610.66137638931,17728.147016613875,17863.706833887612,17922.761740719103,earthquake_m6_8
Comerío,Central Mountains,2029,16955.17938162314,17085.321766873916,17252.54641354891,17411.8683611412,17578.18770248049,17708.701031935583,17783.558547800356,earthquake_m6_8
Comerío,Central Mountains,2030,16780.05337322276,16873.98263155713,17018.597258116206,17243.559546558616,17384.328189099913,17542.203526050118,17659.274094319182,earthquake_m6_8
Corozal,Central Mountains,2025,33224.38262526137,33432.3831573025,33667.45013591847,33951.642311850395,34244.54648060819,34533.19766454349,34691.99823061352,earthquake_m6_8
Corozal,Central Mountains,2026,32214.050529733366,32414.76151911489,32801.13092838471,33202.704265263324,33559.86348581394,33854.54643151153,34085.62359082629,earthquake_m6_8
Corozal,Central Mountains,2027,31636.141370325997,31854.587226326134,32235.334410988537,32774.15744429805,33181.702072208536,33607.53939923896,33850.409330797294,earthquake_m6_8
Corozal,Central Mountains,2028,31048.089380738507,31261.626067270918,31851.64866322344,32323.19093996362,32813.51986815495,33185.05511231626,33457.85036329968,earthquake_m6_8
Corozal,Central Mountains,2029,30663.647683067666,30911.799132955763,31381.857418443557,32040.923461749095,32529.726137492235,32926.51299552885,33113.98080681038,earthquake_m6_8
Corozal,Central Mountains,2030,30211.54598573554,30491.177233459388,31053.893172136493,31668.6756963187,32211.79856145343,32734.536102914928,32915.08190647347,earthquake_m6_8
Culebra,East,2025,1278.9998182188813,1296.7436140672064,1326.2117664795533,1356.874857384863,1384.4458297787683,1406.6313891731963,1421.4508641288658,earthquake_m6_8
Culebra,East,2026,1209.342623343926,1219.9985961175705,1262.0035497302642,1304.3717802031792,1344.9745185681584,1367.4689884792206,1394.7551927833078,earthquake_m6_8
Culebra,East,2027,1153.08808888023,1177.2069922742746,1212.6165786367242,1264.297111663696,1311.761266383265,1355.9590558505859,1389.4962382808144,earthquake_m6_8
Culebra,East,2028,1103.8650185912811,1135.9976088553478,1173.4483254280046,1227.5712438069545,1277.860982346195,1326.8136758118424,1376.378280632502,earthquake_m6_8
Culebra,East,2029,1071.8583278293797,1088.436276239258,1134.14891188735,1192.58819325029,1261.5405749411084,1314.808278167909,1337.505162761401,earthquake_m6_8
Culebra,East,2030,1026.3405361910307,1054.9037162854468,1098.1744658664334,1156.801075152137,1223.2643360986028,1274.0719269262772,1316.006741724111,earthquake_m6_8
Dorado,North,2025,34857.34845169642,34992.39335508853,35168.896626911664,35362.59128702701,35572.11197991376,35773.57305940753,35910.57734000441,earthquake_m6_8
Dorado,North,2026,33941.11082135617,34068.178855944854,34305.28508342497,34579.74591281447,34806.16677843307,35025.53389162377,35124.70083840879,earthquake_m6_8
Dorado,North,2027,33382.62268871788,33543.21594662952,33809.6715846662,34131.880535273864,34399.307535632535,34658.66201235502,34786.831514404716,earthquake_m6_8
Dorado,North,2028,32934.35708680825,33129.284518067856,33388.65939190925,33738.4405668439,34091.78403086139,34367.17059421935,34543.88934383486,earthquake_m6_8
Dorado,North,2029,32549.196521368816,32708.33853579179,33065.378389901016,33363.25565821924,33789.02887313061,34024.970880447705,34197.60371482484,earthquake_m6_8
Dorado,North,2030,31912.506700209415,32325.633958445174,32658.622398737905,32986.466408421475,33309.92122839067,33659.005220733794,33821.6198275023,earthquake_m6_8
Fajardo,East,2025,30089.86943078323,30292.13371504147,30644.175778434204,31004.808132892897,31360.434968137037,31708.714463139626,31944.934470009437,earthquake_m6_8
Fajardo,East,2026,28757.111496443325,28952.713269559747,29473.10543697418,30070.99802924927,30524.011950993277,30946.035501879964,31262.428439346248,earthquake_m6_8
Fajardo,East,2027,27947.805792026407,28206.192070573758,28636.842262981718,29331.358501856892,29910.446380463836,30284.559466725004,30730.074588479838,earthquake_m6_8
Fajardo,East,2028,27225.01251008072,27513.01044923492,27845.483356784614,28818.140403536017,29557.36203031245,30073.191879841765,30493.292453085287,earthquake_m6_8
Fajardo,East,2029,26646.983626956997,26860.434675403,27460.357984383474,28192.209129328614,29014.239532871336,29780.44894748473,30275.03880433026,earthquake_m6_8
Fajardo,East,2030,25984.1543164818,26242.167023697413,26858.922829566036,27821.48400398022,28526.695068458193,29061.617943171437,29664.23615627378,earthquake_m6_8
Florida,North,2025,11183.929324882556,11225.497170516479,11290.582982601483,11366.342971038133,11447.528521562934,11515.359881614808,11537.905805831524,earthquake_m6_8
Florida,North,2026,10909.689522429548,10948.539300595114,11047.686761686913,11132.889295220783,11211.079700780767,11287.660795477354,11335.497188226722,earthquake_m6_8
Florida,North,2027,10734.127193920132,10799.069975073782,10895.081609615867,11022.606029176935,11105.471264647726,11196.241363791074,11265.582408132947,earthquake_m6_8
Florida,North,2028,10556.025175170738,10649.674901459264,10743.692943174776,10872.519316890824,10975.19157325989,11081.32879653023,11156.780987087297,earthquake_m6_8
Florida,North,2029,10424.348241290469,10513.070010785008,10615.230063584717,10716.518246917436,10864.283622256822,10975.971790812748,11039.971379571974,earthquake_m6_8
Florida,North,2030,10304.399586475307,10358.031399964319,10482.993455805556,10624.981289619163,10763.317196706714,10855.968654886641,10908.30557525459,earthquake_m6_8
Guayama,South,2025,33958.48414229087,34104.19430911521,34474.14886496928,34813.17476723128,35062.17474623871,35371.101464712876,35516.82561056917,earthquake_m6_8
Guayama,South,2026,32852.01457305254,33005.59889716797,33359.73673795562,33739.40559454607,34216.52932459991,34555.763351815986,34744.729787085555,earthquake_m6_8
Guayama,South,2027,31780.430608916402,32189.064995611043,32609.557981050166,33062.95059722687,33612.91060024607,33994.66728650542,34222.574440899174,earthquake_m6_8
Guayama,South,2028,31174.57885917417,31421.110407701162,32020.251172733297,32465.02276213649,32973.413372068775,33560.48466316488,33959.97443073664,earthquake_m6_8
Guayama,South,2029,30642.926162650318,30855.774467026644,31318.813910123863,31896.13086373875,32430.34744468763,33092.232809821195,33453.43418815568,earthquake_m6_8
Guayama,South,2030,29706.60114699664,29899.99289625712,30742.03219680959,31390.627819790487,32029.709867586633,32661.565237332696,33059.46188795946,earthquake_m6_8
Guayanilla,South,2025,16715.935383740176,16775.02823988325,16864.22093278034,16961.14045702135,17032.157577180587,17139.382458508877,17174.538505189917,earthquake_m6_8
Guayanilla,South,2026,16183.700902993309,16252.747056107817,16353.95741646779,16503.25450986361,16633.958718357546,16763.279950671753,16796.91147618123,earthquake_m6_8
Guayanilla,South,2027,15860.498123704894,15924.545911174835,16073.598072264922,16210.94420381518,16357.54263294421,16494.225755413434,16539.59648736011,earthquake_m6_8
Guayanilla,South,2028,15587.485785687986,15649.542982366604,15831.899799437238,15971.748601414994,16131.41724358021,16332.463042511083,16407.9901107944,earthquake_m6_8
Guayanilla,South,2029,15349.120706779913,15449.961051509852,15619.467857187617,15778.298694194702,15936.774615271554,16217.582533203353,16291.269415150342,earthquake_m6_8
Guayanilla,South,2030,15101.254876606474,15183.368413131539,15392.648514850338,15550.741695597562,15738.5678996858,16006.38758360883,16078.205701903998,earthquake_m6_8
Guaynabo,Metro,2025,85617.12496546085,86096.05646835004,86977.77841826662,87820.18419776099,88719.1455319176,89449.20631247375,89999.60435184343,earthquake_m6_8
Guaynabo,Metro,2026,82811.00958299843,83461.64689362509,84359.83641162464,85497.019923557,86709.52213613746,87700.5673566098,88426.21309065641,earthquake_m6_8
Guaynabo,Metro,2027,81345.6965285242,82221.58769530793,83282.46810383028,84438.21801821346,85564.1289772918,86681.80531730973,87475.24149553107,earthquake_m6_8
Guaynabo,Metro,2028,79984.29298957388,80824.78459289395,82124.02496628993,83537.1987736017,84679.70374309595,86360.49673680344,86915.59611756273,earthquake_m6_8
Guaynabo,Metro,2029,78669.49251505446,79568.91638472967,81090.71082150548,82331.76580413606,84232.25378294536,85558.44835941725,86579.09921101316,earthquake_m6_8
Guaynabo,Metro,2030,77395.5719814868,78272.52819075354,80003.20678355233,81197.9517984802,83119.26504405099,84890.15057667367,85722.65165376903,earthquake_m6_8
Gurabo,East,2025,37934.28657548961,38136.91291131641,38783.37400796209,39334.82649935342,40053.90743364339,40541.44267354821,40931.808360350224,earthquake_m6_8
Gurabo,East,2026,36161.67859363526,36646.609216476136,37457.65840793482,38230.156950029515,39054.001325338875,39560.45100601518,40047.41696917584,earthquake_m6_8
Gurabo,East,2027,35045.586039636946,35471.47122084661,36176.331897898526,37295.94530866234,38222.89337411599,39137.54299199775,39520.589940958685,earthquake_m6_8
Gurabo,East,2028,33948.29113369743,34371.82980810642,35612.05209387188,36714.514738255224,37676.79371499392,38927.34312941101,39211.114821040035,earthquake_m6_8
Gurabo,East,2029,32998.06537537335,33709.768840704426,34811.64423317717,35967.398218466245,37228.1828402564,38291.126460611864,39119.45518548788,earthquake_m6_8
Gurabo,East,2030,32114.639781055528,32779.59185507493,33985.97293556561,35195.0088655503,36560.41150671351,37663.8442203583,38953.59182587261,earthquake_m6_8
Guánica,West,2025,12310.371981985603,12365.28706030717,12475.70064482638,12582.65425433823,12718.668892701995,12827.125232543596,12866.284941279479,earthquake_m6_8
Guánica,West,2026,11746.785963973749,11835.111056053574,11977.574336906682,12150.919967196332,12294.655463187733,12415.496542155057,12496.825217593401,earthquake_m6_8
Guánica,West,2027,11317.714305765072,11427.753254570873,11634.895947217072,11795.919844965798,12010.136994874352,12188.325920992942,12323.363721512356,earthquake_m6_8
Guánica,West,2028,10906.776766638055,11072.877442465986,11289.694913862293,11536.834753311221,11751.673245716353,12007.622589288394,12066.415252365128,earthquake_m6_8
Guánica,West,2029,10639.404635275201,10787.801721703245,11093.0147492771,11301.326492562006,11536.6919993796,11758.021037802542,11918.586464391768,earthquake_m6_8
Guánica,West,2030,10440.903718916352,10563.039307236792,10809.794221049508,11072.371584415498,11330.980943616956,11563.868143088828,11746.767813520031,earthquake_m6_8
Hatillo,North,2025,37206.985802077426,37296.75569875021,37544.05221521055,37753.27856999585,37981.125038514496,38175.268791641545,38259.038101009464,earthquake_m6_8
Hatillo,North,2026,36127.47639552741,36340.076351389296,36637.995500441364,36898.34050794273,37198.52293193241,37437.87111506902,37588.7654311,earthquake_m6_8
Hatillo,North,2027,35794.05684433859,35993.279891158396,36253.059979018515,36520.247839664444,36871.00802401005,37131.51628147054,37285.1123175359,earthquake_m6_8
Hatillo,North,2028,35318.591010952856,35421.4757010112,35820.53832397591,36150.152190922505,36438.6273866463,36765.98598783282,36899.50246592938,earthquake_m6_8
Hatillo,North,2029,34793.06480640209,34939.158517914926,35297.18085501914,35714.47632145803,36081.42332234715,36426.43452322302,36616.745662443784,earthquake_m6_8
Hatillo,North,2030,34179.861175012134,34456.93973623993,34898.5963332024,35321.750569908516,35666.15081152571,36106.63512895949,36358.889467614696,earthquake_m6_8
Hormigueros,West,2025,15117.38433172677,15152.563110172725,15205.75123677928,15286.807215547535,15358.561396750953,15427.76030641406,15469.882317884381,earthquake_m6_8
Hormigueros,West,2026,14644.578352777482,14687.192953903868,14785.781043899673,14881.588466209236,14999.04944797888,15079.407958089483,15141.31042549419,earthquake_m6_8
Hormigueros,West,2027,14496.736669202759,14548.481472367872,14638.964286827582,14746.823128579555,14834.968402995655,14937.551718807652,15004.024822284253,earthquake_m6_8
Hormigueros,West,2028,14339.487101465123,14447.334072500222,14554.816743294825,14636.32574666883,14782.101865696524,14862.819099710592,14911.810274919497,earthquake_m6_8
Hormigueros,West,2029,14124.72771217573,14169.642932113937,14314.000578807463,14458.36666344917,14602.604535539342,14698.993014774267,14786.33009293225,earthquake_m6_8
Hormigueros,West,2030,13938.372207538132,13978.430450455931,14101.418324992479,14237.870331629292,14375.795736458364,14506.610646594921,14567.448550129264,earthquake_m6_8
Humacao,East,2025,48490.064209684046,48620.07183059642,48904.754653653115,49218.96231087946,49465.50118317253,49660.3679319261,49867.45877034688,earthquake_m6_8
Humacao,East,2026,46866.78226021844,47046.077392316,47346.575135317165,47646.08012909361,47977.51823151634,48246.30580880893,48498.212118401796,earthquake_m6_8
Humacao,East,2027,45730.56486967514,45979.10759404581,46306.41394796952,46656.71564477193,47119.55035077038,47395.15519738878,47583.003416316875,earthquake_m6_8
Humacao,East,2028,44915.16484085354,45101.95003973508,45468.581578558325,45889.18107691155,46272.57369450625,46696.848338507116,46908.35866974058,earthquake_m6_8
Humacao,East,2029,44148.94389841309,44392.063491518056,44681.89099496283,45198.28200513376,45683.384933178975,46103.08224202562,46450.013320993356,earthquake_m6_8
Humacao,East,2030,43405.31623950665,43634.67559327004,44033.78264547176,44495.422330038375,44954.87361948328,45393.56513651066,45647.37849002343,earthquake_m6_8
Isabela,West,2025,41230.020598778996,41474.71505150764,41847.179939305104,42254.049877816025,42698.047343864884,43143.12544561019,43353.94979697464,earthquake_m6_8
Isabela,West,2026,39877.2612380831,40323.71167199405,40744.12133545174,41187.674388314874,41736.82846736775,42294.23946348422,42555.51119627813,earthquake_m6_8
Isabela,West,2027,39490.55638156962,39788.74013731571,40251.36361935652,40834.39804013518,41348.846652705375,41860.98517685952,42143.75823849254,earthquake_m6_8
Isabela,West,2028,38820.85658146929,39126.07196707642,39604.10581065975,40427.79668183523,40978.28005117947,41549.57356868482,41899.660062596806,earthquake_m6_8
Isabela,West,2029,38122.13869449845,38569.732963244445,39066.9448704188,39729.28825199444,40408.8857318566,41046.409199038964,41373.44466360485,earthquake_m6_8
Isabela,West,2030,37607.322864118934,37981.01715895609,38614.88120748454,39213.64201514156,39880.54768522794,40747.335802339294,41147.24219876989,earthquake_m6_8
Jayuya,Central Mountains,2025,14112.56980658328,14179.404295829163,14280.77003956557,14423.223219206215,14564.077789650913,14699.956295011776,14789.313949899237,earthquake_m6_8
Jayuya,Central Mountains,2026,13714.892585457597,13788.865875011701,13911.345683948493,14092.463971802716,14265.091793523214,14435.613558132212,14578.911431210727,earthquake_m6_8
Jayuya,Central Mountains,2027,13522.410379968806,13592.173601987235,13762.684391007997,13975.145529854939,14110.77609395866,14305.468114804635,14416.837263128691,earthquake_m6_8
Jayuya,Central Mountains,2028,13334.829463249927,13397.25292105893,13617.902218706162,13822.504157043051,14003.607267489167,14227.076849615485,14375.272521890232,earthquake_m6_8
Jayuya,Central Mountains,2029,13176.897528593503,13252.366736111779,13431.885356511058,13656.691482998418,13934.109392748698,14102.747844152409,14249.665017244113,earthquake_m6_8
Jayuya,Central Mountains,2030,13003.072724459842,13128.507211469892,13244.740870068123,13473.589200224276,13729.06885124262,13984.793811630858,14083.470882303232,earthquake_m6_8
Juana Díaz,South,2025,44727.62423388763,44884.90731818564,45142.74384583191,45512.9864588457,45901.910190782306,46233.31069046999,46356.28894544857,earthquake_m6_8
Juana Díaz,South,2026,43174.13254888002,43356.80591097044,43743.45218281658,44296.62944099889,44782.32288377336,45202.025790167834,45453.65859957743,earthquake_m6_8
Juana Díaz,South,2027,42124.56518381981,42409.31767505892,42862.04844770568,43413.3466722078,44073.398737779404,44570.548532022985,44854.17872936226,earthquake_m6_8
Juana Díaz,South,2028,41277.4983156144,41610.49005085301,42189.524371992244,42788.306343056756,43383.21915702564,43944.91886195879,44442.1831505496,earthquake_m6_8
Juana Díaz,South,2029,40512.22479793418,40829.626453813245,41510.79931854777,42094.374297518545,42799.42986472601,43497.588419634005,43798.13216058432,earthquake_m6_8
Juana Díaz,South,2030,39729.52742463776,40086.305309161995,40723.90138846377,41579.34824462382,42215.099422785395,42770.01715917336,42984.6018269381,earthquake_m6_8
Juncos,East,2025,35633.51152528708,35750.23057646033,35916.06804071413,36151.366179231045,36395.04418636511,36572.00203632505,36657.24045969214,earthquake_m6_8
Juncos,East,2026,34279.792262352516,34455.928387846136,34691.55238410237,34971.796557478105,35292.88592327486,35518.674098629854,35638.975008898815,earthquake_m6_8
Juncos,East,2027,33248.11456463682,33492.79511535481,33832.05821475334,34238.16336654755,34540.90542931949,34871.70954791391,35031.41750692424,earthquake_m6_8
Juncos,East,2028,32542.746818743315,32705.49535170921,33091.6581685822,33584.81613737559,33971.2329633655,34361.33300977966,34500.268133050704,earthquake_m6_8
Juncos,East,2029,32016.013862623913,32191.367835289147,32566.521811246912,32994.01128184913,33418.68287590659,33693.94015978346,33914.98211652855,earthquake_m6_8
Juncos,East,2030,31341.705922740908,31592.71114928499,32037.574914276767,32452.76830508223,32887.36372120003,33231.74992074306,33402.48161041452,earthquake_m6_8
Lajas,West,2025,22203.378608346582,22367.960906473927,22594.60235133339,22818.905719135877,23019.01197062141,23161.85703765329,23350.35445863706,earthquake_m6_8
Lajas,West,2026,21604.824920675463,21721.533950393634,21973.141854616406,22267.983559487,22501.216595586884,22810.325700649864,22924.69139749653,earthquake_m6_8
Lajas,West,2027,21465.274844056137,21571.700533596202,21770.223177040323,22009.65339845248,22343.482387767603,22644.79008939717,22756.232292416735,earthquake_m6_8
Lajas,West,2028,21130.37463984251,21265.026603059116,21597.879667691126,21917.47486962903,22225.28313854285,22468.134496912196,22660.89007569295,earthquake_m6_8
Lajas,West,2029,20924.246353247578,21059.775903570513,21275.78256109264,21637.41691135974,22076.236824831307,22377.03326766802,22603.714996608865,earthquake_m6_8
Lajas,West,2030,20578.32708096481,20726.331497455772,21016.9225463436,21376.794871754795,21792.326417785756,22118.484797785626,22388.3166959563,earthquake_m6_8
Lares,Central Mountains,2025,26292.602669847158,26481.22803609562,26926.634506833187,27415.747398422587,27977.551495197833,28523.923628846598,28699.88186086649,earthquake_m6_8
Lares,Central Mountains,2026,25027.166373815333,25288.389623183706,25999.32923601276,26843.94469697652,27580.67074451479,27983.33519666753,28425.419986893838,earthquake_m6_8
Lares,Central Mountains,2027,24691.257013530845,24870.811131894512,25590.88332411687,26418.717462120083,27133.00077633334,27860.155958466134,28352.297408346694,earthquake_m6_8
Lares,Central Mountains,2028,24110.28027247175,24546.161860817243,25238.143007308023,26140.487888837473,26920.96379589073,27603.778025835738,28206.08755759199,earthquake_m6_8
Lares,Central Mountains,2029,23471.015795417683,23948.354408010993,24996.529962747612,25886.663356375055,26789.594056931244,27646.621567859853,28160.263792357448,earthquake_m6_8
Lares,Central Mountains,2030,23185.207576388286,23475.988883000155,24507.128550065303,25693.52915652917,26693.873874282835,27483.759608771365,27826.144398990225,earthquake_m6_8
Las Marías,West,2025,8333.874799257335,8386.642057585726,8490.176821279958,8605.347670742329,8732.203848311347,8852.022717829588,8905.237969854494,earthquake_m6_8
Las Marías,West,2026,7995.607422461673,8125.333196075143,8249.924402495384,8433.766506610977,8592.757452510778,8715.954042633826,8739.196635911148,earthquake_m6_8
Las Marías,West,2027,7902.967384112544,8004.98849423456,8160.839313746652,8347.676111384153,8507.365152528513,8678.133733583742,8781.441579316695,earthquake_m6_8
Las Marías,West,2028,7748.97624714443,7889.518737533467,8066.689993402217,8275.64590794123,8460.5214710373,8632.395205962177,8744.368824399811,earthquake_m6_8
Las Marías,West,2029,7532.183166098391,7698.8955857446135,7894.833537904886,8140.000925902408,8382.018087166103,8555.16814044674,8654.875177392569,earthquake_m6_8
Las Marías,West,2030,7464.371976936563,7560.924865307288,7766.115837312854,8025.375301440401,8319.72687320453,8511.793673446302,8559.920901099207,earthquake_m6_8
Las Piedras,East,2025,33650.10821702507,33743.1153425884,34009.68656310058,34264.97399197427,34553.41914748155,34793.819278760595,34895.15982266283,earthquake_m6_8
Las Piedras,East,2026,32317.737424287287,32457.111790292653,32751.450551044705,33114.48103070316,33527.40916983895,33912.59443603627,34120.23812283737,earthquake_m6_8
Las Piedras,East,2027,31448.158673983708,31620.284513507526,31954.21239322885,32361.30876101133,32877.00619140333,33186.43832631967,33324.74591451165,earthquake_m6_8
Las Piedras,East,2028,30665.358537778666,30906.77685237432,31414.526660325264,31854.705067483483,32330.3729007322,32730.911286349576,32992.62749779661,earthquake_m6_8
Las Piedras,East,2029,30138.068383637397,30425.93451200895,30812.974167643966,31329.741631843768,31784.355256918887,32288.867277491703,32550.48598539905,earthquake_m6_8
Las Piedras,East,2030,29697.00300244191,29844.569594674558,30219.109795183438,30788.52797556539,31283.102924360166,31912.34596140167,32144.260770197718,earthquake_m6_8
Loíza,East,2025,22097.761576118413,22135.43847926667,22248.729908106412,22387.895217853125,22511.362648708146,22645.61738848279,22690.678208450452,earthquake_m6_8
Loíza,East,2026,21318.11480623723,21421.38660720834,21569.245068304794,21765.080317200485,21902.285343755673,22043.654289695278,22125.300119757092,earthquake_m6_8
Loíza,East,2027,20826.74747297118,20929.7787164877,21070.55533945079,21277.15354682136,21430.204534196753,21549.386624038303,21700.804052895826,earthquake_m6_8
Loíza,East,2028,20292.507840323335,20412.72109050476,20609.068488388402,20861.144767898317,21030.848269050726,21187.738947243077,21232.032280483487,earthquake_m6_8
Loíza,East,2029,19891.94789716368,19986.37615900943,20239.723902663856,20499.92644383158,20710.592034603058,20888.155771466754,20952.549366703628,earthquake_m6_8
Loíza,East,2030,19481.075864728755,19651.13588050785,19871.249847499636,20113.084443570588,20345.206740112735,20561.476437503516,20631.541850787566,earthquake_m6_8
Luquillo,East,2025,16952.336080236502,17019.975673879755,17125.346903247435,17206.789186400118,17296.59431803035,17382.113146714342,17428.559677915353,earthquake_m6_8
Luquillo,East,2026,16320.943380354505,16430.63039193261,16534.269263204198,16680.66879532703,16800.543872591443,16880.49676057102,16947.394845308096,earthquake_m6_8
Luquillo,East,2027,15998.507202833549,16076.578529665543,16194.64217747506,16345.730624608212,16476.36272537235,16572.488894213282,16656.911545311865,earthquake_m6_8
Luquillo,East,2028,15675.043347575696,15718.958099075018,15908.919324871602,16024.246736595533,16209.823237131153,16364.66264743345,16461.908974796086,earthquake_m6_8
Luquillo,East,2029,15346.535962478561,15454.619806962171,15606.083626702337,15784.592552816861,15967.462445116238,16160.261249319165,16262.820253899232,earthquake_m6_8
Luquillo,East,2030,15095.917991718436,15176.284410695123,15349.15000658481,15519.092003222571,15741.173730607821,15898.099917091537,16022.956533685894,earthquake_m6_8
Manatí,North,2025,37773.867345785846,37963.90171831635,38159.28781532665,38537.3719951306,38806.23117168403,39180.626234811054,39357.6668924958,earthquake_m6_8
Manatí,North,2026,36730.54228358259,36964.07417577935,37277.78863096965,37614.687735070474,38064.447547788586,38441.11684580662,38585.39944617135,earthquake_m6_8
Manatí,North,2027,36036.62097817685,36270.64158753867,36718.49627319559,37123.703984821084,37734.14519338763,38116.25332061372,38397.2018111924,earthquake_m6_8
Manatí,North,2028,35562.922555049954,35831.12892895559,36239.507771515826,36730.23949342492,37358.34023630988,37824.14686544149,38206.469421906426,earthquake_m6_8
Manatí,North,2029,34970.71072403833,35360.239129440764,35791.58440202108,36379.132751870464,36969.21651697911,37486.78785402756,37825.48650143059,earthquake_m6_8
Manatí,North,2030,34508.83692202551,34795.83652661628,35422.70557964395,36040.38522372782,36596.689199807646,37295.01766523811,37622.19674604687,earthquake_m6_8
Maricao,West,2025,4803.0365533225595,4825.477172979262,4885.911823621721,4939.167185219767,5002.9595994553365,5079.8802278211415,5115.00626382426,earthquake_m6_8
Maricao,West,2026,4672.8149806257,4738.1784428576675,4809.088113400061,4880.010457576908,4973.562095974106,5026.276827547922,5062.902214150829,earthquake_m6_8
Maricao,West,2027,4559.677033315388,4638.471764220532,4715.5286171775215,4816.408704545287,4900.430762873369,4981.028632754837,5032.829419620887,earthquake_m6_8
Maricao,West,2028,4497.144918346169,4581.611941585884,4685.166197550586,4776.627022961037,4865.906803164129,4979.517391612754,5019.425955732669,earthquake_m6_8
Maricao,West,2029,4426.811644352124,4495.358366558365,4620.786954665629,4737.019274425009,4844.079147290772,4940.755609721286,5018.375279053168,earthquake_m6_8
Maricao,West,2030,4366.572326719381,4462.0275848746205,4560.663556691757,4667.282018736629,4816.541916268289,4916.443716517787,4989.734928372029,earthquake_m6_8
Maunabo,East,2025,10040.49732420768,10084.310990670798,10148.323332138305,10213.866094610348,10281.096004785548,10339.856580069987,10381.487362379974,earthquake_m6_8
Maunabo,East,2026,9650.230366119009,9703.295101518668,9809.410769251494,9903.1755493375,9996.093671244393,10057.934161753521,10087.92517854846,earthquake_m6_8
Maunabo,East,2027,9427.575244069812,9479.411812465347,9581.790043607827,9694.20660038484,9792.888738970705,9880.070536824564,9937.303355859502,earthquake_m6_8
Maunabo,East,2028,9231.265955239565,9303.722306918826,9394.810592302996,9484.997120280826,9599.5559950051,9718.020096617509,9775.248993313762,earthquake_m6_8
Maunabo,East,2029,9072.128760676069,9120.548185484222,9216.943088024553,9309.14457341895,9443.806884270964,9578.134257299003,9663.955831075187,earthquake_m6_8
Maunabo,East,2030,8843.213558362497,8929.7455967108,9026.236357430558,9151.188579145353,9297.734746696126,9428.112593089614,9495.664373407324,earthquake_m6_8
Mayagüez,West,2025,69368.51682350803,69668.74270318123,70015.3050957851,70524.2456843624,71009.38850071294,71351.10763679378,71631.44647227386,earthquake_m6_8
Mayagüez,West,2026,67676.59577254948,67972.31880414131,68571.29252206592,69166.97313110718,69963.30035986683,70421.7643758205,70635.87185670095,earthquake_m6_8
Mayagüez,West,2027,66484.39193815814,66969.49600275636,67405.9535651315,68193.6744335166,68816.33785381865,69405.6080165602,69963.33256847656,earthquake_m6_8
Mayagüez,West,2028,65641.3718757029,66072.04566726145,66820.0593723676,67536.84136349593,68299.88450542933,69134.54328388533,69577.1399550594,earthquake_m6_8
Mayagüez,West,2029,64830.63715097882,65223.37151125119,65869.4297868861,66840.7736181695,67738.3198595393,68426.69848820794,69096.42422607998,earthquake_m6_8
Mayagüez,West,2030,63641.74855498371,64146.638966139966,64998.126304985395,65963.59985512577,66863.33475786819,67665.04093675558,67901.35380097869,earthquake_m6_8
Moca,West,2025,35907.72955049824,36066.72386081884,36396.5412635275,36862.466045943176,37281.09073219337,37660.345438647615,37822.314093358094,earthquake_m6_8
Moca,West,2026,34800.76991628204,35041.03306497868,35438.11105279129,35954.171147335044,36538.75142787579,36957.82000745855,37173.46322398171,earthquake_m6_8
Moca,West,2027,34157.92732703984,34469.115159936126,34920.21567798205,35627.107153722114,36168.52640957372,36734.58742797807,37070.36546643901,earthquake_m6_8
Moca,West,2028,33607.66339765019,33745.6678052398,34454.332906243486,34989.833749601734,35770.696157254664,36431.6210223545,36717.94032476097,earthquake_m6_8
Moca,West,2029,32987.483813963285,33246.64663452991,33935.90281368214,34705.83518973458,35288.79541745346,35806.18868117081,36259.66011233756,earthquake_m6_8
Moca,West,2030,32543.37490796698,32778.9734632689,33585.63604631233,34217.841085378546,34885.36854403325,35642.81519319141,36018.09078701658,earthquake_m6_8
Morovis,Central Mountains,2025,27619.789128907265,27783.072965192852,27956.98398218949,28166.522384710508,28394.402433977273,28600.81809880466,28722.7013137817,earthquake_m6_8
Morovis,Central Mountains,2026,26762.23820514795,26959.56543111029,27209.19364441124,27489.79465827747,27758.643386604486,27989.080168784643,28179.705684601613,earthquake_m6_8
Morovis,Central Mountains,2027,26361.34465078042,26527.076132001952,26813.14277413674,27171.088593566397,27412.627383133895,27723.175607253386,27920.014597850226,earthquake_m6_8
Morovis,Central Mountains,2028,26013.74271089074,26170.4307044837,26501.158116181952,26897.033270933378,27189.378238550056,27579.697271060442,27764.369861580206,earthquake_m6_8
Morovis,Central Mountains,2029,25634.894443127938,25899.212449347157,26215.994104273075,26629.42512602268,26991.410708579206,27394.770920425206,27672.39368759507,earthquake_m6_8
Morovis,Central Mountains,2030,25248.654829843104,25504.37503476726,25875.448603981866,26302.535677876964,26659.124210586837,27087.11570693493,27369.282268213068,earthquake_m6_8
Naguabo,East,2025,21970.22264768587,22142.23390279839,22358.61439377559,22605.229927398534,22908.1087631074,23240.85583896165,23369.267929458743,earthquake_m6_8
Naguabo,East,2026,21029.761847535177,21254.66681897805,21583.153926175983,21924.993458894947,22296.01523639952,22577.845316564937,22791.138344812593,earthquake_m6_8
Naguabo,East,2027,20370.91802035762,20504.41058292042,21031.255041054574,21563.634820181374,21963.39989891997,22252.33365156465,22611.558830895134,earthquake_m6_8
Naguabo,East,2028,19945.740211480763,20214.007708483216,20611.8246664621,21127.130402902614,21636.780690931497,21973.346977946585,22268.110277153115,earthquake_m6_8
Naguabo,East,2029,19400.80185077424,19834.347259419585,20238.40288297654,20758.441852798343,21298.529890357786,21704.27399666172,22039.61176299231,earthquake_m6_8
Naguabo,East,2030,18890.113603412625,19426.216749205836,19861.273984056563,20449.0563232436,20874.450919012248,21300.1137893594,21584.23440261989,earthquake_m6_8
Naranjito,Central Mountains,2025,28169.88452007962,28260.538611101365,28509.18893818482,28834.2570076173,29037.469785886544,29310.443392647925,29447.39846628305,earthquake_m6_8
Naranjito,Central Mountains,2026,27244.592463230165,27457.00725687835,27807.355544101814,28074.52538650844,28386.693608063022,28663.417438606815,28894.053543092992,earthquake_m6_8
Naranjito,Central Mountains,2027,26645.289551712995,26876.13851799763,27272.897609957,27745.694198477846,28146.523617479746,28399.070366991455,28521.811491091088,earthquake_m6_8
Naranjito,Central Mountains,2028,26319.989586555042,26562.596423429142,26949.43732997527,27387.407831280594,27833.07275714685,28195.67358037782,28500.489638897143,earthquake_m6_8
Naranjito,Central Mountains,2029,25872.546676029764,26140.60735559332,26686.900206053164,27108.224400317424,27478.104059259247,27955.54733609419,28402.75668591167,earthquake_m6_8
Naranjito,Central Mountains,2030,25511.25165099957,25875.087127646326,26263.997701251104,26762.78692227276,27274.36447884929,27668.10182216918,28045.614244509008,earthquake_m6_8
Orocovis,Central Mountains,2025,20465.693287832815,20597.347505920476,20781.352569357492,20976.945885191133,21170.329778467323,21340.46213489291,21414.96689853846,earthquake_m6_8
Orocovis,Central Mountains,2026,19896.807423711052,20001.203170731875,20234.43827429975,20476.808556245596,20679.138334804487,20949.65586085872,21073.777441526272,earthquake_m6_8
Orocovis,Central Mountains,2027,19667.423214635022,19767.41125965191,19962.218293834027,20285.18292914505,20527.906363154078,20712.828227141064,20784.47029547118,earthquake_m6_8
Orocovis,Central Mountains,2028,19367.943969301203,19461.644037684793,19715.873564105714,20061.558457423977,20288.595777609677,20492.187433286443,20666.351091584416,earthquake_m6_8
Orocovis,Central Mountains,2029,18998.62521690448,19129.04731797424,19390.851970983684,19769.968879121385,20028.464658101006,20367.285537310818,20558.114889686807,earthquake_m6_8
Orocovis,Central Mountains,2030,18812.202304007104,18926.70444475162,19171.4699845696,19486.032503495844,19855.818870539362,20166.20468397774,20287.235806120778,earthquake_m6_8
Patillas,South,2025,15116.29153143761,15163.762567592748,15235.27945399863,15311.143005889944,15378.931367170833,15460.431408776181,15507.10327200572,earthquake_m6_8
Patillas,South,2026,14609.526527379641,14705.240115021215,14772.735303872014,14880.050688749976,14974.142876751292,15057.030172955258,15127.577473064826,earthquake_m6_8
Patillas,South,2027,14295.945137395302,14356.622590760668,14452.754413382303,14553.989349035644,14689.721634019454,14799.92233694727,14877.698190296722,earthquake_m6_8
Patillas,South,2028,13981.563824273619,14038.27149824353,14128.99601225007,14260.705794807996,14412.474526874026,14561.536168966046,14619.626591061819,earthquake_m6_8
Patillas,South,2029,13698.340247500273,13737.547217762654,13853.281564565928,13992.963916908366,14168.005523202313,14306.05506254919,14405.261724171194,earthquake_m6_8
Patillas,South,2030,13396.468636250303,13420.408922292747,13587.68066085563,13745.944416222217,13883.728075458308,14026.118658089754,14149.113936921554,earthquake_m6_8
Peñuelas,South,2025,19102.875081462298,19218.438684285993,19367.85279102699,19584.484714121427,19773.313272256695,20012.40970227454,20116.191346879797,earthquake_m6_8
Peñuelas,South,2026,18400.551989464668,18538.35777734927,18793.245615964654,19098.83357913942,19333.407900637387,19643.078086811507,19811.070453393608,earthquake_m6_8
Peñuelas,South,2027,17936.153963181114,18122.06046155835,18356.499866745722,18707.46855154638,19012.828717747278,19335.44251537401,19519.6821623442,earthquake_m6_8
Peñuelas,South,2028,17611.18684541113,17782.386046160733,18030.1968773577,18424.434993602026,18776.108918817485,19125.674399107887,19290.518744135356,earthquake_m6_8
Peñuelas,South,2029,17381.439060846384,17511.820742879627,17783.912387373788,18159.20024397546,18576.23991419548,19057.70412616557,19237.240574561827,earthquake_m6_8
Peñuelas,South,2030,17028.20823306267,17178.870527227653,17540.197628909773,17887.675247518495,18414.97746178677,18789.025701057268,19029.973826702317,earthquake_m6_8
Ponce,South,2025,128324.74130154244,129048.47769247352,130032.79410990534,131176.9421478096,132349.6139549515,133299.4937998867,133880.9716554903,earthquake_m6_8
Ponce,South,2026,124301.77658240084,124958.75895098595,126087.13173976784,127652.12931214181,128998.80037954825,130216.14230571056,131188.7479418246,earthquake_m6_8
Ponce,South,2027,121480.55975877318,121765.04724899768,123691.64103145707,125270.03469743655,126695.818861018,128099.60793049147,129387.04651039034,earthquake_m6_8
Ponce,South,2028,118840.91152048045,119926.67188016327,121358.66335749322,123324.02020451444,125370.13529622008,126763.43069869162,127847.17432355038,earthquake_m6_8
Ponce,South,2029,116655.09083584709,117610.78409427976,119305.8710697007,121183.88735683842,123593.11148075925,124903.4795587487,126144.55620422453,earthquake_m6_8
Ponce,South,2030,114562.31965568026,115545.03409384192,117160.0362463521,119191.24813162885,121636.2093672617,123429.44603447082,124588.7298114118,earthquake_m6_8
Quebradillas,North,2025,22737.511086214225,22810.962387792475,22947.089816629865,23092.346991567192,23249.542918592713,23391.03533462803,23549.053751927022,earthquake_m6_8
Quebradillas,North,2026,22169.202278152407,22244.225802099056,22433.301868479568,22609.773652290714,22796.916059039002,22966.886323019065,23130.066779621593,earthquake_m6_8
Quebradillas,North,2027,21898.41778567364,22027.765487107947,22179.302626712364,22401.64691252481,22578.041189789936,22741.777594183284,22816.266604574186,earthquake_m6_8
Quebradillas,North,2028,21586.378462509067,21710.717536453812,21907.005511343006,22123.457737593053,22345.89200138802,22486.742573773616,22595.244702416625,earthquake_m6_8
Quebradillas,North,2029,21240.187888864657,21352.144937230125,21561.56736588079,21835.038755673515,22062.103411973734,22233.942661258712,22375.480240381297,earthquake_m6_8
Quebradillas,North,2030,20940.14491434821,21087.334416954553,21325.506224079574,21584.202902393103,21857.04820445395,22042.856011024487,22156.427638024725,earthquake_m6_8
Rincón,West,2025,14661.709639539245,14740.653156467653,14926.698698594158,15149.791111415216,15349.33527035495,15507.307566949206,15595.660442710667,earthquake_m6_8
Rincón,West,2026,14057.33389407586,14331.675239725751,14526.143756384932,14783.937570923525,15072.053677044638,15256.077648421839,15405.720864636,earthquake_m6_8
Rincón,West,2027,13826.012502761865,13995.17544909945,14278.449424610062,14592.286156410522,14837.51449632185,15051.39435787076,15152.010216279252,earthquake_m6_8
Rincón,West,2028,13606.042934135066,13757.293960581896,14086.900984172647,14389.040392510731,14696.626609191324,14945.993196435866,15151.112152708436,earthquake_m6_8
Rincón,West,2029,13366.813567516723,13592.752832135808,13909.086932702081,14218.593626172717,14531.837313467642,14860.570746466898,15049.234658033994,earthquake_m6_8
Rincón,West,2030,13201.847005296779,13423.707212995276,13684.018578004685,14072.748794074301,14359.225221438403,14712.397958798705,14901.097719735233,earthquake_m6_8
Río Grande,East,2025,44592.66331352104,44748.783560582786,44943.10817600785,45303.076789010025,45550.290809060025,45815.13340939027,46001.472386118396,earthquake_m6_8
Río Grande,East,2026,43050.89157195032,43264.21507542119,43537.11154685448,43877.59849012159,44190.43627057802,44552.835898464575,44681.40676587671,earthquake_m6_8
Río Grande,East,2027,42028.697893162076,42211.8697670033,42512.03525329917,42931.576646608504,43363.75349381738,43621.92846916967,43859.794269833204,earthquake_m6_8
Río Grande,East,2028,41121.793569774534,41337.94022138436,41700.46612578253,42154.33265343195,42720.261396101865,42943.89344675929,43114.967691152706,earthquake_m6_8
Río Grande,East,2029,40291.71730029464,40480.456950072796,40928.22967585102,41458.58341065211,42026.59997786927,42378.51590158409,42611.309929537376,earthquake_m6_8
Río Grande,East,2030,39488.49969802638,39806.55927211988,40199.98381985978,40705.99910966562,41229.81818925002,41630.703282986244,41941.810458434484,earthquake_m6_8
Sabana Grande,West,2025,21743.595693400785,21838.481077548055,21976.608971686488,22199.845785488684,22376.155516961237,22545.691024851276,22681.39157301025,earthquake_m6_8
Sabana Grande,West,2026,21116.348195285358,21257.361588417367,21466.673815200273,21669.9729192834,21931.00705665163,22113.651569015543,22262.486570185112,earthquake_m6_8
Sabana Grande,West,2027,20895.693468891754,21035.16275915419,21262.98359401783,21480.261897856573,21751.991016948225,21959.678937544755,22131.530608439283,earthquake_m6_8
Sabana Grande,West,2028,20678.205299201953,20847.471194009326,21126.291073059387,21321.747072567756,21603.337128785646,21864.84840617094,22044.14741021631,earthquake_m6_8
Sabana Grande,West,2029,20446.06289740147,20545.632199403128,20843.961336247678,21123.16220185468,21423.36391273234,21734.6898220092,21967.94567365637,earthquake_m6_8
Sabana Grande,West,2030,20177.337599051974,20333.21830043779,20561.615638127925,20900.542335789272,21251.805308362484,21556.675832710676,21663.551977257608,earthquake_m6_8
Salinas,South,2025,24350.317318401452,24424.645032204346,24602.397091065126,24780.2321641926,24977.312875010204,25128.697123509595,25197.825819393598,earthquake_m6_8
Salinas,South,2026,23532.922773546914,23664.33988274908,23881.67373633904,24093.70360722067,24375.959446616078,24654.39353683443,24734.806478143993,earthquake_m6_8
Salinas,South,2027,23007.260999929324,23130.107989406217,23318.791060096333,23602.86208437157,23934.772127601376,24114.359656002784,24271.32092125158,earthquake_m6_8
Salinas,South,2028,22421.754498636896,22579.4480710955,22870.48326271904,23182.70934900984,23549.040531032955,23801.559957144455,23938.808566055664,earthquake_m6_8
Salinas,South,2029,22069.478234683313,22182.35870922422,22463.789574180675,22822.14485393885,23181.233792671137,23465.7807701034,23654.501691847534,earthquake_m6_8
Salinas,South,2030,21629.073471453197,21804.317208262837,22095.095538573587,22440.48194158991,22863.05179757395,23114.355275675174,23202.400142261045,earthquake_m6_8
San Germán,West,2025,30423.124526515112,30554.891992943358,30779.89484168149,31066.694593038213,31305.35295961488,31515.397345175374,31703.975960553587,earthquake_m6_8
San Germán,West,2026,29434.926128971874,29652.031200102247,29908.692640082867,30283.076687449684,30653.3638914866,30870.351380677006,31027.372125715272,earthquake_m6_8
San Germán,West,2027,29031.582059871507,29147.28787527558,29462.83196342768,29923.74354214503,30329.49643932549,30604.954981937462,30775.17296289836,earthquake_m6_8
San Germán,West,2028,28626.62283762757,28822.86571032446,29152.14984284487,29612.80929837799,30038.056519559737,30419.299267033057,30742.64922767232,earthquake_m6_8
San Germán,West,2029,28144.230251941815,28493.230278269977,28822.64802086267,29314.917115239896,29896.016232171645,30269.282786004896,30488.666346099737,earthquake_m6_8
San Germán,West,2030,27732.14575377544,28010.25275338234,28449.312924269325,29027.40684904345,29576.246094655064,30061.119428916474,30457.5748584778,earthquake_m6_8
San Juan,Metro,2025,324583.43237145443,325350.14322119375,328603.73951285053,331923.6155816043,335224.8627539123,337711.42493358155,339270.1722752749,earthquake_m6_8
San Juan,Metro,2026,311286.6529064761,314281.6342208055,318321.2624137504,322944.4020894801,327947.2351989524,331138.9381677135,333309.4641373041,earthquake_m6_8
San Juan,Metro,2027,306527.36962298944,308646.53730377735,313291.01928283076,318128.9078643329,322498.6111364017,327166.3636002272,329420.62244217464,earthquake_m6_8
San Juan,Metro,2028,300358.7553338762,305346.1870541567,309965.3685028322,314737.1690473454,319494.54824997805,325364.3431197388,329349.34713056375,earthquake_m6_8
San Juan,Metro,2029,295438.2915953218,300800.6938065792,306341.5590069125,310784.0148310569,316883.6763686667,321836.78217368363,324952.4551043203,earthquake_m6_8
San Juan,Metro,2030,291243.7950008937,294815.9132131948,300549.1700863482,306536.2832688087,312837.6675028326,319373.24881305924,322932.14340093685,earthquake_m6_8
San Lorenzo,East,2025,35845.61675657278,36029.33903014086,36359.22398857453,36629.682409365756,36920.79555496287,37171.8424201056,37317.17907536806,earthquake_m6_8
San Lorenzo,East,2026,34529.92797419305,34760.26693439522,35083.05854702217,35525.70906690392,35879.93098523626,36278.29941936805,36538.68870523768,earthquake_m6_8
San Lorenzo,East,2027,33610.117085537044,33879.535265653634,34270.42086072239,34759.91922324065,35168.34766344712,35606.42213337095,35753.08047621054,earthquake_m6_8
San Lorenzo,East,2028,32842.8472358559,33160.41648196445,33585.84791766222,34094.34065587868,34647.72841341501,35101.33758368497,35309.38848128378,earthquake_m6_8
San Lorenzo,East,2029,32178.42916106532,32529.181233073217,32966.71065367015,33615.201137667966,34094.86632176959,34489.968931761694,34654.08591217469,earthquake_m6_8
San Lorenzo,East,2030,31374.756178950705,31810.293219394407,32510.384152935578,33053.632388712416,33517.37114399932,33914.63964628555,34248.77813207444,earthquake_m6_8
San Sebastián,West,2025,37400.94280872267,37694.15048278118,38123.87070385984,38547.18400577282,38966.21349675728,39345.735407746506,39686.87725719391,earthquake_m6_8
San Sebastián,West,2026,36174.407809283126,36478.84329839265,36967.02382393644,37634.49752467073,38103.57568818134,38631.40290661497,39038.418846980814,earthquake_m6_8
San Sebastián,West,2027,35291.0109927775,35840.40995069514,36597.80380792083,37216.734762551205,37919.73427752335,38486.50621200654,38813.20214466282,earthquake_m6_8
San Sebastián,West,2028,34751.32051520628,35367.86620438249,36037.570093156995,36818.559172434005,37707.23576657199,38333.36232341025,38660.09432712878,earthquake_m6_8
San Sebastián,West,2029,34164.619580309234,34468.10299906504,35367.6081436105,36336.85361595036,37309.94714038525,38129.22255524246,38347.1447697597,earthquake_m6_8
San Sebastián,West,2030,33381.051515342595,34068.03809663157,34877.0278906836,35843.71413193437,36798.37914957921,37821.70126351568,38282.03679315542,earthquake_m6_8
Santa Isabel,South,2025,19306.286458768504,19385.52718411066,19496.81710149058,19642.765437059308,19783.181333321416,19916.647894705296,20014.856130743094,earthquake_m6_8
Santa Isabel,South,2026,18595.840326158646,18698.066905736872,18885.160858955347,19127.13247862696,19316.18602436474,19469.101372586647,19540.63071080517,earthquake_m6_8
Santa Isabel,South,2027,18198.607119250577,18318.642071980023,18496.528928242806,18767.26229845419,18983.23347229122,19200.02475732337,19304.79018162201,earthquake_m6_8
Santa Isabel,South,2028,17795.41133884595,17897.17670002278,18155.754803182863,18479.543487294104,18691.649119654878,18848.699704837865,18941.871288790167,earthquake_m6_8
Santa Isabel,South,2029,17459.515097424468,17597.272447004554,17888.166580621804,18103.33600409065,18471.73437037541,18666.920605135765,18851.01421644659,earthquake_m6_8
Santa Isabel,South,2030,17103.083069955388,17263.610832175767,17563.5081856256,17817.12966573811,18180.903102151802,18423.086691175795,18654.731784615517,earthquake_m6_8
Toa Alta,Metro,2025,64164.85764612174,64471.21434768971,64936.812001073835,65659.7420465186,66270.48200299412,66822.9381317878,67192.34213595714,earthquake_m6_8
Toa Alta,Metro,2026,61718.41057963217,62136.76110924818,62885.136666326354,63914.2019417195,64634.059788325365,65652.18098629765,66296.84815242491,earthquake_m6_8
Toa Alta,Metro,2027,60769.65534651712,61121.328353489174,61861.937709152844,62915.80247241717,63835.18038259578,64817.12427741336,65259.52184573679,earthquake_m6_8
Toa Alta,Metro,2028,59367.61196283193,60037.26345846235,61246.148846966884,62232.11298409855,63439.9194066993,64212.79957025914,64640.49555852191,earthquake_m6_8
Toa Alta,Metro,2029,58559.927185114626,59499.06401382692,60454.94384324315,61475.59892262735,62749.13680129187,63452.07614473889,63963.21248877047,earthquake_m6_8
Toa Alta,Metro,2030,57725.11688800536,58292.095617353785,59284.778811261436,60495.94303748007,61809.69363766532,62752.439353069254,63339.954242750995,earthquake_m6_8
Toa Baja,Metro,2025,71436.49726482121,71606.22124246051,72014.92781571746,72550.73433409931,72974.98320587273,73354.9517865688,73619.12849846028,earthquake_m6_8
Toa Baja,Metro,2026,69773.43316274474,69925.94847922005,70389.97730406461,71045.42600259976,71626.14486972359,72215.90120147291,72639.89407694085,earthquake_m6_8
Toa Baja,Metro,2027,68331.57450173842,68559.16405310217,69191.44248796956,69786.52574242346,70233.8659713562,70930.33646459968,71306.29975254422,earthquake_m6_8
Toa Baja,Metro,2028,67230.37970636462,67744.45973952151,68320.13834865998,68931.92855291406,69639.44379908257,70337.41949448246,70810.0808415207,earthquake_m6_8
Toa Baja,Metro,2029,66470.11122648916,66834.80819644418,67442.13234454358,68190.19217152713,68987.16473714673,69570.40210376713,70247.42363092676,earthquake_m6_8
Toa Baja,Metro,2030,65745.87991796901,65934.83637254078,66439.28182547195,67364.79204863874,68169.37403321982,68625.28650962608,69279.96587394089,earthquake_m6_8
Trujillo Alto,Metro,2025,64387.17297733564,64700.75937340474,65356.09416370272,65882.71746507252,66551.99325215742,67327.27180026143,67797.49498397013,earthquake_m6_8
Trujillo Alto,Metro,2026,62297.33479573832,62664.97516535447,63285.566359027114,64067.05778390022,64832.05757213608,65547.91566542689,66008.30281653548,earthquake_m6_8
Trujillo Alto,Metro,2027,61123.73821843284,61394.03545881466,62421.842997868036,63252.42465135586,63975.337067048524,64995.43484304999,65671.23346779187,earthquake_m6_8
Trujillo Alto,Metro,2028,59896.1383860613,60642.40991245742,61498.384848902744,62512.815398946484,63498.21737271195,64572.86699859694,65002.29248306991,earthquake_m6_8
Trujillo Alto,Metro,2029,58938.29679791391,59663.27587748412,60830.085799087545,61781.03978109334,62756.62147562004,63758.488503749955,64698.964910579394,earthquake_m6_8
Trujillo Alto,Metro,2030,58737.56362169689,58930.3915939026,59940.74744875119,61006.14580558057,62234.8939214776,63020.96194461567,63426.928059332284,earthquake_m6_8
Utuado,Central Mountains,2025,26928.902370662276,27064.73366865728,27254.254917773727,27460.749650733647,27645.77825137052,27789.649377697577,27875.24385402911,earthquake_m6_8
Utuado,Central Mountains,2026,26289.73676182235,26454.843081207906,26635.277622591748,26857.830737839,27127.031968052364,27367.388612870593,27491.117781658468,earthquake_m6_8
Utuado,Central Mountains,2027,25935.04268368023,26052.95535831206,26306.764455806995,26517.911144171012,26822.83511622289,27032.360443773076,27193.70353899168,earthquake_m6_8
Utuado,Central Mountains,2028,25670.74396454851,25808.63684015431,26061.992080762233,26298.732924389333,26622.055216366665,26955.015411917106,27026.605032088344,earthquake_m6_8
Utuado,Central Mountains,2029,25284.552016796933,25474.192597701407,25661.91324240814,26028.740642196728,26368.124615006913,26639.414759402993,26741.68450872827,earthquake_m6_8
Utuado,Central Mountains,2030,24689.544870954138,25037.342717666706,25273.41315982675,25634.29314914853,26088.44810024182,26356.604865135043,26491.853224655813,earthquake_m6_8
Vega Alta,North,2025,34161.76608096189,34251.783744619424,34444.17660692334,34644.121583351436,34883.51542802612,35117.23914394924,35234.19953476756,earthquake_m6_8
Vega Alta,North,2026,33246.6759717613,33390.96298694664,33572.1728765464,33856.683235574244,34123.71895100887,34309.93925573737,34479.38887221764,earthquake_m6_8
Vega Alta,North,2027,32623.122660901972,32815.713916405504,33102.114941028216,33429.44312740276,33625.745645977964,33824.01297046184,33925.453719985744,earthquake_m6_8
Vega Alta,North,2028,32252.424733871587,32420.50373032292,32694.411377303062,33017.42974508673,33299.2821527178,33548.145368627964,33779.985027485534,earthquake_m6_8
Vega Alta,North,2029,31886.542713725856,32031.190005075354,32277.391016704354,32650.12377925429,32990.63642287405,33332.43133951297,33591.74821373078,earthquake_m6_8
Vega Alta,North,2030,31369.51580183456,31490.153349358778,31882.174947776253,32308.04917130601,32613.94605012526,32932.720662823565,33188.311992015304,earthquake_m6_8
Vega Baja,North,2025,51465.4760327455,51851.308415041596,52415.27189819982,53056.28551822738,53570.22248988827,54211.38496902227,54617.01584281626,earthquake_m6_8
Vega Baja,North,2026,49771.06065045594,50281.29533259464,51120.734612682776,51861.44687886225,52647.08058777939,53440.376565027895,54078.596238411774,earthquake_m6_8
Vega Baja,North,2027,49200.08006998446,49617.891806064916,50239.94098070658,51125.97845680472,51878.61004919917,52764.082593888175,53251.39961156671,earthquake_m6_8
Vega Baja,North,2028,48068.315810679735,48515.89344852531,49529.365570391536,50498.598355413575,51422.85274359908,52230.31263354784,52920.81972819549,earthquake_m6_8
Vega Baja,North,2029,47248.78323419014,47716.6244321627,48843.34189174117,49910.63605789871,51031.925875803616,51765.71578854132,52565.90576403396,earthquake_m6_8
Vega Baja,North,2030,46177.48842873095,46994.74686684064,48341.03097391865,49410.729634052215,50546.031019152986,51528.444165006484,52236.20709692045,earthquake_m6_8
Vieques,East,2025,7843.568850518211,7858.817322688799,7899.535792806648,7933.959750763905,7967.599344280629,8021.064861041312,8041.968984585777,earthquake_m6_8
Vieques,East,2026,7547.671012735894,7577.7135982060745,7632.102000891673,7684.575469832445,7737.618415061181,7787.461675798107,7805.0008896485515,earthquake_m6_8
Vieques,East,2027,7352.245005473879,7403.589999950021,7452.800916840107,7521.500678386925,7589.176272471248,7654.425188142832,7688.426741048398,earthquake_m6_8
Vieques,East,2028,7227.597844430082,7260.3513523158,7315.962959521069,7394.265155501799,7457.8110894080155,7539.127283436259,7584.070746901521,earthquake_m6_8
Vieques,East,2029,7112.151867398991,7140.5628739620915,7186.627515280432,7260.038441294407,7341.961038461139,7403.532124381753,7469.050501730507,earthquake_m6_8
Vieques,East,2030,6964.894192105505,6990.785685603813,7067.191054788983,7142.354344896083,7223.966833650113,7304.123586572949,7354.6722249848435,earthquake_m6_8
Villalba,South,2025,20898.20576805578,21018.852276758975,21115.04833083225,21271.54158662995,21433.982468377853,21547.842060555657,21617.637365977356,earthquake_m6_8
Villalba,South,2026,20203.702982990104,20314.49124337943,20500.024327237363,20675.539419255296,20932.534727318754,21108.331066173796,21192.55309566869,earthquake_m6_8
Villalba,South,2027,19816.674503133894,19883.61077850671,20048.847198262636,20309.05814029323,20539.485610220152,20771.80745085235,20842.478315427303,earthquake_m6_8
Villalba,South,2028,19259.26735255808,19478.407443768432,19739.77479232576,19969.288007311665,20266.39396079218,20528.396899383923,20729.397749457978,earthquake_m6_8
Villalba,South,2029,19044.805607212504,19169.268160770385,19402.284092706162,19665.611784624576,19977.088167797607,20290.204401301107,20414.942408614475,earthquake_m6_8
Villalba,South,2030,18715.576934009918,18875.67406522053,19075.392627185996,19381.917650407915,19650.565912250713,20010.52728708504,20087.039520438306,earthquake_m6_8
Yabucoa,East,2025,28390.55605966272,28469.945128404557,28647.765755113924,28852.629895057475,29063.046490677756,29243.95699937424,29363.232367856333,earthquake_m6_8
Yabucoa,East,2026,27386.982315320794,27546.500319326205,27801.590245963882,28123.056962019084,28365.347438634773,28651.541519155777,28713.664541073398,earthquake_m6_8
Yabucoa,East,2027,26664.801085492523,26865.59664518012,27095.469622885154,27444.537605775567,27802.513428047445,28089.694323494023,28246.784763246502,earthquake_m6_8
Yabucoa,East,2028,26117.790660115043,26267.776062716304,26585.439827795006,26963.721638248775,27325.001796046785,27666.336918971807,27877.646332947017,earthquake_m6_8
Yabucoa,East,2029,25507.10146368685,25781.653511023607,26027.027156855424,26410.542767125153,26851.193413892895,27246.01631951083,27564.85015592651,earthquake_m6_8
Yabucoa,East,2030,24967.347481673325,25191.616699681435,25532.796152198218,25990.43137490839,26377.64041059133,26822.203155651478,27102.20663520854,earthquake_m6_8
Yauco,South,2025,32165.137019265014,32274.25046068148,32447.038856903164,32675.330091405558,32823.32676504263,33046.951446263156,33248.48890134042,earthquake_m6_8
Yauco,South,2026,31149.23307586628,31308.0009996219,31523.35978764265,31804.845836974237,32074.415514398428,32350.723837770143,32464.724541835443,earthquake_m6_8
Yauco,South,2027,30415.340979258006,30655.488079679268,30901.57087430196,31231.168174174374,31570.641794947805,31879.117041957114,32078.171419295726,earthquake_m6_8
Yauco,South,2028,29969.07279592679,30128.49171803451,30361.422364316102,30755.806425576877,31137.098859235935,31416.018270265515,31693.908222113994,earthquake_m6_8
Yauco,South,2029,29399.176233178576,29670.93664723582,30000.749875066478,30365.992089871947,30687.0257072542,31117.162651728526,31366.456774072776,earthquake_m6_8
Yauco,South,2030,28942.370764028747,29190.83873271424,29532.9713186286,29851.928512070714,30342.364013228074,30803.022259997895,31012.641643172872,earthquake_m6_8
Adjuntas,Central Mountains,2025,17363.52341995679,17436.449446026836,17539.80329575306,17660.255460107128,17784.90108487124,17917.704988478097,17981.308697631284,earthquake_m7_2
Adjuntas,Central Mountains,2026,16898.606576564176,16971.018834155082,17095.682466768056,17206.549728061822,17357.411193289092,17459.497617602497,17557.726472191003,earthquake_m7_2
Adjuntas,Central Mountains,2027,16680.921554816356,16745.007519813134,16934.682969472593,17114.771829658377,17267.35640113685,17382.75665846015,17476.90545155617,earthquake_m7_2
Adjuntas,Central Mountains,2028,16458.40585417163,16565.069710123433,16758.502014214642,16944.91676647099,17169.937414977794,17312.577081181284,17380.79692588137,earthquake_m7_2
Adjuntas,Central Mountains,2029,16225.082996621137,16338.278774593673,16513.752536784545,16754.466874265163,16979.51035435254,17152.783925324544,17267.460254532496,earthquake_m7_2
Adjuntas,Central Mountains,2030,15979.43915166264,16117.198507556826,16309.699622997188,16528.93493377632,16778.731271957302,16956.527055084487,17022.584823927857,earthquake_m7_2
Aguada,West,2025,36591.49254800582,36722.48242756787,37005.236365965,37220.0990596391,37463.49487643577,37736.535134919046,37849.25367602422,earthquake_m7_2
Aguada,West,2026,35394.91345867148,35609.25573004754,35861.01876786671,36175.23578422435,36519.35971204465,36802.44053225965,37081.70509255068,earthquake_m7_2
Aguada,West,2027,34859.29842117729,35147.300950658355,35445.63907951639,35842.89830120691,36144.414632250555,36562.07466144726,36680.52625056963,earthquake_m7_2
Aguada,West,2028,34376.768054319524,34599.39181216832,34969.86137940261,35311.534496262815,35733.20714100159,36098.98339241625,36351.71111112803,earthquake_m7_2
Aguada,West,2029,33891.14245977893,34154.8468410577,34502.65802843282,34949.3910749614,35351.80106388498,35707.358215096305,35951.17023922163,earthquake_m7_2
Aguada,West,2030,33312.27494912119,33557.68504869091,34066.00818437881,34472.43124518019,34945.19932536455,35337.89116010475,35633.913133171045,earthquake_m7_2
Aguadilla,West,2025,51652.215457876315,52189.11185133421,52889.25459675427,53577.705447518965,54190.27270218245,54720.87281080617,55476.547170264515,earthquake_m7_2
Aguadilla,West,2026,49974.87635462988,50521.095003402625,51203.322440003496,51986.221986726654,52839.648264920805,53536.93751840847,53978.38369052089,earthquake_m7_2
Aguadilla,West,2027,49129.19947127466,49492.4025749129,50371.60046795818,51298.96765906485,52130.84051704051,53039.90600723973,53442.32605811668,earthquake_m7_2
Aguadilla,West,2028,48279.02076377557,48634.3693137435,49562.7110369944,50654.148308181626,51751.95494162113,52898.853097008345,53292.181802033716,earthquake_m7_2
Aguadilla,West,2029,47222.74687974889,48014.10794632815,48991.68486334872,50022.43616192497,51429.47429774176,51987.05723467922,53237.58116460278,earthquake_m7_2
Aguadilla,West,2030,46334.52856736929,47083.280838677,48339.843866046525,49572.878828252615,50459.44905284392,51798.98327765154,52434.826465905135,earthquake_m7_2
Aguas Buenas,Central Mountains,2025,23123.4739966171,23187.000585461472,23330.45388226906,23447.754291123012,23588.124231720547,23704.66729255027,23753.772279158286,earthquake_m7_2
Aguas Buenas,Central Mountains,2026,22440.784416599516,22501.644206679874,22666.595360718624,22867.95014027977,23022.959057264183,23208.618409939918,23293.812944248228,earthquake_m7_2
Aguas Buenas,Central Mountains,2027,22093.912224297146,22162.08387733661,22286.4747376175,22517.321683351165,22693.479348897043,22844.63662450073,22946.058029107542,earthquake_m7_2
Aguas Buenas,Central Mountains,2028,21730.289703622842,21843.282581011325,22053.02289055339,22272.7688899462,22447.041979043534,22582.40072547137,22757.962758067606,earthquake_m7_2
Aguas Buenas,Central Mountains,2029,21527.63036993754,21624.9205960077,21785.30852548394,22030.062103937402,22269.130344519857,22446.19199521051,22574.428065196265,earthquake_m7_2
Aguas Buenas,Central Mountains,2030,21114.062947072387,21245.94500462445,21531.861042162698,21760.700175792233,21984.26054108943,22209.916413021114,22300.998501728893,earthquake_m7_2
Aibonito,Central Mountains,2025,23475.070345760883,23718.54315907238,23961.429223077786,24273.7298141175,24605.47040296777,24790.962896795074,25095.13294090905,earthquake_m7_2
Aibonito,Central Mountains,2026,22616.99692988906,22755.69392578562,23041.793424492527,23550.550598502676,23960.36415935579,24339.327229421673,24442.621535329476,earthquake_m7_2
Aibonito,Central Mountains,2027,22087.514301806616,22402.643119697972,22729.259364292833,23222.40838804751,23650.94932003392,24027.334687262082,24320.2470180627,earthquake_m7_2
Aibonito,Central Mountains,2028,21678.779127486076,21898.92687947893,22373.76734756251,22937.550970671313,23479.66484039247,23898.9735026066,24240.383468557207,earthquake_m7_2
Aibonito,Central Mountains,2029,21239.646411581045,21475.597844182605,21994.772055943722,22637.992202222387,23238.341219266174,23813.76543826564,24312.05750694269,earthquake_m7_2
Aibonito,Central Mountains,2030,20819.643208688067,21151.524016756604,21729.40103904262,22437.757524705903,23114.970406777946,23661.802385799703,24184.40257439633,earthquake_m7_2
Arecibo,North,2025,83392.63644592416,83760.62195955946,84540.23087466639,85447.22550574515,86304.87561411443,87182.64971375231,87522.0659226542,earthquake_m7_2
Arecibo,North,2026,80119.39118735601,81236.82925307855,82192.68072165767,83264.62603419411,84338.06328562633,85094.16636287973,85976.66413273849,earthquake_m7_2
Arecibo,North,2027,79389.3088185392,80025.23782856806,81031.65237834005,82372.0398926989,83427.27176809286,84509.5535289595,85040.29386383735,earthquake_m7_2
Arecibo,North,2028,77861.12662938691,78891.40577757059,80157.84542656848,81578.59319209273,82811.18956382968,84185.3581740596,84908.05002330658,earthquake_m7_2
Arecibo,North,2029,76970.24688805928,77659.87756740562,78979.82559115413,80382.2767721903,82042.47763365351,83384.03582173599,84325.05559809318,earthquake_m7_2
Arecibo,North,2030,75792.33139251599,76583.6073823687,78038.8830011943,79642.55407263008,81210.64322991966,82649.68374103234,83469.06613166063,earthquake_m7_2
Arroyo,South,2025,14744.273330199549,14862.245548465025,14979.60944715561,15116.061063379519,15237.227967508048,15368.597428291621,15486.58443299984,earthquake_m7_2
Arroyo,South,2026,14005.368224318023,14221.071146076161,14395.546427021083,14604.394145956423,14740.733676492096,14951.267104996426,15075.01905494417,earthquake_m7_2
Arroyo,South,2027,13578.659897209125,13789.85809591456,14014.843167207695,14234.6689419451,14443.193831415316,14685.791643401917,14789.936112288298,earthquake_m7_2
Arroyo,South,2028,13245.322884749852,13464.49874267947,13675.613615599661,13968.22012750162,14205.707909017725,14424.50473796533,14557.98273660265,earthquake_m7_2
Arroyo,South,2029,13079.066814374988,13193.554676609318,13368.00065848445,13697.890999514962,13989.949638755399,14248.499401758529,14478.506708970777,earthquake_m7_2
Arroyo,South,2030,12756.773075349744,12901.46596868586,13166.811761638244,13461.009657978091,13771.35328810819,14066.37660775259,14196.670822731809,earthquake_m7_2
Añasco,West,2025,24615.285566424292,24675.632728600987,24793.63617866204,24950.566796106796,25074.27818239054,25204.260749674184,25255.93341400561,earthquake_m7_2
Añasco,West,2026,23825.86515053396,23934.040615260867,24051.773640575728,24236.59053048022,24425.00103533912,24566.7641730359,24614.398490204465,earthquake_m7_2
Añasco,West,2027,23455.35412250258,23541.58307214941,23687.657225429037,23883.77067801268,24058.791336846534,24240.57333979495,24374.48578536115,earthquake_m7_2
Añasco,West,2028,23181.59023419346,23238.024627137755,23424.923867937705,23630.054647097073,23870.15476898791,24117.060963087344,24213.513671975757,earthquake_m7_2
Añasco,West,2029,22785.556594686495,22952.716651664377,23141.622619441125,23388.834723706645,23596.612806442987,23800.330468124204,23922.376186278914,earthquake_m7_2
Añasco,West,2030,22424.814874326516,22589.990224972713,22822.041585188603,23015.53784443242,23327.674667007886,23514.86883537023,23754.097205073784,earthquake_m7_2
Barceloneta,North,2025,21812.635927466377,21946.756086880072,22106.128728521566,22262.20092047443,22434.060650098538,22634.61640834374,22717.731042637995,earthquake_m7_2
Barceloneta,North,2026,21130.194098650754,21268.349811401364,21426.126272248795,21678.83584655318,21887.978141193034,22096.02151704348,22243.24299863189,earthquake_m7_2
Barceloneta,North,2027,20774.974796181203,20913.63788559067,21142.889584209108,21356.228213542665,21668.24927011649,21889.663101797432,22035.964071608374,earthquake_m7_2
Barceloneta,North,2028,20473.99959534316,20600.165899541706,20903.734214356835,21203.630123454142,21444.719304074017,21657.451904340105,21884.565634456663,earthquake_m7_2
Barceloneta,North,2029,20296.70228314104,20402.777523523873,20651.867197904583,20907.15912580247,21216.893497710094,21487.095150652527,21677.765765223157,earthquake_m7_2
Barceloneta,North,2030,19990.036692465397,20111.670531107215,20403.754622801214,20645.54573559828,20931.439282615982,21269.31857036299,21428.92084460847,earthquake_m7_2
Barranquitas,Central Mountains,2025,28079.508390795785,28168.28412480776,28398.707751144735,28580.567960836735,28792.446778779347,29017.201484802936,29072.021866343814,earthquake_m7_2
Barranquitas,Central Mountains,2026,27078.564326538664,27273.83487870361,27550.251512982417,27868.12439260236,28096.11417049756,28348.08648958441,28474.08294509019,earthquake_m7_2
Barranquitas,Central Mountains,2027,26647.683716188636,26807.428436879727,27206.504972828538,27554.317770394686,27845.259347331506,28051.2499001468,28144.845815580626,earthquake_m7_2
Barranquitas,Central Mountains,2028,26332.83583728713,26505.671018259243,26824.660149183062,27223.873389046123,27589.110572091584,27843.931000563673,28070.17898310434,earthquake_m7_2
Barranquitas,Central Mountains,2029,25999.385469670906,26176.03483354114,26523.663327741262,26911.008599346897,27266.042012088077,27595.730026108995,27831.230675782794,earthquake_m7_2
Barranquitas,Central Mountains,2030,25428.50272296897,25784.531013293454,26208.88938336015,26660.992145356093,27048.567071370122,27469.99226751537,27723.172368626067,earthquake_m7_2
Bayamón,Metro,2025,175029.3780650814,175948.28528183748,178191.84320123488,180161.9423850139,182163.21151465696,183897.55562887402,184528.15280505057,earthquake_m7_2
Bayamón,Metro,2026,168466.8407165195,169432.66708468465,171920.46804579275,174890.59279654556,177032.45945816592,180880.3785550869,181673.20848184565,earthquake_m7_2
Bayamón,Metro,2027,164880.35433231722,165746.967439376,168700.1136242387,171724.82874348835,175317.7561870442,177647.98236150562,178858.43923869127,earthquake_m7_2
Bayamón,Metro,2028,161598.09025346357,163099.0133368994,165877.53614808447,168925.44701918197,173088.76597274636,176955.2345022584,178827.40514756946,earthquake_m7_2
Bayamón,Metro,2029,159326.25516839014,160696.36341514444,163894.9336974195,167475.80365423032,171858.14777285245,175783.65200056182,177422.27166288835,earthquake_m7_2
Bayamón,Metro,2030,157030.76118463406,158016.18685367622,161217.86287127272,165845.9179666523,170689.72796971462,174015.2401958323,175770.7098197974,earthquake_m7_2
Cabo Rojo,West,2025,45673.61753950681,45852.252845972565,46060.8517088723,46284.39801844472,46550.67406511024,46816.78958696622,46998.068711953805,earthquake_m7_2
Cabo Rojo,West,2026,44305.39843052832,44453.99288370738,44646.618012222694,44947.87077630716,45256.57741643221,45628.51828482792,45757.17623541377,earthquake_m7_2
Cabo Rojo,West,2027,43726.7976133771,43937.68002611732,44147.028237446306,44472.326320040476,44785.19781723893,45140.14987691284,45318.13758502072,earthquake_m7_2
Cabo Rojo,West,2028,43430.341383751525,43551.64382060475,43828.187550805276,44128.02191563058,44496.9366333773,44984.429039619194,45159.45162427036,earthquake_m7_2
Cabo Rojo,West,2029,42712.828405628,42842.267640925595,43271.30685803851,43620.80448171137,43985.354801067086,44406.71489281836,44622.88192123492,earthquake_m7_2
Cabo Rojo,West,2030,41857.60456715754,42143.95410906425,42515.97152865439,42954.82119415694,43440.58813591188,43706.46659126561,43967.32266239356,earthquake_m7_2
Caguas,East,2025,120984.97837766906,121393.9204572254,122316.78821097486,123125.33538539006,123905.09817943072,124626.60636528626,125091.53191740683,earthquake_m7_2
Caguas,East,2026,116549.88246167515,117202.13659646451,117990.34857101424,119163.5197139281,120074.12307362213,121026.28119488466,121466.38723866097,earthquake_m7_2
Caguas,East,2027,114001.27263925217,114490.07124099751,115486.59143078979,116586.83471599667,117747.96887527718,118736.02774368868,119425.07449002136,earthquake_m7_2
Caguas,East,2028,111633.68207528359,112241.51148700803,113512.89424869779,114598.16562793424,115763.53224009942,116960.56133141476,117774.22797387195,earthquake_m7_2
Caguas,East,2029,109781.36700919726,110315.28337059378,111369.03407549375,112535.5088393362,113917.50240918921,115448.63819276144,116557.99560268773,earthquake_m7_2
Caguas,East,2030,107310.42463293069,108231.62300008119,109538.53366140416,111112.63445543652,112325.51945245694,113453.49530145629,114169.26613964995,earthquake_m7_2
Camuy,North,2025,31219.98275018689,31534.564870987026,31845.324456845905,32264.35372921107,32672.97051824947,32883.68425444413,33081.15983091521,earthquake_m7_2
Camuy,North,2026,30314.635593383417,30561.435703780044,31004.957526285532,31488.660262675858,31881.5427714619,32246.939930802335,32441.632449545516,earthquake_m7_2
Camuy,North,2027,29951.843013341822,30242.431903024724,30753.04890592381,31183.417059120835,31500.36325088752,31940.34567848314,32172.831476637693,earthquake_m7_2
Camuy,North,2028,29474.557021652763,29657.484180533025,30273.314744324365,30709.143713951722,31342.265915972108,31811.822219797574,32109.85783713504,earthquake_m7_2
Camuy,North,2029,29084.18012179459,29421.90648729195,29845.362599301894,30474.115444156192,31026.757532543386,31488.12180518986,31823.69176744207,earthquake_m7_2
Camuy,North,2030,28715.310830586503,28949.366155850243,29516.73075406225,30097.228524083574,30719.638103878307,31222.306335969963,31570.30303603995,earthquake_m7_2
Canóvanas,East,2025,40174.90110670843,40325.621665894825,40662.066231028744,40987.15891178219,41357.7711291344,41627.00380080958,41808.33428720614,earthquake_m7_2
Canóvanas,East,2026,38608.60075620488,38703.368020459195,39056.058639307,39663.32177970344,40052.72028432685,40374.968403199964,40743.70582667708,earthquake_m7_2
Canóvanas,East,2027,37497.57494483788,37803.30955230387,38279.01009873695,38711.50269927664,39125.25304296468,39669.946803634855,39917.92400410579,earthquake_m7_2
Canóvanas,East,2028,36688.86466768153,36982.100312590446,37419.55410719964,38021.39140560168,38681.63513408817,39155.48416990819,39478.59344618961,earthquake_m7_2
Canóvanas,East,2029,35793.71745170899,36066.585434401,36753.550686976334,37373.41609517726,38030.274193905854,38580.80429742678,38852.688174134455,earthquake_m7_2
Canóvanas,East,2030,34999.098011709444,35372.243447784385,36065.76817527004,36686.193289160634,37304.80825507268,37958.61603908729,38244.69833415221,earthquake_m7_2
Carolina,Metro,2025,146748.91249770072,147778.5115608116,148996.2665421443,150333.93928504776,151316.6069063657,152731.0479054087,153420.6774358893,earthquake_m7_2
Carolina,Metro,2026,141227.79898455128,142219.33081878026,143863.11619617755,145571.79244757607,147103.2098661898,148863.2949019384,149882.86294674044,earthquake_m7_2
Carolina,Metro,2027,138415.604166204,139397.66648494848,141554.21916128154,143203.8373965125,145330.00477106465,146871.3458622553,147902.26301994154,earthquake_m7_2
Carolina,Metro,2028,136589.67037948684,138001.292556026,139807.46487729484,141978.59692446768,143890.9196719144,146070.60968910446,147068.90242173255,earthquake_m7_2
Carolina,Metro,2029,134718.51217260543,135946.8631416173,137468.15180117215,139722.1562103543,142387.82689674714,144685.8270253278,145625.90460320946,earthquake_m7_2
Carolina,Metro,2030,132805.55058743007,133969.34972580435,135482.98508224892,137630.4847498429,140612.5908294889,142694.52540264817,144197.36206370255,earthquake_m7_2
Cataño,Metro,2025,21998.911237557335,22043.791495724927,22151.6355373972,22243.68241931472,22340.49699507749,22499.317693756613,22560.290971736387,earthquake_m7_2
Cataño,Metro,2026,21366.78612828414,21442.265198498422,21562.7729106508,21678.171565099023,21819.551214995987,22000.92678573019,22141.726536686914,earthquake_m7_2
Cataño,Metro,2027,20900.80389254273,20994.815639615215,21154.990322614853,21345.35246359735,21516.391161870237,21656.351517530176,21726.901852520037,earthquake_m7_2
Cataño,Metro,2028,20591.10935216729,20716.617426552828,20900.14429234536,21101.765474222317,21236.977946609437,21467.288937101377,21597.696878618055,earthquake_m7_2
Cataño,Metro,2029,20291.832197266638,20430.843575130126,20640.48274562342,20853.170290947815,21042.000936531065,21250.693130053696,21319.849553824748,earthquake_m7_2
Cataño,Metro,2030,20013.185548418136,20108.429681660382,20330.14033365987,20557.37442834564,20764.459551404267,20924.30715045043,21052.133143390227,earthquake_m7_2
Cayey,Central Mountains,2025,40123.510412300035,40225.04048408454,40391.6891467282,40602.26268165936,40789.963167769674,40950.0991326669,41048.391610684455,earthquake_m7_2
Cayey,Central Mountains,2026,38617.575672798695,38809.25313250329,39032.906662352434,39408.566994477806,39653.891376062515,39949.886451016326,40112.54437601366,earthquake_m7_2
Cayey,Central Mountains,2027,37929.259486493225,38062.89496221825,38373.61576373785,38711.957921943205,39104.44877601578,39336.44162076511,39443.55124108061,earthquake_m7_2
Cayey,Central Mountains,2028,37489.469837462806,37664.04128933874,38052.3049401373,38323.94215859349,38708.91245650477,39069.03980841919,39323.8354957899,earthquake_m7_2
Cayey,Central Mountains,2029,37068.39883362956,37160.53490532979,37562.288269284545,37964.253741322085,38408.78178729058,38792.10163502896,38860.13705590172,earthquake_m7_2
Cayey,Central Mountains,2030,36454.772249664195,36751.78171996996,37083.144417563475,37527.209168648624,37887.11313388529,38239.061331107565,38528.01975665869,earthquake_m7_2
Ceiba,East,2025,10611.294753033979,10663.28402530943,10722.685248414493,10816.456140092669,10934.289946323755,10994.155091644974,11047.664939396627,earthquake_m7_2
Ceiba,East,2026,10252.543166499545,10306.989420773787,10389.577115951832,10497.709911753032,10607.790055429194,10703.542550095699,10787.74625671998,earthquake_m7_2
Ceiba,East,2027,9928.998529380317,9995.619355270535,10134.31640258095,10283.026457033448,10407.262301918781,10519.02273558648,10589.861577467838,earthquake_m7_2
Ceiba,East,2028,9708.431657002426,9809.485567185986,9939.701666667825,10083.791350343705,10222.66974707726,10339.921975064348,10401.133362939405,earthquake_m7_2
Ceiba,East,2029,9518.71391237414,9589.715194106446,9758.19519962736,9902.612370790972,10045.299002654105,10186.186115255765,10235.843256433254,earthquake_m7_2
Ceiba,East,2030,9381.288663294601,9451.45615371724,9573.612639277733,9760.446885539917,9882.960069749013,10056.5742042429,10133.21762372717,earthquake_m7_2
Ciales,Central Mountains,2025,16133.005402349192,16242.74572120339,16382.143144976217,16559.75485812094,16746.58920959235,16930.955547310372,17005.148284110994,earthquake_m7_2
Ciales,Central Mountains,2026,15583.581959989653,15653.330038001066,15880.793568873009,16105.915643892402,16342.208445458733,16573.110282181697,16743.192695836868,earthquake_m7_2
Ciales,Central Mountains,2027,15376.61430297189,15541.660789453872,15710.985671933544,15956.653848164216,16163.24607549616,16365.67134909734,16496.16527104058,earthquake_m7_2
Ciales,Central Mountains,2028,15121.434979221734,15283.88383858847,15530.977479583999,15771.61476590706,16027.268570887225,16268.179044318096,16476.686280071037,earthquake_m7_2
Ciales,Central Mountains,2029,14919.794491753903,15004.375582168695,15290.773993039886,15530.209995556348,15878.456292462717,16122.888198596216,16385.614127106102,earthquake_m7_2
Ciales,Central Mountains,2030,14774.368180240412,14826.824165282791,15085.123560495083,15408.197437040086,15751.685068841454,15981.596098763166,16308.52946196606,earthquake_m7_2
Cidra,Central Mountains,2025,38514.16012392247,38587.05326450741,38782.156099838,39079.60760328364,39416.57202998348,39635.47457147797,39782.17892321644,earthquake_m7_2
Cidra,Central Mountains,2026,37250.97647233807,37380.691940250224,37605.82575924722,38000.419156403135,38319.1708553253,38712.9504513082,38865.31927884587,earthquake_m7_2
Cidra,Central Mountains,2027,36391.63376798327,36658.37954327121,36985.91945580102,37430.07179193407,37878.20345807603,38257.70988227662,38419.51101804747,earthquake_m7_2
Cidra,Central Mountains,2028,35930.84016323871,36255.979128966326,36567.48310683406,37053.50669803053,37545.17726644069,38035.391002851924,38274.34695438138,earthquake_m7_2
Cidra,Central Mountains,2029,35536.30521915699,35710.82873782764,36127.62334324465,36691.82654202732,37213.21224982914,37600.54132402897,37978.250622671614,earthquake_m7_2
Cidra,Central Mountains,2030,34900.7562393367,35175.350625748164,35676.34106100491,36209.19802880179,36850.26802809007,37277.255040041295,37505.286284984744,earthquake_m7_2
Coamo,South,2025,32613.927582824184,32868.95558617684,33167.05281399856,33549.70443541995,33933.94805267754,34239.12043342015,34433.31599766958,earthquake_m7_2
Coamo,South,2026,31178.644804636202,31396.14150387352,31908.37409003626,32390.414333282177,33201.845591257355,33706.74344640881,33894.88009119278,earthquake_m7_2
Coamo,South,2027,30418.516267167855,30691.3293555448,31142.398489803218,31735.31964600194,32518.266547963845,32994.53685675805,33258.45937808081,earthquake_m7_2
Coamo,South,2028,29707.352846492395,29890.582212772493,30541.33293087605,31216.89503929909,31928.8435601899,32574.75248738953,32909.712836560604,earthquake_m7_2
Coamo,South,2029,29014.830260838586,29297.813536511014,30026.237818201276,30848.278800953645,31564.546224014728,32450.468926919093,32924.062141983806,earthquake_m7_2
Coamo,South,2030,28357.122342921713,28769.713870608597,29422.68591457907,30290.944702861794,31011.38834223096,31839.979657209456,32153.2551469155,earthquake_m7_2
Comerío,Central Mountains,2025,18255.413316191298,18314.044378393286,18401.834395213133,18484.357896412646,18590.74786628053,18657.79925596812,18690.436203027537,earthquake_m7_2
Comerío,Central Mountains,2026,17620.480191504175,17718.93055141298,17829.499137168103,17964.25136884074,18061.401257056077,18145.26922961944,18198.256614040234,earthquake_m7_2
Comerío,Central Mountains,2027,17359.60614571725,17462.386498718475,17557.589929660313,17691.64959911832,17822.140669403536,17933.729826343664,17992.303935062017,earthquake_m7_2
Comerío,Central Mountains,2028,17159.6223331288,17256.445686385076,17368.012870776416,17528.831891735106,17645.94404480223,17784.22937933286,17841.882173625392,earthquake_m7_2
Comerío,Central Mountains,2029,16902.6571814205,17012.697680341964,17174.953346076865,17342.965081562957,17502.59516539173,17636.93047337222,17712.506902241643,earthquake_m7_2
Comerío,Central Mountains,2030,16712.60805096254,16798.65665685534,16950.528058760705,17174.588317006433,17308.465050610972,17484.4804755308,17598.051806086907,earthquake_m7_2
Corozal,Central Mountains,2025,33224.38262526137,33432.3831573025,33667.45013591847,33951.642311850395,34244.54648060819,34533.19766454349,34691.99823061352,earthquake_m7_2
Corozal,Central Mountains,2026,32110.28051715562,32307.857859112486,32696.39373744779,33094.58599560711,33452.28449641368,33746.42627047208,33974.60079764728,earthquake_m7_2
Corozal,Central Mountains,2027,31491.1453001221,31726.709214618008,32090.24278811383,32634.594763642832,33068.42037456256,33466.403166431905,33710.0863455572,earthquake_m7_2
Corozal,Central Mountains,2028,30908.620626239473,31158.40693345485,31757.090509204874,32187.295666334496,32688.893415931143,33119.80072451485,33307.871394152746,earthquake_m7_2
Corozal,Central Mountains,2029,30501.65023195311,30765.34976266249,31244.01192274586,31912.915594634454,32397.601140280603,32837.30645419567,32999.35940091362,earthquake_m7_2
Corozal,Central Mountains,2030,30074.533070455225,30349.5365532731,30942.429016549417,31540.676539602136,32108.240435618518,32626.15669208997,32812.77733013964,earthquake_m7_2
Culebra,East,2025,1278.9998182188813,1296.7436140672062,1326.2117664795533,1356.874857384863,1384.4458297787683,1406.6313891731963,1421.4508641288658,earthquake_m7_2
Culebra,East,2026,1205.7483565807458,1216.164574498081,1258.152947375058,1300.4663088583172,1341.1272989828808,1363.6508355265744,1390.7091777051435,earthquake_m7_2
Culebra,East,2027,1148.0611656023084,1172.09887841218,1207.4487239274442,1258.786695211957,1306.4075998281896,1350.2372641793045,1383.9097760327322,earthquake_m7_2
Culebra,East,2028,1098.398412439885,1130.9586315049194,1167.674294842524,1221.9971930094553,1272.4633293176598,1320.9063387597878,1369.9360979124033,earthquake_m7_2
Culebra,East,2029,1066.462758768785,1083.3539180448088,1128.7102008468837,1187.0452464797418,1255.9564868013326,1308.8184140725266,1331.2645035968808,earthquake_m7_2
Culebra,East,2030,1021.3859767316392,1049.7770453926648,1092.8620570337357,1151.3336986849126,1217.3551916311274,1267.8313271008947,1309.8044043905306,earthquake_m7_2
Dorado,North,2025,34857.34845169642,34992.39335508853,35168.896626911664,35362.59128702701,35572.11197991376,35773.57305940753,35910.57734000441,earthquake_m7_2
Dorado,North,2026,33847.00389835692,33973.956419659145,34210.09451947634,34484.31438349298,34710.284691528956,34929.254715758485,35028.432944911496,earthquake_m7_2
Dorado,North,2027,33247.87462002124,33418.79154491525,33710.22790823054,34006.75963747116,34278.59745067194,34533.87272344584,34683.7349166818,earthquake_m7_2
Dorado,North,2028,32800.321824850726,32981.270164697875,33252.15150202678,33621.30734926929,33970.69941642058,34233.710933951086,34398.493918956476,earthquake_m7_2
Dorado,North,2029,32425.111951993702,32580.953450218294,32942.50660787182,33247.22383257748,33677.643734460755,33912.84923537421,34095.65022462567,earthquake_m7_2
Dorado,North,2030,31817.946794701358,32197.12596207658,32534.00701130587,32873.69360864618,33211.75542229019,33542.75988798342,33732.04136434139,earthquake_m7_2
Fajardo,East,2025,30089.86943078323,30292.13371504147,30644.175778434204,31004.808132892897,31360.434968137037,31708.714463139626,31944.934470009437,earthquake_m7_2
Fajardo,East,2026,28671.26444490877,28865.124523413117,29387.335366256724,29983.89900102479,30434.597302906466,30858.37359401037,31172.329048280393,earthquake_m7_2
Fajardo,East,2027,27827.264392825105,28084.925813622405,28516.643675855583,29214.580706496956,29788.043628530708,30167.932517198326,30599.72248458064,earthquake_m7_2
Fajardo,East,2028,27089.215880622338,27378.374249304965,27719.044766739346,28679.088876419584,29417.8733289069,29914.001458018676,30343.97347909309,earthquake_m7_2
Fajardo,East,2029,26521.642257522613,26732.881751939767,27325.774366212863,28067.274118481168,28898.159421614142,29662.91812067416,30155.83534360544,earthquake_m7_2
Fajardo,East,2030,25861.550607196605,26122.070987170482,26729.65143808555,27692.827130027094,28399.272448561725,28959.260993555115,29512.452457657477,earthquake_m7_2
Florida,North,2025,11183.929324882556,11225.497170516479,11290.582982601483,11366.342971038133,11447.528521562934,11515.359881614808,11537.905805831524,earthquake_m7_2
Florida,North,2026,10879.765819702254,10918.19086552642,11017.003446217634,11102.129202846358,11180.532309915085,11256.601113488292,11303.966192204256,earthquake_m7_2
Florida,North,2027,10695.88265352013,10767.172803062967,10856.229837647406,10981.78286872392,11066.595510559895,11155.678231077387,11237.3373496992,earthquake_m7_2
Florida,North,2028,10520.844082275506,10605.373606597517,10704.062484000366,10837.404995341367,10934.719767608802,11050.40128887375,11114.967582952226,earthquake_m7_2
Florida,North,2029,10376.989409927934,10471.77431377051,10575.974815696776,10682.701371302468,10829.510293435487,10932.786618410488,10998.223008369041,earthquake_m7_2
Florida,North,2030,10273.005136142876,10321.78861771147,10450.214001751883,10590.864098686365,10722.376124283135,10818.632658587365,10873.583002256828,earthquake_m7_2
Guayama,South,2025,33958.48414229087,34104.19430911521,34474.14886496928,34813.17476723128,35062.17474623871,35371.101464712876,35516.82561056917,earthquake_m7_2
Guayama,South,2026,32725.364128119407,32875.83119366876,33230.12907669062,33608.61527448577,34085.14683105303,34423.93269493471,34611.58404332552,earthquake_m7_2
Guayama,South,2027,31601.209446484743,32007.26510361696,32447.032947105043,32878.45094745452,33424.51234721747,33825.507659776784,34075.72691920219,earthquake_m7_2
Guayama,South,2028,31000.101636505355,31242.38238317227,31820.77093947821,32268.014206570733,32782.38955368674,33353.18892525225,33761.74983434599,earthquake_m7_2
Guayama,South,2029,30494.73561268497,30657.191141491876,31121.017396759406,31694.92978848992,32231.74976265399,32889.532724592405,33276.93109684136,earthquake_m7_2
Guayama,South,2030,29519.703505727037,29712.421609701658,30563.063059577238,31190.19250688792,31856.95039286037,32465.595941136868,32910.36410161097,earthquake_m7_2
Guayanilla,South,2025,16715.935383740176,16775.02823988325,16864.22093278034,16961.14045702135,17032.157577180587,17139.382458508877,17174.538505189917,earthquake_m7_2
Guayanilla,South,2026,16121.185657612421,16189.68378253447,16291.00872687795,16439.324204769146,16569.886183463925,16699.422514684193,16731.95792358148,earthquake_m7_2
Guayanilla,South,2027,15774.799553882802,15835.1865251854,15984.673824090578,16127.385502047091,16271.828955419245,16408.60057451285,16450.83004719434,earthquake_m7_2
Guayanilla,South,2028,15486.113434966768,15558.054326474492,15739.16906091386,15886.604487870904,16045.10231017474,16253.695599765964,16322.897682294973,earthquake_m7_2
Guayanilla,South,2029,15267.72295451623,15356.836524450904,15536.555503852593,15695.796367079882,15856.638980122774,16138.22129229834,16206.089508559884,earthquake_m7_2
Guayanilla,South,2030,15007.605936758617,15103.499341239722,15304.309211041944,15468.408862507586,15649.184426113872,15931.516912004636,16004.621246769753,earthquake_m7_2
Guaynabo,Metro,2025,85617.12496546085,86096.05646835004,86977.77841826662,87820.18419776099,88719.1455319176,89449.20631247375,89999.60435184343,earthquake_m7_2
Guaynabo,Metro,2026,82564.56998604386,83214.90399757467,84117.60039679203,85245.7510909489,86458.24989949672,87446.34092064903,88172.18002293142,earthquake_m7_2
Guaynabo,Metro,2027,80998.68047764096,81870.52711245844,82998.29418302751,84149.32054689554,85226.39416381106,86321.35572524717,87216.81486540778,earthquake_m7_2
Guaynabo,Metro,2028,79629.99846764414,80460.48008953364,81739.23581955994,83202.47517262184,84348.96198678167,86038.97790470139,86534.85293100224,earthquake_m7_2
Guaynabo,Metro,2029,78389.77615337548,79296.89621421718,80728.79455904254,82055.82647605268,83892.16793645808,85340.00461432373,86246.71671633756,earthquake_m7_2
Guaynabo,Metro,2030,77044.37122143054,77939.01356912126,79691.47855792685,80907.09678902983,82785.34288984867,84608.62531043481,85512.3315159955,earthquake_m7_2
Gurabo,East,2025,37934.28657548961,38136.91291131641,38783.37400796209,39334.82649935342,40053.90743364339,40541.44267354821,40931.808360350224,earthquake_m7_2
Gurabo,East,2026,36049.85377426765,36536.551389882436,37346.58788292136,38119.96293712685,38940.84832699085,39447.451616049075,39931.82488591951,earthquake_m7_2
Gurabo,East,2027,34892.7778883624,35317.252385768355,36027.78247334501,37136.51278417889,38075.057416065465,38961.29131074321,39360.408487381894,earthquake_m7_2
Gurabo,East,2028,33801.44948427862,34218.79767862375,35443.609989814155,36539.510067225165,37514.3180260098,38750.343154272625,39020.94631898925,earthquake_m7_2
Gurabo,East,2029,32844.49632197204,33564.401535881414,34648.967760347114,35823.511420447074,37050.39004944216,38141.32130553279,38953.63362060531,earthquake_m7_2
Gurabo,East,2030,31956.60708104737,32622.14743093171,33820.539634591,35023.52425752946,36382.050211737944,37526.75348033208,38765.58957114134,earthquake_m7_2
Guánica,West,2025,12310.371981985603,12365.28706030717,12475.70064482638,12582.65425433823,12718.668892701997,12827.125232543596,12866.284941279479,earthquake_m7_2
Guánica,West,2026,11703.64849252765,11791.822802543575,11934.832085904762,12107.520343918073,12251.477405753621,12371.14408574013,12452.54308491495,earthquake_m7_2
Guánica,West,2027,11257.982212934668,11367.467241504124,11573.571858193873,11735.366795176695,11948.476281145005,12136.335430327252,12261.009652309602,earthquake_m7_2
Guánica,West,2028,10840.318864578905,10999.81581253602,11224.29709704022,11473.034044225704,11687.464155099206,11938.227859675071,12017.785880165018,earthquake_m7_2
Guánica,West,2029,10581.163758510585,10717.599122683374,11024.311138484094,11234.165210140161,11465.946178035369,11692.239009522185,11861.673577756408,earthquake_m7_2
Guánica,West,2030,10378.880832692888,10500.242949157288,10743.569399105409,11006.35759483001,11265.728939806217,11506.471205954038,11689.86459845868,earthquake_m7_2
Hatillo,North,2025,37206.985802077426,37296.75569875021,37544.05221521055,37753.27856999585,37981.125038514496,38175.268791641545,38259.038101009464,earthquake_m7_2
Hatillo,North,2026,36026.75378346217,36239.81881864239,36536.4827014796,36796.38330246751,37097.1682593596,37334.718173925285,37485.77642608555,earthquake_m7_2
Hatillo,North,2027,35658.32744623815,35854.375122299745,36107.075380408285,36392.880837028206,36763.9022562558,37009.751160755586,37159.881924015725,earthquake_m7_2
Hatillo,North,2028,35176.60265975724,35297.69839304984,35712.24070026713,36013.226335090454,36310.793249079165,36647.999511287926,36753.01932451968,earthquake_m7_2
Hatillo,North,2029,34670.807267517404,34806.60202813478,35182.58558227368,35578.710577177786,35977.436253038664,36288.922912608075,36505.739538361006,earthquake_m7_2
Hatillo,North,2030,34072.4107103541,34336.896201373704,34781.38983273289,35196.720503609584,35541.114747129934,35978.57676007166,36259.94389054763,earthquake_m7_2
Hormigueros,West,2025,15117.38433172677,15152.563110172725,15205.75123677928,15286.807215547535,15358.561396750953,15427.76030641406,15469.882317884381,earthquake_m7_2
Hormigueros,West,2026,14591.946778771773,14634.550647546326,14732.793484558253,14828.55014351489,14946.271186464948,15026.066650258615,15087.99786174669,earthquake_m7_2
Hormigueros,West,2027,14422.15612185714,14475.82964133806,14578.076049962823,14677.833621522388,14768.548319783238,14877.176174652928,14937.351580708431,earthquake_m7_2
Hormigueros,West,2028,14263.450257216842,14373.185993000014,14476.23424167143,14566.78601851411,14715.221496877337,14797.248980679551,14845.44561991621,earthquake_m7_2
Hormigueros,West,2029,14059.127818670184,14101.460149398075,14255.587923395531,14386.885641071141,14537.982315162983,14651.540672261386,14712.9560497187,earthquake_m7_2
Hormigueros,West,2030,13878.039114431775,13913.912011691624,14027.320172771182,14178.066554662804,14315.728958460517,14446.183318645168,14497.595770995602,earthquake_m7_2
Humacao,East,2025,48490.064209684046,48620.07183059642,48904.754653653115,49218.96231087946,49465.50118317253,49660.3679319261,49867.45877034687,earthquake_m7_2
Humacao,East,2026,46727.65116563715,46907.68350612008,47206.90939140521,47506.80461598854,47836.0133957357,48104.40791761609,48356.72805146897,earthquake_m7_2
Humacao,East,2027,45535.749865745325,45781.70388806946,46116.454314604336,46460.28720865784,46924.783622794836,47195.948242134786,47392.00361902167,earthquake_m7_2
Humacao,East,2028,44696.17224061574,44888.76045807523,45266.46053918536,45678.96786385032,46070.59619960842,46489.02535835828,46704.058257704484,earthquake_m7_2
Humacao,East,2029,43944.25281608935,44185.35588254959,44474.013785748306,44991.13376827241,45478.44704611653,45932.71096066037,46266.533015023175,earthquake_m7_2
Humacao,East,2030,43202.01571788077,43436.561934908015,43837.29961277703,44301.80045384905,44769.043776229315,45187.76983630813,45498.2377932197,earthquake_m7_2
Isabela,West,2025,41230.020598778996,41474.71505150764,41847.179939305104,42254.049877816025,42698.047343864884,43143.12544561019,43353.94979697464,earthquake_m7_2
Isabela,West,2026,39733.729930967755,40178.562248745635,40598.59980468073,41043.04947819744,41592.06906411618,42147.6461148423,42406.44148974844,earthquake_m7_2
Isabela,West,2027,39288.28807695062,39607.4638296937,40070.655071694695,40644.84706725614,41155.08107800874,41684.46421244795,41981.75767329921,earthquake_m7_2
Isabela,West,2028,38590.00055001319,38901.57308235619,39462.14286521342,40199.329079604155,40762.12341557081,41361.90942451646,41706.53944588593,earthquake_m7_2
Isabela,West,2029,37991.30618403861,38375.45659384024,38871.73562375727,39547.56616676142,40216.95797877044,40860.31431707603,41190.98197150156,earthquake_m7_2
Isabela,West,2030,37409.42490502492,37793.17980834623,38468.30285730962,39026.90398453778,39719.311997680954,40547.27058037879,41012.32915142488,earthquake_m7_2
Jayuya,Central Mountains,2025,14112.56980658328,14179.404295829163,14280.77003956557,14423.223219206215,14564.077789650913,14699.956295011776,14789.313949899237,earthquake_m7_2
Jayuya,Central Mountains,2026,13670.789059883311,13744.041446713876,13866.57365625498,14046.534106072942,14219.547814908894,14389.690905257257,14532.086818753023,earthquake_m7_2
Jayuya,Central Mountains,2027,13461.450189996058,13531.479753035908,13712.731156023456,13916.024185703416,14052.951660775376,14245.734246347887,14349.112039011563,earthquake_m7_2
Jayuya,Central Mountains,2028,13280.67460738589,13327.053819933382,13565.361764122075,13761.359499911508,13951.061748591681,14174.189256737682,14307.449852536163,earthquake_m7_2
Jayuya,Central Mountains,2029,13138.356414699128,13195.666398337182,13361.981878977367,13606.190377334304,13880.168008939474,14074.392058051055,14187.063347037672,earthquake_m7_2
Jayuya,Central Mountains,2030,12938.345342269426,13078.389937908643,13190.479632732968,13423.419538625161,13671.525802500026,13927.491479304776,14042.385917553609,earthquake_m7_2
Juana Díaz,South,2025,44727.62423388763,44884.90731818563,45142.74384583191,45512.9864588457,45901.910190782306,46233.31069046999,46356.28894544857,earthquake_m7_2
Juana Díaz,South,2026,43006.68632496728,43187.87196498337,43574.6235727515,44124.342971929116,44613.365329108245,45029.702601492936,45281.17510884107,earthquake_m7_2
Juana Díaz,South,2027,41894.761410354724,42171.87802161851,42624.78491127021,43185.69224083819,43844.61549964,44345.44132105815,44621.68991709678,earthquake_m7_2
Juana Díaz,South,2028,41019.04844742859,41358.795122960975,41928.97043783119,42536.147532959905,43131.874808297514,43695.01418761089,44173.91448639771,earthquake_m7_2
Juana Díaz,South,2029,40271.768486841866,40582.32990797498,41262.520505691835,41838.93597956037,42564.77618879793,43272.96642453472,43542.66651387684,earthquake_m7_2
Juana Díaz,South,2030,39493.94247165408,39880.009212820674,40512.768251341855,41330.450745720475,41984.13106312667,42526.5320289961,42758.723216532584,earthquake_m7_2
Juncos,East,2025,35633.51152528708,35750.23057646033,35916.06804071413,36151.366179231045,36395.04418636511,36572.00203632505,36657.24045969214,earthquake_m7_2
Juncos,East,2026,34177.576378552956,34353.54708113665,34588.945023081265,34869.34050117078,35188.775801460826,35415.15260012062,35536.00466889282,earthquake_m7_2
Juncos,East,2027,33104.19144421725,33355.369265204754,33690.22426067749,34099.005520509105,34401.28152410622,34734.82405256472,34897.03022566689,earthquake_m7_2
Juncos,East,2028,32384.778313772877,32549.38502138925,32934.07464898273,33425.81195271258,33832.19761104786,34218.076736118266,34343.51146009144,earthquake_m7_2
Juncos,East,2029,31859.179669795867,32033.133456649903,32419.410947334898,32862.64553591808,33281.22201546299,33544.74350977158,33767.37721606,earthquake_m7_2
Juncos,East,2030,31196.716254393814,31461.808151075198,31901.592989801986,32315.05224968501,32729.909541564688,33090.75365474936,33258.228075907406,earthquake_m7_2
Lajas,West,2025,22203.378608346582,22367.960906473927,22594.60235133339,22818.905719135877,23019.01197062141,23161.85703765329,23350.35445863706,earthquake_m7_2
Lajas,West,2026,21527.645081210147,21642.846217648403,21893.781707144753,22188.72315221076,22422.955646698294,22730.977316024833,22843.03440418563,earthquake_m7_2
Lajas,West,2027,21353.718614368576,21483.00112537887,21673.550412063072,21915.046851817446,22255.62305440609,22543.425320444487,22641.791013933773,earthquake_m7_2
Lajas,West,2028,21031.675069987232,21151.70612550996,21486.313032303973,21829.579872326107,22122.12489258023,22393.09524173717,22550.774078062175,earthquake_m7_2
Lajas,West,2029,20859.986426336545,20958.058533144795,21164.98860140989,21546.293589572553,21994.168975555855,22295.14681692639,22540.976145560082,earthquake_m7_2
Lajas,West,2030,20473.696910819246,20648.843961168437,20922.905827496834,21283.23855994529,21702.450593575395,22027.833755729796,22366.061714555595,earthquake_m7_2
Lares,Central Mountains,2025,26292.602669847158,26481.22803609562,26926.634506833187,27415.747398422587,27977.551495197833,28523.923628846598,28699.88186086649,earthquake_m7_2
Lares,Central Mountains,2026,24945.072759988765,25204.225677564722,25914.849719740843,26757.52322772823,27493.317916637807,27894.674623971485,28333.667916280563,earthquake_m7_2
Lares,Central Mountains,2027,24573.015618437013,24750.897365444187,25481.87026965276,26308.10032954272,27072.945249268567,27733.8946025652,28225.352741484792,earthquake_m7_2
Lares,Central Mountains,2028,23988.99700490561,24417.128352048123,25156.091035651858,26045.368925748415,26781.616457621847,27509.00642491221,28132.598544189983,earthquake_m7_2
Lares,Central Mountains,2029,23361.750472253447,23819.92903007602,24875.44912607853,25760.55057129593,26665.191983826364,27536.576836057153,28012.61942945683,earthquake_m7_2
Lares,Central Mountains,2030,23061.152519981963,23350.553979225286,24428.837749461676,25574.062952546094,26555.415718144428,27340.874958442295,27713.087421942775,earthquake_m7_2
Las Marías,West,2025,8333.874799257335,8386.642057585726,8490.176821279958,8605.347670742329,8732.203848311347,8852.022717829588,8905.237969854494,earthquake_m7_2
Las Marías,West,2026,7966.590915699056,8096.044448737416,8221.052708355795,8403.777894350726,8563.178042828642,8685.619321900635,8709.130115638249,earthquake_m7_2
Las Marías,West,2027,7861.557641287272,7963.602417714992,8122.7354075861795,8304.216521398048,8474.506104955442,8637.84629444433,8738.744300842585,earthquake_m7_2
Las Marías,West,2028,7705.197634246114,7853.624982430801,8026.553389962885,8242.485514573127,8423.805600988131,8595.575745736713,8695.030241791857,earthquake_m7_2
Las Marías,West,2029,7509.214181887009,7655.0807334959945,7855.770604338533,8116.331950687274,8333.923245244398,8527.764740527584,8634.414711919913,earthquake_m7_2
Las Marías,West,2030,7423.8703988538255,7527.72805743113,7728.377456503275,7987.409316861082,8277.87255669028,8483.570064342663,8548.171776140156,earthquake_m7_2
Las Piedras,East,2025,33650.10821702507,33743.1153425884,34009.68656310058,34264.97399197427,34553.41914748155,34793.819278760595,34895.15982266283,earthquake_m7_2
Las Piedras,East,2026,32220.670744495314,32360.05442779436,32654.257139394453,33016.51120527723,33429.56257881313,33815.128163111796,34020.871004378525,earthquake_m7_2
Las Piedras,East,2027,31310.283981017103,31483.970225414854,31817.0590750097,32233.248563568817,32752.64676699574,33052.54240883834,33183.750896999365,earthquake_m7_2
Las Piedras,East,2028,30514.95567075787,30755.75413805076,31264.04228618698,31700.151293395687,32191.56929585124,32609.66265395252,32837.45280107726,earthquake_m7_2
Las Piedras,East,2029,29993.14799793671,30286.48791320442,30682.617728344674,31188.822951802544,31650.72293942218,32143.894459924093,32409.406955367227,earthquake_m7_2
Las Piedras,East,2030,29552.266695888353,29710.207270162296,30105.548207135864,30648.092520317085,31139.72720005805,31794.951937584403,32003.51597283872,earthquake_m7_2
Loíza,East,2025,22097.761576118413,22135.43847926667,22248.729908106412,22387.895217853125,22511.362648708146,22645.61738848279,22690.678208450452,earthquake_m7_2
Loíza,East,2026,21254.914023982972,21357.646291738656,21506.15814871293,21701.472672548603,21838.063552770513,21979.317216791358,22060.684436584732,earthquake_m7_2
Loíza,East,2027,20741.471306820487,20840.204977790738,20983.71304064929,21191.284960381396,21337.93062376322,21460.05252977267,21613.74630534512,earthquake_m7_2
Loíza,East,2028,20196.889449153983,20314.706323507467,20509.86446011495,20761.5018500417,20937.47165928616,21087.468588793443,21135.86097205269,earthquake_m7_2
Loíza,East,2029,19795.621855073714,19899.852930400095,20144.796326401585,20403.348254537006,20620.799855500096,20801.182919048097,20864.274724797226,earthquake_m7_2
Loíza,East,2030,19388.384261611394,19559.554694016406,19781.284387146166,20030.195281999007,20258.93583123626,20480.423018156056,20548.42537805988,earthquake_m7_2
Luquillo,East,2025,16952.336080236502,17019.975673879755,17125.346903247435,17206.789186400118,17296.59431803035,17382.113146714342,17428.559677915353,earthquake_m7_2
Luquillo,East,2026,16272.614489989153,16381.508736831263,16485.39418481904,16631.503747681556,16751.5268976425,16830.803661770624,16897.915412639486,earthquake_m7_2
Luquillo,East,2027,15929.564137013736,16007.9941551061,16125.371951509323,16277.691463695339,16408.01393326689,16502.1256646652,16590.33446741451,earthquake_m7_2
Luquillo,East,2028,15599.333127581303,15645.929168837954,15831.748417580708,15955.53268502788,16134.614336986962,16291.785534519173,16393.335931982216,earthquake_m7_2
Luquillo,East,2029,15279.425506770558,15382.796505561793,15536.623771614113,15714.277343876947,15899.423285786299,16092.47627779227,16199.436691401583,earthquake_m7_2
Luquillo,East,2030,15022.43330861222,15105.828857048575,15283.437579685327,15454.069092820931,15677.9593915006,15822.586325165032,15956.41207098735,earthquake_m7_2
Manatí,North,2025,37773.867345785846,37963.90171831635,38159.28781532665,38537.3719951306,38806.23117168403,39180.626234811054,39357.6668924958,earthquake_m7_2
Manatí,North,2026,36626.478519653836,36862.199439291806,37174.26662421538,37510.35637693812,37960.39229504236,38335.442616340995,38479.080105549074,earthquake_m7_2
Manatí,North,2027,35902.70664505769,36140.528923967315,36571.68944084392,37006.44324925297,37619.352325304026,37962.06595814737,38272.389887915204,earthquake_m7_2
Manatí,North,2028,35414.450020084776,35666.841863890324,36100.106807708675,36609.12601287686,37227.23001007368,37666.38965541821,38033.441918117285,earthquake_m7_2
Manatí,North,2029,34848.431277496675,35254.902127653666,35665.00963382059,36296.86950908817,36830.722944323024,37377.72065634676,37692.13468020705,earthquake_m7_2
Manatí,North,2030,34400.21199845509,34649.867583806736,35297.335968069376,35910.99265873033,36497.408285112004,37236.8490292704,37516.928932431016,earthquake_m7_2
Maricao,West,2025,4803.0365533225595,4825.477172979262,4885.911823621721,4939.167185219767,5002.9595994553365,5079.8802278211415,5115.00626382426,earthquake_m7_2
Maricao,West,2026,4656.343337616361,4721.323553846914,4792.059206297881,4863.0136153628,4956.398216217762,5009.0245223703105,5045.3548271834525,earthquake_m7_2
Maricao,West,2027,4540.612965156455,4617.573260518442,4697.776077721403,4792.002576568335,4878.3444802000595,4959.617522963897,5009.724480860075,earthquake_m7_2
Maricao,West,2028,4472.886406149053,4565.755525790934,4661.0349607349835,4759.798608733311,4840.679493017858,4957.005861120872,4997.0859760741805,earthquake_m7_2
Maricao,West,2029,4400.8468374404965,4485.789457752582,4597.60620291502,4715.948987219234,4821.978153679194,4922.211961019695,5010.326383405893,earthquake_m7_2
Maricao,West,2030,4358.536156510671,4453.857597412025,4538.276842234563,4648.198437491621,4797.453311263814,4890.229177893788,4966.163827699156,earthquake_m7_2
Maunabo,East,2025,10040.49732420768,10084.310990670798,10148.323332138305,10213.866094610348,10281.096004785548,10339.856580069985,10381.487362379974,earthquake_m7_2
Maunabo,East,2026,9621.090349624272,9674.432385231095,9780.352672048384,9873.962174073708,9967.192262604742,10028.543206439557,10058.68262099169,earthquake_m7_2
Maunabo,East,2027,9387.129466636448,9439.074406518692,9541.748404296784,9654.668060156186,9751.574820899341,9838.766791456306,9897.84969207854,earthquake_m7_2
Maunabo,East,2028,9186.878355525892,9259.250279716724,9349.713411421142,9441.773430750782,9555.217928270133,9688.618065082184,9732.049547144801,earthquake_m7_2
Maunabo,East,2029,9028.654813136396,9078.621621283797,9175.615198255675,9268.326303044096,9404.9531927858,9535.877383247267,9619.821046336125,earthquake_m7_2
Maunabo,East,2030,8804.319087237067,8892.727895678834,8983.67305732611,9109.23735760173,9254.820484026419,9391.84034072244,9455.115031422112,earthquake_m7_2
Mayagüez,West,2025,69368.51682350803,69668.74270318123,70015.3050957851,70524.2456843624,71009.38850071294,71351.10763679378,71631.44647227386,earthquake_m7_2
Mayagüez,West,2026,67432.99839834467,67730.3858887902,68331.39293010144,68923.1321214003,69719.09512075971,70175.90795889312,70386.11665016437,earthquake_m7_2
Mayagüez,West,2027,66162.19592606463,66666.00021150213,67126.24273187494,67900.47779293699,68535.2082338984,69128.7713238515,69649.86997529746,earthquake_m7_2
Mayagüez,West,2028,65268.32531963722,65822.70044903412,66534.93146028099,67285.62142050316,68051.53504470743,68884.40266208886,69465.90747182569,earthquake_m7_2
Mayagüez,West,2029,64520.37994059417,64892.773968910304,65628.08660055,66574.86325802657,67483.01835904556,68209.92787494812,68819.71800426551,earthquake_m7_2
Mayagüez,West,2030,63420.29212935676,63894.55774315931,64713.59834826343,65708.20493003447,66582.50458115232,67445.15701754276,67715.2633613829,earthquake_m7_2
Moca,West,2025,35907.72955049824,36066.72386081884,36396.5412635275,36862.466045943176,37281.09073219337,37660.345438647615,37822.314093358094,earthquake_m7_2
Moca,West,2026,34676.61926932014,34916.51764641248,35314.01536256015,35828.96851838719,36410.49565216747,36827.50434627571,37044.54121152899,earthquake_m7_2
Moca,West,2027,33993.539219886356,34321.336734401084,34766.78784898605,35460.82062927498,36012.47661799459,36573.653829184535,36885.25809863175,earthquake_m7_2
Moca,West,2028,33418.34861584935,33579.14043106631,34310.228776241755,34841.55838801268,35645.75306890224,36304.93005432245,36512.66233834129,earthquake_m7_2
Moca,West,2029,32850.7403617639,33065.08867222837,33800.924769580364,34542.949614733574,35119.74571025682,35673.491763476435,36157.1026382405,earthquake_m7_2
Moca,West,2030,32378.93374222689,32709.25880897297,33431.13763005862,34068.202570585854,34758.50907766101,35481.270150091776,35879.57081001648,earthquake_m7_2
Morovis,Central Mountains,2025,27619.789128907265,27783.072965192852,27956.98398218949,28166.522384710508,28394.402433977273,28600.81809880466,28722.7013137817,earthquake_m7_2
Morovis,Central Mountains,2026,26675.753871222718,26870.8968186283,27121.048906850712,27402.089794234285,27670.06508137093,27899.81213071511,28090.216532930746,earthquake_m7_2
Morovis,Central Mountains,2027,26244.44350999796,26401.718888413692,26694.30343925208,27069.477083591395,27329.318987494906,27619.67536002282,27812.277666944057,earthquake_m7_2
Morovis,Central Mountains,2028,25878.903062284957,26059.597043082296,26382.205889654513,26787.073417469663,27092.83386034149,27511.339565027036,27652.47756120113,earthquake_m7_2
Morovis,Central Mountains,2029,25531.747283776505,25768.18946590094,26112.967952896142,26533.100099296542,26898.95486064033,27297.64184335241,27525.75944626187,earthquake_m7_2
Morovis,Central Mountains,2030,25140.693759654216,25402.034561409862,25760.32396282426,26202.006265445292,26551.287695167997,26992.88685802549,27263.88608678405,earthquake_m7_2
Naguabo,East,2025,21970.22264768587,22142.23390279839,22358.61439377559,22605.229927398534,22908.1087631074,23240.85583896165,23369.267929458743,earthquake_m7_2
Naguabo,East,2026,20966.889651601745,21191.5373539652,21520.217208030674,21860.54571097288,22231.30916839216,22512.38884039068,22725.06855552579,earthquake_m7_2
Naguabo,East,2027,20282.746066355332,20415.358974997616,20942.15923811751,21471.110089424474,21869.148885101287,22168.130629852134,22528.301110562214,earthquake_m7_2
Naguabo,East,2028,19850.935790581454,20115.745988763785,20520.82164298645,21026.296444391497,21539.211244081514,21878.50653557994,22178.403673604476,earthquake_m7_2
Naguabo,East,2029,19305.99788724239,19739.78595092406,20153.737660603543,20663.520836782813,21216.2249409174,21613.906150024093,21960.96605089565,earthquake_m7_2
Naguabo,East,2030,18807.722605030198,19332.369041125137,19787.14132034032,20365.999521081998,20793.398531352086,21216.995484101684,21513.633154287352,earthquake_m7_2
Naranjito,Central Mountains,2025,28169.88452007962,28260.538611101365,28509.18893818482,28834.2570076173,29037.469785886544,29310.443392647925,29447.39846628305,earthquake_m7_2
Naranjito,Central Mountains,2026,27153.323696663272,27367.54677007481,27717.201066446738,27984.268974299994,28295.90858502644,28571.62162058813,28802.029835433907,earthquake_m7_2
Naranjito,Central Mountains,2027,26522.515138843406,26748.08495459643,27159.355299174178,27621.254099412166,28037.469774632384,28292.690044248582,28447.076735150404,earthquake_m7_2
Naranjito,Central Mountains,2028,26183.56053255315,26444.240255624514,26850.070622365063,27258.86345541222,27708.049625901822,28107.062638174066,28358.73520118205,earthquake_m7_2
Naranjito,Central Mountains,2029,25745.7213352562,25999.886170628994,26565.256536807312,27000.815089007716,27369.609446297436,27861.186310031957,28266.602528234715,earthquake_m7_2
Naranjito,Central Mountains,2030,25377.694066570373,25736.513752961484,26146.719107324105,26636.063085110938,27157.700123107028,27558.6433728241,27955.389576046127,earthquake_m7_2
Orocovis,Central Mountains,2025,20465.693287832815,20597.347505920476,20781.352569357492,20976.945885191133,21170.329778467323,21340.46213489291,21414.96689853846,earthquake_m7_2
Orocovis,Central Mountains,2026,19831.441822645527,19935.329985044867,20169.77090555141,20410.81934177414,20612.68021141237,20883.0682674703,21007.734248350087,earthquake_m7_2
Orocovis,Central Mountains,2027,19583.38722954366,19673.042298378557,19875.55282127545,20205.562797752296,20446.376309494386,20625.075251219907,20704.095723309012,earthquake_m7_2
Orocovis,Central Mountains,2028,19267.291258620677,19368.97116619734,19616.286043620355,19975.65314030141,20209.633039552802,20413.75918249178,20582.421772388756,earthquake_m7_2
Orocovis,Central Mountains,2029,18935.58172760856,19059.098268182785,19311.524798535378,19699.913817644465,19976.743501824978,20287.565285994944,20468.69196854527,earthquake_m7_2
Orocovis,Central Mountains,2030,18748.276094326113,18842.82414083547,19095.325309185013,19410.874159910916,19790.491438324458,20087.167180369037,20221.77689137806,earthquake_m7_2
Patillas,South,2025,15116.29153143761,15163.762567592748,15235.27945399863,15311.143005889944,15378.931367170833,15460.431408776181,15507.10327200572,earthquake_m7_2
Patillas,South,2026,14552.536866988637,14648.276649370024,14715.6831462286,14822.601092480927,14916.577507626513,14999.146993491438,15069.179408527152,earthquake_m7_2
Patillas,South,2027,14215.480568168043,14276.445577049637,14376.438652474033,14478.797297245725,14618.212010598694,14729.142824559573,14803.511767458665,earthquake_m7_2
Patillas,South,2028,13892.595898604954,13953.115518977685,14049.380112582237,14181.195572726705,14328.215295538723,14477.61612686675,14535.279567928586,earthquake_m7_2
Patillas,South,2029,13617.03599549483,13656.759201539133,13775.09863935403,13913.660662038692,14095.323922115702,14228.819848437897,14327.716694500932,earthquake_m7_2
Patillas,South,2030,13320.799729510105,13348.764599556944,13508.137895737189,13669.81511621526,13811.686231390604,13956.218813456853,14073.338318453672,earthquake_m7_2
Peñuelas,South,2025,19102.875081462298,19218.438684285993,19367.85279102699,19584.484714121427,19773.313272256695,20012.40970227454,20116.191346879797,earthquake_m7_2
Peñuelas,South,2026,18327.830128664988,18465.8183438648,18719.699104389496,19026.12073924385,19260.48580710252,19569.19170314927,19735.918214001842,earthquake_m7_2
Peñuelas,South,2027,17834.71593192357,18023.536667782053,18267.657341762795,18614.04411160512,18912.669221719523,19231.508390169805,19411.472187261134,earthquake_m7_2
Peñuelas,South,2028,17499.067085641356,17680.681002480414,17916.397858506745,18318.266122730874,18673.511613992006,19026.5709821136,19189.716332539596,earthquake_m7_2
Peñuelas,South,2029,17287.669200957098,17405.649025799084,17680.91372113606,18058.883106852038,18474.455673521345,18966.089823347796,19144.845614029295,earthquake_m7_2
Peñuelas,South,2030,16932.831731363236,17074.16589314936,17432.598643118614,17787.9655819553,18305.188586578228,18693.713929437446,18931.392420079144,earthquake_m7_2
Ponce,South,2025,128324.74130154244,129048.47769247352,130032.79410990534,131176.9421478096,132349.6139549515,133299.4937998867,133880.9716554903,earthquake_m7_2
Ponce,South,2026,123819.91780658976,124477.81631115369,125600.3018705073,127166.98551962929,128508.68273733872,129720.98047622014,130696.30405948116,earthquake_m7_2
Ponce,South,2027,120793.40806772505,121080.36703454512,123117.35516379576,124651.00944051666,126062.61763020829,127452.93693621652,128685.2209949177,earthquake_m7_2
Ponce,South,2028,118101.77337046053,119311.71087470408,120763.95644571369,122650.42906343116,124599.97718191345,126132.67948894197,127109.41473260544,earthquake_m7_2
Ponce,South,2029,115916.24278258183,116977.25422117971,118684.75505645954,120529.00568365984,122823.05996318984,124182.84961045515,125502.7913664798,earthquake_m7_2
Ponce,South,2030,113940.10283073425,114815.03784602926,116454.65385756081,118517.4180699073,120967.08778542448,122705.43575406454,123991.52396989995,earthquake_m7_2
Quebradillas,North,2025,22737.511086214225,22810.962387792475,22947.08981662987,23092.346991567192,23249.542918592713,23391.03533462803,23549.053751927022,earthquake_m7_2
Quebradillas,North,2026,22107.609247848843,22182.748464026237,22371.50247112154,22547.237869266224,22734.744466709006,22904.855623896794,23066.325019584252,earthquake_m7_2
Quebradillas,North,2027,21810.074754920097,21942.93479118917,22102.538868057145,22323.122601157203,22499.68785244906,22675.63591476296,22733.737979545207,earthquake_m7_2
Quebradillas,North,2028,21486.015631984945,21611.401085925467,21822.571713402624,22053.830373900943,22291.715824376643,22424.337119324264,22555.949373757292,earthquake_m7_2
Quebradillas,North,2029,21158.76738249647,21270.47628280151,21483.09548669352,21759.829329112028,21987.376650077626,22189.578268895402,22342.16570869433,earthquake_m7_2
Quebradillas,North,2030,20855.926108718486,21022.289995869836,21261.6871661911,21520.58912498026,21780.26579845108,21969.23344614162,22106.923576407513,earthquake_m7_2
Rincón,West,2025,14661.709639539245,14740.653156467653,14926.698698594158,15149.791111415216,15349.33527035495,15507.307566949206,15595.660442710667,earthquake_m7_2
Rincón,West,2026,14006.696261789572,14280.725481965706,14474.139036115052,14732.155462432956,15018.661006958602,15202.841527245819,15352.98050467569,earthquake_m7_2
Rincón,West,2027,13753.587309127357,13922.898797971384,14206.477044713969,14521.354385183844,14765.819897293264,14993.488967371657,15091.321779297703,earthquake_m7_2
Rincón,West,2028,13524.078342637136,13686.015012497517,14022.874866311766,14326.010356503617,14622.565980466909,14885.132769633516,15068.808879561573,earthquake_m7_2
Rincón,West,2029,13309.366199065184,13519.36448380862,13834.778142506564,14151.784390795267,14456.661585408145,14814.91027409608,15002.48725518274,earthquake_m7_2
Rincón,West,2030,13132.365792906085,13357.907835332902,13604.14121517372,14011.11874922532,14305.139165162742,14662.123611748186,14836.279945919106,earthquake_m7_2
Río Grande,East,2025,44592.66331352104,44748.783560582786,44943.10817600785,45303.076789010025,45550.290809060025,45815.13340939027,46001.47238611839,earthquake_m7_2
Río Grande,East,2026,42922.87104235084,43134.859987823664,43407.539527841676,43749.076504369215,44060.18336017194,44422.591463041834,44550.33385641162,earthquake_m7_2
Río Grande,East,2027,41848.72666843951,42037.83812701037,42329.944317123736,42748.974823411816,43194.55421421048,43437.40492089577,43682.638205425916,earthquake_m7_2
Río Grande,East,2028,40925.26391954542,41145.10955051334,41506.34114526579,41962.17705898478,42540.20327828404,42752.48705168766,42925.706632606336,earthquake_m7_2
Río Grande,East,2029,40099.47356973762,40284.22030298155,40733.206095431466,41270.32106049348,41837.534471905,42183.5016825926,42428.358720765355,earthquake_m7_2
Río Grande,East,2030,39304.27110009353,39635.277102839034,40022.289264022394,40519.06686090077,41070.332125607034,41451.217172998025,41754.32466748674,earthquake_m7_2
Sabana Grande,West,2025,21743.595693400785,21838.481077548055,21976.608971686488,22199.845785488684,22376.155516961237,22545.691024851276,22681.39157301025,earthquake_m7_2
Sabana Grande,West,2026,21039.448686007414,21180.51112126924,21390.04847921036,21593.37862593898,21854.744417837566,22036.262458379642,22185.340058638623,earthquake_m7_2
Sabana Grande,West,2027,20787.11301758988,20945.453614893086,21165.490150136695,21386.536258830005,21669.786541638867,21872.532031263156,22048.343729906086,earthquake_m7_2
Sabana Grande,West,2028,20607.0483781393,20754.340284042522,21029.971613799313,21231.519950648086,21519.319955430074,21780.421094272024,21920.277829674294,earthquake_m7_2
Sabana Grande,West,2029,20379.326737666983,20461.387521425506,20749.855719075087,21046.795842634936,21321.35653084481,21646.860992954724,21864.64878344084,earthquake_m7_2
Sabana Grande,West,2030,20072.607134067344,20237.35612469162,20478.137058877564,20796.250906078174,21159.13173132952,21468.904256834696,21576.237053084944,earthquake_m7_2
Salinas,South,2025,24350.317318401452,24424.645032204346,24602.397091065126,24780.2321641926,24977.312875010204,25128.697123509595,25197.825819393598,earthquake_m7_2
Salinas,South,2026,23441.090096467582,23573.957586592463,23788.56980572692,24000.283644336,24282.222620397453,24561.11307287823,24641.129066015026,earthquake_m7_2
Salinas,South,2027,22881.781582168303,23001.484490710296,23221.318609545553,23489.125272914054,23819.323731063232,24001.66482747949,24142.356696683157,earthquake_m7_2
Salinas,South,2028,22283.27599159419,22458.182450554585,22745.75195725066,23049.66866869689,23415.227773949005,23667.36399344227,23796.543983791762,earthquake_m7_2
Salinas,South,2029,21949.848761805773,22064.585562813456,22334.494496564483,22692.83610073952,23051.14511709627,23348.354307481768,23522.52939318919,earthquake_m7_2
Salinas,South,2030,21500.27887735661,21683.290349340317,21975.94142160939,22319.338768689093,22728.771107689812,22992.231942452712,23094.723584290805,earthquake_m7_2
San Germán,West,2025,30423.124526515112,30554.891992943358,30779.89484168149,31066.694593038213,31305.35295961488,31515.397345175374,31703.975960553587,earthquake_m7_2
San Germán,West,2026,29327.826344828994,29545.83607014912,29802.995437987418,30176.106566617098,30545.911328566355,30760.89386957466,30919.41116276673,earthquake_m7_2
San Germán,West,2027,28881.804430579003,29011.19538522149,29318.484771285726,29796.4863656448,30184.783976253526,30479.23721155836,30655.783185723965,earthquake_m7_2
San Germán,West,2028,28473.94706831196,28708.03036464795,29007.330787149775,29511.845487860897,29910.380646502424,30271.978893157604,30616.568172212326,earthquake_m7_2
San Germán,West,2029,28007.344287800355,28345.91331175012,28707.692282427233,29176.05559091886,29780.309372133925,30148.52052996214,30323.348589655878,earthquake_m7_2
San Germán,West,2030,27638.709991521107,27871.241397377544,28332.670346980158,28906.13429896318,29449.483099797442,29942.549042218667,30312.264045991862,earthquake_m7_2
San Juan,Metro,2025,324583.43237145443,325350.14322119375,328603.73951285053,331923.6155816043,335224.8627539123,337711.42493358155,339270.1722752749,earthquake_m7_2
San Juan,Metro,2026,310345.6367977077,313338.5839780355,317391.8346935518,321996.667144138,326995.5710559436,330187.9113032417,332332.98648218316,earthquake_m7_2
San Juan,Metro,2027,305223.3059090818,307298.35931390186,311950.7627877068,316878.8280299115,321337.02336417825,325780.89961977134,328431.98454647354,earthquake_m7_2
San Juan,Metro,2028,298967.40735329146,303867.2841039913,308703.0881547533,313381.02013289055,318221.66085675807,323770.1819443557,328797.76310149045,earthquake_m7_2
San Juan,Metro,2029,294062.7967623806,299648.6458394219,304937.2424362717,309598.42890467215,315653.7803129335,320431.6621169633,323745.85694726027,earthquake_m7_2
San Juan,Metro,2030,289906.0574560254,293515.97514833015,299132.9977611719,305415.99826223403,311569.70690075564,318043.1153429018,321631.8044880893,earthquake_m7_2
San Lorenzo,East,2025,35845.61675657278,36029.33903014086,36359.22398857453,36629.682409365756,36920.79555496287,37171.8424201056,37317.17907536806,earthquake_m7_2
San Lorenzo,East,2026,34426.35333317429,34657.45191618509,34979.198409481876,35422.20529488365,35773.79224909529,36172.6098884895,36434.2833779223,earthquake_m7_2
San Lorenzo,East,2027,33466.0272757547,33733.31917364484,34124.40962611752,34611.80141448047,35024.62492263068,35464.44836452104,35605.475912484086,earthquake_m7_2
San Lorenzo,East,2028,32682.12306034912,32999.13227928353,33421.12995570999,33948.43555212319,34492.90347586354,34987.33694178235,35142.298091852186,earthquake_m7_2
San Lorenzo,East,2029,32052.447967021533,32373.04149731977,32818.18458674617,33469.75831299828,33932.84062151676,34348.658830455766,34502.11237773367,earthquake_m7_2
San Lorenzo,East,2030,31229.27729270168,31671.9872154362,32367.267041638923,32910.70901708878,33362.91898070073,33776.18926307012,34141.67769877553,earthquake_m7_2
San Sebastián,West,2025,37400.94280872268,37694.15048278118,38123.87070385984,38547.18400577282,38966.21349675728,39345.735407746506,39686.87725719391,earthquake_m7_2
San Sebastián,West,2026,36046.143045415585,36349.67746601084,36834.56935610989,37500.854200955524,37969.01919109089,38495.607739774845,38902.13845175842,earthquake_m7_2
San Sebastián,West,2027,35119.35448849142,35653.71481625836,36431.24240940112,37057.23223540925,37760.49004102848,38312.716214466804,38621.65846234811,earthquake_m7_2
San Sebastián,West,2028,34546.30398819022,35198.070990978056,35887.51095343562,36653.571594625464,37498.13042927837,38191.017077719924,38431.05634702805,earthquake_m7_2
San Sebastián,West,2029,33964.38212907676,34265.97091119942,35220.30735875337,36190.28316027783,37106.39166371175,37910.76377549149,38164.531840001866,earthquake_m7_2
San Sebastián,West,2030,33200.66851036106,33877.564591591734,34705.92390810236,35679.51350198618,36611.40735193959,37625.41853766778,38203.73231527468,earthquake_m7_2
Santa Isabel,South,2025,19306.286458768504,19385.52718411066,19496.81710149058,19642.765437059308,19783.181333321416,19916.647894705296,20014.856130743094,earthquake_m7_2
Santa Isabel,South,2026,18522.86999578332,18625.058987201603,18811.83432904848,19053.4673393109,19241.60358317582,19393.506733781396,19466.39478305858,earthquake_m7_2
Santa Isabel,South,2027,18103.233373482428,18214.68353878616,18393.206889258112,18670.35839045074,18895.489481968547,19106.292781426757,19202.503522585524,earthquake_m7_2
Santa Isabel,South,2028,17682.37935484593,17781.442130187967,18045.125274447397,18382.14148834379,18595.305769145274,18742.567118505336,18826.609899629882,earthquake_m7_2
Santa Isabel,South,2029,17348.3965561859,17496.0495089661,17778.26864112914,17998.76605915522,18364.945734430185,18563.502817000433,18758.697615625944,earthquake_m7_2
Santa Isabel,South,2030,17003.567689627256,17159.524440475336,17460.566005839675,17728.243058735097,18082.884321267957,18319.35045587336,18547.79786261622,earthquake_m7_2
Toa Alta,Metro,2025,64164.85764612174,64471.21434768971,64936.812001073835,65659.7420465186,66270.48200299412,66822.9381317878,67192.34213595714,earthquake_m7_2
Toa Alta,Metro,2026,61535.12062583866,61952.56484681068,62700.36023739503,63723.40172896939,64446.845919710155,65460.37722682369,66101.79885119722,earthquake_m7_2
Toa Alta,Metro,2027,60509.616284387885,60856.93871954386,61615.61600146777,62648.36627381556,63572.87774668528,64631.085439212424,64980.69254055788,earthquake_m7_2
Toa Alta,Metro,2028,59094.98173675448,59767.73042706891,60963.94991485518,61995.159444826946,63202.68350720142,63930.66986615153,64364.834061366935,earthquake_m7_2
Toa Alta,Metro,2029,58422.63641249681,59240.82911991529,60261.91144238484,61204.507026688116,62519.40127064193,63312.597151712325,63684.668560951955,earthquake_m7_2
Toa Alta,Metro,2030,57451.86902679033,58087.60422971089,59051.837974749236,60262.88120755753,61623.521042678636,62529.85942633337,63044.060898894146,earthquake_m7_2
Toa Baja,Metro,2025,71436.49726482121,71606.22124246051,72014.92781571746,72550.73433409931,72974.98320587273,73354.9517865688,73619.12849846028,earthquake_m7_2
Toa Baja,Metro,2026,69570.30754264856,69720.78796152915,70182.78587082915,70841.47621013314,71418.32524032236,72005.56551110803,72429.99277231822,earthquake_m7_2
Toa Baja,Metro,2027,68064.83419820273,68320.85798131206,68929.92898377286,69527.7935570798,69995.96774800295,70664.40790374644,71020.25860636916,earthquake_m7_2
Toa Baja,Metro,2028,67060.31673689837,67477.26573484733,68094.59073062561,68702.5986427628,69388.96465829675,70135.01740672739,70530.4412670868,earthquake_m7_2
Toa Baja,Metro,2029,66216.05571692463,66632.7233548702,67183.04384411087,67917.8732864972,68808.7404014014,69309.11007992446,70071.08990167652,earthquake_m7_2
Toa Baja,Metro,2030,65463.10004733951,65660.92868351769,66221.36869228147,67127.22166600588,67975.81562607136,68419.57713072396,69155.47162415105,earthquake_m7_2
Trujillo Alto,Metro,2025,64387.17297733564,64700.75937340474,65356.09416370272,65882.71746507252,66551.99325215742,67327.27180026143,67797.49498397013,earthquake_m7_2
Trujillo Alto,Metro,2026,62117.28288114209,62476.84331053509,63100.11525936576,63880.45639230311,64639.428141136435,65360.37250798298,65817.8333591533,earthquake_m7_2
Trujillo Alto,Metro,2027,60860.985150629895,61129.357016003654,62163.22095363867,62998.91695946072,63736.7498801211,64720.13240091025,65440.341987093,earthquake_m7_2
Trujillo Alto,Metro,2028,59617.3334530222,60430.09472219765,61206.36281739526,62232.3456899548,63210.84799485543,64315.61031141538,64677.95309714236,earthquake_m7_2
Trujillo Alto,Metro,2029,58644.22103274003,59399.64729649626,60633.98970586931,61555.93116396099,62535.92705320851,63583.475862003084,64425.671113695156,earthquake_m7_2
Trujillo Alto,Metro,2030,58497.714017176986,58681.73875458212,59731.04690251861,60809.43885427632,62052.285229413974,62733.817044536154,63221.81607421672,earthquake_m7_2
Utuado,Central Mountains,2025,26928.902370662276,27064.73366865728,27254.254917773727,27460.749650733647,27645.77825137052,27789.649377697577,27875.24385402911,earthquake_m7_2
Utuado,Central Mountains,2026,26203.99389543868,26369.838334848446,26548.85816638687,26771.31792416206,27040.925225548704,27280.145093280396,27403.805579565156,earthquake_m7_2
Utuado,Central Mountains,2027,25828.734305571834,25936.122946927746,26204.376006598643,26417.993138850674,26712.21595279726,26935.406009727485,27063.837338056164,earthquake_m7_2
Utuado,Central Mountains,2028,25558.985581369277,25700.36998339683,25943.27979776207,26223.66657563801,26535.579894530154,26848.295964769797,26952.849002083633,earthquake_m7_2
Utuado,Central Mountains,2029,25211.860978808476,25362.182246741384,25561.55122246466,25947.683043197805,26261.035041032115,26558.342519362337,26648.270001931192,earthquake_m7_2
Utuado,Central Mountains,2030,24598.982885092795,24939.487689422593,25199.290803180826,25546.46520571692,25987.164613848916,26255.320876272992,26388.07373468354,earthquake_m7_2
Vega Alta,North,2025,34161.76608096189,34251.783744619424,34444.17660692334,34644.121583351436,34883.51542802612,35117.23914394924,35234.19953476756,earthquake_m7_2
Vega Alta,North,2026,33155.10110596225,33297.01536203308,33479.31207487037,33764.12463501876,34030.33038219399,34214.65464561805,34384.693338989695,earthquake_m7_2
Vega Alta,North,2027,32504.81268068951,32683.209769536275,32974.81936458555,33311.36197732828,33525.15224118032,33731.33365825536,33800.27966513109,earthquake_m7_2
Vega Alta,North,2028,32135.444178253787,32289.501262319573,32575.859477590842,32934.87459887129,33198.92806920762,33439.10156612002,33665.67506557697,earthquake_m7_2
Vega Alta,North,2029,31759.594962473562,31891.493879015525,32205.281902847833,32550.693070025125,32885.89426818513,33179.085751251136,33495.264096051986,earthquake_m7_2
Vega Alta,North,2030,31238.238390090508,31389.947196368015,31768.51669693205,32196.91762875909,32525.317623919414,32860.91271543239,33072.45340705014,earthquake_m7_2
Vega Baja,North,2025,51465.4760327455,51851.308415041596,52415.27189819982,53056.28551822738,53570.22248988827,54211.38496902227,54617.01584281626,earthquake_m7_2
Vega Baja,North,2026,49631.397400794885,50141.44285376191,50976.63903076277,51717.9301653854,52502.88029203578,53296.81250449176,53930.41675052334,earthquake_m7_2
Vega Baja,North,2027,49000.71909162799,49438.870159018414,50048.89691346002,50919.83546957036,51678.2495108541,52558.89534435977,53052.71346603327,earthquake_m7_2
Vega Baja,North,2028,47859.30126586264,48323.65963486836,49328.2844331899,50312.77624054509,51263.20668557401,52043.54131524664,52704.45021301642,earthquake_m7_2
Vega Baja,North,2029,47074.45690567562,47542.65740569124,48647.64222462836,49755.831275146484,50852.790778017494,51531.83145570955,52340.12670131365,earthquake_m7_2
Vega Baja,North,2030,46010.23169016978,46808.69086035223,48139.566949076674,49195.861516521894,50372.44883078261,51298.03231980882,52040.34408985326,earthquake_m7_2
Vieques,East,2025,7843.56885051821,7858.817322688799,7899.535792806648,7933.959750763905,7967.599344280629,8021.064861041312,8041.968984585777,earthquake_m7_2
Vieques,East,2026,7525.316841511916,7555.276712932502,7609.461570120629,7661.933795763438,7714.922624215724,7764.6966869258695,7782.117319287675,earthquake_m7_2
Vieques,East,2027,7320.639649068195,7372.718436916522,7422.316838181881,7489.568562736739,7557.73281590714,7622.207384865678,7658.955404162099,earthquake_m7_2
Vieques,East,2028,7192.810617451118,7226.205680665838,7281.036167526917,7360.157239922828,7423.175145881163,7505.763096117064,7551.496839856133,earthquake_m7_2
Vieques,East,2029,7077.581145793243,7107.216085583826,7151.622930044139,7229.128666508745,7310.3344098267835,7371.711805354733,7439.212512572786,earthquake_m7_2
Vieques,East,2030,6934.886978821714,6960.012567379085,7034.688968616347,7109.959142331277,7192.3756525979115,7274.121564675931,7321.416972900039,earthquake_m7_2
Villalba,South,2025,20898.20576805578,21018.852276758975,21115.04833083225,21271.54158662995,21433.982468377853,21547.842060555657,21617.637365977356,earthquake_m7_2
Villalba,South,2026,20125.682585061582,20235.138730902156,20421.092207360918,20595.861238757992,20851.96456577491,21027.67413523377,21112.00364986207,earthquake_m7_2
Villalba,South,2027,19705.49377506701,19787.682968986173,19937.321251915593,20207.96599447011,20429.950230456132,20672.500498272846,20735.1591513599,earthquake_m7_2
Villalba,South,2028,19149.35808737337,19352.46103880977,19625.588800809757,19855.53229522485,20153.453549520265,20416.2617934952,20612.418362959626,earthquake_m7_2
Villalba,South,2029,18929.006869746576,19061.22283206307,19302.662041800028,19555.15432134657,19862.67781953145,20181.349808836352,20312.883826355373,earthquake_m7_2
Villalba,South,2030,18596.25528895566,18764.226794385322,18971.077927923805,19272.37045321789,19546.2833850447,19890.031397868293,19979.87391688375,earthquake_m7_2
Yabucoa,East,2025,28390.55605966272,28469.945128404557,28647.765755113924,28852.629895057475,29063.046490677756,29243.95699937424,29363.232367856333,earthquake_m7_2
Yabucoa,East,2026,27305.821746622176,27464.54805600509,27719.823757554845,28040.475740092428,28282.405738192567,28569.252020117096,28630.44705147102,earthquake_m7_2
Yabucoa,East,2027,26550.053485485707,26750.56305314171,26979.08602112106,27337.055631022828,27687.92694654427,27970.317317674497,28137.27522416943,earthquake_m7_2
Yabucoa,East,2028,25991.113951669966,26143.407966435814,26478.68749937856,26852.22646820662,27203.25537364954,27552.209392599678,27746.36155599188,earthquake_m7_2
Yabucoa,East,2029,25410.370056965636,25662.685208984876,25928.415407329554,26290.7626280287,26739.259698850292,27124.75820370716,27488.57245015534,earthquake_m7_2
Yabucoa,East,2030,24855.798377752246,25074.84333038477,25424.849264304732,25881.144448741725,26283.134761220997,26721.573633598957,26969.297047881566,earthquake_m7_2
Yauco,South,2025,32165.137019265014,32274.25046068148,32447.038856903164,32675.330091405558,32823.32676504263,33046.951446263156,33248.48890134042,earthquake_m7_2
Yauco,South,2026,31028.47778351231,31186.574280068417,31402.76840670014,31682.04035916327,31953.1780234254,32227.076358702383,32341.5518671277,earthquake_m7_2
Yauco,South,2027,30245.030005231383,30505.563530018524,30745.785732701574,31098.609783657368,31406.76486950305,31711.581010778165,31907.935184971582,earthquake_m7_2
Yauco,South,2028,29777.716760074185,29941.883417827692,30177.159525997955,30591.96858524018,30975.498797299893,31249.621719666895,31536.55264291292,earthquake_m7_2
Yauco,South,2029,29264.265315527366,29494.320563440077,29832.196044352702,30201.266099375087,30515.499108872704,30945.722647743543,31208.670002856546,earthquake_m7_2
Yauco,South,2030,28774.59462783603,29022.1368996579,29382.778398063958,29700.404620069483,30195.188739275203,30636.276533113778,30833.13538899481,earthquake_m7_2
Adjuntas,Central Mountains,2025,17363.523419956786,17436.449446026836,17539.80329575306,17660.255460107128,17784.90108487124,17917.704988478097,17981.308697631284,earthquake_m7_5
Adjuntas,Central Mountains,2026,16898.606576564176,16971.018834155082,17095.682466768056,17206.549728061822,17357.411193289092,17459.497617602497,17557.726472191003,earthquake_m7_5
Adjuntas,Central Mountains,2027,16680.921554816356,16745.007519813134,16934.682969472593,17114.771829658377,17267.35640113685,17382.75665846015,17476.90545155617,earthquake_m7_5
Adjuntas,Central Mountains,2028,16458.40585417163,16565.069710123433,16758.502014214642,16944.91676647099,17169.937414977794,17312.577081181284,17380.79692588137,earthquake_m7_5
Adjuntas,Central Mountains,2029,16225.082996621137,16338.278774593673,16513.752536784545,16754.466874265163,16979.51035435254,17152.783925324544,17267.460254532496,earthquake_m7_5
Adjuntas,Central Mountains,2030,15979.43915166264,16117.198507556826,16309.699622997188,16528.93493377632,16778.731271957302,16956.527055084487,17022.584823927857,earthquake_m7_5
Aguada,West,2025,36591.49254800582,36722.48242756787,37005.236365965,37220.0990596391,37463.49487643577,37736.535134919046,37849.25367602422,earthquake_m7_5
Aguada,West,2026,35394.91345867148,35609.25573004754,35861.01876786671,36175.23578422435,36519.35971204465,36802.44053225965,37081.70509255068,earthquake_m7_5
Aguada,West,2027,34859.29842117729,35147.300950658355,35445.63907951639,35842.89830120691,36144.41463225055,36562.07466144726,36680.52625056963,earthquake_m7_5
Aguada,West,2028,34376.768054319524,34599.39181216832,34969.86137940261,35311.534496262815,35733.20714100159,36098.98339241625,36351.71111112803,earthquake_m7_5
Aguada,West,2029,33891.14245977893,34154.8468410577,34502.65802843282,34949.3910749614,35351.80106388498,35707.358215096305,35951.17023922163,earthquake_m7_5
Aguada,West,2030,33312.27494912119,33557.6850486909,34066.00818437881,34472.43124518019,34945.19932536455,35337.89116010475,35633.913133171045,earthquake_m7_5
Aguadilla,West,2025,51652.215457876315,52189.11185133421,52889.25459675427,53577.705447518965,54190.27270218245,54720.87281080617,55476.547170264515,earthquake_m7_5
Aguadilla,West,2026,49974.87635462988,50521.095003402625,51203.322440003496,51986.221986726654,52839.648264920805,53536.93751840847,53978.38369052089,earthquake_m7_5
Aguadilla,West,2027,49129.19947127466,49492.40257491289,50371.60046795818,51298.96765906485,52130.84051704051,53039.906007239726,53442.32605811668,earthquake_m7_5
Aguadilla,West,2028,48279.02076377557,48634.3693137435,49562.7110369944,50654.148308181626,51751.95494162113,52898.853097008345,53292.181802033716,earthquake_m7_5
Aguadilla,West,2029,47222.74687974889,48014.10794632815,48991.68486334871,50022.43616192497,51429.47429774176,51987.057234679225,53237.58116460278,earthquake_m7_5
Aguadilla,West,2030,46334.52856736929,47083.280838677,48339.843866046525,49572.878828252615,50459.44905284392,51798.98327765154,52434.826465905135,earthquake_m7_5
Aguas Buenas,Central Mountains,2025,23123.4739966171,23187.000585461472,23330.45388226906,23447.754291123012,23588.124231720547,23704.66729255027,23753.772279158286,earthquake_m7_5
Aguas Buenas,Central Mountains,2026,22440.784416599516,22501.644206679874,22666.595360718624,22867.95014027977,23022.959057264183,23208.618409939918,23293.812944248228,earthquake_m7_5
Aguas Buenas,Central Mountains,2027,22093.912224297146,22162.08387733661,22286.4747376175,22517.321683351165,22693.479348897043,22844.63662450073,22946.058029107542,earthquake_m7_5
Aguas Buenas,Central Mountains,2028,21730.289703622842,21843.282581011325,22053.02289055339,22272.7688899462,22447.041979043534,22582.40072547137,22757.962758067606,earthquake_m7_5
Aguas Buenas,Central Mountains,2029,21527.63036993754,21624.9205960077,21785.30852548394,22030.062103937402,22269.130344519857,22446.19199521051,22574.428065196265,earthquake_m7_5
Aguas Buenas,Central Mountains,2030,21114.062947072387,21245.94500462445,21531.861042162698,21760.700175792233,21984.26054108943,22209.916413021114,22300.998501728893,earthquake_m7_5
Aibonito,Central Mountains,2025,23475.070345760883,23718.54315907238,23961.429223077786,24273.7298141175,24605.47040296777,24790.962896795074,25095.13294090905,earthquake_m7_5
Aibonito,Central Mountains,2026,22616.99692988906,22755.69392578562,23041.793424492527,23550.550598502676,23960.36415935579,24339.327229421673,24442.621535329476,earthquake_m7_5
Aibonito,Central Mountains,2027,22087.514301806616,22402.643119697972,22729.259364292833,23222.40838804751,23650.94932003392,24027.334687262082,24320.2470180627,earthquake_m7_5
Aibonito,Central Mountains,2028,21678.779127486076,21898.926879478935,22373.76734756251,22937.550970671313,23479.66484039247,23898.973502606597,24240.383468557207,earthquake_m7_5
Aibonito,Central Mountains,2029,21239.646411581045,21475.597844182605,21994.772055943722,22637.99220222239,23238.341219266178,23813.76543826564,24312.05750694269,earthquake_m7_5
Aibonito,Central Mountains,2030,20819.643208688067,21151.524016756604,21729.40103904262,22437.757524705903,23114.970406777946,23661.802385799703,24184.40257439633,earthquake_m7_5
Arecibo,North,2025,83392.63644592416,83760.62195955946,84540.23087466639,85447.22550574515,86304.87561411443,87182.64971375231,87522.0659226542,earthquake_m7_5
Arecibo,North,2026,80119.39118735601,81236.82925307855,82192.68072165767,83264.62603419411,84338.06328562633,85094.16636287973,85976.66413273849,earthquake_m7_5
Arecibo,North,2027,79389.3088185392,80025.23782856806,81031.65237834005,82372.0398926989,83427.27176809286,84509.5535289595,85040.29386383735,earthquake_m7_5
Arecibo,North,2028,77861.12662938691,78891.40577757059,80157.84542656848,81578.59319209273,82811.18956382968,84185.3581740596,84908.05002330658,earthquake_m7_5
Arecibo,North,2029,76970.24688805928,77659.87756740562,78979.82559115413,80382.2767721903,82042.47763365351,83384.03582173599,84325.05559809318,earthquake_m7_5
Arecibo,North,2030,75792.33139251599,76583.6073823687,78038.8830011943,79642.55407263008,81210.64322991966,82649.68374103234,83469.06613166063,earthquake_m7_5
Arroyo,South,2025,14744.273330199549,14862.245548465025,14979.60944715561,15116.061063379519,15237.227967508048,15368.597428291621,15486.58443299984,earthquake_m7_5
Arroyo,South,2026,14005.368224318023,14221.071146076161,14395.546427021083,14604.394145956423,14740.733676492096,14951.267104996426,15075.01905494417,earthquake_m7_5
Arroyo,South,2027,13578.659897209125,13789.85809591456,14014.843167207695,14234.6689419451,14443.193831415316,14685.791643401917,14789.936112288296,earthquake_m7_5
Arroyo,South,2028,13245.322884749852,13464.49874267947,13675.613615599661,13968.22012750162,14205.707909017725,14424.504737965328,14557.98273660265,earthquake_m7_5
Arroyo,South,2029,13079.066814374986,13193.554676609318,13368.00065848445,13697.890999514962,13989.949638755399,14248.499401758529,14478.506708970777,earthquake_m7_5
Arroyo,South,2030,12756.773075349744,12901.46596868586,13166.811761638244,13461.00965797809,13771.35328810819,14066.37660775259,14196.670822731809,earthquake_m7_5
Añasco,West,2025,24615.285566424292,24675.632728600987,24793.63617866204,24950.566796106796,25074.27818239054,25204.260749674184,25255.93341400561,earthquake_m7_5
Añasco,West,2026,23825.86515053396,23934.040615260867,24051.773640575728,24236.59053048022,24425.00103533912,24566.7641730359,24614.398490204465,earthquake_m7_5
Añasco,West,2027,23455.35412250258,23541.58307214941,23687.657225429037,23883.77067801268,24058.791336846534,24240.57333979495,24374.48578536115,earthquake_m7_5
Añasco,West,2028,23181.59023419346,23238.024627137755,23424.923867937705,23630.054647097073,23870.15476898791,24117.060963087344,24213.513671975757,earthquake_m7_5
Añasco,West,2029,22785.556594686495,22952.716651664377,23141.622619441125,23388.834723706645,23596.612806442987,23800.330468124204,23922.376186278918,earthquake_m7_5
Añasco,West,2030,22424.814874326516,22589.990224972713,22822.041585188603,23015.53784443242,23327.674667007886,23514.86883537023,23754.097205073784,earthquake_m7_5
Barceloneta,North,2025,21812.635927466377,21946.756086880072,22106.128728521566,22262.20092047443,22434.060650098538,22634.61640834374,22717.731042637995,earthquake_m7_5
Barceloneta,North,2026,21130.194098650754,21268.349811401367,21426.126272248795,21678.83584655318,21887.978141193034,22096.02151704348,22243.24299863189,earthquake_m7_5
Barceloneta,North,2027,20774.974796181203,20913.63788559067,21142.889584209108,21356.228213542665,21668.24927011649,21889.663101797432,22035.964071608374,earthquake_m7_5
Barceloneta,North,2028,20473.99959534316,20600.165899541706,20903.734214356835,21203.63012345414,21444.719304074017,21657.451904340105,21884.565634456667,earthquake_m7_5
Barceloneta,North,2029,20296.70228314104,20402.777523523873,20651.867197904583,20907.15912580247,21216.893497710094,21487.09515065253,21677.765765223157,earthquake_m7_5
Barceloneta,North,2030,19990.036692465397,20111.670531107215,20403.754622801214,20645.54573559828,20931.439282615982,21269.31857036299,21428.92084460847,earthquake_m7_5
Barranquitas,Central Mountains,2025,28079.508390795785,28168.28412480776,28398.707751144735,28580.567960836735,28792.446778779347,29017.201484802936,29072.021866343814,earthquake_m7_5
Barranquitas,Central Mountains,2026,27078.564326538664,27273.83487870361,27550.251512982417,27868.12439260236,28096.11417049756,28348.08648958441,28474.08294509019,earthquake_m7_5
Barranquitas,Central Mountains,2027,26647.683716188636,26807.428436879727,27206.504972828538,27554.317770394686,27845.259347331506,28051.2499001468,28144.845815580626,earthquake_m7_5
Barranquitas,Central Mountains,2028,26332.83583728713,26505.671018259243,26824.660149183066,27223.873389046123,27589.110572091584,27843.931000563673,28070.17898310434,earthquake_m7_5
Barranquitas,Central Mountains,2029,25999.385469670906,26176.03483354114,26523.663327741262,26911.008599346897,27266.042012088077,27595.730026108995,27831.230675782794,earthquake_m7_5
Barranquitas,Central Mountains,2030,25428.50272296897,25784.531013293454,26208.88938336015,26660.992145356096,27048.567071370122,27469.992267515365,27723.172368626067,earthquake_m7_5
Bayamón,Metro,2025,175029.3780650814,175948.28528183748,178191.84320123488,180161.9423850139,182163.21151465696,183897.55562887402,184528.15280505057,earthquake_m7_5
Bayamón,Metro,2026,168466.8407165195,169432.66708468465,171920.46804579275,174890.59279654556,177032.45945816592,180880.3785550869,181673.20848184565,earthquake_m7_5
Bayamón,Metro,2027,164880.35433231722,165746.967439376,168700.1136242387,171724.82874348838,175317.7561870442,177647.98236150562,178858.43923869127,earthquake_m7_5
Bayamón,Metro,2028,161598.09025346357,163099.0133368994,165877.53614808447,168925.44701918197,173088.76597274636,176955.2345022584,178827.40514756946,earthquake_m7_5
Bayamón,Metro,2029,159326.25516839014,160696.36341514444,163894.9336974195,167475.80365423032,171858.14777285245,175783.65200056182,177422.27166288838,earthquake_m7_5
Bayamón,Metro,2030,157030.76118463406,158016.18685367622,161217.86287127272,165845.9179666523,170689.72796971462,174015.2401958323,175770.7098197974,earthquake_m7_5
Cabo Rojo,West,2025,45673.61753950681,45852.252845972565,46060.8517088723,46284.39801844472,46550.67406511024,46816.78958696622,46998.068711953805,earthquake_m7_5
Cabo Rojo,West,2026,44305.39843052832,44453.99288370738,44646.618012222694,44947.87077630716,45256.57741643221,45628.51828482792,45757.17623541377,earthquake_m7_5
Cabo Rojo,West,2027,43726.7976133771,43937.68002611732,44147.028237446306,44472.326320040476,44785.19781723893,45140.14987691284,45318.13758502072,earthquake_m7_5
Cabo Rojo,West,2028,43430.341383751525,43551.64382060475,43828.187550805276,44128.02191563058,44496.9366333773,44984.429039619194,45159.45162427036,earthquake_m7_5
Cabo Rojo,West,2029,42712.828405628,42842.267640925595,43271.30685803851,43620.80448171137,43985.354801067086,44406.71489281836,44622.88192123492,earthquake_m7_5
Cabo Rojo,West,2030,41857.60456715754,42143.95410906425,42515.97152865439,42954.82119415694,43440.58813591188,43706.46659126561,43967.32266239356,earthquake_m7_5
Caguas,East,2025,120984.97837766906,121393.9204572254,122316.78821097488,123125.33538539006,123905.09817943072,124626.60636528626,125091.53191740683,earthquake_m7_5
Caguas,East,2026,116549.88246167517,117202.13659646451,117990.34857101424,119163.5197139281,120074.12307362213,121026.28119488466,121466.38723866097,earthquake_m7_5
Caguas,East,2027,114001.27263925217,114490.07124099751,115486.59143078979,116586.83471599667,117747.96887527718,118736.02774368868,119425.07449002136,earthquake_m7_5
Caguas,East,2028,111633.68207528359,112241.51148700801,113512.89424869779,114598.16562793426,115763.5322400994,116960.56133141476,117774.22797387195,earthquake_m7_5
Caguas,East,2029,109781.36700919727,110315.28337059378,111369.03407549374,112535.5088393362,113917.50240918921,115448.63819276144,116557.99560268773,earthquake_m7_5
Caguas,East,2030,107310.42463293069,108231.62300008119,109538.53366140416,111112.63445543652,112325.51945245694,113453.49530145629,114169.26613964995,earthquake_m7_5
Camuy,North,2025,31219.98275018689,31534.564870987026,31845.324456845905,32264.35372921107,32672.97051824947,32883.68425444413,33081.15983091521,earthquake_m7_5
Camuy,North,2026,30314.635593383417,30561.435703780044,31004.957526285532,31488.660262675858,31881.5427714619,32246.939930802335,32441.632449545516,earthquake_m7_5
Camuy,North,2027,29951.843013341822,30242.431903024728,30753.04890592381,31183.417059120835,31500.36325088752,31940.34567848314,32172.831476637693,earthquake_m7_5
Camuy,North,2028,29474.557021652763,29657.484180533025,30273.314744324365,30709.143713951722,31342.265915972108,31811.822219797574,32109.85783713504,earthquake_m7_5
Camuy,North,2029,29084.18012179459,29421.90648729195,29845.362599301894,30474.115444156192,31026.757532543394,31488.12180518986,31823.69176744207,earthquake_m7_5
Camuy,North,2030,28715.310830586503,28949.366155850243,29516.73075406225,30097.228524083574,30719.638103878307,31222.306335969963,31570.30303603995,earthquake_m7_5
Canóvanas,East,2025,40174.90110670843,40325.621665894825,40662.066231028744,40987.15891178219,41357.7711291344,41627.00380080958,41808.33428720614,earthquake_m7_5
Canóvanas,East,2026,38608.60075620488,38703.368020459195,39056.058639307,39663.32177970344,40052.72028432685,40374.968403199964,40743.70582667708,earthquake_m7_5
Canóvanas,East,2027,37497.57494483788,37803.30955230387,38279.01009873695,38711.50269927664,39125.25304296468,39669.946803634855,39917.92400410579,earthquake_m7_5
Canóvanas,East,2028,36688.86466768153,36982.100312590446,37419.55410719964,38021.39140560168,38681.63513408817,39155.48416990819,39478.5934461896,earthquake_m7_5
Canóvanas,East,2029,35793.71745170899,36066.585434401,36753.550686976334,37373.41609517725,38030.274193905854,38580.80429742678,38852.688174134455,earthquake_m7_5
Canóvanas,East,2030,34999.098011709444,35372.243447784385,36065.76817527004,36686.193289160634,37304.80825507268,37958.61603908729,38244.69833415221,earthquake_m7_5
Carolina,Metro,2025,146748.91249770072,147778.5115608116,148996.2665421443,150333.93928504776,151316.6069063657,152731.0479054087,153420.6774358893,earthquake_m7_5
Carolina,Metro,2026,141227.79898455128,142219.33081878026,143863.11619617755,145571.79244757607,147103.2098661898,148863.2949019384,149882.86294674044,earthquake_m7_5
Carolina,Metro,2027,138415.604166204,139397.66648494848,141554.21916128154,143203.8373965125,145330.00477106465,146871.3458622553,147902.26301994154,earthquake_m7_5
Carolina,Metro,2028,136589.67037948684,138001.292556026,139807.46487729484,141978.59692446768,143890.9196719144,146070.60968910446,147068.90242173255,earthquake_m7_5
Carolina,Metro,2029,134718.51217260543,135946.8631416173,137468.15180117215,139722.1562103543,142387.82689674714,144685.8270253278,145625.90460320946,earthquake_m7_5
Carolina,Metro,2030,132805.55058743007,133969.34972580435,135482.98508224895,137630.4847498429,140612.5908294889,142694.52540264817,144197.36206370255,earthquake_m7_5
Cataño,Metro,2025,21998.911237557335,22043.791495724927,22151.6355373972,22243.68241931472,22340.49699507749,22499.317693756613,22560.290971736387,earthquake_m7_5
Cataño,Metro,2026,21366.78612828414,21442.265198498422,21562.7729106508,21678.171565099023,21819.551214995987,22000.92678573019,22141.726536686914,earthquake_m7_5
Cataño,Metro,2027,20900.80389254273,20994.815639615215,21154.990322614853,21345.35246359735,21516.391161870237,21656.351517530176,21726.901852520037,earthquake_m7_5
Cataño,Metro,2028,20591.10935216729,20716.617426552828,20900.14429234536,21101.765474222317,21236.977946609437,21467.288937101377,21597.696878618055,earthquake_m7_5
Cataño,Metro,2029,20291.832197266638,20430.843575130126,20640.48274562342,20853.170290947815,21042.000936531065,21250.693130053696,21319.849553824748,earthquake_m7_5
Cataño,Metro,2030,20013.185548418136,20108.429681660382,20330.14033365987,20557.37442834564,20764.459551404267,20924.30715045043,21052.133143390227,earthquake_m7_5
Cayey,Central Mountains,2025,40123.510412300035,40225.04048408454,40391.6891467282,40602.26268165936,40789.963167769674,40950.0991326669,41048.391610684455,earthquake_m7_5
Cayey,Central Mountains,2026,38617.575672798695,38809.25313250328,39032.906662352434,39408.566994477806,39653.891376062515,39949.886451016326,40112.54437601366,earthquake_m7_5
Cayey,Central Mountains,2027,37929.259486493225,38062.89496221825,38373.61576373784,38711.957921943205,39104.44877601578,39336.441620765116,39443.55124108061,earthquake_m7_5
Cayey,Central Mountains,2028,37489.469837462806,37664.04128933874,38052.3049401373,38323.94215859349,38708.91245650477,39069.03980841919,39323.8354957899,earthquake_m7_5
Cayey,Central Mountains,2029,37068.39883362955,37160.53490532979,37562.288269284545,37964.253741322085,38408.78178729058,38792.10163502896,38860.13705590172,earthquake_m7_5
Cayey,Central Mountains,2030,36454.772249664195,36751.78171996996,37083.144417563475,37527.209168648624,37887.11313388528,38239.061331107565,38528.01975665869,earthquake_m7_5
Ceiba,East,2025,10611.294753033979,10663.28402530943,10722.685248414493,10816.456140092669,10934.289946323755,10994.155091644974,11047.664939396627,earthquake_m7_5
Ceiba,East,2026,10252.543166499545,10306.989420773787,10389.577115951832,10497.709911753032,10607.790055429194,10703.542550095699,10787.74625671998,earthquake_m7_5
Ceiba,East,2027,9928.998529380317,9995.619355270535,10134.31640258095,10283.026457033448,10407.262301918781,10519.02273558648,10589.861577467838,earthquake_m7_5
Ceiba,East,2028,9708.431657002426,9809.485567185986,9939.701666667825,10083.791350343705,10222.66974707726,10339.921975064348,10401.133362939405,earthquake_m7_5
Ceiba,East,2029,9518.71391237414,9589.715194106446,9758.19519962736,9902.612370790972,10045.299002654105,10186.186115255765,10235.843256433254,earthquake_m7_5
Ceiba,East,2030,9381.288663294601,9451.45615371724,9573.612639277733,9760.446885539917,9882.960069749013,10056.5742042429,10133.21762372717,earthquake_m7_5
Ciales,Central Mountains,2025,16133.005402349192,16242.74572120339,16382.143144976217,16559.75485812094,16746.589209592345,16930.955547310372,17005.148284110994,earthquake_m7_5
Ciales,Central Mountains,2026,15583.581959989653,15653.330038001066,15880.793568873009,16105.915643892402,16342.208445458733,16573.110282181697,16743.192695836868,earthquake_m7_5
Ciales,Central Mountains,2027,15376.61430297189,15541.660789453872,15710.985671933544,15956.653848164216,16163.246075496158,16365.67134909734,16496.16527104058,earthquake_m7_5
Ciales,Central Mountains,2028,15121.434979221734,15283.88383858847,15530.977479583999,15771.61476590706,16027.268570887225,16268.179044318096,16476.686280071037,earthquake_m7_5
Ciales,Central Mountains,2029,14919.794491753903,15004.375582168695,15290.773993039884,15530.209995556348,15878.456292462717,16122.888198596216,16385.614127106102,earthquake_m7_5
Ciales,Central Mountains,2030,14774.368180240412,14826.824165282791,15085.123560495083,15408.197437040086,15751.685068841454,15981.596098763166,16308.52946196606,earthquake_m7_5
Cidra,Central Mountains,2025,38514.16012392247,38587.05326450741,38782.156099838,39079.60760328364,39416.57202998348,39635.47457147797,39782.17892321644,earthquake_m7_5
Cidra,Central Mountains,2026,37250.97647233807,37380.691940250224,37605.82575924722,38000.419156403135,38319.1708553253,38712.95045130821,38865.31927884587,earthquake_m7_5
Cidra,Central Mountains,2027,36391.63376798327,36658.37954327121,36985.91945580102,37430.07179193407,37878.20345807603,38257.70988227662,38419.51101804747,earthquake_m7_5
Cidra,Central Mountains,2028,35930.84016323872,36255.979128966326,36567.48310683406,37053.506698030535,37545.177266440696,38035.391002851924,38274.34695438138,earthquake_m7_5
Cidra,Central Mountains,2029,35536.30521915699,35710.82873782764,36127.62334324465,36691.82654202732,37213.21224982914,37600.54132402897,37978.250622671614,earthquake_m7_5
Cidra,Central Mountains,2030,34900.756239336704,35175.350625748164,35676.34106100491,36209.19802880179,36850.26802809007,37277.2550400413,37505.286284984744,earthquake_m7_5
Coamo,South,2025,32613.927582824184,32868.95558617684,33167.05281399856,33549.70443541995,33933.94805267754,34239.12043342015,34433.31599766958,earthquake_m7_5
Coamo,South,2026,31178.644804636202,31396.14150387352,31908.374090036265,32390.41433328218,33201.845591257355,33706.74344640881,33894.88009119278,earthquake_m7_5
Coamo,South,2027,30418.516267167855,30691.3293555448,31142.398489803218,31735.31964600194,32518.266547963845,32994.53685675805,33258.45937808081,earthquake_m7_5
Coamo,South,2028,29707.352846492395,29890.58221277249,30541.332930876055,31216.89503929909,31928.8435601899,32574.75248738953,32909.71283656061,earthquake_m7_5
Coamo,South,2029,29014.830260838586,29297.813536511014,30026.237818201276,30848.278800953645,31564.546224014728,32450.468926919093,32924.06214198381,earthquake_m7_5
Coamo,South,2030,28357.122342921713,28769.7138706086,29422.68591457907,30290.944702861794,31011.38834223096,31839.979657209456,32153.2551469155,earthquake_m7_5
Comerío,Central Mountains,2025,18255.413316191298,18314.044378393286,18401.834395213133,18484.357896412646,18590.74786628053,18657.79925596812,18690.436203027537,earthquake_m7_5
Comerío,Central Mountains,2026,17620.480191504175,17718.93055141298,17829.499137168103,17964.25136884074,18061.401257056077,18145.26922961944,18198.25661404023,earthquake_m7_5
Comerío,Central Mountains,2027,17359.60614571725,17462.386498718475,17557.589929660313,17691.64959911832,17822.140669403536,17933.729826343664,17992.303935062017,earthquake_m7_5
Comerío,Central Mountains,2028,17159.6223331288,17256.445686385076,17368.012870776416,17528.831891735106,17645.94404480223,17784.22937933286,17841.882173625392,earthquake_m7_5
Comerío,Central Mountains,2029,16902.6571814205,17012.697680341964,17174.953346076865,17342.965081562957,17502.59516539173,17636.93047337222,17712.506902241643,earthquake_m7_5
Comerío,Central Mountains,2030,16712.608050962535,16798.65665685534,16950.528058760705,17174.588317006433,17308.465050610972,17484.4804755308,17598.051806086907,earthquake_m7_5
Corozal,Central Mountains,2025,33224.38262526137,33432.3831573025,33667.45013591847,33951.642311850395,34244.54648060819,34533.19766454349,34691.99823061352,earthquake_m7_5
Corozal,Central Mountains,2026,32110.28051715562,32307.857859112486,32696.39373744779,33094.58599560711,33452.28449641368,33746.42627047209,33974.60079764728,earthquake_m7_5
Corozal,Central Mountains,2027,31491.1453001221,31726.709214618008,32090.24278811383,32634.594763642832,33068.42037456256,33466.403166431905,33710.0863455572,earthquake_m7_5
Corozal,Central Mountains,2028,30908.620626239473,31158.40693345485,31757.090509204874,32187.295666334496,32688.893415931143,33119.800724514855,33307.871394152746,earthquake_m7_5
Corozal,Central Mountains,2029,30501.65023195311,30765.34976266249,31244.01192274586,31912.915594634454,32397.601140280603,32837.30645419567,32999.35940091362,earthquake_m7_5
Corozal,Central Mountains,2030,30074.533070455225,30349.5365532731,30942.429016549417,31540.676539602136,32108.240435618518,32626.15669208997,32812.77733013964,earthquake_m7_5
Culebra,East,2025,1278.9998182188813,1296.7436140672064,1326.2117664795533,1356.874857384863,1384.4458297787683,1406.6313891731963,1421.4508641288658,earthquake_m7_5
Culebra,East,2026,1205.7483565807458,1216.164574498081,1258.152947375058,1300.4663088583172,1341.1272989828808,1363.6508355265744,1390.7091777051435,earthquake_m7_5
Culebra,East,2027,1148.0611656023084,1172.09887841218,1207.4487239274442,1258.7866952119568,1306.4075998281896,1350.2372641793045,1383.909776032732,earthquake_m7_5
Culebra,East,2028,1098.398412439885,1130.9586315049194,1167.674294842524,1221.9971930094553,1272.46332931766,1320.9063387597878,1369.9360979124033,earthquake_m7_5
Culebra,East,2029,1066.462758768785,1083.3539180448088,1128.7102008468837,1187.0452464797418,1255.9564868013326,1308.8184140725266,1331.2645035968808,earthquake_m7_5
Culebra,East,2030,1021.3859767316392,1049.7770453926648,1092.8620570337357,1151.3336986849126,1217.3551916311274,1267.8313271008947,1309.8044043905306,earthquake_m7_5
Dorado,North,2025,34857.34845169642,34992.39335508853,35168.896626911664,35362.59128702701,35572.11197991376,35773.57305940753,35910.57734000441,earthquake_m7_5
Dorado,North,2026,33847.00389835692,33973.956419659145,34210.09451947634,34484.31438349298,34710.284691528956,34929.254715758485,35028.432944911496,earthquake_m7_5
Dorado,North,2027,33247.87462002124,33418.79154491525,33710.22790823054,34006.75963747116,34278.59745067194,34533.87272344584,34683.7349166818,earthquake_m7_5
Dorado,North,2028,32800.321824850726,32981.270164697875,33252.15150202678,33621.30734926929,33970.69941642058,34233.710933951086,34398.493918956476,earthquake_m7_5
Dorado,North,2029,32425.111951993702,32580.953450218294,32942.50660787182,33247.22383257748,33677.643734460755,33912.84923537421,34095.65022462567,earthquake_m7_5
Dorado,North,2030,31817.946794701358,32197.12596207658,32534.00701130587,32873.69360864618,33211.75542229019,33542.75988798342,33732.04136434139,earthquake_m7_5
Fajardo,East,2025,30089.86943078323,30292.13371504147,30644.175778434204,31004.808132892897,31360.43496813704,31708.714463139626,31944.934470009437,earthquake_m7_5
Fajardo,East,2026,28671.26444490877,28865.124523413117,29387.335366256724,29983.89900102479,30434.597302906466,30858.37359401037,31172.329048280393,earthquake_m7_5
Fajardo,East,2027,27827.264392825105,28084.925813622405,28516.643675855583,29214.580706496956,29788.043628530708,30167.932517198326,30599.72248458064,earthquake_m7_5
Fajardo,East,2028,27089.215880622338,27378.374249304965,27719.044766739346,28679.088876419584,29417.8733289069,29914.001458018676,30343.97347909309,earthquake_m7_5
Fajardo,East,2029,26521.642257522613,26732.881751939767,27325.774366212863,28067.274118481168,28898.159421614142,29662.91812067416,30155.83534360544,earthquake_m7_5
Fajardo,East,2030,25861.550607196605,26122.070987170482,26729.651438085555,27692.827130027094,28399.272448561722,28959.260993555115,29512.452457657477,earthquake_m7_5
Florida,North,2025,11183.929324882556,11225.497170516479,11290.582982601483,11366.342971038133,11447.528521562934,11515.359881614808,11537.905805831524,earthquake_m7_5
Florida,North,2026,10879.765819702254,10918.19086552642,11017.003446217634,11102.129202846358,11180.532309915085,11256.601113488292,11303.966192204256,earthquake_m7_5
Florida,North,2027,10695.88265352013,10767.172803062967,10856.229837647406,10981.78286872392,11066.595510559895,11155.678231077387,11237.3373496992,earthquake_m7_5
Florida,North,2028,10520.844082275506,10605.373606597517,10704.062484000366,10837.404995341367,10934.719767608802,11050.40128887375,11114.967582952226,earthquake_m7_5
Florida,North,2029,10376.989409927934,10471.77431377051,10575.974815696776,10682.701371302468,10829.510293435487,10932.786618410488,10998.223008369041,earthquake_m7_5
Florida,North,2030,10273.005136142876,10321.78861771147,10450.214001751883,10590.864098686365,10722.376124283135,10818.632658587363,10873.583002256828,earthquake_m7_5
Guayama,South,2025,33958.48414229087,34104.19430911521,34474.14886496928,34813.17476723128,35062.17474623871,35371.101464712876,35516.82561056917,earthquake_m7_5
Guayama,South,2026,32725.364128119407,32875.83119366876,33230.12907669062,33608.61527448577,34085.14683105303,34423.93269493471,34611.58404332552,earthquake_m7_5
Guayama,South,2027,31601.209446484743,32007.26510361696,32447.032947105043,32878.45094745452,33424.51234721747,33825.507659776784,34075.72691920219,earthquake_m7_5
Guayama,South,2028,31000.101636505355,31242.38238317227,31820.77093947821,32268.014206570733,32782.38955368674,33353.18892525225,33761.74983434599,earthquake_m7_5
Guayama,South,2029,30494.73561268497,30657.191141491876,31121.017396759406,31694.92978848992,32231.74976265399,32889.532724592405,33276.93109684136,earthquake_m7_5
Guayama,South,2030,29519.703505727037,29712.421609701658,30563.063059577238,31190.19250688792,31856.95039286037,32465.595941136868,32910.36410161097,earthquake_m7_5
Guayanilla,South,2025,16715.935383740176,16775.02823988325,16864.22093278034,16961.14045702135,17032.157577180587,17139.382458508877,17174.538505189917,earthquake_m7_5
Guayanilla,South,2026,16121.185657612421,16189.68378253447,16291.00872687795,16439.324204769146,16569.886183463925,16699.422514684193,16731.95792358148,earthquake_m7_5
Guayanilla,South,2027,15774.799553882802,15835.1865251854,15984.673824090578,16127.385502047091,16271.828955419245,16408.60057451285,16450.83004719434,earthquake_m7_5
Guayanilla,South,2028,15486.113434966768,15558.054326474492,15739.16906091386,15886.604487870904,16045.10231017474,16253.695599765964,16322.897682294973,earthquake_m7_5
Guayanilla,South,2029,15267.72295451623,15356.836524450904,15536.555503852593,15695.796367079882,15856.638980122774,16138.22129229834,16206.089508559882,earthquake_m7_5
Guayanilla,South,2030,15007.605936758617,15103.499341239723,15304.309211041944,15468.408862507586,15649.184426113872,15931.516912004636,16004.621246769753,earthquake_m7_5
Guaynabo,Metro,2025,85617.12496546085,86096.05646835004,86977.77841826662,87820.18419776099,88719.1455319176,89449.20631247375,89999.60435184343,earthquake_m7_5
Guaynabo,Metro,2026,82564.56998604386,83214.90399757467,84117.60039679203,85245.7510909489,86458.24989949672,87446.34092064903,88172.18002293142,earthquake_m7_5
Guaynabo,Metro,2027,80998.68047764096,81870.52711245844,82998.29418302751,84149.32054689554,85226.39416381106,86321.35572524717,87216.81486540778,earthquake_m7_5
Guaynabo,Metro,2028,79629.99846764414,80460.48008953362,81739.23581955994,83202.47517262184,84348.96198678167,86038.97790470139,86534.85293100224,earthquake_m7_5
Guaynabo,Metro,2029,78389.77615337548,79296.89621421718,80728.79455904254,82055.82647605268,83892.16793645808,85340.00461432373,86246.71671633756,earthquake_m7_5
Guaynabo,Metro,2030,77044.37122143054,77939.01356912126,79691.47855792685,80907.09678902983,82785.34288984867,84608.62531043481,85512.3315159955,earthquake_m7_5
Gurabo,East,2025,37934.28657548961,38136.91291131641,38783.37400796209,39334.82649935342,40053.90743364339,40541.44267354821,40931.808360350224,earthquake_m7_5
Gurabo,East,2026,36049.85377426765,36536.551389882436,37346.58788292136,38119.96293712685,38940.84832699085,39447.45161604908,39931.82488591951,earthquake_m7_5
Gurabo,East,2027,34892.7778883624,35317.252385768355,36027.78247334501,37136.51278417889,38075.057416065465,38961.29131074321,39360.40848738191,earthquake_m7_5
Gurabo,East,2028,33801.449484278615,34218.79767862374,35443.609989814155,36539.510067225165,37514.3180260098,38750.343154272625,39020.94631898925,earthquake_m7_5
Gurabo,East,2029,32844.49632197204,33564.401535881414,34648.967760347114,35823.511420447074,37050.39004944216,38141.32130553279,38953.63362060531,earthquake_m7_5
Gurabo,East,2030,31956.607081047365,32622.14743093171,33820.539634591,35023.52425752946,36382.050211737944,37526.75348033209,38765.58957114134,earthquake_m7_5
Guánica,West,2025,12310.371981985603,12365.28706030717,12475.70064482638,12582.65425433823,12718.668892701995,12827.125232543594,12866.284941279479,earthquake_m7_5
Guánica,West,2026,11703.64849252765,11791.822802543575,11934.832085904764,12107.520343918073,12251.477405753621,12371.14408574013,12452.54308491495,earthquake_m7_5
Guánica,West,2027,11257.98221293467,11367.467241504126,11573.571858193873,11735.366795176695,11948.476281145005,12136.335430327252,12261.0096523096,earthquake_m7_5
Guánica,West,2028,10840.318864578905,10999.81581253602,11224.29709704022,11473.034044225704,11687.464155099206,11938.227859675071,12017.78588016502,earthquake_m7_5
Guánica,West,2029,10581.163758510585,10717.599122683374,11024.311138484094,11234.165210140161,11465.946178035369,11692.239009522185,11861.673577756408,earthquake_m7_5
Guánica,West,2030,10378.88083269289,10500.242949157288,10743.569399105409,11006.35759483001,11265.728939806217,11506.471205954038,11689.86459845868,earthquake_m7_5
Hatillo,North,2025,37206.985802077426,37296.75569875021,37544.05221521055,37753.27856999585,37981.125038514496,38175.268791641545,38259.038101009464,earthquake_m7_5
Hatillo,North,2026,36026.75378346217,36239.81881864239,36536.4827014796,36796.38330246751,37097.1682593596,37334.718173925285,37485.77642608555,earthquake_m7_5
Hatillo,North,2027,35658.32744623815,35854.375122299745,36107.075380408285,36392.880837028206,36763.9022562558,37009.751160755586,37159.881924015725,earthquake_m7_5
Hatillo,North,2028,35176.60265975724,35297.69839304984,35712.24070026713,36013.226335090454,36310.793249079165,36647.999511287926,36753.01932451968,earthquake_m7_5
Hatillo,North,2029,34670.807267517404,34806.60202813478,35182.58558227368,35578.710577177786,35977.436253038664,36288.922912608075,36505.739538361006,earthquake_m7_5
Hatillo,North,2030,34072.4107103541,34336.896201373704,34781.38983273289,35196.720503609584,35541.114747129934,35978.57676007166,36259.94389054763,earthquake_m7_5
Hormigueros,West,2025,15117.38433172677,15152.563110172725,15205.75123677928,15286.807215547535,15358.561396750953,15427.76030641406,15469.882317884381,earthquake_m7_5
Hormigueros,West,2026,14591.946778771773,14634.550647546326,14732.793484558253,14828.55014351489,14946.271186464948,15026.066650258617,15087.99786174669,earthquake_m7_5
Hormigueros,West,2027,14422.15612185714,14475.82964133806,14578.076049962823,14677.833621522388,14768.548319783238,14877.176174652928,14937.351580708431,earthquake_m7_5
Hormigueros,West,2028,14263.450257216842,14373.185993000014,14476.23424167143,14566.78601851411,14715.221496877337,14797.248980679551,14845.44561991621,earthquake_m7_5
Hormigueros,West,2029,14059.127818670184,14101.460149398075,14255.587923395531,14386.885641071141,14537.982315162983,14651.540672261386,14712.9560497187,earthquake_m7_5
Hormigueros,West,2030,13878.039114431775,13913.912011691624,14027.320172771182,14178.066554662804,14315.728958460517,14446.183318645168,14497.595770995602,earthquake_m7_5
Humacao,East,2025,48490.064209684046,48620.07183059642,48904.754653653115,49218.96231087946,49465.50118317253,49660.3679319261,49867.45877034687,earthquake_m7_5
Humacao,East,2026,46727.65116563715,46907.68350612008,47206.90939140521,47506.80461598854,47836.0133957357,48104.40791761609,48356.72805146897,earthquake_m7_5
Humacao,East,2027,45535.749865745325,45781.70388806946,46116.454314604336,46460.28720865784,46924.78362279484,47195.948242134786,47392.00361902167,earthquake_m7_5
Humacao,East,2028,44696.17224061575,44888.76045807522,45266.46053918536,45678.96786385032,46070.59619960842,46489.02535835828,46704.058257704484,earthquake_m7_5
Humacao,East,2029,43944.25281608935,44185.35588254959,44474.013785748306,44991.13376827241,45478.44704611653,45932.71096066037,46266.533015023175,earthquake_m7_5
Humacao,East,2030,43202.01571788077,43436.561934908015,43837.29961277703,44301.80045384905,44769.043776229315,45187.76983630813,45498.2377932197,earthquake_m7_5
Isabela,West,2025,41230.020598778996,41474.71505150764,41847.179939305104,42254.049877816025,42698.047343864884,43143.12544561019,43353.94979697464,earthquake_m7_5
Isabela,West,2026,39733.729930967755,40178.562248745635,40598.59980468073,41043.04947819744,41592.06906411618,42147.6461148423,42406.44148974844,earthquake_m7_5
Isabela,West,2027,39288.28807695062,39607.4638296937,40070.65507169469,40644.84706725614,41155.08107800874,41684.46421244795,41981.75767329921,earthquake_m7_5
Isabela,West,2028,38590.00055001319,38901.57308235619,39462.14286521342,40199.329079604155,40762.12341557081,41361.90942451647,41706.53944588593,earthquake_m7_5
Isabela,West,2029,37991.30618403861,38375.45659384024,38871.73562375727,39547.56616676142,40216.95797877044,40860.31431707603,41190.98197150156,earthquake_m7_5
Isabela,West,2030,37409.42490502492,37793.179808346234,38468.30285730962,39026.90398453778,39719.311997680954,40547.27058037879,41012.32915142488,earthquake_m7_5
Jayuya,Central Mountains,2025,14112.56980658328,14179.404295829163,14280.77003956557,14423.223219206215,14564.077789650913,14699.956295011776,14789.313949899237,earthquake_m7_5
Jayuya,Central Mountains,2026,13670.789059883311,13744.041446713876,13866.57365625498,14046.534106072942,14219.547814908894,14389.690905257257,14532.086818753023,earthquake_m7_5
Jayuya,Central Mountains,2027,13461.450189996058,13531.479753035908,13712.731156023456,13916.024185703416,14052.951660775376,14245.734246347885,14349.112039011563,earthquake_m7_5
Jayuya,Central Mountains,2028,13280.67460738589,13327.053819933382,13565.361764122075,13761.359499911508,13951.061748591681,14174.189256737682,14307.449852536163,earthquake_m7_5
Jayuya,Central Mountains,2029,13138.356414699128,13195.666398337182,13361.981878977367,13606.190377334304,13880.168008939474,14074.392058051055,14187.063347037672,earthquake_m7_5
Jayuya,Central Mountains,2030,12938.345342269424,13078.389937908643,13190.479632732968,13423.419538625161,13671.525802500026,13927.491479304776,14042.385917553609,earthquake_m7_5
Juana Díaz,South,2025,44727.62423388763,44884.90731818563,45142.74384583191,45512.9864588457,45901.910190782306,46233.31069046999,46356.28894544857,earthquake_m7_5
Juana Díaz,South,2026,43006.68632496728,43187.87196498337,43574.6235727515,44124.342971929116,44613.365329108245,45029.702601492936,45281.17510884107,earthquake_m7_5
Juana Díaz,South,2027,41894.761410354724,42171.87802161851,42624.78491127021,43185.69224083819,43844.61549964,44345.44132105815,44621.68991709678,earthquake_m7_5
Juana Díaz,South,2028,41019.04844742859,41358.79512296097,41928.97043783119,42536.147532959905,43131.874808297514,43695.01418761089,44173.91448639771,earthquake_m7_5
Juana Díaz,South,2029,40271.76848684186,40582.32990797498,41262.520505691835,41838.93597956037,42564.77618879793,43272.96642453472,43542.66651387684,earthquake_m7_5
Juana Díaz,South,2030,39493.94247165408,39880.009212820674,40512.768251341855,41330.450745720475,41984.13106312667,42526.5320289961,42758.723216532584,earthquake_m7_5
Juncos,East,2025,35633.51152528708,35750.23057646033,35916.06804071413,36151.366179231045,36395.04418636511,36572.00203632505,36657.24045969214,earthquake_m7_5
Juncos,East,2026,34177.576378552956,34353.54708113665,34588.945023081265,34869.34050117078,35188.775801460826,35415.15260012062,35536.00466889282,earthquake_m7_5
Juncos,East,2027,33104.19144421725,33355.369265204754,33690.22426067749,34099.005520509105,34401.28152410622,34734.82405256472,34897.03022566688,earthquake_m7_5
Juncos,East,2028,32384.778313772877,32549.38502138925,32934.07464898273,33425.81195271258,33832.19761104786,34218.076736118266,34343.511460091446,earthquake_m7_5
Juncos,East,2029,31859.179669795867,32033.133456649903,32419.410947334898,32862.64553591808,33281.22201546299,33544.74350977158,33767.37721606,earthquake_m7_5
Juncos,East,2030,31196.716254393814,31461.808151075198,31901.592989801986,32315.05224968501,32729.909541564688,33090.75365474936,33258.228075907406,earthquake_m7_5
Lajas,West,2025,22203.378608346582,22367.960906473927,22594.60235133339,22818.905719135877,23019.01197062141,23161.85703765329,23350.35445863706,earthquake_m7_5
Lajas,West,2026,21527.645081210147,21642.846217648403,21893.781707144753,22188.72315221076,22422.955646698294,22730.977316024833,22843.03440418563,earthquake_m7_5
Lajas,West,2027,21353.718614368576,21483.00112537887,21673.550412063072,21915.046851817446,22255.62305440609,22543.425320444487,22641.791013933773,earthquake_m7_5
Lajas,West,2028,21031.675069987232,21151.70612550996,21486.313032303973,21829.579872326107,22122.12489258023,22393.09524173717,22550.774078062175,earthquake_m7_5
Lajas,West,2029,20859.986426336545,20958.058533144795,21164.98860140989,21546.293589572553,21994.168975555855,22295.14681692639,22540.976145560082,earthquake_m7_5
Lajas,West,2030,20473.696910819246,20648.843961168437,20922.905827496834,21283.23855994529,21702.450593575395,22027.833755729796,22366.061714555595,earthquake_m7_5
Lares,Central Mountains,2025,26292.602669847158,26481.22803609562,26926.634506833187,27415.747398422587,27977.551495197833,28523.923628846598,28699.88186086649,earthquake_m7_5
Lares,Central Mountains,2026,24945.072759988765,25204.225677564722,25914.849719740843,26757.52322772823,27493.317916637807,27894.674623971485,28333.667916280563,earthquake_m7_5
Lares,Central Mountains,2027,24573.015618437013,24750.897365444187,25481.87026965276,26308.10032954272,27072.945249268567,27733.8946025652,28225.352741484792,earthquake_m7_5
Lares,Central Mountains,2028,23988.99700490561,24417.128352048123,25156.091035651858,26045.368925748415,26781.616457621847,27509.00642491221,28132.598544189983,earthquake_m7_5
Lares,Central Mountains,2029,23361.750472253447,23819.92903007602,24875.44912607853,25760.55057129593,26665.191983826364,27536.576836057153,28012.61942945683,earthquake_m7_5
Lares,Central Mountains,2030,23061.152519981963,23350.553979225286,24428.837749461676,25574.062952546094,26555.415718144424,27340.874958442295,27713.087421942775,earthquake_m7_5
Las Marías,West,2025,8333.874799257335,8386.642057585726,8490.176821279958,8605.347670742329,8732.203848311347,8852.022717829588,8905.237969854494,earthquake_m7_5
Las Marías,West,2026,7966.590915699056,8096.044448737416,8221.052708355795,8403.777894350726,8563.178042828642,8685.619321900635,8709.130115638249,earthquake_m7_5
Las Marías,West,2027,7861.557641287272,7963.602417714992,8122.7354075861795,8304.216521398048,8474.506104955442,8637.84629444433,8738.744300842585,earthquake_m7_5
Las Marías,West,2028,7705.197634246114,7853.624982430801,8026.553389962885,8242.485514573127,8423.80560098813,8595.575745736713,8695.030241791857,earthquake_m7_5
Las Marías,West,2029,7509.214181887009,7655.0807334959945,7855.770604338533,8116.331950687274,8333.923245244398,8527.764740527582,8634.414711919915,earthquake_m7_5
Las Marías,West,2030,7423.870398853825,7527.728057431131,7728.377456503275,7987.409316861081,8277.87255669028,8483.570064342663,8548.171776140156,earthquake_m7_5
Las Piedras,East,2025,33650.10821702507,33743.1153425884,34009.68656310058,34264.97399197427,34553.41914748155,34793.819278760595,34895.15982266283,earthquake_m7_5
Las Piedras,East,2026,32220.670744495314,32360.05442779436,32654.257139394453,33016.51120527723,33429.56257881313,33815.128163111796,34020.871004378525,earthquake_m7_5
Las Piedras,East,2027,31310.283981017103,31483.970225414854,31817.0590750097,32233.248563568817,32752.64676699574,33052.54240883834,33183.750896999365,earthquake_m7_5
Las Piedras,East,2028,30514.95567075787,30755.75413805076,31264.04228618698,31700.151293395687,32191.56929585124,32609.66265395252,32837.45280107726,earthquake_m7_5
Las Piedras,East,2029,29993.14799793671,30286.48791320442,30682.617728344678,31188.822951802544,31650.72293942218,32143.894459924093,32409.40695536723,earthquake_m7_5
Las Piedras,East,2030,29552.266695888353,29710.207270162296,30105.548207135864,30648.092520317085,31139.727200058045,31794.951937584403,32003.51597283872,earthquake_m7_5
Loíza,East,2025,22097.761576118413,22135.43847926667,22248.729908106412,22387.895217853125,22511.362648708146,22645.61738848279,22690.678208450452,earthquake_m7_5
Loíza,East,2026,21254.914023982972,21357.646291738656,21506.15814871293,21701.472672548603,21838.063552770513,21979.317216791358,22060.684436584732,earthquake_m7_5
Loíza,East,2027,20741.471306820487,20840.204977790738,20983.71304064929,21191.284960381396,21337.93062376322,21460.05252977267,21613.74630534512,earthquake_m7_5
Loíza,East,2028,20196.889449153983,20314.706323507467,20509.86446011495,20761.5018500417,20937.47165928616,21087.468588793443,21135.86097205269,earthquake_m7_5
Loíza,East,2029,19795.621855073714,19899.85293040009,20144.796326401585,20403.348254537003,20620.799855500096,20801.182919048097,20864.274724797226,earthquake_m7_5
Loíza,East,2030,19388.384261611394,19559.554694016406,19781.284387146166,20030.19528199901,20258.935831236264,20480.423018156056,20548.42537805988,earthquake_m7_5
Luquillo,East,2025,16952.336080236502,17019.975673879755,17125.346903247435,17206.789186400118,17296.59431803035,17382.113146714342,17428.559677915353,earthquake_m7_5
Luquillo,East,2026,16272.614489989153,16381.508736831263,16485.39418481904,16631.503747681556,16751.5268976425,16830.803661770624,16897.915412639486,earthquake_m7_5
Luquillo,East,2027,15929.564137013736,16007.9941551061,16125.371951509322,16277.691463695339,16408.01393326689,16502.1256646652,16590.33446741451,earthquake_m7_5
Luquillo,East,2028,15599.333127581303,15645.929168837953,15831.748417580708,15955.53268502788,16134.614336986962,16291.785534519173,16393.335931982216,earthquake_m7_5
Luquillo,East,2029,15279.425506770558,15382.796505561793,15536.623771614111,15714.277343876947,15899.4232857863,16092.47627779227,16199.436691401583,earthquake_m7_5
Luquillo,East,2030,15022.43330861222,15105.828857048577,15283.437579685327,15454.069092820931,15677.9593915006,15822.586325165032,15956.41207098735,earthquake_m7_5
Manatí,North,2025,37773.867345785846,37963.90171831635,38159.28781532665,38537.3719951306,38806.23117168403,39180.626234811054,39357.66689249581,earthquake_m7_5
Manatí,North,2026,36626.478519653836,36862.199439291806,37174.26662421538,37510.35637693812,37960.39229504236,38335.442616340995,38479.080105549074,earthquake_m7_5
Manatí,North,2027,35902.70664505769,36140.528923967315,36571.68944084392,37006.44324925297,37619.352325304026,37962.06595814737,38272.389887915204,earthquake_m7_5
Manatí,North,2028,35414.450020084776,35666.841863890324,36100.106807708675,36609.12601287686,37227.23001007368,37666.38965541821,38033.441918117285,earthquake_m7_5
Manatí,North,2029,34848.43127749668,35254.902127653666,35665.00963382059,36296.86950908817,36830.722944323024,37377.72065634676,37692.13468020705,earthquake_m7_5
Manatí,North,2030,34400.21199845509,34649.867583806736,35297.335968069376,35910.99265873033,36497.408285112004,37236.8490292704,37516.928932431016,earthquake_m7_5
Maricao,West,2025,4803.0365533225595,4825.477172979262,4885.911823621721,4939.167185219767,5002.9595994553365,5079.8802278211415,5115.00626382426,earthquake_m7_5
Maricao,West,2026,4656.343337616361,4721.323553846914,4792.059206297881,4863.0136153628,4956.398216217762,5009.0245223703105,5045.3548271834525,earthquake_m7_5
Maricao,West,2027,4540.612965156455,4617.573260518442,4697.776077721403,4792.002576568335,4878.3444802000595,4959.617522963897,5009.724480860075,earthquake_m7_5
Maricao,West,2028,4472.886406149053,4565.755525790934,4661.0349607349835,4759.798608733311,4840.679493017858,4957.005861120872,4997.0859760741805,earthquake_m7_5
Maricao,West,2029,4400.8468374404965,4485.789457752582,4597.60620291502,4715.948987219234,4821.978153679194,4922.211961019695,5010.326383405893,earthquake_m7_5
Maricao,West,2030,4358.536156510672,4453.857597412025,4538.276842234564,4648.198437491621,4797.453311263814,4890.229177893788,4966.163827699156,earthquake_m7_5
Maunabo,East,2025,10040.49732420768,10084.310990670798,10148.323332138305,10213.866094610348,10281.096004785548,10339.856580069985,10381.487362379974,earthquake_m7_5
Maunabo,East,2026,9621.090349624272,9674.432385231095,9780.352672048386,9873.962174073708,9967.192262604742,10028.543206439557,10058.68262099169,earthquake_m7_5
Maunabo,East,2027,9387.129466636448,9439.074406518692,9541.748404296784,9654.668060156186,9751.574820899341,9838.766791456306,9897.84969207854,earthquake_m7_5
Maunabo,East,2028,9186.878355525892,9259.250279716722,9349.713411421142,9441.773430750782,9555.217928270133,9688.618065082184,9732.049547144801,earthquake_m7_5
Maunabo,East,2029,9028.654813136396,9078.621621283797,9175.615198255675,9268.326303044094,9404.9531927858,9535.877383247267,9619.821046336125,earthquake_m7_5
Maunabo,East,2030,8804.319087237067,8892.727895678836,8983.67305732611,9109.23735760173,9254.820484026419,9391.840340722441,9455.115031422112,earthquake_m7_5
Mayagüez,West,2025,69368.51682350803,69668.74270318123,70015.3050957851,70524.2456843624,71009.38850071294,71351.10763679378,71631.44647227386,earthquake_m7_5
Mayagüez,West,2026,67432.99839834467,67730.3858887902,68331.39293010144,68923.1321214003,69719.09512075971,70175.90795889312,70386.11665016437,earthquake_m7_5
Mayagüez,West,2027,66162.19592606463,66666.00021150213,67126.24273187494,67900.47779293699,68535.2082338984,69128.7713238515,69649.8699752975,earthquake_m7_5
Mayagüez,West,2028,65268.32531963722,65822.70044903412,66534.93146028099,67285.62142050316,68051.53504470743,68884.40266208886,69465.90747182569,earthquake_m7_5
Mayagüez,West,2029,64520.37994059417,64892.773968910304,65628.08660055,66574.86325802657,67483.01835904556,68209.92787494812,68819.71800426551,earthquake_m7_5
Mayagüez,West,2030,63420.29212935676,63894.55774315932,64713.59834826343,65708.20493003447,66582.50458115232,67445.15701754276,67715.2633613829,earthquake_m7_5
Moca,West,2025,35907.72955049824,36066.72386081884,36396.5412635275,36862.466045943176,37281.09073219337,37660.345438647615,37822.314093358094,earthquake_m7_5
Moca,West,2026,34676.61926932014,34916.51764641248,35314.01536256015,35828.96851838719,36410.49565216747,36827.50434627571,37044.54121152899,earthquake_m7_5
Moca,West,2027,33993.539219886356,34321.336734401084,34766.78784898605,35460.82062927498,36012.47661799459,36573.653829184535,36885.25809863175,earthquake_m7_5
Moca,West,2028,33418.34861584935,33579.14043106631,34310.228776241755,34841.55838801268,35645.75306890224,36304.93005432245,36512.66233834129,earthquake_m7_5
Moca,West,2029,32850.74036176391,33065.08867222837,33800.924769580364,34542.949614733574,35119.74571025682,35673.491763476435,36157.1026382405,earthquake_m7_5
Moca,West,2030,32378.93374222689,32709.25880897297,33431.13763005862,34068.202570585854,34758.509077661,35481.27015009178,35879.57081001648,earthquake_m7_5
Morovis,Central Mountains,2025,27619.789128907265,27783.072965192852,27956.98398218949,28166.522384710508,28394.402433977273,28600.81809880466,28722.7013137817,earthquake_m7_5
Morovis,Central Mountains,2026,26675.753871222718,26870.8968186283,27121.048906850712,27402.089794234285,27670.06508137093,27899.81213071511,28090.216532930746,earthquake_m7_5
Morovis,Central Mountains,2027,26244.44350999796,26401.718888413692,26694.30343925208,27069.477083591395,27329.318987494906,27619.67536002282,27812.277666944057,earthquake_m7_5
Morovis,Central Mountains,2028,25878.903062284957,26059.597043082296,26382.205889654513,26787.073417469663,27092.83386034149,27511.339565027036,27652.47756120113,earthquake_m7_5
Morovis,Central Mountains,2029,25531.747283776505,25768.18946590094,26112.967952896142,26533.100099296542,26898.95486064033,27297.64184335241,27525.75944626187,earthquake_m7_5
Morovis,Central Mountains,2030,25140.693759654216,25402.034561409862,25760.323962824263,26202.006265445292,26551.287695167997,26992.88685802549,27263.88608678405,earthquake_m7_5
Naguabo,East,2025,21970.22264768587,22142.23390279839,22358.61439377559,22605.229927398534,22908.1087631074,23240.85583896165,23369.267929458743,earthquake_m7_5
Naguabo,East,2026,20966.889651601745,21191.5373539652,21520.217208030674,21860.545710972878,22231.30916839216,22512.38884039068,22725.06855552579,earthquake_m7_5
Naguabo,East,2027,20282.746066355332,20415.358974997613,20942.15923811751,21471.110089424474,21869.148885101287,22168.130629852134,22528.301110562214,earthquake_m7_5
Naguabo,East,2028,19850.935790581454,20115.74598876379,20520.82164298645,21026.296444391497,21539.21124408151,21878.50653557994,22178.403673604476,earthquake_m7_5
Naguabo,East,2029,19305.99788724239,19739.78595092406,20153.737660603543,20663.520836782813,21216.2249409174,21613.906150024093,21960.966050895648,earthquake_m7_5
Naguabo,East,2030,18807.722605030198,19332.369041125137,19787.14132034032,20365.999521081998,20793.398531352086,21216.99548410168,21513.633154287352,earthquake_m7_5
Naranjito,Central Mountains,2025,28169.88452007962,28260.538611101365,28509.18893818482,28834.2570076173,29037.469785886544,29310.443392647925,29447.39846628305,earthquake_m7_5
Naranjito,Central Mountains,2026,27153.323696663272,27367.54677007481,27717.201066446738,27984.268974299994,28295.90858502644,28571.62162058813,28802.029835433907,earthquake_m7_5
Naranjito,Central Mountains,2027,26522.515138843406,26748.08495459643,27159.355299174178,27621.254099412166,28037.469774632384,28292.690044248582,28447.076735150407,earthquake_m7_5
Naranjito,Central Mountains,2028,26183.56053255315,26444.240255624514,26850.070622365063,27258.863455412218,27708.04962590182,28107.062638174066,28358.73520118205,earthquake_m7_5
Naranjito,Central Mountains,2029,25745.7213352562,25999.886170628994,26565.256536807312,27000.815089007716,27369.609446297436,27861.186310031957,28266.602528234715,earthquake_m7_5
Naranjito,Central Mountains,2030,25377.694066570373,25736.513752961488,26146.719107324105,26636.063085110938,27157.700123107028,27558.6433728241,27955.389576046127,earthquake_m7_5
Orocovis,Central Mountains,2025,20465.693287832815,20597.347505920476,20781.352569357492,20976.945885191133,21170.329778467323,21340.46213489291,21414.96689853846,earthquake_m7_5
Orocovis,Central Mountains,2026,19831.441822645527,19935.329985044867,20169.77090555141,20410.81934177414,20612.68021141237,20883.0682674703,21007.734248350087,earthquake_m7_5
Orocovis,Central Mountains,2027,19583.387229543656,19673.042298378557,19875.55282127545,20205.562797752296,20446.376309494386,20625.075251219907,20704.095723309012,earthquake_m7_5
Orocovis,Central Mountains,2028,19267.29125862068,19368.97116619734,19616.286043620355,19975.65314030141,20209.633039552802,20413.75918249178,20582.421772388756,earthquake_m7_5
Orocovis,Central Mountains,2029,18935.58172760856,19059.098268182788,19311.524798535378,19699.913817644465,19976.743501824978,20287.565285994944,20468.69196854527,earthquake_m7_5
Orocovis,Central Mountains,2030,18748.276094326113,18842.82414083547,19095.325309185013,19410.874159910916,19790.491438324458,20087.167180369037,20221.77689137806,earthquake_m7_5
Patillas,South,2025,15116.29153143761,15163.762567592748,15235.27945399863,15311.143005889944,15378.931367170833,15460.431408776181,15507.10327200572,earthquake_m7_5
Patillas,South,2026,14552.536866988637,14648.276649370024,14715.6831462286,14822.601092480927,14916.577507626513,14999.146993491438,15069.179408527152,earthquake_m7_5
Patillas,South,2027,14215.480568168043,14276.445577049637,14376.438652474033,14478.797297245725,14618.212010598692,14729.142824559573,14803.511767458665,earthquake_m7_5
Patillas,South,2028,13892.595898604954,13953.115518977685,14049.380112582237,14181.195572726705,14328.215295538723,14477.61612686675,14535.279567928585,earthquake_m7_5
Patillas,South,2029,13617.03599549483,13656.759201539133,13775.09863935403,13913.660662038692,14095.3239221157,14228.819848437897,14327.716694500932,earthquake_m7_5
Patillas,South,2030,13320.799729510107,13348.764599556944,13508.137895737189,13669.81511621526,13811.686231390604,13956.218813456853,14073.33831845367,earthquake_m7_5
Peñuelas,South,2025,19102.875081462298,19218.438684285993,19367.85279102699,19584.484714121427,19773.313272256695,20012.40970227454,20116.191346879797,earthquake_m7_5
Peñuelas,South,2026,18327.830128664988,18465.8183438648,18719.699104389496,19026.12073924385,19260.48580710252,19569.19170314927,19735.918214001842,earthquake_m7_5
Peñuelas,South,2027,17834.71593192357,18023.536667782053,18267.657341762795,18614.04411160512,18912.669221719523,19231.508390169805,19411.472187261134,earthquake_m7_5
Peñuelas,South,2028,17499.067085641356,17680.681002480414,17916.397858506745,18318.266122730874,18673.511613992006,19026.5709821136,19189.716332539596,earthquake_m7_5
Peñuelas,South,2029,17287.669200957098,17405.649025799084,17680.91372113606,18058.883106852038,18474.455673521345,18966.08982334779,19144.845614029295,earthquake_m7_5
Peñuelas,South,2030,16932.831731363236,17074.16589314936,17432.598643118614,17787.9655819553,18305.188586578228,18693.713929437446,18931.392420079144,earthquake_m7_5
Ponce,South,2025,128324.74130154244,129048.47769247352,130032.79410990534,131176.9421478096,132349.6139549515,133299.4937998867,133880.97165549028,earthquake_m7_5
Ponce,South,2026,123819.91780658976,124477.81631115369,125600.3018705073,127166.98551962929,128508.68273733872,129720.98047622014,130696.30405948116,earthquake_m7_5
Ponce,South,2027,120793.40806772505,121080.36703454512,123117.35516379574,124651.00944051666,126062.61763020829,127452.93693621652,128685.2209949177,earthquake_m7_5
Ponce,South,2028,118101.77337046052,119311.71087470408,120763.95644571369,122650.42906343116,124599.97718191345,126132.67948894197,127109.41473260544,earthquake_m7_5
Ponce,South,2029,115916.24278258183,116977.25422117971,118684.75505645956,120529.00568365982,122823.05996318984,124182.84961045515,125502.79136647978,earthquake_m7_5
Ponce,South,2030,113940.10283073423,114815.03784602926,116454.65385756081,118517.41806990732,120967.08778542448,122705.43575406454,123991.52396989992,earthquake_m7_5
Quebradillas,North,2025,22737.511086214225,22810.962387792475,22947.08981662987,23092.346991567192,23249.542918592713,23391.03533462803,23549.053751927022,earthquake_m7_5
Quebradillas,North,2026,22107.609247848843,22182.748464026237,22371.50247112154,22547.237869266224,22734.744466709006,22904.855623896794,23066.325019584252,earthquake_m7_5
Quebradillas,North,2027,21810.074754920097,21942.93479118917,22102.538868057145,22323.122601157203,22499.687852449064,22675.63591476296,22733.737979545207,earthquake_m7_5
Quebradillas,North,2028,21486.015631984945,21611.401085925467,21822.571713402624,22053.830373900943,22291.715824376643,22424.337119324264,22555.949373757292,earthquake_m7_5
Quebradillas,North,2029,21158.76738249647,21270.476282801512,21483.09548669352,21759.829329112028,21987.376650077626,22189.578268895402,22342.16570869433,earthquake_m7_5
Quebradillas,North,2030,20855.926108718486,21022.289995869836,21261.6871661911,21520.58912498026,21780.26579845108,21969.233446141625,22106.923576407513,earthquake_m7_5
Rincón,West,2025,14661.709639539245,14740.653156467653,14926.698698594158,15149.791111415216,15349.33527035495,15507.307566949206,15595.660442710667,earthquake_m7_5
Rincón,West,2026,14006.696261789572,14280.725481965706,14474.139036115052,14732.155462432956,15018.661006958602,15202.841527245819,15352.98050467569,earthquake_m7_5
Rincón,West,2027,13753.587309127357,13922.898797971384,14206.477044713969,14521.354385183844,14765.819897293264,14993.488967371657,15091.321779297703,earthquake_m7_5
Rincón,West,2028,13524.078342637136,13686.015012497517,14022.874866311766,14326.010356503617,14622.565980466909,14885.132769633516,15068.808879561573,earthquake_m7_5
Rincón,West,2029,13309.366199065184,13519.36448380862,13834.778142506564,14151.784390795267,14456.661585408145,14814.91027409608,15002.487255182741,earthquake_m7_5
Rincón,West,2030,13132.365792906085,13357.907835332902,13604.14121517372,14011.11874922532,14305.139165162742,14662.123611748186,14836.279945919106,earthquake_m7_5
Río Grande,East,2025,44592.66331352104,44748.783560582786,44943.10817600785,45303.076789010025,45550.290809060025,45815.13340939027,46001.472386118396,earthquake_m7_5
Río Grande,East,2026,42922.87104235084,43134.85998782366,43407.539527841676,43749.076504369215,44060.18336017194,44422.591463041834,44550.33385641163,earthquake_m7_5
Río Grande,East,2027,41848.72666843951,42037.83812701037,42329.944317123736,42748.974823411816,43194.55421421048,43437.40492089577,43682.638205425916,earthquake_m7_5
Río Grande,East,2028,40925.26391954542,41145.10955051334,41506.34114526579,41962.17705898478,42540.20327828404,42752.48705168766,42925.706632606336,earthquake_m7_5
Río Grande,East,2029,40099.47356973762,40284.22030298155,40733.206095431466,41270.32106049348,41837.534471905,42183.5016825926,42428.358720765355,earthquake_m7_5
Río Grande,East,2030,39304.27110009353,39635.27710283903,40022.2892640224,40519.06686090077,41070.332125607034,41451.21717299802,41754.32466748675,earthquake_m7_5
Sabana Grande,West,2025,21743.595693400785,21838.481077548055,21976.608971686488,22199.845785488684,22376.155516961237,22545.691024851276,22681.39157301025,earthquake_m7_5
Sabana Grande,West,2026,21039.448686007414,21180.51112126924,21390.04847921036,21593.37862593898,21854.744417837566,22036.262458379642,22185.340058638623,earthquake_m7_5
Sabana Grande,West,2027,20787.11301758988,20945.453614893086,21165.490150136695,21386.536258830005,21669.786541638867,21872.532031263156,22048.343729906086,earthquake_m7_5
Sabana Grande,West,2028,20607.0483781393,20754.340284042522,21029.971613799313,21231.519950648086,21519.319955430074,21780.421094272024,21920.277829674294,earthquake_m7_5
Sabana Grande,West,2029,20379.32673766698,20461.387521425506,20749.855719075087,21046.795842634936,21321.356530844805,21646.860992954724,21864.64878344084,earthquake_m7_5
Sabana Grande,West,2030,20072.607134067344,20237.35612469162,20478.137058877564,20796.250906078174,21159.13173132952,21468.904256834696,21576.237053084944,earthquake_m7_5
Salinas,South,2025,24350.317318401452,24424.645032204346,24602.397091065126,24780.2321641926,24977.312875010204,25128.697123509595,25197.825819393598,earthquake_m7_5
Salinas,South,2026,23441.090096467582,23573.957586592463,23788.56980572692,24000.283644336,24282.222620397453,24561.11307287823,24641.129066015026,earthquake_m7_5
Salinas,South,2027,22881.781582168303,23001.484490710296,23221.318609545553,23489.125272914054,23819.323731063232,24001.66482747949,24142.356696683157,earthquake_m7_5
Salinas,South,2028,22283.27599159419,22458.182450554585,22745.75195725066,23049.66866869689,23415.227773949005,23667.36399344227,23796.543983791762,earthquake_m7_5
Salinas,South,2029,21949.848761805773,22064.585562813456,22334.494496564483,22692.83610073952,23051.14511709627,23348.354307481768,23522.52939318919,earthquake_m7_5
Salinas,South,2030,21500.27887735661,21683.290349340317,21975.941421609394,22319.338768689093,22728.771107689812,22992.231942452712,23094.723584290805,earthquake_m7_5
San Germán,West,2025,30423.124526515112,30554.891992943358,30779.89484168149,31066.694593038213,31305.35295961488,31515.397345175374,31703.975960553587,earthquake_m7_5
San Germán,West,2026,29327.826344828994,29545.83607014912,29802.995437987418,30176.106566617098,30545.911328566355,30760.89386957466,30919.41116276673,earthquake_m7_5
San Germán,West,2027,28881.804430579003,29011.19538522149,29318.484771285726,29796.4863656448,30184.783976253526,30479.23721155836,30655.783185723965,earthquake_m7_5
San Germán,West,2028,28473.94706831196,28708.03036464795,29007.330787149775,29511.845487860897,29910.380646502424,30271.978893157604,30616.568172212326,earthquake_m7_5
San Germán,West,2029,28007.344287800355,28345.91331175012,28707.692282427233,29176.05559091886,29780.309372133925,30148.52052996214,30323.348589655878,earthquake_m7_5
San Germán,West,2030,27638.709991521107,27871.241397377544,28332.670346980158,28906.13429896318,29449.483099797442,29942.549042218667,30312.264045991862,earthquake_m7_5
San Juan,Metro,2025,324583.43237145443,325350.14322119375,328603.73951285053,331923.6155816043,335224.8627539123,337711.42493358155,339270.1722752749,earthquake_m7_5
San Juan,Metro,2026,310345.6367977077,313338.5839780354,317391.8346935518,321996.667144138,326995.5710559436,330187.9113032417,332332.98648218316,earthquake_m7_5
San Juan,Metro,2027,305223.3059090818,307298.35931390186,311950.7627877068,316878.8280299115,321337.02336417825,325780.89961977134,328431.98454647354,earthquake_m7_5
San Juan,Metro,2028,298967.40735329146,303867.28410399135,308703.0881547533,313381.02013289055,318221.66085675807,323770.1819443557,328797.76310149045,earthquake_m7_5
San Juan,Metro,2029,294062.7967623806,299648.6458394219,304937.2424362717,309598.4289046721,315653.7803129335,320431.6621169633,323745.85694726027,earthquake_m7_5
San Juan,Metro,2030,289906.0574560254,293515.9751483302,299132.9977611719,305415.99826223403,311569.70690075564,318043.1153429018,321631.8044880893,earthquake_m7_5
San Lorenzo,East,2025,35845.61675657278,36029.33903014086,36359.22398857453,36629.682409365756,36920.79555496287,37171.8424201056,37317.17907536806,earthquake_m7_5
San Lorenzo,East,2026,34426.353333174295,34657.45191618509,34979.198409481876,35422.20529488365,35773.79224909529,36172.6098884895,36434.2833779223,earthquake_m7_5
San Lorenzo,East,2027,33466.0272757547,33733.31917364484,34124.40962611752,34611.80141448047,35024.62492263068,35464.44836452104,35605.475912484086,earthquake_m7_5
San Lorenzo,East,2028,32682.12306034912,32999.13227928353,33421.12995570999,33948.43555212319,34492.90347586354,34987.33694178235,35142.298091852186,earthquake_m7_5
San Lorenzo,East,2029,32052.447967021533,32373.04149731977,32818.18458674617,33469.75831299828,33932.84062151676,34348.65883045577,34502.11237773367,earthquake_m7_5
San Lorenzo,East,2030,31229.27729270168,31671.9872154362,32367.267041638923,32910.70901708878,33362.91898070073,33776.189263070126,34141.67769877553,earthquake_m7_5
San Sebastián,West,2025,37400.94280872267,37694.15048278118,38123.87070385984,38547.18400577282,38966.21349675728,39345.735407746506,39686.87725719391,earthquake_m7_5
San Sebastián,West,2026,36046.143045415585,36349.67746601084,36834.56935610989,37500.854200955524,37969.01919109089,38495.607739774845,38902.13845175842,earthquake_m7_5
San Sebastián,West,2027,35119.35448849142,35653.71481625836,36431.24240940112,37057.23223540925,37760.49004102848,38312.716214466804,38621.65846234811,earthquake_m7_5
San Sebastián,West,2028,34546.30398819022,35198.070990978056,35887.51095343562,36653.571594625464,37498.13042927837,38191.01707771992,38431.05634702805,earthquake_m7_5
San Sebastián,West,2029,33964.38212907676,34265.97091119942,35220.30735875337,36190.28316027783,37106.39166371175,37910.76377549149,38164.531840001866,earthquake_m7_5
San Sebastián,West,2030,33200.66851036106,33877.564591591734,34705.92390810236,35679.51350198618,36611.40735193959,37625.41853766778,38203.73231527468,earthquake_m7_5
Santa Isabel,South,2025,19306.286458768504,19385.52718411066,19496.81710149058,19642.765437059308,19783.181333321416,19916.647894705296,20014.856130743094,earthquake_m7_5
Santa Isabel,South,2026,18522.86999578332,18625.058987201603,18811.834329048485,19053.4673393109,19241.60358317582,19393.506733781396,19466.394783058582,earthquake_m7_5
Santa Isabel,South,2027,18103.233373482428,18214.68353878616,18393.206889258112,18670.35839045074,18895.489481968547,19106.292781426757,19202.503522585524,earthquake_m7_5
Santa Isabel,South,2028,17682.37935484593,17781.442130187967,18045.125274447397,18382.14148834379,18595.305769145274,18742.567118505336,18826.609899629882,earthquake_m7_5
Santa Isabel,South,2029,17348.3965561859,17496.0495089661,17778.26864112914,17998.76605915522,18364.945734430185,18563.502817000433,18758.697615625944,earthquake_m7_5
Santa Isabel,South,2030,17003.567689627256,17159.524440475336,17460.566005839675,17728.243058735097,18082.884321267957,18319.35045587336,18547.79786261622,earthquake_m7_5
Toa Alta,Metro,2025,64164.85764612174,64471.21434768971,64936.812001073835,65659.7420465186,66270.48200299412,66822.9381317878,67192.34213595714,earthquake_m7_5
Toa Alta,Metro,2026,61535.12062583866,61952.56484681068,62700.36023739503,63723.40172896939,64446.845919710155,65460.37722682369,66101.79885119722,earthquake_m7_5
Toa Alta,Metro,2027,60509.616284387885,60856.93871954386,61615.61600146777,62648.36627381556,63572.87774668528,64631.08543921242,64980.692540557866,earthquake_m7_5
Toa Alta,Metro,2028,59094.98173675448,59767.73042706891,60963.94991485517,61995.159444826946,63202.68350720142,63930.66986615153,64364.83406136694,earthquake_m7_5
Toa Alta,Metro,2029,58422.63641249681,59240.82911991529,60261.91144238484,61204.50702668811,62519.40127064193,63312.597151712325,63684.66856095195,earthquake_m7_5
Toa Alta,Metro,2030,57451.86902679033,58087.60422971089,59051.837974749236,60262.88120755753,61623.521042678636,62529.85942633337,63044.060898894146,earthquake_m7_5
Toa Baja,Metro,2025,71436.49726482121,71606.22124246051,72014.92781571746,72550.73433409931,72974.98320587273,73354.9517865688,73619.12849846028,earthquake_m7_5
Toa Baja,Metro,2026,69570.30754264856,69720.78796152915,70182.78587082915,70841.47621013314,71418.32524032236,72005.56551110803,72429.99277231822,earthquake_m7_5
Toa Baja,Metro,2027,68064.83419820273,68320.85798131206,68929.92898377286,69527.7935570798,69995.96774800295,70664.40790374644,71020.25860636916,earthquake_m7_5
Toa Baja,Metro,2028,67060.31673689837,67477.26573484733,68094.59073062561,68702.5986427628,69388.96465829675,70135.01740672739,70530.4412670868,earthquake_m7_5
Toa Baja,Metro,2029,66216.05571692463,66632.7233548702,67183.04384411087,67917.8732864972,68808.7404014014,69309.11007992446,70071.08990167652,earthquake_m7_5
Toa Baja,Metro,2030,65463.10004733951,65660.92868351769,66221.36869228147,67127.22166600588,67975.81562607136,68419.57713072396,69155.47162415105,earthquake_m7_5
Trujillo Alto,Metro,2025,64387.17297733564,64700.75937340474,65356.09416370272,65882.71746507252,66551.99325215742,67327.27180026143,67797.49498397013,earthquake_m7_5
Trujillo Alto,Metro,2026,62117.28288114209,62476.84331053509,63100.11525936576,63880.45639230311,64639.428141136435,65360.37250798298,65817.8333591533,earthquake_m7_5
Trujillo Alto,Metro,2027,60860.985150629895,61129.357016003654,62163.22095363867,62998.91695946072,63736.7498801211,64720.13240091025,65440.341987093,earthquake_m7_5
Trujillo Alto,Metro,2028,59617.3334530222,60430.09472219765,61206.36281739525,62232.3456899548,63210.84799485543,64315.61031141538,64677.95309714236,earthquake_m7_5
Trujillo Alto,Metro,2029,58644.22103274003,59399.64729649626,60633.98970586931,61555.93116396099,62535.92705320851,63583.475862003084,64425.671113695156,earthquake_m7_5
Trujillo Alto,Metro,2030,58497.714017176986,58681.73875458212,59731.04690251861,60809.43885427632,62052.285229413974,62733.817044536154,63221.81607421672,earthquake_m7_5
Utuado,Central Mountains,2025,26928.902370662276,27064.73366865728,27254.254917773727,27460.749650733647,27645.77825137052,27789.649377697577,27875.24385402911,earthquake_m7_5
Utuado,Central Mountains,2026,26203.99389543868,26369.838334848446,26548.85816638687,26771.31792416206,27040.925225548704,27280.145093280396,27403.805579565156,earthquake_m7_5
Utuado,Central Mountains,2027,25828.734305571834,25936.122946927746,26204.376006598643,26417.993138850674,26712.21595279726,26935.406009727485,27063.837338056164,earthquake_m7_5
Utuado,Central Mountains,2028,25558.985581369277,25700.36998339683,25943.27979776207,26223.66657563801,26535.579894530154,26848.295964769797,26952.849002083633,earthquake_m7_5
Utuado,Central Mountains,2029,25211.860978808476,25362.182246741384,25561.551222464663,25947.683043197805,26261.035041032115,26558.342519362337,26648.270001931192,earthquake_m7_5
Utuado,Central Mountains,2030,24598.982885092795,24939.487689422593,25199.290803180826,25546.46520571692,25987.164613848916,26255.320876272992,26388.073734683538,earthquake_m7_5
Vega Alta,North,2025,34161.76608096189,34251.783744619424,34444.17660692334,34644.121583351436,34883.51542802612,35117.23914394924,35234.19953476756,earthquake_m7_5
Vega Alta,North,2026,33155.10110596225,33297.01536203308,33479.31207487037,33764.12463501876,34030.33038219399,34214.65464561805,34384.693338989695,earthquake_m7_5
Vega Alta,North,2027,32504.81268068951,32683.209769536275,32974.81936458555,33311.36197732828,33525.15224118032,33731.33365825536,33800.27966513109,earthquake_m7_5
Vega Alta,North,2028,32135.444178253787,32289.501262319573,32575.859477590842,32934.87459887129,33198.92806920762,33439.10156612002,33665.67506557697,earthquake_m7_5
Vega Alta,North,2029,31759.594962473562,31891.493879015525,32205.281902847833,32550.693070025125,32885.89426818513,33179.085751251136,33495.264096051986,earthquake_m7_5
Vega Alta,North,2030,31238.238390090508,31389.947196368015,31768.516696932045,32196.91762875909,32525.317623919414,32860.912715432394,33072.45340705014,earthquake_m7_5
Vega Baja,North,2025,51465.4760327455,51851.308415041596,52415.27189819982,53056.28551822738,53570.22248988827,54211.38496902227,54617.01584281626,earthquake_m7_5
Vega Baja,North,2026,49631.397400794885,50141.44285376191,50976.63903076277,51717.9301653854,52502.88029203578,53296.81250449176,53930.41675052334,earthquake_m7_5
Vega Baja,North,2027,49000.71909162799,49438.870159018414,50048.89691346002,50919.83546957036,51678.2495108541,52558.89534435977,53052.71346603327,earthquake_m7_5
Vega Baja,North,2028,47859.30126586264,48323.65963486836,49328.2844331899,50312.77624054509,51263.20668557401,52043.54131524664,52704.45021301642,earthquake_m7_5
Vega Baja,North,2029,47074.45690567562,47542.65740569124,48647.64222462836,49755.831275146484,50852.790778017494,51531.83145570955,52340.12670131365,earthquake_m7_5
Vega Baja,North,2030,46010.23169016978,46808.69086035223,48139.566949076674,49195.861516521894,50372.44883078261,51298.03231980882,52040.34408985326,earthquake_m7_5
Vieques,East,2025,7843.56885051821,7858.817322688799,7899.535792806648,7933.959750763905,7967.599344280629,8021.064861041312,8041.968984585777,earthquake_m7_5
Vieques,East,2026,7525.316841511916,7555.276712932502,7609.461570120629,7661.933795763438,7714.922624215724,7764.6966869258695,7782.117319287675,earthquake_m7_5
Vieques,East,2027,7320.639649068195,7372.718436916522,7422.316838181881,7489.568562736739,7557.73281590714,7622.207384865678,7658.955404162099,earthquake_m7_5
Vieques,East,2028,7192.810617451118,7226.205680665838,7281.036167526918,7360.157239922828,7423.175145881163,7505.763096117064,7551.496839856133,earthquake_m7_5
Vieques,East,2029,7077.581145793243,7107.216085583826,7151.622930044139,7229.128666508745,7310.3344098267835,7371.711805354733,7439.212512572786,earthquake_m7_5
Vieques,East,2030,6934.886978821714,6960.012567379085,7034.688968616347,7109.959142331277,7192.3756525979115,7274.121564675931,7321.416972900039,earthquake_m7_5
Villalba,South,2025,20898.20576805578,21018.852276758975,21115.04833083225,21271.54158662995,21433.982468377853,21547.842060555657,21617.637365977356,earthquake_m7_5
Villalba,South,2026,20125.682585061582,20235.138730902156,20421.092207360918,20595.861238757992,20851.96456577491,21027.67413523377,21112.00364986207,earthquake_m7_5
Villalba,South,2027,19705.49377506701,19787.682968986173,19937.321251915593,20207.96599447011,20429.950230456132,20672.500498272846,20735.1591513599,earthquake_m7_5
Villalba,South,2028,19149.35808737337,19352.46103880977,19625.588800809757,19855.53229522485,20153.453549520265,20416.2617934952,20612.418362959626,earthquake_m7_5
Villalba,South,2029,18929.006869746576,19061.22283206307,19302.662041800028,19555.15432134657,19862.67781953145,20181.349808836352,20312.883826355373,earthquake_m7_5
Villalba,South,2030,18596.25528895566,18764.226794385322,18971.077927923805,19272.37045321789,19546.2833850447,19890.031397868293,19979.87391688375,earthquake_m7_5
Yabucoa,East,2025,28390.55605966272,28469.945128404557,28647.765755113924,28852.629895057475,29063.046490677756,29243.95699937424,29363.232367856333,earthquake_m7_5
Yabucoa,East,2026,27305.821746622176,27464.54805600509,27719.823757554845,28040.475740092428,28282.405738192567,28569.252020117096,28630.44705147102,earthquake_m7_5
Yabucoa,East,2027,26550.053485485707,26750.56305314171,26979.08602112106,27337.055631022828,27687.926946544267,27970.317317674497,28137.27522416943,earthquake_m7_5
Yabucoa,East,2028,25991.113951669966,26143.407966435814,26478.68749937856,26852.22646820662,27203.25537364954,27552.209392599678,27746.36155599188,earthquake_m7_5
Yabucoa,East,2029,25410.370056965636,25662.685208984876,25928.415407329554,26290.7626280287,26739.259698850292,27124.75820370716,27488.57245015534,earthquake_m7_5
Yabucoa,East,2030,24855.798377752242,25074.84333038477,25424.849264304732,25881.144448741725,26283.134761220997,26721.573633598957,26969.297047881566,earthquake_m7_5
Yauco,South,2025,32165.137019265014,32274.25046068148,32447.038856903164,32675.330091405558,32823.32676504263,33046.951446263156,33248.48890134042,earthquake_m7_5
Yauco,South,2026,31028.47778351231,31186.574280068417,31402.76840670014,31682.04035916327,31953.178023425397,32227.076358702383,32341.5518671277,earthquake_m7_5
Yauco,South,2027,30245.030005231383,30505.563530018524,30745.785732701574,31098.609783657368,31406.76486950305,31711.581010778165,31907.935184971582,earthquake_m7_5
Yauco,South,2028,29777.716760074185,29941.883417827692,30177.159525997955,30591.968585240178,30975.49879729989,31249.621719666895,31536.55264291292,earthquake_m7_5
Yauco,South,2029,29264.265315527366,29494.320563440077,29832.1960443527,30201.266099375087,30515.4991088727,30945.722647743543,31208.67000285655,earthquake_m7_5
Yauco,South,2030,28774.59462783603,29022.1368996579,29382.778398063958,29700.404620069483,30195.188739275207,30636.276533113778,30833.13538899481,earthquake_m7_5
