municipio,region,year,p05,p10,p25,p50,p75,p90,p95,scenario,baseline_p50,abs_impact_vs_baseline,pct_impact_vs_baseline
Adjuntas,Central Mountains,2030,16220.424797908949,16389.88200308321,16586.512169787922,16763.24403947364,17029.49185805471,17200.610662381816,17277.253668753434,baseline,16763.24403947364,0.0,0.0
Aguada,West,2030,33863.440725206914,34159.46368642449,34614.67217164031,35062.05450983974,35514.02396539204,35911.15230182111,36279.221774171936,baseline,35062.05450983974,0.0,0.0
Aguadilla,West,2030,47285.864197819166,48076.750271747085,49386.87452705244,50400.442917010456,51475.83514105112,52861.80430614057,53491.903205095805,baseline,50400.442917010456,0.0,0.0
Aguas Buenas,Central Mountains,2030,21474.987770491523,21577.605215091953,21872.02461712084,22080.670549273622,22306.471830772218,22482.905088059953,22662.746021138308,baseline,22080.670549273622,0.0,0.0
Aibonito,Central Mountains,2030,21304.83549087922,21506.24881811226,22152.294416291938,22867.330605295763,23546.905810124856,24115.602182783492,24567.855536871837,baseline,22867.330605295763,0.0,0.0
Arecibo,North,2030,76973.70947441843,77763.66015558671,79263.52639131472,80689.11899703197,82338.57266282309,83751.36312005711,84591.4933917292,baseline,80689.11899703197,0.0,0.0
Arroyo,South,2030,13121.019665188278,13258.326119947485,13507.542181464189,13806.294679763378,14124.089153203271,14447.88255240197,14566.48977397106,baseline,13806.294679763378,0.0,0.0
Añasco,West,2030,22889.73933483498,23022.38599608121,23203.45829475483,23440.507747586067,23731.13568573977,23925.69854276201,24082.247879601204,baseline,23440.507747586067,0.0,0.0
Barceloneta,North,2030,20245.359068207617,20394.077447952997,20682.941796501647,20925.354861224136,21248.25520325118,21500.144192488413,21735.7128331029,baseline,20925.354861224136,0.0,0.0
Barranquitas,Central Mountains,2030,25929.69890791535,26165.791791172185,26599.306218015532,27084.886572337047,27482.948057508514,27830.564438559315,28129.17690640563,baseline,27084.886572337047,0.0,0.0
Bayamón,Metro,2030,159456.05705491654,160810.0419187694,163508.18068547896,168400.82569344994,173236.84826584542,176339.0361613687,177691.5674778805,baseline,168400.82569344994,0.0,0.0
Cabo Rojo,West,2030,42644.41338464806,42882.47404427511,43264.42143963483,43726.58439435572,44146.879748286505,44404.69884579431,44649.69803960753,baseline,43726.58439435572,0.0,0.0
Caguas,East,2030,109159.49989292536,110054.76823336484,111290.57598975937,112879.85262330543,114143.40926659494,115168.12639402488,115830.61661257259,baseline,112879.85262330543,0.0,0.0
Camuy,North,2030,29087.453861374688,29350.59033784004,29902.549223675247,30481.28791056414,31175.57779524384,31694.6119832394,32010.438223701763,baseline,30481.28791056414,0.0,0.0
Canóvanas,East,2030,35608.30812099841,36078.829471664576,36705.27463231169,37361.72981237517,37984.91236907277,38636.71949857019,38883.627913459815,baseline,37361.72981237517,0.0,0.0
Carolina,Metro,2030,135021.78630644645,135947.98684720547,137458.50342223904,139659.4564176036,142649.652779015,144890.58273577678,146214.5359285217,baseline,139659.4564176036,0.0,0.0
Cataño,Metro,2030,20299.402754798462,20437.9647143125,20609.27627866548,20851.2510626115,21053.32317496392,21203.117000333954,21335.904174029394,baseline,20851.2510626115,0.0,0.0
Cayey,Central Mountains,2030,37213.52297797348,37390.63274042575,37700.892070797934,38102.48540123623,38496.78156780235,38827.71473185268,39036.272482350214,baseline,38102.48540123623,0.0,0.0
Ceiba,East,2030,9546.502693261431,9618.871766926519,9744.21980870721,9919.294772083329,10047.44991748064,10226.623185447565,10298.795087763907,baseline,9919.294772083329,0.0,0.0
Ciales,Central Mountains,2030,15012.971019285842,15126.01880618452,15339.350493155796,15674.525737195108,16001.353299879731,16223.462312707841,16521.07251391948,baseline,15674.525737195108,0.0,0.0
Cidra,Central Mountains,2030,35511.57690425887,35824.45767221534,36319.957099512845,36839.569658490356,37422.01285410224,37855.180568392694,38176.73546666711,baseline,36839.569658490356,0.0,0.0
Coamo,South,2030,29128.966057214515,29514.5352542613,30216.057943955246,31137.665417468073,31841.434599235374,32681.87191428809,33000.73728682758,baseline,31137.665417468073,0.0,0.0
Comerío,Central Mountains,2030,16995.069736726695,17081.458749727582,17238.570020866784,17444.721756530314,17576.19999448196,17755.435201476404,17859.333085003345,baseline,17444.721756530314,0.0,0.0
Corozal,Central Mountains,2030,30541.589967936903,30852.14974037932,31454.61361933577,32083.23820941755,32562.50513057009,33098.34815727311,33336.54157358044,baseline,32083.23820941755,0.0,0.0
Culebra,East,2030,1043.1866187316846,1071.3910630543164,1115.9644245137263,1173.1849954390273,1241.8983676529022,1293.0062215850915,1335.03271930948,baseline,1173.1849954390273,0.0,0.0
Dorado,North,2030,32316.013154386506,32714.81559637679,33019.431993857484,33340.7663419366,33610.99561267985,33926.54247822218,34209.04420798575,baseline,33340.7663419366,0.0,0.0
Fajardo,East,2030,26312.532805474682,26614.480036183344,27229.976781805584,28143.856192315958,28909.712508484547,29501.952399688827,30062.356541002406,baseline,28143.856192315958,0.0,0.0
Florida,North,2030,10395.697245375473,10470.346910969678,10603.72463486601,10730.264902945726,10858.660164851395,10961.915548234536,11037.622169983913,baseline,10730.264902945726,0.0,0.0
Guayama,South,2030,30371.62798701394,30543.83798737191,31407.07394769281,32031.711450665498,32670.597466812862,33316.37008012124,33777.10281090678,baseline,32031.711450665498,0.0,0.0
Guayanilla,South,2030,15393.525422070381,15491.208095084481,15677.266668596465,15828.657014465625,16043.636595736176,16311.281419940153,16384.431832466365,baseline,15828.657014465625,0.0,0.0
Guaynabo,Metro,2030,78527.5022140139,79110.49501520357,80923.26842076678,82207.01388751614,84005.4394163675,85962.75380755478,86786.92844986802,baseline,82207.01388751614,0.0,0.0
Gurabo,East,2030,32681.570074017123,33289.696089257246,34536.10435492293,35783.39562553462,37135.61490487873,38076.84384531913,39438.45223174927,baseline,35783.39562553462,0.0,0.0
Guánica,West,2030,10658.010364326079,10795.35455600693,11033.889384504357,11291.75443553799,11550.848806233422,11800.007172155898,11966.936876795458,baseline,11291.75443553799,0.0,0.0
Hatillo,North,2030,34549.603404061,34786.62157332582,35204.31178432208,35650.47867560583,36044.49712577506,36414.46723520536,36680.29945125969,baseline,35650.47867560583,0.0,0.0
Hormigueros,West,2030,14134.185802185002,14172.51069575616,14307.289321671462,14419.760860874094,14562.845542963347,14707.612049160602,14792.1774865944,baseline,14419.760860874094,0.0,0.0
Humacao,East,2030,43891.81663071035,44196.74015865984,44585.24462284029,45058.902225087935,45495.75495765932,45946.74999445767,46144.82026614132,baseline,45058.902225087935,0.0,0.0
Isabela,West,2030,38167.49797501346,38411.39125815913,39130.767057333025,39770.815603938216,40515.978830804655,41325.18794144078,41868.42986781756,baseline,39770.815603938216,0.0,0.0
Jayuya,Central Mountains,2030,13197.374708122015,13293.76909813038,13422.379679591766,13652.669167884018,13885.065961981094,14168.821513186374,14247.266717080363,baseline,13652.669167884018,0.0,0.0
Juana Díaz,South,2030,40574.01197315065,40940.702188380455,41564.64807060294,42441.56356739308,43063.46656661205,43641.22592428985,43843.195142570716,baseline,42441.56356739308,0.0,0.0
Juncos,East,2030,31841.556170515873,32056.337861481934,32509.16900756875,32915.56698267581,33317.093453984686,33646.32931862935,33792.83889589789,baseline,32915.56698267581,0.0,0.0
Lajas,West,2030,20832.078853119754,20989.173583035437,21316.834051116657,21658.078603407055,22113.01418052863,22370.862361751795,22661.619137543483,baseline,21658.078603407055,0.0,0.0
Lares,Central Mountains,2030,23484.38059733969,23893.1637475281,24864.886696351685,26031.482171387048,27103.113819145245,27906.413632787,28203.9323489041,baseline,26031.482171387048,0.0,0.0
Las Marías,West,2030,7577.315672946378,7681.179820805634,7882.3854658036735,8119.608022551693,8427.84203665322,8639.145736223045,8698.52783640841,baseline,8119.608022551693,0.0,0.0
Las Piedras,East,2030,30059.689648466687,30224.924501536756,30580.01861539932,31198.15046721628,31673.65649265238,32271.763384808237,32563.454668621074,baseline,31198.15046721628,0.0,0.0
Loíza,East,2030,19799.72872418586,19961.228898209134,20187.981547299518,20406.391241499055,20639.906502012735,20868.803179802435,20937.808355705536,baseline,20406.391241499055,0.0,0.0
Luquillo,East,2030,15280.610265596131,15366.175449365215,15545.6268777841,15705.058558458888,15929.081097635626,16074.833190544628,16199.559957224306,baseline,15705.058558458888,0.0,0.0
Manatí,North,2030,34893.145059013026,35140.52955208619,35773.35190104225,36389.54838612415,36951.69666768875,37697.54902939228,38049.50298311347,baseline,36389.54838612415,0.0,0.0
Maricao,West,2030,4416.878314144637,4507.286218314053,4626.312694298607,4741.686824509237,4889.3547336059755,4980.39788864458,5077.5111524706645,baseline,4741.686824509237,0.0,0.0
Maunabo,East,2030,8983.018442377694,9059.357582437442,9163.058077030872,9275.139108953008,9418.487973065075,9544.335862383918,9621.742842951104,baseline,9275.139108953008,0.0,0.0
Mayagüez,West,2030,64405.188098984516,64820.21711303574,65823.7741020995,66754.57850262358,67640.59290469372,68433.3766701548,68815.27919917535,baseline,66754.57850262358,0.0,0.0
Moca,West,2030,32928.21716366239,33349.17078422974,34094.9958185377,34658.9063596762,35283.455049325705,36255.29897720046,36652.85629532293,baseline,34658.9063596762,0.0,0.0
Morovis,Central Mountains,2030,25529.42562750038,25785.017312246848,26172.680027295013,26579.612252060244,27012.172614943833,27420.833210575765,27655.17529155408,baseline,26579.612252060244,0.0,0.0
Naguabo,East,2030,19162.75842690979,19706.28686305094,20109.657338610872,20723.070399456967,21143.792392093143,21549.972433899864,21856.573463618228,baseline,20723.070399456967,0.0,0.0
Naranjito,Central Mountains,2030,25916.18531326454,26133.18463043976,26567.903510349002,27123.132363262972,27595.90495228463,28022.37239779888,28397.34057773888,baseline,27123.132363262972,0.0,0.0
Orocovis,Central Mountains,2030,19021.387120313655,19147.15889682265,19411.756897370407,19718.946317461796,20092.564481118912,20399.09869731775,20490.18843631404,baseline,19718.946317461796,0.0,0.0
Patillas,South,2030,13659.68803294386,13697.445023813114,13844.655905192301,14014.849465748914,14171.613244804958,14320.159083027871,14452.218620332731,baseline,14014.849465748914,0.0,0.0
Peñuelas,South,2030,17401.356672381124,17528.903623361486,17883.479145550995,18262.70030517054,18781.028912839985,19140.05580428917,19418.35976932923,baseline,18262.70030517054,0.0,0.0
Ponce,South,2030,116806.2742834962,117901.70573522703,119521.77976906156,121605.13860545706,124041.45344742393,125857.93797063825,127043.567223416,baseline,121605.13860545706,0.0,0.0
Quebradillas,North,2030,21180.198727980907,21290.291189512485,21564.636090630003,21803.341788760816,22062.223616347088,22274.593031699762,22407.102068451488,baseline,21803.341788760816,0.0,0.0
Rincón,West,2030,13421.258760081177,13609.107484457782,13904.911485591017,14260.080064413814,14594.262901012005,14910.338983753016,15132.836575336745,baseline,14260.080064413814,0.0,0.0
Río Grande,East,2030,40074.49686516199,40393.97394563933,40775.72595926318,41293.887098130544,41817.878489967305,42174.624543389895,42563.453578122535,baseline,41293.887098130544,0.0,0.0
Sabana Grande,West,2030,20518.06451289917,20617.16027807473,20852.693277906314,21148.917962671665,21475.850813028377,21850.212876301735,21952.194059016605,baseline,21148.917962671665,0.0,0.0
Salinas,South,2030,22069.628866797593,22240.677582143195,22577.593335514608,22914.53450321169,23354.265091433786,23609.333700511233,23684.051273017325,baseline,22914.53450321169,0.0,0.0
San Germán,West,2030,28150.29925520067,28453.170603947092,28879.552294975303,29445.83651869132,29933.76196488683,30433.65168311248,30782.882145580057,baseline,29445.83651869132,0.0,0.0
San Juan,Metro,2030,294120.4026722207,298382.13596647023,304511.9085358676,310183.1040920414,317054.00524932647,323180.69567427004,326542.3687074161,baseline,310183.1040920414,0.0,0.0
San Lorenzo,East,2030,31799.931105696385,32167.706538302886,32894.419805737336,33488.35607665528,33964.380518676466,34320.3448331617,34713.061559343,baseline,33488.35607665528,0.0,0.0
San Sebastián,West,2030,33991.93206044257,34601.55616810797,35344.312487577845,36428.33490160374,37431.60115219945,38322.34474270758,38997.46838318432,baseline,36428.33490160374,0.0,0.0
Santa Isabel,South,2030,17458.33045396665,17604.699186568632,17915.410658778565,18182.450456683262,18548.928655801206,18781.07179339947,19040.27247359658,baseline,18182.450456683262,0.0,0.0
Toa Alta,Metro,2030,58491.03279450337,59035.66005203554,60077.84190171266,61270.45141250856,62528.94725810517,63670.45242587518,64123.14944142556,baseline,61270.45141250856,0.0,0.0
Toa Baja,Metro,2030,66394.5255401382,66648.52208599518,67130.57097801077,68057.10670806433,68919.40366636708,69530.28622229252,69966.63443404279,baseline,68057.10670806433,0.0,0.0
Trujillo Alto,Metro,2030,59500.13142491028,59732.871693027206,60698.2226408588,61748.09173686209,63039.7442617452,63941.50508425405,64361.10462650995,baseline,61748.09173686209,0.0,0.0
Utuado,Central Mountains,2030,25095.77100923458,25308.377175664846,25602.674425491437,25963.929482284104,26383.798629062418,26644.300691822136,26840.365210179756,baseline,25963.929482284104,0.0,0.0
Vega Alta,North,2030,31744.86212591367,31818.90379989377,32227.538309037434,32594.315803499536,32960.40091714344,33262.160317695336,33473.72491352899,baseline,32594.315803499536,0.0,0.0
Vega Baja,North,2030,46628.94974954578,47553.19021301575,48942.07604127005,49963.2067624506,51142.21250988649,52056.74355818447,52913.305259552755,baseline,49963.2067624506,0.0,0.0
Vieques,East,2030,7049.499491829878,7090.555408602312,7162.865867708788,7234.8927967295895,7316.10953493363,7391.43518419063,7451.3880079107,baseline,7234.8927967295895,0.0,0.0
Villalba,South,2030,19089.645692297017,19243.094416194584,19462.45796750818,19769.00328899523,20043.016569836647,20428.29031856086,20522.961638292018,baseline,19769.00328899523,0.0,0.0
Yabucoa,East,2030,25341.88495549397,25538.07708864864,25900.433964458178,26354.908559677267,26726.697249949873,27158.407129172076,27449.143435836708,baseline,26354.908559677267,0.0,0.0
Yauco,South,2030,29494.13000221677,29696.722803076304,30063.516031780768,30412.377634623408,30914.937530436742,31388.315745674558,31624.142870386964,baseline,30412.377634623408,0.0,0.0
Adjuntas,Central Mountains,2030,16193.463621068457,16342.33427236164,16538.517940821752,16715.969946849138,16970.60699666344,17138.972515324847,17217.73020006801,hurricane_cat1,16763.24403947364,-47.27409262450237,-0.28201040629834295
Aguada,West,2030,33810.37815029938,34058.84242079894,34478.294013146704,34938.607784220774,35400.93152133967,35821.34881585242,36102.28578831786,hurricane_cat1,35062.05450983974,-123.44672561896732,-0.35208069619629245
Aguadilla,West,2030,47200.313242826145,47919.61113773813,49219.70172254011,50294.67202618904,51218.022728139,52621.092514753844,53259.14148997182,hurricane_cat1,50400.442917010456,-105.77089082141902,-0.20986103434761819
Aguas Buenas,Central Mountains,2030,21382.286336829264,21490.310259432797,21796.32373063412,21992.208318350058,22231.737505173118,22396.662833025865,22571.82481647304,hurricane_cat1,22080.670549273622,-88.46223092356377,-0.4006319949666287
Aibonito,Central Mountains,2030,21196.12610481096,21430.70829393266,22067.00728580283,22791.90285724138,23453.63643755844,23978.779499476397,24491.252663781237,hurricane_cat1,22867.330605295763,-75.42774805438239,-0.32984937925773616
Arecibo,North,2030,76662.8331286967,77672.27394572826,78973.70320625193,80445.87747740126,82085.263463673,83445.69899055238,84363.05192244182,hurricane_cat1,80689.11899703197,-243.241519630712,-0.30145516849633625
Arroyo,South,2030,13037.006707668324,13179.52030766595,13430.772917210383,13721.481999358624,14034.72576206007,14351.274325282156,14468.234074140424,hurricane_cat1,13806.294679763378,-84.81268040475334,-0.614304434114881
Añasco,West,2030,22828.88195998835,22928.37922655794,23139.367983085533,23365.81705207614,23639.05320428612,23855.163200584673,24007.048946180937,hurricane_cat1,23440.507747586067,-74.69069550992572,-0.3186394096672989
Barceloneta,North,2030,20206.858413965736,20328.913799441983,20601.64702452421,20866.437867571047,21159.113216417416,21405.8490105364,21674.851003820397,hurricane_cat1,20925.354861224136,-58.916993653088866,-0.2815579188206045
Barranquitas,Central Mountains,2030,25816.938932955836,26084.856601272633,26506.226676503826,26989.138563674525,27343.61436172107,27713.50065502162,28012.70966828869,hurricane_cat1,27084.886572337047,-95.7480086625219,-0.3535108349329896
Bayamón,Metro,2030,158804.64129736918,160130.5308887612,162751.19332305764,167703.25423935006,172459.68975277414,175889.06475120306,177017.082141919,hurricane_cat1,168400.82569344994,-697.5714540998742,-0.4142327991726746
Cabo Rojo,West,2030,42458.16808435236,42783.66240238262,43117.25367445281,43556.727996660295,43988.57019591682,44261.70588192569,44512.84311940034,hurricane_cat1,43726.58439435572,-169.85639769542468,-0.3884510991381022
Caguas,East,2030,108500.35094358507,109416.88570324072,110561.68398904329,112231.54189360034,113427.08406597147,114452.7265426051,115163.90445838045,hurricane_cat1,112879.85262330543,-648.3107297050883,-0.5743369739049753
Camuy,North,2030,29025.90633767934,29284.89904680886,29806.70230852131,30418.523205346784,31007.071939187495,31524.004541083505,31903.010007940436,hurricane_cat1,30481.28791056414,-62.764705217356095,-0.2059122482013079
Canóvanas,East,2030,35382.95689233009,35814.697492069645,36462.52965547243,37112.584708269715,37692.453228504935,38350.41369752314,38641.3390344479,hurricane_cat1,37361.72981237517,-249.14510410545336,-0.6668457412347382
Carolina,Metro,2030,134628.66189028634,135516.12093659132,136988.8751329481,139142.09852041415,142109.237532061,144133.24806118043,145618.96311021774,hurricane_cat1,139659.4564176036,-517.3578971894458,-0.3704424393880389
Cataño,Metro,2030,20218.172114626326,20362.62986504402,20535.79006257551,20765.94746424866,20968.094416854157,21127.95794332241,21242.255480451026,hurricane_cat1,20851.2510626115,-85.3035983628397,-0.4091054206133371
Cayey,Central Mountains,2030,37048.70939599088,37259.77256490656,37547.690388238254,37977.682047052804,38367.197875219324,38648.99776164821,38922.5899864519,hurricane_cat1,38102.48540123623,-124.80335418342293,-0.32754649170306804
Ceiba,East,2030,9483.075145254847,9552.067003209082,9671.518749325522,9856.62729357414,9984.00377499891,10152.091973235858,10230.00792082596,hurricane_cat1,9919.294772083329,-62.667478509189095,-0.631773527746743
Ciales,Central Mountains,2030,14966.597640910177,15048.442836141998,15295.045420569684,15609.085424554038,15934.629397478559,16180.193890903543,16446.160260956985,hurricane_cat1,15674.525737195108,-65.4403126410707,-0.41749469003571255
Cidra,Central Mountains,2030,35393.007656768226,35718.893277777526,36190.31281659282,36736.47151134543,37311.47049993623,37654.31282907611,37962.95522958434,hurricane_cat1,36839.569658490356,-103.09814714492677,-0.27985708872461246
Coamo,South,2030,28955.22637795735,29352.29810985754,30020.812075247253,30935.604051384096,31624.505557704662,32488.016637745714,32762.97194368031,hurricane_cat1,31137.665417468073,-202.0613660839772,-0.6489290811462756
Comerío,Central Mountains,2030,16919.144493634725,17016.83542737938,17182.406553984612,17393.740326483356,17514.21588140305,17690.617851491606,17790.166340298456,hurricane_cat1,17444.721756530314,-50.98143004695885,-0.2922455901474857
Corozal,Central Mountains,2030,30408.289555196086,30715.20568671658,31321.050754067033,31961.29325669526,32460.592923609496,32961.803173017615,33195.48084620131,hurricane_cat1,32083.23820941755,-121.9449527222896,-0.38008929125643715
Culebra,East,2030,1037.1048040010596,1065.4684900025632,1109.3274745587785,1167.29794089683,1234.1725795377265,1286.0960404052894,1326.8593272753633,hurricane_cat1,1173.1849954390273,-5.8870545421973475,-0.5018010428947145
Dorado,North,2030,32172.356011771706,32600.429136337338,32895.55437539684,33213.70065972187,33515.479077470896,33811.67245673606,34044.54175215994,hurricane_cat1,33340.7663419366,-127.06568221472844,-0.3811120623670338
Fajardo,East,2030,26125.355271714452,26420.088741836877,27044.992810352876,27938.755235949466,28689.893506451153,29265.341979983725,29860.13686891225,hurricane_cat1,28143.856192315958,-205.10095636649203,-0.7287592537602938
Florida,North,2030,10388.77565384053,10439.459013344363,10566.782822524463,10693.154372144421,10829.587059635562,10930.626775265111,10985.5525762999,hurricane_cat1,10730.264902945726,-37.110530801304776,-0.34584915784434184
Guayama,South,2030,30159.32488826589,30388.35004777637,31216.85378676073,31844.153837861082,32503.723753756443,33112.180470884545,33546.39726996468,hurricane_cat1,32031.711450665498,-187.55761280441584,-0.5855372826184694
Guayanilla,South,2030,15334.169361329683,15420.944638212231,15612.830080966389,15757.553670997648,15960.32247416618,16213.934736512992,16290.22653559276,hurricane_cat1,15828.657014465625,-71.10334346797754,-0.449206419742351
Guaynabo,Metro,2030,78142.80391938149,78837.18780709014,80514.5665276596,81893.79415927935,83660.1290204784,85446.3582339827,86324.18272603473,hurricane_cat1,82207.01388751614,-313.21972823678516,-0.38101338733135803
Gurabo,East,2030,32435.320988179523,33076.400047346055,34303.75568656484,35509.50945617722,36877.10904051496,37840.8154359857,39166.814820635904,hurricane_cat1,35783.39562553462,-273.8861693573999,-0.7654001655504094
Guánica,West,2030,10593.191922980604,10720.861861434745,10973.28545866416,11229.536741413678,11484.261276274217,11728.072013340246,11893.40783351718,hurricane_cat1,11291.75443553799,-62.2176941243124,-0.5510011263484236
Hatillo,North,2030,34414.16445241275,34689.23118170527,35133.197776629524,35529.279278682254,35912.9761442961,36323.756925437076,36579.50674318034,hurricane_cat1,35650.47867560583,-121.1993969235773,-0.3399656931016444
Hormigueros,West,2030,14083.84613336427,14124.196116895548,14256.039884386939,14373.686559622598,14510.335325593802,14648.887850081499,14717.56635797482,hurricane_cat1,14419.760860874094,-46.074301251495854,-0.3195219511338202
Humacao,East,2030,43572.25264669066,43885.13451536497,44293.639553732006,44769.89747826278,45201.76675249344,45651.92890357754,45852.56563380288,hurricane_cat1,45058.902225087935,-289.0047468251578,-0.6413932265403605
Isabela,West,2030,38023.507273690375,38436.351475307536,39045.36360699486,39661.80562293692,40347.168651879,41208.36366026167,41632.67529429022,hurricane_cat1,39770.815603938216,-109.009981001298,-0.2740954122914782
Jayuya,Central Mountains,2030,13148.422694244682,13253.284759329697,13376.601454057789,13607.054241381702,13836.309237405872,14098.220863115834,14205.602181730263,hurricane_cat1,13652.669167884018,-45.61492650231594,-0.3341099527235204
Juana Díaz,South,2030,40335.2489665646,40716.65077410598,41327.228902049166,42189.66323858613,42826.7709672858,43368.980933272396,43587.01823782431,hurricane_cat1,42441.56356739308,-251.9003288069507,-0.5935227348704
Juncos,East,2030,31636.37656616616,31840.37703959659,32304.93354852013,32712.448489930015,33112.5727882037,33465.81105621465,33599.84811263228,hurricane_cat1,32915.56698267581,-203.11849274579436,-0.6170894545207138
Lajas,West,2030,20764.82334029807,20924.11365799725,21228.234433677582,21575.431588787367,22019.381616007064,22288.507846421828,22543.994787596188,hurricane_cat1,21658.078603407055,-82.64701461968798,-0.38159901500536014
Lares,Central Mountains,2030,23419.11473597538,23798.948887766826,24731.127685255444,25964.957052582286,26978.47118249379,27736.995293938828,28071.919255752895,hurricane_cat1,26031.482171387048,-66.52511880476231,-0.2555564003876988
Las Marías,West,2030,7534.6603375406,7648.460286799802,7852.502021528526,8105.515335268035,8397.607969700077,8585.945583359222,8642.000386268159,hurricane_cat1,8119.608022551693,-14.092687283657142,-0.17356364056633772
Las Piedras,East,2030,29882.837340449118,30026.877525977114,30383.478343716575,30993.470053503846,31469.127465924466,32054.258191827044,32330.211254859867,hurricane_cat1,31198.15046721628,-204.68041371243453,-0.6560658585434971
Loíza,East,2030,19649.33981084016,19820.383497987426,20047.950182604785,20274.031661345478,20502.851373093865,20726.98515661302,20801.73764861463,hurricane_cat1,20406.391241499055,-132.35958015357755,-0.6486182617356032
Luquillo,East,2030,15189.065802042673,15268.947996041177,15447.47716290136,15606.818968549676,15823.473911808704,15989.918385552353,16100.537016880118,hurricane_cat1,15705.058558458888,-98.23958990921165,-0.6255283260710855
Manatí,North,2030,34769.98690841441,35013.37877468526,35653.20834470258,36273.28127794906,36844.64861885837,37514.50649262104,37853.95823680057,hurricane_cat1,36389.54838612415,-116.26710817508865,-0.3195068730762895
Maricao,West,2030,4409.090307291862,4496.987637459999,4605.4824886169445,4718.723510735718,4872.661904799655,4960.3159841932165,5046.59811644269,hurricane_cat1,4741.686824509237,-22.963313773519076,-0.4842857536441321
Maunabo,East,2030,8917.962290043813,8999.08964362581,9099.154034284125,9219.60747812406,9360.782656419979,9490.670175284471,9558.403869214415,hurricane_cat1,9275.139108953008,-55.53163082894753,-0.5987148028361595
Mayagüez,West,2030,64162.62399242191,64676.01087524313,65627.74385640558,66485.29004134025,67358.64032681305,68078.74959641592,68596.34429151201,hurricane_cat1,66754.57850262358,-269.2884612833295,-0.40340073643449936
Moca,West,2030,32788.00430833883,33223.565812641005,33945.13905830381,34535.81881263071,35218.80589439112,36105.637228222186,36467.08723758807,hurricane_cat1,34658.9063596762,-123.0875470454921,-0.35513973166994656
Morovis,Central Mountains,2030,25447.92941257141,25701.68809920454,26093.863478639287,26478.03767586832,26877.674931728514,27315.327125967007,27544.906550172753,hurricane_cat1,26579.612252060244,-101.57457619192428,-0.3821522121115631
Naguabo,East,2030,19017.631221090898,19560.187153243634,19969.648005253395,20581.941145389923,21003.16689241794,21414.112474381713,21696.432141104404,hurricane_cat1,20723.070399456967,-141.1292540670438,-0.6810248256973638
Naranjito,Central Mountains,2030,25790.481254198512,26085.440294883596,26480.800102349793,26995.276432478386,27477.637403243814,27867.49197551148,28310.98659031493,hurricane_cat1,27123.132363262972,-127.85593078458623,-0.47139072682387223
Orocovis,Central Mountains,2030,18964.55488527559,19083.05883322511,19348.99760835641,19641.92634563652,19983.78177575272,20326.342879868334,20409.28111847881,hurricane_cat1,19718.946317461796,-77.01997182527703,-0.3905886784481645
Patillas,South,2030,13595.64635826161,13617.735997109157,13775.989919191195,13932.499625009623,14079.440081691067,14220.215590711137,14349.02167871615,hurricane_cat1,14014.849465748914,-82.34984073929081,-0.5875899055537253
Peñuelas,South,2030,17310.293146394728,17443.592429372206,17800.62723057827,18162.685272734885,18672.925393982656,19026.24258018705,19289.968919016257,hurricane_cat1,18262.70030517054,-100.01503243565458,-0.5476464639094926
Ponce,South,2030,116180.31894877556,117335.91373985527,118966.83161831982,120997.71866718089,123371.30058135159,125157.01182241856,126368.24128609254,hurricane_cat1,121605.13860545706,-607.4199382761726,-0.4995018674720005
Quebradillas,North,2030,21133.33361225599,21254.239999807112,21477.207418833237,21743.98363218898,21996.819990214095,22203.21696808448,22314.409055613996,hurricane_cat1,21803.341788760816,-59.358156571834115,-0.27224338886634364
Rincón,West,2030,13356.940120361807,13563.351181787164,13853.072138441214,14206.67459444522,14534.204131746408,14826.249619943088,15048.492435624292,hurricane_cat1,14260.080064413814,-53.40546996859484,-0.3745103093906799
Río Grande,East,2030,39804.33512157612,40113.08882716524,40517.59341868307,41023.74322665531,41543.30133624415,41934.626961459275,42267.692083202026,hurricane_cat1,41293.887098130544,-270.14387147523666,-0.6541982130024921
Sabana Grande,West,2030,20427.394927486966,20537.645840117297,20784.959730860286,21080.31377382084,21440.38457504267,21738.056658259717,21899.873422069955,hurricane_cat1,21148.917962671665,-68.60418885082618,-0.32438628289122956
Salinas,South,2030,21949.010847846755,22128.9426225457,22435.205026481148,22785.895407388307,23220.573010452677,23453.032309579583,23528.051859276995,hurricane_cat1,22914.53450321169,-128.63909582338238,-0.5613864676384868
San Germán,West,2030,28088.7848895008,28358.096304373765,28764.61837115297,29354.74771264631,29822.221722740993,30317.913339257248,30683.905467441673,hurricane_cat1,29445.83651869132,-91.08880604501246,-0.3093435840655845
San Juan,Metro,2030,293036.3697887669,297539.0569796134,303047.403475341,308797.8345440754,315509.28508066677,321265.3101178507,324886.8023228318,hurricane_cat1,310183.1040920414,-1385.2695479659596,-0.4465973580414313
San Lorenzo,East,2030,31591.011246716265,31994.817253892634,32729.963955879422,33289.66355843177,33744.38911640438,34112.810347978906,34492.037429909295,hurricane_cat1,33488.35607665528,-198.69251822350634,-0.5933182201261138
San Sebastián,West,2030,33882.36066273549,34522.154833994704,35315.89584688611,36297.7959257292,37264.732303232864,38156.683475756465,38807.94266076067,hurricane_cat1,36428.33490160374,-130.53897587453685,-0.3583446134091348
Santa Isabel,South,2030,17376.396460074364,17507.102711379815,17812.242365478814,18082.565431809817,18438.85668665697,18658.2170529382,18905.13531049339,hurricane_cat1,18182.450456683262,-99.88502487344522,-0.5493485331441166
Toa Alta,Metro,2030,58198.48206037299,58750.56133812662,59845.384524421446,60999.988054151305,62258.834555065674,63321.93046180333,63780.627755349735,hurricane_cat1,61270.45141250856,-270.4633583572577,-0.441425437747047
Toa Baja,Metro,2030,66145.68727866889,66413.9580643114,66921.69358533432,67856.86949589991,68666.4369612149,69161.27879054709,69790.06512168238,hurricane_cat1,68057.10670806433,-200.2372121644148,-0.29421940169062166
Trujillo Alto,Metro,2030,59249.48084159216,59479.505918237584,60453.10549234874,61497.40587142708,62775.98131287262,63637.42133125334,64046.53653329355,hurricane_cat1,61748.09173686209,-250.68586543500714,-0.4059815589173161
Utuado,Central Mountains,2030,24989.0872867982,25208.302127724586,25500.379427531097,25873.051016243517,26270.13969941534,26569.48144829195,26733.784142997538,hurricane_cat1,25963.929482284104,-90.87846604058723,-0.3500181515382565
Vega Alta,North,2030,31608.008248888822,31723.889506626143,32089.442276097194,32509.2283722263,32853.45366867273,33138.00233337255,33371.51925491309,hurricane_cat1,32594.315803499536,-85.0874312732376,-0.2610499075550531
Vega Baja,North,2030,46497.95637158289,47389.91952705168,48733.76575855431,49753.813612844984,50928.1549674859,51839.732390909165,52566.89411904623,hurricane_cat1,49963.2067624506,-209.3931496056175,-0.4190946962255134
Vieques,East,2030,7008.176226001,7040.3031872589545,7115.768061052455,7189.856730459898,7272.512486264095,7346.133733285317,7401.882841093164,hurricane_cat1,7234.8927967295895,-45.03606626969122,-0.622484223816682
Villalba,South,2030,18992.39514507934,19137.705973037584,19359.57050550876,19652.164735428654,19924.313611040823,20316.333641855043,20373.303737083614,hurricane_cat1,19769.00328899523,-116.83855356657659,-0.5910189393899128
Yabucoa,East,2030,25163.249620267354,25371.101071266385,25724.141808368677,26178.118105998605,26546.947105255887,26980.420542115287,27286.405290283194,hurricane_cat1,26354.908559677267,-176.79045367866274,-0.6708065530879901
Yauco,South,2030,29385.203859073034,29572.65673170155,29921.91543374945,30263.58868981561,30748.50616035052,31215.296907435615,31425.140904308904,hurricane_cat1,30412.377634623408,-148.78894480779854,-0.4892381207262389
Adjuntas,Central Mountains,2030,16134.072985589395,16291.365808119988,16472.228019207723,16669.05775157407,16906.196018089213,17077.291036481784,17155.243316425174,hurricane_cat2,16763.24403947364,-94.18628789957074,-0.5618619384039473
Aguada,West,2030,33696.451723706174,33936.31230001913,34376.56105627319,34797.608649532354,35265.35208050263,35668.95775942111,35957.552349649464,hurricane_cat2,35062.05450983974,-264.4458603073872,-0.7542223751696401
Aguadilla,West,2030,47066.471489553034,47689.90484511172,49034.83265313487,50137.74001001583,51006.64141142697,52350.849587627796,52979.47332750094,hurricane_cat2,50400.442917010456,-262.7029069946293,-0.5212313459768535
Aguas Buenas,Central Mountains,2030,21283.46087714768,21434.03413335633,21716.23610260844,21942.214485868695,22153.38478158073,22314.81076269673,22497.427446297104,hurricane_cat2,22080.670549273622,-138.45606340492668,-0.6270464617275013
Aibonito,Central Mountains,2030,21097.681581773155,21375.886785448518,21981.20716214316,22670.61816693966,23342.165311044588,23841.87395666953,24351.929457138736,hurricane_cat2,22867.330605295763,-196.7124383561022,-0.8602334997096088
Arecibo,North,2030,76399.06838332205,77488.4396380417,78653.98174714964,80178.57231246299,81789.71686438218,83165.29346974418,84073.527983951,hurricane_cat2,80689.11899703197,-510.5466845689807,-0.6327330015683532
Arroyo,South,2030,12970.123134221863,13112.065427535248,13362.966852129055,13648.408188251804,13972.2919179526,14259.250106646525,14380.262919435587,hurricane_cat2,13806.294679763378,-157.8864915115737,-1.1435833811587142
Añasco,West,2030,22752.855762715815,22835.391142431505,23061.292899931592,23284.834878241356,23561.327269917994,23761.42457718607,23964.873408424573,hurricane_cat2,23440.507747586067,-155.67286934471122,-0.6641190157697954
Barceloneta,North,2030,20135.918183445854,20273.50661348209,20544.396821989816,20800.24888787041,21101.79620915269,21363.613931010103,21588.26176990585,hurricane_cat2,20925.354861224136,-125.10597335372586,-0.5978678697848718
Barranquitas,Central Mountains,2030,25679.97508039712,26040.478298587255,26423.54887757686,26879.0247650096,27256.36136628501,27611.097676081237,27934.258289322574,hurricane_cat2,27084.886572337047,-205.86180732744833,-0.7600615449418341
Bayamón,Metro,2030,158684.92987201776,159358.40317417262,162244.04735598134,167117.6901707373,171680.39088256436,175193.6225581345,176085.549479737,hurricane_cat2,168400.82569344994,-1283.1355227126332,-0.761953225246295
Cabo Rojo,West,2030,42283.57699646301,42641.49020257519,42974.84192411322,43372.12085504453,43841.395767364615,44074.20989958883,44428.7485720221,hurricane_cat2,43726.58439435572,-354.4635393111894,-0.8106362393055881
Caguas,East,2030,107887.04682478498,108780.19217181025,110009.9329488375,111617.49594978453,112828.78859591906,113849.86970878374,114544.72948338924,hurricane_cat2,112879.85262330543,-1262.3566735209024,-1.1183188533506938
Camuy,North,2030,28924.95144894809,29187.618540238516,29710.450397291646,30308.466851338686,30882.535275492475,31395.889801734025,31760.477814686143,hurricane_cat2,30481.28791056414,-172.82105922545452,-0.5669742687137526
Canóvanas,East,2030,35197.37674497947,35607.69711358566,36270.61476667852,36891.58754294154,37478.469174917125,38129.76957876015,38396.53347376402,hurricane_cat2,37361.72981237517,-470.1422694336288,-1.2583525222055045
Carolina,Metro,2030,133916.55303227465,135151.717454614,136613.03477186637,138651.40175288962,141512.71445979373,143571.0894447707,145321.6719702089,hurricane_cat2,139659.4564176036,-1008.0546647139709,-0.7217947789369378
Cataño,Metro,2030,20205.85385330979,20269.850965378773,20474.22268627556,20687.59559795387,20911.42657650765,21061.056643677155,21188.364771567736,hurricane_cat2,20851.2510626115,-163.65546465762964,-0.784871201091052
Cayey,Central Mountains,2030,36901.926434577465,37129.91197671834,37425.88263083119,37859.8993256758,38214.574302257366,38523.402193541595,38849.697165578844,hurricane_cat2,38102.48540123623,-242.5860755604299,-0.636667327618894
Ceiba,East,2030,9422.871752974734,9494.989687956579,9618.969411445334,9796.809249797909,9926.717693311919,10093.29954888187,10165.350311496099,hurricane_cat2,9919.294772083329,-122.4855222854203,-1.2348208728521828
Ciales,Central Mountains,2030,14919.802724678693,14989.394294101807,15231.718186012597,15556.229149729254,15868.803186731848,16129.9384687211,16404.358986985146,hurricane_cat2,15674.525737195108,-118.29658746585483,-0.754706008011082
Cidra,Central Mountains,2030,35253.46943217872,35599.73721410767,36041.70996223047,36587.82866588286,37177.19883823035,37544.42821279927,37805.61328356019,hurricane_cat2,36839.569658490356,-251.7409926074979,-0.683344010098879
Coamo,South,2030,28819.54629256185,29223.933027688305,29830.16313431072,30755.246665989187,31445.740360547912,32294.261391646443,32557.641961047248,hurricane_cat2,31137.665417468073,-382.4187514788864,-1.2281548611680804
Comerío,Central Mountains,2030,16870.38276292627,16973.1344485662,17120.095891202374,17334.092186564492,17466.684680245467,17628.91298147751,17717.716599033218,hurricane_cat2,17444.721756530314,-110.62956996582216,-0.6341721668584867
Corozal,Central Mountains,2030,30343.39130171372,30668.131588465094,31219.981374274583,31872.15294625074,32370.210419364295,32882.03040086558,33067.83556171407,hurricane_cat2,32083.23820941755,-211.08526316680945,-0.6579300436850809
Culebra,East,2030,1031.3958027163728,1059.6225859508277,1103.1078490335067,1161.721325832114,1228.4382940247183,1279.3557593929186,1319.8135173838907,hurricane_cat2,1173.1849954390273,-11.4636696069133,-0.9771408304300196
Dorado,North,2030,32057.538737365867,32478.98531586698,32801.09820547938,33112.47210835021,33411.95460173032,33724.247126597176,33890.884139734306,hurricane_cat2,33340.7663419366,-228.29423358639178,-0.68473001263693
Fajardo,East,2030,26008.555225167103,26244.16120444286,26875.183052122225,27817.352172094706,28510.08373429089,29055.050995140224,29606.483592411114,hurricane_cat2,28143.856192315958,-326.50402022125127,-1.1601253857685494
Florida,North,2030,10376.313194905388,10405.378846045902,10537.897428940345,10663.666322417224,10801.409068187342,10897.301183535496,10943.794401028692,hurricane_cat2,10730.264902945726,-66.59858052850177,-0.6206611032521554
Guayama,South,2030,30007.565223257527,30238.88601615385,31042.44085827021,31679.455292645733,32326.148555057087,32922.45423949706,33339.50173268605,hurricane_cat2,32031.711450665498,-352.2561580197653,-1.099710699387081
Guayanilla,South,2030,15256.474258511938,15336.153932423163,15535.65083743392,15680.323969196808,15884.587555532928,16125.433296310299,16199.12699128702,hurricane_cat2,15828.657014465625,-148.33304526881693,-0.9371170601097559
Guaynabo,Metro,2030,77767.24419850444,78529.39380796185,80224.73620955413,81567.20824393621,83357.13611561632,85152.72452306538,85807.12175904031,hurricane_cat2,82207.01388751614,-639.8056435799226,-0.7782859555698846
Gurabo,East,2030,32227.48995991061,32867.213966699404,34057.8620586139,35256.98038843569,36606.30496619833,37676.235066129964,38958.95004931712,hurricane_cat2,35783.39562553462,-526.4152370989323,-1.4711159404986385
Guánica,West,2030,10538.571939618563,10656.216585646675,10904.341804614189,11163.20821221203,11423.458356474459,11652.881101241663,11824.926831681541,hurricane_cat2,11291.75443553799,-128.54622332596045,-1.138407889223956
Hatillo,North,2030,34307.555309567695,34623.891351972256,35001.99666120812,35421.7488547784,35780.29137359574,36180.87333610684,36460.58886369073,hurricane_cat2,35650.47867560583,-228.72982082742965,-0.641589760711797
Hormigueros,West,2030,14023.157419140836,14076.352602410756,14196.95461826825,14324.084183163588,14453.89542190032,14586.365787913035,14659.124097445414,hurricane_cat2,14419.760860874094,-95.67667771050583,-0.6635108489913343
Humacao,East,2030,43397.18241777431,43639.71271983676,44055.32733885459,44508.008851022445,44954.59931152331,45380.339327292146,45619.6622747984,hurricane_cat2,45058.902225087935,-550.8933740654902,-1.2226071805157368
Isabela,West,2030,37916.53787968995,38281.492844471955,38921.592688636,39497.8624592292,40215.37556020699,41022.73248015368,41403.27697401282,hurricane_cat2,39770.815603938216,-272.9531447090121,-0.6863151800235737
Jayuya,Central Mountains,2030,13099.413484606072,13208.112960073719,13336.017742422413,13545.491258263199,13793.754030970906,14066.646735293445,14148.268104842566,hurricane_cat2,13652.669167884018,-107.17790962081926,-0.7850326430888709
Juana Díaz,South,2030,40127.429002545854,40509.617461055925,41122.548918641914,41970.41718892923,42595.66633803789,43139.47651969273,43303.874753348005,hurricane_cat2,42441.56356739308,-471.1463784638545,-1.1101060820149093
Juncos,East,2030,31437.56465049546,31641.56583133088,32111.43139716431,32525.370951885976,32937.780258455,33284.546029607634,33442.17888762521,hurricane_cat2,32915.56698267581,-390.19603078983346,-1.1854452666581812
Lajas,West,2030,20700.57326509658,20819.79073618014,21154.27076387452,21498.14615800683,21907.617072400586,22201.07171174541,22466.99779600507,hurricane_cat2,21658.078603407055,-159.93244540022351,-0.7384424460213399
Lares,Central Mountains,2030,23353.669290766582,23663.37365351522,24626.342280464894,25859.2288218653,26834.19228864145,27582.711647785007,27971.721633839854,hurricane_cat2,26031.482171387048,-172.2533495217467,-0.6617116474108491
Las Marías,West,2030,7500.117901253579,7605.411426068555,7826.378075835312,8074.823172291219,8375.711434703526,8548.94748091614,8598.693836817612,hurricane_cat2,8119.608022551693,-44.78485026047383,-0.5515641904890823
Las Piedras,East,2030,29713.11096472904,29864.38012538152,30231.945772724812,30788.521050896597,31269.708551885393,31886.438551971038,32138.31427900346,hurricane_cat2,31198.15046721628,-409.6294163196835,-1.3129926299641748
Loíza,East,2030,19539.661900322666,19697.89536437068,19922.33190275517,20156.433488745854,20380.98433619472,20597.50683557968,20670.18010285784,hurricane_cat2,20406.391241499055,-249.95775275320193,-1.2248993454799606
Luquillo,East,2030,15101.603623078276,15180.391230820494,15353.066520937065,15520.604967290124,15737.964986076247,15897.863828278272,16010.138502714317,hurricane_cat2,15705.058558458888,-184.45359116876352,-1.1744852174996516
Manatí,North,2030,34693.950057177,34945.108245469935,35548.252485665405,36169.74677756042,36751.48643589586,37430.54348808552,37747.94302964463,hurricane_cat2,36389.54838612415,-219.8016085637355,-0.6040240077492937
Maricao,West,2030,4400.412500191286,4486.72403402773,4590.433960054811,4696.892369835212,4848.934590076138,4941.695078811079,5017.6779313437455,hurricane_cat2,4741.686824509237,-44.794454674025474,-0.9446945007520964
Maunabo,East,2030,8859.967246981396,8942.748632913277,9042.14552304795,9164.52075708111,9312.122911719394,9437.833488806336,9503.114626431288,hurricane_cat2,9275.139108953008,-110.61835187189718,-1.1926328066079426
Mayagüez,West,2030,63984.04951274899,64485.940352575555,65358.5020105214,66228.25423108647,67160.15283613441,67876.74971788173,68316.66698054785,hurricane_cat2,66754.57850262358,-526.3242715371161,-0.7884467003509439
Moca,West,2030,32695.576481815922,33098.6097389293,33820.27969693353,34461.136464710595,35116.71590624989,35920.14889735139,36282.52172078117,hurricane_cat2,34658.9063596762,-197.76989496560418,-0.5706178172883695
Morovis,Central Mountains,2030,25370.340596257476,25602.546355034494,25985.363359297215,26390.052603061828,26763.405136369565,27177.979381685025,27436.902633924263,hurricane_cat2,26579.612252060244,-189.55964899841638,-0.7131768785819033
Naguabo,East,2030,18902.82143448479,19440.40651825735,19867.299034758762,20444.516087549353,20867.74765405834,21310.459543873072,21565.378518735513,hurricane_cat2,20723.070399456967,-278.55431190761374,-1.3441749052539678
Naranjito,Central Mountains,2030,25680.1727941942,26000.96408600892,26403.97223210986,26890.19031276069,27370.009430158407,27752.345420039554,28153.346982626143,hurricane_cat2,27123.132363262972,-232.94205050228265,-0.858831669522772
Orocovis,Central Mountains,2030,18909.514832745088,19019.375240870428,19266.543954361685,19590.526067451156,19912.70522976022,20217.062022796654,20373.427398690244,hurricane_cat2,19718.946317461796,-128.4202500106403,-0.6512531042133819
Patillas,South,2030,13527.834293656118,13552.336190966764,13709.559270674006,13865.224107760736,14003.991441852704,14149.016850597925,14263.793881864243,hurricane_cat2,14014.849465748914,-149.6253579881777,-1.0676201578464986
Peñuelas,South,2030,17207.829298556215,17350.663296652565,17706.492614668387,18056.854333314863,18572.877422348924,18924.244640436355,19167.78362488711,hurricane_cat2,18262.70030517054,-205.8459718556769,-1.1271387495604785
Ponce,South,2030,115565.31477178913,116709.38186745052,118319.65465271263,120384.99450312834,122767.67843227233,124454.75570303443,125641.95156621069,hurricane_cat2,121605.13860545706,-1220.1441023287189,-1.003365578396672
Quebradillas,North,2030,21085.732043526263,21202.342494523684,21413.74968325653,21678.43085427824,21938.581400314095,22123.01463911571,22221.306730247365,hurricane_cat2,21803.341788760816,-124.91093448257743,-0.5728981166867113
Rincón,West,2030,13301.97977603451,13512.83088166272,13796.167607180929,14158.288432343288,14470.728821006609,14759.065315112828,14966.24843049132,hurricane_cat2,14260.080064413814,-101.79163207052625,-0.7138223040174113
Río Grande,East,2030,39591.325484905596,39918.12115293061,40291.5974255295,40781.08324701604,41304.51629342634,41674.185240074294,42041.15207237657,hurricane_cat2,41293.887098130544,-512.803851114506,-1.2418396211911027
Sabana Grande,West,2030,20356.095837594195,20471.94961127457,20699.98748672181,21011.588611685,21370.109811370574,21632.516339495567,21807.64474740343,hurricane_cat2,21148.917962671665,-137.32935098666348,-0.6493445727533342
Salinas,South,2030,21854.391016304642,22033.00126664345,22317.28197652325,22664.737720418616,23075.189188723794,23323.418363648423,23399.12077036369,hurricane_cat2,22914.53450321169,-249.79678279307336,-1.0901237498761407
San Germán,West,2030,27932.601578877315,28210.150688335954,28640.32957120375,29224.597062888526,29723.42535822823,30241.267511576425,30531.523631000433,hurricane_cat2,29445.83651869132,-221.23945580279542,-0.7513437618332199
San Juan,Metro,2030,292048.64567975595,296582.6038516178,301848.11745970853,307840.5192426443,313800.81073195813,319931.8884362195,323729.6853079933,hurricane_cat2,310183.1040920414,-2342.58484939707,-0.7552264512453744
San Lorenzo,East,2030,31415.735476990874,31845.61706639403,32555.26849039585,33086.28113074474,33525.256639580526,33913.68704134755,34262.556314318375,hurricane_cat2,33488.35607665528,-402.07494591053546,-1.2006410377092884
San Sebastián,West,2030,33749.08186424266,34366.600691562846,35174.34110585243,36132.39804137264,37089.48249902314,38039.65682970726,38571.05939807394,hurricane_cat2,36428.33490160374,-295.9368602311006,-0.812380969458124
Santa Isabel,South,2030,17283.65117045035,17438.949946055694,17711.672475312742,17997.477654498456,18339.79747721847,18570.303036258025,18791.232531557467,hurricane_cat2,18182.450456683262,-184.97280218480591,-1.0173150347664832
Toa Alta,Metro,2030,57970.3717944745,58624.15339834633,59551.269990032895,60778.393550077904,62020.200052287306,63126.43311254819,63514.30459318746,hurricane_cat2,61270.45141250856,-492.05786243065813,-0.8030916226124015
Toa Baja,Metro,2030,65967.10557787947,66228.70007302897,66685.88560370059,67621.42502441345,68430.51726207597,68933.07672978578,69520.74164204068,hurricane_cat2,68057.10670806433,-435.6816836508806,-0.6401707400224452
Trujillo Alto,Metro,2030,59005.50487506429,59257.07233031534,60227.79213026524,61287.5426555355,62498.24884371081,63282.57819602129,63614.37218499477,hurricane_cat2,61748.09173686209,-460.549081326586,-0.7458515208683762
Utuado,Central Mountains,2030,24859.329078093237,25122.062260053786,25419.594409369598,25761.314692916647,26172.66102004943,26431.833210354518,26587.170833918255,hurricane_cat2,25963.929482284104,-202.61478936745698,-0.7803702806453336
Vega Alta,North,2030,31471.47606774676,31630.03103679075,31987.105844770856,32407.74820340545,32734.91906097076,33020.07794416874,33272.01911328516,hurricane_cat2,32594.315803499536,-186.56760009408754,-0.5723930553377544
Vega Baja,North,2030,46414.904694477926,47243.9435230749,48577.923744869535,49596.59209054866,50693.119250048505,51651.609932025094,52395.681963159186,hurricane_cat2,49963.2067624506,-366.61467190194526,-0.7337692987662098
Vieques,East,2030,6971.171586010419,6997.870609460151,7074.2752265609415,7147.188359618567,7225.56385436944,7308.307899418401,7360.597503455956,hurricane_cat2,7234.8927967295895,-87.70443711102234,-1.2122423866552334
Villalba,South,2030,18924.923983060835,19048.78605577048,19262.245215368173,19553.266735099332,19832.936235698748,20173.67885919182,20255.923085176866,hurricane_cat2,19769.00328899523,-215.7365538958984,-1.0912869543402424
Yabucoa,East,2030,25017.29102835359,25224.379800361243,25560.201221038773,26020.806257331722,26398.676994406924,26834.55656877369,27097.879287855187,hurricane_cat2,26354.908559677267,-334.10230234554547,-1.2677042744770455
Yauco,South,2030,29234.681985153875,29432.65782612829,29771.538706529667,30112.609995835544,30588.14586370173,31022.99270584102,31243.95221792518,hurricane_cat2,30412.377634623408,-299.7676387878637,-0.9856764321070014
Adjuntas,Central Mountains,2030,16034.482844615359,16172.1738153449,16365.050799902852,16574.511399645235,16810.59490293136,16967.819069832476,17066.891319065737,hurricane_cat3,16763.24403947364,-188.7326398284058,-1.1258718144529973
Aguada,West,2030,33508.034694689806,33748.303822099675,34240.09367950508,34597.17204317536,35066.59063790857,35455.39489415098,35780.38398764083,hurricane_cat3,35062.05450983974,-464.882466664385,-1.325884843781534
Aguadilla,West,2030,46724.37066047672,47335.07646482023,48643.57808095158,49819.8079394846,50716.075581322926,52003.26108126017,52704.263479606714,hurricane_cat3,50400.442917010456,-580.6349775258568,-1.1520434026382116
Aguas Buenas,Central Mountains,2030,21199.491534039178,21306.943719319253,21585.260540389623,21818.053988530206,22040.42577826626,22213.82942309915,22338.66466847173,hurricane_cat3,22080.670549273622,-262.6165607434159,-1.1893504780906896
Aibonito,Central Mountains,2030,20939.258641519333,21232.995174725296,21858.7401513218,22487.646385545817,23202.844264370626,23706.205931768152,24203.967427674328,hurricane_cat3,22867.330605295763,-379.68421974994635,-1.6603784075348813
Arecibo,North,2030,75964.79896072792,76975.85547604461,78184.96259242478,79796.03189523672,81301.65246417595,82634.47178025576,83572.89925562855,hurricane_cat3,80689.11899703197,-893.087101795245,-1.1068247031276868
Arroyo,South,2030,12863.381197569772,13007.371520682593,13262.380938694052,13546.65298776437,13855.98727355677,14141.76843111396,14262.865338562387,hurricane_cat3,13806.294679763378,-259.6416919990079,-1.8806037247602614
Añasco,West,2030,22572.87946274661,22721.069741611693,22935.26195233954,23133.35148723708,23408.727984076082,23613.738590107947,23841.897461211018,hurricane_cat3,23440.507747586067,-307.1562603489874,-1.3103652175820242
Barceloneta,North,2030,20037.96268417667,20165.706822877208,20447.36584592932,20670.075444350463,20972.74072804374,21283.828856918768,21462.875285318114,hurricane_cat3,20925.354861224136,-255.27941687367274,-1.219952629557169
Barranquitas,Central Mountains,2030,25479.913225726395,25856.667934580226,26296.891947375152,26716.84833306186,27090.886009012167,27494.32847384183,27701.716931140672,hurricane_cat3,27084.886572337047,-368.03823927518897,-1.3588324924021729
Bayamón,Metro,2030,157588.8614892634,158479.02658483663,161460.52048178727,166097.5918176449,170624.06891595185,174033.91833123978,175391.8944311405,hurricane_cat3,168400.82569344994,-2303.2338758050464,-1.3677093721605382
Cabo Rojo,West,2030,42051.61220611466,42373.687331769426,42703.548305874225,43122.32099996363,43608.08978396621,43872.54939445432,44156.81722832151,hurricane_cat3,43726.58439435572,-604.2633943920882,-1.381913091913228
Caguas,East,2030,106899.17367169893,107753.0673471787,109107.91130095127,110660.40958563796,111782.85434750371,112913.87557824772,113642.06308653897,hurricane_cat3,112879.85262330543,-2219.443037667472,-1.9661994466577117
Camuy,North,2030,28740.25282547229,28993.13477258625,29580.20154414887,30140.549476685545,30742.075543240102,31245.275793591798,31499.038116196196,hurricane_cat3,30481.28791056414,-340.73843387859597,-1.1178610132169107
Canóvanas,East,2030,34903.04378301125,35271.94820743635,35945.13726238541,36544.964178051785,37131.635297885245,37816.781833977846,38065.645757624334,hurricane_cat3,37361.72981237517,-816.765634323383,-2.186102298863178
Carolina,Metro,2030,133113.7211257715,134230.49100382108,135749.4911845645,137710.96333235837,140613.41837923776,142669.36509294223,144107.0804122483,hurricane_cat3,139659.4564176036,-1948.4930852452235,-1.3951744731262055
Cataño,Metro,2030,20079.861818523623,20174.039426796513,20370.492560931085,20576.002740325715,20787.291808190537,20937.961819968306,21098.97690695314,hurricane_cat3,20851.2510626115,-275.2483222857845,-1.3200566309392048
Cayey,Central Mountains,2030,36608.810293050476,36880.651903812875,37172.09786600541,37631.16706448316,37976.724150666385,38330.56691339255,38617.11033834256,hurricane_cat3,38102.48540123623,-471.3183367530655,-1.236975309589053
Ceiba,East,2030,9342.17266547397,9406.45251346425,9536.307405291536,9714.704142302438,9843.111062186817,10015.586167331254,10093.991062618903,hurricane_cat3,9919.294772083329,-204.5906297808906,-2.062552172123027
Ciales,Central Mountains,2030,14822.141625336033,14897.678533614819,15137.395907196647,15452.389786270005,15780.496699652871,16045.674873599102,16354.084876438437,hurricane_cat3,15674.525737195108,-222.13595092510332,-1.4171781312526883
Cidra,Central Mountains,2030,34998.65094066757,35287.97740122117,35810.24259237787,36352.66259824968,36950.19754034479,37382.31316207156,37594.105600542374,hurricane_cat3,36839.569658490356,-486.90706024067913,-1.321695841602923
Coamo,South,2030,28610.354771804108,29000.181523763986,29595.58615491252,30508.001225202635,31170.601853560012,32000.70586412995,32292.102987854396,hurricane_cat3,31137.665417468073,-629.664192265438,-2.022194611649336
Comerío,Central Mountains,2030,16776.947652695722,16857.99274081934,17018.055160931563,17229.219677582827,17369.808510668114,17534.37662225063,17635.501377404908,hurricane_cat3,17444.721756530314,-215.50207894748746,-1.235342597922582
Corozal,Central Mountains,2030,30169.488299819874,30499.115444716652,31042.27524851213,31662.100904781717,32166.459264137193,32750.56578340185,32873.58297472971,hurricane_cat3,32083.23820941755,-421.13730463583124,-1.312639646556041
Culebra,East,2030,1022.561862299549,1050.0227283487745,1093.126804022002,1152.0981664272294,1217.4583511891951,1268.1412077833293,1308.5400150021364,hurricane_cat3,1173.1849954390273,-21.086829011797818,-1.797400162274215
Dorado,North,2030,31893.537140337125,32263.794677436224,32610.04029547626,32936.61117210853,33242.62193170295,33570.66785416377,33707.19840895713,hurricane_cat3,33340.7663419366,-404.1551698280673,-1.2121952017632955
Fajardo,East,2030,25764.508067826297,25991.249566004066,26612.0163010387,27551.977379628326,28229.512606497447,28811.337136613925,29316.252621874155,hurricane_cat3,28143.856192315958,-591.8788126876316,-2.1030480281136126
Florida,North,2030,10302.858706375802,10356.683971287639,10478.336600948094,10611.664974994186,10735.11465429312,10845.82597999059,10899.867676882222,hurricane_cat3,10730.264902945726,-118.59992795153994,-1.1052842499627507
Guayama,South,2030,29752.05173899306,29980.797801270957,30786.629630310847,31401.55658964502,32028.221196342583,32669.053288828596,33050.28879739143,hurricane_cat3,32031.711450665498,-630.1548610204773,-1.9672843956247146
Guayanilla,South,2030,15128.500227833994,15208.142411348106,15405.232521639738,15570.05197140851,15748.627228194911,16000.93792046186,16069.574485962721,hurricane_cat3,15828.657014465625,-258.60504305711584,-1.6337775391859188
Guaynabo,Metro,2030,77166.2894708695,78034.15648199353,79876.22885937903,81106.57394848457,82863.64628508783,84669.47478192885,85646.19425302507,hurricane_cat3,82207.01388751614,-1100.4399390315666,-1.3386204984130656
Gurabo,East,2030,31906.68404982985,32538.676928527286,33704.411239020475,34911.14504154002,36209.15646340354,37362.07292278819,38558.33585144705,hurricane_cat3,35783.39562553462,-872.2505839946025,-2.437584719802764
Guánica,West,2030,10438.089342835441,10567.123109458777,10806.98990334338,11064.815191594014,11329.062427420999,11553.120123784045,11741.663017523288,hurricane_cat3,11291.75443553799,-226.93924394397618,-2.0097784205237526
Hatillo,North,2030,34127.52322421602,34431.09152036768,34833.64930662143,35239.09922698123,35618.84881604532,35990.962200316375,36285.95023677207,hurricane_cat3,35650.47867560583,-411.37944862460427,-1.1539240534969155
Hormigueros,West,2030,13957.466609271527,13987.914194212282,14105.838272160969,14244.505362138218,14364.435217608085,14502.08994542942,14560.068467185018,hurricane_cat3,14419.760860874094,-175.25549873587624,-1.215384224653866
Humacao,East,2030,42999.14380182654,43220.15529134612,43649.98339825673,44069.23217507602,44560.82284231638,44970.371950623194,45280.51655141638,hurricane_cat3,45058.902225087935,-989.6700500119186,-2.1963918363303785
Isabela,West,2030,37690.82602721551,38087.69413592124,38701.51377522404,39305.504648704526,39942.43506741293,40767.80324952694,41141.19931866091,hurricane_cat3,39770.815603938216,-465.31095523369004,-1.1699809223616064
Jayuya,Central Mountains,2030,12997.258232709615,13119.11562131978,13252.163293107677,13465.705245395195,13712.319459871927,13962.168350187036,14064.824613620325,hurricane_cat3,13652.669167884018,-186.9639224888233,-1.3694312825555723
Juana Díaz,South,2030,39857.46412395046,40202.5629330614,40813.16698670282,41636.244107761166,42228.38429843377,42762.943352560746,42939.71348222098,hurricane_cat3,42441.56356739308,-805.3194596319154,-1.8974783017905226
Juncos,East,2030,31137.04445650223,31345.998751259307,31816.22590368372,32233.74550211918,32630.899354939185,32959.985073407464,33157.83796832262,hurricane_cat3,32915.56698267581,-681.8214805566276,-2.0714255990652854
Lajas,West,2030,20603.98017520573,20740.894440741642,21027.357712421115,21372.48079286494,21794.476588395137,22125.903461425965,22380.015607729383,hurricane_cat3,21658.078603407055,-285.59781054211635,-1.318666423609658
Lares,Central Mountains,2030,23197.620682382643,23456.61891717045,24478.769022229077,25645.47753572721,26619.15292922085,27369.158347637556,27768.073824127434,hurricane_cat3,26031.482171387048,-386.00463565983955,-1.4828377159565782
Las Marías,West,2030,7459.507538778492,7563.514846449044,7764.820300001423,8023.173842156951,8314.1306098895,8497.957634712007,8553.223687840198,hurricane_cat3,8119.608022551693,-96.43418039474182,-1.1876703915620315
Las Piedras,East,2030,29408.72411056828,29587.867835541598,29966.176341105453,30504.544403702184,30971.522613621888,31608.366563018022,31833.23112768429,hurricane_cat3,31198.15046721628,-693.6060635140966,-2.2232281501525337
Loíza,East,2030,19355.08922943806,19515.983820519283,19732.646891319382,19976.4763062668,20193.303219976762,20407.25544763782,20487.35267399717,hurricane_cat3,20406.391241499055,-429.91493523225654,-2.1067661113836165
Luquillo,East,2030,14948.285611573801,15043.454928466288,15220.96575529488,15383.992200151839,15604.234239867,15737.310810043486,15879.9349982175,hurricane_cat3,15705.058558458888,-321.0663583070491,-2.0443499596766532
Manatí,North,2030,34546.466027565424,34738.787878006995,35364.587747812286,35988.664078404785,36522.96870328494,37247.10922474588,37544.8852928956,hurricane_cat3,36389.54838612415,-400.8843077193669,-1.1016468340459804
Maricao,West,2030,4377.51873423964,4465.930173149897,4562.9111491063595,4664.943138014754,4819.865398497195,4914.869778586307,4988.530353052134,hurricane_cat3,4741.686824509237,-76.74368649448297,-1.6184891439435356
Maunabo,East,2030,8774.816855467394,8857.234268892536,8951.00034401461,9076.997566578068,9225.711489297375,9359.452375471386,9414.819337119761,hurricane_cat3,9275.139108953008,-198.1415423749404,-2.1362649125518822
Mayagüez,West,2030,63637.58479546159,64207.43084432298,64951.504071751384,65891.91976425398,66784.5933719028,67610.3191575119,67920.10196689995,hurricane_cat3,66754.57850262358,-862.6587383696024,-1.2922840016669392
Moca,West,2030,32582.41919400001,32895.50396330483,33638.07139931967,34281.03249800626,34926.98133427632,35637.06615663826,36045.37070564767,hurricane_cat3,34658.9063596762,-377.8738616699411,-1.09026481605772
Morovis,Central Mountains,2030,25246.070789188885,25421.637391818647,25822.061027829386,26239.384196341103,26590.75190397539,27011.81144571345,27278.519360313483,hurricane_cat3,26579.612252060244,-340.2280557191407,-1.2800339316190321
Naguabo,East,2030,18736.22334979082,19256.725762637183,19685.697100848534,20264.076128746405,20685.33693507714,21062.13721883916,21331.434102093284,hurricane_cat3,20723.070399456967,-458.994270710562,-2.2148950993410206
Naranjito,Central Mountains,2030,25469.12574991428,25828.99027900979,26239.3894294056,26728.27197864507,27193.659382923906,27587.90221538402,27973.319608313595,hurricane_cat3,27123.132363262972,-394.86038461790304,-1.4558067236832983
Orocovis,Central Mountains,2030,18816.45217970631,18927.666607535946,19160.064512915604,19460.514520463978,19803.202932976852,20109.52162677836,20237.97153217934,hurricane_cat3,19718.946317461796,-258.4317969978183,-1.3105760969031504
Patillas,South,2030,13417.018846370725,13441.766895579754,13598.291511906984,13763.263649524666,13895.380706016254,14036.928673826282,14147.272708464176,hurricane_cat3,14014.849465748914,-251.58581622424754,-1.7951374849876314
Peñuelas,South,2030,17060.74286789488,17204.034110057066,17549.120817551124,17915.79252418189,18409.536170331434,18772.74726030543,19008.586658494747,hurricane_cat3,18262.70030517054,-346.9077809886512,-1.899542648084931
Ponce,South,2030,114819.28441675285,115668.56476314922,117269.53685605878,119363.23843096689,121759.2903750717,123375.08455291949,124603.84444245575,hurricane_cat3,121605.13860545706,-2241.900174490176,-1.8435899997317797
Quebradillas,North,2030,20943.70714963205,21095.363819580565,21307.01324298025,21573.565851656094,21812.108812869596,22018.56282550615,22146.574106963428,hurricane_cat3,21803.341788760816,-229.77593710472138,-1.0538565112214415
Rincón,West,2030,13219.215095316773,13443.02406724669,13688.252280257679,14086.314734982407,14362.701062507382,14717.260148581861,14867.685141825781,hurricane_cat3,14260.080064413814,-173.76532943140774,-1.2185438556200046
Río Grande,East,2030,39243.73210293024,39576.15316245601,39940.91724540903,40383.25184658874,40926.18050158887,41311.56451438268,41641.869228663825,hurricane_cat3,41293.887098130544,-910.6352515418039,-2.205254374280086
Sabana Grande,West,2030,20216.393054985158,20362.936916159404,20576.296169261648,20902.482563239028,21258.44041144243,21562.191789155055,21682.000577610368,hurricane_cat3,21148.917962671665,-246.4353994326375,-1.1652388073356839
Salinas,South,2030,21689.947842992366,21846.9195115662,22144.840932131705,22483.479482684437,22883.263562756132,23149.199005825714,23220.841290168584,hurricane_cat3,22914.53450321169,-431.05502052725205,-1.8811423835244638
San Germán,West,2030,27746.709654236663,28019.58615073391,28476.72324059362,29039.778872405695,29563.712787158416,30085.59267255423,30456.26141082969,hurricane_cat3,29445.83651869132,-406.0576462856261,-1.378998508084065
San Juan,Metro,2030,291088.9586518902,294472.1424686361,299794.15716953494,305846.0276996392,311481.1609311961,318259.84353937104,321722.87022343674,hurricane_cat3,310183.1040920414,-4337.076392402174,-1.3982310239294087
San Lorenzo,East,2030,31109.78010875477,31568.668890716635,32216.269412946065,32779.50449151265,33198.17323246427,33615.63307667594,33983.77946844838,hurricane_cat3,33488.35607665528,-708.8515851426273,-2.1167106068749892
San Sebastián,West,2030,33491.436020959314,34165.132993184016,34906.1954968248,35901.2071904093,36820.595396567434,37794.25573726496,38298.89907342142,hurricane_cat3,36428.33490160374,-527.1277111944364,-1.4470266418112618
Santa Isabel,South,2030,17152.949246434047,17303.75476193475,17589.523676007328,17855.93952441498,18193.871932105343,18423.959316868408,18648.26444924193,hurricane_cat3,18182.450456683262,-326.5109322682838,-1.795747680138841
Toa Alta,Metro,2030,57572.0494000504,58291.92112260772,59207.18306120828,60397.813171451664,61751.76324241277,62691.28305163391,63130.97914513053,hurricane_cat3,61270.45141250856,-872.6382410568986,-1.4242399410146123
Toa Baja,Metro,2030,65550.29397399303,65785.5508982626,66336.01240377755,67215.5670895614,68011.95822556477,68545.53809950859,69163.77189942593,hurricane_cat3,68057.10670806433,-841.539618502924,-1.2365198275512452
Trujillo Alto,Metro,2030,58584.94286269683,58866.01854253928,59907.47411740542,60932.05153863151,62104.76452450486,62841.85111877409,63246.78901443359,hurricane_cat3,61748.09173686209,-816.0401982305775,-1.3215634285640954
Utuado,Central Mountains,2030,24698.152791496006,25029.183670845534,25290.16779738741,25616.653221856024,26053.82389031317,26290.527962747237,26417.91871933493,hurricane_cat3,25963.929482284104,-347.2762604280797,-1.337533521900203
Vega Alta,North,2030,31278.397894852373,31460.83236327578,31816.994906379332,32248.216633182732,32544.34977641932,32865.05933770926,33108.73931786047,hurricane_cat3,32594.315803499536,-346.0991703168038,-1.06183904090309
Vega Baja,North,2030,46157.92964554579,46940.3880960633,48228.55517166527,49270.13151641929,50426.86682977238,51372.922651550914,52023.45520177078,hurricane_cat3,49963.2067624506,-693.0752460313088,-1.3871712624982735
Vieques,East,2030,6905.46497239923,6935.891129035134,7007.052182134825,7081.387395213731,7159.915091326178,7249.981809849736,7292.669533150983,hurricane_cat3,7234.8927967295895,-153.50540151585847,-2.1217370571855327
Villalba,South,2030,18756.903133082036,18906.91005455831,19116.365254576893,19404.449921793494,19683.54236957567,19970.731698673906,20095.64292292434,hurricane_cat3,19769.00328899523,-364.5533672017373,-1.844065489152265
Yabucoa,East,2030,24783.22048131765,24987.05079112369,25321.869573341257,25777.833111687894,26183.07288166655,26639.58619750521,26856.476444042684,hurricane_cat3,26354.908559677267,-577.0754479893731,-2.189631759422199
Yauco,South,2030,28972.69277455992,29207.975360507437,29556.71272162201,29871.537116395768,30323.500764744498,30789.409384605293,30988.366596423515,hurricane_cat3,30412.377634623408,-540.8405182276401,-1.7783565781187476
Adjuntas,Central Mountains,2030,15893.870019167844,16009.919526570995,16216.689560643767,16425.337222897524,16645.34273490317,16860.78256613524,16917.39652638973,hurricane_cat4,16763.24403947364,-337.9068165761164,-2.0157602894787097
Aguada,West,2030,33207.650307472184,33430.12555611875,33957.43724206464,34331.474638840125,34799.6700016307,35185.243918429755,35434.064443608055,hurricane_cat4,35062.05450983974,-730.5798709996161,-2.0836767303370305
Aguadilla,West,2030,46312.212336003264,46915.40502887866,48179.58623453633,49384.8580811939,50245.24500905014,51603.52621264203,52099.16949149676,hurricane_cat4,50400.442917010456,-1015.5848358165531,-2.0150315692439817
Aguas Buenas,Central Mountains,2030,20984.536433837126,21095.700375141172,21355.37818069435,21620.11694922435,21823.435661885364,22055.385749626977,22136.536860641718,hurricane_cat4,22080.670549273622,-460.55360004927206,-2.085777236798738
Aibonito,Central Mountains,2030,20720.39038975035,21072.174844358444,21647.216970496756,22291.006663555636,22986.614648016723,23522.331083672765,24044.349215192025,hurricane_cat4,22867.330605295763,-576.3239417401273,-2.520293914877229
Arecibo,North,2030,75273.517401596,76237.84885275985,77487.60625472225,79107.92256412067,80508.54683757162,81904.3081777893,82768.42057715845,hurricane_cat4,80689.11899703197,-1581.1964329112961,-1.9596154383213158
Arroyo,South,2030,12702.09810888532,12818.85396664789,13094.630485360165,13388.372622280436,13666.73324745469,13948.36775033014,14087.76868378988,hurricane_cat4,13806.294679763378,-417.92205748294145,-3.027039963847158
Añasco,West,2030,22318.20251973635,22507.126900681884,22738.080794094254,22918.613162342648,23201.062190293815,23418.535322884,23651.380553111823,hurricane_cat4,23440.507747586067,-521.894585243419,-2.226464506926751
Barceloneta,North,2030,19861.173987511942,19989.443867537775,20279.54460716286,20493.687255885496,20799.66210947288,21062.952823507356,21252.62916105227,hurricane_cat4,20925.354861224136,-431.66760533864,-2.0628926400600474
Barranquitas,Central Mountains,2030,25249.037727038587,25587.869410140676,26036.63537575755,26459.951171843284,26847.81755438749,27272.15513773917,27460.54356372185,hurricane_cat4,27084.886572337047,-624.9354004937632,-2.3073214607146864
Bayamón,Metro,2030,155603.40481971193,156940.08500125585,159980.74330747314,164536.81608098903,168945.3285217086,172140.08878827156,174150.4496352131,hurricane_cat4,168400.82569344994,-3864.0096124609117,-2.294531274742559
Cabo Rojo,West,2030,41681.0058909421,41959.44700134266,42363.38950266058,42758.59673025928,43217.22363245052,43560.55937764599,43770.294731333684,hurricane_cat4,43726.58439435572,-967.9876640964358,-2.2137280501181444
Caguas,East,2030,105491.5827420243,106273.11288199192,107632.41222005055,109034.20082212066,110312.87954039947,111470.52528445952,112247.37774137963,hurricane_cat4,112879.85262330543,-3845.6518011847656,-3.40685402382496
Camuy,North,2030,28509.55660020409,28855.552659700963,29355.822486181496,29892.657931563204,30488.15558182316,30992.571633969852,31330.191037682063,hurricane_cat4,30481.28791056414,-588.6299790009361,-1.9311191204520266
Canóvanas,East,2030,34426.61285367151,34774.30439175283,35437.32364194168,36039.3498917477,36631.020005449005,37356.44765765691,37563.85131596469,hurricane_cat4,37361.72981237517,-1322.3799206274707,-3.5393969371018374
Carolina,Metro,2030,131869.2421532081,133089.34732903636,134458.10341219627,136512.4209737484,139315.69653428695,141273.19095309026,142377.35216722323,hurricane_cat4,139659.4564176036,-3147.0354438551876,-2.2533636637142993
Cataño,Metro,2030,19882.54715124928,19953.821470523166,20190.682867884738,20409.721945747035,20595.176262864894,20743.255807033544,20906.440538946434,hurricane_cat4,20851.2510626115,-441.5291168644653,-2.1175185869598674
Cayey,Central Mountains,2030,36215.68435731685,36466.82267494387,36778.36798410088,37240.99932131769,37625.57434672274,37949.3341698383,38236.98792106515,hurricane_cat4,38102.48540123623,-861.4860799185335,-2.2609708286656356
Ceiba,East,2030,9208.999271445287,9276.378461026374,9409.256780159583,9583.733922225936,9717.21582257473,9884.183473262337,9965.337333765137,hurricane_cat4,9919.294772083329,-335.5608498573929,-3.3829103536855145
Ciales,Central Mountains,2030,14666.38027429869,14758.39299920225,14979.959315331895,15293.789943211164,15642.874886568616,15887.087892039577,16159.13188225813,hurricane_cat4,15674.525737195108,-380.73579398394395,-2.4290099768726723
Cidra,Central Mountains,2030,34688.0463463653,34985.82755113187,35490.09294709787,36007.90004804267,36570.29852128825,37037.80883899686,37292.16920510877,hurricane_cat4,36839.569658490356,-831.6696104476869,-2.257544314869632
Coamo,South,2030,28237.921315614036,28592.251349900773,29249.5486324847,30104.878202994616,30805.5226826647,31538.60932597367,31929.566543806308,hurricane_cat4,31137.665417468073,-1032.7872144734574,-3.31684216085792
Comerío,Central Mountains,2030,16609.250396113395,16702.867995489843,16852.30548597958,17057.698765563076,17211.953396135366,17371.162405624746,17475.734412754955,hurricane_cat4,17444.721756530314,-387.022990967238,-2.2185678646456974
Corozal,Central Mountains,2030,29930.02698799139,30181.24418555016,30729.11224412209,31346.345858521607,31910.016818698947,32421.987582206122,32536.652469717574,hurricane_cat4,32083.23820941755,-736.8923508959415,-2.296814137295025
Culebra,East,2030,1008.9468099584219,1035.812851773957,1079.0035854214934,1137.797623895954,1202.5837202536386,1251.580767759197,1292.139942275662,hurricane_cat4,1173.1849954390273,-35.387371543073186,-3.016350505729967
Dorado,North,2030,31658.641187817095,31956.096136277767,32318.69625471587,32676.71637116308,32980.212893279684,33305.32846923412,33488.89537024555,hurricane_cat4,33340.7663419366,-664.0499707735216,-1.99170578133433
Fajardo,East,2030,25381.806315385566,25608.86244630071,26225.701351197244,27155.19568284352,27836.248374046205,28430.578477986346,29044.07359556011,hurricane_cat4,28143.856192315958,-988.6605094724364,-3.512882181875161
Florida,North,2030,10206.843771738846,10282.910029851604,10377.555829191646,10534.52408020176,10643.435116149103,10755.389671036626,10801.42868072273,hurricane_cat4,10730.264902945726,-195.74082274396642,-1.8241937595616178
Guayama,South,2030,29348.469496012163,29578.576553530194,30390.216198951188,31000.905795094935,31592.33808472955,32259.21226078699,32664.171102105054,hurricane_cat4,32031.711450665498,-1030.8056555705625,-3.218078612996329
Guayanilla,South,2030,14921.474040451594,15022.75370637589,15214.794319154431,15380.77813670849,15562.299434811115,15792.621286825499,15891.768432048735,hurricane_cat4,15828.657014465625,-447.87887775713534,-2.82954439753053
Guaynabo,Metro,2030,76363.58781308166,77243.69162296002,79103.26431006097,80383.59326178211,82038.06283509926,83793.1196794306,84881.43948577132,hurricane_cat4,82207.01388751614,-1823.4206257340265,-2.218084004643464
Gurabo,East,2030,31468.602024076394,32065.12373165592,33282.110198012655,34371.862193787165,35726.755112337574,36862.848742981376,37943.15561494981,hurricane_cat4,35783.39562553462,-1411.5334317474553,-3.944660385277135
Guánica,West,2030,10331.341960136457,10460.026484655296,10693.97538601331,10958.28671349703,11212.824536645247,11431.032599914077,11624.886597937522,hurricane_cat4,11291.75443553799,-333.46772204096123,-2.953196723721289
Hatillo,North,2030,33845.02431392058,34092.703051341494,34530.94061396721,34933.60409461563,35353.581361182674,35778.55873987091,36025.96379357078,hurricane_cat4,35650.47867560583,-716.874580990203,-2.0108413901346323
Hormigueros,West,2030,13823.367743783936,13866.327257952895,13975.341237422599,14119.969667997166,14248.042149552759,14378.167667763433,14451.218881553692,hurricane_cat4,14419.760860874094,-299.7911928769281,-2.079030268042569
Humacao,East,2030,42393.786126197534,42583.22154569892,43019.657566840484,43431.38550883766,43943.8875844462,44378.533679358305,44670.59041081215,hurricane_cat4,45058.902225087935,-1627.5167162502767,-3.611975960089206
Isabela,West,2030,37321.93888834753,37832.322540548266,38344.97240563389,38950.153475734274,39602.30539387279,40381.9315389807,40809.89127951377,hurricane_cat4,39770.815603938216,-820.6621282039414,-2.063478245899179
Jayuya,Central Mountains,2030,12841.100878267394,12992.72591471547,13128.860023026444,13336.455195022418,13597.768981873538,13850.49683939091,13952.616761991248,hurricane_cat4,13652.669167884018,-316.21397286160027,-2.3161329771723254
Juana Díaz,South,2030,39328.91315734417,39696.259300151934,40307.195517287895,41085.71240789474,41709.55954097371,42221.124142723624,42450.01747761472,hurricane_cat4,42441.56356739308,-1355.851159498343,-3.1946305591342856
Juncos,East,2030,30671.912575313607,30917.47080428626,31336.000644735737,31777.998824076374,32160.77501089739,32497.910895178175,32708.352109194173,hurricane_cat4,32915.56698267581,-1137.5681585994353,-3.456018725723797
Lajas,West,2030,20422.358003724457,20595.928154667883,20853.121542797624,21185.055184182682,21603.341887871506,21928.146394706593,22203.421934780068,hurricane_cat4,21658.078603407055,-473.02341922437336,-2.184050708680878
Lares,Central Mountains,2030,22934.999728622348,23231.820786364162,24243.253910917683,25362.74530732577,26321.049371980946,27148.877863226346,27549.5659223602,hurricane_cat4,26031.482171387048,-668.7368640612767,-2.5689542364834312
Las Marías,West,2030,7397.015790672274,7511.15756894865,7685.657545104108,7967.669573573648,8229.548218404838,8427.903384844209,8511.235762879145,hurricane_cat4,8119.608022551693,-151.9384489780441,-1.8712534959328673
Las Piedras,East,2030,28966.976026496566,29178.688407672747,29537.71887362489,30090.663830339472,30543.456489271026,31158.480000124622,31380.975432453164,hurricane_cat4,31198.15046721628,-1107.486636876809,-3.5498470912260673
Loíza,East,2030,19071.097395862478,19223.953880070043,19437.337420498996,19688.70243623461,19909.48449129584,20131.029777232685,20227.21885994626,hurricane_cat4,20406.391241499055,-717.6888052644463,-3.516980522283296
Luquillo,East,2030,14729.917878155677,14849.455488095164,15010.210683896465,15171.682889191528,15397.144650361768,15520.31837270243,15655.505211534004,hurricane_cat4,15705.058558458888,-533.3756692673596,-3.3962029958817226
Manatí,North,2030,34180.761936690345,34417.90093150909,35076.141781402664,35614.20027616582,36243.39248813396,36965.00571671964,37248.891763979555,hurricane_cat4,36389.54838612415,-775.3481099583296,-2.1306890146896706
Maricao,West,2030,4351.443687342321,4432.039700019814,4522.678823511922,4623.937424073269,4779.337291902362,4864.992688601584,4945.061813386349,hurricane_cat4,4741.686824509237,-117.74940043596871,-2.4832808406353517
Maunabo,East,2030,8642.481898040593,8737.570322526506,8821.04606247057,8951.731297842336,9093.459935467721,9242.253378702973,9279.694787938908,hurricane_cat4,9275.139108953008,-323.4078111106719,-3.486824373323913
Mayagüez,West,2030,63079.49495491503,63632.00960214536,64421.74079135223,65396.99911718567,66291.10311406435,67039.7521682105,67444.45487535669,hurricane_cat4,66754.57850262358,-1357.5793854379153,-2.0336873003917773
Moca,West,2030,32225.178099515728,32625.09858324347,33312.952493755125,34009.72691583932,34631.53634337709,35280.47208872585,35786.895047135724,hurricane_cat4,34658.9063596762,-649.1794438368815,-1.8730523032087574
Morovis,Central Mountains,2030,25037.569310180337,25153.552746707785,25552.487876313622,25997.277699934908,26350.40474626887,26752.754758005816,27094.81261005116,hurricane_cat4,26579.612252060244,-582.3345521253359,-2.1909068747991154
Naguabo,East,2030,18515.735473635134,18979.65338222598,19429.978092370908,19997.949498786613,20392.205736042844,20779.38491344608,21088.741657205166,hurricane_cat4,20723.070399456967,-725.1209006703539,-3.4990997313282066
Naranjito,Central Mountains,2030,25168.78282751939,25546.84494456752,26000.47565734946,26497.28506325615,26951.4296894338,27356.39673905175,27777.77968213033,hurricane_cat4,27123.132363262972,-625.8473000068225,-2.307430025502894
Orocovis,Central Mountains,2030,18634.369212410373,18717.36531528959,18967.94395734072,19307.119662564815,19682.838867866587,19944.037239934136,20099.244253550318,hurricane_cat4,19718.946317461796,-411.8266548969805,-2.0884820530815786
Patillas,South,2030,13245.059120856955,13270.785471031737,13426.683980565052,13596.635315848045,13729.37056306571,13855.259278572026,13988.406914547737,hurricane_cat4,14014.849465748914,-418.2141499008685,-2.9840787867393646
Peñuelas,South,2030,16858.97173666981,16993.260466785472,17311.405138471702,17693.86186610469,18187.267470160914,18538.85578116102,18792.303570279542,hurricane_cat4,18262.70030517054,-568.8384390658503,-3.114755373304793
Ponce,South,2030,113422.69858633923,114148.86442873506,115868.11190788726,117882.89215987004,120248.43612835553,121853.09853200552,123217.11331291776,hurricane_cat4,121605.13860545706,-3722.2464455870213,-3.0609285826840744
Quebradillas,North,2030,20724.048568614508,20894.830251443687,21136.31667011523,21383.43366176453,21628.251549550514,21872.358672953334,21955.746283177992,hurricane_cat4,21803.341788760816,-419.9081269962844,-1.9258888433916062
Rincón,West,2030,13093.48923352601,13308.488898841984,13570.22987497528,13944.471326875195,14236.618753488827,14619.77160095107,14760.69566253381,hurricane_cat4,14260.080064413814,-315.6087375386196,-2.2132325773277013
Río Grande,East,2030,38670.07002743265,39042.37678809396,39351.5492095189,39844.699687946326,40370.62114830529,40735.71070816243,41086.55132010657,hurricane_cat4,41293.887098130544,-1449.1874101842186,-3.509447794876705
Sabana Grande,West,2030,20009.373511986574,20202.507469311473,20409.115384898,20736.22536437445,21096.366796851413,21403.026939397278,21528.037341352658,hurricane_cat4,21148.917962671665,-412.6925982972134,-1.9513650723201323
Salinas,South,2030,21407.122458056616,21566.89380647472,21881.035869689546,22226.10635244837,22612.276350667828,22851.498325726592,22957.576441008154,hurricane_cat4,22914.53450321169,-688.4281507633204,-3.0043296348299404
San Germán,West,2030,27573.645563975704,27788.397671731975,28242.241035218718,28774.943770576443,29292.746564711826,29845.580594634557,30067.014746794004,hurricane_cat4,29445.83651869132,-670.8927481148785,-2.2783959548543176
San Juan,Metro,2030,287754.89991759375,291619.4616884293,296702.5887819861,303265.9007030429,308467.1530285368,314984.50493378215,318098.4548516431,hurricane_cat4,310183.1040920414,-6917.20338899846,-2.2300387409063718
San Lorenzo,East,2030,30652.681283275415,31124.19266632317,31738.361303597365,32318.063912751757,32757.939360607696,33189.818082112375,33489.88486378848,hurricane_cat4,33488.35607665528,-1170.2921639035194,-3.4946241052403577
San Sebastián,West,2030,33183.73810096034,33825.4095208731,34674.63169512244,35584.9894721625,36507.12808362366,37373.07824949094,38052.11668084266,hurricane_cat4,36428.33490160374,-843.3454294412368,-2.315080916322939
Santa Isabel,South,2030,16914.612884601964,17070.884993002375,17368.853199368605,17638.353612904168,17968.13767370951,18199.63848687238,18406.382094418856,hurricane_cat4,18182.450456683262,-544.0968437790943,-2.9924285787293456
Toa Alta,Metro,2030,57001.3567209409,57727.13451757112,58650.07431679989,59795.818509701916,61125.208368244654,62084.80463127089,62399.73236535617,hurricane_cat4,61270.45141250856,-1474.6329028066466,-2.406760304210188
Toa Baja,Metro,2030,64831.20263068496,65181.35952821297,65759.68114303307,66642.32543270431,67413.39545338842,67923.30178832858,68667.56157664659,hurricane_cat4,68057.10670806433,-1414.7812753600156,-2.078814900887306
Trujillo Alto,Metro,2030,58008.6689006111,58324.121767825185,59269.44630971031,60366.77288397593,61499.634486425624,62193.848888371154,62703.86959394854,hurricane_cat4,61748.09173686209,-1381.3188528861574,-2.2370227387311212
Utuado,Central Mountains,2030,24496.950246428067,24789.521945302604,25057.693649822777,25420.495309833008,25840.582599559744,26068.17927925536,26190.926618977315,hurricane_cat4,25963.929482284104,-543.434172451096,-2.0930351579559474
Vega Alta,North,2030,30973.217354197142,31195.732855578666,31536.93500274974,31987.934645024776,32286.441826199618,32576.60888763714,32807.437077521536,hurricane_cat4,32594.315803499536,-606.38115847476,-1.8603892842249967
Vega Baja,North,2030,45783.83258008749,46578.09834981291,47785.408902991636,48899.06310272496,49978.19447612304,50878.60208213484,51560.968506690566,hurricane_cat4,49963.2067624506,-1064.1436597256397,-2.129854604379372
Vieques,East,2030,6810.6072564563565,6841.875911724104,6911.308337799114,6980.433923931203,7056.868125567387,7157.532402823137,7190.007615808139,hurricane_cat4,7234.8927967295895,-254.45887279838644,-3.5171063338134085
Villalba,South,2030,18520.395756990343,18664.51369704623,18880.13718997231,19171.1821314241,19460.74675403612,19739.56712780398,19871.148645139267,hurricane_cat4,19769.00328899523,-597.8211575711321,-3.024032870205044
Yabucoa,East,2030,24416.35812853296,24621.845766015897,24966.296574484335,25416.425537559364,25804.71701417576,26299.50905800886,26537.200573169943,hurricane_cat4,26354.908559677267,-938.4830221179036,-3.560942053708252
Yauco,South,2030,28633.476016685287,28833.796742313843,29201.546376804603,29543.640683587208,29988.608320542233,30420.15032384434,30611.51778043164,hurricane_cat4,30412.377634623408,-868.7369510362005,-2.8565242792696828
Adjuntas,Central Mountains,2030,15720.768136293162,15810.8307420397,16015.439902192973,16229.261153439353,16442.360919918963,16644.13029366184,16741.7213152194,hurricane_cat5_maria_like,16763.24403947364,-533.9828860342877,-3.1854388373567732
Aguada,West,2030,32835.820567958,33021.55308185208,33501.745648879725,33895.17652218601,34363.60030667148,34764.24489148858,35058.30855449421,hurricane_cat5_maria_like,35062.05450983974,-1166.87798765373,-3.328036545394851
Aguadilla,West,2030,45594.06058412118,46406.156711569034,47503.91714362837,48781.71684221685,49671.789037445975,50991.00368152855,51502.2292679166,hurricane_cat5_maria_like,50400.442917010456,-1618.7260747936089,-3.2117298601105726
Aguas Buenas,Central Mountains,2030,20693.912736707072,20767.29609934156,21075.36370547717,21314.43496542331,21541.834486879816,21762.85951047252,21895.797571111852,hurricane_cat5_maria_like,22080.670549273622,-766.2355838503136,-3.4701644686941813
Aibonito,Central Mountains,2030,20493.059383524545,20778.716233102645,21287.62996724786,22003.568378278134,22684.73489668432,23201.23001511342,23729.707200143108,hurricane_cat5_maria_like,22867.330605295763,-863.7622270176289,-3.777276158405622
Arecibo,North,2030,74294.8712648723,75228.87901905544,76539.46018999167,78100.1669924311,79592.28774097192,81108.23118978272,81788.59972353924,hurricane_cat5_maria_like,80689.11899703197,-2588.9520046008693,-3.2085515826441235
Arroyo,South,2030,12473.753688772538,12562.027158411025,12867.23238970925,13151.759554901302,13406.238168448172,13700.37973960548,13830.590080874112,hurricane_cat5_maria_like,13806.294679763378,-654.5351248620755,-4.740845679771434
Añasco,West,2030,22029.013381348563,22190.657184460048,22440.585021100203,22646.919352276378,22918.557538697307,23171.528270002804,23343.9509584574,hurricane_cat5_maria_like,23440.507747586067,-793.5883953096891,-3.3855426847202734
Barceloneta,North,2030,19674.024311503563,19732.518768315047,20036.568398947406,20260.93287672502,20550.907611586234,20837.973766729,21038.311364578713,hurricane_cat5_maria_like,20925.354861224136,-664.4219844991167,-3.1752005588699865
Barranquitas,Central Mountains,2030,24908.056885494894,25225.773035023885,25684.187723343905,26171.091136065937,26525.935840459402,26886.538636234633,27125.056444416026,hurricane_cat5_maria_like,27084.886572337047,-913.7954362711098,-3.3738204287124764
Bayamón,Metro,2030,153731.97412024572,154735.6515239472,157618.67035561817,162310.5404644437,166864.10863175482,169656.0551506428,171985.15836127478,hurricane_cat5_maria_like,168400.82569344994,-6090.285229006229,-3.6165411920798647
Cabo Rojo,West,2030,41110.08012249361,41370.364124184474,41775.46447353664,42224.40812137217,42708.19840993466,43026.324090918475,43183.86729295801,hurricane_cat5_maria_like,43726.58439435572,-1502.1762729835464,-3.4353844321246574
Caguas,East,2030,103339.1449910167,104082.23011826884,105525.70026262259,106973.17792924361,108166.49027348984,109346.01727673148,110084.66263965241,hurricane_cat5_maria_like,112879.85262330543,-5906.674694061818,-5.232709431126872
Camuy,North,2030,28155.83093542288,28534.34091122754,28997.72549611758,29534.189398320468,30109.01149633679,30635.017253661932,30963.681304293554,hurricane_cat5_maria_like,30481.28791056414,-947.0985122436723,-3.1071472931937003
Canóvanas,East,2030,33711.71780768744,34048.24442108349,34708.88954732235,35321.66312104996,35953.05962388293,36606.606963407554,36842.667275789856,hurricane_cat5_maria_like,37361.72981237517,-2040.0666913252062,-5.460311130052345
Carolina,Metro,2030,129965.0080922034,131076.2568027037,132548.74841614976,134821.3010163515,137488.381416958,139581.47453206542,140323.1532848053,hurricane_cat5_maria_like,139659.4564176036,-4838.155401252094,-3.464251920604111
Cataño,Metro,2030,19603.663746618415,19659.54893273513,19930.61553293399,20144.39900063777,20314.384664307174,20537.8659851636,20673.169446197502,hurricane_cat5_maria_like,20851.2510626115,-706.8520619737283,-3.38997434662896
Cayey,Central Mountains,2030,35702.21041780221,35934.38292030631,36278.411541801885,36789.07345801948,37116.34219592385,37451.593719841716,37718.868368925716,hurricane_cat5_maria_like,38102.48540123623,-1313.41194321675,-3.447050577897831
Ceiba,East,2030,9014.021379871388,9094.949884287618,9223.354300271525,9392.947614666213,9526.44428748423,9689.08167360098,9787.433966372226,hurricane_cat5_maria_like,9919.294772083329,-526.3471574171163,-5.306296158255701
Ciales,Central Mountains,2030,14459.289598979867,14564.38747834397,14799.351301939962,15100.429855576847,15455.282307939866,15717.190150128456,15886.973108343558,hurricane_cat5_maria_like,15674.525737195108,-574.095881618261,-3.6626044783986753
Cidra,Central Mountains,2030,34217.47749781333,34540.50125893013,35021.7627457602,35528.66195115958,36131.26142869354,36552.764550647145,36754.053941894286,hurricane_cat5_maria_like,36839.569658490356,-1310.907707330778,-3.5584229660746196
Coamo,South,2030,27730.588143736873,28084.043387635626,28735.61042440982,29564.968137818447,30331.692449972103,30992.21670150841,31454.973341404493,hurricane_cat5_maria_like,31137.665417468073,-1572.6972796496266,-5.050787393865924
Comerío,Central Mountains,2030,16379.158836306597,16483.30077955004,16615.7786478471,16817.034431168177,17008.50050505819,17141.449606557224,17266.188966512473,hurricane_cat5_maria_like,17444.721756530314,-627.6873253621379,-3.598150398284039
Corozal,Central Mountains,2030,29479.3511067711,29744.03388600742,30321.859316176888,30974.76723023728,31498.563342414982,31942.184565889347,32188.61997323099,hurricane_cat5_maria_like,32083.23820941755,-1108.470979180267,-3.454984724250472
Culebra,East,2030,987.6350480773964,1014.2300856461784,1056.5223974249775,1116.5443332012258,1179.0020076689118,1225.474234974719,1267.6459295551115,hurricane_cat5_maria_like,1173.1849954390273,-56.64066223780151,-4.827939537072372
Dorado,North,2030,31287.7591341738,31611.878832603274,31958.26165592671,32292.637401995198,32630.52921564036,32958.69605477182,33100.11207213748,hurricane_cat5_maria_like,33340.7663419366,-1048.1289399414018,-3.1436858085143857
Fajardo,East,2030,24852.399657351856,25131.40884260346,25677.949941231498,26598.023041083823,27365.89940629576,27892.356099295306,28484.430851702786,hurricane_cat5_maria_like,28143.856192315958,-1545.8331512321347,-5.492613168106613
Florida,North,2030,10087.28950234048,10156.492270497603,10249.373294169638,10415.688851269304,10523.368637092051,10636.267919473412,10707.371138214326,hurricane_cat5_maria_like,10730.264902945726,-314.57605167642214,-2.9316708815833907
Guayama,South,2030,28859.056776349888,29057.911474975714,29835.296484351125,30449.373292813263,31023.077383036478,31688.476967238432,32096.739715052838,hurricane_cat5_maria_like,32031.711450665498,-1582.3381578522349,-4.939911375916694
Guayanilla,South,2030,14638.81645202062,14728.312606807303,14915.502855533416,15091.408577218057,15266.032550419659,15483.683472795698,15603.807670876226,hurricane_cat5_maria_like,15828.657014465625,-737.2484372475683,-4.657681549191479
Guaynabo,Metro,2030,75267.24046220034,76452.14535840461,77994.85494702561,79450.14577956159,80910.60943182174,82790.87032037615,83905.94219592982,hurricane_cat5_maria_like,82207.01388751614,-2756.8681079545495,-3.3535679957026203
Gurabo,East,2030,30817.58204780408,31387.859173411565,32603.135941736728,33690.7029252817,35081.34858515031,36104.20246210808,37131.6912790221,hurricane_cat5_maria_like,35783.39562553462,-2092.692700252919,-5.848222796272576
Guánica,West,2030,10158.689005359885,10291.601853064769,10518.82957671201,10777.54378534602,11033.68713460231,11260.134794227633,11447.914758545114,hurricane_cat5_maria_like,11291.75443553799,-514.2106501919698,-4.553859660405115
Hatillo,North,2030,33457.70362924222,33696.044591697,34104.86518394853,34522.67037439275,34944.92426613205,35352.15418455665,35592.68269670605,hurricane_cat5_maria_like,35650.47867560583,-1127.808301213081,-3.1635151703721562
Hormigueros,West,2030,13643.60182587134,13673.26438496893,13811.2704395511,13943.259322854092,14047.716627944561,14178.173657265146,14257.00765382153,hurricane_cat5_maria_like,14419.760860874094,-476.50153802000204,-3.304503747443684
Humacao,East,2030,41486.23943825374,41696.72300273931,42121.058122054805,42568.71986972994,43072.512599523354,43534.26503781214,43828.74580311227,hurricane_cat5_maria_like,45058.902225087935,-2490.182355357996,-5.526504713582459
Isabela,West,2030,36962.546299980415,37325.80600827579,37879.636638582946,38504.520861141966,39129.15405508668,39925.8306014039,40455.5456379984,hurricane_cat5_maria_like,39770.815603938216,-1266.29474279625,-3.1839798192895445
Jayuya,Central Mountains,2030,12645.16785622542,12851.102375873876,12969.734988493328,13163.64187670002,13436.08070111364,13674.234500102044,13759.657768826872,hurricane_cat5_maria_like,13652.669167884018,-489.0272911839984,-3.581917097459347
Juana Díaz,South,2030,38575.83163979533,39009.87806008137,39541.87756507371,40325.25657573571,40963.577510620686,41491.627123760816,41734.22227853453,hurricane_cat5_maria_like,42441.56356739308,-2116.306991657373,-4.986402040294494
Juncos,East,2030,30061.98651450586,30319.29007877778,30678.79131043135,31144.84719035845,31542.567947532618,31906.110997047872,32088.38991357545,hurricane_cat5_maria_like,32915.56698267581,-1770.719792317359,-5.379581622426033
Lajas,West,2030,20149.92515382235,20281.805896464797,20551.872404874597,20891.96810052167,21268.998816017487,21634.72279949787,21939.66409586368,hurricane_cat5_maria_like,21658.078603407055,-766.1105028853854,-3.5372967146073044
Lares,Central Mountains,2030,22592.672274907127,22898.681824819276,23933.120297255588,25071.117573969095,26013.465945337004,26926.36574164455,27187.179992547164,hurricane_cat5_maria_like,26031.482171387048,-960.3645974179526,-3.6892428602223575
Las Marías,West,2030,7337.757945613061,7429.98403287556,7585.443980997352,7871.240369297356,8133.408941879917,8324.652512141853,8412.106583953659,hurricane_cat5_maria_like,8119.608022551693,-248.3676532543368,-3.0588626022895626
Las Piedras,East,2030,28354.19112391132,28583.854835614406,28932.89706259976,29485.53811664931,29962.105026443885,30550.304586828555,30787.07968288735,hurricane_cat5_maria_like,31198.15046721628,-1712.6123505669711,-5.489467564324438
Loíza,East,2030,18667.51394683777,18819.658124806916,19026.98398890257,19283.799413029323,19505.47675292995,19710.098729839894,19811.685852859628,hurricane_cat5_maria_like,20406.391241499055,-1122.5918284697327,-5.501177622169647
Luquillo,East,2030,14446.156157377887,14541.8601045815,14712.225174053054,14873.389984468227,15086.69216378187,15245.424189183876,15339.910368733443,hurricane_cat5_maria_like,15705.058558458888,-831.6685739906607,-5.295545832541429
Manatí,North,2030,33763.63312437648,34018.01196379061,34711.47227873058,35185.41166035789,35823.37945697039,36564.492566514484,36877.427109224365,hurricane_cat5_maria_like,36389.54838612415,-1204.1367257662641,-3.3090180537261586
Maricao,West,2030,4300.892107426934,4370.6587987712755,4479.889556742777,4577.038483788333,4726.957469513374,4819.441533008684,4897.300613139824,hurricane_cat5_maria_like,4741.686824509237,-164.64834072090434,-3.472357977541998
Maunabo,East,2030,8464.473719951713,8564.815771928887,8642.857774802167,8768.789148951386,8911.588063524254,9070.986006597645,9100.265365804373,hurricane_cat5_maria_like,9275.139108953008,-506.3499600016221,-5.459216881317262
Mayagüez,West,2030,62417.41904036128,62751.87191413941,63638.926102559264,64633.85981735785,65503.12547386606,66162.5876194374,66631.69445424083,hurricane_cat5_maria_like,66754.57850262358,-2120.7186852657323,-3.1768887360773075
Moca,West,2030,31777.93570088212,32209.004795352168,32947.51024970578,33596.4376556623,34196.00706994352,34854.83481379472,35418.46377985334,hurricane_cat5_maria_like,34658.9063596762,-1062.468704013896,-3.06549979675649
Morovis,Central Mountains,2030,24664.589409703465,24854.320318564125,25236.44182581499,25689.42175183541,26030.235851758218,26418.750784420747,26727.83384407758,hurricane_cat5_maria_like,26579.612252060244,-890.190500224835,-3.3491478046517944
Naguabo,East,2030,18189.909260996177,18610.390058265904,19069.813426991714,19592.35363407326,20001.687094134628,20423.097910844488,20722.228217273318,hurricane_cat5_maria_like,20723.070399456967,-1130.716765383706,-5.45631869982614
Naranjito,Central Mountains,2030,24877.03130143139,25189.593299865675,25677.950923703385,26182.581170524012,26581.321806618453,26941.6202255181,27445.1186293721,hurricane_cat5_maria_like,27123.132363262972,-940.5511927389598,-3.4677085970088504
Orocovis,Central Mountains,2030,18383.30820632288,18466.95097141499,18742.666101194645,19050.354665281877,19435.257133556523,19708.83685807675,19873.119942376026,hurricane_cat5_maria_like,19718.946317461796,-668.591652179919,-3.390605367122778
Patillas,South,2030,12999.607586454473,13020.247997114246,13183.905362036116,13353.702069378272,13487.255932286367,13617.925981864404,13750.069820653729,hurricane_cat5_maria_like,14014.849465748914,-661.1473963706412,-4.717477686695306
Peñuelas,South,2030,16528.274887530682,16674.07308689135,17018.721050537166,17367.25393540543,17855.265157251866,18204.505831138384,18482.47030721593,hurricane_cat5_maria_like,18262.70030517054,-895.4463697651081,-4.903143318360151
Ponce,South,2030,111413.60113582303,112081.7554235718,113773.89952049602,115812.98567622548,118146.4577556557,119726.45008288503,121083.12152805907,hurricane_cat5_maria_like,121605.13860545706,-5792.152929231583,-4.763082379293188
Quebradillas,North,2030,20459.580952564236,20642.738871111294,20865.756286471074,21154.600835638543,21402.919570628583,21652.405791061497,21757.403421311436,hurricane_cat5_maria_like,21803.341788760816,-648.7409531222729,-2.975419820537262
Rincón,West,2030,12905.764490715515,13113.504463895248,13431.936568467725,13767.742610089494,14060.730955108676,14447.476894137884,14612.390856468266,hurricane_cat5_maria_like,14260.080064413814,-492.3374543243208,-3.4525574337619203
Río Grande,East,2030,37856.293202142646,38247.941046444226,38563.013195775,39080.704303725826,39563.159449931605,40011.13776840699,40267.75013327541,hurricane_cat5_maria_like,41293.887098130544,-2213.182794404718,-5.35958939671948
Sabana Grande,West,2030,19739.983899421943,19950.828472790097,20160.144102141778,20471.868885628443,20868.63991197109,21153.685501045242,21289.200842937233,hurricane_cat5_maria_like,21148.917962671665,-677.0490770432225,-3.2013414503674844
Salinas,South,2030,21004.276483634156,21218.307528916815,21486.80357715431,21849.861407227363,22237.409765547927,22449.852417686227,22599.39842572085,hurricane_cat5_maria_like,22914.53450321169,-1064.6730959843262,-4.646278526125426
San Germán,West,2030,27254.98325704757,27433.318562844277,27849.25001280552,28394.81241547087,28881.1265454425,29472.261774063358,29702.94913328162,hurricane_cat5_maria_like,29445.83651869132,-1051.0241032204503,-3.5693470706912747
San Juan,Metro,2030,283617.1440423297,287942.4315333459,292971.76576751075,299152.4281795545,304771.25966461125,310796.34875745623,313467.1668609055,hurricane_cat5_maria_like,310183.1040920414,-11030.675912486855,-3.5561820637444184
San Lorenzo,East,2030,30004.535419621247,30482.68171369098,31069.190993298325,31683.28099419889,32138.13098112757,32540.485259199973,32828.30580565298,hurricane_cat5_maria_like,33488.35607665528,-1805.0750824563875,-5.3901573380447445
San Sebastián,West,2030,32744.724517937633,33382.16320732766,34196.28676729518,35163.02870517716,36126.61590733953,36895.44470207739,37461.587785521086,hurricane_cat5_maria_like,36428.33490160374,-1265.3061964265798,-3.4734121113256684
Santa Isabel,South,2030,16601.124900917843,16756.65274075854,17057.632588638986,17327.026029115063,17649.659536818745,17890.984185363206,18117.746025391927,hurricane_cat5_maria_like,18182.450456683262,-855.4244275681995,-4.704670746146728
Toa Alta,Metro,2030,56242.600468754135,56866.80447563264,57795.32089113993,58979.87880911304,60345.92045730752,61113.534565108006,61659.29387605083,hurricane_cat5_maria_like,61270.45141250856,-2290.5726033955216,-3.7384620981067127
Toa Baja,Metro,2030,64117.85039714811,64246.94620979132,64870.14039013462,65774.42335135437,66474.5729777551,67195.8618738444,67801.07309753029,hurricane_cat5_maria_like,68057.10670806433,-2282.683356709953,-3.3540705256567565
Trujillo Alto,Metro,2030,57182.66644287332,57441.44040433467,58473.30419838351,59544.50141870677,60773.48642251824,61490.835621460836,61897.93292878943,hurricane_cat5_maria_like,61748.09173686209,-2203.590318155315,-3.56867759986148
Utuado,Central Mountains,2030,24214.78323325318,24429.129196627364,24751.84144994809,25094.258418198733,25558.298169001253,25764.026625640818,25895.753194607558,hurricane_cat5_maria_like,25963.929482284104,-869.6710640853707,-3.3495356112362384
Vega Alta,North,2030,30573.751632367792,30792.89232106638,31154.66805836661,31625.937351015833,31945.999809457844,32174.440441871106,32428.662185348887,hurricane_cat5_maria_like,32594.315803499536,-968.3784524837029,-2.971004080348671
Vega Baja,North,2030,45247.10701706867,46060.26306116307,47242.62891294668,48347.22545978338,49451.46805134853,50269.33485878831,51007.61328511906,hurricane_cat5_maria_like,49963.2067624506,-1615.98130266722,-3.234342644078835
Vieques,East,2030,6670.671727858954,6706.603631132079,6774.358627188074,6842.054515359988,6923.235210566551,7011.388201403489,7054.959003078431,hurricane_cat5_maria_like,7234.8927967295895,-392.83828136960165,-5.42977335541416
Villalba,South,2030,18181.970012605827,18329.29574347682,18551.436550842474,18841.127252035196,19133.295971018106,19395.266690491564,19558.536999804135,hurricane_cat5_maria_like,19769.00328899523,-927.876036960035,-4.693590381850732
Yabucoa,East,2030,23918.956824731365,24108.58827108883,24471.806257920332,24915.08631855972,25286.340167059723,25768.59826867569,25970.703093649314,hurricane_cat5_maria_like,26354.908559677267,-1439.8222411175484,-5.463203326459123
Yauco,South,2030,28069.38953821848,28276.93068355581,28646.425411429325,28988.415054821802,29436.35974675995,29847.715845136172,30060.839528863802,hurricane_cat5_maria_like,30412.377634623408,-1423.962579801606,-4.682181041249716
Adjuntas,Central Mountains,2030,16154.278868764593,16295.334707483962,16505.959624365514,16688.579290699556,16938.78835374894,17117.237969453254,17198.556476809106,earthquake_m6_0,16763.24403947364,-74.66474877408473,-0.4454075153846485
Aguada,West,2030,33709.899994156665,33956.07468214031,34389.417278792665,34849.75310531705,35307.46631862699,35775.98155653346,36003.57695152857,earthquake_m6_0,35062.05450983974,-212.30140452268824,-0.6055018951131583
Aguadilla,West,2030,46984.04515300035,47736.47784636198,49058.6536450522,50176.474894052284,51095.40767396035,52486.85785532081,53104.86103784631,earthquake_m6_0,50400.442917010456,-223.9680229581718,-0.4443770927310268
Aguas Buenas,Central Mountains,2030,21341.037547243483,21468.89825895871,21758.92979089298,21954.41824359989,22194.860905633224,22371.848255556375,22545.320180109306,earthquake_m6_0,22080.670549273622,-126.25230567373364,-0.5717774982965221
Aibonito,Central Mountains,2030,21133.76021332705,21405.39011936727,22018.97293171531,22737.363290734873,23421.551689506385,23929.32643877952,24453.48493407934,earthquake_m6_0,22867.330605295763,-129.96731456089037,-0.5683536780230558
Arecibo,North,2030,76473.32119293643,77420.56078776946,78816.03768077068,80348.46864897042,82008.2695910848,83346.39032539078,84317.91325719497,earthquake_m6_0,80689.11899703197,-340.6503480615502,-0.4221763136044161
Arroyo,South,2030,12999.541737840254,13143.446264074822,13397.89935413301,13688.453319580858,14007.899071965001,14319.842104516409,14435.342263076178,earthquake_m6_0,13806.294679763378,-117.84136018251957,-0.8535335723005096
Añasco,West,2030,22757.220485274836,22867.707951509554,23085.03240670861,23313.745814255482,23592.30315642772,23804.65963162923,23975.502851948953,earthquake_m6_0,23440.507747586067,-126.76193333058472,-0.5407815167469605
Barceloneta,North,2030,20171.344422926046,20296.579137726694,20576.468315050293,20829.130988499637,21129.25442002582,21398.316544420388,21646.050927826032,earthquake_m6_0,20925.354861224136,-96.2238727244985,-0.45984344524931703
Barranquitas,Central Mountains,2030,25754.79553064203,26045.668204876587,26461.736968734273,26945.25776413548,27301.81725326198,27687.274517204172,28010.218108954556,earthquake_m6_0,27084.886572337047,-139.62880820156715,-0.5155229571615634
Bayamón,Metro,2030,158576.7318005456,159747.12387258201,162494.56678590144,167445.00369123777,172289.89982704725,175611.11255044103,176771.10645529162,earthquake_m6_0,168400.82569344994,-955.8220022121677,-0.5675874796196709
Cabo Rojo,West,2030,42346.84646544013,42682.17024447367,43052.43862849146,43476.00592373519,43924.166833482464,44163.61645317763,44463.10931871606,earthquake_m6_0,43726.58439435572,-250.57847062053042,-0.5730574982958774
Caguas,East,2030,108451.29100813314,109401.06700915199,110564.48509083828,112207.42820131873,113423.22970651541,114550.77850830351,115191.55876903702,earthquake_m6_0,112879.85262330543,-672.424421986696,-0.5956992380479648
Camuy,North,2030,28963.719020448767,29208.601449965885,29738.062321410715,30375.545918319367,30975.582045630617,31484.934955958342,31872.381773967234,earthquake_m6_0,30481.28791056414,-105.74199224477343,-0.34690788839052167
Canóvanas,East,2030,35404.67037250567,35831.04060693355,36481.75520402178,37142.63722553694,37741.8389808288,38405.69779340242,38700.440671460565,earthquake_m6_0,37361.72981237517,-219.09258683822554,-0.5864091088353635
Carolina,Metro,2030,134411.39994658798,135417.98597820496,136928.659405263,139001.71681683254,141936.53528387524,143985.86290317072,145604.39186894934,earthquake_m6_0,139659.4564176036,-657.7396007710486,-0.47095958816014893
Cataño,Metro,2030,20191.821995739396,20327.23535769336,20509.255781925294,20747.496426321857,20943.12584921511,21105.118129080507,21236.40391140812,earthquake_m6_0,20851.2510626115,-103.7546362896428,-0.4975942977142789
Cayey,Central Mountains,2030,36959.25859360384,37208.446876070375,37480.60744078445,37924.56099341699,38305.498183314456,38575.39896697073,38885.028203615264,earthquake_m6_0,38102.48540123623,-177.92440781923506,-0.46696273470250405
Ceiba,East,2030,9494.126537393311,9559.526589435623,9680.795579850183,9865.46759781304,9991.268058479129,10163.386701135747,10241.6306852704,earthquake_m6_0,9919.294772083329,-53.827174270289106,-0.5426512217559989
Ciales,Central Mountains,2030,14937.345394710139,15018.754038435953,15264.659923090945,15585.137095146249,15913.924480956553,16152.20383383595,16415.10938859002,earthquake_m6_0,15674.525737195108,-89.38864204885977,-0.5702797235947216
Cidra,Central Mountains,2030,35323.946012275694,35646.567077387146,36118.89833918528,36677.505472019024,37267.28508620428,37624.31666086194,37905.831376704424,earthquake_m6_0,36839.569658490356,-162.0641864713325,-0.43991878291114034
Coamo,South,2030,28859.32500855359,29274.771610469666,29940.65253890563,30863.149227652335,31562.152295232703,32405.736376215507,32688.33172988303,earthquake_m6_0,31137.665417468073,-274.51618981573847,-0.8816209761883312
Comerío,Central Mountains,2030,16888.033544146343,16991.675665902305,17150.151479851655,17362.904974752357,17497.426484055097,17665.4390825833,17765.969094605727,earthquake_m6_0,17444.721756530314,-81.81678177795766,-0.4690059430000945
Corozal,Central Mountains,2030,30366.759639392054,30681.23036311081,31259.723841874882,31913.46960756467,32430.73945549123,32946.37872090329,33129.31997010234,earthquake_m6_0,32083.23820941755,-169.7686018528766,-0.5291504577709478
Culebra,East,2030,1035.4866677371847,1063.9471529827,1107.812730980752,1165.7388932549738,1232.9214237958245,1284.501035764923,1326.0971817153668,earthquake_m6_0,1173.1849954390273,-7.446102184053416,-0.6346912220154118
Dorado,North,2030,32115.622741610343,32546.23230400812,32848.733321026724,33178.06709596532,33465.64270820235,33775.523838476125,34004.42204802476,earthquake_m6_0,33340.7663419366,-162.6992459712783,-0.48798892113836123
Fajardo,East,2030,26129.739524268683,26427.890456089095,27043.881088682898,27957.361102101924,28717.559080276165,29290.04757586598,29890.061029488297,earthquake_m6_0,28143.856192315958,-186.49509021403355,-0.6626493858540672
Florida,North,2030,10376.671069681084,10419.60038719382,10549.670968717584,10683.728998183178,10817.106854842275,10920.153392937333,10975.691193068267,earthquake_m6_0,10730.264902945726,-46.53590476254794,-0.4336883122966766
Guayama,South,2030,30084.903786798845,30303.03580119647,31132.41802678788,31768.603676194216,32435.131012557118,33039.227760681206,33490.987205831574,earthquake_m6_0,32031.711450665498,-263.107774471282,-0.821397804099586
Guayanilla,South,2030,15283.914813177771,15365.598471051471,15565.525584315295,15713.813407405283,15918.161344047085,16179.33933693942,16247.639770633079,earthquake_m6_0,15828.657014465625,-114.84360706034204,-0.7255423309468884
Guaynabo,Metro,2030,77958.65425365859,78717.03832236632,80430.44963964491,81779.08111144089,83572.12285718217,85322.741412709,86254.8215087751,earthquake_m6_0,82207.01388751614,-427.9327760752494,-0.5205550668228746
Gurabo,East,2030,32444.525833374948,33074.44476405702,34311.81735087296,35524.906634741375,36897.532599781014,37852.21313935895,39255.53162321243,earthquake_m6_0,35783.39562553462,-258.48899079324474,-0.7223713297035175
Guánica,West,2030,10567.570600739216,10687.57917811013,10942.48785967796,11200.423286789672,11455.657957364941,11696.893637622401,11867.254445978782,earthquake_m6_0,11291.75443553799,-91.33114874831881,-0.8088304547332054
Hatillo,North,2030,34356.18659287554,34641.21886770059,35089.31275410825,35483.10553786869,35855.72181362754,36262.985210916435,36554.290413589806,earthquake_m6_0,35650.47867560583,-167.37313773714413,-0.4694835636293174
Hormigueros,West,2030,14040.950897296076,14091.980708983743,14218.177274415259,14346.590658605413,14484.056938758637,14626.776277071362,14679.274872095857,earthquake_m6_0,14419.760860874094,-73.17020226868044,-0.5074300674931237
Humacao,East,2030,43588.37492516018,43897.02230282375,44317.7692607793,44787.781641904396,45228.3151510811,45671.53646180783,45872.1194431,earthquake_m6_0,45058.902225087935,-271.12058318353957,-0.6017025932615482
Isabela,West,2030,37958.83538997063,38316.05113381507,38913.73379204792,39535.21443577206,40244.66494970375,41100.46431502984,41533.17643206425,earthquake_m6_0,39770.815603938216,-235.60116816615482,-0.5923971248475602
Jayuya,Central Mountains,2030,13114.170747483759,13228.733793393274,13353.148022746751,13583.513919506326,13825.73036284349,14096.795910941011,14192.268349034923,earthquake_m6_0,13652.669167884018,-69.15524837769226,-0.5065328070819313
Juana Díaz,South,2030,40215.63816567369,40592.54942129171,41212.56248788112,42083.47661482625,42735.133640809814,43273.20410814583,43494.30203771482,earthquake_m6_0,42441.56356739308,-358.0869525668313,-0.8437176259970347
Juncos,East,2030,31621.092406822085,31849.403398063903,32302.044852093117,32710.494470709215,33132.148249111095,33481.109070367034,33615.524823947104,earthquake_m6_0,32915.56698267581,-205.0725119665949,-0.6230259137706153
Lajas,West,2030,20729.679886588805,20863.411945102827,21186.121748141184,21540.76240259988,21979.252618149196,22253.766389872057,22512.122665022,earthquake_m6_0,21658.078603407055,-117.31620080717403,-0.541674092865832
Lares,Central Mountains,2030,23364.717834456664,23716.201568445675,24672.549388766187,25904.10649424282,26931.89866866426,27708.576312957033,28038.413893433786,earthquake_m6_0,26031.482171387048,-127.37567714422767,-0.48931396339865285
Las Marías,West,2030,7512.963456564514,7626.895132739946,7833.271890476446,8081.053801676616,8379.23506579627,8570.187554336528,8622.511589593281,earthquake_m6_0,8119.608022551693,-38.55422087507668,-0.4748285972425614
Las Piedras,East,2030,29888.89394640038,30037.49710650342,30398.898344360245,31006.65379017574,31487.1018632815,32096.04065041278,32358.12717477069,earthquake_m6_0,31198.15046721628,-191.49667704054082,-0.6138077872333164
Loíza,East,2030,19659.051385456045,19830.904197853957,20054.73574787296,20287.405895497206,20520.63497579849,20741.109164687376,20818.45900590629,earthquake_m6_0,20406.391241499055,-118.9853460018494,-0.583078823657351
Luquillo,East,2030,15190.71739022877,15267.663153993331,15447.951247192603,15609.0900402856,15830.784844726817,15997.91065158923,16107.554002884204,earthquake_m6_0,15705.058558458888,-95.96851817328752,-0.6110675602772458
Manatí,North,2030,34709.441001260326,34969.952103528296,35603.98570052115,36230.907216930544,36805.39088305304,37488.49785756158,37832.04100227115,earthquake_m6_0,36389.54838612415,-158.64116919360822,-0.4359525639348147
Maricao,West,2030,4395.429343067404,4489.691724756772,4599.578700455257,4707.3868202688,4863.141269175676,4949.090118054717,5036.754303626821,earthquake_m6_0,4741.686824509237,-34.300004240437374,-0.7233713551714249
Maunabo,East,2030,8917.827884948734,9001.835151477319,9102.043672249973,9223.263992823337,9366.528295308186,9498.338359930036,9570.643211043229,earthquake_m6_0,9275.139108953008,-51.87511612967137,-0.5592920550334163
Mayagüez,West,2030,64045.89889770009,64521.38055245968,65464.80272874804,66379.21676883576,67230.34974385408,68005.60073178993,68464.20713658762,earthquake_m6_0,66754.57850262358,-375.36173378782405,-0.56230110684179
Moca,West,2030,32660.435022105274,33079.66249700356,33845.844908682455,34454.17131658914,35183.81789694414,35986.58074191142,36379.62699707871,earthquake_m6_0,34658.9063596762,-204.73504308705742,-0.5907140893668122
Morovis,Central Mountains,2030,25392.520172461733,25660.155592641117,26038.808776742462,26450.730825601175,26834.038821379465,27267.164918090635,27553.400591226116,earthquake_m6_0,26579.612252060244,-128.8814264590692,-0.4848882866945484
Naguabo,East,2030,19023.858167913713,19571.024190770357,19980.387393023837,20598.551319208476,21021.820049085654,21426.318765302203,21739.230998431358,earthquake_m6_0,20723.070399456967,-124.51908024849035,-0.6008717716451578
Naranjito,Central Mountains,2030,25737.96196380992,26034.238932203963,26434.810430175643,26945.100461215174,27449.533348974248,27837.396017501473,28277.461903944168,earthquake_m6_0,27123.132363262972,-178.0319020477982,-0.6563840033791015
Orocovis,Central Mountains,2030,18939.853104262704,19048.70161167997,19312.468678906862,19617.65944926893,19970.587684860773,20302.965457453745,20391.36233395709,earthquake_m6_0,19718.946317461796,-101.28686819286668,-0.5136525378294362
Patillas,South,2030,13563.483438462597,13586.887649832102,13741.821023533897,13903.183299358168,14049.835870616971,14193.656881743804,14319.010980970337,earthquake_m6_0,14014.849465748914,-111.66616639074527,-0.7967703589228537
Peñuelas,South,2030,17241.245869642127,17380.056509920887,17748.354875340392,18107.700856423486,18613.842106583725,18985.23320175962,19236.215147802188,earthquake_m6_0,18262.70030517054,-154.99944874705398,-0.8487214166416042
Ponce,South,2030,115849.78145378915,116969.87185154035,118592.3915692106,120656.8967088297,123008.77830873893,124824.72741114299,126101.25849985276,earthquake_m6_0,121605.13860545706,-948.2418966273544,-0.7797712395229339
Quebradillas,North,2030,21078.17591475376,21219.408713563098,21445.567170561702,21711.687414143045,21967.385384735313,22180.6516359405,22282.79339129545,earthquake_m6_0,21803.341788760816,-91.65437461777037,-0.42036847152034446
Rincón,West,2030,13323.079764934995,13521.446672565715,13808.176318989546,14174.457781247882,14497.731731656972,14788.532814926819,15009.015435225874,earthquake_m6_0,14260.080064413814,-85.62228316593246,-0.6004333971420245
Río Grande,East,2030,39829.85075230928,40139.76177609036,40533.019898375635,41046.67221106072,41582.85646823625,41967.57315419962,42303.06670807287,earthquake_m6_0,41293.887098130544,-247.214887069822,-0.5986718723823263
Sabana Grande,West,2030,20368.618439566533,20490.12927215366,20727.175424378067,21028.946420806657,21412.444021336323,21690.90147404463,21854.850351285182,earthquake_m6_0,21148.917962671665,-119.97154186500848,-0.5672703543356736
Salinas,South,2030,21893.609301787586,22065.761832292137,22381.931375495507,22732.606117934025,23165.631795069883,23392.67943122787,23481.285124395832,earthquake_m6_0,22914.53450321169,-181.92838527766435,-0.7939431859380139
San Germán,West,2030,28011.547430854742,28272.567690509724,28697.232451239397,29286.08863184281,29764.760721767798,30281.53315742985,30610.513539356572,earthquake_m6_0,29445.83651869132,-159.74788684851228,-0.5425143440808998
San Juan,Metro,2030,292509.3829857438,297070.976373043,302509.2959150699,308519.557084122,315312.32268419326,321021.814109138,324744.75210318004,earthquake_m6_0,310183.1040920414,-1663.5470079194056,-0.5363112903228209
San Lorenzo,East,2030,31577.242928853044,31988.042924520716,32731.799915332893,33294.84549265944,33755.48706941239,34129.38813567345,34514.97045685994,earthquake_m6_0,33488.35607665528,-193.51058399583417,-0.5778443813511955
San Sebastián,West,2030,33755.125794625426,34371.98458231633,35210.53853854971,36174.016375146115,37157.4937020228,38137.061911260855,38714.70743152009,earthquake_m6_0,36428.33490160374,-254.3185264576241,-0.6981338212261463
Santa Isabel,South,2030,17320.64405813284,17455.890701098604,17766.574522552943,18030.88487311817,18390.35444328533,18618.19313962105,18872.937919573254,earthquake_m6_0,18182.450456683262,-151.5655835650905,-0.8335817217056134
Toa Alta,Metro,2030,58141.2613844639,58711.66169849594,59761.4108780371,60933.96952569006,62179.11624765207,63248.979744114535,63720.35907768569,earthquake_m6_0,61270.45141250856,-336.48188681850297,-0.5491748127545362
Toa Baja,Metro,2030,66083.55583568937,66265.54997912796,66825.86113175366,67780.59224280698,68588.39397788711,69089.08425213053,69708.71480504813,earthquake_m6_0,68057.10670806433,-276.5144652573508,-0.40629770883954675
Trujillo Alto,Metro,2030,59149.45237078143,59398.901372500826,60390.38160598236,61397.88696861557,62706.07598206151,63561.041577221346,63979.81870590036,earthquake_m6_0,61748.09173686209,-350.20476824651996,-0.5671507546158813
Utuado,Central Mountains,2030,24938.83908237519,25173.26102109551,25457.825919539246,25833.26343845866,26228.350685005495,26531.21187634462,26688.335722319352,earthquake_m6_0,25963.929482284104,-130.66604382544392,-0.5032598933632173
Vega Alta,North,2030,31553.700893318,31659.556776643276,32056.25935578871,32475.781444259126,32821.19578946136,33112.082458935394,33330.35675746261,earthquake_m6_0,32594.315803499536,-118.53435924040969,-0.3636657383913642
Vega Baja,North,2030,46450.08194491872,47300.83393707185,48652.68605228074,49697.88749605707,50868.52284066468,51787.05192266017,52556.95213361562,earthquake_m6_0,49963.2067624506,-265.3192663935333,-0.5310292985295965
Vieques,East,2030,7010.191557917552,7041.97264042851,7117.829051350009,7192.517997854882,7278.413630007624,7352.606749771184,7406.305963693672,earthquake_m6_0,7234.8927967295895,-42.37479887470727,-0.5857004390426086
Villalba,South,2030,18946.941064284405,19085.422459681035,19300.16013375992,19600.48685446433,19876.21317688148,20274.834232637175,20328.3192041554,earthquake_m6_0,19769.00328899523,-168.5164345309022,-0.8524275709170926
Yabucoa,East,2030,25164.58779961054,25376.979694269077,25737.57285581041,26197.32498837007,26561.408378339067,27002.01751738071,27316.111880105636,earthquake_m6_0,26354.908559677267,-157.58357130719742,-0.5979287347947723
Yauco,South,2030,29293.31693991219,29490.14594726773,29836.78618021913,30181.665024816986,30679.206108002152,31131.53790708664,31344.570027344897,earthquake_m6_0,30412.377634623408,-230.71260980642182,-0.7586141819565062
Adjuntas,Central Mountains,2030,16115.802258396723,16235.975405098014,16433.993924903763,16644.547944604466,16886.331804968584,17056.119225660466,17143.983121809935,earthquake_m6_5,16763.24403947364,-118.69609486917398,-0.7080735363016345
Aguada,West,2030,33560.8032475769,33822.84325659257,34277.212066961336,34717.621742448035,35182.66186546779,35638.442794129,35858.36637511013,earthquake_m6_5,35062.05450983974,-344.4327673917069,-0.9823519249137155
Aguadilla,West,2030,46759.26811231588,47504.36494450782,48814.51649884533,50001.08230131368,50858.786049396935,52228.06369458936,52784.59532614724,earthquake_m6_5,50400.442917010456,-399.3606156967726,-0.7923752105797188
Aguas Buenas,Central Mountains,2030,21252.854585931564,21400.673250748845,21683.9510282133,21894.899526413777,22116.331982576394,22307.474686032536,22466.537353589254,earthquake_m6_5,22080.670549273622,-185.77102285984438,-0.8413287198198589
Aibonito,Central Mountains,2030,21020.896636571226,21337.71722134567,21926.48324369535,22653.294082552427,23305.640009846327,23817.678619409886,24363.193632139315,earthquake_m6_5,22867.330605295763,-214.0365227433358,-0.935992602012619
Arecibo,North,2030,76230.9458735484,77123.1075789476,78561.57514068691,80047.76944480828,81715.77972247935,83106.5807541834,83964.30787324722,earthquake_m6_5,80689.11899703197,-641.3495522236917,-0.7948401967894616
Arroyo,South,2030,12926.087123397518,13073.4496712755,13324.589539130866,13615.842889198051,13936.943455525794,14238.88222266299,14356.545427549336,earthquake_m6_5,13806.294679763378,-190.45179056532652,-1.3794562189410737
Añasco,West,2030,22655.89675627918,22762.94359880754,22999.697457488553,23225.955070211443,23507.75728113561,23705.68719884441,23899.38052697399,earthquake_m6_5,23440.507747586067,-214.55267737462418,-0.9153072948973091
Barceloneta,North,2030,20102.887650674875,20233.126276382278,20508.545429940445,20770.02801551053,21072.694323812604,21356.07803563114,21565.687622565016,earthquake_m6_5,20925.354861224136,-155.32684571360733,-0.7422901391337298
Barranquitas,Central Mountains,2030,25619.6994485827,25993.57977969426,26381.831579766767,26844.099194295264,27197.01542104751,27602.77900543754,27920.73807052054,earthquake_m6_5,27084.886572337047,-240.7873780417831,-0.8890101031019622
Bayamón,Metro,2030,158209.8453048967,159032.3636423119,161962.11770798612,166934.6742872873,171626.6773758267,174887.6683215743,176069.0583337451,earthquake_m6_5,168400.82569344994,-1466.1514061626513,-0.8706319580828981
Cabo Rojo,West,2030,42178.331896243195,42526.58749157385,42873.970860326954,43303.69673030792,43763.26712281354,44004.916283343424,44348.266680141554,earthquake_m6_5,43726.58439435572,-422.88766404779744,-0.9671179899026925
Caguas,East,2030,107980.3812926644,108962.37065122648,110166.81456834548,111749.94694294796,113016.1806055239,114068.88808806227,114762.60298810295,earthquake_m6_5,112879.85262330543,-1129.905680357464,-1.000980825274555
Camuy,North,2030,28864.325440618693,29104.819902003946,29636.621980755597,30267.069522614358,30869.81732936684,31375.62073236067,31758.558453655856,earthquake_m6_5,30481.28791056414,-214.21838794978248,-0.7027865376893708
Canóvanas,East,2030,35293.85539131512,35657.57092527009,36339.5722951934,36981.84853353826,37587.21343235611,38252.16340278828,38537.56958825197,earthquake_m6_5,37361.72981237517,-379.8812788369105,-1.0167657673898278
Carolina,Metro,2030,133802.94258352686,134999.62205926704,136408.39039812126,138497.29181031635,141394.37738306634,143432.5726123402,145275.78087254136,earthquake_m6_5,139659.4564176036,-1162.164607287239,-0.8321417232301015
Cataño,Metro,2030,20159.020221922074,20244.262319293604,20454.46875086835,20674.724076658724,20892.631463328158,21053.295594043564,21178.818075471772,earthquake_m6_5,20851.2510626115,-176.52698595277616,-0.8466014121776497
Cayey,Central Mountains,2030,36781.27154841659,37050.434164033606,37347.7124174941,37791.732184466746,38136.20725930854,38481.75675018589,38797.61344385007,earthquake_m6_5,38102.48540123623,-310.7532167694808,-0.8155720381416338
Ceiba,East,2030,9451.256904862028,9516.009355907816,9645.824268572424,9822.091523352457,9949.243324467956,10130.310087898108,10200.870054278572,earthquake_m6_5,9919.294772083329,-97.20324873087156,-0.9799411244883911
Ciales,Central Mountains,2030,14879.025750753392,14949.350498633528,15202.730370269996,15518.6270676475,15850.570031009403,16108.03701517905,16389.67605809836,earthquake_m6_5,15674.525737195108,-155.89866954760873,-0.9945989573238989
Cidra,Central Mountains,2030,35171.079378812996,35500.14534567904,35965.2201337511,36495.86329112429,37147.59699472239,37519.68054236355,37777.704257329686,earthquake_m6_5,36839.569658490356,-343.70636736606684,-0.9329814939541602
Coamo,South,2030,28704.06969100165,29111.67613456967,29750.47879655043,30680.736018198702,31377.94562887198,32226.158473590214,32513.302043380234,earthquake_m6_5,31137.665417468073,-456.92939926937106,-1.4674491267833971
Comerío,Central Mountains,2030,16833.68877597418,16929.42293064,17079.349096197653,17304.652500444543,17434.941507810516,17606.093896203787,17695.170263738186,earthquake_m6_5,17444.721756530314,-140.06925608577149,-0.8029320160027058
Corozal,Central Mountains,2030,30274.227407719573,30594.660005349102,31165.966890727865,31787.34027647642,32322.07608332593,32844.009634706665,33018.18610064798,earthquake_m6_5,32083.23820941755,-295.8979329411268,-0.9222820059799027
Culebra,East,2030,1030.3626967983553,1058.8610690870285,1102.430909922387,1160.710538171426,1227.5991583384885,1278.6525002060882,1320.5439187292377,earthquake_m6_5,1173.1849954390273,-12.474457267601338,-1.0632983984706663
Dorado,North,2030,31987.756960561608,32423.06029778605,32731.193382002744,33070.2410457779,33363.8154220308,33706.81019661777,33884.00535957643,earthquake_m6_5,33340.7663419366,-270.525296158703,-0.8113949553056059
Fajardo,East,2030,26027.793989300604,26305.07235683308,26913.57975544248,27859.24820137896,28602.743367773375,29145.74454196426,29763.830868114455,earthquake_m6_5,28143.856192315958,-284.60799093699825,-1.0112615307304762
Florida,North,2030,10341.28545079408,10384.90712210118,10515.72747896257,10650.900851006092,10783.140044327225,10888.10221582259,10932.031218757278,earthquake_m6_5,10730.264902945726,-79.36405193963401,-0.739628076822657
Guayama,South,2030,29933.015792810213,30133.88955626616,30944.160511439444,31599.249862391767,32265.304613867687,32857.99377816204,33282.91214166345,earthquake_m6_5,32031.711450665498,-432.46158827373074,-1.3501045329401087
Guayanilla,South,2030,15197.717143817243,15279.359906350699,15485.840395237079,15636.1551798451,15834.414702365317,16092.517686931045,16161.440799707556,earthquake_m6_5,15828.657014465625,-192.5018346205252,-1.2161602493793378
Guaynabo,Metro,2030,77599.24408214254,78484.61841132738,80130.47683182819,81462.48974771336,83312.97889078355,85086.07678536652,85836.83889287159,earthquake_m6_5,82207.01388751614,-744.524139802772,-0.9056698505330755
Gurabo,East,2030,32280.84201051247,32926.50572741466,34145.16124161308,35354.92470195867,36724.05407800427,37747.088539165066,39092.05921692764,earthquake_m6_5,35783.39562553462,-428.470923575951,-1.197401521252497
Guánica,West,2030,10504.495422023989,10624.930036227737,10881.569747261326,11138.159437222346,11396.777495610173,11627.161438736604,11805.790117587108,earthquake_m6_5,11291.75443553799,-153.59499831564426,-1.3602403345953236
Hatillo,North,2030,34264.60716851853,34516.186651242504,34971.573025673424,35375.085469258236,35737.43669637348,36126.754894081896,36449.76274756345,earthquake_m6_5,35650.47867560583,-275.39320634759497,-0.7724810902357822
Hormigueros,West,2030,13991.510652072595,14040.402061409273,14155.340232888699,14291.40201489826,14432.761473574885,14557.08695856188,14645.721875779793,earthquake_m6_5,14419.760860874094,-128.3588459758339,-0.8901593252084838
Humacao,East,2030,43457.62705969744,43719.02734710558,44122.89024408067,44594.10039131677,45056.747572311106,45480.41788549959,45707.42975671431,earthquake_m6_5,45058.902225087935,-464.8018337711619,-1.031542738101527
Isabela,West,2030,37779.35628386124,38139.57055126627,38764.33459090293,39349.721535322926,40081.49989189296,40949.783555836446,41350.61119820837,earthquake_m6_5,39770.815603938216,-421.09406861528987,-1.0588016921976122
Jayuya,Central Mountains,2030,13064.802795015816,13184.719170723822,13300.526714627558,13527.570868856827,13770.717608676914,14035.175527480134,14146.395731167131,earthquake_m6_5,13652.669167884018,-125.09829902719139,-0.9162918802827766
Juana Díaz,South,2030,39980.0091255319,40360.89490006363,40980.16861716822,41846.717001712415,42490.919514063105,43028.9896201424,43237.73126764669,earthquake_m6_5,42441.56356739308,-594.8465656806657,-1.401566096253987
Juncos,East,2030,31469.585290554653,31719.40088751484,32155.818609643204,32568.440677711726,32996.19758227232,33356.93642921937,33497.248993408204,earthquake_m6_5,32915.56698267581,-347.12630496408383,-1.0545961585494914
Lajas,West,2030,20654.45071647997,20767.517278136776,21097.762035416676,21457.633666399102,21868.30902895937,22180.079596090585,22450.716324072237,earthquake_m6_5,21658.078603407055,-200.44493700795283,-0.925497319861147
Lares,Central Mountains,2030,23277.56229298398,23587.299485988773,24570.13738939064,25793.70632723051,26818.300098622603,27589.50192280912,27934.590160645366,earthquake_m6_5,26031.482171387048,-237.77584415653837,-0.9134164646909494
Las Marías,West,2030,7476.22438827301,7585.044561479276,7799.695197890029,8055.68495585102,8346.95737685671,8543.562053669848,8580.275493641542,earthquake_m6_5,8119.608022551693,-63.92306670067228,-0.7872678893258153
Las Piedras,East,2030,29761.643538104337,29913.19631580665,30290.11301598724,30875.407109491334,31355.05082145413,31978.883985475873,32221.603803420287,earthquake_m6_5,31198.15046721628,-322.7433577249467,-1.0344951636286666
Loíza,East,2030,19578.125536465082,19743.745561127947,19966.475833463846,20207.960182553274,20434.67185869455,20654.828284491807,20732.668196263774,earthquake_m6_5,20406.391241499055,-198.43105894578184,-0.9723966212225041
Luquillo,East,2030,15125.670168709219,15197.241339691032,15378.692808556374,15546.315862537798,15766.640723060962,15927.444871170639,16051.38943095759,earthquake_m6_5,15705.058558458888,-158.74269592108976,-1.0107743013513917
Manatí,North,2030,34576.66447694323,34881.04732989374,35496.27343355636,36107.71869990513,36691.740390877865,37356.64574085143,37717.66151364931,earthquake_m6_5,36389.54838612415,-281.82968621902546,-0.7744797578375309
Maricao,West,2030,4377.562892918155,4477.165603643488,4576.629215945569,4684.89244620862,4839.104662819733,4936.975144997873,5010.484430685522,earthquake_m6_5,4741.686824509237,-56.79437830061761,-1.1977673853754736
Maunabo,East,2030,8875.523361566753,8962.191114752257,9060.044439201662,9183.41857760175,9331.198732898614,9461.198860868353,9532.438224675461,earthquake_m6_5,9275.139108953008,-91.72053135125861,-0.9888857759850048
Mayagüez,West,2030,63802.88124600238,64305.10632562673,65165.85165324787,66091.95581650277,66999.5132908599,67705.37331493059,68166.78205818447,earthquake_m6_5,66754.57850262358,-662.6226861208124,-0.9926250767874597
Moca,West,2030,32653.465601633165,32924.66709703805,33710.96581417221,34339.884637466326,35058.68103793548,35813.1782399432,36186.49511870487,earthquake_m6_5,34658.9063596762,-319.0217222098727,-0.9204610177228141
Morovis,Central Mountains,2030,25307.03977594016,25567.784093662878,25934.659978783668,26372.001054644403,26725.86593931329,27146.018569192325,27452.431144241935,earthquake_m6_5,26579.612252060244,-207.61119741584116,-0.7810918964769652
Naguabo,East,2030,18939.778163982224,19476.19425881307,19909.556566883075,20511.868380569853,20930.928228851066,21356.05857955427,21641.503788813025,earthquake_m6_5,20723.070399456967,-211.2020188871138,-1.0191637378824336
Naranjito,Central Mountains,2030,25602.79970702904,25968.102937775453,26333.45282694337,26824.09737308249,27335.300800035722,27725.1185144173,28148.813244591016,earthquake_m6_5,27123.132363262972,-299.03499018048024,-1.1025090545423482
Orocovis,Central Mountains,2030,18870.607192095653,18976.098494681497,19219.90327743838,19550.97543866039,19898.3469685128,20221.08401133382,20333.651279588805,earthquake_m6_5,19718.946317461796,-167.9708788014068,-0.8518248191216125
Patillas,South,2030,13491.314560553665,13514.353361358868,13673.460253885034,13832.524752966863,13975.986083135756,14113.480356890386,14242.522970579008,earthquake_m6_5,14014.849465748914,-182.32471278205048,-1.3009395015453886
Peñuelas,South,2030,17137.76299433258,17284.775647712286,17649.347551219813,18000.704350481734,18521.8028347101,18886.403419268358,19128.538209739818,earthquake_m6_5,18262.70030517054,-261.9959546888058,-1.4345959267295727
Ponce,South,2030,115199.70425954027,116268.44214025734,117916.38825409225,120002.61088290635,122360.93672733105,124208.68607493163,125383.16957730423,earthquake_m6_5,121605.13860545706,-1602.5277225507161,-1.3178125044123772
Quebradillas,North,2030,21011.31995029426,21152.109045712685,21380.881904475777,21634.001008940202,21892.050942063423,22099.968719314886,22201.398894132264,earthquake_m6_5,21803.341788760816,-169.34077982061353,-0.7766735093237189
Rincón,West,2030,13260.176077052802,13469.303081992575,13745.991084552468,14120.64163443985,14429.605602047006,14739.217743703543,14946.731806005635,earthquake_m6_5,14260.080064413814,-139.43842997396496,-0.9778236120983296
Río Grande,East,2030,39662.342640831885,39969.8931327972,40370.00709838525,40893.521564700786,41407.707061266934,41805.0214114617,42125.87355970898,earthquake_m6_5,41293.887098130544,-400.3655334297582,-0.9695515766736418
Sabana Grande,West,2030,20276.392586788625,20415.480482551193,20637.53605269709,20977.52102181952,21323.199078897327,21632.61562659534,21762.010822867273,earthquake_m6_5,21148.917962671665,-171.39694085214433,-0.81042888886639
Salinas,South,2030,21791.903547365437,21957.405990487707,22259.25750747856,22603.03889796914,23034.535784229756,23257.722632320492,23358.420648224917,earthquake_m6_5,22914.53450321169,-311.49560524254775,-1.359380026676469
San Germán,West,2030,27851.826337265502,28112.721480058663,28552.88444445492,29152.868629692697,29663.8758311224,30184.223665544316,30487.79616277983,earthquake_m6_5,29445.83651869132,-292.9678889986244,-0.9949382447078972
San Juan,Metro,2030,291357.2487466763,295709.10410041094,301299.8124029106,307580.9875310721,313853.57523619,319929.3050247723,323720.95791246986,earthquake_m6_5,310183.1040920414,-2602.116560969269,-0.8388969375318188
San Lorenzo,East,2030,31435.491137321213,31871.1111758681,32599.384494620816,33143.37533553487,33606.38356741891,33991.166190051015,34360.10374659161,earthquake_m6_5,33488.35607665528,-344.9807411204092,-1.0301513168659098
San Sebastián,West,2030,33564.22960337923,34178.207302219525,35042.90230148409,36000.27231891881,36966.61089600861,37976.74830904917,38496.79617814382,earthquake_m6_5,36428.33490160374,-428.0625826849282,-1.1750813860725844
Santa Isabel,South,2030,17221.04748995606,17378.584044087384,17661.90446759801,17931.87423836152,18293.186801600947,18536.939799403324,18767.512573494372,earthquake_m6_5,18182.450456683262,-250.57621832174118,-1.3781212764401496
Toa Alta,Metro,2030,57970.5610620844,58545.00276663849,59496.211856888855,60714.4722634496,61978.891291825465,63012.78119517228,63510.03221315246,earthquake_m6_5,61270.45141250856,-555.9791490589632,-0.907418072238094
Toa Baja,Metro,2030,65889.87287390465,66117.50447328524,66612.86020207113,67516.10239454731,68322.24764915188,68865.36642551937,69424.98943151376,earthquake_m6_5,68057.10670806433,-541.0043135170126,-0.7949269954094407
Trujillo Alto,Metro,2030,58913.84063636579,59152.74948741167,60159.891323275246,61211.882653116285,62443.741076170954,63266.844790222596,63660.7442150961,earthquake_m6_5,61748.09173686209,-536.2090837458018,-0.8683816271292124
Utuado,Central Mountains,2030,24809.734178514755,25103.66433052099,25364.09649534911,25748.36321710472,26137.430509320395,26425.510746144206,26566.45426837317,earthquake_m6_5,25963.929482284104,-215.56626517938275,-0.8302528526218248
Vega Alta,North,2030,31432.523053971127,31556.426715168815,31961.76911520252,32375.76574213602,32699.388131218497,32998.392024661836,33270.55216952948,earthquake_m6_5,32594.315803499536,-218.55006136351585,-0.6705158736298766
Vega Baja,North,2030,46278.78553122609,47103.9224960131,48459.28637657431,49547.523695857715,50668.91012803513,51644.5098306802,52337.97647296356,earthquake_m6_5,49963.2067624506,-415.68306659288646,-0.831978356732077
Vieques,East,2030,6983.971541877678,7010.52052092274,7087.395932183077,7160.885830417925,7246.015336261491,7322.244747015364,7374.140923254907,earthquake_m6_5,7234.8927967295895,-74.00696631166466,-1.0229172482710214
Villalba,South,2030,18850.525678398597,18986.829270921044,19200.809533369473,19497.94097984194,19767.326670831564,20147.690330166937,20217.617934219714,earthquake_m6_5,19769.00328899523,-271.0623091532907,-1.3711480806125536
Yabucoa,East,2030,25049.499100202447,25272.545865414002,25616.91309388956,26085.746784062096,26464.118279231454,26893.98301271146,27197.92714968152,earthquake_m6_5,26354.908559677267,-269.1617756151718,-1.0212965641891336
Yauco,South,2030,29129.919645255406,29341.83063253944,29684.39347038234,30019.713102841008,30513.041686107943,30947.764321460978,31187.232263932445,earthquake_m6_5,30412.377634623408,-392.66453178240045,-1.2911339471707923
Adjuntas,Central Mountains,2030,16044.02714727095,16170.65379445484,16371.512434676997,16593.043358319504,16829.32214293367,16984.15803570299,17084.63870471972,earthquake_m6_8,16763.24403947364,-170.20068115413596,-1.0153206667716101
Aguada,West,2030,33436.13749974987,33674.86884828665,34181.827893154186,34574.260799954354,35020.80248118947,35452.64522600483,35746.037068077094,earthquake_m6_8,35062.05450983974,-487.7937098853872,-1.3912296832134974
Aguadilla,West,2030,46529.55460896161,47282.86381389059,48566.40999353731,49758.67269738547,50606.86569270371,51961.49639567664,52679.62582511596,earthquake_m6_8,50400.442917010456,-641.7702196249884,-1.2733424201881112
Aguas Buenas,Central Mountains,2030,21157.784312538035,21305.627168457184,21607.4597568252,21810.490182648144,22042.039806373607,22251.159390272813,22364.435366158898,earthquake_m6_8,22080.670549273622,-270.1803666254782,-1.2236058050074308
Aibonito,Central Mountains,2030,20910.51870688432,21237.168205176382,21806.78553791608,22536.34520006142,23205.386905870648,23755.48779555876,24273.809669973947,earthquake_m6_8,22867.330605295763,-330.9854052343435,-1.4474160143453376
Arecibo,North,2030,75946.3715465512,76806.53379219263,78270.69746303579,79793.01044629561,81432.31622910491,82824.86904538088,83665.88348016844,earthquake_m6_8,80689.11899703197,-896.1085507363605,-1.1105692587489058
Arroyo,South,2030,12849.50082430297,12999.160741712927,13254.993926491907,13548.002214431803,13857.621418653767,14157.800444129374,14284.374833133452,earthquake_m6_8,13806.294679763378,-258.29246533157493,-1.8708311775364896
Añasco,West,2030,22537.86127443919,22690.665294889823,22896.221190464013,23118.259061489003,23416.358846015675,23605.695581025815,23821.16929277505,earthquake_m6_8,23440.507747586067,-322.2486860970639,-1.3747513047376265
Barceloneta,North,2030,20043.695539037195,20158.593598074716,20450.479682703513,20695.50480997631,20993.716450156975,21317.632319678578,21494.002486647663,earthquake_m6_8,20925.354861224136,-229.850051247824,-1.0984284509016817
Barranquitas,Central Mountains,2030,25510.888481457223,25865.60515602484,26279.8720722675,26727.185575254007,27102.71305937416,27542.037499396505,27807.674217560496,earthquake_m6_8,27084.886572337047,-357.7009970830404,-1.3206664023779806
Bayamón,Metro,2030,157472.35840754726,158354.17609138743,161618.16684275237,166201.21978444437,170986.068529154,174138.3325467579,176091.6315031936,earthquake_m6_8,168400.82569344994,-2199.605909005564,-1.3061728764974336
Cabo Rojo,West,2030,42002.42745623595,42327.779779333934,42697.998476138375,43115.771122648555,43590.439332946116,43888.266019637886,44145.57692811882,earthquake_m6_8,43726.58439435572,-610.813271707164,-1.3968922571185516
Caguas,East,2030,107515.83424488157,108474.28445616609,109736.24040614485,111272.57609450899,112588.89408303128,113618.89708719419,114362.55676976049,earthquake_m6_8,112879.85262330543,-1607.276528796443,-1.4238825542766531
Camuy,North,2030,28781.0786212354,29037.921547460657,29570.79005670306,30157.509337358955,30791.279052609927,31277.15742492384,31644.314556846388,earthquake_m6_8,30481.28791056414,-323.77857320518524,-1.0622207767440521
Canóvanas,East,2030,35135.53596298839,35491.633515522306,36187.73422431383,36809.29849683398,37434.45495628203,38080.57557716248,38353.84219804953,earthquake_m6_8,37361.72981237517,-552.4313155411874,-1.4786020837777374
Carolina,Metro,2030,133209.00122217156,134406.05564001904,135829.46580807184,137968.3268012169,140982.03678648837,142955.4743945696,144611.12452917398,earthquake_m6_8,139659.4564176036,-1691.1296163866937,-1.210895172991331
Cataño,Metro,2030,20080.4724862749,20178.48376922581,20394.388263510475,20612.200676428933,20831.907116792594,20985.436774801095,21107.300398914897,earthquake_m6_8,20851.2510626115,-239.0503861825673,-1.146455843175808
Cayey,Central Mountains,2030,36595.71361124163,36873.85097587134,37195.75043014561,37645.5754871098,38006.4197499608,38355.13923668708,38645.38321581698,earthquake_m6_8,38102.48540123623,-456.90991412642325,-1.1991603941710294
Ceiba,East,2030,9411.113877947664,9473.927652806111,9602.740325819714,9782.408061847746,9910.02379083425,10091.82218975344,10159.693922250575,earthquake_m6_8,9919.294772083329,-136.88671023558345,-1.3800044598012629
Ciales,Central Mountains,2030,14818.615204042544,14889.33126480471,15134.300077138902,15460.529618393404,15800.252444366146,16037.449554456256,16349.822459699095,earthquake_m6_8,15674.525737195108,-213.99611880170414,-1.3652478064704614
Cidra,Central Mountains,2030,35005.0553862782,35329.86621857102,35799.63885008099,36345.21420308035,36994.16532778622,37382.24760497032,37629.329828847265,earthquake_m6_8,36839.569658490356,-494.35545541000465,-1.3419143057119598
Coamo,South,2030,28543.9149841281,28948.336392345274,29583.21459187891,30496.117793911322,31197.085305422035,32041.732422339996,32340.550872240732,earthquake_m6_8,31137.665417468073,-641.5476235567512,-2.0603587807737385
Comerío,Central Mountains,2030,16768.912470087642,16860.95205733751,17006.06221301601,17230.187063693418,17364.42264436558,17529.43429217318,17649.27060992492,earthquake_m6_8,17444.721756530314,-214.53469283689628,-1.229797160602958
Corozal,Central Mountains,2030,30187.550403880345,30461.98409738104,31013.332593512434,31649.670502812198,32201.782698818064,32718.509761692396,32901.00810922443,earthquake_m6_8,32083.23820941755,-433.5677066053504,-1.3513838714637076
Culebra,East,2030,1025.1764603168356,1053.7505156092075,1097.0644674984742,1155.372095359145,1221.8871699722483,1272.6649019050365,1314.9314355919914,earthquake_m6_8,1173.1849954390273,-17.812900079882183,-1.5183368479083106
Dorado,North,2030,31882.53592543419,32294.79751444906,32627.158210205176,32957.59412059792,33270.05213911271,33625.28201082254,33784.41449280552,earthquake_m6_8,33340.7663419366,-383.172221338682,-1.1492603901450258
Fajardo,East,2030,25906.36486358101,26188.34658028445,26783.37087904671,27747.851168251662,28468.400665272868,29011.235341233914,29619.42191161143,earthquake_m6_8,28143.856192315958,-396.00502406429587,-1.4070745009435348
Florida,North,2030,10297.050862347052,10351.743065953557,10476.997468129564,10616.744754432999,10755.566770821555,10848.069717101956,10897.847503112936,earthquake_m6_8,10730.264902945726,-113.52014851272725,-1.0579435786488656
Guayama,South,2030,29747.898256937715,29951.842879111548,30781.947535357733,31427.344303932798,32072.436721175905,32691.291230374365,33087.59841966315,earthquake_m6_8,32031.711450665498,-604.3671467327003,-1.8867775693582052
Guayanilla,South,2030,15108.66937750497,15190.556551740028,15399.084030205053,15556.12140398676,15744.4479748326,16012.016645407906,16081.690494067901,earthquake_m6_8,15828.657014465625,-272.53561047886615,-1.7217860632762403
Guaynabo,Metro,2030,77299.91245933749,78159.61282054945,79922.5177699888,81124.2379614338,83051.54084225094,84856.89455271073,85623.69193004548,earthquake_m6_8,82207.01388751614,-1082.7759260823368,-1.3171332650081407
Gurabo,East,2030,32104.283566045026,32768.62835179206,33977.27914704888,35188.166554329946,36551.47319307747,37656.3513910667,38948.227708099854,earthquake_m6_8,35783.39562553462,-595.2290712046743,-1.6634225478029414
Guánica,West,2030,10439.380022961028,10561.33287717489,10807.08082219605,11070.937120414392,11329.672997972883,11565.700760382819,11748.470112402614,earthquake_m6_8,11291.75443553799,-220.81731512359875,-1.955562498141397
Hatillo,North,2030,34146.30439350467,34414.47153537281,34859.003067754034,35280.997471514005,35624.35896483056,36051.27258058827,36322.19573016034,earthquake_m6_8,35650.47867560583,-369.48120409182593,-1.0363989988853834
Hormigueros,West,2030,13935.87379984795,13976.276006795488,14098.394227380379,14234.853903872385,14374.04328683115,14505.053022126252,14564.820609297138,earthquake_m6_8,14419.760860874094,-184.9069570017091,-1.282316390581948
Humacao,East,2030,43289.32148483218,43525.17617991374,43924.60592100764,44401.52079516357,44857.31898408449,45286.704043509075,45586.66742793835,earthquake_m6_8,45058.902225087935,-657.3814299243677,-1.458937962226586
Isabela,West,2030,37591.70528432854,37968.94828561895,38606.8698576545,39201.582037735585,39870.73760137116,40741.6513058615,41138.761774237784,earthquake_m6_8,39770.815603938216,-569.2335662026308,-1.4312846180259469
Jayuya,Central Mountains,2030,13000.236678109155,13124.795912881376,13243.680161927969,13472.576717398964,13727.86163732033,13983.99081616736,14081.975708512491,earthquake_m6_8,13652.669167884018,-180.09245048505363,-1.319100670136326
Juana Díaz,South,2030,39769.88454072572,40136.78678117156,40765.70611496776,41611.259245598005,42239.7402013438,42803.15533797741,43008.55887801494,earthquake_m6_8,42441.56356739308,-830.3043217950762,-1.956347155958648
Juncos,East,2030,31320.49188968538,31577.692946280953,32016.2453208262,32429.65420445895,32868.80405944801,33217.28610793806,33388.14729009784,earthquake_m6_8,32915.56698267581,-485.912778216858,-1.4762400370396311
Lajas,West,2030,20556.127211005645,20708.347606346557,21009.76045045725,21364.372386205243,21781.02272021358,22113.03299253022,22375.77981365577,earthquake_m6_8,21658.078603407055,-293.70621720181225,-1.3561046784436779
Lares,Central Mountains,2030,23168.88789256393,23461.142417022096,24499.11717452541,25678.375561696572,26683.545016656517,27474.364970219103,27819.07012475655,earthquake_m6_8,26031.482171387048,-353.10660969047603,-1.3564598718032246
Las Marías,West,2030,7457.648637310373,7551.841126779333,7755.831300357072,8019.891432825691,8315.506701416823,8504.926669268114,8552.178237929447,earthquake_m6_8,8119.608022551693,-99.71658972600198,-1.228096103273034
Las Piedras,East,2030,29619.767572747427,29775.693030947103,30169.74710932425,30728.852138343584,31218.57327476402,31854.99072490393,32081.011898875207,earthquake_m6_8,31198.15046721628,-469.2983288726973,-1.5042504823029383
Loíza,East,2030,19483.747572897384,19653.159238454504,19873.30208694147,20113.669325610987,20346.647750794775,20563.353366713258,20635.48978830446,earthquake_m6_8,20406.391241499055,-292.7219158880689,-1.4344619409863157
Luquillo,East,2030,15052.196391648304,15127.107617295238,15311.969120809892,15480.110312375587,15705.42126690108,15854.407119573634,15985.518633183545,earthquake_m6_8,15705.058558458888,-224.94824608330055,-1.4323298779560512
Manatí,North,2030,34473.990079708026,34759.936872657636,35382.50423849442,35997.14762750255,36556.21838784586,37267.68368440714,37588.88332544603,earthquake_m6_8,36389.54838612415,-392.400758621603,-1.0783336865242081
Maricao,West,2030,4361.0028837765,4458.68925287028,4555.556085768499,4665.362090942244,4813.411553243886,4913.69904327033,4988.081335919456,earthquake_m6_8,4741.686824509237,-76.32473356699302,-1.6096536188868313
Maunabo,East,2030,8836.806005101273,8922.37120246911,9016.337958567643,9143.627567784553,9288.310138549905,9422.240115716426,9490.083328515944,earthquake_m6_8,9275.139108953008,-131.51154116845464,-1.4178929245547442
Mayagüez,West,2030,63559.951581788686,64036.21514444465,64910.02166921984,65871.50017842767,66742.89496101174,67591.83768734046,67814.35328403345,earthquake_m6_8,66754.57850262358,-883.0783241959143,-1.3228730433242233
Moca,West,2030,32537.28450153016,32768.37696269057,33572.20762972487,34203.865645573154,34877.73418221377,35628.84366799154,36011.60368434035,earthquake_m6_8,34658.9063596762,-455.0407141030446,-1.3129113463097046
Morovis,Central Mountains,2030,25219.214455684392,25463.128498568938,25835.367258907234,26261.20458370649,26622.625201702525,27046.519934495398,27323.002761218933,earthquake_m6_8,26579.612252060244,-318.40766835375325,-1.1979394783273138
Naguabo,East,2030,18852.85595015363,19384.69218551758,19830.63967495854,20417.826637400518,20838.877324581037,21276.916102828287,21559.553880106032,earthquake_m6_8,20723.070399456967,-305.24376205644876,-1.4729659079112498
Naranjito,Central Mountains,2030,25471.63160428542,25833.60236010316,26231.012357351978,26724.102527785348,27240.775858745033,27627.718074763,28010.224855271383,earthquake_m6_8,27123.132363262972,-399.02983547762415,-1.471179029521279
Orocovis,Central Mountains,2030,18783.512377626983,18892.834103588015,19137.752109992423,19457.45956223572,19821.976195555893,20137.74947575031,20259.557234297303,earthquake_m6_8,19718.946317461796,-261.48675522607664,-1.3260685992867745
Patillas,South,2030,13410.641226806083,13435.88911926019,13600.721768510162,13759.414489623781,13898.714009168343,14042.826989430325,14163.590846018269,earthquake_m6_8,14014.849465748914,-255.43497612513238,-1.8226023529499442
Peñuelas,South,2030,17037.247555388894,17187.616953960438,17548.804247271295,17893.113843983367,18419.936793515357,18789.919985542256,19031.186770973847,earthquake_m6_8,18262.70030517054,-369.586461187173,-2.0237229709263507
Ponce,South,2030,114680.66522466099,115604.32949385038,117221.67032587572,119301.40085265215,121753.54779763546,123483.97269771977,124624.85264261381,earthquake_m6_8,121605.13860545706,-2303.737752804911,-1.8944411224917843
Quebradillas,North,2030,20939.010033346523,21072.45462595902,21313.16230349527,21573.653981966665,21848.171718946087,22035.380180703338,22148.336254698275,earthquake_m6_8,21803.341788760816,-229.68780679415067,-1.053452305703661
Rincón,West,2030,13196.015194818288,13412.296766519576,13674.61921482011,14065.928107129595,14353.798924106017,14706.639444703656,14896.448212070633,earthquake_m6_8,14260.080064413814,-194.15195728421895,-1.3615067826212792
Río Grande,East,2030,39490.52980917889,39809.72604728454,40202.07991641821,40710.141383551396,41237.36407147186,41630.50849008816,41943.65175138479,earthquake_m6_8,41293.887098130544,-583.7457145791486,-1.4136371158083008
Sabana Grande,West,2030,20164.32949030751,20325.69151004448,20549.168003631923,20890.623963383652,21246.72667407488,21548.541380303148,21657.03077510143,earthquake_m6_8,21148.917962671665,-258.29399928801286,-1.221310706031901
Salinas,South,2030,21674.205700766033,21843.088446610007,22134.496876732686,22479.850897233562,22895.6305791022,23152.427371067286,23237.808631101823,earthquake_m6_8,22914.53450321169,-434.68360597812716,-1.8969776842606256
San Germán,West,2030,27709.091927418744,27988.090892195334,28426.436126637862,29014.393753503475,29560.0705274806,30047.745674130034,30436.977801427645,earthquake_m6_8,29445.83651869132,-431.4427651878468,-1.4652080436362542
San Juan,Metro,2030,290846.2264082078,294291.0399362172,300079.37722968543,306104.75935155223,312354.6953753554,318794.47342583543,322425.2721287047,earthquake_m6_8,310183.1040920414,-4078.3447404891485,-1.3148184690546432
San Lorenzo,East,2030,31300.732449622028,31741.9352326813,32445.979781782207,32998.167620001725,33460.441887702385,33857.849374770005,34202.13143317033,earthquake_m6_8,33488.35607665528,-490.18845665355184,-1.4637578970180087
San Sebastián,West,2030,33370.59796823083,34061.737139120836,34869.6470822393,35834.48115834409,36790.715242364444,37805.10598084107,38270.3188224356,earthquake_m6_8,36428.33490160374,-593.8537432596495,-1.630197330906567
Santa Isabel,South,2030,17122.200181988206,17282.004524508407,17577.639044737854,17834.673083463495,18193.333623802442,18430.817055682233,18665.135246554153,earthquake_m6_8,18182.450456683262,-347.77737321976747,-1.9127090380270284
Toa Alta,Metro,2030,57690.64069104468,58268.92058420667,59266.83484895031,60475.03986735534,61788.97922905474,62736.04204415975,63317.862719725126,earthquake_m6_8,61270.45141250856,-795.4115451532198,-1.2981976251456733
Toa Baja,Metro,2030,65664.46288431488,65867.89748362066,66375.9050105233,67290.05784874619,68096.62566865297,68548.59685169287,69217.06222830567,earthquake_m6_8,68057.10670806433,-767.0488593181362,-1.1270665128455217
Trujillo Alto,Metro,2030,58715.05939164956,58901.74609702482,59926.02876264225,60966.560688299214,62200.640529544515,62992.23177589353,63396.607552788715,earthquake_m6_8,61748.09173686209,-781.5310485628725,-1.2656764388660737
Utuado,Central Mountains,2030,24686.644588158408,25033.682552466027,25268.889264753987,25631.470588452936,26082.458173541243,26354.46884054854,26490.692334523763,earthquake_m6_8,25963.929482284104,-332.4588938311681,-1.2804644769121478
Vega Alta,North,2030,31319.731871795175,31451.0994992022,31831.918733293085,32270.865868063436,32587.27597131134,32885.34319792439,33150.07343646955,earthquake_m6_8,32594.315803499536,-323.4499354360996,-0.992350744179057
Vega Baja,North,2030,46066.15257506731,46921.251552907495,48247.21221091203,49334.1635027152,50467.84926870516,51415.74588380167,52147.56562673797,earthquake_m6_8,49963.2067624506,-629.0432597354011,-1.259012982745841
Vieques,East,2030,6952.8625320518095,6978.989132381767,7054.497257486846,7129.397732035509,7213.409805582198,7293.53934169962,7343.107722614516,earthquake_m6_8,7234.8927967295895,-105.49506469408061,-1.458142748732474
Villalba,South,2030,18732.645445273745,18888.10118445504,19088.831325833624,19392.193501105176,19662.920146588236,20019.083189014626,20097.83990028949,earthquake_m6_8,19769.00328899523,-376.8097878900553,-1.9060636612864201
Yabucoa,East,2030,24932.62088026398,25171.802472245792,25502.004264521165,25973.75687134112,26357.70387923619,26796.770909444327,27080.954203626105,earthquake_m6_8,26354.908559677267,-381.15168833614734,-1.4462265633480718
Yauco,South,2030,28951.944485834953,29200.401152448456,29542.726791521378,29860.78175507469,30350.73435754167,30810.855690299,31020.104182839197,earthquake_m6_8,30412.377634623408,-551.5958795487168,-1.8137216569372876
Adjuntas,Central Mountains,2030,15973.485848372888,16108.086998062192,16300.377583073026,16521.5869693299,16765.351016898792,16945.345941060168,17013.536738090523,earthquake_m7_2,16763.24403947364,-241.6570701437413,-1.4415889285790606
Aguada,West,2030,33289.69817850108,33517.17093132635,34039.99770400227,34439.20425227702,34920.83278903832,35295.590116234445,35604.49603064399,earthquake_m7_2,35062.05450983974,-622.8502575627208,-1.776422592087196
Aguadilla,West,2030,46294.15387598574,47028.18420968134,48299.06963064986,49519.696753833094,50402.20813760683,51749.057299617816,52393.47826624792,earthquake_m7_2,50400.442917010456,-880.7461631773622,-1.7474968714612327
Aguas Buenas,Central Mountains,2030,21083.41892924279,21219.601999949544,21507.93102234358,21740.671171075886,21962.337761166076,22185.0402128298,22279.452705453947,earthquake_m7_2,22080.670549273622,-339.9993781977355,-1.5398054938549877
Aibonito,Central Mountains,2030,20794.818473479132,21135.141981405428,21709.8220601018,22424.658126051516,23098.98716456321,23652.84035098744,24174.004766358237,earthquake_m7_2,22867.330605295763,-442.67247924424737,-1.9358292705215467
Arecibo,North,2030,75705.7794179487,76456.47633611922,77953.60673410096,79553.94819100428,81118.43558119284,82573.75293365862,83396.91999701758,earthquake_m7_2,80689.11899703197,-1135.170806027687,-1.4068449626639776
Arroyo,South,2030,12773.0438369245,12917.359072916497,13185.364344844491,13476.350980322615,13782.082680499978,14075.468363822023,14209.746440118004,earthquake_m7_2,13806.294679763378,-329.94369944076243,-2.389806295561535
Añasco,West,2030,22414.133826023062,22573.804228190602,22806.842465225538,23003.416963186028,23312.653949448537,23503.38347075525,23738.048263939356,earthquake_m7_2,23440.507747586067,-437.0907844000394,-1.8646813844936936
Barceloneta,North,2030,19973.285740323776,20095.708450483646,20384.37035048197,20621.858917389836,20909.42688388793,21253.965480300798,21404.59733472764,earthquake_m7_2,20925.354861224136,-303.4959438342994,-1.45037417930099
Barranquitas,Central Mountains,2030,25391.666648163526,25737.925094233844,26161.764979913332,26620.830437318546,27003.07758315031,27421.715624084613,27675.174953484344,earthquake_m7_2,27084.886572337047,-464.05613501850166,-1.713339776332909
Bayamón,Metro,2030,156708.26850842987,157806.14474234162,160952.40113598472,165583.81901104806,170416.20317318977,173693.41575935352,175456.47799029556,earthquake_m7_2,168400.82569344994,-2817.0066824018722,-1.6727986165161906
Cabo Rojo,West,2030,41844.25281958218,42126.16913615591,42493.479278730316,42921.776054751055,43418.90086253316,43678.455010325444,43953.00087296035,earthquake_m7_2,43726.58439435572,-804.8083396046641,-1.8405470053328696
Caguas,East,2030,107052.80268439754,107971.57410382156,109257.46739626225,110790.92012905073,112087.85633319874,113125.71184639177,113931.51730820416,earthquake_m7_2,112879.85262330543,-2088.9324942546955,-1.8505804585214436
Camuy,North,2030,28682.896209567047,28914.095419921054,29475.873568454208,30060.234769274546,30681.652943493817,31188.046132057276,31529.531292218548,earthquake_m7_2,30481.28791056414,-421.05314128959435,-1.381349575926766
Canóvanas,East,2030,34963.76599500821,35323.254370603885,36020.76808777403,36646.01920317822,37273.887989861454,37925.03938857591,38215.45252681062,earthquake_m7_2,37361.72981237517,-715.7106091969472,-1.9156249263380878
Carolina,Metro,2030,132656.3933020425,133804.40755415516,135300.7765793073,137417.46852460835,140428.54020548734,142524.9259204912,144002.8280942349,earthquake_m7_2,139659.4564176036,-2241.9878929952392,-1.6053248025621303
Cataño,Metro,2030,19995.811047696578,20087.130353183584,20314.25346572938,20538.076563704668,20743.959123345943,20905.17470470731,21030.41722393045,earthquake_m7_2,20851.2510626115,-313.174498906832,-1.5019458447190588
Cayey,Central Mountains,2030,36420.804488702895,36707.28142258872,37035.07192571548,37483.0667776418,37847.2932331937,38184.599896603504,38489.34470756806,earthquake_m7_2,38102.48540123623,-619.4186235944289,-1.6256646176008562
Ceiba,East,2030,9366.309298492077,9437.597346984803,9560.278771007572,9747.341052257598,9870.272607267614,10044.16978179516,10119.637928780714,earthquake_m7_2,9919.294772083329,-171.95371982573124,-1.7335276728510425
Ciales,Central Mountains,2030,14762.2403932492,14811.088588092553,15071.690210688717,15394.957470494279,15735.32272460041,15973.49394000308,16296.67783209196,earthquake_m7_2,15674.525737195108,-279.56826670082955,-1.7835835762317434
Cidra,Central Mountains,2030,34879.6705205174,35140.8245432653,35640.88705230203,36178.56688301275,36808.15072617699,37241.66971637394,37473.63913267912,earthquake_m7_2,36839.569658490356,-661.0027754776092,-1.7942738788895407
Coamo,South,2030,28384.367283321764,28792.600581954463,29439.139850404834,30310.78523085716,31021.241388366027,31849.766932401664,32166.174857097492,earthquake_m7_2,31137.665417468073,-826.8801866109134,-2.6555625655449355
Comerío,Central Mountains,2030,16700.782954373884,16788.01224851402,16937.651366702958,17160.986627309998,17295.103046059317,17470.20942955959,17586.562998920555,earthquake_m7_2,17444.721756530314,-283.7351292203166,-1.6264812542172091
Corozal,Central Mountains,2030,30039.185610562396,30320.305004231726,30911.560670740462,31519.77914775873,32083.200683300554,32610.190940062956,32789.10891528411,earthquake_m7_2,32083.23820941755,-563.4590616588175,-1.7562412434210666
Culebra,East,2030,1020.2269016966211,1048.6275600514205,1091.816667390327,1150.1015068207503,1215.995586982852,1266.6235746665122,1308.7736112894172,earthquake_m7_2,1173.1849954390273,-23.083488618276988,-1.9675915314309593
Dorado,North,2030,31792.5727552522,32165.208026340457,32499.088056425466,32841.78740831213,33172.83735350961,33509.72931652239,33704.56998981464,earthquake_m7_2,33340.7663419366,-498.9789336244721,-1.496603072967905
Fajardo,East,2030,25785.091618537805,26071.595231625688,26660.507618602634,27625.705143554493,28353.45998560473,28887.407317544665,29461.33037568543,earthquake_m7_2,28143.856192315958,-518.1510487614651,-1.841080501622711
Florida,North,2030,10267.924319738378,10314.548291935815,10443.732211526893,10582.073594777996,10713.89471515801,10808.728073656708,10866.456756921,earthquake_m7_2,10730.264902945726,-148.1913081677303,-1.381059177085629
Guayama,South,2030,29560.365085952755,29767.215948521447,30600.22313879194,31230.531402438755,31892.862101285755,32497.11538461962,32939.82402614655,earthquake_m7_2,32031.711450665498,-801.1800482267427,-2.5012089955315115
Guayanilla,South,2030,15016.101436690116,15110.140548582334,15311.115399471902,15474.042850254978,15655.578116968836,15935.74267977649,16007.544152745206,earthquake_m7_2,15828.657014465625,-354.6141642106468,-2.2403300790873732
Guaynabo,Metro,2030,76952.07761330821,77841.78044038231,79598.00590969506,80860.27348178586,82719.08416865807,84555.74809532122,85446.35166497246,earthquake_m7_2,82207.01388751614,-1346.7404057302774,-1.6382305378139905
Gurabo,East,2030,31946.4727293059,32610.39699064531,33813.87179343368,35016.013458037414,36373.65776516008,37518.26428790711,38759.80065432175,earthquake_m7_2,35783.39562553462,-767.382167497206,-2.14452025606427
Guánica,West,2030,10377.356107444946,10498.59000210214,10740.483322235632,11003.01553831583,11266.212272963956,11505.464434625528,11690.793363012224,earthquake_m7_2,11291.75443553799,-288.7388972221597,-2.5570773688934096
Hatillo,North,2030,34034.963655008745,34299.93875810153,34744.82809445452,35170.75588090651,35510.03437751606,35928.37112467648,36236.25410274787,earthquake_m7_2,35650.47867560583,-479.72279469932255,-1.345627920074962
Hormigueros,West,2030,13876.718738850128,13910.80775144822,14024.649902140554,14176.253380137621,14313.574750878603,14443.682474070034,14496.755169923857,earthquake_m7_2,14419.760860874094,-243.50748073647264,-1.6887067898413939
Humacao,East,2030,43090.921916467174,43325.358515182015,43725.50648505919,44206.41527275582,44662.16089212329,45104.23738593963,45409.45558205078,earthquake_m7_2,45058.902225087935,-852.4869523321177,-1.8919390181180873
Isabela,West,2030,37398.476612874016,37782.36519089074,38460.5600992375,39013.76133871281,39707.40155905454,40538.3663683396,41006.08978779943,earthquake_m7_2,39770.815603938216,-757.054265225408,-1.9035422174003453
Jayuya,Central Mountains,2030,12936.530047566655,13077.10408778325,13187.728439389335,13421.182687418532,13670.428935096517,13927.788047619026,14041.3552615168,earthquake_m7_2,13652.669167884018,-231.48648046548624,-1.6955401000269281
Juana Díaz,South,2030,39541.67388111163,39928.73908917784,40552.43173107178,41363.99432494305,42010.190781780286,42562.05106547144,42784.08068032408,earthquake_m7_2,42441.56356739308,-1077.5692424500303,-2.53894803083528
Juncos,East,2030,31174.73803087357,31439.60918491734,31879.785205524364,32292.75071214021,32710.714228262757,33075.35378725488,33238.18436850182,earthquake_m7_2,32915.56698267581,-622.8162705356008,-1.8921632760067684
Lajas,West,2030,20448.75721354174,20638.41293587845,20912.242826066875,21265.101560146577,21689.47026736086,22016.405033997195,22349.137224973823,earthquake_m7_2,21658.078603407055,-392.97704326047824,-1.8144594008383486
Lares,Central Mountains,2030,23044.688703625197,23336.432831495527,24417.43392558725,25565.005876067436,26544.953987323745,27330.67388551508,27707.140954599305,earthquake_m7_2,26031.482171387048,-466.4762953196114,-1.7919697858477948
Las Marías,West,2030,7413.2845320173155,7516.268030213327,7718.583922586777,7981.088619150285,8271.93304780729,8477.414216677911,8542.105120108794,earthquake_m7_2,8119.608022551693,-138.51940340140754,-1.7059863359989638
Las Piedras,East,2030,29474.73810775859,29635.293925296915,30035.63136768911,30587.507503863686,31074.51733602679,31717.69108608582,31936.712578975737,earthquake_m7_2,31198.15046721628,-610.642963352595,-1.957305013943927
Loíza,East,2030,19390.82744658594,19562.33729486817,19784.183648454527,20031.800092772908,20260.50380349376,20481.88168857835,20547.926922786726,earthquake_m7_2,20406.391241499055,-374.59114872614737,-1.8356560172401648
Luquillo,East,2030,14978.671684542609,15060.732750694464,15244.379541123422,15414.248682639707,15640.830257170217,15789.493422781763,15919.094651819469,earthquake_m7_2,15705.058558458888,-290.8098758191809,-1.851695584175635
Manatí,North,2030,34353.96868733154,34617.62790344937,35257.24361092883,35869.59338920507,36457.7544821543,37194.09528521747,37484.334176392964,earthquake_m7_2,36389.54838612415,-519.9549969190848,-1.428858064963925
Maricao,West,2030,4352.709101716678,4450.830976680074,4534.828490541521,4644.814345229925,4794.039631124161,4887.182575608153,4964.064963647898,earthquake_m7_2,4741.686824509237,-96.87247927931276,-2.042996150201021
Maunabo,East,2030,8796.747976151719,8885.929176109374,8973.046307146118,9101.368699446015,9244.722922589983,9386.883154524288,9447.0615148724,earthquake_m7_2,9275.139108953008,-173.77040950699302,-1.8735073131060402
Mayagüez,West,2030,63335.455354134654,63826.53781844112,64635.42578186624,65628.13224250599,66472.37004808357,67370.61674448982,67621.48079035258,earthquake_m7_2,66754.57850262358,-1126.446260117591,-1.6874441954169772
Moca,West,2030,32368.361635929537,32692.860126944328,33425.66168044969,34057.99183659983,34750.09675958742,35469.226284696866,35871.71035556284,earthquake_m7_2,34658.9063596762,-600.9145230763679,-1.7337953968896727
Morovis,Central Mountains,2030,25105.57339822435,25356.362109982965,25719.553447033373,26163.336857481183,26515.637925790983,26958.45489003123,27222.396029035546,earthquake_m7_2,26579.612252060244,-416.27539457906096,-1.5661454750785333
Naguabo,East,2030,18772.550413893565,19295.691926513526,19754.601017811307,20329.91179265571,20755.702230716983,21191.567807449563,21491.169201455683,earthquake_m7_2,20723.070399456967,-393.15860680125843,-1.8972024860348922
Naranjito,Central Mountains,2030,25332.091329656254,25692.893644857984,26114.382306951582,26603.87128576364,27123.927342298546,27528.434518399266,27921.301393193695,earthquake_m7_2,27123.132363262972,-519.2610774993336,-1.9144583691323527
Orocovis,Central Mountains,2030,18712.930363215797,18811.775402524625,19063.724523364785,19384.106035220124,19763.820528848584,20050.411118921376,20191.148487863607,earthquake_m7_2,19718.946317461796,-334.84028224167196,-1.6980637649241914
Patillas,South,2030,13332.731756978093,13360.9203320062,13521.595268025329,13685.226428436943,13826.139320258075,13971.499292317656,14087.364392154552,earthquake_m7_2,14014.849465748914,-329.6230373119706,-2.3519556033587157
Peñuelas,South,2030,16942.649035759452,17083.891914307278,17442.021432067533,17796.967126965814,18310.076205560843,18694.461591744963,18933.672772469658,earthquake_m7_2,18262.70030517054,-465.73317820472585,-2.5501879263323803
Ponce,South,2030,114052.22489011133,114930.14343633498,116545.09043849086,118619.25660206788,121071.26921375544,122759.65717314041,124038.91173137148,earthquake_m7_2,121605.13860545706,-2985.8820033891825,-2.455391307991314
Quebradillas,North,2030,20845.169808196435,21007.23345995176,21255.11630280094,21512.428141802884,21765.396567850927,21958.491473205824,22098.584593633295,earthquake_m7_2,21803.341788760816,-290.91364695793163,-1.334261737381431
Rincón,West,2030,13119.247592843976,13349.40567301061,13594.01007489964,14002.329251223517,14298.457935671287,14659.079089739133,14836.194618617505,earthquake_m7_2,14260.080064413814,-257.7508131902978,-1.8074990604962853
Río Grande,East,2030,39308.179955957865,39640.15909298592,40025.02250754037,40520.3505904448,41072.34766787951,41452.69591471346,41756.69097848206,earthquake_m7_2,41293.887098130544,-773.5365076857415,-1.8732470155873533
Sabana Grande,West,2030,20067.861062001695,20230.53224074078,20468.11002697883,20788.828524117223,21153.948642433294,21460.700629025334,21570.76695549226,earthquake_m7_2,21148.917962671665,-360.0894385544416,-1.7026376441102464
Salinas,South,2030,21546.378165567738,21723.939947239553,22019.903565398017,22353.878432667687,22756.978352529495,23033.83943779611,23122.90233228824,earthquake_m7_2,22914.53450321169,-560.6560705440024,-2.4467268600434418
San Germán,West,2030,27613.212030445535,27859.797396279828,28312.46604746597,28885.991487685445,29432.406714927816,29931.59178503457,30292.59527077342,earthquake_m7_2,29445.83651869132,-559.8450310058761,-1.901270594403061
San Juan,Metro,2030,289450.77957138594,293009.58246013225,298632.037444709,304912.7224953909,311233.83622489416,317515.33478791243,321150.7938309377,earthquake_m7_2,310183.1040920414,-5270.381596650463,-1.6991194965559986
San Lorenzo,East,2030,31157.570191007973,31598.097858545992,32300.786899500556,32853.398554722175,33307.41587080791,33721.44830305579,34079.67671606378,earthquake_m7_2,33488.35607665528,-634.9575219331018,-1.8960546181475015
San Sebastián,West,2030,33193.23343506211,33872.87098275612,34689.113164466966,35672.6980360741,36602.46766924146,37616.76731060557,38182.21856796172,earthquake_m7_2,36428.33490160374,-755.6368655296392,-2.0743107462108368
Santa Isabel,South,2030,17024.863558050045,17176.341739844735,17478.125964035316,17743.66286210151,18094.96488299784,18327.126046228317,18557.7331337938,earthquake_m7_2,18182.450456683262,-438.78759458175045,-2.4132478492219227
Toa Alta,Metro,2030,57415.95313973887,58029.05703855461,59027.471474181635,60238.31245801273,61601.75479750481,62509.10242182984,63019.964898084,earthquake_m7_2,61270.45141250856,-1032.1389544958292,-1.6845623472673072
Toa Baja,Metro,2030,65381.39150455942,65592.97633041415,66139.47186932508,67063.75740517321,67903.16505727539,68338.13989531237,69083.68452220982,earthquake_m7_2,68057.10670806433,-993.349302891118,-1.4595820347640676
Trujillo Alto,Metro,2030,58454.87130111833,58647.05898554951,59692.140270582306,60775.50522697183,62028.00888937801,62700.78446116599,63185.49644097182,earthquake_m7_2,61748.09173686209,-972.5865098902577,-1.5750875574178231
Utuado,Central Mountains,2030,24596.64709916174,24933.100512111363,25191.23670508596,25543.764124689616,25982.991430414553,26252.265101273217,26385.572159855004,earthquake_m7_2,25963.929482284104,-420.16535759448743,-1.618265670769048
Vega Alta,North,2030,31191.967655558426,31363.472596209394,31733.12355031211,32155.973981196854,32492.851000953524,32812.85466256686,33030.25127377137,earthquake_m7_2,32594.315803499536,-438.341822302682,-1.3448413059053037
Vega Baja,North,2030,45926.86631784148,46728.07773788435,48044.92046483161,49119.22502921334,50290.587061658094,51226.861512507625,51949.46551303795,earthquake_m7_2,49963.2067624506,-843.9817332372622,-1.6892064939905922
Vieques,East,2030,6922.552440614474,6948.0658892994625,7022.657947167196,7097.183070654708,7181.898629405105,7264.888611741213,7312.825037896249,earthquake_m7_2,7234.8927967295895,-137.70972607488147,-1.9034107338415687
Villalba,South,2030,18612.641016621426,18778.516838059088,18984.39706872886,19285.270612025393,19559.78608510336,19895.786822611473,19991.003952814768,earthquake_m7_2,19769.00328899523,-483.7326769698375,-2.446924965808043
Yabucoa,East,2030,24821.304201854982,25048.047573349166,25393.900990987866,25857.36488635014,26254.044660488762,26700.673931586833,26949.192848289436,earthquake_m7_2,26354.908559677267,-497.5436733271272,-1.8878596076343963
Yauco,South,2030,28785.092280239533,29031.046594546395,29391.77932093964,29710.706273583593,30203.11660904112,30645.84918417914,30842.142312507563,earthquake_m7_2,30412.377634623408,-701.6713610398147,-2.3071900838196444
Adjuntas,Central Mountains,2030,15973.485848372888,16108.086998062192,16300.377583073026,16521.5869693299,16765.351016898792,16945.345941060168,17013.536738090523,earthquake_m7_5,16763.24403947364,-241.6570701437413,-1.4415889285790606
Aguada,West,2030,33289.69817850108,33517.17093132635,34039.99770400227,34439.20425227702,34920.83278903832,35295.590116234445,35604.49603064399,earthquake_m7_5,35062.05450983974,-622.8502575627208,-1.776422592087196
Aguadilla,West,2030,46294.153875985736,47028.18420968134,48299.06963064986,49519.696753833094,50402.20813760683,51749.057299617816,52393.47826624793,earthquake_m7_5,50400.442917010456,-880.7461631773622,-1.7474968714612327
Aguas Buenas,Central Mountains,2030,21083.41892924279,21219.601999949544,21507.93102234358,21740.671171075886,21962.337761166076,22185.0402128298,22279.452705453947,earthquake_m7_5,22080.670549273622,-339.9993781977355,-1.5398054938549877
Aibonito,Central Mountains,2030,20794.818473479132,21135.141981405428,21709.8220601018,22424.658126051516,23098.98716456321,23652.84035098744,24174.004766358237,earthquake_m7_5,22867.330605295763,-442.67247924424737,-1.9358292705215467
Arecibo,North,2030,75705.7794179487,76456.47633611922,77953.60673410096,79553.94819100428,81118.43558119284,82573.75293365862,83396.91999701758,earthquake_m7_5,80689.11899703197,-1135.170806027687,-1.4068449626639776
Arroyo,South,2030,12773.0438369245,12917.359072916497,13185.364344844491,13476.350980322615,13782.082680499976,14075.468363822023,14209.746440118004,earthquake_m7_5,13806.294679763378,-329.94369944076243,-2.389806295561535
Añasco,West,2030,22414.133826023062,22573.804228190602,22806.842465225538,23003.416963186028,23312.653949448537,23503.38347075525,23738.048263939356,earthquake_m7_5,23440.507747586067,-437.0907844000394,-1.8646813844936936
Barceloneta,North,2030,19973.285740323776,20095.708450483646,20384.37035048197,20621.858917389836,20909.42688388793,21253.965480300798,21404.59733472764,earthquake_m7_5,20925.354861224136,-303.4959438342994,-1.45037417930099
Barranquitas,Central Mountains,2030,25391.66664816353,25737.925094233844,26161.76497991333,26620.830437318546,27003.07758315031,27421.715624084613,27675.174953484344,earthquake_m7_5,27084.886572337047,-464.05613501850166,-1.713339776332909
Bayamón,Metro,2030,156708.26850842987,157806.14474234162,160952.40113598472,165583.81901104806,170416.20317318977,173693.41575935352,175456.47799029556,earthquake_m7_5,168400.82569344994,-2817.0066824018722,-1.6727986165161906
Cabo Rojo,West,2030,41844.25281958218,42126.16913615591,42493.479278730316,42921.776054751055,43418.90086253316,43678.455010325444,43953.00087296035,earthquake_m7_5,43726.58439435572,-804.8083396046641,-1.8405470053328696
Caguas,East,2030,107052.80268439754,107971.57410382156,109257.46739626225,110790.92012905073,112087.85633319874,113125.71184639177,113931.51730820416,earthquake_m7_5,112879.85262330543,-2088.9324942546955,-1.8505804585214436
Camuy,North,2030,28682.896209567047,28914.095419921054,29475.873568454208,30060.234769274546,30681.652943493817,31188.046132057276,31529.531292218548,earthquake_m7_5,30481.28791056414,-421.05314128959435,-1.381349575926766
Canóvanas,East,2030,34963.76599500821,35323.254370603885,36020.76808777403,36646.01920317822,37273.887989861454,37925.03938857591,38215.45252681062,earthquake_m7_5,37361.72981237517,-715.7106091969472,-1.9156249263380878
Carolina,Metro,2030,132656.3933020425,133804.40755415516,135300.7765793073,137417.46852460835,140428.54020548734,142524.9259204912,144002.8280942349,earthquake_m7_5,139659.4564176036,-2241.9878929952392,-1.6053248025621303
Cataño,Metro,2030,19995.811047696578,20087.130353183584,20314.25346572938,20538.076563704668,20743.959123345936,20905.17470470731,21030.41722393045,earthquake_m7_5,20851.2510626115,-313.174498906832,-1.5019458447190588
Cayey,Central Mountains,2030,36420.804488702895,36707.28142258872,37035.07192571548,37483.0667776418,37847.2932331937,38184.599896603504,38489.34470756806,earthquake_m7_5,38102.48540123623,-619.4186235944289,-1.6256646176008562
Ceiba,East,2030,9366.309298492077,9437.597346984803,9560.278771007572,9747.341052257598,9870.272607267614,10044.16978179516,10119.637928780716,earthquake_m7_5,9919.294772083329,-171.95371982573124,-1.7335276728510425
Ciales,Central Mountains,2030,14762.2403932492,14811.088588092553,15071.690210688717,15394.957470494282,15735.32272460041,15973.49394000308,16296.67783209196,earthquake_m7_5,15674.525737195108,-279.5682667008259,-1.7835835762317203
Cidra,Central Mountains,2030,34879.6705205174,35140.8245432653,35640.88705230203,36178.56688301275,36808.150726176995,37241.66971637394,37473.63913267912,earthquake_m7_5,36839.569658490356,-661.0027754776092,-1.7942738788895407
Coamo,South,2030,28384.367283321764,28792.600581954463,29439.13985040483,30310.78523085716,31021.241388366027,31849.766932401664,32166.17485709749,earthquake_m7_5,31137.665417468073,-826.8801866109134,-2.6555625655449355
Comerío,Central Mountains,2030,16700.782954373884,16788.01224851402,16937.651366702958,17160.986627309998,17295.103046059314,17470.20942955959,17586.562998920555,earthquake_m7_5,17444.721756530314,-283.7351292203166,-1.6264812542172091
Corozal,Central Mountains,2030,30039.185610562396,30320.305004231726,30911.560670740462,31519.77914775873,32083.200683300554,32610.190940062963,32789.10891528411,earthquake_m7_5,32083.23820941755,-563.4590616588175,-1.7562412434210666
Culebra,East,2030,1020.2269016966211,1048.6275600514205,1091.816667390327,1150.1015068207503,1215.995586982852,1266.6235746665122,1308.7736112894172,earthquake_m7_5,1173.1849954390273,-23.083488618276988,-1.9675915314309593
Dorado,North,2030,31792.5727552522,32165.208026340457,32499.088056425466,32841.78740831213,33172.83735350961,33509.72931652239,33704.56998981464,earthquake_m7_5,33340.7663419366,-498.9789336244721,-1.496603072967905
Fajardo,East,2030,25785.091618537805,26071.595231625688,26660.507618602634,27625.705143554493,28353.45998560473,28887.407317544665,29461.33037568543,earthquake_m7_5,28143.856192315958,-518.1510487614651,-1.841080501622711
Florida,North,2030,10267.924319738378,10314.548291935815,10443.732211526894,10582.073594777996,10713.89471515801,10808.728073656708,10866.456756921,earthquake_m7_5,10730.264902945726,-148.1913081677303,-1.381059177085629
Guayama,South,2030,29560.365085952755,29767.215948521447,30600.22313879194,31230.531402438755,31892.862101285755,32497.115384619614,32939.82402614655,earthquake_m7_5,32031.711450665498,-801.1800482267427,-2.5012089955315115
Guayanilla,South,2030,15016.101436690116,15110.140548582334,15311.115399471902,15474.042850254978,15655.578116968836,15935.74267977649,16007.544152745206,earthquake_m7_5,15828.657014465625,-354.6141642106468,-2.2403300790873732
Guaynabo,Metro,2030,76952.07761330821,77841.78044038231,79598.00590969506,80860.27348178586,82719.08416865807,84555.74809532122,85446.35166497246,earthquake_m7_5,82207.01388751614,-1346.7404057302774,-1.6382305378139905
Gurabo,East,2030,31946.4727293059,32610.39699064531,33813.87179343368,35016.013458037414,36373.65776516008,37518.26428790711,38759.80065432175,earthquake_m7_5,35783.39562553462,-767.382167497206,-2.14452025606427
Guánica,West,2030,10377.356107444946,10498.59000210214,10740.483322235632,11003.01553831583,11266.212272963956,11505.464434625528,11690.793363012222,earthquake_m7_5,11291.75443553799,-288.7388972221597,-2.5570773688934096
Hatillo,North,2030,34034.963655008745,34299.93875810153,34744.82809445452,35170.75588090651,35510.03437751606,35928.37112467648,36236.25410274787,earthquake_m7_5,35650.47867560583,-479.72279469932255,-1.345627920074962
Hormigueros,West,2030,13876.718738850126,13910.80775144822,14024.649902140554,14176.253380137621,14313.574750878603,14443.682474070032,14496.755169923857,earthquake_m7_5,14419.760860874094,-243.50748073647264,-1.6887067898413939
Humacao,East,2030,43090.921916467174,43325.358515182015,43725.50648505919,44206.41527275582,44662.16089212329,45104.237385939625,45409.45558205078,earthquake_m7_5,45058.902225087935,-852.4869523321177,-1.8919390181180873
Isabela,West,2030,37398.476612874016,37782.36519089074,38460.5600992375,39013.76133871281,39707.40155905454,40538.3663683396,41006.08978779943,earthquake_m7_5,39770.815603938216,-757.054265225408,-1.9035422174003453
Jayuya,Central Mountains,2030,12936.530047566655,13077.10408778325,13187.728439389335,13421.182687418534,13670.428935096515,13927.788047619026,14041.3552615168,earthquake_m7_5,13652.669167884018,-231.48648046548442,-1.6955401000269148
Juana Díaz,South,2030,39541.67388111163,39928.73908917784,40552.431731071774,41363.99432494305,42010.190781780286,42562.05106547144,42784.08068032408,earthquake_m7_5,42441.56356739308,-1077.5692424500303,-2.53894803083528
Juncos,East,2030,31174.73803087357,31439.60918491734,31879.785205524367,32292.75071214021,32710.714228262757,33075.35378725488,33238.18436850182,earthquake_m7_5,32915.56698267581,-622.8162705356008,-1.8921632760067684
Lajas,West,2030,20448.75721354174,20638.412935878445,20912.242826066875,21265.101560146577,21689.47026736086,22016.405033997195,22349.137224973823,earthquake_m7_5,21658.078603407055,-392.97704326047824,-1.8144594008383486
Lares,Central Mountains,2030,23044.688703625197,23336.432831495527,24417.43392558725,25565.005876067436,26544.953987323745,27330.673885515083,27707.140954599305,earthquake_m7_5,26031.482171387048,-466.4762953196114,-1.7919697858477948
Las Marías,West,2030,7413.2845320173155,7516.268030213327,7718.583922586777,7981.088619150283,8271.93304780729,8477.414216677911,8542.105120108796,earthquake_m7_5,8119.608022551693,-138.51940340140936,-1.7059863359989862
Las Piedras,East,2030,29474.73810775859,29635.29392529692,30035.63136768911,30587.507503863686,31074.517336026787,31717.69108608582,31936.712578975737,earthquake_m7_5,31198.15046721628,-610.642963352595,-1.957305013943927
Loíza,East,2030,19390.82744658594,19562.33729486817,19784.183648454527,20031.800092772908,20260.50380349376,20481.88168857835,20547.926922786726,earthquake_m7_5,20406.391241499055,-374.59114872614737,-1.8356560172401648
Luquillo,East,2030,14978.67168454261,15060.732750694466,15244.379541123422,15414.248682639707,15640.830257170217,15789.493422781763,15919.094651819469,earthquake_m7_5,15705.058558458888,-290.8098758191809,-1.851695584175635
Manatí,North,2030,34353.96868733154,34617.62790344937,35257.24361092883,35869.59338920507,36457.7544821543,37194.09528521747,37484.334176392964,earthquake_m7_5,36389.54838612415,-519.9549969190848,-1.428858064963925
Maricao,West,2030,4352.709101716678,4450.830976680074,4534.828490541521,4644.814345229925,4794.039631124161,4887.182575608153,4964.064963647898,earthquake_m7_5,4741.686824509237,-96.87247927931276,-2.042996150201021
Maunabo,East,2030,8796.747976151719,8885.929176109374,8973.046307146118,9101.368699446015,9244.722922589981,9386.883154524288,9447.0615148724,earthquake_m7_5,9275.139108953008,-173.77040950699302,-1.8735073131060402
Mayagüez,West,2030,63335.455354134654,63826.53781844112,64635.42578186624,65628.13224250599,66472.37004808357,67370.61674448982,67621.48079035258,earthquake_m7_5,66754.57850262358,-1126.446260117591,-1.6874441954169772
Moca,West,2030,32368.361635929537,32692.860126944328,33425.66168044969,34057.99183659983,34750.09675958741,35469.226284696866,35871.71035556284,earthquake_m7_5,34658.9063596762,-600.9145230763679,-1.7337953968896727
Morovis,Central Mountains,2030,25105.573398224355,25356.362109982965,25719.553447033373,26163.336857481183,26515.637925790983,26958.45489003123,27222.396029035546,earthquake_m7_5,26579.612252060244,-416.27539457906096,-1.5661454750785333
Naguabo,East,2030,18772.550413893565,19295.691926513526,19754.601017811307,20329.91179265571,20755.702230716983,21191.56780744956,21491.169201455683,earthquake_m7_5,20723.070399456967,-393.15860680125843,-1.8972024860348922
Naranjito,Central Mountains,2030,25332.091329656254,25692.89364485798,26114.382306951582,26603.87128576364,27123.927342298546,27528.434518399266,27921.301393193695,earthquake_m7_5,27123.132363262972,-519.2610774993336,-1.9144583691323527
Orocovis,Central Mountains,2030,18712.930363215797,18811.775402524625,19063.724523364785,19384.106035220124,19763.820528848584,20050.411118921376,20191.148487863604,earthquake_m7_5,19718.946317461796,-334.84028224167196,-1.6980637649241914
Patillas,South,2030,13332.731756978093,13360.9203320062,13521.595268025329,13685.226428436943,13826.139320258075,13971.499292317656,14087.364392154552,earthquake_m7_5,14014.849465748914,-329.6230373119706,-2.3519556033587157
Peñuelas,South,2030,16942.649035759452,17083.891914307278,17442.021432067533,17796.967126965814,18310.076205560843,18694.461591744963,18933.672772469658,earthquake_m7_5,18262.70030517054,-465.73317820472585,-2.5501879263323803
Ponce,South,2030,114052.22489011132,114930.14343633498,116545.09043849086,118619.25660206788,121071.26921375544,122759.65717314041,124038.91173137151,earthquake_m7_5,121605.13860545706,-2985.8820033891825,-2.455391307991314
Quebradillas,North,2030,20845.169808196435,21007.23345995176,21255.11630280094,21512.428141802884,21765.396567850927,21958.491473205824,22098.584593633295,earthquake_m7_5,21803.341788760816,-290.91364695793163,-1.334261737381431
Rincón,West,2030,13119.247592843974,13349.405673010611,13594.01007489964,14002.329251223517,14298.457935671287,14659.079089739133,14836.194618617505,earthquake_m7_5,14260.080064413814,-257.7508131902978,-1.8074990604962853
Río Grande,East,2030,39308.17995595787,39640.15909298592,40025.02250754038,40520.3505904448,41072.34766787951,41452.69591471346,41756.69097848206,earthquake_m7_5,41293.887098130544,-773.5365076857415,-1.8732470155873533
Sabana Grande,West,2030,20067.861062001695,20230.53224074078,20468.11002697883,20788.828524117223,21153.948642433294,21460.700629025334,21570.76695549226,earthquake_m7_5,21148.917962671665,-360.0894385544416,-1.7026376441102464
Salinas,South,2030,21546.378165567738,21723.939947239553,22019.903565398017,22353.878432667687,22756.978352529495,23033.83943779611,23122.902332288242,earthquake_m7_5,22914.53450321169,-560.6560705440024,-2.4467268600434418
San Germán,West,2030,27613.212030445535,27859.797396279828,28312.46604746597,28885.991487685445,29432.406714927816,29931.59178503457,30292.59527077342,earthquake_m7_5,29445.83651869132,-559.8450310058761,-1.901270594403061
San Juan,Metro,2030,289450.77957138594,293009.58246013225,298632.037444709,304912.7224953909,311233.83622489416,317515.33478791243,321150.7938309377,earthquake_m7_5,310183.1040920414,-5270.381596650463,-1.6991194965559986
San Lorenzo,East,2030,31157.57019100798,31598.097858545992,32300.786899500556,32853.398554722175,33307.41587080792,33721.44830305579,34079.67671606378,earthquake_m7_5,33488.35607665528,-634.9575219331018,-1.8960546181475015
San Sebastián,West,2030,33193.23343506211,33872.87098275612,34689.113164466966,35672.6980360741,36602.46766924146,37616.76731060557,38182.21856796172,earthquake_m7_5,36428.33490160374,-755.6368655296392,-2.0743107462108368
Santa Isabel,South,2030,17024.863558050045,17176.341739844735,17478.125964035316,17743.66286210151,18094.96488299784,18327.126046228317,18557.7331337938,earthquake_m7_5,18182.450456683262,-438.78759458175045,-2.4132478492219227
Toa Alta,Metro,2030,57415.95313973887,58029.05703855461,59027.471474181635,60238.31245801273,61601.75479750481,62509.10242182984,63019.964898084,earthquake_m7_5,61270.45141250856,-1032.1389544958292,-1.6845623472673072
Toa Baja,Metro,2030,65381.39150455942,65592.97633041415,66139.47186932508,67063.75740517321,67903.16505727539,68338.13989531237,69083.6845222098,earthquake_m7_5,68057.10670806433,-993.349302891118,-1.4595820347640676
Trujillo Alto,Metro,2030,58454.87130111833,58647.05898554952,59692.140270582306,60775.50522697183,62028.00888937801,62700.78446116599,63185.49644097182,earthquake_m7_5,61748.09173686209,-972.5865098902577,-1.5750875574178231
Utuado,Central Mountains,2030,24596.64709916174,24933.100512111363,25191.23670508596,25543.764124689616,25982.991430414553,26252.265101273217,26385.572159855004,earthquake_m7_5,25963.929482284104,-420.16535759448743,-1.618265670769048
Vega Alta,North,2030,31191.967655558426,31363.472596209394,31733.12355031211,32155.97398119686,32492.851000953524,32812.85466256686,33030.25127377137,earthquake_m7_5,32594.315803499536,-438.3418223026747,-1.3448413059052815
Vega Baja,North,2030,45926.86631784148,46728.07773788435,48044.92046483161,49119.22502921334,50290.587061658094,51226.861512507625,51949.46551303795,earthquake_m7_5,49963.2067624506,-843.9817332372622,-1.6892064939905922
Vieques,East,2030,6922.552440614475,6948.0658892994625,7022.657947167196,7097.183070654709,7181.898629405104,7264.888611741213,7312.825037896249,earthquake_m7_5,7234.8927967295895,-137.70972607488056,-1.9034107338415562
Villalba,South,2030,18612.641016621426,18778.516838059088,18984.39706872886,19285.270612025393,19559.78608510336,19895.786822611473,19991.003952814768,earthquake_m7_5,19769.00328899523,-483.7326769698375,-2.446924965808043
Yabucoa,East,2030,24821.304201854982,25048.047573349166,25393.900990987866,25857.36488635014,26254.044660488762,26700.673931586833,26949.192848289436,earthquake_m7_5,26354.908559677267,-497.5436733271272,-1.8878596076343963
Yauco,South,2030,28785.092280239533,29031.046594546395,29391.77932093964,29710.706273583593,30203.11660904112,30645.84918417914,30842.142312507563,earthquake_m7_5,30412.377634623408,-701.6713610398147,-2.3071900838196444
